"date_time","actual","forecast","lo80","hi80","lo95","hi95"
"2018-04-19 13:00:00",5110,4956.78901336192,4513.97095195315,5399.6070747707,4279.55723010846,5634.02079661539
"2018-04-19 14:00:00",5444,5443.24819270871,4867.43902900672,6019.0573564107,4562.62407022602,6323.8723151914
"2018-04-19 15:00:00",6188,5810.20011428177,5215.88559363884,6404.5146349247,4901.27449063405,6719.12573792948
"2018-04-19 16:00:00",6851,5813.21853584176,5217.27197714832,6409.1650945352,4901.79692538681,6724.64014629672
"2018-04-19 17:00:00",6368,5541.13065896412,4943.46787961893,6138.79343830931,4627.08431552347,6455.17700240477
"2018-04-19 18:00:00",4978,4880.28381404266,4280.08144040722,5480.4861876781,3962.35349630237,5798.21413178295
"2018-04-19 19:00:00",3676,3926.63636387159,3323.74108636228,4529.5316413809,3004.58760505681,4848.68512268636
"2018-04-19 20:00:00",3471,3082.88544972631,2477.36477124579,3688.40612820683,2156.82148661786,4008.94941283477
"2018-04-19 21:00:00",3451,2516.40481248146,1908.29575997294,3124.51386498997,1586.38227290227,3446.42735206064
"2018-04-19 22:00:00",2148,2153.18084887373,1542.49411759637,2763.86758015109,1219.21608981117,3087.14560793629
"2018-04-19 23:00:00",1273,1765.97904580446,1152.7230334404,2379.23505816852,828.084910405052,2703.87318120386
"2018-04-20 00:00:00",712,1253.15090811514,637.335899541789,1868.9659166885,311.343125741526,2194.95869048876
"2018-04-20 01:00:00",417,595.05500334398,-23.308266763652,1213.41827345161,-350.65000873514,1540.7600154231
"2018-04-20 02:00:00",322,-12.2842496698959,-633.185255233645,608.616755893853,-961.870393207168,937.301893867376
"2018-04-20 03:00:00",393,193.020115389796,-430.408296257995,816.448527037586,-760.431362194277,1146.47159297387
"2018-04-20 04:00:00",830,1139.31004066947,513.364421431163,1765.25565990777,182.008826288483,2096.61125505045
"2018-04-20 05:00:00",2691,2773.61527740349,2145.16253177759,3402.06802302939,1812.47974409497,3734.75081071201
"2018-04-20 06:00:00",5492,4526.63385999316,3895.68395053556,5157.58376945076,3561.67924417152,5491.58847581479
"2018-04-20 07:00:00",6626,5426.05487093738,4792.61764217878,6059.49209969598,4457.29622851308,6394.81351336167
"2018-04-20 08:00:00",6126,5311.09813645964,4675.18331723279,5947.0129556865,4338.5503463984,6283.64592652089
"2018-04-20 09:00:00",5141,4934.59101220907,4296.20821805734,5572.9738063608,3958.26878021544,5910.9132442027
"2018-04-20 10:00:00",4670,4600.86051919607,3960.01925458405,5241.70178380808,3620.77838109427,5580.94265729786
"2018-04-20 11:00:00",5200,4559.64097975061,3916.35064017695,5202.93131932427,3575.81330471584,5543.46865478538
"2018-04-20 12:00:00",5433,4755.47719832437,4109.74707238362,5401.20732426511,3767.91819203612,5743.03620461261
"2018-04-20 13:00:00",5370,5158.98099261215,4477.18645873737,5840.77552648693,4116.26623405074,6201.69575117356
"2018-04-20 14:00:00",5803,5541.89076268345,4833.75747284736,6250.02405251955,4458.89435298159,6624.88717238532
"2018-04-20 15:00:00",6383,5703.52771650063,4986.87795199066,6420.1774810106,4607.50648276139,6799.54895023987
"2018-04-20 16:00:00",6900,5539.81453232715,4819.52935727846,6260.09970737584,4438.23341795846,6641.39564669584
"2018-04-20 17:00:00",6268,5192.72127798614,4468.77530685222,5916.66724912006,4085.54145914491,6299.90109682736
"2018-04-20 18:00:00",4959,4638.20532414037,3910.24460313804,5366.1660451427,3524.8854752289,5751.52517305184
"2018-04-20 19:00:00",4091,3922.92644646254,3190.90508427112,4654.94780865396,2803.39638276243,5042.45651016266
"2018-04-20 20:00:00",3552,3251.16386944375,2515.12706301432,3987.20067587317,2125.49271372672,4376.83502516077
"2018-04-20 21:00:00",3538,2716.58659746336,1976.56672963856,3456.60646528816,1584.82387501345,3848.34931991326
"2018-04-20 22:00:00",2842,2296.90095397587,1552.91923496783,3040.8826729839,1159.07910301329,3434.72280493844
"2018-04-20 23:00:00",1977,1903.37648722897,1155.45289890306,2651.30007555488,759.526067379652,3047.22690707829
"2018-04-21 00:00:00",1291,1500.25458324051,748.409613415385,2252.09955306563,350.406927919174,2650.10223856185
"2018-04-21 01:00:00",732,1029.05616764646,273.310222666481,1784.80211262643,-126.757514336355,2184.86984962927
"2018-04-21 02:00:00",526,471.184051140364,-288.442808424813,1230.81091070554,-690.56497751017,1632.9330797909
"2018-04-21 03:00:00",386,213.788385989441,-549.699661473019,977.276433451901,-953.86581996311,1381.44259194199
"2018-04-21 04:00:00",369,212.138007095725,-555.191801728817,979.467815920267,-961.391665837101,1385.66768002855
"2018-04-21 05:00:00",683,595.660882845663,-175.491548992954,1366.81331468428,-583.714987489979,1775.03675318131
"2018-04-21 06:00:00",1418,1258.89262591231,483.936426821901,2033.84882500273,73.6993955737414,2444.08585625088
"2018-04-21 07:00:00",2307,1888.79114788656,1110.04976092126,2667.53253485185,697.808972249994,3079.77332352312
"2018-04-21 08:00:00",3392,2488.83645987766,1706.32819472152,3271.3447250338,1292.09334118839,3685.57957856693
"2018-04-21 09:00:00",4153,3199.87899378174,2413.62189695296,3986.13609061052,1997.40253180764,4402.35545575583
"2018-04-21 10:00:00",4464,3896.72553120934,3106.73739231639,4686.71367010228,2688.54293280877,5104.90812960991
"2018-04-21 11:00:00",4985,4373.14059331296,3579.43895108913,5166.84223553679,3159.27868166376,5587.00250496216
"2018-04-21 12:00:00",5263,4523.66387589922,3726.26602404247,5321.06172775596,3304.14909943005,5743.17865236838
"2018-04-21 13:00:00",5307,4502.57093387785,3682.91023475743,5322.23163299826,3249.00807069626,5756.13379705943
"2018-04-21 14:00:00",5296,4436.96789707063,3599.73087894069,5274.20491520057,3156.52437362874,5717.41142051251
"2018-04-21 15:00:00",5340,4389.71658333028,3544.71951386775,5234.71365279281,3097.40508552125,5682.02808113931
"2018-04-21 16:00:00",5027,4319.8044864427,3470.24373036601,5169.36524251939,3020.51343225766,5619.09554062774
"2018-04-21 17:00:00",5007,4205.4848669755,3351.35358247353,5059.61615147746,2899.20379276731,5511.76594118368
"2018-04-21 18:00:00",4541,3936.85521902281,3077.91446044676,4795.79597759886,2623.21868895688,5250.49174908875
"2018-04-21 19:00:00",3892,3528.5573010229,2664.78639752789,4392.3282045179,2207.53370177007,4849.58090027573
"2018-04-21 20:00:00",3346,3144.81563515459,2276.25735561569,4013.3739146935,1816.47037606476,4473.16089424443
"2018-04-21 21:00:00",3199,2857.01743961499,1983.70542724233,3730.32945198765,1521.40197353795,4192.63290569203
"2018-04-21 22:00:00",3814,2594.46110940838,1716.42102128078,3472.50119753598,1251.61467546004,3937.30754335671
"2018-04-21 23:00:00",2760,2214.08441279565,1331.34087113966,3096.82795445164,864.044667421977,3564.12415816933
"2018-04-22 00:00:00",1447,1667.97953453297,780.557343005986,2555.40172605995,310.784411654427,3025.17465741151
"2018-04-22 01:00:00",945,1015.28241199764,123.206149833184,1907.35867416209,-349.030497691981,2379.59532168726
"2018-04-22 02:00:00",671,407.100377617044,-489.605780587039,1303.80653582113,-964.293347026736,1778.49410226082
"2018-04-22 03:00:00",465,155.589133966036,-745.723137755679,1056.90140568775,-1222.84903340325,1534.02730133532
"2018-04-22 04:00:00",368,202.094404005654,-703.800563133475,1107.98937114478,-1183.3523911955,1587.54119920681
"2018-04-22 05:00:00",563,498.104509532068,-412.350087040103,1408.55910610424,-894.315637122029,1890.52465618617
"2018-04-22 06:00:00",904,906.673936915076,-8.31756749979684,1821.66544132995,-492.684811518258,2306.03268534841
"2018-04-22 07:00:00",1289,1283.49374177992,363.987714725534,2202.99976883431,-122.769373218703,2689.75685677855
"2018-04-22 08:00:00",2200,1744.00165333046,820.003160675747,2668.00014598518,330.867905096972,3157.13540156395
"2018-04-22 09:00:00",3219,2465.12473925647,1536.65551786246,3393.59396065049,1045.1536014483,3885.09587706465
"2018-04-22 10:00:00",4088,3293.93603537508,2361.01750960476,4226.85456114539,1867.16027372791,4720.71179702225
"2018-04-22 11:00:00",4541,3939.90583384908,3002.55912298144,4877.25254471671,2506.35774751286,5373.45392018529
"2018-04-22 12:00:00",4781,4192.75269397233,3250.99861937375,5134.50676857091,2752.464126479,5633.04126146566
"2018-04-22 13:00:00",4761,4148.67735996416,3194.71703834939,5102.63768157892,2689.72094859991,5607.63377132841
"2018-04-22 14:00:00",4753,4032.35432952804,3067.91279127348,4996.7958677826,2557.36828058972,5507.34037846636
"2018-04-22 15:00:00",4866,4025.12384057046,3054.27986713497,4995.96781400595,2540.34611199525,5509.90156914568
"2018-04-22 16:00:00",4713,4097.76471502053,3122.07829606289,5073.45113397816,2605.58110510923,5589.94832493183
"2018-04-22 17:00:00",4303,4083.75844840551,3103.23727954987,5064.27961726116,2584.18072659959,5583.33617021144
"2018-04-22 18:00:00",3787,3762.11318504911,2776.64527291897,4747.58109717924,2254.97007225977,5269.25629783845
"2018-04-22 19:00:00",3228,3137.12063165366,2146.70640905046,4127.53485425687,1622.41278979355,4651.82847351378
"2018-04-22 20:00:00",3139,2468.5191128641,1473.19129679673,3463.84692893146,946.296578280455,3990.74164744774
"2018-04-22 21:00:00",2412,1986.67346903346,986.459986630961,2986.88695143596,456.978952584398,3516.36798548252
"2018-04-22 22:00:00",1906,1693.21629805728,688.140857558312,2698.29173855624,156.086058364909,3230.34653774965
"2018-04-22 23:00:00",1356,1375.44272163143,365.528369664152,2385.35707359872,-169.087994528104,2919.97343779097
"2018-04-23 00:00:00",614,859.257833054826,-155.472419556573,1873.98808566622,-692.638167553163,2411.15383366281
"2018-04-23 01:00:00",349,217.342989945312,-802.180393460853,1236.86637335148,-1341.88347163163,1776.56945152226
"2018-04-23 02:00:00",259,-190.14182647072,-1214.43590173065,834.152248789214,-1756.66443161779,1376.38077867635
"2018-04-23 03:00:00",373,149.921676400061,-879.120973891586,1178.96432669171,-1423.8632475567,1723.70660035682
"2018-04-23 04:00:00",900,1307.63589429308,273.866480166736,2341.40530841942,-273.377991126101,2888.64977971225
"2018-04-23 05:00:00",2864,2972.69192511025,1934.217261289,4011.16658893149,1384.48198126609,4560.9018689544
"2018-04-23 06:00:00",5769,4505.9098600184,3462.75116974294,5549.06855029386,2910.53631589493,6101.28340414188
"2018-04-23 07:00:00",6574,5309.58674680712,4261.76496866895,6357.40852494528,3707.08162521664,6912.0918683976
"2018-04-23 08:00:00",5970,5285.95643301029,4233.49222726049,6338.42063876009,3676.35133108015,6895.56153494044
"2018-04-23 09:00:00",5325,4798.90814223247,3741.82189691767,5855.99438754727,3182.23424078922,6415.58204367571
"2018-04-23 10:00:00",4547,4282.51612348351,3220.82796037538,5344.20428659163,2658.80419612135,5906.22805084566
"2018-04-23 11:00:00",4577,4040.14093162994,2973.87071196996,5106.41115128992,2409.42135349648,5670.86050976341
"2018-04-23 12:00:00",4739,4150.2285357935,3079.39586586629,5221.0612057207,2512.53129211349,5787.9257794735
"2018-04-23 13:00:00",4803,4554.3219087556,3475.03850027739,5633.6053172338,2903.70037576252,6204.94344174867
"2018-04-23 14:00:00",5243,5074.21773018943,3987.28676068724,6161.14869969161,3411.90026191012,6736.53519846873
"2018-04-23 15:00:00",5852,5488.38450188325,4395.82838239452,6580.94062137198,3817.46410908832,7159.30489467818
"2018-04-23 16:00:00",6883,5570.70298311731,4473.36491785538,6668.04104837923,3892.46923536774,7248.93673086687
"2018-04-23 17:00:00",6188,5191.01899677714,4088.91076470452,6293.12722884975,3505.48990844154,6876.54808511273
"2018-04-23 18:00:00",4660,4352.60298997938,3245.67030829108,5459.53567166768,2659.6955426716,6045.51043728716
"2018-04-23 19:00:00",3243,3286.39485337001,2174.64531021198,4398.14439652804,1586.12065215781,4986.66905458221
"2018-04-23 20:00:00",2759,2360.75992993886,1244.21878080578,3477.30107907194,653.157599768211,4068.36226010951
"2018-04-23 21:00:00",2183,1807.36671781257,686.056524138042,2928.6769114871,92.4707634185909,3522.26267220655
"2018-04-23 22:00:00",1537,1557.85910751432,431.800044391473,2683.91817063718,-164.299615960696,3280.01783098935
"2018-04-23 23:00:00",963,1311.79227454533,181.004086928613,2442.58046216204,-417.599020708761,3041.18356979942
"2018-04-24 00:00:00",530,826.93706557732,-308.560586171982,1962.43471732662,-909.656733527975,2563.53086468262
"2018-04-24 01:00:00",330,169.385874277826,-970.801777886995,1309.57352644265,-1574.38066149218,1913.15241004783
"2018-04-24 02:00:00",248,-254.274490331441,-1399.13292461501,890.583943952133,-2005.18437091761,1496.63539025473
"2018-04-24 03:00:00",346,88.758927423361,-1060.75131049472,1238.26916534145,-1669.26527289205,1846.78312773878
"2018-04-24 04:00:00",911,1328.12752710857,173.984234092164,2482.27082012498,-436.982319524356,3093.2373737415
"2018-04-24 05:00:00",2936,3130.64570980176,1971.88788576427,4289.40353383924,1358.47854698272,4902.81287262079
"2018-04-24 06:00:00",5886,4805.96140422632,3642.60735293789,5969.31545551476,3026.76491842191,6585.15789003074
"2018-04-24 07:00:00",6535,5713.64869136567,4545.71650048458,6881.58088224677,3927.4505452621,7499.84683746925
"2018-04-24 08:00:00",5905,5700.62734317974,4528.13488847322,6873.11979788626,3907.45487540379,7493.79981095568
"2018-04-24 09:00:00",5509,5114.52994134398,3937.49489080624,6291.56499188172,3314.41017276104,6914.64970992692
"2018-04-24 10:00:00",4540,4462.94085114318,3281.38066899179,5644.50103329457,2655.90049096915,6269.98121131722
"2018-04-24 11:00:00",4957,4136.81808809857,2950.75003866098,5322.88613753616,2322.88353984379,5950.75263635334
"2018-04-24 12:00:00",4881,4253.64820975852,3063.089361256,5444.20705826104,2432.84557701482,6074.45084250222
"2018-04-24 13:00:00",4960,4713.21565224324,3516.22633724047,5910.20496724601,2882.57846965923,6543.85283482725
"2018-04-24 14:00:00",5353,5279.60860829985,4076.57626050312,6482.64095609658,3439.72940459707,7119.48781200263
"2018-04-24 15:00:00",6010,5697.96107527718,4489.89614402875,6906.02600652561,3850.38519936884,7545.53695118552
"2018-04-24 16:00:00",7149,5755.87283234814,4543.22217143466,6968.52349326162,3901.28368812662,7610.46197656966
"2018-04-24 17:00:00",6253,5355.18835513234,4137.96446455779,6572.4122457069,3493.60505970401,7216.77165056068
"2018-04-24 18:00:00",4513,4538.11924611398,3316.29944709987,5759.93904512809,2669.50711528022,6406.73137694773
"2018-04-24 19:00:00",3325,3531.4637026451,2305.05813064047,4757.86927464974,1655.83823723759,5407.08916805262
"2018-04-24 20:00:00",3115,2653.36993432999,1422.39805000302,3884.34181865696,770.760896872341,4535.97897178763
"2018-04-24 21:00:00",2497,2091.9973222558,856.477110855832,3327.51753365576,202.432218813247,3981.56242569835
"2018-04-24 22:00:00",1589,1772.09714909496,532.045281181278,3012.14901700864,-124.398524912199,3668.59282310212
"2018-04-24 23:00:00",988,1425.54994362624,180.982814013921,2670.11707323856,-477.851227239597,3328.95111449208
"2018-04-25 00:00:00",532,853.419242304068,-395.646845667354,2102.48533027549,-1056.86249161429,2763.70097622243
"2018-04-25 01:00:00",310,155.911297796737,-1097.63759570502,1409.46019129849,-1761.22629555434,2073.04889114781
"2018-04-25 02:00:00",237,-254.859451065451,-1512.8751732592,1003.1562711283,-2178.82846938357,1669.10956725267
"2018-04-25 03:00:00",341,108.763267060416,-1153.70347953069,1371.23001365152,-1822.0130056419,2039.53953976274
"2018-04-25 04:00:00",904,1361.77236262362,94.870229103587,2628.67449614364,-575.787249018709,3299.33197426594
"2018-04-25 05:00:00",2917,3153.13740930919,1881.81536288901,4424.45945572937,1208.81812421165,5097.45669440673
"2018-04-25 06:00:00",5866,4805.97285334933,3530.24620728909,6081.69949940957,2854.91731440689,6757.02839229177
"2018-04-25 07:00:00",6303,5716.60746729286,4436.49137677518,6996.72355781055,3758.8388523572,7674.37608222853
"2018-04-25 08:00:00",5850,5736.57758786875,4452.08705270056,7021.06812303693,3772.11883716497,7701.03633857253
"2018-04-25 09:00:00",5455,5188.14448944532,3899.29435670183,6476.99462218881,3217.01830961546,7159.27066927518
"2018-04-25 10:00:00",4524,4565.46241636246,3272.26738296281,5858.65744976211,2587.6912844047,6543.23354832023
"2018-04-25 11:00:00",4891,4249.55527058509,2952.02988580604,5547.08065536414,2265.16143769807,6233.94910347211
"2018-04-25 12:00:00",5067,4356.55304666297,3054.71171459425,5658.39437873169,2365.55854200092,6347.54755132502
"2018-04-25 13:00:00",5020,4787.94357292015,3480.78132976167,6095.10581607863,2788.81143698267,6787.07570885763
"2018-04-25 14:00:00",5276,5328.42195186956,4016.13926419691,6640.70463954221,3321.45877182708,7335.38513191205
"2018-04-25 15:00:00",6002,5745.33568197132,4428.46125652904,7062.2101074136,3731.35004501264,7759.32131893
"2018-04-25 16:00:00",6816,5832.46101698643,4511.2383303931,7153.68370357977,3811.82528846641,7853.09674550646
"2018-04-25 17:00:00",6420,5466.48498156095,4140.92572102344,6792.04424209845,3439.21703552008,7493.75292760181
"2018-04-25 18:00:00",4695,4659.88832247651,3329.98517279629,5989.79147215672,2625.97697128407,6693.79967366895
"2018-04-25 19:00:00",3543,3617.65605485061,2283.4193395509,4951.89277015031,1577.11708697289,5658.19502272832
"2018-04-25 20:00:00",3225,2661.21072879971,1322.65575911687,3999.76569848254,614.067560752014,4708.3538968474
"2018-04-25 21:00:00",2560,2018.48776919589,675.629029404567,3361.34650898722,-35.2374472353183,4072.2129856271
"2018-04-25 22:00:00",1618,1662.92960394776,315.780836908442,3010.07837098708,-397.356642975569,3723.21585087109
"2018-04-25 23:00:00",1023,1346.83959391558,-4.58563894213489,2698.26482677329,-719.986943083092,3413.66613091424
"2018-04-26 00:00:00",551,843.867560111596,-511.820658850404,2199.5557790736,-1229.4786515187,2917.21377174189
"2018-04-26 01:00:00",358,203.273250545934,-1156.66458804806,1563.21108913993,-1876.57219346067,2283.11869455254
"2018-04-26 02:00:00",255,-199.19028433973,-1563.36450280081,1164.98393412135,-2285.51471224956,1887.1341435701
"2018-04-26 03:00:00",350,115.237129490872,-1253.16035363739,1483.63461261913,-1977.54622435483,2208.02048333657
"2018-04-26 04:00:00",899,1310.17045073727,-62.4373030527161,2682.77820452725,-789.051956427872,3409.39285790241
"2018-04-26 05:00:00",2953,3075.20190709103,1698.39675756131,4452.00705662075,969.560137100449,5180.84367708161
"2018-04-26 06:00:00",5813,4748.04006064495,3367.0502729369,6129.029848353,2635.9984388354,6860.08168245451
"2018-04-26 07:00:00",6493,5708.92679926353,4323.76501531026,7094.08858321681,3590.50465980325,7827.34893872381
"2018-04-26 08:00:00",5890,5767.73646527557,4378.41521311845,7157.05771743268,3642.95296815044,7892.51996240069
"2018-04-26 09:00:00",5495,5222.32410478416,3828.85580027654,6615.79240929177,3091.19823840327,7353.44997116504
"2018-04-26 10:00:00",4675,4592.06268412211,3194.45963259445,5989.66573564978,2454.61326786437,6729.51210037985
"2018-04-26 11:00:00",5110,4296.37568620786,2894.65008409756,5698.10128831816,2152.62137291464,6440.12999950108
"2018-04-26 12:00:00",5078,4460.37284500481,3054.53678145276,5866.20890855685,2310.33212342162,6610.41356658799
"2018-04-26 13:00:00",5281,4945.38349485111,3534.91036797339,6355.85662172883,2788.25099689567,7102.51599280655
"2018-04-26 14:00:00",5661,5486.52601402207,4071.52396052727,6901.52806751686,3322.46712051865,7650.58490752548
"2018-04-26 15:00:00",6257,5837.30156035213,4418.05332504069,7256.54979566358,3666.74869215726,8007.85442854701
"2018-04-26 16:00:00",7139,5835.97356300652,4412.61383635081,7259.33328966223,3659.13271142171,8012.81441459134
"2018-04-26 17:00:00",6372,5431.89483713317,4004.43407152552,6859.35560274082,3248.78198771299,7615.00768655335
"2018-04-26 18:00:00",5068,4690.37744482175,3258.81581671493,6121.93907292857,2500.99286742744,6879.76202221606
"2018-04-26 19:00:00",3813,3799.73549097105,2364.0826550337,5235.38832690841,1604.09395114409,5995.37703079802
"2018-04-26 20:00:00",3338,3000.9282778621,1561.19655099313,4440.66000473107,799.048612673835,5202.80794305036
"2018-04-26 21:00:00",3058,2438.15262682898,994.35385502857,3881.95139862938,230.052953173296,4646.25230048466
"2018-04-26 22:00:00",2171,2053.45816894988,605.603773091457,3501.31256480831,-160.844046454615,4267.76038435438
"2018-04-26 23:00:00",1253,1633.84355287871,181.944830828207,3085.74227492921,-586.6439256797,3854.33103143711
"2018-04-27 00:00:00",683,1017.08141568784,-438.850403652162,2473.01323502784,-1209.57415289995,3243.73698427562
"2018-04-27 01:00:00",422,297.599021224523,-1162.35475225319,1757.55279470224,-1935.20759541262,2530.40563786166
"2018-04-27 02:00:00",328,-150.027879344821,-1613.99255661777,1313.93679792813,-2388.96864399088,2088.91288530124
"2018-04-27 03:00:00",380,111.900193222561,-1356.06442894627,1579.8648153914,-2133.15795924218,2356.95834568731
"2018-04-27 04:00:00",849,1224.95094750991,-247.002750069036,2696.90464508886,-1026.20796932955,3476.10986434938
"2018-04-27 05:00:00",2744,2884.51264936732,1408.58065779839,4360.44464093625,627.269456912334,5141.75584182231
"2018-04-27 06:00:00",5573,4466.6545615143,2986.75497044653,5946.55415258207,2203.34344925658,6729.96567377202
"2018-04-27 07:00:00",6712,5396.63477842764,3912.77819656345,6880.49136029183,3127.27197097742,7665.99758587786
"2018-04-27 08:00:00",6109,5499.93170894488,4012.12866033903,6987.73475755074,3224.53330145499,7775.33011643478
"2018-04-27 09:00:00",5414,5059.78512054341,3568.04604572479,6551.52419536203,2778.36708042488,7341.20316066193
"2018-04-27 10:00:00",4946,4570.57829163336,3074.91354870443,6066.24303456229,2283.15646023688,6858.00012302985
"2018-04-27 11:00:00",5365,4415.23348537182,2915.65335108737,5914.81361965628,2121.82357963754,6708.64339110611
"2018-04-27 12:00:00",5622,4670.74882858546,3167.26349941178,6174.23415775914,2371.36644266289,6970.13121450804
"2018-04-27 13:00:00",5487,5147.73204885018,3640.06276102548,6655.40133667489,2841.95085035596,7453.51324734441
"2018-04-27 14:00:00",6005,5564.74888347613,4052.95657099851,7076.54119595375,3252.66206291852,7876.83570403374
"2018-04-27 15:00:00",6560,5721.07932041305,4205.31894118041,7236.83969964569,3402.92386544603,8039.23477538007
"2018-04-27 16:00:00",6471,5557.1963667653,4037.54430913338,7076.84842439723,3233.08910329749,7881.30363023312
"2018-04-27 17:00:00",6459,5122.96322020943,3599.42867035853,6646.49777006033,2792.91819729125,7453.00824312761
"2018-04-27 18:00:00",5355,4513.12626294359,2985.71280686071,6040.53971902648,2177.14896486887,6849.10356101832
"2018-04-27 19:00:00",4083,3838.40128216393,2307.11762754118,5369.68493678669,1496.50502619856,6180.29753812931
"2018-04-27 20:00:00",3319,3205.02884947379,1669.88512866857,4740.17257027901,857.229131721168,5552.82856722641
"2018-04-27 21:00:00",3384,2676.05235336043,1137.05842338968,4215.04628333118,322.36424882707,5029.74045789379
"2018-04-27 22:00:00",2709,2240.21182170707,697.377289014541,3783.04635439961,-119.349977819135,4599.77362123328
"2018-04-27 23:00:00",1942,1823.04997894669,276.384363572631,3369.71559432076,-542.370955927224,4188.47091382061
"2018-04-28 00:00:00",1097,1354.41349745312,-196.073737435154,2904.9007323414,-1016.85210010301,3725.67909500926
"2018-04-28 01:00:00",725,843.329239966421,-710.970217096042,2397.62869702888,-1533.76664828059,3220.42512821343
"2018-04-28 02:00:00",531,399.3811306315,-1158.72122076971,1957.48348203271,-1983.53078261314,2782.29304387614
"2018-04-28 03:00:00",382,178.186240681338,-1383.709745828,1740.08222719067,-2210.52753678969,2566.90001815237
"2018-04-28 04:00:00",365,269.006885030741,-1296.67354470111,1834.68731476259,-2125.49469889076,2663.50846895224
"2018-04-28 05:00:00",744,656.758274881775,-912.697472644002,2226.21402240755,-1743.51715935151,3057.03370911506
"2018-04-28 06:00:00",1366,1243.50222617285,-329.719779403528,2816.72423174922,-1162.53320269048,3649.53765503617
"2018-04-28 07:00:00",2330,1919.24900785991,342.26973906343,3496.22827665639,-492.532659227322,4331.03067494714
"2018-04-28 08:00:00",3737,2615.11496532664,1034.38736399931,4195.84256665397,197.600718326078,5032.62921232721
"2018-04-28 09:00:00",4509,3285.52753876051,1701.06047221019,4869.99460531083,862.294273223694,5708.76080429733
"2018-04-28 10:00:00",4752,3864.04126029895,2275.84353319845,5452.23898739945,1435.10244181095,6292.98007878695
"2018-04-28 11:00:00",5130,4271.80117958562,2679.88153470659,5863.72082446466,1837.17017906182,6706.43218010942
"2018-04-28 12:00:00",5453,4468.57852737227,2872.94564630709,6064.21140843744,2028.26862216246,6908.88843258208
"2018-04-28 13:00:00",5529,4496.31399621272,2896.82011583457,6095.80787659088,2050.0992021157,6942.52879030974
"2018-04-28 14:00:00",5191,4449.82052536283,2846.5015065492,6053.13954417645,1997.75568685795,6901.8853638677
"2018-04-28 15:00:00",4925,4398.67389821675,2791.61661911976,6005.73117731374,1940.89188397175,6856.45591246174
"2018-04-28 16:00:00",5034,4328.17674067857,2717.42581018907,5938.92767116807,1864.7457741047,6791.60770725245
"2018-04-28 17:00:00",4991,4165.96249556773,2551.52595283104,5780.39903830442,1696.89487147676,6635.03011965871
"2018-04-28 18:00:00",4300,3867.30250948457,2249.18532287008,5485.41969609906,1392.60582634178,6341.99919262736
"2018-04-28 19:00:00",3764,3481.48401445131,1859.69392740808,5103.27410149454,1001.17011484008,5961.79791406255
"2018-04-28 20:00:00",3189,3117.25463387103,1491.80015048672,4742.70911725534,631.336523671094,5603.17274407097
"2018-04-28 21:00:00",3076,2831.96015347096,1202.84961180769,4461.07069513422,340.450584647898,5323.46972229401
"2018-04-28 22:00:00",2900,2560.88530607622,928.126891697063,4193.64372045539,63.7967973684495,5057.973814784
"2018-04-28 23:00:00",3360,2167.92456738423,531.526403007878,3804.32273176059,-334.730458582016,4670.57959335048
"2018-04-29 00:00:00",1532,1585.24589070885,-54.7839475474718,3225.27572896516,-922.963301160432,4093.45508257812
"2018-04-29 01:00:00",821,910.509534236278,-733.143953144303,2554.16302161686,-1603.24155073127,3424.26061920382
"2018-04-29 02:00:00",601,363.398384854764,-1283.87078014066,2010.66754985018,-2155.88240183944,2882.67917154897
"2018-04-29 03:00:00",347,131.999441826683,-1518.87748190796,1782.87636556132,-2392.79893571902,2656.79781937239
"2018-04-29 04:00:00",280,232.53964896415,-1421.93716645965,1887.01646438795,-2297.76428781826,2762.84358574656
"2018-04-29 05:00:00",427,533.14083873472,-1124.92805254956,2191.209730019,-2002.65670400594,3068.93838147538
"2018-04-29 06:00:00",839,893.053909953185,-768.599292044652,2554.70711195102,-1648.22536297832,3434.33318288469
"2018-04-29 07:00:00",1397,1290.39692137002,-374.832876337307,2955.62671907735,-1256.35228267181,3837.14612541185
"2018-04-29 08:00:00",2153,1812.36290357943,143.564175561244,3481.16163159762,-739.844508357182,4364.57031551605
"2018-04-29 09:00:00",3258,2510.9023775733,838.542335567373,4183.26241957924,-46.7515940970566,5068.55634924366
"2018-04-29 10:00:00",3848,3277.53203457409,1601.61824634957,4953.44582279862,714.44307707413,5840.62099207405
"2018-04-29 11:00:00",4381,3884.54839867593,2205.08838396166,5564.0084133902,1316.03595577921,6453.06084157265
"2018-04-29 12:00:00",4886,4161.56937372949,2478.57060472012,5844.56814273885,1587.64487317157,6735.4938742874
"2018-04-29 13:00:00",4828,4144.27371618997,2457.65831417645,5830.88911820349,1564.81805276353,6723.72937961641
"2018-04-29 14:00:00",4715,4039.07458598078,2348.86473112212,5729.28444083943,1454.12168131176,6624.02749064979
"2018-04-29 15:00:00",4570,4029.77451592978,2336.02025208104,5723.52877977853,1439.40090548987,6620.1481263697
"2018-04-29 16:00:00",4886,4102.17997653343,2404.90836975649,5799.45158331037,1506.42705429219,6697.93289877466
"2018-04-29 17:00:00",4390,4060.09445750216,2359.31255643911,5760.87635856521,1458.97300342741,6661.2159115769
"2018-04-29 18:00:00",3903,3720.7610643673,2016.47422150824,5425.04790722637,1114.27926438624,6327.24286434837
"2018-04-29 19:00:00",3351,3108.90602462193,1401.12109910168,4816.69095014218,497.074368876024,5720.73768036783
"2018-04-29 20:00:00",3026,2452.09145448231,740.815709091502,4163.36719987312,-165.078949548685,5069.2618585133
"2018-04-29 21:00:00",2367,1971.83939222102,257.079985831595,3686.59879861045,-650.658811545242,4594.33759598729
"2018-04-29 22:00:00",1703,1673.30914408963,-44.9268608817897,3391.54514906106,-954.506058377747,4301.12434655702
"2018-04-29 23:00:00",1035,1348.0686910795,-373.636897284359,3069.77427944335,-1285.0527812824,3981.1901634414
"2018-04-30 00:00:00",541,810.565261627368,-914.602933162063,2535.7334564168,-1827.85181027904,3448.98233353378
"2018-04-30 01:00:00",327,155.755001968037,-1572.86886301533,1884.37886695141,-2487.94706143202,2799.45706536809
"2018-04-30 02:00:00",275,-215.587649596823,-1947.66029021608,1516.48499102243,-2864.5641601739,2433.38886098026
"2018-04-30 03:00:00",355,136.220015787951,-1599.2945471525,1871.7345787284,-2518.02046072581,2790.46049230171
"2018-04-30 04:00:00",891,1324.91102026562,-414.038652387801,3063.86069291904,-1334.58300319965,3984.40504373089
"2018-04-30 05:00:00",2871,2992.16268043506,1249.78467039452,4734.54069047561,327.425467396883,5656.89989347325
"2018-04-30 06:00:00",5730,4498.30239801836,2752.50278302199,6244.10201301474,1828.33229177241,7168.27250426432
"2018-04-30 07:00:00",6633,5315.03459455499,3565.82006752613,7064.24912158386,2639.8418310442,7990.22735806578
"2018-04-30 08:00:00",5724,5325.51172960319,3572.88894434215,7078.13451486422,2645.106484937,8005.91697426937
"2018-04-30 09:00:00",5171,4825.27849081003,3069.25406237413,6581.30291924593,2139.67088184557,7510.88609977449
"2018-04-30 10:00:00",4523,4271.80595038774,2512.38645546587,6031.2254453096,1581.0060353027,6962.60586547277
"2018-04-30 11:00:00",4619,4006.86008260129,2244.0520598834,5769.66810531919,1310.87786145898,6702.84230374361
"2018-04-30 12:00:00",4825,4131.39343403283,2365.20338457437,5897.58348349128,1430.2388493396,6832.54801872606
"2018-04-30 13:00:00",4837,4551.1996224751,2781.58721351146,6320.81203143874,1844.81099059044,7257.58825435976
"2018-04-30 14:00:00",5147,5077.48126009578,3304.46100516842,6850.50151502315,2365.88077756591,7789.08174262566
"2018-04-30 15:00:00",5792,5490.41907448695,3714.02077998328,7266.81736899063,2773.65232624766,8207.18582272625
"2018-04-30 16:00:00",6901,5572.58068990927,3792.82157700309,7352.33980281546,2850.6740134731,8294.48736634545
"2018-04-30 17:00:00",6184,5176.81861047678,3393.70488960223,6959.93233135133,2449.78150388311,7903.85571707044
"2018-04-30 18:00:00",4568,4328.29129571578,2541.82823308549,6114.75435834607,1596.13181294182,7060.45077848974
"2018-04-30 19:00:00",3259,3269.61417740143,1479.8078569024,5059.42049790046,532.341622949416,6006.88673185345
"2018-04-30 20:00:00",2673,2350.6571561146,557.513872905963,4143.80043932323,-391.718842400398,5093.03315462959
"2018-04-30 21:00:00",2329,1798.15063564974,1.6766170246417,3594.62465427485,-949.319283105233,4545.62055440472
"2018-04-30 22:00:00",1594,1545.75438352785,-254.044206924186,3345.55297397988,-1206.80002907037,4298.30879612606
"2018-04-30 23:00:00",1061,1295.4303389147,-507.686696314994,3098.5473741444,-1462.19919701352,4053.05987484292
"2018-05-01 00:00:00",576,798.342840112457,-1008.08654435234,2604.77222457725,-1964.35249681789,3561.03817704281
"2018-05-01 01:00:00",395,133.402530928124,-1676.33314004283,1943.13820189908,-2634.34933486057,2901.15439671682
"2018-05-01 02:00:00",275,-269.632280946988,-2082.66820895052,1543.40364705654,-3042.43145430995,2503.16689241597
"2018-05-01 03:00:00",370,80.1354700452871,-1736.19471846158,1896.46565855216,-2697.70183999186,2857.97278008244
"2018-05-01 04:00:00",916,1337.38534646718,-482.233138588949,3157.00383152331,-1445.4809791635,4120.25167209786
"2018-05-01 05:00:00",2893,3141.26247587684,1318.36162595677,4964.16332579692,353.376206382473,5929.14874537121
"2018-05-01 06:00:00",5653,4800.7763370981,2974.59902201637,6626.95365217983,2007.87914655608,7593.67352764013
"2018-05-01 07:00:00",6046,5715.72919161513,3886.28127937545,7545.17710385482,2917.83005436268,8513.62832886759
"2018-05-01 08:00:00",6140,5722.63223817065,3889.91956536098,7555.34491098032,2919.74008049876,8525.52439584253
"2018-05-01 09:00:00",5420,5128.97385770988,3293.00222978197,6964.94548563779,2321.09755829082,7936.85015712894
"2018-05-01 10:00:00",4468,4456.28081440699,2617.05600595225,6295.50562286173,1643.42920471621,7269.13242409777
"2018-05-01 11:00:00",4473,4117.17946582204,2274.70722084398,5959.65171080009,1299.36133055483,6934.99760108924
"2018-05-01 12:00:00",5111,4242.225149449,2396.51118163232,6087.93911726568,1419.44922693205,7065.00107196596
"2018-05-01 13:00:00",4988,4710.78710567886,2861.81130759582,6559.76290376189,1883.02264425514,7538.55156710257
"2018-05-01 14:00:00",4926,5280.86441700356,3428.63688643241,7133.09194757471,2448.12685989223,8113.60197411489
"2018-05-01 15:00:00",5802,5698.51639094447,3843.05565201914,7553.9771298698,2860.83406836363,8536.19871352532
"2018-05-01 16:00:00",6900,5756.34219345406,3897.65983574421,7615.02455116392,2913.73283012093,8598.95155678719
"2018-05-01 17:00:00",6410,5346.37269104937,3484.47422038798,7208.27116171077,2498.84470740887,8193.90067468987
"2018-05-01 18:00:00",4866,4523.46080700068,2658.35119866653,6388.57041533483,1671.02181208508,7375.89980191628
"2018-05-01 19:00:00",3411,3521.1526031057,1652.83727463977,5389.46793157163,663.810882328949,6378.49432388245
"2018-05-01 20:00:00",2907,2646.93026010169,775.414736695818,4518.44578350755,-215.305736484493,5509.16625668786
"2018-05-01 21:00:00",2287,2086.07512431299,211.36488475226,3960.78536387371,-781.04676900392,4953.19701762989
"2018-05-01 22:00:00",1438,1764.50337431944,-113.396146667723,3642.4028953066,-1107.49610402833,4636.5028526672
"2018-05-01 23:00:00",1093,1415.49380558861,-465.589591091737,3296.57720226896,-1461.37499043444,4292.36260161166
"2018-05-02 00:00:00",517,836.304338678853,-1047.95755411505,2720.56623147275,-2045.42554766241,3718.03422502012
"2018-05-02 01:00:00",324,134.53031335512,-1752.90472278804,2021.96534949828,-2752.05247695781,3021.11310366805
"2018-05-02 02:00:00",253,-264.314710943002,-2154.9175646711,1626.2881427851,-3155.74226017396,2627.11283828796
"2018-05-02 03:00:00",351,103.195024627072,-1790.57034769089,1996.96039694504,-2793.06917940828,2999.45922866243
"2018-05-02 04:00:00",915,1366.50021999456,-530.422398425017,3263.42283841414,-1534.59257527026,4267.59301525938
"2018-05-02 05:00:00",2959,3158.62868608504,1258.55406777245,5058.70330439764,252.71532297443,6064.54204919566
"2018-05-02 06:00:00",5910,4802.40100341018,2899.17960534877,6705.62240147158,1891.6750559754,7713.12695084495
"2018-05-02 07:00:00",6606,5717.27552353772,3810.91254002135,7623.63850705409,2801.7449357657,8632.80611130975
"2018-05-02 08:00:00",5676,5748.66902428524,3839.16962397005,7658.16842460043,2828.3417009534,8668.99634761708
"2018-05-02 09:00:00",5638,5195.87187228571,3283.24119840047,7108.50254617095,2270.75567928366,8120.98806528777
"2018-05-02 10:00:00",4815,4560.97543077227,2645.21860132617,6476.73226021837,1631.07819541961,7490.87266612493
"2018-05-02 11:00:00",4999,4237.58469616967,2318.70680415776,6156.46258818157,1302.91420753018,7172.25518480915
"2018-05-02 12:00:00",5088,4349.33868845599,2427.3448020623,6271.33257484968,1409.90269764826,7288.77467926372
"2018-05-02 13:00:00",5034,4785.92405039892,2860.80494541269,6711.04315538514,1841.70845020997,7730.13965058787
"2018-05-02 14:00:00",5179,5328.52427734379,3400.28742610774,7256.76112857983,2379.54049573564,8277.50805895193
"2018-05-02 15:00:00",5913,5745.03280301288,3813.69033457489,7676.37527145086,2791.2993897635,8698.76621626225
"2018-05-02 16:00:00",6935,5832.10768767709,3897.66789090836,7766.54748444583,2873.63731952104,8790.57805583315
"2018-05-02 17:00:00",6291,5460.78613320781,3523.25392154227,7398.31834487336,2497.58632459383,8423.98594182179
"2018-05-02 18:00:00",4763,4650.82644405878,2710.20642932491,6591.44645879266,1682.90424816989,7618.74863994768
"2018-05-02 19:00:00",3518,3611.09737324773,1667.39440452641,5554.80034196906,638.460206113159,6583.73454038231
"2018-05-02 20:00:00",3114,2656.87776425542,710.096742661189,4603.65878584964,-320.466878516967,5634.2224070278
"2018-05-02 21:00:00",2634,2014.45159522062,64.5973886208396,3964.30580182039,-967.593078428905,4996.49626887014
"2018-05-02 22:00:00",1721,1657.93178764918,-294.990767989453,3610.85434328781,-1328.80552090466,4644.66909620301
"2018-05-02 23:00:00",1074,1340.42496084441,-615.561131374415,3296.41105306323,-1650.99762259335,4331.84754428217
"2018-05-03 00:00:00",591,833.387987825209,-1125.65685039984,2792.43282605025,-2162.71254394583,3829.48851959625
"2018-05-03 01:00:00",373,190.337406527914,-1771.76140933256,2152.43622238839,-2810.43378098259,3191.10859403841
"2018-05-03 02:00:00",259,-205.263354048628,-2170.41140143156,1759.8846933343,-3210.69793874518,2800.17123064793
"2018-05-03 03:00:00",345,111.402292709988,-1856.79026216511,2079.59484758509,-2898.68846439175,3121.49304981173
"2018-05-03 04:00:00",937,1312.26952305781,-658.962837169543,3283.50188328516,-1702.47021514669,4327.0092612623
"2018-05-03 05:00:00",3025,3077.74493978703,1103.47745462936,5052.01242494471,58.3633785674115,6097.12650100666
"2018-05-03 06:00:00",5893,4745.35233900175,2768.05438778307,6722.65029022043,1721.33607989276,7769.36859811074
"2018-05-03 07:00:00",6457,5708.67087324976,3728.34709345108,7688.99465304844,2680.02700866657,8737.31473783296
"2018-05-03 08:00:00",6084,5774.07439481487,3790.72940269204,7757.41938693769,2740.80998471156,8807.33880491817
"2018-05-03 09:00:00",5289,5226.14909259351,3239.78748333873,7212.51070184829,2188.27116471008,8264.02702047693
"2018-05-03 10:00:00",4763,4588.8612971245,2599.48764502598,6578.23494922303,1546.37684723108,7631.34574701792
"2018-05-03 11:00:00",4987,4288.86350076524,2296.48235936524,6281.24464216524,1241.77949290375,7335.94750862673
"2018-05-03 12:00:00",5210,4455.59642960983,2460.21233186099,6450.98052735867,1403.9197963331,7507.27306288656
"2018-05-03 13:00:00",5332,4943.59770559669,2945.20724607995,6941.98816511343,1887.32323876569,7999.87217242769
"2018-05-03 14:00:00",5462,5485.96302060696,3484.5720507323,7487.35399048163,2425.09966918101,8546.82637203292
"2018-05-03 15:00:00",6103,5836.50542519102,3832.12237525938,7840.88847512265,2771.06608220281,8901.94476817922
"2018-05-03 16:00:00",6977,5835.14855195287,3827.77971595871,7842.51738794703,2765.14284323625,8905.15426066949
"2018-05-03 17:00:00",6630,5427.98889161512,3417.63868299549,7438.33910023475,2353.4235669396,8502.55421629064
"2018-05-03 18:00:00",5019,4684.5330348723,2671.20569296997,6697.86037677463,1605.41457775315,7763.65149199145
"2018-05-03 19:00:00",3664,3795.33374155395,1779.03363094756,5811.63385216035,711.668827038167,6878.99865606973
"2018-05-03 20:00:00",3325,2997.80999004067,978.541497741359,5017.07848233999,-90.3946725171782,6086.01465259852
"2018-05-03 21:00:00",2716,2435.20563229978,412.973120423168,4457.43814417639,-657.532107019993,5527.94337161955
"2018-05-03 22:00:00",1918,2049.95677599032,24.7645825422114,4075.14896943842,-1047.30740568402,5147.22095766465
"2018-05-03 23:00:00",1308,1629.52539860939,-398.622157812377,3657.67295503116,-1472.25862069408,4731.30941791286
"2018-05-04 00:00:00",655,1010.42063145518,-1020.67798780899,3041.51925071936,-2095.87664899418,4116.71791190455
"2018-05-04 01:00:00",393,289.522592190217,-1744.52280838964,2323.56799277008,-2821.28140137497,3400.32658575541
"2018-05-04 02:00:00",338,-154.148257800705,-2191.13617676579,1882.83966116438,-3269.45244489221,2961.1559292908
"2018-05-04 03:00:00",409,109.069750712953,-1930.85644216754,2148.99594359344,-3010.72813854843,3228.86763997434
"2018-05-04 04:00:00",882,1225.53924699852,-817.320993643311,3268.39948764035,-1898.74588108786,4349.8243750849
"2018-05-04 05:00:00",2841,2885.35589980004,839.565819368659,4931.14598023142,-243.41003157384,6014.12183117392
"2018-05-04 06:00:00",5503,4464.48573542692,2415.7700051248,6513.20146572904,1331.24540869339,7597.72606216045
"2018-05-04 07:00:00",6587,5395.86945505216,3344.2322468735,7447.50666323083,2258.16111347351,8533.57779663082
"2018-05-04 08:00:00",5771,5502.96320487717,3448.40867301901,7557.51773673533,2360.7932017495,8645.13320800484
"2018-05-04 09:00:00",5156,5061.36836494986,3003.90064593828,7118.83608396144,1914.7430265439,8207.99370335583
"2018-05-04 10:00:00",4982,4568.11065491521,2507.73386773027,6628.48744210014,1417.03628066735,7719.18502916307
"2018-05-04 11:00:00",5275,4410.28178357297,2347.00002977242,6473.56353737353,1254.76464627446,7565.79892087149
"2018-05-04 12:00:00",5528,4667.37442246256,2601.19178630425,6733.55705862087,1507.42076844677,7827.32807647834
"2018-05-04 13:00:00",5557,5146.08133875001,3076.99748147792,7215.16519602211,1981.69064993431,8310.47202756572
"2018-05-04 14:00:00",5869,5563.80268748859,3491.82241443478,7635.78296054241,2394.98231299417,8732.62306198301
"2018-05-04 15:00:00",6262,5719.99872196844,3645.12826832022,7794.86917561665,2546.75819769142,8893.23924624545
"2018-05-04 16:00:00",6662,5556.09909014344,3478.34349723475,7633.85468305212,2378.44612613871,8733.75205414816
"2018-05-04 17:00:00",6014,5120.09094075739,3039.45419756601,7200.72768394876,1938.03163764004,8302.15024387474
"2018-05-04 18:00:00",5024,4509.13721814096,2425.62321107236,6592.65122520956,1322.67751965521,7695.59691662671
"2018-05-04 19:00:00",4000,3835.24340614889,1748.85608572987,5921.63072656791,644.389354104121,7026.09745819366
"2018-05-04 20:00:00",3541,3202.61027171894,1113.35359540649,5291.86694803139,7.36791852332408,6397.85262491456
"2018-05-04 21:00:00",3323,2673.73241277075,581.610318632613,4765.85450690889,-525.892218820837,5873.35704436234
"2018-05-04 22:00:00",2718,2237.57250926585,142.58891644961,4332.55610208209,-966.428406902712,5441.57342543441
"2018-05-04 23:00:00",2103,1819.94014491415,-277.901043702083,3917.78133353037,-1388.4310868944,5028.3113767227
"2018-05-05 00:00:00",1446,1349.95396781167,-750.740929439389,3450.64886506274,-1862.78163473077,4562.68957035412
"2018-05-05 01:00:00",691,838.054112220675,-1265.49062225797,2941.59884669932,-2379.03994024922,4055.14816469057
"2018-05-05 02:00:00",518,396.385049678629,-1710.00566634206,2502.77576569932,-2825.06155595654,3617.8316553138
"2018-05-05 03:00:00",345,175.933342267013,-1933.29951522497,2285.16619975899,-3049.85994365201,3401.72662818603
"2018-05-05 04:00:00",399,268.723883324626,-1843.34729107087,2380.79505772012,-2961.41023370659,3498.85800035584
"2018-05-05 05:00:00",687,656.622350641384,-1458.2833314876,2771.52803277037,-2577.8467718792,3891.09147316197
"2018-05-05 06:00:00",1382,1241.63040395275,-876.105992034818,3359.36679994031,-1997.16792182623,4480.42872973173
"2018-05-05 07:00:00",2248,1918.18537841984,-202.377952744609,4038.74870958428,-1324.93637162257,5161.30712846225
"2018-05-05 08:00:00",3095,2616.23952976982,492.853027018119,4739.62603252152,-631.199888622398,5863.67894816204
"2018-05-05 09:00:00",3848,3285.81770796964,1159.61178222845,5412.02363371083,34.0663542131674,6537.56906172611
"2018-05-05 10:00:00",3915,3861.99786074225,1732.97624571674,5991.01947576776,605.940281830831,7118.05543965368
"2018-05-05 11:00:00",4280,4268.32654424102,2136.49295884213,6400.16012963991,1007.96842775811,7528.68466072393
"2018-05-05 12:00:00",4775,4466.01250444042,2331.37065288229,6600.65435599856,1201.35951549268,7730.66549338817
"2018-05-05 13:00:00",4730,4494.74103239965,2357.29214706689,6632.18991773241,1225.79505575671,7763.6870090426
"2018-05-05 14:00:00",4394,4448.65350271519,2308.40167951965,6588.90532591074,1175.42080253363,7721.88620289676
"2018-05-05 15:00:00",4699,4397.42944908319,2254.3795767159,6540.47932145048,1119.91750197078,7674.9413961956
"2018-05-05 16:00:00",4580,4326.92269020153,2181.0789868169,6472.76639358615,1045.13794726873,7608.70743313433
"2018-05-05 17:00:00",4539,4163.68567178764,2015.05176360667,6312.31957996861,877.633678860881,7449.7376647144
"2018-05-05 18:00:00",4156,3864.38218831653,1712.96163944721,6015.80273718584,574.068396228612,7154.69598040444
"2018-05-05 19:00:00",3146,3479.04261715474,1324.83902263193,5633.24621167754,184.472524037031,6773.61271027244
"2018-05-05 20:00:00",2767,3115.23925552819,958.256209436252,5272.22230162013,-183.581641941635,6414.06015299802
"2018-05-05 21:00:00",2922,2830.00162104335,670.242701856835,4989.76054022987,-473.06460797403,6133.06785006074
"2018-05-05 22:00:00",3145,2558.74274215639,396.211513028234,4721.27397128455,-748.563369036381,5866.04885334916
"2018-05-05 23:00:00",2432,2165.51087722081,0.210887488302433,4330.81086695331,-1146.0296879044,5477.05144234601
"2018-05-06 00:00:00",1674,1582.05450334717,-586.01071113089,3750.11971782523,-1733.71510808109,4897.82411477544
"2018-05-06 01:00:00",784,906.848193669323,-1263.97872317277,3077.67511051142,-2413.14507704434,4226.84146438298
"2018-05-06 02:00:00",509,361.05028004465,-1812.53483021092,2534.63539030022,-2963.16128347762,3685.26184356692
"2018-05-06 03:00:00",346,130.079561926694,-2046.26024613717,2306.41936999056,-3198.34494833741,3458.5040721908
"2018-05-06 04:00:00",269,231.754784739593,-1947.33623878464,2410.84580826383,-3100.87734647478,3564.38691595397
"2018-05-06 05:00:00",459,532.440681453719,-1649.39808835597,2714.2794512634,-2804.39376506573,3869.27512797317
"2018-05-06 06:00:00",998,891.353630078815,-1293.22942993179,3075.93669008942,-2449.67784612055,4232.38510627818
"2018-05-06 07:00:00",1332,1289.16241325363,-898.161493881724,3476.48632038899,-2056.06082689505,4634.38565340232
"2018-05-06 08:00:00",2390,1812.38909635968,-377.672227751243,4002.4504204706,-1537.02066177785,5161.7988544972
"2018-05-06 09:00:00",3000,2510.4477884859,317.652464702334,4703.24311226947,-843.14326132665,5864.03883829845
"2018-05-06 10:00:00",3568,3275.73277023128,1080.2068513117,5471.25868915086,-82.0343644668437,6633.4999049294
"2018-05-06 11:00:00",3914,3881.9244645846,1683.67134237863,6080.17758679057,519.98643238727,7243.86249678193
"2018-05-06 12:00:00",4053,4159.46901293202,1958.4920666809,6360.44595918313,793.365251338973,7525.57277452506
"2018-05-06 13:00:00",4237,4142.74556641922,1939.04678962608,6346.44434321236,772.47912423039,7513.01200860804
"2018-05-06 14:00:00",4295,4037.78033223791,1831.36331411063,6244.1973503652,663.356698673061,7412.20396580276
"2018-05-06 15:00:00",4332,4028.43564704458,1819.3044156408,6237.56687844836,649.860982486268,7407.01031160289
"2018-05-06 16:00:00",4181,4100.835573724,1888.99377817718,6312.67736927081,718.115459040257,7483.55568840774
"2018-05-06 17:00:00",3739,4058.16075444349,1843.61170876867,6272.70980011832,671.300257982927,7445.02125090406
"2018-05-06 18:00:00",3778,3718.45659318035,1501.20357241423,5935.70961394646,327.460723679394,7109.4524626813
"2018-05-06 19:00:00",3041,3106.87749990735,886.92379214556,5326.83120766914,-288.248713925705,6502.00371374041
"2018-05-06 20:00:00",2658,2450.30838691869,227.65727552074,4672.95949831664,-948.943149781409,5849.55992361879
"2018-05-06 21:00:00",2350,1970.08907592999,-255.256168653731,4195.43432051372,-1433.28278191491,5373.4609337749
"2018-05-06 22:00:00",1717,1671.45279410139,-556.583325943628,3899.48891414642,-1736.03440262867,5078.93999083146
"2018-05-06 23:00:00",1248,1346.05612542901,-884.667624214469,3576.77987507248,-2065.54144606738,4757.6536969254
"2018-05-07 00:00:00",597,808.104601266553,-1425.30354376355,3041.51274629666,-2607.59839869602,4223.80760122912
"2018-05-07 01:00:00",353,153.02356411838,-2083.06575371496,2389.11288195172,-3266.77993579437,3572.82706403113
"2018-05-07 02:00:00",244,-217.562434659998,-2456.32971429397,2021.20484497397,-3641.46152371822,3206.33665439822
"2018-05-07 03:00:00",326,134.491965628928,-2106.95007631441,2375.93400757226,-3293.49781937513,3562.48175063299
"2018-05-07 04:00:00",875,1323.83695399232,-920.276662209738,3567.95057019439,-2108.23865125488,4755.91255923952
"2018-05-07 05:00:00",2729,2991.13742894515,744.35541516276,5237.91944272755,-445.019138234828,6427.29399612513
"2018-05-07 06:00:00",5780,4496.70087247897,2247.25362648973,6746.14811846821,1056.4681843872,7936.93356057074
"2018-05-07 07:00:00",6339,5313.70141938827,3061.59209532758,7565.81074344895,1869.39743421853,8758.005404558
"2018-05-07 08:00:00",5793,5324.90497627121,3070.13671710275,7579.67323543966,1876.53450077165,8773.27545177077
"2018-05-07 09:00:00",4932,4824.39472024439,2566.97065782589,7081.81878266288,1371.96254417806,8276.82689631071
"2018-05-07 10:00:00",4369,4270.14741714854,2010.07067229705,6530.22416200003,813.658313393255,7726.63652090383
"2018-05-07 11:00:00",4608,4004.72638762948,1742.00007018608,6267.45270507289,544.185112276736,7465.26766298223
"2018-05-07 12:00:00",4792,4129.56140621838,1864.18861511236,6394.9341973244,664.972698671553,7594.1501137652
"2018-05-07 13:00:00",4815,4549.69729028239,2281.68034482548,6817.7142357393,1081.06469762267,8018.32988294211
"2018-05-07 14:00:00",4969,5076.11369613951,2805.45580505872,7346.77158722031,1603.44212569138,8548.78526658765
"2018-05-07 15:00:00",5799,5489.02580450188,3215.73041847918,7762.32119052458,2012.32053362802,8965.73107537575
"2018-05-07 16:00:00",6663,5571.18423171452,3295.25458556884,7847.1138778602,2090.45020764354,9051.91825578549
"2018-05-07 17:00:00",6197,5175.08260345744,2896.52174062402,7453.64346629085,1690.3244807219,8659.84072619298
"2018-05-07 18:00:00",4502,4326.34165557188,2045.15259392348,6607.53071722028,837.564049609849,7815.1192615339
"2018-05-07 19:00:00",3292,3267.82353466644,984.009295673794,5551.63777365908,-224.968933581343,6760.61600291422
"2018-05-07 20:00:00",2791,2349.00794453215,62.5715433194318,4635.44434574487,-1147.79477476689,5845.8106638312
"2018-05-07 21:00:00",2494,1796.52029546361,-492.535263749813,4085.57585467703,-1704.28808032965,5297.32867125686
"2018-05-07 22:00:00",1591,1544.06294752277,-747.608776255477,3835.73467130102,-1960.74650669959,5048.87240174514
"2018-05-07 23:00:00",1010,1293.64889271539,-1000.63601247263,3587.93379790341,-2215.15707759413,4802.45486302491
"2018-05-08 00:00:00",585,796.303206726844,-1500.59190686019,3093.19832031387,-2716.49473284224,4309.10114629593
"2018-05-08 01:00:00",356,131.206878388004,-2168.29548070054,2430.70923747655,-3385.57849907997,3647.99225585598
"2018-05-08 02:00:00",264,-271.391956624454,-2573.49860838534,2030.71469513643,-3792.16025602878,3249.37634277987
"2018-05-08 03:00:00",331,78.5179603470378,-2226.19004126828,2383.22596196235,-3446.22876034205,3603.26468103613
"2018-05-08 04:00:00",868,1336.14465315217,-971.161765453347,3643.45107175768,-2192.5760033929,4864.86530969723
"2018-05-08 05:00:00",2849,3140.04990738118,830.147994752242,5449.95182001012,-392.640214727952,6672.74002949031
"2018-05-08 06:00:00",5958,4799.231730491,2486.73723696341,7111.72622401859,1262.57659805767,8335.88686292432
"2018-05-08 07:00:00",6651,5714.33920940605,3399.25503831766,8029.42338049444,2173.72350692062,9254.95491189149
"2018-05-08 08:00:00",6203,5721.66080601588,3403.9898509723,8039.33176105946,2177.08895886622,9266.23265316554
"2018-05-08 09:00:00",5428,5127.84281122857,2807.58795615743,7448.09766629971,1579.31923000139,8676.36639245576
"2018-05-08 10:00:00",4500,4454.70335531484,2131.8674745196,6777.53923611007,902.23243587793,8007.17427475174
"2018-05-08 11:00:00",4614,4115.32822430542,1789.91418251881,6440.74226609204,558.914347889406,7671.74210072144
"2018-05-08 12:00:00",4601,4240.54772646118,1912.55837889815,6568.53707402421,680.195259740521,7800.90019318184
"2018-05-08 13:00:00",4583,4709.29965000505,2378.73741135347,7039.86188865664,1145.01228592616,8273.58701408395
"2018-05-08 14:00:00",5196,5279.45461293834,2946.32239318006,7612.58683269661,1711.23680193441,8847.67242394226
"2018-05-08 15:00:00",5855,5697.09177527093,3361.39261673916,8032.7909338027,2124.94817018909,9269.23538035278
"2018-05-08 16:00:00",6578,5754.91574070047,3416.65256137928,8093.17892002165,2178.85080421224,9330.9806771887
"2018-05-08 17:00:00",6279,5344.75059506992,3003.92620230713,7685.57498783271,1764.76862064328,8924.73256949656
"2018-05-08 18:00:00",4545,4521.71561870644,2178.3328022139,6865.09843519899,937.820872837494,8105.61036457539
"2018-05-08 19:00:00",3274,3519.49902689349,1173.5605751184,5865.43747866857,-68.3042258557662,7107.30227964274
"2018-05-08 20:00:00",3044,2645.35817426125,296.866868825609,4993.84947969689,-946.349331244598,6237.0656797671
"2018-05-08 21:00:00",2334,2084.51391181302,-266.527475027081,4435.55529865312,-1511.09360664959,5680.12143027563
"2018-05-08 22:00:00",1513,1762.90695933104,-590.681745939455,4116.49566460154,-1836.59634648415,5362.41026514624
"2018-05-08 23:00:00",1027,1413.8455280633,-942.287741647829,3769.97879777442,-2189.54935324059,5017.24040936719
"2018-05-09 00:00:00",516,834.507297262863,-1524.16779179117,3193.1823863169,-2772.77496126505,4441.78955579078
"2018-05-09 01:00:00",319,132.643375895216,-2228.57079626309,2493.85754805352,-3478.52207514085,3743.80882693128
"2018-05-09 02:00:00",261,-265.950444961022,-2629.70097280338,2097.80008288134,-3880.99491727596,3349.09402735391
"2018-05-09 03:00:00",340,101.641204666879,-2264.64296021037,2467.92536954413,-3517.27813111185,3720.5605404456
"2018-05-09 04:00:00",885,1365.16351681656,-1003.65157516994,3733.97860880305,-2257.62653795232,4987.95357158543
"2018-05-09 05:00:00",2881,3157.30818839976,785.964870552853,5528.65150624667,-469.348454155683,6783.9648309552
"2018-05-09 06:00:00",6008,4800.889188996,2427.02033790684,7174.75804008516,1170.37007665811,8431.40830133389
"2018-05-09 07:00:00",6523,5715.85280074788,3339.46110044981,8092.24450104594,2081.4753235023,9350.23027799345
"2018-05-09 08:00:00",6254,5747.4874655362,3368.57559152328,8126.39933954913,2109.25571519798,9385.71921587442
"2018-05-09 09:00:00",5210,5194.59834598516,2813.16896525731,7576.02772671302,1552.51640137871,8836.68029059161
"2018-05-09 10:00:00",4720,4559.44468830969,2175.50045941758,6943.38891720181,913.516615337396,8205.37276128199
"2018-05-09 11:00:00",4693,4235.8962039558,1849.43977704534,6622.35263086625,586.126055666085,7885.66635224551
"2018-05-09 12:00:00",4840,4347.75034781126,1958.78436466785,6736.71633095467,694.142164466215,8001.35853115631
"2018-05-09 13:00:00",4933,4784.44516622394,2392.9720182718,7175.91831417607,1127.00260519132,8441.88772725656
"2018-05-09 14:00:00",5109,5327.09013502557,2933.11248878738,7721.06778126376,1665.81727439987,8988.36299565126
"2018-05-09 15:00:00",6159,5743.59012646499,3347.1107198222,8140.06953310777,2078.49115347457,9408.6890994554
"2018-05-09 16:00:00",6844,5830.66395264496,3431.68545070692,8229.642454583,2161.74294322283,9499.58496206709
"2018-05-09 17:00:00",6436,5459.22967103919,3057.75467384283,7860.70466823555,1786.49060159869,9131.96874047969
"2018-05-09 18:00:00",4768,4649.19905764488,2245.23015239137,7053.1679628984,972.64588496875,8325.75223032102
"2018-05-09 19:00:00",3511,3609.52277254653,1203.06254280975,6015.9830022833,-70.8405521299442,7289.886097223
"2018-05-09 20:00:00",3287,2655.35011732445,246.401139942142,5064.29909470676,-1028.81941841914,6339.51965306804
"2018-05-09 21:00:00",2734,2012.93021339063,-398.504942949009,4424.36536973027,-1675.04160495047,5700.90203173174
"2018-05-09 22:00:00",1736,1656.3901225773,-757.528652120423,4070.30889727502,-2035.38006226271,5348.1603074173
"2018-05-09 23:00:00",1466,1338.85341322907,-1077.54642713577,3755.2532535939,-2356.7112341059,5034.41806056404
"2018-05-10 00:00:00",633,831.730724361836,-1587.14763682227,3250.60908554594,-2867.62449345919,4531.08594218286
"2018-05-10 01:00:00",364,188.628346112665,-2232.72599885423,2609.98269107956,-3514.51356213193,3891.77025435726
"2018-05-10 02:00:00",270,-206.827674183116,-2630.65547367165,2217.00012530542,-3913.75240468017,3500.09705631394
"2018-05-10 03:00:00",374,109.885170407816,-2316.41356207688,2536.18390289251,-3600.81852600126,3820.58886681689
"2018-05-10 04:00:00",928,1310.877500576,-1117.88965107532,3739.64465222731,-2403.60131717458,5025.35631832657
"2018-05-10 05:00:00",2881,3076.36225463128,645.129189986085,5507.59531927647,-641.887851600348,6794.61236086291
"2018-05-10 06:00:00",5840,4743.85941979813,2310.16294071375,7177.5558988825,1021.84184629511,8465.87699330114
"2018-05-10 07:00:00",6197,5707.2292876707,3271.07188512232,8143.38669021909,1981.44805651406,9433.01051882734
"2018-05-10 08:00:00",5690,5772.77176459188,3334.15592201337,8211.38760717039,2043.230673866,9502.31285531777
"2018-05-10 09:00:00",5568,5224.79347184222,2783.72166516416,7665.86527852029,1491.49630815614,8958.09063552832
"2018-05-10 10:00:00",4691,4587.3574715921,2143.83216927945,7030.88277390475,850.308010137197,8324.406933047
"2018-05-10 11:00:00",5120,4287.268781874,1841.29244496358,6733.24511878442,546.470786481287,8028.06677726671
"2018-05-10 12:00:00",5268,4454.05941682399,2005.63449896163,6902.48433468636,709.516640020943,8198.60219362705
"2018-05-10 13:00:00",5140,4942.12376023734,2491.25257163247,7392.99494884221,1193.8397351844,8690.40778529029
"2018-05-10 14:00:00",5599,5484.51485491536,3031.19985776465,7937.82985206607,1732.49334721736,9236.53636261335
"2018-05-10 15:00:00",6364,5835.05234218464,3379.29603615828,8290.80864821101,2079.29717475725,9590.80750961204
"2018-05-10 16:00:00",7074,5833.69485905832,3375.49970027563,8291.89001784101,2074.2097882119,9593.17992990475
"2018-05-10 17:00:00",6722,5426.4702468347,2965.83865219818,7887.10184147122,1663.25896890263,9189.68152476677
"2018-05-10 18:00:00",5110,4682.97352448251,2219.90790105929,7146.03914790573,916.039720756297,8449.90732820873
"2018-05-10 19:00:00",3824,3793.80464559985,1328.30739581176,6259.30189538794,23.1519902666182,7564.45730093308
"2018-05-10 20:00:00",3310,2996.30794821686,528.381468104148,5464.23442832957,-778.059894296052,6770.67579072977
"2018-05-10 21:00:00",2906,2433.70720033488,-36.6461212269355,4904.0605218967,-1344.37217588789,6211.78657655766
"2018-05-10 22:00:00",2014,2048.44665709541,-424.331124159113,4521.22443834993,-1733.34061025513,5830.23392444595
"2018-05-10 23:00:00",1287,1627.99806178725,-847.20180440956,4103.19792798406,-2157.49346482372,5413.48958839822
"2018-05-11 00:00:00",660,1008.84390629385,-1468.77567705275,3486.46348964044,-2780.34825835141,4798.0360709391
"2018-05-11 01:00:00",379,287.916022308831,-2192.12091732373,2767.95296194139,-3504.97316974107,4080.80521435874
"2018-05-11 02:00:00",302,-155.671430256145,-2638.12337220796,2326.78051169567,-3952.25404962929,3640.911189117
"2018-05-11 03:00:00",342,107.573773023301,-2377.29082414466,2592.43837019126,-3692.69868408864,3907.84623013524
"2018-05-11 04:00:00",814,1224.11535019915,-1263.15956191193,3711.39026231022,-2579.84336551284,5028.07406591113
"2018-05-11 05:00:00",2640,2883.9373830565,394.254489478365,5373.62027663464,-923.704022511889,6691.57878862489
"2018-05-11 06:00:00",5561,4463.00370323443,1970.91515490111,6955.09225156775,651.683166208394,8274.32424026047
"2018-05-11 07:00:00",6472,5394.41700058158,2899.92511747342,7888.90888368975,1579.42088020164,9209.41312096153
"2018-05-11 08:00:00",5594,5501.59081470756,3004.69791010573,7998.48371930939,1682.92264883197,9320.25898058315
"2018-05-11 09:00:00",5189,5059.96544233487,2560.67382285358,7559.25706181617,1237.62875862564,8882.3021260441
"2018-05-11 10:00:00",4978,4566.62233869041,2064.93430430884,7068.31037307197,740.620654662173,8392.62402271864
"2018-05-11 11:00:00",5292,4408.7410957882,1904.6589398823,6912.8232516941,579.077918856779,8238.40427271963
"2018-05-11 12:00:00",5530,4665.86698416274,2159.3929935367,7172.34097478877,832.545811693346,8499.18815663213
"2018-05-11 13:00:00",5323,5144.61023906614,2635.74661738752,7653.47386074475,1307.63444127747,8981.58603685481
"2018-05-11 14:00:00",5648,5562.34644171407,3051.09547580201,8073.59740762613,1721.71951599419,9402.97336743395
"2018-05-11 15:00:00",6354,5718.53964290081,3204.90363829104,8232.17564751057,1874.26511526235,9562.81417053926
"2018-05-11 16:00:00",6858,5554.63965966657,3038.62089501425,8070.65842431889,1706.72101501185,9402.55830432128
"2018-05-11 17:00:00",5773,5118.59408585091,2600.19481537691,7636.99335632491,1267.03477171327,8970.15339998855
"2018-05-11 18:00:00",5138,4507.61681700678,1986.83928704635,7028.39434696721,652.420268859506,8362.81336515405
"2018-05-11 19:00:00",3863,3833.74052941085,1310.58698134562,6356.89407747608,-25.0898248486556,7692.57088367036
"2018-05-11 20:00:00",3108,3201.12298321529,675.595652506016,5726.65031392455,-661.337758314256,7063.58372474483
"2018-05-11 21:00:00",3134,2672.24720422432,144.348319980049,5200.1460884686,-1193.84051544717,6538.33492389582
"2018-05-11 22:00:00",2436,2236.08056686395,-294.187648122367,4766.34878185026,-1633.63073148102,6105.79186520892
"2018-05-11 23:00:00",1740,1818.43828176962,-714.197047408224,4351.07361094745,-2054.89320532735,5691.76976886658
"2018-05-12 00:00:00",1107,1348.4236477503,-1186.57658527407,3883.42388077467,-2528.5246476677,5225.37194316829
"2018-05-12 01:00:00",642,836.506596020909,-1700.85633668424,3373.86952872606,-3044.05513673751,4717.06832877932
"2018-05-12 02:00:00",427,394.885585991529,-2144.83784838039,2934.60902036344,-3489.28622253496,4279.05739451802
"2018-05-12 03:00:00",482,174.449547846702,-2367.63219630113,2716.53129199454,-3713.32898424009,4062.2280799335
"2018-05-12 04:00:00",440,267.281620965755,-2277.15624716182,2811.71948909333,-3624.10029179455,4158.66353372606
"2018-05-12 05:00:00",809,655.18318819736,-1891.60862418022,3201.97500057494,-3239.79877162752,4550.16514802224
"2018-05-12 06:00:00",1428,1240.15464474756,-1308.98893818875,3789.29822768387,-2658.42403776795,5138.73332726308
"2018-05-12 07:00:00",2113,1916.72666152099,-634.766524293404,4468.21984733538,-1985.44542850369,5818.89875154566
"2018-05-12 08:00:00",3110,2614.82694485947,60.986317864676,5168.66757185426,-1290.93524664307,6520.58913636201
"2018-05-12 09:00:00",3792,3284.38753066693,728.201618233903,5840.57344309995,-624.961465390324,7193.73652672418
"2018-05-12 10:00:00",4455,3860.5184807511,1301.98943269381,6419.04752880839,-52.4140320041297,7773.45099350634
"2018-05-12 11:00:00",4818,4266.81698844075,1705.94694867207,6827.68702820943,350.304237819336,8183.32973906217
"2018-05-12 12:00:00",5167,4464.52210656122,1901.31321311989,7027.73100000255,544.432387921704,8384.61182520074
"2018-05-12 13:00:00",4769,4493.27157236072,1927.72591427949,7058.81723044196,569.608080602984,8416.93506411846
"2018-05-12 14:00:00",4631,4447.19260129931,1879.31231230683,7015.07289029179,519.958599679727,8374.4266029189
"2018-05-12 15:00:00",4283,4395.96691516241,1825.75413739139,6966.17969293343,465.165679790252,8326.76815053457
"2018-05-12 16:00:00",4148,4325.45995380062,1752.91681210396,6898.00309549729,391.094734357949,8259.8251732433
"2018-05-12 17:00:00",3972,4162.2013719269,1587.32997526322,6737.07276859059,224.275393787608,8100.1273500662
"2018-05-12 18:00:00",3736,3862.88432142374,1285.68677219097,6440.0818706565,-78.599200071998,7804.36784291947
"2018-05-12 19:00:00",3060,3477.55484758979,898.033243286337,6057.07645189324,-467.483009415421,7422.592704595
"2018-05-12 20:00:00",2718,3113.76046770071,531.916900389137,5695.60403501229,-834.828525280383,7062.34946068181
"2018-05-12 21:00:00",2727,2828.5240316652,244.360587738136,5412.68747559227,-1123.6129064296,6780.66096976001
"2018-05-12 22:00:00",2527,2557.26127281128,-29.2199669798306,5143.74251260239,-1398.4204281625,6512.94297378506
"2018-05-12 23:00:00",2033,2164.02369167546,-424.773268819326,4752.82065217024,-1795.19959849339,6123.24698184431
"2018-05-13 00:00:00",1191,1580.55092130016,-1010.55969029964,4171.66153289996,-2382.21079288575,5543.31263548607
"2018-05-13 01:00:00",756,905.334703435951,-1688.0874952086,3498.75690208051,-3060.96227805926,4871.63168493116
"2018-05-13 02:00:00",622,359.564477031198,-2236.16725011228,2955.29620417467,-3610.26462349913,4329.39357756153
"2018-05-13 03:00:00",353,128.602787343663,-2469.43641524281,2726.64198993013,-3844.75529234371,4101.96086703104
"2018-05-13 04:00:00",342,230.301940387038,-2370.04269005199,2830.64657082606,-3746.58198693803,4207.18586771211
"2018-05-13 05:00:00",460,530.989623232434,-2071.65839290997,3133.63763937484,-3449.41702853269,4511.39627499756
"2018-05-13 06:00:00",868,889.881485280808,-1715.06787983302,3494.83085039464,-3094.04477601164,4873.80774657325
"2018-05-13 07:00:00",1304,1287.70008800462,-1319.54859474197,3894.94877075122,-2699.74267615076,5275.14285216001
"2018-05-13 08:00:00",1965,1810.95335176201,-798.592622648255,4420.49932617227,-2180.00281680396,5801.90952032797
"2018-05-13 09:00:00",3117,2509.00190738374,-102.839338067013,5120.84315283449,-1485.46457531633,6503.46839008381
"2018-05-13 10:00:00",3725,3274.25853918252,660.12403799199,5888.39304037305,-723.715175515192,7272.23225388023
"2018-05-13 11:00:00",3983,3880.43284663296,1264.00709970423,6496.8585935617,-121.045026030259,7881.91071929618
"2018-05-13 12:00:00",4088,4157.98843352372,1539.2734455824,6776.70342146505,153.009468858248,8162.9673981892
"2018-05-13 13:00:00",4184,4141.2770511177,1520.27479729524,6762.27930494017,132.800015152852,8149.75408708255
"2018-05-13 14:00:00",4091,4036.31674830494,1413.02922699223,6659.60426961766,24.344697315837,8048.28879929405
"2018-05-13 15:00:00",4072,4026.97112248225,1401.40033487183,6652.54191009268,11.5071170287802,8042.43512793573
"2018-05-13 16:00:00",4169,4099.37093249767,1471.51886810553,6727.22299688981,80.4180152819627,8118.32384971338
"2018-05-13 17:00:00",3827,4056.6836886287,1426.5523260826,6686.8150511748,34.2448857007894,8079.12249155661
"2018-05-13 18:00:00",3555,3716.97171022283,1084.56302253425,6349.38039791142,-308.949960956627,7742.89338140229
"2018-05-13 19:00:00",3256,3105.39843489888,470.714390407698,5740.08247939007,-924.003094216047,7134.79996401382
"2018-05-13 20:00:00",3049,2448.83449706869,-188.122940851652,5085.79193498904,-1584.04388726115,6481.71288139854
"2018-05-13 21:00:00",2586,1968.61587660664,-670.612996460323,4607.84474967359,-2067.73636800341,6004.96812121669
"2018-05-13 22:00:00",1759,1669.97735919662,-971.520995801541,4311.47571419479,-2369.84575850845,5709.8004769017
"2018-05-13 23:00:00",1077,1344.57739692554,-1299.1884918198,3988.34328567088,-2698.71361438418,5387.86840823526
"2018-05-14 00:00:00",598,806.61642531456,-1839.41505400125,3452.64790463037,-3240.13950776751,4853.37235839663
"2018-05-14 01:00:00",366,151.529679195567,-2496.76545250077,2799.82481089191,-3898.68821145313,4201.74756984426
"2018-05-14 02:00:00",243,-219.04036656327,-2869.59721741606,2431.51648428952,-4272.71725816749,3834.63652504095
"2018-05-14 03:00:00",308,133.019235784218,-2519.79740594562,2785.83587751405,-3924.11370772668,4190.15217929512
"2018-05-14 04:00:00",875,1322.37801242837,-1332.69649682272,3977.45252167945,-2738.20804147035,5382.96406632709
"2018-05-14 05:00:00",2816,2989.67951653054,332.349058211327,5647.00997484976,-1074.35671373515,7053.71574679624
"2018-05-14 06:00:00",5792,4495.23081025781,1835.64631644169,7154.81530407393,427.747330179789,8562.71429033583
"2018-05-14 07:00:00",6559,5312.23701506112,2650.40039445811,7974.07363566414,1241.30920429084,9383.16482583141
"2018-05-14 08:00:00",5870,5323.45588736995,2659.36904384938,7987.54273089053,1249.08665762428,9397.82511711563
"2018-05-14 09:00:00",5052,4822.9397908166,2156.60462342756,7489.27495820564,745.132046440493,8900.7475351927
"2018-05-14 10:00:00",4392,4268.67615285552,1600.09455584716,6937.25774986388,187.432790853062,8349.91951485798
"2018-05-14 11:00:00",4573,4003.24510523105,1332.41896807277,6674.07124238933,-81.4309847036839,8087.92119516579
"2018-05-14 12:00:00",4794,4128.08648408197,1455.01769148349,6801.15527668046,39.9805486297255,8216.19241953423
"2018-05-14 13:00:00",4831,4548.22931932727,1872.91973751814,7223.5389011364,456.696392509335,8639.76224614521
"2018-05-14 14:00:00",5025,5074.64856657566,2397.10007314669,7752.19706000463,979.691519919377,9169.60561323195
"2018-05-14 15:00:00",5598,5487.56013295835,2807.77460532168,8167.34566059502,1389.1818377178,9585.9384281989
"2018-05-14 16:00:00",6463,5569.71849294998,2887.69780017287,8251.73918572709,1467.92180761688,9671.51517828308
"2018-05-14 17:00:00",5971,5173.60970580797,2489.35570906415,7857.86370255178,1068.3974768019,9278.82193481404
"2018-05-14 18:00:00",4545,4324.86425378557,1638.37880933803,7011.34969823312,216.239320015783,8433.48918755537
"2018-05-14 19:00:00",3113,3266.34948510562,577.634444846656,5955.06452536459,-845.685321203024,7378.38429141427
"2018-05-14 20:00:00",2681,2347.5368768363,-343.405911872236,5038.47966554483,-1767.90497671505,6462.97873038765
"2018-05-14 21:00:00",2293,1795.04962563723,-898.119068753073,4488.21832002754,-2323.79645688667,5913.89570816114
"2018-05-14 22:00:00",2107,1542.59098958407,-1152.80177229424,4237.98375146239,-2579.65651063762,5664.83848980577
"2018-05-14 23:00:00",1022,1292.1750370453,-1405.43995867452,3989.79003276511,-2833.47107655387,5417.82115064447
"2018-05-15 00:00:00",555,794.823907560436,-1905.01149288154,3494.65930800241,-3334.21802201956,4923.86583714043
"2018-05-15 01:00:00",309,129.724289792672,-2572.32969076113,2831.77827034647,-4002.71066526745,4262.1592448528
"2018-05-15 02:00:00",248,-272.865353303078,-2977.13609384913,2431.40538724297,-4408.69055021066,3862.9598436045
"2018-05-15 03:00:00",349,77.0475610288177,-2629.43812386226,2783.53324591989,-4062.16510093341,4216.26022299105
"2018-05-15 04:00:00",934,1334.68219846072,-1374.01661958221,4043.38101650365,-2807.91515857524,5477.27955549668
"2018-05-15 05:00:00",3020,3138.58804567354,427.677901236067,5849.49819011102,-1007.39124323929,7284.56733458638
"2018-05-15 06:00:00",5914,4797.76286822064,2084.64319972813,7510.88253671314,648.404403871355,8947.12133256992
"2018-05-15 07:00:00",6264,5712.87360714058,2997.54621253275,8428.20100174841,1560.13871706634,9865.60849721482
"2018-05-15 08:00:00",5433,5720.20402829569,3002.67070113029,8437.73735546108,1564.09545550638,9876.31260108499
"2018-05-15 09:00:00",5399,5126.38266827716,2406.64519774779,7846.12013880652,966.903149108248,9285.86218744606
"2018-05-15 10:00:00",4528,4453.23380042648,1731.29397138023,7175.17362947273,290.386064566032,8616.08153628693
"2018-05-15 11:00:00",4808,4113.85289711763,1389.71249007265,6837.99330416261,-52.3603323668276,8280.06612660209
"2018-05-15 12:00:00",4967,4239.07606397102,1512.73685513401,6965.41527280804,69.5000573362731,8408.65207060577
"2018-05-15 13:00:00",5017,4707.83199269591,1979.29574621686,7436.36823917495,534.895906945472,8880.76807844634
"2018-05-15 14:00:00",5380,5277.98859280031,2547.25707763695,8008.72010796366,1101.69513332156,9454.28205227905
"2018-05-15 15:00:00",6033,5695.62544285303,2962.70042625816,8428.5504594479,1515.97731242588,9875.27357328017
"2018-05-15 16:00:00",6888,5753.4493695501,3018.332612464,8488.5661266362,1570.44926130032,9936.44947779988
"2018-05-15 17:00:00",6548,5343.28009906419,2605.97335637536,8080.58684175302,1156.93069686213,9529.62950126626
"2018-05-15 18:00:00",4953,4520.24252747436,1780.7475497106,7259.73750523812,330.546508521261,8709.93854642746
"2018-05-15 19:00:00",3602,3518.02786717446,776.346400813937,6259.70933353498,-675.012097521815,7711.06783187074
"2018-05-15 20:00:00",3050,2643.88873265033,-99.9774799627912,5387.75494526346,-1552.49251310367,6840.26997840433
"2018-05-15 21:00:00",2773,2083.0446994482,-663.004521237474,4829.09392013387,-2116.67516904654,6282.76456794294
"2018-05-15 22:00:00",3335,1761.43700477192,-986.793489953212,4509.66749949706,-2441.6188344888,5964.49284403265
"2018-05-15 23:00:00",2286,1412.37448005897,-1338.0355587986,4162.78451891654,-2794.01468430325,5618.76364442119
"2018-05-16 00:00:00",720,833.033112785947,-1919.55474440595,3585.62096997785,-3376.68673729733,5042.75296286922
"2018-05-16 01:00:00",442,131.16729609143,-2623.59665772965,2885.93124991251,-4081.8806065921,4344.21519877496
"2018-05-16 02:00:00",352,-267.421228500633,-3024.35956132266,2489.5171043214,-4483.79455689873,3948.95209989746
"2018-05-16 03:00:00",367,100.172148166985,-2658.93885008863,2859.2831464226,-4119.52398527053,4319.86828160451
"2018-05-16 04:00:00",895,1363.69903790693,-1397.58291625976,4124.98099207363,-2859.31728608097,5586.71536189484
"2018-05-16 05:00:00",3014,3155.8440511573,392.392846573037,5919.29525574157,-1070.48985505374,7382.17795736834
"2018-05-16 06:00:00",5844,4799.42101811789,2033.80226459639,7565.03977163939,569.772131873331,9029.06990436245
"2018-05-16 07:00:00",5988,5714.38650824626,2946.6019032704,8482.17111322212,1481.4252380442,9947.34777844831
"2018-05-16 08:00:00",5293,5746.02625762428,2976.07749469508,8515.97502055347,1509.75519345105,9982.2973217975
"2018-05-16 09:00:00",5122,5193.13519906725,2421.02396771946,7965.24643041503,953.556924843251,9432.71347329124
"2018-05-16 10:00:00",4941,4557.9761183599,1783.70410417742,7332.24813254238,315.093211963248,8800.85902475655
"2018-05-16 11:00:00",5110,4234.42430807942,1457.99319271068,7010.85542344816,-11.7606586305355,8480.60927478938
"2018-05-16 12:00:00",5042,4346.28056348848,1567.69202466175,7124.86910231521,96.79610232917,8595.76502464778
"2018-05-16 13:00:00",4952,4782.97768963176,2002.2333967816,7563.72198248191,530.196287202943,9035.75909206057
"2018-05-16 14:00:00",5286,5325.62360175299,2542.72522556001,8108.52197794598,1069.54781314016,9581.69939036583
"2018-05-16 15:00:00",5871,5742.12341325877,2957.07262197326,8527.17420454428,1482.75578983058,10001.491036687
"2018-05-16 16:00:00",6775,5829.19721712109,3041.99567396333,8616.39876027885,1566.54030255346,10091.8541316887
"2018-05-16 17:00:00",6123,5457.76055882711,2668.40992213991,8247.11119551431,1191.81688933649,9723.70422831772
"2018-05-16 18:00:00",4717,4647.72845010098,1856.23037431103,7439.22652589092,378.500555914656,8916.9563442873
"2018-05-16 19:00:00",3697,3608.05327791074,814.409413709737,6401.69714211175,-664.456316456195,7880.56287227768
"2018-05-16 20:00:00",3387,2653.88161264117,-141.906393056713,5449.66961833905,-1621.9071631685,6929.67038845084
"2018-05-16 21:00:00",3187,2011.46184079621,-786.468663273723,4809.39234486614,-2267.60360351362,6290.52728510604
"2018-05-16 22:00:00",2443,1654.92132234624,-1145.15004074544,4454.99268543791,-2627.41828329382,5937.26092798629
"2018-05-16 23:00:00",2291,1337.38398296413,-1464.82660355655,4139.59456948481,-2948.22728258292,5622.99524851118
"2018-05-17 00:00:00",684,830.259486902781,-1974.08869119697,3634.60766500253,-3458.62094285214,5119.1399166577
"2018-05-17 01:00:00",495,187.156016588873,-2619.32812496869,2993.64015814643,-4104.99108737734,4479.30312055509
"2018-05-17 02:00:00",294,-208.296952068099,-3016.9154326768,2600.3215285406,-4503.70824592998,4087.11434179379
"2018-05-17 03:00:00",364,108.416887619392,-2702.33431133426,2919.16808657304,-4190.25611748194,4407.08989272072
"2018-05-17 04:00:00",929,1309.41185533624,-1503.47044494261,4122.29415561509,-2992.52038798624,5611.34409865872
"2018-05-17 05:00:00",2935,3074.89680625419,259.885017997403,5889.90859451098,-1230.29220788773,7380.08582039612
"2018-05-17 06:00:00",5846,4742.39164729833,1925.25198075225,7559.5313138444,433.948324143313,9050.83497045334
"2018-05-17 07:00:00",6323,5705.76259746256,2886.49665867105,8525.02853625408,1394.06742152657,10017.4577733986
"2018-05-17 08:00:00",5494,5771.30800405763,2949.91739543346,8592.69861268179,1456.36342601952,10086.2525820957
"2018-05-17 09:00:00",5299,5223.32859408011,2399.81491441867,8046.84227374156,905.137059086429,9541.52012907379
"2018-05-17 10:00:00",4444,4585.88946915102,1760.25431364386,7411.52462465818,264.453416836718,8907.32552146532
"2018-05-17 11:00:00",4913,4285.7988630764,1458.04382332479,7113.55390282801,-38.8792724144359,8610.47699856724
"2018-05-17 12:00:00",5120,4452.59071467488,1622.71737870323,7282.46405064653,124.672924681268,8780.50850466849
"2018-05-17 13:00:00",5096,4940.65638777573,2108.66633756202,7772.64643798944,609.501362705862,9271.81141284559
"2018-05-17 14:00:00",5480,5483.04802598009,2648.94284285767,8317.15320910251,1148.65818427463,9817.43786768554
"2018-05-17 15:00:00",6289,5833.58540957377,2997.36667215639,8669.80414699115,1495.96316551412,10171.2076536334
"2018-05-17 16:00:00",6594,5832.22791358777,2993.89719630343,8670.55863087211,1491.37567505376,10173.0801521218
"2018-05-17 17:00:00",6171,5425.00193194895,2584.56080513081,8265.4430587671,1080.9221005579,9769.08176334
"2018-05-17 18:00:00",4989,4681.50434800602,1838.95437844097,7524.05431757107,334.199319951699,9028.80937606033
"2018-05-17 19:00:00",3647,3792.33611036453,947.678861400323,6636.99335932875,-558.191723418995,8142.86394414806
"2018-05-17 20:00:00",3400,2994.83998337982,148.077014905606,5841.60295185404,-1358.90827048833,7348.58823724798
"2018-05-17 21:00:00",3238,2432.23931160795,-416.627819947828,5281.10644316372,-1924.72698199292,6789.20560520881
"2018-05-17 22:00:00",2677,2046.97852196456,-803.99121969206,4897.94826362117,-2313.20343628998,6407.1604802191
"2018-05-17 23:00:00",1852,1626.52956364102,-1226.54123856934,4479.60036585137,-2736.8656894394,5989.92481672143
"2018-05-18 00:00:00",736,1007.37436686889,-1847.79594976881,3862.54468350658,-3359.23181644114,5373.98055017891
"2018-05-18 01:00:00",453,286.445853649848,-2570.82243469703,3143.71414199673,-4083.36890050597,4656.26060780567
"2018-05-18 02:00:00",365,-157.139840601472,-3016.50456133515,2702.22488013221,-4530.16081141265,4215.88113020971
"2018-05-18 03:00:00",351,106.105936042178,-2755.35368113925,2967.56555322361,-4270.1189024083,4482.33077449265
"2018-05-18 04:00:00",846,1222.64903293545,-1640.90394812563,4086.20201399653,-3156.77732929367,5602.07539516457
"2018-05-18 05:00:00",2786,2882.47117922281,16.8263634915465,5748.11599495408,-1500.1543680609,7265.09672650652
"2018-05-18 06:00:00",5552,4461.53616027154,1593.80103573315,7329.27128480992,75.7137615394222,8847.35855900365
"2018-05-18 07:00:00",6583,5392.95008122127,2523.12617040463,8262.7739920379,1003.93315954771,9781.96700289483
"2018-05-18 08:00:00",5321,5500.12558338787,2628.21440549978,8372.03676127597,1107.91646219916,9892.33470457658
"2018-05-18 09:00:00",4984,5058.4995672845,2184.50263822172,7932.49649634728,663.100564944692,9453.89856962431
"2018-05-18 10:00:00",4736,4565.15466323663,1689.07349559793,7441.23583087533,166.568093065904,8963.74123340736
"2018-05-18 11:00:00",5133,4407.27231615698,1529.10841925506,7285.43621305891,5.50048644990875,8809.04414586406
"2018-05-18 12:00:00",5337,4664.39890554849,1784.15378542184,7544.64402567514,259.444119592193,9069.35369150478
"2018-05-18 13:00:00",5316,5143.14292659861,2260.8180846177,8025.46776857952,735.007480541073,9551.27837265615
"2018-05-18 14:00:00",5810,5560.87944241894,2676.47637834846,8445.28250648942,1149.56562995232,9972.19325488556
"2018-05-18 15:00:00",6400,5717.0725838706,2830.59279469909,8603.55237304211,1302.5826944413,10131.5624732999
"2018-05-18 16:00:00",6496,5553.17259322904,2664.61757234302,8441.72761411507,1135.50891077466,9970.83627568343
"2018-05-18 17:00:00",6197,5117.12623037398,2226.49746761357,8007.75499313439,696.291033408354,9537.96142733961
"2018-05-18 18:00:00",5241,4506.14846508881,1613.44744706245,7398.84948311517,82.1440271833371,8930.15290299428
"2018-05-18 19:00:00",3850,3832.27254696901,937.5007571182,6727.04433681981,-594.898863148298,8259.44395708631
"2018-05-18 20:00:00",3441,3199.65532943578,302.814248028236,6096.49641084333,-1230.68078901926,7629.99144789083
"2018-05-18 21:00:00",3196,2670.77959429447,-228.12930157304,5569.68849016197,-1762.71897347374,7104.27816206267
"2018-05-18 22:00:00",2728,2234.61281495931,-666.362421430887,5135.5880513495,-2202.04594792952,6671.27157784814
"2018-05-18 23:00:00",1797,1816.97032069884,-1086.06978542422,4720.01042682191,-2622.8463879317,6256.78702932938
"2018-05-19 00:00:00",1420,1346.95508670677,-1558.14842149547,4252.05859490901,-3096.01732308285,5789.92749649638
"2018-05-19 01:00:00",855,835.037672422779,-2072.12777332999,3742.20311817555,-3611.08819872263,5281.16354356819
"2018-05-19 02:00:00",639,393.417675508104,-2515.80824638053,3302.64359739674,-4055.85942195226,4842.69477296847
"2018-05-19 03:00:00",494,172.981967731163,-2738.30297198166,3084.26690744399,-4279.44412574889,4625.40806121122
"2018-05-19 04:00:00",477,265.814916491205,-2647.52758582613,3179.15741880854,-4189.7579474421,4721.38778042451
"2018-05-19 05:00:00",806,653.716549083763,-2261.68206369949,3569.11516186702,-3805.00086444848,5112.433962616
"2018-05-19 06:00:00",1430,1238.68723404448,-1678.76604013634,4156.14050822531,-3223.17251292789,5700.54698101686
"2018-05-19 07:00:00",2062,1915.25961012613,-1004.24687944335,4834.76609969562,-2549.74025880658,6380.25947905885
"2018-05-19 08:00:00",3277,2613.36086609302,-308.197395904891,5534.91912809093,-1854.77691798279,7081.49865016883
"2018-05-19 09:00:00",3569,3282.92108098879,359.3124864847,6206.52967549288,-1188.35241605908,7754.19457803666
"2018-05-19 10:00:00",3857,3859.05099370526,933.393503589905,6784.70848382062,-615.356018773538,8333.45800618406
"2018-05-19 11:00:00",4112,4265.34886518312,1337.64391333466,7193.05381703158,-212.189469799192,8742.88720016544
"2018-05-19 12:00:00",4259,4463.05438722,1533.3034045104,7392.80536992961,-17.6130819360151,8943.72185637602
"2018-05-19 13:00:00",4542,4491.8042944605,1560.00870796973,7423.59988095128,8.00987366127174,8975.59871525973
"2018-05-19 14:00:00",4802,4445.72550384876,1511.88673860323,7379.5642690943,-41.1936892038566,8932.64469690139
"2018-05-19 15:00:00",4598,4394.49978329178,1458.61926160517,7330.38030497839,-95.5420067731775,8884.54157335674
"2018-05-19 16:00:00",4398,4323.99281766506,1386.07195867422,7261.91367665591,-169.169399029702,8817.15503435983
"2018-05-19 17:00:00",4133,4160.73378115089,1220.77400085106,7100.69356145072,-335.54669659584,8657.01425889762
"2018-05-19 18:00:00",3640,3861.4164446093,919.419156036101,6803.4137331825,-637.980133137914,8360.81302235652
"2018-05-19 19:00:00",2979,3476.08718366258,532.053796932375,6420.12057039278,-1026.42333749824,7978.59770482339
"2018-05-19 20:00:00",2706,3112.2929931434,166.22491545309,6058.36107083372,-1393.32931930908,7617.91530559589
"2018-05-19 21:00:00",2705,2827.0565823681,-121.044781999617,5775.15794673581,-1681.67537371098,7335.78853844717
"2018-05-19 22:00:00",2714,2555.79374171481,-394.339507951663,5505.92699138128,-1956.04571476718,7067.6331981968
"2018-05-19 23:00:00",2047,2162.55604006099,-789.607696419226,5114.71977654121,-2352.38877802565,6677.50085814763
"2018-05-20 00:00:00",1216,1579.08292398996,-1375.10990370258,4533.27575168251,-2938.96512131314,6097.13096929307
"2018-05-20 01:00:00",761,903.866497224525,-2052.35402895265,3860.0870234017,-3617.28264530186,5425.01563975091
"2018-05-20 02:00:00",525,358.096854566058,-2600.14998023196,3316.34368936407,-4166.15125957035,4882.34496870246
"2018-05-20 03:00:00",324,127.13535523188,-2833.13640117726,3087.40711164102,-4400.20960926625,4654.48031973001
"2018-05-20 04:00:00",273,228.835012808096,-2733.4602810468,3191.13030666299,-4301.6046851535,4759.27471076969
"2018-05-20 05:00:00",433,529.522733310584,-2434.79471665932,3493.84018328049,-4004.0095855514,5063.05505217257
"2018-05-20 06:00:00",850,888.414150778749,-2077.92407680038,3854.75237835787,-3648.20868074096,5425.03698229846
"2018-05-20 07:00:00",1242,1286.23296053386,-1682.12466896405,4254.59059003178,-3253.47827970661,5825.94420077433
"2018-05-20 08:00:00",1829,1809.48678470667,-1160.88887382537,4779.86244323871,-2733.31076460867,6352.28433402201
"2018-05-20 09:00:00",2638,2507.53512661136,-464.857190866408,5479.92744408913,-2038.34663640945,7053.41688963218
"2018-05-20 10:00:00",3501,3272.79116069643,298.383551574557,6247.19876981829,-1276.17272492247,7821.75504631532
"2018-05-20 11:00:00",4300,3878.96510156847,902.543565326793,6855.38663781015,-673.0788197887,8431.00902292564
"2018-05-20 12:00:00",4661,4156.52092118976,1178.08681958461,7134.95502279491,-398.600953279084,8711.6427956586
"2018-05-20 13:00:00",3956,4139.80979313757,1159.36448471538,7120.25510155976,-418.387956725483,8698.00754300062
"2018-05-20 14:00:00",3932,4034.84959429621,1052.39443538215,7017.30475321027,-526.421956640694,8596.12114523312
"2018-05-20 15:00:00",3920,4025.50394864282,1041.04029297063,7009.96760431502,-538.839333010858,8589.84723029651
"2018-05-20 16:00:00",3938,4097.9037561987,1111.43295465096,7084.37455774645,-469.509190175115,8665.31670257252
"2018-05-20 17:00:00",3768,4055.21625037773,1066.73965100918,7043.69284974627,-515.264299044408,8625.69679979986
"2018-05-20 18:00:00",3378,3715.50410715621,725.02305530023,6705.9851590122,-858.041987804411,8289.05020211684
"2018-05-20 19:00:00",2842,3103.93095449389,111.446792788659,6096.41511619912,-1472.67863261731,7680.54054160509
"2018-05-20 20:00:00",2692,2447.3671257762,-547.118805832109,5441.8530573845,-2132.30390421475,7027.03815576714
"2018-05-20 21:00:00",2194,1967.14851987234,-1029.33784437859,4963.63488412327,-2615.58190783498,6549.87894757966
"2018-05-20 22:00:00",1696,1668.50995532988,-1329.97550697996,4666.99541763972,-2917.27782902416,6254.29773968392
"2018-05-20 23:00:00",1107,1343.1099236157,-1657.37330483691,4343.5931520683,-3245.73318039509,5931.95302762648
"2018-05-21 00:00:00",652,805.148752817845,-2197.33091252,3807.62841815569,-3786.74763792575,5397.04514356143
"2018-05-21 01:00:00",350,150.061886335433,-2854.41288927996,3154.53666195082,-4444.88576226957,4745.00953494044
"2018-05-21 02:00:00",321,-220.507823078961,-3226.97638500524,2785.96073884732,-4818.5047047131,4377.48905855518
"2018-05-21 03:00:00",333,131.551888945685,-2876.9091379571,3140.01291584847,-4469.49220491105,4732.59598280242
"2018-05-21 04:00:00",860,1320.91095629862,-1689.54121686987,4331.3631294671,-3283.17833298657,5925.00024558381
"2018-05-21 05:00:00",2796,2988.21248209897,-24.2295212393046,6000.65448543725,-1618.91998981968,7595.34495401762
"2018-05-21 06:00:00",5721,4493.76351966528,1479.33299964684,7508.19403968372,-116.410126077786,9103.93716540834
"2018-05-21 07:00:00",6799,5310.76984375707,2294.35211795043,8327.18756956372,697.557029025833,9923.98265848831
"2018-05-21 08:00:00",5726,5321.98903896557,2303.58541567355,8340.39266225759,705.739056122658,9938.23902180848
"2018-05-21 09:00:00",4865,4821.47281927548,1801.08460422029,7841.86103433068,202.187665250693,9440.75797330027
"2018-05-21 10:00:00",4254,4267.20883691706,1244.83733324876,7289.58034058537,-355.109495293568,8889.52716912769
"2018-05-21 11:00:00",4454,4001.77757807537,977.424086380313,7026.13106977043,-623.571943245921,8627.12709939667
"2018-05-21 12:00:00",4810,4126.61909102359,1100.28490933281,7152.95327271437,-501.759634241205,8754.99781628838
"2018-05-21 13:00:00",2040,4546.76207282553,1518.44849636719,7575.07564928388,-84.6438755022446,9178.16802115331
"2018-05-21 14:00:00",4224,5073.1813799782,2042.88970174123,8103.47305821516,438.750186043388,9707.61257391301
"2018-05-21 15:00:00",5895,5486.09293493616,2453.82444546343,8518.36142440888,848.638469109298,10123.547400763
"2018-05-21 16:00:00",6968,5568.25129351173,2534.00728075577,8602.49530626769,927.775525546235,10208.7270614772
"2018-05-21 17:00:00",6134,5172.14235543521,2135.92410477442,8208.36060609601,528.647251147692,9815.63745972273
"2018-05-21 18:00:00",4586,4323.39680844895,1285.20560275095,7361.58801414695,-323.115670183858,8969.90928708176
"2018-05-21 19:00:00",3249,3264.88211044848,224.71923008799,6305.04499080897,-1384.64578436547,7914.41000526243
"2018-05-21 20:00:00",2699,2346.069565042,-696.063712094431,5388.20284217843,-2306.47179159427,6998.61092167827
"2018-05-21 21:00:00",2318,1793.58232223355,-1250.52007627392,4837.68472074102,-2861.97054566156,6449.13519012866
"2018-05-21 22:00:00",1668,1541.1236590222,-1504.94658792501,4587.19390596941,-3117.43877335133,6199.68609139573
"2018-05-21 23:00:00",1060,1290.70766647312,-1757.329158448,4338.74449139424,-3370.86238736901,5952.27772031525
"2018-05-22 00:00:00",554,793.356422220755,-2256.64571266594,3843.35855710745,-3871.21931383859,5457.9321582801
"2018-05-22 01:00:00",333,128.256735096963,-2923.70944419658,3180.22291439051,-4539.32274767452,4795.83621786845
"2018-05-22 02:00:00",249,-274.332714198362,-3328.26167478173,2779.59624638501,-4944.91401191122,4396.2485835145
"2018-05-22 03:00:00",337,75.5802633278868,-2980.31021786217,3131.47074451795,-4598.00092127787,4749.16144793364
"2018-05-22 04:00:00",886,1333.21506826114,-1724.63567527854,4391.06581180083,-3343.36407889939,6009.79421542168
"2018-05-22 05:00:00",3026,3137.12092797304,77.3111779224923,6196.9306780236,-1542.45426110262,7816.6961170487
"2018-05-22 06:00:00",5875,4796.29560292858,1734.52809979536,7858.06310606179,113.72628889079,9478.86491696636
"2018-05-22 07:00:00",6019,5711.40641057911,2647.68240538856,8775.13041576966,1025.84488485734,10396.9679363009
"2018-05-22 08:00:00",5752,5718.73701778745,2653.05775916971,8784.41627640519,1030.18518999671,10407.2888455782
"2018-05-22 09:00:00",5085,5124.91558681647,2057.28232101411,8192.54885261882,433.375362920301,9816.45581071263
"2018-05-22 10:00:00",4450,4451.76652052869,1382.18049140434,7521.35254965304,-242.760197149192,9146.29323820657
"2018-05-22 11:00:00",4631,4112.38549551904,1040.84794456291,7183.92304647518,-585.125817245116,8809.8968082832
"2018-05-22 12:00:00",4760,4237.60873964003,1164.12090597746,7311.09657330259,-462.88527313172,8938.10275241177
"2018-05-22 13:00:00",4840,4706.36475280783,1630.92787306161,7781.80163255404,2.88993127983031,9409.83957433582
"2018-05-22 14:00:00",5197,5276.52138742985,2199.13669604276,8353.90607881695,570.067645062898,9982.97512979681
"2018-05-22 15:00:00",5901,5694.15823089723,2614.82696001736,8773.4895017771,984.727452099232,10403.5890096952
"2018-05-22 16:00:00",6907,5751.98215677579,2670.70553617748,8833.2587773741,1039.5762223243,10464.3880912273
"2018-05-22 17:00:00",6371,5341.8127993268,2258.59205642252,8425.03354223108,626.433586387197,10057.1920122664
"2018-05-22 18:00:00",4649,4518.77517302094,1433.61153289994,7603.93881314194,-199.575444794451,9237.12579083634
"2018-05-22 19:00:00",3367,3516.5605534389,429.455238880021,6603.66586799777,-1204.75959917342,8237.88070605122
"2018-05-22 20:00:00",3028,2642.42145513876,-446.624313384174,5731.4672236617,-2081.86636571685,7366.70927599438
"2018-05-22 21:00:00",3047,2081.57742677304,-1009.4075775388,5172.56243108489,-2645.67619928775,6808.83105283384
"2018-05-22 22:00:00",1953,1759.9697164496,-1332.95330776745,4852.89274066665,-2970.24785528271,6490.18728818191
"2018-05-22 23:00:00",1084,1410.90716868095,-1683.95266184179,4505.76699920369,-3322.27249268259,6144.08683004449
"2018-05-23 00:00:00",599,831.565735282287,-2265.22969022366,3928.36116078823,-3904.5741631546,5567.70563371918
"2018-05-23 01:00:00",363,129.699878626037,-2969.02993281056,3228.42969006263,-4609.39840779789,4868.79816504996
"2018-05-23 02:00:00",303,-268.888534302328,-3369.55152487985,2831.7744562752,-5010.94336308768,4473.16629448303
"2018-05-23 03:00:00",349,98.7048787768181,-3003.89008640772,3201.29984396136,-4646.30465019432,4843.71440774795
"2018-05-23 04:00:00",919,1362.23186502986,-1742.29387247656,4466.75760253628,-3385.7305253906,6110.19425545032
"2018-05-23 05:00:00",2989,3154.3768854853,47.9215757003581,6260.83219527025,-1596.53653107656,7905.29030204717
"2018-05-23 06:00:00",5979,4797.95376740512,1689.57008315017,7906.33745166007,44.0911565919014,9551.81637821834
"2018-05-23 07:00:00",6641,5712.91929713239,2602.60843398805,8823.23016027673,956.109320550576,10469.7292737142
"2018-05-23 08:00:00",5557,5744.55915370998,2632.32230503586,8856.79600238409,984.803636445607,10504.3146709743
"2018-05-23 09:00:00",5217,5191.66805427457,2077.50641121615,8305.82969733299,428.968818027444,9954.36729052169
"2018-05-23 10:00:00",4728,4556.50885922728,1440.42361072274,7672.59410773182,-209.132277678566,9322.14999613313
"2018-05-23 11:00:00",4956,4232.95697882695,1114.94931161397,7350.96464603992,-535.624243778959,9001.53820143285
"2018-05-23 12:00:00",4760,4344.81327875382,1224.88437737639,7464.74218013126,-426.706217948457,9116.3327754561
"2018-05-23 13:00:00",4912,4781.51045355452,1659.66150028722,7903.35940682182,7.05449088883051,9555.96641622021
"2018-05-23 14:00:00",5221,5324.15638556222,2200.38856059584,8447.92421052859,546.765761879163,10101.5470092453
"2018-05-23 15:00:00",5959,5740.65619327378,2614.97067465271,8866.34171189485,960.332710236776,10520.9796763108
"2018-05-23 16:00:00",6897,5827.72999666572,2700.12796024549,8955.33203308596,1044.47545259061,10610.9845407408
"2018-05-23 17:00:00",6228,5456.29328826426,2326.77590772075,8585.81066880776,670.109478133416,10242.4770983951
"2018-05-23 18:00:00",4632,4646.26114800933,1514.82959486319,7777.69270115548,-142.850136491043,9435.37243250971
"2018-05-23 19:00:00",3359,3606.58599928466,473.241442910953,6739.93055565837,-1185.4509711804,8398.62296974972
"2018-05-23 20:00:00",2993,2652.4143548882,-482.842037478067,5787.67074725446,-2142.54651640965,7447.37522618604
"2018-05-23 21:00:00",2888,2009.99458582967,-1127.17247742819,5147.16164908753,-2787.88840443281,6807.87757609216
"2018-05-23 22:00:00",2028,1653.45405835464,-1485.62251282141,4792.53062953069,-3147.34927225813,6454.25738896742
"2018-05-23 23:00:00",1215,1335.91670569376,-1805.06821254811,4476.90162393562,-3467.80518989882,6139.63860128633
"2018-05-24 00:00:00",628,828.792171531084,-2314.09993503881,3971.68427810098,-3977.84651690477,5635.43085996693
"2018-05-24 01:00:00",356,185.688678194695,-2959.10946007361,3330.486816463,-4623.86503417209,4995.24239056148
"2018-05-24 02:00:00",261,-209.76422612539,-3356.46724156429,2936.93878931351,-5022.23119672518,4602.7027444744
"2018-05-24 03:00:00",363,106.949634545345,-3041.65710563177,3255.55637472246,-4708.42883179421,4922.3281008849
"2018-05-24 04:00:00",883,1307.94465787055,-1842.5646567015,4458.4539724426,-3510.34354491054,6126.23286065164
"2018-05-24 05:00:00",3012,3073.42961293961,-78.9811277668909,6225.84035364612,-1747.76657017016,7894.62579604938
"2018-05-24 06:00:00",5763,4740.92440497911,1586.61338432211,7895.23542563611,-83.178005522248,9565.02681548047
"2018-05-24 07:00:00",6298,5704.29537796311,2548.0852214693,8860.50553445692,877.288489841057,10531.3022660852
"2018-05-24 08:00:00",5695,5769.84084632676,2611.73269604578,8927.94899660774,939.931227198203,10599.7504654553
"2018-05-24 09:00:00",5232,5221.86141279509,2061.85640871873,8381.86641687145,389.050806127028,10054.6720194632
"2018-05-24 10:00:00",4532,4584.42222198511,1422.52150205349,7746.32294191674,-251.287631893232,9420.13207586346
"2018-05-24 11:00:00",4923,4284.33157550863,1120.53627561633,7448.12687540093,-554.275788379136,9122.9389393964
"2018-05-24 12:00:00",4969,4451.12345275775,1285.43470675996,7616.81219875554,-390.379687057581,9292.62659257308
"2018-05-24 13:00:00",5036,4939.18915389149,1771.60809356327,8106.77021421971,94.7919690491899,9783.58633873379
"2018-05-24 14:00:00",5414,5481.58080355432,2312.10855869825,8651.05304841039,634.291301568987,10328.8703055397
"2018-05-24 15:00:00",6184,5832.11818496333,2660.75588337621,9003.48048655046,981.93809065132,10682.2982792753
"2018-05-24 16:00:00",6193,5830.76068870731,2657.50945615827,9004.01192125634,977.691723783951,10683.8296536307
"2018-05-24 17:00:00",6107,5423.53467819597,2248.39563843397,8598.67371795797,567.578561286969,10279.490795105
"2018-05-24 18:00:00",4787,4680.0370760856,1503.01135085545,7857.06280131575,-178.80447724839,9538.8786294196
"2018-05-24 19:00:00",3746,3790.8688519653,611.957561015397,6969.7801429152,-1070.85642528629,8652.59412921688
"2018-05-24 20:00:00",2938,2993.3727370073,-187.423001905051,6174.16847591964,-1871.23455469961,7857.9800287142
"2018-05-24 21:00:00",2626,2430.77206683806,-751.907004264928,5613.45113794104,-2436.71553289844,7298.25966657455
"2018-05-24 22:00:00",1938,2045.51127200243,-1139.05001749899,5230.07256150385,-2824.85493236548,6915.87747637035
"2018-05-24 23:00:00",1261,1625.06230602702,-1561.38009005439,4811.50470210842,-3248.18080259272,6498.30541464675
"2018-05-25 00:00:00",648,1005.90708729818,-2182.41530551266,4194.22948010902,-3870.21122820344,5882.0254027998
"2018-05-25 01:00:00",430,284.978560812241,-2905.2227208396,3475.17984246408,-4594.01326720212,5163.97038882661
"2018-05-25 02:00:00",300,-158.607096367624,-3350.68616092838,3033.47196819313,-5040.47074551756,4723.25655278232
"2018-05-25 03:00:00",329,104.638692363742,-3089.31705112443,3298.59443585192,-4780.09508952777,4989.37247425526
"2018-05-25 04:00:00",788,1221.18182129649,-1974.64949908247,4417.01314167545,-3666.42040791701,6108.78405050999
"2018-05-25 05:00:00",2645,2881.00396997627,-316.701827196002,6078.70976714854,-2009.46502410532,7771.47296405786
"2018-05-25 06:00:00",5111,4460.06892279329,1260.4897469917,7659.64809859487,-433.265156659498,9353.40300224607
"2018-05-25 07:00:00",6075,5391.48285689242,2190.03139869768,8592.93431508715,495.285368616986,10287.6803451678
"2018-05-25 08:00:00",5206,5498.6583946464,2295.3357483725,8701.9810409203,599.599171157134,10397.7176181357
"2018-05-25 09:00:00",4859,5057.03236496893,1851.83962301327,8262.22510692459,155.113076943494,9958.95165299437
"2018-05-25 10:00:00",4534,4563.68742296643,1356.62567581542,7770.74917011743,-341.090261840138,9468.46510777299
"2018-05-25 11:00:00",4928,4405.80505260474,1196.87538883937,7614.7347163701,-501.829364141997,9313.43946935147
"2018-05-25 12:00:00",5139,4662.93165677626,1452.13516307764,7873.72815047487,-247.557829975308,9573.42114352782
"2018-05-25 13:00:00",5148,5141.67569397917,1929.01345510746,8354.33793285088,228.332796220268,10055.0185917381
"2018-05-25 14:00:00",5403,5559.41221640387,2344.88531526146,8773.93911754628,643.217563793927,10475.6068690138
"2018-05-25 15:00:00",6083,5715.60535659611,2499.21487421077,8931.99583898145,796.560602424422,10634.6501107678
"2018-05-25 16:00:00",5753,5551.70536579622,2333.45238131068,8769.95835028175,629.812160469185,10473.5985711232
"2018-05-25 17:00:00",4904,5115.65898630434,1895.5445769826,8335.77339562609,190.918977355055,10040.3989952536
"2018-05-25 18:00:00",4023,4504.68121055538,1282.70645179379,7726.65596931698,-422.903957339356,9432.26637845012
"2018-05-25 19:00:00",3334,3830.80530022721,606.971265560908,7054.63933489352,-1099.62338478266,8761.23398523709
"2018-05-25 20:00:00",3026,3198.18808961937,-27.5041492727119,6423.88032851145,-1735.08247351414,8131.45865275288
"2018-05-25 21:00:00",2953,2669.31235540334,-558.237017886594,5896.86172869328,-2266.7984496932,7605.42316049988
"2018-05-25 22:00:00",2863,2233.14557307594,-996.259866629621,5462.55101278151,-2705.80384064576,7172.09498679765
"2018-05-25 23:00:00",1828,1815.50307440697,-1415.75736557238,5046.76351438632,-3126.28331741666,6757.2894662306
"2018-05-26 00:00:00",1300,1345.48782776434,-1887.62654818205,4578.60220371073,-3599.13391444451,6290.10956997318
"2018-05-26 01:00:00",719,833.570405836006,-2401.39684360051,4068.53765527253,-4113.88506183984,5781.02587351186
"2018-05-26 02:00:00",579,391.950430281736,-2844.86863199261,3628.76949255608,-4558.33714073339,5342.23800129687
"2018-05-26 03:00:00",363,171.514729468396,-3067.15508681085,3410.18454574764,-4781.6033255408,5124.63278447759
"2018-05-26 04:00:00",376,264.347696692378,-2976.17181657303,3504.86720995779,-4691.59922574024,5220.29461912499
"2018-05-26 05:00:00",649,652.249330661198,-2590.11882438066,3894.61748570306,-4306.52484539084,5611.02350671323
"2018-05-26 06:00:00",1263,1237.21999935231,-2006.99574406014,4481.43574276476,-3724.37981927391,6198.81981797853
"2018-05-26 07:00:00",1690,1913.79238301174,-1332.26989716418,5159.85466318766,-3050.63146989435,6878.21623591783
"2018-05-26 08:00:00",2392,2611.89365948553,-636.014107640332,5859.8014266114,-2355.35262214921,7579.13994112028
"2018-05-26 09:00:00",3360,3281.45386656096,31.7016605101321,6531.20607261178,-1688.61324098653,8251.52097410844
"2018-05-26 10:00:00",3540,3857.58375740455,605.988158670314,7109.17935613879,-1115.30257596731,8830.47009077641
"2018-05-26 11:00:00",3937,4263.88161547034,1010.44366851583,7517.31956242484,-711.822346357362,9239.58557729803
"2018-05-26 12:00:00",4176,4461.58714602239,1206.30789353741,7716.86639850738,-516.932849604726,9440.10714164951
"2018-05-26 13:00:00",4130,4490.33706257194,1233.2175454628,7747.45657968108,-490.99737492576,9471.67150006964
"2018-05-26 14:00:00",3887,4444.25827576278,1185.29953319012,7703.21701833544,-539.88901434644,9428.40556587201
"2018-05-26 15:00:00",3761,4393.03255448111,1132.23562385217,7653.82948511006,-593.926001662183,9379.99111062441
"2018-05-26 16:00:00",3970,4322.52558876096,1059.89150572551,7585.15967179642,-667.242649526759,9312.29382704869
"2018-05-26 17:00:00",3858,4159.26654266438,894.796341120132,7423.73674420863,-833.309796557658,9151.84288188642
"2018-05-26 18:00:00",3714,3859.94920009131,593.643912192112,7126.25448799051,-1135.43366152196,8855.33206170458
"2018-05-26 19:00:00",2965,3474.61994363331,206.480599794588,6742.75928747203,-1523.56786448679,8472.80775175341
"2018-05-26 20:00:00",2855,3110.82575710375,-159.146613992797,6380.79812820029,-1890.16542429029,8111.81693849778
"2018-05-26 21:00:00",2956,2825.58934686881,-446.215024532835,6097.39371827045,-2178.2036372105,7829.38233094811
"2018-05-26 22:00:00",3036,2554.32650448839,-719.308841989738,5827.96185096653,-2452.26671432434,7560.91972330113
"2018-05-26 23:00:00",2141,2161.08880029227,-1114.37649775305,5436.55409833759,-2848.30308793149,7170.48068851603
"2018-05-27 00:00:00",1633,1577.61567693186,-1699.67855088584,4854.90990474957,-3434.57331800262,6589.80467186635
"2018-05-27 01:00:00",829,902.399245762197,-2376.72289174281,4181.5213832672,-4112.58529579751,5917.3837873219
"2018-05-27 02:00:00",712,356.629615411535,-2924.31941340064,3637.57864422371,-4661.14891529537,5374.40814611844
"2018-05-27 03:00:00",486,125.668120088677,-3157.10678335074,3408.44302352809,-4894.90284488767,5146.23908506502
"2018-05-27 04:00:00",401,227.367788303292,-3057.23197477893,3511.96755138551,-4795.99405865775,5250.72963526434
"2018-05-27 05:00:00",844,528.055509596344,-2758.36809983503,3814.47911902771,-4498.09566965048,5554.20668884317
"2018-05-27 06:00:00",1192,886.946917695546,-2401.2995264774,4175.19336186849,-4141.99204671679,5915.88588210788
"2018-05-27 07:00:00",1205,1284.76573181728,-2005.3025371711,4574.83400080565,-3746.95947321181,6316.49093684637
"2018-05-27 08:00:00",1819,1808.01956780386,-1483.86951775056,5099.90865335828,-3226.49033585761,6842.52947146532
"2018-05-27 09:00:00",2660,2506.06790520353,-787.640990339673,5799.77680074673,-2531.22515766325,7543.36096807031
"2018-05-27 10:00:00",3431,3271.32392668542,-24.2037739368238,6566.85162730767,-1768.75075850984,8311.39861188069
"2018-05-27 11:00:00",3782,3877.49785982801,580.152357373546,7174.84336228248,-1165.35691336212,8920.35263301814
"2018-05-27 12:00:00",4190,4155.05368435771,855.891381659518,7454.2159870559,-890.579645029882,9200.6870137453
"2018-05-27 13:00:00",4139,4138.3425616676,837.364458651819,7439.32066468338,-910.067794662392,9186.75291799759
"2018-05-27 14:00:00",3963,4033.38236501795,730.589459971535,7336.17527006437,-1017.80349150629,9084.5682215422
"2018-05-27 15:00:00",3821,4024.03671894705,719.430008515095,7328.64342937901,-1029.92311353431,9077.99655142841
"2018-05-27 16:00:00",3739,4096.43652645048,790.017005635605,7402.85604726536,-960.295760262805,9153.16881316377
"2018-05-27 17:00:00",3266,4053.74901510437,745.517677271473,7361.98035293726,-1005.75420662033,9113.25223682906
"2018-05-27 18:00:00",3127,3714.03686841111,403.994705293723,7024.07903152849,-1348.23577159945,8776.30950842166
"2018-05-27 19:00:00",2830,3102.46371833505,-209.388279959901,6414.31571662999,-1962.5768257235,8167.50426239359
"2018-05-27 20:00:00",2825,2445.89989191671,-867.760953071142,5759.56073690455,-2621.90704443299,7513.7068282664
"2018-05-27 21:00:00",2656,1965.68128632301,-1349.78741849097,5281.14999113699,-3104.89053303536,7036.25310568138
"2018-05-27 22:00:00",2565,1667.04272078278,-1650.23285860405,4984.3183001696,-3406.2924747694,6740.37791633496
"2018-05-27 23:00:00",1660,1341.64268760648,-1977.43878270899,4660.72415792196,-3734.45437978551,6417.73975499848
"2018-05-28 00:00:00",1088,344.079822954649,-2976.80655624998,3664.96620215928,-4734.77761437737,5422.93726028667
"2018-05-28 01:00:00",559,-311.007046067994,-3633.69735372264,3011.68326158665,-5392.62335388778,4770.60926175179
"2018-05-28 02:00:00",440,-681.576748389347,-4006.07000565089,2642.91650887219,-5765.95042968551,4402.79693290682
"2018-05-28 03:00:00",332,-329.517034051044,-3655.81226366804,2996.77819556595,-5416.64659424649,4757.6125261444
"2018-05-28 04:00:00",314,859.842039433669,-2468.25418687471,4187.93826574205,-4230.04190751163,5949.72598637897
"2018-05-28 05:00:00",488,2527.14356568816,-802.752683230624,5857.03981460694,-2565.49327827869,7619.78040965501
"2018-05-28 06:00:00",882,4032.69459785151,700.999298824494,7364.38989687852,-1062.69365582317,9128.08285152618
"2018-05-28 07:00:00",989,4849.70092445807,1516.20754625046,8183.19430266568,-248.437254018758,9947.8391029349
"2018-05-28 08:00:00",1294,4860.9201264776,1525.62963844671,8196.21061450848,-239.966494297285,9961.80674725248
"2018-05-28 09:00:00",1873,4360.40390419172,1023.31727412881,7697.49053425463,-743.229678772221,9464.03748715566
"2018-05-28 10:00:00",2576,3806.13991457231,467.25810870677,7145.02172043785,-1300.23915286036,8912.51898200498
"2018-05-28 11:00:00",3037,3540.70865127637,200.032634279925,6881.38466827282,-1568.41442528693,8649.83172783968
"2018-05-28 12:00:00",3375,3665.55016705091,323.080902041801,7008.01943206003,-1446.31544568079,8777.41577978262
"2018-05-28 13:00:00",3611,4085.69315194157,741.431600483822,7429.95470339931,-1028.91352637325,9200.29983025638
"2018-05-28 14:00:00",4032,4612.1124603604,1266.0595824786,7958.16533824219,-505.233815306632,9729.45873602743
"2018-05-28 15:00:00",3812,5025.02401507632,1677.18076925563,8372.867260897,-95.0603920663807,10145.108422219
"2018-05-28 16:00:00",3810,5107.1823736212,1757.54971680855,8456.81503043385,-15.6387014731208,10230.0034487155
"2018-05-28 17:00:00",3822,4711.07343236249,1359.65231997085,8062.49454475413,-414.482849505414,9836.6297142304
"2018-05-28 18:00:00",3749,3862.32788337594,509.119269289457,7215.53649746243,-1265.96214642563,8990.61791317752
"2018-05-28 19:00:00",3145,2803.81318686322,-551.181976558529,6158.80835028497,-2327.20913436374,7934.83550809017
"2018-05-28 20:00:00",2611,1885.00064278304,-1471.78011913496,5241.78140470104,-3248.75251568652,7018.7538012526
"2018-05-28 21:00:00",2338,1332.51340015274,-2026.05201093906,4691.07881124455,-3803.96914369601,6468.9959440015
"2018-05-28 22:00:00",1936,1080.05473636688,-2280.29437608881,4440.40384882256,-4059.1557433109,6219.26521604465
"2018-05-28 23:00:00",1141,829.638742976994,-2532.49312454116,4191.77061049515,-4312.29822528669,5971.57571124068
"2018-05-29 00:00:00",565,791.889185955615,-2572.02449182813,4155.80286373936,-4352.77282595183,5936.55119786306
"2018-05-29 01:00:00",347,126.789497371742,-3238.90504738125,3492.48404212473,-5020.59611553219,5274.17511027568
"2018-05-29 02:00:00",239,-275.799947837924,-3643.27441776038,3091.67452208453,-5425.90772137988,4874.30782570403
"2018-05-29 03:00:00",340,74.1130310190692,-3295.14042376568,3443.36648580381,-5078.7154650852,5226.94152712333
"2018-05-29 04:00:00",828,1331.74783948393,-2039.28366134462,4702.77934031248,-3823.79994338367,6487.29562235153
"2018-05-29 05:00:00",2911,3135.65369946218,-237.154910076437,6508.4623090008,-2022.6119366405,8293.91933556487
"2018-05-29 06:00:00",5723,4794.82837130303,1420.24358890723,8169.41315369883,-366.153686771258,9955.81042937732
"2018-05-29 07:00:00",6106,5709.93918040458,2333.57915952755,9086.29920128161,546.242129363379,10873.6362314458
"2018-05-29 08:00:00",5530,5717.26979153521,2339.13546507983,9095.4041179906,550.859174278934,10883.6804087915
"2018-05-29 09:00:00",5117,5123.44835906884,1743.54065846877,8503.35605966891,-45.6743998976472,10292.5711180353
"2018-05-29 10:00:00",4530,4450.29928859753,1068.6191438211,7831.97943337395,-721.534189815342,9622.13276701039
"2018-05-29 11:00:00",4436,4110.9182610212,727.466600575233,7494.36992146716,-1063.62451680942,9285.46103885181
"2018-05-29 12:00:00",4866,4236.14150676915,850.919257702772,7621.36375583552,-941.109152679924,9413.39216621822
"2018-05-29 13:00:00",4973,4704.8975217186,1317.90560962428,8091.88943381291,-475.059603777399,9884.85464721459
"2018-05-29 14:00:00",5159,5275.05415706629,1886.29350608969,8663.8148080429,92.3919788821686,10457.7163352504
"2018-05-29 15:00:00",6018,5692.69100039704,2302.1625332384,9083.21946755567,507.325180673061,10878.056820121
"2018-05-29 16:00:00",6820,5750.51492625978,2358.2195641761,9142.81028834346,562.446873936938,10938.5829785826
"2018-05-29 17:00:00",5990,5340.3455669761,1946.28422978495,8734.40690416725,149.576688793957,10531.1144451582
"2018-05-29 18:00:00",4267,4517.3079395156,1121.48154559944,7913.13433343175,-676.160359981055,9710.77623901225
"2018-05-29 19:00:00",3036,3515.09332079293,117.502787102992,6912.68385448286,-1681.07299766236,8711.25963924821
"2018-05-29 20:00:00",2466,2640.95422326014,-758.399534679937,6040.30798120022,-2557.9087139812,7839.81716050148
"2018-05-29 21:00:00",2154,2080.11019499492,-1321.00587309554,5481.22626308539,-3121.44796303754,7281.66835302738
"2018-05-29 22:00:00",1595,1758.50248433826,-1644.37498122306,5161.37994989957,-3445.74949866242,6962.75446733893
"2018-05-29 23:00:00",969,1409.43993608542,-1995.19801568373,4814.07788785457,-3797.50447822696,6616.3843503978
"2018-05-30 00:00:00",527,830.098501292424,-2576.29902683442,4236.49602941927,-4379.53695283595,6039.7339554208
"2018-05-30 01:00:00",351,128.232643795459,-3279.92355224816,3536.38883983907,-5084.09246080841,5340.55774839933
"2018-05-30 02:00:00",306,-270.355766781272,-3680.26972370633,3139.55819014379,-5485.36913466982,4944.65760110727
"2018-05-30 03:00:00",329,97.2376470676963,-3314.43316510545,3508.90845924084,-5120.46259905881,5314.93789319421
"2018-05-30 04:00:00",893,1360.76463535412,-2052.6621278321,4774.19139854035,-3859.62110610226,6581.1503768105
"2018-05-30 05:00:00",3023,3152.90965596128,-262.272155397789,6568.09146732036,-2070.16020004998,8375.97951197255
"2018-05-30 06:00:00",6046,4796.48653608505,1379.55057800218,8213.42249416791,-429.266055833743,10022.2391280038
"2018-05-30 07:00:00",6326,5711.45206665058,2292.76286190536,9130.1412713958,483.01811534945,10939.8860179517
"2018-05-30 08:00:00",5716,5743.09192548924,2322.65037275905,9163.53347821943,511.977989214214,10974.2058617643
"2018-05-30 09:00:00",5283,5190.20082519039,1768.00782177209,8612.39382860869,-43.591723761393,10423.9933741422
"2018-05-30 10:00:00",4554,4555.04162773309,1131.09806954656,7978.98518591961,-681.42816370424,9791.51141917041
"2018-05-30 11:00:00",4744,4231.48974585422,805.796527445882,7657.18296426255,-1007.65591997796,9470.63541168639
"2018-05-30 12:00:00",4923,4343.34604671996,915.904061266276,7770.78803217364,-898.474127511558,9585.16622095148
"2018-05-30 13:00:00",4823,4780.04322254403,1350.85336185341,8209.23308323466,-464.450096183556,10024.5365412716
"2018-05-30 14:00:00",5343,5322.68915497181,1891.75230949153,8753.6260004521,75.5240535697367,10569.8542563739
"2018-05-30 15:00:00",6062,5739.18896260565,2306.50602142397,9171.87190378732,489.353438272268,10989.024486939
"2018-05-30 16:00:00",7042,5826.26276598847,2391.8346168372,9260.69091513973,573.758176392405,11078.7673555845
"2018-05-30 17:00:00",6429,5454.82605652903,2018.65358578698,8890.99852727108,199.653757269686,10709.9983557884
"2018-05-30 18:00:00",4621,4644.79391560959,1206.87800830635,8082.70982291284,-613.044739777075,9902.63257099626
"2018-05-30 19:00:00",3555,3605.11876737776,165.460307197166,7044.77722755835,-1655.38489265842,8865.62242741393
"2018-05-30 20:00:00",2788,2650.94712342002,-790.45300729642,6092.34725413647,-2612.22019184078,7914.11443868083
"2018-05-30 21:00:00",2612,2008.52735441858,-1434.61356583118,5451.66827466834,-3257.30226868975,7274.35697752692
"2018-05-30 22:00:00",1932,1651.98682676119,-1792.89400335493,5096.86765687732,-3616.50375886017,6920.47741238256
"2018-05-30 23:00:00",1233,1334.44947381682,-2112.17038783093,4781.06933546458,-3936.7007310205,6605.59967865415
"2018-05-31 00:00:00",695,827.324938851534,-2621.03307732196,4275.68295502503,-4446.48354393699,6101.13342164006
"2018-05-31 01:00:00",382,184.221445027698,-3265.87384999115,3634.31674004655,-5092.24397647445,5460.68686652985
"2018-05-31 02:00:00",307,-211.231457931672,-3663.06315743766,3240.60024157432,-5490.35248093195,5067.88956506861
"2018-05-31 03:00:00",343,105.482403176655,-3348.0848277771,3559.04963413041,-5176.29288612326,5387.25769247657
"2018-05-31 04:00:00",922,1306.4774276764,-2148.82446300129,4761.7793183541,-3977.95079473658,6590.90565008939
"2018-05-31 05:00:00",3013,3071.96238283329,-385.073297156725,6528.99806282331,-2215.11744151308,8359.04220717966
"2018-05-31 06:00:00",6007,4739.45717384209,1280.68857364241,8198.22577404177,-550.272923259855,10029.187270944
"2018-05-31 07:00:00",6420,5702.82814730569,2242.32749469335,9163.32879991804,410.44910462916,10995.2071899822
"2018-05-31 08:00:00",5912,5768.37361697051,2306.1417784401,9230.60545550092,473.346953908521,11063.4002800325
"2018-05-31 09:00:00",5313,5220.39418294047,1756.43202368744,8684.35634219349,-77.2787773047257,10518.0671431857
"2018-05-31 10:00:00",4734,4582.95499074197,1117.26337466589,8048.64660681806,-717.36294546607,9883.27292695002
"2018-05-31 11:00:00",5008,4282.86434341324,815.444133120968,7750.28455370551,-1020.09724951428,9585.82593634075
"2018-05-31 12:00:00",5031,4449.65622120461,980.508278013584,7918.80416439563,-855.947711171047,9755.26015358026
"2018-05-31 13:00:00",5199,4937.72192292928,1466.8471068698,8408.59673898876,-370.523033591684,10245.9668794502
"2018-05-31 14:00:00",5407,5480.11357283536,2007.51274265571,8952.714403015,169.228905511274,10790.9982401594
"2018-05-31 15:00:00",5950,5830.65095419644,2356.32496736538,9304.97694102751,517.127887454514,11144.1740209384
"2018-05-31 16:00:00",6860,5829.29345793444,2353.24317064378,9305.3437452251,513.133301207064,11145.4536146618
"2018-05-31 17:00:00",6358,5422.06744681589,1944.29371398373,8899.84117964805,103.271507587459,10740.8633860443
"2018-05-31 18:00:00",5042,4678.56984432039,1199.07351959445,8158.06616904633,-642.860571867562,10000.0002605083
"2018-05-31 19:00:00",3671,3789.40162048637,308.18355624717,7270.61968472558,-1534.6619690576,9113.46521003034
"2018-05-31 20:00:00",3037,2991.90550578092,-491.033446855104,6474.84445841695,-2334.7899554488,8318.60096701065
"2018-05-31 21:00:00",3102,2429.30483564952,-1055.35415552786,5913.9638268269,-2900.02119752417,7758.63086882321
"2018-05-31 22:00:00",2222,2044.04404070205,-1442.33414041906,5530.42222182317,-3287.91126659754,7375.99934800165
"2018-05-31 23:00:00",1446,1623.59507456207,-1864.50144915991,5111.69159828405,-3710.98821096435,6958.17836008848
"2018-06-01 00:00:00",786,1004.43985537146,-2485.37416486019,4494.2538756031,-4332.77011439695,6341.64982513987
"2018-06-01 01:00:00",497,283.511328608829,-3208.01934328987,3775.04200050752,-5056.32403332629,5623.34669054395
"2018-06-01 02:00:00",346,-160.074327791789,-3653.32080776044,3333.17215217686,-5502.5337917232,5182.38513613962
"2018-06-01 03:00:00",395,103.171461194248,-3391.78998448972,3598.13290687821,-5241.91081646321,5448.2537388517
"2018-06-01 04:00:00",872,1219.71459080726,-2276.9609794768,4716.39016109132,-4127.98921420151,6567.41839581603
"2018-06-01 05:00:00",2965,2879.5367395364,-618.852115468908,6377.92559454171,-2470.78730833984,8229.86078741264
"2018-06-01 06:00:00",5345,4458.60169175596,958.500390674897,7958.70299283703,-894.341316390147,9811.54469990207
"2018-06-01 07:00:00",6658,5390.01562612976,1888.2027163881,8891.82853587142,34.4549384297497,10745.5763138298
"2018-06-01 08:00:00",5639,5497.19116463573,1993.66748242129,9000.71484685016,139.014076220739,10855.3682530507
"2018-06-01 09:00:00",5132,5055.56513467291,1550.33151494921,8560.79875439662,-305.227077490583,10416.3573468364
"2018-06-01 10:00:00",4739,4562.22019186796,1055.27746837712,8069.1629153588,-801.185868945478,9925.6262526814
"2018-06-01 11:00:00",5043,4404.33782101725,895.686826283033,7912.98881575146,-961.680815210904,9770.35645724539
"2018-06-01 12:00:00",5387,4661.46442550052,1151.10599083129,8171.82286016974,-707.16551476593,10030.094365767
"2018-06-01 13:00:00",5381,5140.20846304607,1628.14341853722,8652.27350755493,-231.031511737332,10511.4484378295
"2018-06-01 14:00:00",5742,5557.9449856073,2044.17416014529,9071.71581106931,184.096243979401,10931.7937272352
"2018-06-01 15:00:00",6352,5714.13812577431,2198.66234703921,9229.61390450941,337.681883129345,11090.5943684193
"2018-06-01 16:00:00",6860,5550.23813497144,2033.05822943952,9067.41804050336,171.175655295792,10929.3006146471
"2018-06-01 17:00:00",5983,5114.19175512796,1595.30854807463,8633.07496218128,-267.475699428551,10495.8592096845
"2018-06-01 18:00:00",4926,4503.21397915948,982.628294662317,8023.79966365664,-881.057189960003,9887.48514827896
"2018-06-01 19:00:00",3804,3829.33806899347,307.050729935109,7351.62540805183,-1557.53555619859,9216.21169418553
"2018-06-01 20:00:00",3446,3196.72085853223,-327.267313396741,6720.7090304612,-2192.7539660651,8586.19568312956
"2018-06-01 21:00:00",3519,2667.84512433546,-857.843059962707,6193.53330863364,-2724.22964481852,8059.91989348945
"2018-06-01 22:00:00",2865,2231.67834194304,-1295.70903540924,5759.06571929532,-3162.99511873329,7626.35180261937
"2018-06-01 23:00:00",2218,1814.03584318366,-1715.04990909109,5343.12159545841,-3583.23505779066,7211.30674415798
"2018-06-02 00:00:00",1601,1344.02059627507,-2186.76271397113,4874.80390652127,-4055.84649557846,6743.8876881286
"2018-06-02 01:00:00",830,832.103174183036,-2700.37687826136,4364.58322662743,-4570.35886093218,6234.56520929825
"2018-06-02 02:00:00",638,390.483199081955,-3143.69278096234,3924.65917912625,-5014.57253347435,5795.53893163826
"2018-06-02 03:00:00",446,170.04749841428,-3365.82359580373,3705.91859263229,-5237.60068755514,5577.6956843837
"2018-06-02 04:00:00",424,262.88046602811,-3274.68493010677,3800.44586216299,-5147.35893111477,5673.11986317099
"2018-06-02 05:00:00",746,650.782100021664,-2888.47678693976,4190.04098698308,-4762.04726783906,6063.61146788239
"2018-06-02 06:00:00",1385,1235.7527683729,-2305.19879948847,4776.70433623426,-4179.66533152983,6651.17086827563
"2018-06-02 07:00:00",1928,1912.32515219301,-1630.31828780265,5454.96859218867,-3505.68044285141,7330.33074723743
"2018-06-02 08:00:00",2730,2610.42642909812,-933.908075424386,6154.76093362062,-2810.16542595897,8031.0182841552
"2018-06-02 09:00:00",3707,3279.98663600865,-266.038126588648,6826.01139860595,-2143.19024569914,8703.16351771644
"2018-06-02 10:00:00",3864,3856.11652639136,308.402311018641,7403.83074176409,-1569.64415036801,9281.87720315074
"2018-06-02 11:00:00",4260,4262.41438417351,713.011520174812,7811.8172481722,-1165.928857797,9690.75762614402
"2018-06-02 12:00:00",4671,4460.11991490757,909.029205285159,8011.21062452998,-970.8046641881,9891.04449400324
"2018-06-02 13:00:00",4741,4488.86983165167,936.092078263047,8041.6475850403,-944.634858233935,9922.37452153728
"2018-06-02 14:00:00",4896,4442.79104492398,888.327048485228,7997.25504136273,-993.292531161982,9878.87462100994
"2018-06-02 15:00:00",4509,4391.56532362648,835.415883714752,7947.7147635382,-1047.09591581211,9830.22656306507
"2018-06-02 16:00:00",4560,4321.05835790664,763.224272962669,7878.89244285062,-1120.17932377486,9762.29603958815
"2018-06-02 17:00:00",4221,4157.79931160475,598.281378935524,7717.31724427398,-1286.01359294384,9601.61221615335
"2018-06-02 18:00:00",4013,3858.48196890558,297.280984687122,7419.68295312404,-1587.90494086396,9304.86887867512
"2018-06-02 19:00:00",3480,3473.15271254198,-89.7305281779886,7036.03595326196,-1975.80698652794,8922.1124116119
"2018-06-02 20:00:00",3074,3109.35852609903,-455.206177200378,6673.92322939843,-2342.17274807224,8560.88980027029
"2018-06-02 21:00:00",2905,2824.12211586985,-742.123257209892,6390.3674889496,-2629.97952092117,8278.22375266088
"2018-06-02 22:00:00",2808,2552.85927345453,-1015.06597772681,6120.78452463587,-2903.81151518809,8009.53006209715
"2018-06-02 23:00:00",2103,2159.62156920547,-1409.98276951642,5729.22590792736,-3299.61716222998,7618.86030064091
"2018-06-03 00:00:00",1516,1576.14844569153,-1995.13419112494,5147.43108250801,-3885.65702118332,7037.95391256639
"2018-06-03 01:00:00",905,900.932014429554,-2672.02813214801,4473.89216100712,-4563.43898223266,6365.30301109177
"2018-06-03 02:00:00",647,355.162384338962,-3219.47448477604,3929.79925345396,-5111.77293815594,5822.09770683386
"2018-06-03 03:00:00",477,124.200889100016,-3452.11191643602,3700.51369463605,-5345.29755696628,5593.69933516631
"2018-06-03 04:00:00",419,225.900557539734,-3352.08739940558,3803.88851448505,-5246.15981152609,5697.96092660556
"2018-06-03 05:00:00",643,526.588278852169,-3053.07404559276,4106.2506032971,-4948.03281432679,6001.20937203113
"2018-06-03 06:00:00",1103,885.479686752125,-2695.85622238223,4466.81559588648,-4591.70093333511,6362.66030683936
"2018-06-03 07:00:00",1519,1283.29850096293,-2299.71021114759,4866.30721307345,-4196.44045050532,6763.03745243118
"2018-06-03 08:00:00",2380,1806.55233719933,-1778.12839726848,5391.23307166713,-3675.74375179637,7288.84842619502
"2018-06-03 09:00:00",3350,2504.6006745057,-1081.75130279231,6090.9526518037,-2980.25135983367,7989.45270884506
"2018-06-03 10:00:00",3820,3269.85669572151,-318.165745968904,6857.87913741193,-2217.55009344365,8757.26348488667
"2018-06-03 11:00:00",4453,3876.03062870058,286.338499968814,7465.72275743234,-1613.92972643452,9365.99098383567
"2018-06-03 12:00:00",4858,4153.58645333319,562.225413826924,7744.94749283945,-1338.92628057415,9646.09918724052
"2018-06-03 13:00:00",4563,4136.87533075848,543.846155662706,7729.90450585425,-1358.18859637797,9631.93925789493
"2018-06-03 14:00:00",4458,4031.91513415484,437.218597575553,7626.61167073413,-1465.69880231776,9529.52907062744
"2018-06-03 15:00:00",4554,4022.56948807337,426.206363039933,7618.9326131068,-1477.59327548898,9522.73225163572
"2018-06-03 16:00:00",4547,4094.9692955752,496.940354042755,7692.99823710765,-1407.74111447341,9597.67970562381
"2018-06-03 17:00:00",4262,4052.28178411346,452.587796965399,7651.97577126153,-1452.97509345699,9557.53866168392
"2018-06-03 18:00:00",3972,3712.56963734782,111.2113743983,7313.92790029735,-1795.23253041531,9220.37180511096
"2018-06-03 19:00:00",3527,3100.99648732432,-502.025282679249,6704.0182573279,-2409.34979493379,8611.34276958244
"2018-06-03 20:00:00",3043,2444.43266095409,-1160.25184842042,6049.1171703286,-3068.456561729,7957.32188363718
"2018-06-03 21:00:00",2490,1964.21405536452,-1642.13242675966,5570.5605374887,-3551.21693529749,7479.64504602653
"2018-06-03 22:00:00",2051,1665.57548980706,-1942.43219950491,5273.58317911903,-3852.39609800802,7183.54707762214
"2018-06-03 23:00:00",1166,1340.17545659856,-2269.49267539629,4949.8435885934,-4180.33555916022,6860.68647235733
"2018-06-04 00:00:00",667,802.214281512272,-2809.11352971507,4413.54209273961,-4720.83499459359,6325.26355761814
"2018-06-04 01:00:00",377,147.127412440459,-3465.85931562109,3760.11414050201,-5378.45895802494,5672.71378290586
"2018-06-04 02:00:00",285,-223.442289733183,-3838.08717328036,3391.20259381399,-5751.56459017595,5304.68001070958
"2018-06-04 03:00:00",375,128.617424654707,-3487.6848540768,3744.91970338621,-5402.03964298492,5659.27449229433
"2018-06-04 04:00:00",928,1317.97649826162,-2299.9824163978,4935.93541292103,-4215.21417539239,6851.16717191562
"2018-06-04 05:00:00",3021,2985.27802453174,-634.336767841664,6604.89281690515,-2550.44509554852,8521.00114461201
"2018-06-04 06:00:00",5765,4490.82905657831,869.559143664712,8112.09896949191,-1047.42535193081,10029.0834650874
"2018-06-04 07:00:00",6081,5307.83538324153,1684.91110592381,8930.75966055925,-232.949157286126,10848.6199237692
"2018-06-04 08:00:00",5546,5319.05458540394,1694.4766987828,8943.63247202509,-224.258932315382,10862.3681031233
"2018-06-04 09:00:00",5108,4818.53836306277,1192.3076212059,8444.76910491965,-727.302978601203,10364.3797047268
"2018-06-04 10:00:00",4334,4264.27437328868,636.391529233103,7892.15721734425,-1284.09364064919,9812.64238722654
"2018-06-04 11:00:00",4489,3998.84310989973,369.308915654187,7628.37730414527,-1552.05042621393,9549.73664601338
"2018-06-04 12:00:00",4741,4123.68462573506,492.49983228231,7754.86941918781,-1429.73328402537,9677.10253549549
"2018-06-04 13:00:00",4873,4543.82761069083,910.992967989894,8176.66225339177,-1012.11352575302,10099.7687471347
"2018-06-04 14:00:00",5170,5070.24691913546,1435.76317612415,8704.73066214677,-488.216298590277,10628.7101368612
"2018-06-04 15:00:00",5797,5483.1584738458,1847.02637844297,9119.29056924863,-77.8256813186426,11044.1426290102
"2018-06-04 16:00:00",7024,5565.31683239032,1927.53713149809,9203.09653328255,1.81288207540001,11128.8207827052
"2018-06-04 17:00:00",6234,5169.20789106545,1529.78133057155,8808.63445155935,-396.814713663119,10735.230495794
"2018-06-04 18:00:00",4374,4320.4623420334,679.389666813435,7961.53501725336,-1248.07777791987,9889.00246198666
"2018-06-04 19:00:00",3279,3261.94764555405,-380.770400526157,6904.66569163426,-2309.10885197933,8833.00414308743
"2018-06-04 20:00:00",2941,2343.13510150355,-1301.22757257862,5987.49777558573,-3230.43663750624,7916.70684051334
"2018-06-04 21:00:00",2776,1790.64785887495,-1855.35870135617,5436.65441910606,-3785.43798704496,7366.73370479486
"2018-06-04 22:00:00",1871,1538.18919508037,-2109.46051044966,5185.83890061039,-4040.40962471732,7116.78801487805
"2018-06-04 23:00:00",1115,1287.77320166741,-2361.51890931223,4937.06531264706,-4293.33746050619,6868.88386384101
"2018-06-05 00:00:00",635,790.421954945498,-2860.51182263295,4441.35573252394,-4793.19941962921,6374.04332952021
"2018-06-05 01:00:00",399,125.322266328672,-3527.252439994,3777.89697265135,-5460.80869219596,5711.45322485331
"2018-06-05 02:00:00",297,-277.267178794842,-3931.48207700118,3376.94771941149,-5865.9065943384,5311.37223674872
"2018-06-05 03:00:00",355,72.6458000898128,-3583.20855413138,3728.50015431101,-5518.50094705847,5663.79254723809
"2018-06-05 04:00:00",952,1330.2806086284,-2327.21246672841,4987.77368398522,-4263.37234622378,6923.93356348058
"2018-06-05 05:00:00",3078,3134.18646861508,-524.944593985439,6793.3175312156,-2461.97157155018,8730.34450878034
"2018-06-05 06:00:00",5970,4793.36114039007,1132.59282345263,8454.1294573275,-805.30086420407,10392.0231449842
"2018-06-05 07:00:00",5972,5708.47194952046,2046.06711016997,9370.87678887096,107.307099878401,11309.6367991625
"2018-06-05 08:00:00",5645,5715.80256073373,2051.76192991331,9379.84319155415,112.1359839248,11319.4691375427
"2018-06-05 09:00:00",5046,5121.98112823584,1456.30543591009,8787.65682056158,-484.186059355455,10728.1483158271
"2018-06-05 10:00:00",4592,4448.83205767759,781.522032834745,8116.14208252043,-1159.83462580477,10057.4987411599
"2018-06-05 11:00:00",4778,4109.45103004651,440.507400700619,7778.39465939239,-1501.71403592551,9720.61609601852
"2018-06-05 12:00:00",5256,4234.6742758297,564.097769022805,7905.2507826366,-1378.98806071713,9848.33661237654
"2018-06-05 13:00:00",5285,4703.43029081416,1031.22163261837,8375.63894900994,-912.728205876007,10319.5887875043
"2018-06-05 14:00:00",5340,5273.5869261812,1599.74684170102,8947.42701066139,-345.066621700682,10892.2404740631
"2018-06-05 15:00:00",6102,5691.22376950563,2015.75298288,9366.69455613127,70.0762779069928,11312.3712611043
"2018-06-05 16:00:00",7037,5749.04769536938,2071.94692977382,9426.14846096495,125.407366055501,11372.6880246833
"2018-06-05 17:00:00",6431,5338.87833604592,1660.14831369466,9017.60835839717,-287.253726451851,10965.0103985437
"2018-06-05 18:00:00",4582,4515.84070856106,835.482150709189,8196.19926641292,-1112.78198405614,10144.4634011783
"2018-06-05 19:00:00",3510,3513.62608986018,-168.360283194245,7195.61246291461,-2117.48613127563,9144.73831099599
"2018-06-05 20:00:00",3012,2639.48699234066,-1044.12647657318,6323.10046125451,-2994.11365717337,8273.0876418547
"2018-06-05 21:00:00",2754,2078.64296407685,-1606.59688230608,5763.88281045978,-3557.4450151322,7714.7309432859
"2018-06-05 22:00:00",2212,1757.03525341458,-1929.83025299782,5443.90075982697,-3881.53895826027,7395.60946508943
"2018-06-05 23:00:00",1227,1407.97270515039,-2280.51774480045,5096.46315510122,-4233.08664321181,7049.03205351258
"2018-06-06 00:00:00",663,828.631270328702,-2861.48340761608,4518.74594827349,-4814.91212038997,6472.17466104737
"2018-06-06 01:00:00",415,126.765412810615,-3564.97277852806,3818.50360414929,-5519.26092737805,5772.79175299928
"2018-06-06 02:00:00",318,-271.822997711427,-3965.1839887863,3421.53799336344,-5920.33119592484,5376.68520050198
"2018-06-06 03:00:00",362,95.7704161513147,-3599.21266194235,3790.75349424498,-5555.21855007964,5746.75938238227
"2018-06-06 04:00:00",934,1359.29740448099,-2337.30704885231,5055.90185781429,-4294.1712411952,7012.76605015719
"2018-06-06 05:00:00",2980,3151.44242508801,-546.782692641922,6849.66754281795,-2504.50481289288,8807.38966306891
"2018-06-06 06:00:00",5195,4795.01930517675,1095.17423295905,8494.86437739445,-863.405439396914,10453.4440497504
"2018-06-06 07:00:00",6083,5709.98483576047,2008.52051803179,9411.44915348914,49.083668880462,11370.8860026405
"2018-06-06 08:00:00",5301,5741.62469464645,2038.54183945355,9444.70754983936,78.2481883241662,11405.0012009687
"2018-06-06 09:00:00",5324,5188.73359433011,1484.03290879172,8893.4342798685,-477.117169989675,10854.5843586499
"2018-06-06 10:00:00",4621,4553.5743968208,847.25658712967,8259.89220651193,-1114.74954546787,10221.8983391095
"2018-06-06 11:00:00",4915,4230.02251491081,522.088286335736,7937.95674348589,-1440.77352673121,9900.81855655283
"2018-06-06 12:00:00",5098,4341.87881579676,632.328872684572,8051.42875890896,-1331.38824799308,10015.1458795866
"2018-06-06 13:00:00",4799,4778.57599164384,1067.41103742139,8489.74094586628,-897.161018495294,10454.313001783
"2018-06-06 14:00:00",5226,5321.22192407849,1608.44266125473,9034.00118690224,-356.983958015201,10999.4278061722
"2018-06-06 15:00:00",6264,5737.72173171145,2023.3288618794,9452.1146015435,57.0480506571157,11418.3954127658
"2018-06-06 16:00:00",6925,5824.79553509174,2108.78975893043,9540.80131125305,141.655126672877,11507.9359435106
"2018-06-06 17:00:00",6637,5453.35882561259,1735.74084288908,9170.97680833611,-232.247239969443,11138.9648911946
"2018-06-06 18:00:00",5055,4643.32668467742,924.097194248751,8362.55617510609,-1044.74396925816,10331.397338613
"2018-06-06 19:00:00",3648,3603.65153645842,-117.188763726386,7324.49183664322,-2086.8826384098,9294.18571132663
"2018-06-06 20:00:00",3157,2649.47989250842,-1072.97052038957,6371.9303054064,-3043.51673725723,8342.47652227406
"2018-06-06 21:00:00",2723,2007.06012351343,-1716.99970595889,5731.11995298575,-3688.39789649716,7702.51814352402
"2018-06-06 22:00:00",2224,1650.5195958477,-2075.14895496227,5376.18814665767,-4047.39875113507,7348.43794283047
"2018-06-06 23:00:00",1303,1332.9822428973,-2394.29433491384,5060.25882070843,-4367.39536916164,7033.35985495624
"2018-06-07 00:00:00",685,825.857707913871,-2903.02620346022,4554.74161928796,-4876.97810869901,6528.69352452675
"2018-06-07 01:00:00",439,182.754214080223,-3547.73633831494,3913.24476647539,-5522.53874793519,5888.04717609564
"2018-06-07 02:00:00",328,-212.698688853074,-3944.79519062183,3519.39781291568,-5920.44773848749,5495.05036078134
"2018-06-07 03:00:00",380,104.01517226762,-3629.68658811974,3837.71693265498,-5606.18890856719,5814.21925310242
"2018-06-07 04:00:00",977,1305.01019679197,-2430.29613234955,5040.31652593348,-4407.64786018662,7017.66825377056
"2018-06-07 05:00:00",3018,3070.49515195065,-666.415056969243,6807.40536087054,-2644.61582747419,8785.60613137549
"2018-06-07 06:00:00",5885,4737.9899429352,999.476542325975,8476.50334354443,-979.572906594505,10455.5527924649
"2018-06-07 07:00:00",6097,5701.36091640989,1961.24501131553,9441.47682150425,-18.652752236555,11421.3745850563
"2018-06-07 08:00:00",5871,5766.90638610402,2025.18866284578,9508.62410936227,44.442947978614,11489.3698242294
"2018-06-07 09:00:00",5136,5218.92695206355,1475.60809608162,8962.24580804548,-505.985207250516,10943.8391113776
"2018-06-07 10:00:00",4691,4581.48775983655,836.568455691945,8326.40706398115,-1145.87207372044,10308.8475933935
"2018-06-07 11:00:00",5168,4281.39711248994,534.878043866382,8027.9161811135,-1448.40934970596,10011.2035746858
"2018-06-07 12:00:00",5220,4448.18899029073,700.070839996503,8196.30714058495,-1284.06305627891,10180.4410368604
"2018-06-07 13:00:00",5094,4936.2546920288,1186.53814199863,8685.97124205897,-798.441895985431,10670.951280043
"2018-06-07 14:00:00",5399,5478.64634193862,1727.33207323554,9229.9606106417,-258.493745924165,11215.7864298014
"2018-06-07 15:00:00",6202,5829.18372330059,2076.2724161178,9582.09503048337,89.6011758549766,11568.7662707462
"2018-06-07 16:00:00",6858,5827.82622703906,2073.31856070178,9582.33389337634,85.8022589488728,11569.8501951292
"2018-06-07 17:00:00",6286,5420.60021590446,1664.49686887173,9176.70356293719,-323.864135216726,11165.0645670256
"2018-06-07 18:00:00",4858,4677.10261340405,919.404263270612,8434.80096353748,-1069.8010844564,10424.0063112645
"2018-06-07 19:00:00",3715,3787.93438957469,28.6417130728214,7547.22706607656,-1961.40762005233,9537.27639920171
"2018-06-07 20:00:00",3222,2990.4382748756,-770.448052123086,6751.32460187428,-2761.34101286155,8742.21756261274
"2018-06-07 21:00:00",2912,2427.83760474015,-1334.64169774255,6190.31690722285,-3326.37792876414,8182.05313824443
"2018-06-07 22:00:00",2215,2042.57680979091,-1721.49479402002,5806.64841360184,-3714.0739384482,7799.22755803003
"2018-06-07 23:00:00",1398,1622.12784365382,-2143.53538818474,5387.79107549238,-4136.95708959572,7381.21277690337
"2018-06-08 00:00:00",800,1002.97262445131,-2764.28156296768,4770.22681187029,-4758.54546538942,6764.49071429203
"2018-06-08 01:00:00",480,282.044097680478,-3486.80037372331,4050.88856908427,-5481.90612163456,6045.99431699551
"2018-06-08 02:00:00",354,-161.541558701995,-3931.97564334477,3608.89252594078,-5927.92288167413,5604.83976427013
"2018-06-08 03:00:00",364,101.704230291889,-3670.31879769204,3873.72725827582,-5667.10717181702,5870.5156324008
"2018-06-08 04:00:00",884,1218.24735991439,-2555.36394235908,4991.85866218786,-4552.99309810516,6989.48781793394
"2018-06-08 05:00:00",2793,2878.06950864684,-897.129399709,6653.26841700269,-2895.59898334867,8651.73800064235
"2018-06-08 06:00:00",5554,4457.13446085618,680.348613782485,8233.92030792989,-1318.96104446933,10233.2299661817
"2018-06-08 07:00:00",6584,5388.54839523592,1610.17627596799,9166.92051450386,-389.97310405969,11167.0698945315
"2018-06-08 08:00:00",5442,5495.72393375571,1715.76620797803,9275.68165953338,-285.222541433419,11276.6704089448
"2018-06-08 09:00:00",5011,5054.09790378768,1272.55523634739,8835.64057122796,-729.272530499026,10837.4683380744
"2018-06-08 10:00:00",4681,4560.75296096649,777.62601587511,8343.87990605787,-1225.04041689981,10346.5463388328
"2018-06-08 11:00:00",4996,4402.87059010466,618.160030539837,8187.58114966949,-1385.34471709854,10191.0858973079
"2018-06-08 12:00:00",5415,4659.99719459273,873.703682899986,8446.29070628546,-1130.63902897731,10450.6334181628
"2018-06-08 13:00:00",5563,5138.74123214407,1350.86542983855,8926.61703444959,-654.314896092696,10931.7973603808
"2018-06-08 14:00:00",5936,5556.47775471098,1767.02032247918,9345.93518694277,-238.997267759717,11351.9527771817
"2018-06-08 15:00:00",6290,5712.67089487554,1921.63249257705,9503.70929717403,-85.2220126609291,11510.563802412
"2018-06-08 16:00:00",6727,5548.77090407316,1756.15219074237,9341.38961740396,-251.538880622969,11349.0806887693
"2018-06-08 17:00:00",5865,5112.72452422371,1318.52615807151,8906.92289037591,-690.001130985373,10915.4501794328
"2018-06-08 18:00:00",4959,4501.74674824814,705.969386663686,8297.5241098326,-1303.39377208396,10306.8872685802
"2018-06-08 19:00:00",3792,3827.87083808533,30.515137637693,7625.22653853296,-1979.68354323403,9635.42521940468
"2018-06-08 20:00:00",3251,3195.25362762837,-603.679755931707,6994.18701118844,-2614.71361179404,9005.22086705078
"2018-06-08 21:00:00",3050,2666.37789343186,-1134.13251830658,6466.88830517029,-3146.00120245836,8478.75698932208
"2018-06-08 22:00:00",3360,2230.21111104326,-1571.87567475442,6032.29789684094,-3584.57884092591,8045.00106301243
"2018-06-08 23:00:00",2903,1812.56861227774,-1991.09389427334,5616.23111882881,-4004.63119662531,7629.76842118078
"2018-06-09 00:00:00",1511,1342.55336536066,-2462.68420944954,5147.79094017087,-4477.0553025724,7162.16203329372
"2018-06-09 01:00:00",1110,830.635943269458,-2976.17604811553,4637.44793465444,-4991.38058702841,6652.65247356732
"2018-06-09 02:00:00",866,389.015968175708,-3419.36978890794,4197.40172525936,-5435.40742905784,6213.43936540926
"2018-06-09 03:00:00",614,168.580267512489,-3641.37860520027,3978.53914022525,-5658.24900246115,5995.40953748613
"2018-06-09 04:00:00",517,261.413235130178,-3550.11810394703,4072.94457420739,-5567.82091461896,6090.64738487932
"2018-06-09 05:00:00",795,649.314869133557,-3163.7882878467,4462.41802611381,-5182.32316865493,6480.95290692204
"2018-06-09 06:00:00",1398,1234.28553747483,-2580.38878974864,5048.9598646983,-4599.75539784278,7068.32647279244
"2018-06-09 07:00:00",2172,1910.85792129526,-1905.38692931154,5727.10277190206,-3925.58492226464,7747.30076485516
"2018-06-09 08:00:00",2686,2608.95919820976,-1208.85552971877,6426.77392613829,-3229.88456552648,8447.80296194599
"2018-06-09 09:00:00",3367,3278.51940511724,-540.864554868073,7097.90336510254,-2562.72429194776,9119.76310218223
"2018-06-09 10:00:00",3684,3854.64929549019,33.6967479180353,7675.60184306234,-1988.99334927185,9698.29194025223
"2018-06-09 11:00:00",4085,4260.9471532674,438.426661784956,8083.46764474985,-1585.09345477335,10106.9877613082
"2018-06-09 12:00:00",4257,4458.6526840024,634.56489149446,8282.74047651034,-1389.78490410961,10307.0902721144
"2018-06-09 13:00:00",4186,4487.40260075169,661.748149312913,8313.05705219048,-1363.43098543255,10338.2361869359
"2018-06-09 14:00:00",4196,4441.32381402565,614.103344962175,8268.54428308913,-1411.90478943771,10294.552417489
"2018-06-09 15:00:00",3957,4390.09809272737,561.312246558439,8218.8839388963,-1465.52454842546,10245.7207338802
"2018-06-09 16:00:00",3940,4319.59112700738,489.240543466936,8149.94171054782,-1538.42457344629,10177.606827461
"2018-06-09 17:00:00",3589,4156.3320807043,324.417398742592,7988.246762666,-1704.07570186012,10016.7398632687
"2018-06-09 18:00:00",3571,3857.01473799963,23.5365957848103,7690.49288021444,-2005.78415068159,9719.81362668084
"2018-06-09 19:00:00",3128,3471.6854816407,-363.355483439576,7306.72644672097,-2393.50353835701,9336.8745016384
"2018-06-09 20:00:00",2782,3107.89129519668,-728.711856140311,6944.49444653366,-2759.68688250847,8975.46947290182
"2018-06-09 21:00:00",2835,2822.65488497121,-1015.50981679108,6660.81958673349,-3047.31147802114,8692.62124796356
"2018-06-09 22:00:00",2863,2551.39204255283,-1288.33357457909,6391.11765968474,-3320.96153449289,8423.74561959855
"2018-06-09 23:00:00",1928,2158.15433830303,-1683.13155991701,5999.44023652307,-3716.58548274621,8032.89415935227
"2018-06-10 00:00:00",1226,1574.6812147866,-2268.16433101266,5417.52676058586,-4302.4438813979,7451.8063109711
"2018-06-10 01:00:00",777,899.464783522012,-2944.93977711859,4743.86934416261,-4980.04462010867,6778.9741871527
"2018-06-10 02:00:00",570,353.695153435608,-3492.26779007793,4199.65809694915,-5528.19759112899,6235.58789800021
"2018-06-10 03:00:00",350,122.733658199757,-3724.78703698622,3970.25435338574,-5761.5414619609,6007.00877836041
"2018-06-10 04:00:00",293,224.433326643816,-3624.64448978046,4073.51114306809,-5662.22320494707,6111.0898582347
"2018-06-10 05:00:00",427,525.121047959044,-3325.51326003419,4375.75535595228,-5363.91593206593,6414.15802798402
"2018-06-10 06:00:00",808,884.012455848811,-2968.17771480731,4736.20262650493,-5007.40401078141,6775.42892247903
"2018-06-10 07:00:00",1012,1281.83127006494,-2571.9141351097,5135.57667523959,-4611.96372250663,7175.62626263651
"2018-06-10 08:00:00",1617,1805.08510630703,-2050.21490600197,5660.38511861603,-4091.0874527046,7701.25766531865
"2018-06-10 09:00:00",2417,2503.13344361135,-1353.72054920648,6359.98743642918,-3395.41572349929,8401.682610722
"2018-06-10 10:00:00",3075,3268.38946482071,-590.017882637551,7126.79681227898,-2632.53535320584,9169.31428284726
"2018-06-10 11:00:00",3656,3874.56339779626,14.6033208103581,7734.52347478215,-2028.73611511868,9777.86291071119
"2018-06-10 12:00:00",3993,4152.11922243295,290.607040278137,8013.63140458777,-1753.55403049611,10057.792475362
"2018-06-10 13:00:00",3888,4135.40809985668,272.344436139096,7998.47176357427,-1772.6379393632,10043.4541390766
"2018-06-10 14:00:00",4125,4030.44790325618,165.833380830913,7895.06242568144,-1879.96996967987,9940.86577619222
"2018-06-10 15:00:00",4062,4021.10225717444,154.937498147046,7887.26701620183,-1891.68649804943,9933.8910123983
"2018-06-10 16:00:00",3901,4093.50206467746,225.787690405446,7961.21643894948,-1821.65662254994,10008.6607519049
"2018-06-10 17:00:00",3584,4050.81455321398,181.55118430828,7920.07792211967,-1866.71311687442,9968.34222330237
"2018-06-10 18:00:00",3477,3711.10240644441,-159.709337229073,7581.91415011789,-2208.79329850191,9630.99811139072
"2018-06-10 19:00:00",3010,3099.52925642275,-772.830242896187,6971.88875574169,-2822.73353651559,9021.79204936109
"2018-06-10 20:00:00",2979,2442.96543005427,-1430.94120652987,6316.87206663842,-3481.66350514511,8367.59436525366
"2018-06-10 21:00:00",2353,1962.7468244666,-1912.70633174311,5838.1999806763,-3964.24730839551,7889.74095732871
"2018-06-10 22:00:00",1834,1664.10825890837,-2212.89080002637,5541.1073178431,-4265.25012814852,7593.46664596525
"2018-06-10 23:00:00",1101,1338.70822569725,-2539.83611979964,5217.25257119414,-4593.01347321462,7270.42992460912
"2018-06-11 00:00:00",642,800.747050609883,-3079.34196602247,4680.83606724223,-5133.33701894305,6734.83112016281
"2018-06-11 01:00:00",396,145.660181534511,-3735.97289154131,4027.29325461033,-5790.78531856923,6082.10568163825
"2018-06-11 02:00:00",291,-224.909520635094,-4108.08603619566,3658.26699492548,-6163.71551232079,5713.8964710506
"2018-06-11 03:00:00",310,127.150193751878,-3757.56915106651,4011.86953857027,-5814.01535166612,6068.31573916987
"2018-06-11 04:00:00",873,1316.50926736803,-2569.75229421159,5202.77082894765,-4627.01489504958,7260.03342978564
"2018-06-11 05:00:00",2947,2983.81079363375,-903.992372939418,6871.61396020692,-2962.07105016553,8929.69263743303
"2018-06-11 06:00:00",5476,4489.36182568295,600.017665156473,8378.70598620944,-1458.8767649926,10437.6004163585
"2018-06-11 07:00:00",6336,5306.36815234257,1415.483608177,9197.25269650814,-644.226251814203,11256.9625564994
"2018-06-11 08:00:00",5676,5317.5873545072,1425.16303629219,9210.01167272221,-635.361930843883,11270.5366398583
"2018-06-11 09:00:00",4588,4817.07113216413,923.107648766182,8711.03461556207,-1138.2321032003,10772.3743675286
"2018-06-11 10:00:00",4270,4262.80714238909,367.305101953001,8158.30918282518,-1694.84911291148,10220.4633976897
"2018-06-11 11:00:00",4435,3997.3758789981,100.335888948367,7894.41586904783,-1962.632467263,9957.3842252592
"2018-06-11 12:00:00",4763,4122.21739483515,223.640061877413,8020.79472779289,-1840.14211451029,10084.5769041806
"2018-06-11 13:00:00",4658,4542.36037979195,642.246309914387,8442.47444966952,-1422.34936585888,10507.0701254428
"2018-06-11 14:00:00",4923,5068.77968823699,1167.12948671173,8970.42988976224,-898.279368035381,11035.8387445094
"2018-06-11 15:00:00",5691,5481.69124294667,1578.50551433125,9384.8769715621,-487.716199356299,11451.0986852496
"2018-06-11 16:00:00",6556,5563.8496014919,1659.12894963059,9468.57025335321,-407.905303341524,11535.6045063253
"2018-06-11 17:00:00",5922,5167.74066016473,1261.48568819,9073.99563213946,-806.360784787646,11141.8421051171
"2018-06-11 18:00:00",4512,4318.99511113657,411.206421470466,8226.78380080268,-1657.45195260975,10295.4421748829
"2018-06-11 19:00:00",3078,3260.48041465329,-648.841390991194,7169.80222029777,-2718.31134764636,9239.27217695293
"2018-06-11 20:00:00",2611,2341.66787060296,-1569.18645001453,6252.52219122045,-3639.46767109162,8322.80341229754
"2018-06-11 21:00:00",2240,1789.18062797409,-2123.20560731731,5701.56686326549,-4194.29777503717,7772.65903098535
"2018-06-11 22:00:00",1861,1536.72196417765,-2377.19558619342,5450.63951454871,-4449.09838315004,7522.54231150533
"2018-06-11 23:00:00",1109,1286.30597076941,-2629.14229579059,5201.75423732941,-4701.85540495037,7274.46734648919
"2018-06-12 00:00:00",621,788.954724042994,-3128.02366051733,4705.93310860332,-5201.54676521833,6779.45621330432
"2018-06-12 01:00:00",396,123.855035426589,-3794.65286964619,4042.36294049937,-5868.98565359746,6116.69572445063
"2018-06-12 02:00:00",314,-278.73440969567,-4198.77123849243,3641.30241910109,-6273.91338577321,5716.44456638187
"2018-06-12 03:00:00",362,71.1785691923742,-3850.3865872379,3992.74372562265,-5926.33778229698,6068.69492068173
"2018-06-12 04:00:00",912,1328.81337773451,-2594.27951093549,5251.9062664045,-4671.03943859043,7328.66619405943
"2018-06-12 05:00:00",3013,3132.71923771571,-791.900788495509,7057.33926392694,-2869.46913393193,9134.90760936336
"2018-06-12 06:00:00",5905,4791.89390948936,865.747339741457,8718.04047923727,-1212.62910902944,10796.4169280082
"2018-06-12 07:00:00",6283,5707.00471861998,1779.33219864732,9634.67723859263,-299.852039377689,11713.8614766176
"2018-06-12 08:00:00",5656,5714.33532983598,1785.13745225926,9643.5332074127,-294.854261305422,11723.5249209774
"2018-06-12 09:00:00",4948,5120.51389733797,1189.79125408794,9051.23654058799,-891.007621667204,11132.0354163431
"2018-06-12 10:00:00",4574,4447.36482677603,515.118009094882,8379.61164445719,-1566.48771586602,10461.2173694181
"2018-06-12 11:00:00",4531,4107.98379914596,174.213397588613,8041.7542007033,-1908.19886395714,10124.1664622491
"2018-06-12 12:00:00",4911,4233.20704493094,297.913649366429,8168.50044049546,-1785.30483650638,10251.7189263683
"2018-06-12 13:00:00",4777,4701.96305991526,765.147259528001,8638.77886030252,-1318.87713877647,10722.803258607
"2018-06-12 14:00:00",5185,5272.1196952807,1333.78207857186,9210.45731198954,-751.047920630573,11295.287311192
"2018-06-12 15:00:00",6092,5689.75653860605,1749.89769339484,9629.61538381725,-335.737595532859,11715.2506727449
"2018-06-12 16:00:00",6777,5747.58046446911,1806.20097789414,9688.95995104409,-280.239289946438,11775.4002188847
"2018-06-12 17:00:00",6366,5337.41110514517,1394.51156366569,9280.31064662465,-692.733372634972,11367.5555829253
"2018-06-12 18:00:00",4701,4514.3734776633,569.954467060576,8458.79248826602,-1518.09482760631,10546.8417829329
"2018-06-12 19:00:00",3235,3512.15885895809,-433.779035663317,7458.09675357951,-2522.63237896078,9546.95009687697
"2018-06-12 20:00:00",2975,2638.0197614405,-1309.43643277044,6585.47595565144,-3399.09351532037,8675.13303820137
"2018-06-12 21:00:00",2990,2077.17573317578,-1871.79817686964,6026.1496432212,-3962.25868965078,8116.61015600235
"2018-06-12 22:00:00",2332,1755.56802251363,-2194.92302028402,5706.05906531129,-4286.18665463128,7797.32269965855
"2018-06-12 23:00:00",1250,1406.50547425218,-2545.50211888698,5358.51306739134,-4637.56856649074,7450.5795149951
"2018-06-13 00:00:00",684,827.16403942751,-3126.35952231266,4780.68760116767,-5219.2284752181,6873.55655407312
"2018-06-13 01:00:00",439,125.298181910215,-3829.7407673594,4080.33713117983,-5923.41191796583,6174.00828178626
"2018-06-13 02:00:00",328,-273.290228612373,-4229.84398500755,3683.26352778281,-6324.3170260677,5777.73656884296
"2018-06-13 03:00:00",387,94.303185252199,-3863.76479853104,4052.37116903543,-5959.03942315041,6147.64579365481
"2018-06-13 04:00:00",922,1357.83017357958,-2601.75145851931,5317.41180567848,-4697.8273601555,7413.48770731467
"2018-06-13 05:00:00",3022,3149.97519418833,-811.119507817672,7111.06989619433,-2907.99638027969,9207.94676865635
"2018-06-13 06:00:00",5767,4793.5520742803,830.944880113164,8756.15926844743,-1266.73265733443,10853.836805895
"2018-06-13 07:00:00",6127,5708.51760486192,1744.39849561833,9672.63671410551,-354.079401324669,11771.1146110485
"2018-06-13 08:00:00",5664,5740.15746374913,1774.52701585371,9705.78791164455,-324.750935443934,11805.0658629422
"2018-06-13 09:00:00",5157,5187.26636342792,1220.12515264649,9154.40757420935,-879.95254821377,11254.4852750696
"2018-06-13 10:00:00",4579,4552.10716592224,583.455767363102,8520.75856448138,-1517.42137861585,10621.6357104603
"2018-06-13 11:00:00",4687,4228.55528401174,258.394272126893,8198.71629589658,-1843.28201487421,10300.3925828977
"2018-06-13 12:00:00",5110,4340.41158489788,368.741533484296,8312.08163631146,-1733.7335907892,10414.556760585
"2018-06-13 13:00:00",4998,4777.10876074437,803.930242945219,8750.28727854352,-1299.34341519701,10853.5609366857
"2018-06-13 14:00:00",5227,5319.75469318046,1345.06828148636,9294.44110487456,-759.003607466371,11398.5129938273
"2018-06-13 15:00:00",6188,5736.25450081218,1760.06076706243,9712.44823456194,-344.80904998736,11817.3180516117
"2018-06-13 16:00:00",6781,5823.32830419408,1845.62781957788,9801.02878881027,-260.039623199658,11906.6962315878
"2018-06-13 17:00:00",5644,5451.89159471112,1472.68492976885,9431.09825965339,-633.779836710621,11537.5630261329
"2018-06-13 18:00:00",4617,4641.85945377841,661.147178402804,8622.57172915402,-1446.11461009561,10729.8335176524
"2018-06-13 19:00:00",3560,3602.1843055579,-380.033011004706,7584.40162212051,-2488.09152018125,9692.46013129706
"2018-06-13 20:00:00",3277,2648.01266161242,-1335.70912753604,6631.73445076088,-3444.56405639145,8740.58937961629
"2018-06-13 21:00:00",2777,2005.59289261102,-1979.63280116609,5990.81858638813,-4089.28384904199,8100.46963426403
"2018-06-13 22:00:00",2123,1649.05236494778,-2337.67666614354,5635.7813960391,-4448.1235327218,7746.22826261736
"2018-06-13 23:00:00",1283,1331.5150119968,-2656.71678973582,5319.74681372942,-4767.95917503792,7430.98919903152
"2018-06-14 00:00:00",724,824.39047701372,-3165.34352932762,4814.12448335506,-5277.38113371401,6926.16208774145
"2018-06-14 01:00:00",424,181.286983181742,-3809.94866237486,4172.52262873834,-5922.78118654432,6285.3551529078
"2018-06-14 02:00:00",308,-214.165919749581,-4206.9026397659,3778.57080026674,-6320.52978475492,5892.19794525575
"2018-06-14 03:00:00",368,102.547941368766,-3891.68928898846,4096.78517172599,-6006.11075617056,6211.2066389081
"2018-06-14 04:00:00",928,1303.54296589258,-2692.19421132226,5299.28014310742,-4807.40970240742,7414.49563419258
"2018-06-14 05:00:00",3013,3069.02792105158,-928.208640171919,7066.26448227509,-3044.2178572059,9182.27369930907
"2018-06-14 06:00:00",5824,4736.52271203585,737.787329019497,8735.25809505221,-1379.01531634423,10852.0607404159
"2018-06-14 07:00:00",6438,5699.89368551104,1699.66004228567,9700.1273287364,-417.935734123266,11817.7231051453
"2018-06-14 08:00:00",5778,5765.43915520452,1763.70781272322,9767.17049768581,-354.68079778031,11885.5591081893
"2018-06-14 09:00:00",4983,5217.45972116476,1214.23123975102,9220.68820257851,-904.949908229779,11339.8693505593
"2018-06-14 10:00:00",4510,4580.02052893828,575.295468287139,8584.74558958942,-1544.67792088625,10704.7189787628
"2018-06-14 11:00:00",4810,4279.92988158906,273.708800768341,8286.15096240979,-1847.05653364502,10406.9162968232
"2018-06-14 12:00:00",5062,4446.72175939106,439.005216842496,8454.43830193963,-1682.55176718964,10575.9952859718
"2018-06-14 13:00:00",5018,4934.78746112869,925.576014669108,8943.99890758827,-1196.77232369141,11066.3472459488
"2018-06-14 14:00:00",5434,5477.17911104151,1466.47331786401,9487.88490421902,-656.666079864685,11611.0243019477
"2018-06-14 15:00:00",6192,5827.71649240142,1815.51690907649,9839.91607572634,-308.413253389745,11963.8462381926
"2018-06-14 16:00:00",6890,5826.35899613898,1812.66617861572,9840.05181366223,-312.054454286396,11964.7724465643
"2018-06-14 17:00:00",6049,5419.13298500585,1403.94748861309,9434.31848139862,-721.563320751592,11559.8292907633
"2018-06-14 18:00:00",4819,4675.63538250457,658.957761951995,8692.31300305715,-1467.34293022966,10818.6136952388
"2018-06-14 19:00:00",3709,3786.46715867556,-231.702031945083,7804.63634929621,-2358.79231362527,9931.7266309764
"2018-06-14 20:00:00",3274,2988.97104397523,-1030.68916323856,7008.63125118903,-3158.56874142536,9136.51082937583
"2018-06-14 21:00:00",2922,2426.37037384286,-1594.78029710484,6447.52104479056,-3723.44887913224,8576.18962681796
"2018-06-14 22:00:00",2284,2041.10957889605,-1981.53100354084,6063.75016133294,-4110.98829706815,8193.20745486025
"2018-06-14 23:00:00",1388,1620.66061275406,-2403.46932954071,5644.79055504883,-4533.71504255194,7775.03626806007
"2018-06-15 00:00:00",830,1001.50539355105,-3024.11335758254,5027.12414468464,-5155.14719838584,7158.15798548794
"2018-06-15 01:00:00",500,280.576866783474,-3746.53014278102,4307.68387634796,-5878.35182000803,6439.50555357497
"2018-06-15 02:00:00",358,-163.008789600186,-4191.60350779765,3865.58592859728,-6324.21273040293,5998.19515120256
"2018-06-15 03:00:00",384,100.236999389848,-3929.84487825155,4130.31887703124,-6063.24135551198,6263.71535429167
"2018-06-15 04:00:00",866,1216.78012901451,-2814.78835948952,5248.34861751854,-4948.9718010037,7382.53205903272
"2018-06-15 05:00:00",2843,2876.60227774714,-1156.45227364487,6909.65682913914,-3291.42238933253,9044.62694482681
"2018-06-15 06:00:00",5432,4455.66722995495,421.127163044119,8490.20729686578,-1714.62933705732,10625.9637969672
"2018-06-15 07:00:00",6361,5387.08116433717,1351.05612867226,9423.10620000208,-785.486466403164,11559.6487950775
"2018-06-15 08:00:00",5671,5494.25670285639,1456.74724459886,9531.76616111391,-680.58115633015,11669.0945620429
"2018-06-15 09:00:00",4977,5052.63067288891,1013.63733759804,9091.62400817978,-1124.47658038292,11229.7379261607
"2018-06-15 10:00:00",4801,4559.28573006627,518.809062700254,8599.76239743228,-1620.0900838492,10738.6615439817
"2018-06-15 11:00:00",5025,4401.40335920418,359.443904121254,8443.3628142871,-1780.24018283086,10583.0469012392
"2018-06-15 12:00:00",5396,4658.52996369437,615.088264653893,8701.97166273484,-1525.38047485206,10842.4404022408
"2018-06-15 13:00:00",5168,5137.27400124618,1092.35060140974,9182.19740108262,-1048.90250311768,11323.45050561
"2018-06-15 14:00:00",5614,5555.01052381087,1508.60596574337,9601.41508187838,-633.431216589005,11743.4522642108
"2018-06-15 15:00:00",5993,5711.20366397718,1663.31848964793,9759.08883830643,-479.502483588175,11901.9098115425
"2018-06-15 16:00:00",6333,5547.3036731746,1497.93842395842,9596.66892239078,-645.666053594904,11740.2733999441
"2018-06-15 17:00:00",5165,5111.25729332518,1060.41251000348,9162.10207664689,-1083.97518559468,11306.489772245
"2018-06-15 18:00:00",4369,4500.27951734737,447.955740109205,8552.60329458553,-1697.21488757496,10697.7739222697
"2018-06-15 19:00:00",3688,3826.40360718759,-227.39862436921,7880.20583874438,-2373.35189849355,10026.1591128687
"2018-06-15 20:00:00",3123,3193.78639672948,-861.493750138296,7249.06654359725,-3008.2293853694,9395.80217882836
"2018-06-15 21:00:00",3118,2664.91066253474,-1391.84686122546,6721.66818629494,-3539.36457254176,8869.18589761124
"2018-06-15 22:00:00",2778,2228.7438801404,-1829.4904826817,6286.9782429625,-3977.78998537291,8435.27774565371
"2018-06-15 23:00:00",2666,1811.10138137665,-2248.60928326377,5870.81204601707,-4397.69029293032,8019.89305568363
"2018-06-16 00:00:00",1386,1341.08613446357,-2720.10029533748,5402.27256426463,-4869.96252788996,7552.1347968171
"2018-06-16 01:00:00",825,829.168712369653,-3233.49294651917,4891.83037125848,-5384.13611817774,7042.47354291705
"2018-06-16 02:00:00",587,387.548737276404,-3676.58761521109,4451.6850897639,-5828.01144250495,6603.10891705776
"2018-06-16 03:00:00",391,167.113036614242,-3898.49747456553,4232.72354779402,-6050.70167433233,6384.92774756082
"2018-06-16 04:00:00",402,259.946004235662,-3807.13813131164,4327.03013978296,-5960.12242069695,6480.01442916828
"2018-06-16 05:00:00",772,647.847638230168,-3420.70958794051,4716.40486440084,-5574.47368439724,6870.16896085758
"2018-06-16 06:00:00",1196,1232.81830657457,-2837.21147705487,5302.848090204,-4991.75509834273,7457.39171149186
"2018-06-16 07:00:00",1651,1909.39069039758,-2162.1111181045,5980.89249889967,-4317.43398228943,8136.2153630846
"2018-06-16 08:00:00",2329,2607.49196731218,-1465.48133405389,6680.46526867825,-3621.58315950751,8836.56709413187
"2018-06-16 09:00:00",3017,3277.05217421851,-797.392088579293,7351.49643701631,-2954.27259397836,9508.37694241538
"2018-06-16 10:00:00",3514,3853.18206459107,-222.732628781573,7929.09675796371,-2380.39153310743,10086.7556622896
"2018-06-16 11:00:00",3907,4259.47992236754,182.095328702616,8336.86451603247,-1976.34169383539,10495.3015385705
"2018-06-16 12:00:00",4494,4457.18545310446,378.331488856513,8536.0394173524,-1780.88337148251,10695.2542776914
"2018-06-16 13:00:00",4834,4485.9353698532,405.612564159238,8566.25817554716,-1754.37985387259,10726.250593579
"2018-06-16 14:00:00",4900,4439.8565831268,358.065464552583,8521.64770170101,-1802.70423136623,10682.4173976198
"2018-06-16 15:00:00",4363,4388.63086182958,305.37195837068,8471.88976528848,-1856.17473593116,10633.4364595903
"2018-06-16 16:00:00",4495,4318.12389610818,233.397735190964,8402.85005702539,-1928.92567829123,10565.1734705076
"2018-06-16 17:00:00",4053,4154.86484980316,68.6719582858586,8241.05774132047,-2094.42789547481,10404.1575950811
"2018-06-16 18:00:00",3987,3855.54750710255,-232.111588723763,7943.20660292887,-2395.98760416123,10107.0826183663
"2018-06-16 19:00:00",3223,3470.21825073903,-618.906523671346,7559.34302514941,-2783.55842248363,9723.99492396169
"2018-06-16 20:00:00",2928,3106.424064295,-984.165863539592,7197.01399212958,-3149.59336772387,9362.44149631386
"2018-06-16 21:00:00",2887,2821.18765407076,-1270.86690259229,6913.24221073382,-3437.06973444435,9079.44504258587
"2018-06-16 22:00:00",2606,2549.92481165412,-1543.59384980474,6643.44347311298,-3710.57173191844,8810.42135522668
"2018-06-16 23:00:00",2047,2156.68710740505,-1938.29513537904,6251.66935018914,-4106.0477906458,8419.4220054559
"2018-06-17 00:00:00",1332,1573.21398388777,-2523.23131731205,5669.65928508759,-4691.7584689203,7838.18643669585
"2018-06-17 01:00:00",866,897.997552620994,-3199.91028464514,4995.90538988712,-5369.2116560798,7165.20676132179
"2018-06-17 02:00:00",659,352.227922536009,-3747.14192900608,4451.5977740781,-5917.21724404803,6621.67308912005
"2018-06-17 03:00:00",413,121.26642730068,-3979.56491728511,4222.09777188647,-6150.41390001066,6392.94675461202
"2018-06-17 04:00:00",393,222.966095744479,-3879.32622120984,4325.25841269879,-6050.94859599018,6496.88078747914
"2018-06-17 05:00:00",552,523.65381705619,-3580.09895214756,4627.40658625995,-5752.49444364831,6799.80207776069
"2018-06-17 06:00:00",885,882.5452249534,-3222.66747693582,4987.75792684262,-5395.8358101164,7160.9262600232
"2018-06-17 07:00:00",1185,1280.36403916599,-2826.30807639883,5387.03615473081,-5000.24897651202,7560.97705484401
"2018-06-17 08:00:00",1724,1803.61787540723,-2304.51313537647,5911.74888619094,-4479.22632796787,8086.46207878234
"2018-06-17 09:00:00",2723,2501.66621271335,-1607.92317538466,6611.25560081136,-3783.40838629215,8786.74081171885
"2018-06-17 10:00:00",3488,3266.92223392245,-844.125014136477,7377.96948198138,-3020.3819694897,9554.2264373346
"2018-06-17 11:00:00",3790,3873.09616689842,-239.40842431822,7985.60075811506,-2416.4368505381,10162.6291843349
"2018-06-17 12:00:00",4260,4150.65199153273,36.690573412352,8264.61340965311,-2141.10905038583,10442.4130334513
"2018-06-17 13:00:00",4365,4133.94086895935,18.5231396409672,8249.35859827774,-2160.0474087374,10427.9291466561
"2018-06-17 14:00:00",4192,4028.98067235733,-87.892853000616,8145.85419771528,-2267.23405325076,10325.1953979654
"2018-06-17 15:00:00",4234,4019.63502627518,-98.6937805101948,8137.96383306056,-2278.80536021291,10318.0754127633
"2018-06-17 16:00:00",4404,4092.03483377773,-27.7487403682835,8211.81840792375,-2208.63042739304,10392.7000949485
"2018-06-17 17:00:00",4175,4049.34732231471,-71.8905056695485,8170.58515029897,-2253.54202817402,10352.2366728034
"2018-06-17 18:00:00",3843,3709.63517554346,-413.056393300069,7832.32674438698,-2595.47747972958,10014.7478308165
"2018-06-17 19:00:00",3613,3098.06202552498,-1026.0827717413,7222.20682279127,-3209.27315082836,9405.39720187833
"2018-06-17 20:00:00",3185,2441.49819915752,-1684.09931463652,6567.09571295157,-3868.05871540029,8751.05511371534
"2018-06-17 21:00:00",2568,1961.27959356875,-2165.77012539863,6088.32931253613,-4350.4982771444,8273.05746428191
"2018-06-17 22:00:00",2045,1662.6410280074,-2465.86038531848,5791.14244133328,-4651.35701763724,7976.63907365204
"2018-06-17 23:00:00",1218,1337.24099479789,-2792.71160261033,5467.19359220611,-4978.97644537818,7653.45843497396
"2018-06-18 00:00:00",627,799.279819709475,-3332.12345204262,4930.68309146157,-5519.15623542033,7117.71587483928
"2018-06-18 01:00:00",367,144.192950635963,-3988.66048625834,4277.04638753026,-6176.46094069082,6464.84684196274
"2018-06-18 02:00:00",272,-226.376751534634,-4360.67984490528,3907.92634183601,-6549.24770112109,6096.49419805183
"2018-06-18 03:00:00",365,125.682962852212,-4010.06927886382,4261.43520456824,-6199.40426787468,6450.7701935791
"2018-06-18 04:00:00",802,1315.04203646752,-2822.15884599688,5452.24291893193,-5012.26069909717,7642.34477203221
"2018-06-18 05:00:00",2891,2982.34356273672,-1156.30545341206,7120.99257888551,-3347.17390217831,9311.86102765176
"2018-06-18 06:00:00",5541,4487.89459478235,347.797951481086,8627.99123808362,-1843.83682480932,10819.626014374
"2018-06-18 07:00:00",6386,5304.90092144325,1163.35715699026,9446.44468589625,-1029.0436789637,11638.8455218502
"2018-06-18 08:00:00",5765,5316.12012360914,1173.12974347494,9459.11050374335,-1020.03688456265,11652.2771317809
"2018-06-18 09:00:00",4767,4815.60390126752,671.167410393325,8960.04039214172,-1522.76474242815,11153.9725449632
"2018-06-18 10:00:00",4161,4261.33991149103,115.457814289673,8407.22200869239,-2079.23959629566,10601.9194192777
"2018-06-18 11:00:00",4435,3995.90864809874,-151.418551544401,8143.23584774188,-2346.88095315279,10338.6982493503
"2018-06-18 12:00:00",4829,4120.75016393593,-28.0216347901523,8269.52196266202,-2224.24876095953,10465.7490888314
"2018-06-18 13:00:00",4743,4540.89314889268,390.677253916854,8691.1090438685,-1806.31433062968,10888.100628415
"2018-06-18 14:00:00",4935,5067.31245733663,915.652968419578,9218.97194625369,-1282.10280859806,11416.7277232713
"2018-06-18 15:00:00",5558,5480.22401204873,1327.12143097514,9633.32659312232,-871.398272884826,11831.8462969823
"2018-06-18 16:00:00",6757,5562.38237059243,1407.83719862412,9716.92754256074,-791.446166726198,11916.2109079111
"2018-06-18 17:00:00",6306,5166.27342926519,1010.28616714199,9322.26069138838,-1189.76059462303,11522.3074531534
"2018-06-18 18:00:00",4352,4317.52788023535,160.099028176018,8474.95673229468,-2040.71086520388,10675.7666256746
"2018-06-18 19:00:00",3248,3259.01318375403,-899.856758542846,7417.88312605091,-3101.42951901318,9619.45588652124
"2018-06-18 20:00:00",2762,2340.20063970473,-1820.10989365038,6500.51117305984,-4022.44525696158,8702.84653637104
"2018-06-18 21:00:00",2460,1787.71339707528,-2374.03722867713,5949.46402282769,-4577.13493085404,8152.5617250046
"2018-06-18 22:00:00",1710,1535.25473328091,-2627.93548672533,5698.44495328716,-4831.79526406673,7902.30473062856
"2018-06-18 23:00:00",1012,1284.83873986962,-2879.79057676358,5449.46805650282,-5084.41216584172,7654.08964558096
"2018-06-19 00:00:00",592,787.487493142396,-3378.58042300657,4953.55540929137,-5583.96356066668,7158.93854695147
"2018-06-19 01:00:00",373,122.387804525046,-4045.1182145433,4289.89382359339,-6251.26263790312,6496.03824695321
"2018-06-19 02:00:00",269,-280.201640594905,-4449.14526650015,3888.74198531034,-6656.05071294948,6095.64743175967
"2018-06-19 03:00:00",369,69.7113382912271,-4100.66939888147,4240.09207546392,-6308.3356060817,6447.75828266415
"2018-06-19 04:00:00",893,1327.34614683269,-2844.47120655014,5499.16350021552,-5052.89791243376,7707.59020609913
"2018-06-19 05:00:00",3038,3131.252006817,-1042.00146822992,7304.50548186392,-3251.18841100006,9513.69242463406
"2018-06-19 06:00:00",5483,4790.42667858977,615.73757591443,8965.11578126512,-1594.20934221555,11175.0626993951
"2018-06-19 07:00:00",5506,5705.53748772296,1529.41325094535,9881.66172450057,-681.293381287495,12092.3683567334
"2018-06-19 08:00:00",4851,5712.86809893789,1535.30922107555,9890.42697680023,-676.156864272446,12101.8930621482
"2018-06-19 09:00:00",4792,5119.04666643898,940.053640001689,9298.03969287627,-1272.17163774254,11510.2649706205
"2018-06-19 10:00:00",4244,4445.89759587926,265.470912869911,8626.32427888862,-1947.51329681994,10839.3084885785
"2018-06-19 11:00:00",4346,4106.51656824737,-75.3432798371687,8288.37641633191,-2289.08616128992,10502.1192977847
"2018-06-19 12:00:00",4585,4231.73981403035,48.4472918623414,8415.03233619835,-2166.05400143799,10629.5336294987
"2018-06-19 13:00:00",4728,4700.49582901509,515.771123251066,8885.22053477912,-1699.48832224848,11100.4799802787
"2018-06-19 14:00:00",5109,5270.65246438189,1084.49606500586,9456.80886375792,-1131.52127331103,11672.8262020748
"2018-06-19 15:00:00",5852,5688.28930770806,1500.70170420148,9875.87691121464,-716.073267816922,12092.651883233
"2018-06-19 16:00:00",6821,5746.11323357079,1557.09491491342,9935.13155222816,-660.43743195625,12152.6638990978
"2018-06-19 17:00:00",6085,5335.94387424693,1145.49532891766,9526.39241957619,-1072.79413421815,11744.681882712
"2018-06-19 18:00:00",4546,4512.90624676319,321.02796274095,8704.78453078542,-1898.01835834059,10923.830851867
"2018-06-19 19:00:00",3263,3510.69162806137,-682.61590717407,7703.9991632968,-2902.41882814512,9923.80208426785
"2018-06-19 20:00:00",2804,2636.55253054159,-1558.18376892556,6831.28883000874,-3778.7430319937,9051.84809307688
"2018-06-19 21:00:00",2454,2075.7085022772,-2120.45607493762,6271.87307949202,-4341.77142257376,8493.18842712815
"2018-06-19 22:00:00",1796,1754.10079161606,-2443.49157735899,5951.6931605911,-4665.5627522969,8173.76433552901
"2018-06-19 23:00:00",1190,1405.03824335173,-2793.98143189184,5604.0579185953,-5016.80817712775,7826.8846638312
"2018-06-20 00:00:00",663,825.696808528716,-3374.74968798659,5026.14330504402,-5598.3317467787,7249.72536383613
"2018-06-20 01:00:00",406,123.830951010531,-4078.04188227378,4325.70378429484,-6302.37899814185,6550.04090016292
"2018-06-20 02:00:00",301,-274.757459511425,-4478.05614555526,3928.54122653241,-6703.14806228014,6153.63314325729
"2018-06-20 03:00:00",385,92.835954352227,-4111.88810093403,4297.56000963848,-6337.73456255723,6523.40647126168
"2018-06-20 04:00:00",935,1356.36294268373,-2849.78599881941,5562.51188418687,-5076.38674964265,7789.11263501012
"2018-06-20 05:00:00",3134,3148.50796329462,-1059.06538189059,7356.08130847983,-3286.42016647538,9583.43609306461
"2018-06-20 06:00:00",5769,4792.08484338038,583.087576558017,9001.08211020275,-1645.02098660915,11229.1906733699
"2018-06-20 07:00:00",6295,5707.05037396298,1496.62966705931,9917.47108086665,-732.232419769969,12146.3331676959
"2018-06-20 08:00:00",5540,5738.69023284765,1526.84656693028,9950.53389876502,-702.768788899302,12180.1492545946
"2018-06-20 09:00:00",4890,5185.79913253111,972.532988180222,9399.06527688199,-1257.83538224588,11629.4336473081
"2018-06-20 10:00:00",4544,4550.63993502419,335.951792333391,8765.328077715,-1895.16933854303,10996.4492085914
"2018-06-20 11:00:00",4675,4227.08805311165,10.9783916887473,8443.19771453455,-2220.89524574895,10675.0713519723
"2018-06-20 12:00:00",4824,4338.94435399805,121.413652965915,8556.47505503018,-2111.21223740074,10789.1009453968
"2018-06-20 13:00:00",4941,4775.64152984511,556.690267842473,8994.59279184776,-1676.6876220771,11227.9706817673
"2018-06-20 14:00:00",5161,5318.28746227972,1097.91611746197,9538.65880709746,-1136.21351889034,11772.7884434498
"2018-06-20 15:00:00",5864,5734.78726991278,1512.99631995282,9956.57821987274,-721.884809967481,12191.459349793
"2018-06-20 16:00:00",6811,5821.86107329552,1598.65099538453,10045.0711512065,-636.981375493995,12280.703522085
"2018-06-20 17:00:00",6439,5450.42436381476,1225.79563466305,9675.05309296647,-1010.58772481852,11911.436452448
"2018-06-20 18:00:00",4622,4640.39222288056,414.345318718346,8866.43912704278,-1822.78877726521,11103.5732230263
"2018-06-20 19:00:00",3418,3600.71707465933,-626.747528762458,7828.18167808112,-2864.63210940067,10066.0662587193
"2018-06-20 20:00:00",3024,2646.54543070956,-1582.33639669934,6875.42725811846,-3820.97121039817,9114.06207181729
"2018-06-20 21:00:00",2758,2004.12566171403,-2226.17291488719,6234.42423831525,-4465.55771030545,8473.80903373351
"2018-06-20 22:00:00",1956,1647.58513404974,-2584.12971742589,5879.29998552536,-4824.26424347485,8119.43451157433
"2018-06-20 23:00:00",1209,1330.04778109815,-2903.08287141004,5563.17843360635,-5143.96687725299,7804.0624394493
"2018-06-21 00:00:00",634,822.923246116504,-3411.6227340577,5057.46922629071,-5653.25596910951,7299.10246134252
"2018-06-21 01:00:00",462,179.819752283314,-4056.14108266483,4415.78058723146,-6298.52329659156,6658.16280115819
"2018-06-21 02:00:00",348,-215.633150649031,-4453.00836795274,4021.74206665468,-6696.13931067122,6264.87300937315
"2018-06-21 03:00:00",426,101.08071046962,-4137.70841724419,4339.86983818342,-6381.58783892156,6583.7492598608
"2018-06-21 04:00:00",938,1302.07573499127,-2938.12683165928,5542.27830164181,-5182.75448271263,7786.90595269516
"2018-06-21 05:00:00",3112,3067.56069015413,-1174.05484443112,7309.17622473938,-3419.43047552704,9554.5518558353
"2018-06-21 06:00:00",5778,4735.05548113697,492.027449148496,8978.08351312545,-1754.09591290567,11224.2068751796
"2018-06-21 07:00:00",6557,5698.42645461302,1453.98639528304,9942.866513943,-792.884448893722,12189.7373581198
"2018-06-21 08:00:00",5490,5763.97192430723,1518.12030722849,10009.823541386,-729.497770483493,12257.441619098
"2018-06-21 09:00:00",4982,5215.9924902673,968.729784564342,9463.25519597026,-1279.63527834333,11711.6202588779
"2018-06-21 10:00:00",4951,4578.55329803686,329.879972366797,8827.22662370692,-1919.23182764448,11076.3384237182
"2018-06-21 11:00:00",5167,4278.46265069052,28.3791732438203,8528.54612813721,-2221.47911602599,10778.404417407
"2018-06-21 12:00:00",5083,4445.25452849353,193.761366994797,8696.74768999225,-2056.8431639351,10947.3522209221
"2018-06-21 13:00:00",4942,4933.32023023103,680.417851939764,9186.2226085223,-1570.93267329798,11437.5731337601
"2018-06-21 14:00:00",5025,5475.71188014227,1221.40075185362,9730.02300843091,-1030.69552058555,11982.1192808701
"2018-06-21 15:00:00",5768,5826.24926150172,1570.5298495473,10081.9686734561,-682.311923232251,12334.8104462357
"2018-06-21 16:00:00",6511,5824.89176524164,1567.76453549025,10082.018994993,-685.822491013636,12335.6060214969
"2018-06-21 17:00:00",5997,5417.66575410623,1159.13117196464,9676.20033624782,-1095.20086189212,11930.5323701046
"2018-06-21 18:00:00",4592,4674.16815160612,414.226682019835,8934.1096211924,-1840.8501130625,11189.1864162747
"2018-06-21 19:00:00",3823,3784.99992777638,-476.347964769592,8046.34782032235,-2732.16927519401,10302.1691307468
"2018-06-21 20:00:00",3385,2987.50381307804,-1275.25003840237,7250.25766455846,-3531.81561852874,9506.82324468483
"2018-06-21 21:00:00",3446,2424.90314294058,-1839.256203908,6689.06248978917,-4096.56580833917,8946.37209422033
"2018-06-21 22:00:00",2583,2039.64234799675,-2225.92203111198,6305.20672710548,-4483.97541469335,8563.26011068685
"2018-06-21 23:00:00",1455,1619.1933818541,-2647.77556686422,5886.16233057242,-4906.57248468339,8144.95924839159
"2018-06-22 00:00:00",805,1000.03816265122,-3268.33489348286,5268.4112187853,-5527.8751008692,7527.95142617164
"2018-06-22 01:00:00",471,279.109635881378,-3990.66706593061,4548.88633769337,-6250.95031845486,6809.16959021762
"2018-06-22 02:00:00",364,-164.47602049996,-4435.65590670723,4106.70386570731,-6696.68196018112,6367.7299191812
"2018-06-22 03:00:00",384,98.7697684919422,-4173.81284128246,4371.35237826634,-6435.5814517583,6633.12098874219
"2018-06-22 04:00:00",876,1215.31289811626,-3058.67197485086,5489.29777108337,-5321.18289862116,7751.80869485367
"2018-06-22 05:00:00",3056,2875.13504684766,-1400.25162939074,7150.52172308605,-3663.5046229878,9413.77471668311
"2018-06-22 06:00:00",5460,4454.19999905644,177.411979015946,8730.98801909693,-2086.58284117958,10994.9828392925
"2018-06-22 07:00:00",6222,5385.61393343634,1107.42502861143,9663.80283826124,-1157.31137519328,11928.5392420659
"2018-06-22 08:00:00",5604,5492.78947195895,1213.20014091654,9772.37880300136,-1052.27760374669,12037.8565476646
"2018-06-22 09:00:00",5053,5051.16344198857,770.174142845547,9332.1527411316,-1496.04470016377,11598.3715841409
"2018-06-22 10:00:00",4765,4557.81849916787,275.429689591823,8840.20730874392,-1991.530009489,11107.1670078247
"2018-06-22 11:00:00",5128,4399.93612830601,116.148265515976,8683.72399109605,-2151.55204759921,10951.4243042112
"2018-06-22 12:00:00",5225,4657.06273279456,371.876273561743,8942.24919202739,-1896.56441178774,11210.6898773769
"2018-06-22 13:00:00",5104,5135.80677034667,849.222170995179,9422.39136969816,-1419.95864502521,11691.5721857185
"2018-06-22 14:00:00",5351,5553.54329291365,1265.56100932123,9841.52557650608,-1004.35969604296,12111.4462818703
"2018-06-22 15:00:00",5843,5709.73643307805,1420.3569206768,9999.11594547929,-850.303432939996,12269.7762990961
"2018-06-22 16:00:00",6010,5545.83644227421,1255.06015605133,9836.61272849709,-1016.33960496242,12108.0124895108
"2018-06-22 17:00:00",5120,5109.79006242633,817.617456924808,9401.96266792785,-1454.52147086534,11674.101595718
"2018-06-22 18:00:00",4676,4498.81228645114,205.243815770511,8792.38075713177,-2067.63403841029,11065.2586113126
"2018-06-22 19:00:00",3976,3824.9363762889,-470.027505914054,8119.90025849185,-2743.6440463341,10393.5167989119
"2018-06-22 20:00:00",3535,3192.31916582968,-1104.03967468085,7488.6780063402,-3378.39466142274,9763.03299308209
"2018-06-22 21:00:00",3473,2663.44343163441,-1634.30991441024,6961.19677767907,-3909.4031077902,9236.28997105903
"2018-06-22 22:00:00",3529,2227.27664924473,-2071.87075000121,6526.42404849066,-4347.70191056869,8802.25520905815
"2018-06-22 23:00:00",3654,1809.63415047804,-2490.90685007622,6110.17515103229,-4767.47573861354,8386.74403956961
"2018-06-23 00:00:00",1540,1339.61890356515,-2962.31524684362,5641.55305397392,-5239.62162436557,7918.85943149588
"2018-06-23 01:00:00",872,827.701481471063,-3475.62536777689,5131.02833071902,-5753.66899553038,7409.07195847251
"2018-06-23 02:00:00",629,386.081506378679,-3918.63759113087,4690.80060388822,-6197.41823059452,6969.58124335188
"2018-06-23 03:00:00",407,165.64580571371,-4140.46508991688,4471.7567013443,-6419.98250280069,6751.27411422811
"2018-06-23 04:00:00",513,258.478773333125,-4049.02347071429,4565.98101738055,-6329.27741895923,6846.23496562548
"2018-06-23 05:00:00",966,646.380407329239,-3662.51273586643,4955.27355052491,-5943.50298164406,7236.26379630254
"2018-06-23 06:00:00",1495,1231.35107567591,-3078.93251783435,5541.63466918617,-5360.65882354651,7823.36097489832
"2018-06-23 07:00:00",2474,1907.92345949775,-2403.75013592768,6219.59705492317,-4686.21226420603,8502.05918320152
"2018-06-23 08:00:00",3353,2606.02473641073,-1707.03841296395,6919.08788578541,-3990.23612666968,9202.28559949114
"2018-06-23 09:00:00",4065,3275.58494332025,-1038.86731247062,7590.03719911112,-3322.80037469402,9873.97026133452
"2018-06-23 10:00:00",4318,3851.71483369166,-464.126081414464,8167.55574879777,-2748.7942554746,10452.2239228579
"2018-06-23 11:00:00",4621,4258.01269146766,-59.2164362842004,8575.24181921952,-2344.61948572852,10860.6448686638
"2018-06-23 12:00:00",5018,4455.7182222044,137.10132804556,8774.33511636325,-2149.03636055841,11060.4728049672
"2018-06-23 13:00:00",4560,4484.46813895491,164.463924197795,8804.47235371203,-2122.40816756895,11091.3444454788
"2018-06-23 14:00:00",4620,4438.38935222794,116.998262251902,8759.78044220399,-2170.60799690803,11047.3867013639
"2018-06-23 15:00:00",4417,4387.16363092939,64.3861106850936,8709.94115117368,-2223.95408032537,10998.2813421842
"2018-06-23 16:00:00",4372,4316.65666520911,-7.50684078075028,8640.82017119896,-2296.58072832565,10929.8940587439
"2018-06-23 17:00:00",4510,4153.39761890357,-172.151428736456,8478.9466665436,-2461.9587777259,10768.754015533
"2018-06-23 18:00:00",3945,3854.08027620156,-472.85386941987,8181.01442182299,-2763.39444498979,10471.5549973929
"2018-06-23 19:00:00",3660,3468.75101983922,-859.567780520768,7797.06982019921,-3150.84134803257,10088.343387711
"2018-06-23 20:00:00",3362,3104.95683339859,-1224.74617888237,7434.65984567955,-3516.75250392259,9726.66617071977
"2018-06-23 21:00:00",3504,2819.72042317457,-1511.36635863435,7150.80720498348,-3804.10520701427,9443.5460533634
"2018-06-23 22:00:00",3572,2548.45758075291,-1784.01252861483,6880.92769012066,-4077.48366637013,9174.39882787596
"2018-06-23 23:00:00",2484,2155.21987650349,-2178.63311887718,6489.07287188416,-4472.83631226759,8783.27606527456
"2018-06-24 00:00:00",1515,1571.74675298893,-2763.48868728131,5906.98219325917,-5058.42370279021,8201.91720876807
"2018-06-24 01:00:00",1016,896.530321724729,-3440.08712273359,5233.14776618305,-5735.75372706771,7528.81437051716
"2018-06-24 02:00:00",684,350.760691638104,-3987.238316728,4688.7597000042,-6283.63627681702,6985.15766009323
"2018-06-24 03:00:00",409,119.799196399439,-4219.58093601468,4459.17932881355,-6516.71001901092,6756.3084118098
"2018-06-24 04:00:00",373,221.498864846705,-4119.26195217552,4562.25968186893,-6417.12192545354,6860.11965514695
"2018-06-24 05:00:00",614,522.18658616109,-3819.95447644852,4864.3276487707,-6118.54510760479,7162.91827992697
"2018-06-24 06:00:00",1091,881.077994051117,-3462.44287554368,5224.59886364592,-5761.76393239623,7523.91992049846
"2018-06-24 07:00:00",1499,1278.89680826498,-3066.00343013068,5623.79704666064,-5366.05468071872,7923.84829724868
"2018-06-24 08:00:00",2362,1802.1506445095,-2544.12852491988,6148.42981393888,-4844.90973750349,8449.21102652249
"2018-06-24 09:00:00",3560,2500.19898181187,-1847.45868130062,6847.85664492437,-4148.96962436038,9149.36758798413
"2018-06-24 10:00:00",4187,3265.45500302236,-1083.58071683853,7614.49072288324,-3385.82115907516,9916.73116511988
"2018-06-24 11:00:00",4186,3871.62893599936,-478.784404090402,8222.04227608912,-2781.75411442444,10525.0119864232
"2018-06-24 12:00:00",4302,4149.18476063445,-202.605763579234,8500.97528484814,-2506.30451115066,10804.6740324196
"2018-06-24 13:00:00",4235,4132.47363805965,-220.693634586912,8485.64091070621,-2525.12118875482,10790.0684648741
"2018-06-24 14:00:00",4317,4027.51344145663,-327.030144345007,8382.05702725827,-2632.18627468724,10687.2131576005
"2018-06-24 15:00:00",4313,4018.16779537588,-337.751668715627,8374.08725946739,-2643.63614502846,10679.9717357802
"2018-06-24 16:00:00",4256,4090.56760287892,-266.727305049202,8447.86251080704,-2573.33989734696,10754.4751031048
"2018-06-24 17:00:00",4118,4047.88009141394,-310.78982630883,8406.55000913671,-2618.13030482359,10713.8904876515
"2018-06-24 18:00:00",4022,3708.16794464525,-651.876549240853,8068.21243853135,-2959.94468442205,10376.2805737125
"2018-06-24 19:00:00",3438,3096.59479462696,-1264.82384220115,7458.01343145507,-3573.61940471528,9766.8089939692
"2018-06-24 20:00:00",3187,2440.03096825944,-1922.76137869872,6802.82331521759,-4232.28413942896,9112.34607594784
"2018-06-24 21:00:00",2556,1959.81236266653,-2404.35326201841,6323.97798735148,-4714.60299206431,8634.22771739738
"2018-06-24 22:00:00",1962,1661.17379710788,-2704.36467330867,6026.71226752442,-5015.34114398579,8337.68873820154
"2018-06-24 23:00:00",1209,1335.77376390125,-3031.13712065913,5702.68464846162,-5342.8401034987,8014.3876313012
"2018-06-25 00:00:00",652,797.812588811273,-3570.47027871196,5166.0954563345,-5882.89954546056,7478.52472308311
"2018-06-25 01:00:00",422,142.725719737156,-4226.92869997409,4512.3801394484,-6540.08402259331,6825.53546206762
"2018-06-25 02:00:00",331,-227.843982432277,-4598.86952396222,4143.18155909767,-6912.75067462828,6457.06270976373
"2018-06-25 03:00:00",406,124.215731955521,-4248.18050142866,4496.61196533971,-6562.78725253215,6811.21871644319
"2018-06-25 04:00:00",902,1313.57480556916,-3060.19169010905,5687.34130124737,-5375.52381425451,8002.67342539283
"2018-06-25 05:00:00",2982,2980.87633183229,-1394.25999698334,7356.01266064793,-3710.317266989,9672.06993065358
"2018-06-25 06:00:00",5588,4486.42736388436,109.921630684935,8862.93309708378,-2206.86055821245,11179.7152859812
"2018-06-25 07:00:00",6146,5303.4336905457,925.558981313777,9681.30839977763,-1391.94789971986,11998.8152808113
"2018-06-25 08:00:00",5383,5314.65289270925,935.409635394402,9693.8961500241,-1382.82171123267,12012.1274966512
"2018-06-25 09:00:00",4654,4814.13667036579,433.525292516504,9194.74804821509,-1885.43029337351,11513.7036341051
"2018-06-25 10:00:00",4310,4259.87268059163,-122.106390644076,8641.85175182734,-2441.78598967852,10961.5313508618
"2018-06-25 11:00:00",4530,3994.44141720015,-388.904920673785,8377.78775507408,-2709.30830694582,10698.1911413461
"2018-06-25 12:00:00",4748,4119.28293303758,-265.430245125609,8503.99611120076,-2586.55719293971,10825.1230590149
"2018-06-25 13:00:00",4673,4539.42591799371,153.346325491655,8925.50551049576,-2168.50395838001,11247.3557943674
"2018-06-25 14:00:00",4877,5065.84522643929,678.399645150786,9453.2908077278,-1644.1737495046,11775.8642023832
"2018-06-25 15:00:00",5605,5478.75678114864,1089.94563622874,9867.56792606854,-1233.35064414687,12190.8642064442
"2018-06-25 16:00:00",6232,5560.91513969303,1170.73885590006,9951.09142348599,-1153.2800853423,12275.1103647284
"2018-06-25 17:00:00",5772,5164.80619836662,773.265200062808,9556.34719667044,-1551.47617740252,11881.0885741358
"2018-06-25 18:00:00",4086,4316.0606493353,-76.8446395126584,8708.96593818326,-2402.30822876653,11034.4295274371
"2018-06-25 19:00:00",3288,3257.5459528535,-1136.72320296677,7651.81510867378,-3462.90877978381,9978.00068549081
"2018-06-25 20:00:00",2944,2338.73340880414,-2056.89919081091,6734.36600841918,-4383.80653117444,9061.27334878272
"2018-06-25 21:00:00",2559,1786.24616617795,-2610.74945444798,6183.24178680387,-4938.37833454975,8510.87066690564
"2018-06-25 22:00:00",1974,1533.7875023829,-2864.57071686308,5932.14572162888,-5192.92091310289,8260.49591786868
"2018-06-25 23:00:00",1136,1283.37150896974,-3116.3488868979,5683.09190483739,-5445.42017588329,8012.16319382277
"2018-06-26 00:00:00",624,786.020262243619,-3615.06188863914,5187.10241312638,-5944.85404718508,7516.89457167232
"2018-06-26 01:00:00",417,120.920573630089,-4281.52291105247,4523.36405831265,-6612.03571618104,6853.87686344122
"2018-06-26 02:00:00",297,-281.668871493831,-4685.47326915149,4122.13552616383,-7016.70649809157,6453.36875510391
"2018-06-26 03:00:00",353,68.2441073929544,-4336.92078280515,4473.40899759106,-6668.87421299206,6805.36242777796
"2018-06-26 04:00:00",887,1325.87891593162,-3080.64604676167,5732.40387862491,-5413.31945583689,8065.07728770013
"2018-06-26 05:00:00",2973,3129.78477592034,-1278.09983961172,7537.6693914524,-3611.49300542255,9871.06255726324
"2018-06-26 06:00:00",5381,4788.95944769141,379.715598588791,9198.20329679403,-1954.39710201048,11532.3159973933
"2018-06-26 07:00:00",6350,5704.07025682197,1293.46759302937,10114.6729206146,-1041.36442061635,12449.5049342603
"2018-06-26 08:00:00",5756,5711.40086803888,1299.43980804986,10123.3619280279,-1036.1112971052,12458.913033183
"2018-06-26 09:00:00",4872,5117.57943554046,704.26039746214,9530.89847361877,-1632.00957786972,11867.1684489506
"2018-06-26 10:00:00",4452,4444.43036497855,29.7537665322216,8859.10696342487,-2307.23485784815,11196.0955878052
"2018-06-26 11:00:00",4713,4105.0493373483,-310.984404129987,8521.08307882658,-2648.69145663451,10858.7901313311
"2018-06-26 12:00:00",5083,4230.27258313093,-187.117884427914,8647.66305068978,-2525.54314433585,10986.0883105977
"2018-06-26 13:00:00",4849,4699.02859811848,280.281821046408,9117.77537519055,-2058.86142574751,11456.9186219845
"2018-06-26 14:00:00",4905,5269.18523348371,849.082563082273,9689.28790388515,-1490.7784502832,12029.1489172506
"2018-06-26 15:00:00",5875,5686.82207680951,1265.36392887969,10108.2802247393,-1075.2146309456,12448.8587845646
"2018-06-26 16:00:00",6765,5744.6460026711,1321.83279263158,10167.4592127106,-1019.46309374415,12508.7550990863
"2018-06-26 17:00:00",6054,5334.47664334913,910.308786236884,9758.64450046137,-1431.70420698199,12100.6574936802
"2018-06-26 18:00:00",4473,4511.43901586165,85.9169263325275,8936.96110539078,-2256.81295422394,11279.6909859472
"2018-06-26 19:00:00",3316,3509.22439716156,-917.651510509146,7936.10030483226,-3261.09805909912,10279.5468534222
"2018-06-26 20:00:00",2910,2635.08529964147,-1793.14401227547,7063.31461155841,-4137.30700979598,9407.47760907893
"2018-06-26 21:00:00",2674,2074.24127137898,-2355.34103126824,6503.8235740262,-4700.22025881717,8848.70280157513
"2018-06-26 22:00:00",2083,1752.63356071689,-2678.30131952345,6183.56844095724,-5023.8965583992,8529.16367983299
"2018-06-26 23:00:00",1161,1403.57101245453,-3028.71603262001,5835.85805752907,-5375.0270643212,8182.16908923026
"2018-06-27 00:00:00",678,824.229577627911,-3609.40921989954,5257.86837515536,-5956.43582612471,7604.89498138053
"2018-06-27 01:00:00",411,122.363720113018,-4312.62641786314,4557.35385808917,-6660.36838051042,6905.09582073646
"2018-06-27 02:00:00",313,-276.224690411636,-4712.56575720878,4160.11637638551,-7061.02285837564,6508.57347755237
"2018-06-27 03:00:00",414,91.3687234522276,-4346.32286091412,4529.06030781858,-6695.494882897,6878.23232980146
"2018-06-27 04:00:00",898,1354.89571178438,-3084.14597927474,5793.9374028435,-5434.0327045688,8143.82412813756
"2018-06-27 05:00:00",3151,3147.04073238987,-1293.35065486036,7587.43211964011,-3643.95186615916,9938.0333309389
"2018-06-27 06:00:00",5883,4790.61761248115,348.876939167232,9232.35828579506,-2002.43854102794,11583.6737659902
"2018-06-27 07:00:00",6414,5705.58314306407,1262.49359344027,10148.6726926879,-1089.53593874073,12500.7022248689
"2018-06-27 08:00:00",5717,5737.22300195084,1292.78498539787,10181.6610185038,-1059.9583820559,12534.4043859576
"2018-06-27 09:00:00",5134,5184.33190163238,738.545827158443,9630.11797610632,-1614.91115905223,11983.574962317
"2018-06-27 10:00:00",4614,4549.172704125,102.038980366348,8996.30642788364,-2252.13140828226,11350.4768165322
"2018-06-27 11:00:00",4964,4225.62082221346,-222.860142565023,8674.10178699195,-2577.74371752919,11028.9853619561
"2018-06-27 12:00:00",5102,4337.47712309892,-112.350674805353,8787.3049210032,-2467.94722015902,11142.9014663569
"2018-06-27 13:00:00",4901,4774.17429894623,323.000075439956,9225.34852245251,-2033.30922457315,11581.6578224656
"2018-06-27 14:00:00",5036,5316.82023138309,864.299989428901,9769.34047333727,-1492.72184970929,12126.3623124755
"2018-06-27 15:00:00",5867,5733.32003901456,1279.45418539741,10187.1858926317,-1078.27997752691,12544.920055556
"2018-06-27 16:00:00",6666,5820.39384239629,1365.18278353253,10275.60490126,-993.263488034106,12634.0511728267
"2018-06-27 17:00:00",6095,5448.95713291448,992.40127485245,9905.51299097651,-1366.7568904075,12264.6711562365
"2018-06-27 18:00:00",4563,4638.92499197928,181.024740399832,9096.82524355872,-2178.84510379896,11456.6950877575
"2018-06-27 19:00:00",3497,3599.24984376265,-859.994396020272,8058.49408354557,-3220.57570459766,10419.075392123
"2018-06-27 20:00:00",3126,2645.07819981105,-1815.50962322777,7105.66602284988,-4176.80218181746,9466.95858143956
"2018-06-27 21:00:00",3116,2002.65843081344,-2459.27257089953,6464.58943252641,-4821.27616532887,8826.59302695576
"2018-06-27 22:00:00",2292,1646.1179031531,-2817.15587301753,6109.39167932372,-5179.87028930725,8472.10609561344
"2018-06-27 23:00:00",1339,1328.58055019888,-3136.03559657762,5793.19669697539,-5499.46062094149,8156.62172133926
"2018-06-28 00:00:00",778,821.456015216198,-3644.50209867857,5287.41412911097,-6008.63751752316,7651.54954795556
"2018-06-28 01:00:00",457,178.352521382909,-4288.94715650614,4645.65219927196,-6653.7927564305,7010.49779919632
"2018-06-28 02:00:00",309,-217.100381548003,-4685.74122067042,4251.54045757441,-7051.29678846579,6617.09602536979
"2018-06-28 03:00:00",365,99.6134795707503,-4370.36811838665,4569.59507752815,-6736.6334410362,6935.8604001777
"2018-06-28 04:00:00",921,1300.6085040969,-3170.71345065908,5771.93045885289,-5537.6883153376,8138.90532353141
"2018-06-28 05:00:00",3121,3066.09345925184,-1406.56845062777,7538.75536913145,-3774.25264470139,9906.43956320507
"2018-06-28 06:00:00",5691,4733.58825023937,259.586786550185,9207.58971392856,-2108.8065244757,11575.9830249544
"2018-06-28 07:00:00",6264,5696.95922371315,1221.61860716807,10172.2998402582,-1147.48360855802,12541.4020559843
"2018-06-28 08:00:00",5683,5762.50469340658,1285.82532459948,10239.1840622137,-1083.98558376523,12608.9949705784
"2018-06-28 09:00:00",4983,5214.52525936824,736.507538533689,9692.54298020278,-1634.01185059825,12063.0623693347
"2018-06-28 10:00:00",4678,4577.0860671407,97.730394154537,9056.44174012686,-2273.49726406316,11427.6693983446
"2018-06-28 11:00:00",4866,4276.99541979132,-203.697805828837,8757.68864541148,-2575.63352164044,11129.6243612231
"2018-06-28 12:00:00",5109,4443.78729759283,-38.2430815013931,8925.81767668705,-2410.88664360439,11298.46123879
"2018-06-28 13:00:00",5011,4931.85299933242,448.485865566934,9415.22013309791,-1924.86533171402,11788.5713303789
"2018-06-28 14:00:00",5300,5474.24464924242,989.541159251844,9958.94813923299,-1384.51746228239,12333.0067607672
"2018-06-28 15:00:00",5945,5824.7820306028,1338.74258247724,10310.8214787284,-1036.02325257411,12685.5873137797
"2018-06-28 16:00:00",6568,5823.42453434157,1336.04952581556,10310.7995428676,-1039.42331220495,12686.2723808881
"2018-06-28 17:00:00",5930,5416.19852320895,927.488351662017,9904.90869475588,-1448.69127896765,12281.0883253855
"2018-06-28 18:00:00",4668,4672.70092070941,182.655983166587,9162.74585825223,-2194.23022989988,11539.6320713187
"2018-06-28 19:00:00",3794,3783.5326968762,-707.846609991464,8274.91200374386,-3085.43919550976,10652.5045892622
"2018-06-28 20:00:00",3127,2986.03658217928,-1506.6766976956,7478.74986205416,-3884.97544586785,9857.04861022641
"2018-06-28 21:00:00",2908,2423.43591204684,-2070.61094487056,6917.48276896424,-4449.61564608572,9296.48747017939
"2018-06-28 22:00:00",2190,2038.17511709444,-2457.20492125318,6533.55515544206,-4836.91536608674,8913.26560027561
"2018-06-28 23:00:00",1475,1617.7261509552,-2878.98667356221,6114.4389754726,-5259.40265277594,8494.85495468633
"2018-06-29 00:00:00",841,998.570931753566,-3499.47428402455,5496.61614753168,-5880.5955885662,7877.73745207333
"2018-06-29 01:00:00",510,277.642404983784,-4221.73480749679,4777.01961746436,-6603.56122849985,7158.84603846742
"2018-06-29 02:00:00",385,-165.943251398633,-4666.65206637373,4334.76556357647,-7049.18339515712,6717.29689235986
"2018-06-29 03:00:00",453,97.3025375927864,-4404.73748601869,4599.34256120426,-6787.97351408651,6982.57858927208
"2018-06-29 04:00:00",984,1213.84566722088,-3289.52517151811,5717.21650595987,-5673.46569055934,8101.1570250011
"2018-06-29 05:00:00",2909,2873.66781595103,-1631.03344475537,7378.36907665742,-4015.67824664363,9763.01387854568
"2018-06-29 06:00:00",5427,4452.73276815651,-53.2985217054338,8958.76405801845,-2438.64739849868,11344.1129348117
"2018-06-29 07:00:00",6051,5384.14670253652,876.785775983163,9891.50762908988,-1509.26696795711,12277.5603730302
"2018-06-29 08:00:00",5204,5491.32224105843,982.632069930568,10000.0124121863,-1404.12433358258,12386.7688156994
"2018-06-29 09:00:00",4842,5049.69621109182,539.677187159653,9559.715235024,-1847.78266853575,11947.1750907194
"2018-06-29 10:00:00",4626,4556.35126826831,45.0037829558396,9067.69875358079,-2343.15931771447,11455.8618542511
"2018-06-29 11:00:00",5114,4398.46889740718,-114.206658207276,8911.14445302164,-2503.07279682814,11300.0105916425
"2018-06-29 12:00:00",5222,4655.59550189624,141.59226671294,9169.59873707955,-2247.97670301685,11559.1677068093
"2018-06-29 13:00:00",5236,5134.33953944633,619.009015082643,9649.67006381001,-1771.26257909689,12039.9416579895
"2018-06-29 14:00:00",5319,5552.07606201165,1035.41863851189,10068.7334855114,-1355.55537364041,12459.7074976637
"2018-06-29 15:00:00",5903,5708.26920217865,1190.28526924346,10226.2531351138,-1201.39095458656,12617.9293589439
"2018-06-29 16:00:00",5902,5544.36921137622,1025.05915836307,10063.6792643894,-1367.31907103125,12456.0574937837
"2018-06-29 17:00:00",5314,5108.32283152802,587.68704745177,9628.95861560428,-1805.39298157484,12022.0386446309
"2018-06-29 18:00:00",4798,4497.34505555039,-24.6160709162878,9019.30618201707,-2418.3976938243,11413.0878049251
"2018-06-29 19:00:00",3705,3823.46914538998,-699.816935136086,8346.75522591605,-3094.29994635547,10741.2382371354
"2018-06-29 20:00:00",3340,3190.85193493329,-1333.75871166227,7715.46258152886,-3728.94290580358,10110.6467756702
"2018-06-29 21:00:00",3247,2661.97620073393,-1863.95862428189,7187.91102574976,-4259.84379613602,9583.79619760388
"2018-06-29 22:00:00",2781,2225.8094183445,-2301.4491977825,6753.06803447149,-4698.03514232039,9149.65397900938
"2018-06-29 23:00:00",2465,1808.16691957994,-2720.41510068878,6336.74893984867,-5117.7016130612,8734.03545222108
"2018-06-30 00:00:00",1423,1338.15167266516,-3191.75336511503,5868.05671044534,-5589.74024065225,8266.04358598256
"2018-06-30 01:00:00",869,826.234250570056,-3704.99341842996,5357.46191957007,-6103.68045264158,7756.14895378169
"2018-06-30 02:00:00",617,384.614275476944,-4147.93563878946,4917.16418974335,-6547.32262736405,7316.55117831794
"2018-06-30 03:00:00",429,164.178574815438,-4369.69319910158,4698.05034873246,-6769.77993790648,7098.13708753736
"2018-06-30 04:00:00",429,257.01154243578,-4278.18170585327,4792.20479072483,-6678.96799093431,7192.99107580587
"2018-06-30 05:00:00",822,644.913176432869,-3891.60116128631,5181.42751415204,-6293.08678886756,7582.9131417333
"2018-06-30 06:00:00",1489,1229.88384477924,-3307.95119776437,5767.71888732284,-5710.13596424788,8169.90365380636
"2018-06-30 07:00:00",2048,1906.45622859921,-2632.69913449884,6445.61159169726,-5035.58283646437,8848.49529366279
"2018-06-30 08:00:00",2840,2604.55750551253,-1935.91779420521,7145.03280523027,-4339.50022840997,9548.61523943503
"2018-06-30 09:00:00",3627,3274.11771241901,-1267.67714031839,7815.91256515641,-3671.9581036968,10220.1935285348
"2018-06-30 10:00:00",3922,3850.24760279151,-692.86641969979,8393.3616252828,-3097.8457093632,10798.3409149462
"2018-06-30 11:00:00",4253,4256.54546056917,-287.887348744018,8800.97826988235,-2693.56476198047,11206.6556831188
"2018-06-30 12:00:00",4776,4454.25099130573,-91.5002222306239,9000.00220484208,-2497.87555650459,11406.377539116
"2018-06-30 13:00:00",4675,4483.00090805308,-64.0683274405155,9030.07014354667,-2471.14138039264,11437.1431964988
"2018-06-30 14:00:00",4533,4436.92212132795,-111.464754189271,8985.30899684518,-2519.23532363611,11393.079566292
"2018-06-30 15:00:00",4425,4385.69640003044,-164.007733908649,8935.40053396953,-2572.47561784243,11343.8684179033
"2018-06-30 16:00:00",4707,4315.18943431099,-235.831576779548,8866.21044540152,-2644.9965733679,11275.3754419899
"2018-06-30 17:00:00",4469,4151.93038800593,-400.407119296506,8704.26789530837,-2810.26902688223,11114.1298028941
"2018-06-30 18:00:00",3871,3852.61304530525,-701.040577599947,8406.26666821045,-3111.59919470072,10816.8252853112
"2018-06-30 19:00:00",3247,3467.28378894046,-1087.68556928828,8022.2531471692,-3498.94069459645,10433.5082724774
"2018-06-30 20:00:00",2936,3103.48960249978,-1452.79511110272,7659.77431610228,-3864.74654348502,10071.7257484846
"2018-06-30 21:00:00",2700,2818.25319227046,-1739.34649708499,7375.85288162591,-4151.9940355823,9788.50042012322
"2018-06-30 22:00:00",2760,2546.9903498572,-2011.92393595889,7105.90463567328,-4425.26737978598,9519.24807950038
"2018-06-30 23:00:00",2017,2153.75264560463,-2406.47585770779,6713.98114891706,-4820.51500625309,9128.02029746236
"2018-07-01 00:00:00",1314,1570.27952208872,-2991.2628200833,6131.82186426073,-5405.99747290862,8546.55651708606
"2018-07-01 01:00:00",848,895.063090823862,-3667.79271189807,5457.91889354579,-6083.22266873838,7873.3488503861
"2018-07-01 02:00:00",703,349.293460739558,-4214.87542454923,4913.46234602834,-6631.00048531237,7329.58740679148
"2018-07-01 03:00:00",419,118.331965503749,-4447.14962469496,4683.81355570246,-6863.96958946143,7100.63352046893
"2018-07-01 04:00:00",372,220.031633944399,-4346.76228383298,4786.82555172177,-6764.27695285567,7204.34022074447
"2018-07-01 05:00:00",529,520.719355260366,-4047.38651308961,5088.82522361035,-6465.59568679358,7507.03439731431
"2018-07-01 06:00:00",979,879.610763153626,-3689.80667908763,5449.02820539488,-6108.71015806981,7867.93168437706
"2018-07-01 07:00:00",1237,1277.42957736807,-3293.2990624074,5848.15821714353,-5712.89664743641,8267.75580217255
"2018-07-01 08:00:00",1682,1800.68341360863,-2771.35604766778,6372.72287488505,-5191.64753968364,8793.01436690091
"2018-07-01 09:00:00",2495,2498.73175091342,-2074.61815615403,7072.08165798087,-4495.60335626791,9493.06685809475
"2018-07-01 10:00:00",2924,3263.98777212299,-1310.67220534843,7838.64774959442,-3732.35091484244,10260.3264590884
"2018-07-01 11:00:00",3323,3870.16170509901,-705.807967711765,8446.13137790979,-3128.17998803868,10868.5033982367
"2018-07-01 12:00:00",3696,4147.71752973457,-429.561463672874,8724.99652314201,-2852.62659645589,11148.061655925
"2018-07-01 13:00:00",4084,4131.0064071601,-447.581532422811,8709.59434674302,-2871.33957945533,11133.3523937755
"2018-07-01 14:00:00",4187,4026.04621055845,-553.850301099774,8605.94272221668,-2978.30106434513,11030.393485462
"2018-07-01 15:00:00",4365,4016.70056447839,-564.504145475562,8597.90527443235,-2989.6474270668,11023.0485560236
"2018-07-01 16:00:00",4380,4089.10037197961,-493.412162810593,8671.61290676982,-2919.24776505021,11097.4485090094
"2018-07-01 17:00:00",4049,4046.41286051779,-537.407125968857,8630.23284700443,-2963.93485132856,11056.7605723641
"2018-07-01 18:00:00",3680,3706.70071374522,-878.426351617251,8291.8277791077,-3305.64600273774,10719.0474302282
"2018-07-01 19:00:00",3404,3095.12756372552,-1491.30620801093,7681.56133546196,-3919.21758770162,10109.4727151527
"2018-07-01 20:00:00",3018,2438.56373735808,-2149.17636856877,7026.30384328493,-4577.77927980759,9454.90675452375
"2018-07-01 21:00:00",2640,1958.34513176631,-2630.70093648521,6547.39120001784,-5059.99518241833,8976.68544595096
"2018-07-01 22:00:00",2152,1659.7065662087,-2930.64509281916,6250.05822523656,-5360.63047676078,8680.04360917818
"2018-07-01 23:00:00",3078,1334.30653299955,-3257.35034557325,5925.96341157235,-5688.02667100533,8356.63973700444
"2018-07-02 00:00:00",1043,796.345357912871,-3796.61636928996,5389.3070851157,-6227.98343986201,7820.67415568775
"2018-07-02 01:00:00",523,141.258488837741,-4453.00771639624,4735.52469407172,-6885.06533592507,7167.58231360055
"2018-07-02 02:00:00",425,-229.311213332762,-4824.88152631462,4366.25909964909,-7257.62949878409,6799.00707211857
"2018-07-02 03:00:00",398,122.748501052969,-4474.12554970861,4719.62255181455,-6907.56367926943,7153.06068137537
"2018-07-02 04:00:00",896,1312.10757466958,-3286.06984421828,5910.28499355745,-5720.19793518773,8344.4130845269
"2018-07-02 05:00:00",2931,2979.40910093842,-1620.07131673654,7578.88951861337,-4054.88917359825,10013.7073754751
"2018-07-02 06:00:00",5305,4484.96013298283,-115.822914453815,9085.74318041948,-2551.33034185756,11521.2506078232
"2018-07-02 07:00:00",5936,5301.96645964697,699.881151160665,9904.05176813328,-1736.31565160074,12340.2485708947
"2018-07-02 08:00:00",4859,5313.1856618094,709.798460672549,9916.57286294626,-1727.08752242781,12353.4588460466
"2018-07-02 09:00:00",4473,4812.6694394679,207.98071376714,9417.35816516866,-2229.59425481888,11854.9331337547
"2018-07-02 10:00:00",4172,4258.40544969182,-347.584432798237,8864.39533218187,-2785.84819218179,11302.6590915654
"2018-07-02 11:00:00",4498,3992.9741863017,-614.316485514639,8600.26485811803,-3053.26884117256,11039.217213776
"2018-07-02 12:00:00",4617,4117.81570213715,-490.775391853605,8726.40679612791,-2930.41614942744,11166.0475537017
"2018-07-02 13:00:00",4667,4537.95868709586,-71.9324622281656,9147.84983641989,-2512.26142752394,11588.1788017157
"2018-07-02 14:00:00",4728,5064.37799553972,453.187157413299,9675.56883366614,-1987.8298215747,12116.5858126541
"2018-07-02 15:00:00",5115,5477.28955025002,864.79938954223,10089.7797109578,-1576.90540927228,12531.4845097723
"2018-07-02 16:00:00",5853,5559.44790879361,945.658791416088,10173.2370261711,-1496.73363352301,12615.6294511102
"2018-07-02 17:00:00",5241,5163.3389674673,548.251259022719,9778.42667591189,-1894.82859850262,12221.5065334372
"2018-07-02 18:00:00",3922,4314.5934184373,-301.792515780217,8930.97935265482,-2745.55961251675,11374.7464493914
"2018-07-02 19:00:00",3183,3256.07872195866,-1361.60507304576,7873.76251696308,-3806.05921578157,10318.2166596989
"2018-07-02 20:00:00",2792,2337.26617790502,-2281.71511320794,6956.24746901798,-4726.85610889394,9401.38846470398
"2018-07-02 21:00:00",2552,1784.77893527527,-2835.49948757509,6405.05735812563,-5281.32714332487,8850.88501387541
"2018-07-02 22:00:00",2118,1532.32027148339,-3089.25491904004,6153.89546200683,-5535.76904212957,8600.40958509636
"2018-07-02 23:00:00",1461,1281.90427807013,-3340.96731636842,5904.77587250867,-5788.16771423588,8351.97627037614
"2018-07-03 00:00:00",722,784.553031344651,-3839.61460355699,5408.72066624629,-6287.50108380251,7856.60714649181
"2018-07-03 01:00:00",455,119.453342729299,-4506.00996948894,4744.91665494754,-6954.58233987436,7193.48902533296
"2018-07-03 02:00:00",340,-283.136102391794,-4909.89472908522,4343.62252430163,-7359.15279753391,6792.88059275032
"2018-07-03 03:00:00",391,66.7768764950715,-4561.27670213678,4694.83045512692,-7011.22027673337,7144.77402972351
"2018-07-03 04:00:00",863,1324.41168503542,-3304.93648330233,5953.75985337318,-5755.56537229251,8404.38874236336
"2018-07-03 05:00:00",2836,3128.31754501592,-1502.32485109903,7758.95994113087,-3953.63886288931,10210.2739529211
"2018-07-03 06:00:00",5264,4787.49221679357,155.555954526757,9419.42847906039,-2296.44298863073,11871.4274222179
"2018-07-03 07:00:00",5737,5702.60302592439,1069.37325882807,10335.8327930207,-1383.31042442413,12788.5164762729
"2018-07-03 08:00:00",5017,5709.93363713913,1075.41072623314,10344.4565480451,-1377.9575060014,12797.8247802797
"2018-07-03 09:00:00",4373,5116.11220464081,480.296510642874,9751.92789863874,-1973.7560796216,12205.9804889032
"2018-07-03 10:00:00",4099,4442.96313408071,-194.144982593153,9080.07125075457,-2648.88174009484,11534.8080082563
"2018-07-03 11:00:00",4415,4103.58210644751,-534.818072787533,8741.98228568256,-2990.2388068932,11197.4030197882
"2018-07-03 12:00:00",4775,4228.80535223302,-410.886529749313,8868.49723421536,-2866.99104998499,11324.601754451
"2018-07-03 13:00:00",4799,4697.56136721941,56.5781420032463,9338.54459243558,-2400.20997404751,11795.3327084863
"2018-07-03 14:00:00",4968,5267.71800258439,625.443793347828,9909.99221182095,-1832.0277283619,12367.4637335307
"2018-07-03 15:00:00",5526,5685.35484591056,1041.79001156745,10328.9196802537,-1416.36472580375,12787.0744176249
"2018-07-03 16:00:00",6135,5743.17877177282,1098.3236709378,10388.0338726078,-1360.51409225573,12846.8716358014
"2018-07-03 17:00:00",5092,5333.00941244879,686.86440343775,9979.15442145982,-1772.65619589714,12438.6750207947
"2018-07-03 18:00:00",4313,4509.97178496456,-137.462774204965,9157.40634413408,-2597.66602015819,11617.6095900873
"2018-07-03 19:00:00",3308,3507.75716625961,-1140.96658534882,8156.48091786804,-3601.85228855506,10617.3666210743
"2018-07-03 20:00:00",3055,2633.61806874168,-2016.39451788359,7283.63065536694,-4477.96248913504,9745.1986266184
"2018-07-03 21:00:00",2700,2072.77404048281,-2578.52702403435,6724.07510499997,-5040.77707428049,9186.3251552461
"2018-07-03 22:00:00",2176,1751.16632981627,-2901.42285576455,6403.75551539708,-5364.35479611191,8866.68745574444
"2018-07-03 23:00:00",1741,1402.10378155415,-3251.77316855837,6055.98073166668,-5715.38681027034,8519.59437337865
"2018-07-04 00:00:00",1021,363.160657076548,-4292.00370133162,5018.32501548471,-6756.29885582822,7482.62016998132
"2018-07-04 01:00:00",605,-338.7052004408,-4995.15661120402,4317.74621032242,-7460.13309006169,6782.72268918009
"2018-07-04 02:00:00",573,-737.293610964103,-5395.03171843686,3920.44449650865,-7860.68933338822,6386.10211146002
"2018-07-04 03:00:00",353,-369.700197101494,-5028.72464593291,4289.32425172993,-7495.0632088666,6755.66281466361
"2018-07-04 04:00:00",354,893.826791231174,-3766.48364390231,5554.13722636466,-6233.50296686268,8021.15654932503
"2018-07-04 05:00:00",698,2685.97181183944,-1975.62425483333,7347.56787851222,-4443.32415002035,9815.26777369923
"2018-07-04 06:00:00",1141,4329.54869192768,-333.332651815063,8992.43003567043,-2801.71293158399,11460.8103154394
"2018-07-04 07:00:00",1128,5244.51422250886,580.347955872424,9908.68048914529,-1888.71252098881,12377.7409660065
"2018-07-04 08:00:00",1275,5276.154081397,610.703245750537,9941.60491704347,-1859.03724086832,12411.3454036623
"2018-07-04 09:00:00",1687,4723.26298107895,56.5279300138682,9389.99803214403,-2413.89237918261,11860.4183413405
"2018-07-04 10:00:00",1920,4088.10378357063,-579.915129613471,8756.12269675473,-3051.01507436208,11227.2226415033
"2018-07-04 11:00:00",2603,3764.55190165964,-904.750520635314,8433.8543239546,-3376.52991406481,10905.6337173841
"2018-07-04 12:00:00",2761,3876.40820254584,-794.177376142835,8546.99378123451,-3266.63603153604,11019.4524366277
"2018-07-04 13:00:00",2929,4313.10537839397,-358.763004261918,8984.97376104985,-2831.90073505551,11458.1114918434
"2018-07-04 14:00:00",3318,4855.75131082782,182.600476341006,9528.90214531463,-2291.21614344329,12002.7187650989
"2018-07-04 15:00:00",3070,5272.25111846132,597.818183990033,9946.68405293261,-1876.6771385287,12421.1793754513
"2018-07-04 16:00:00",3224,5359.32492184248,683.610238943728,10035.0396047412,-1791.56360020641,12510.2134438914
"2018-07-04 17:00:00",3045,4987.88821236022,310.892132301993,9664.88429241845,-2164.9600375295,12140.7364622499
"2018-07-04 18:00:00",2664,4177.85607142556,-500.421054812807,8856.13319766392,-2976.95136952842,11332.6635123795
"2018-07-04 19:00:00",2596,3138.18092320916,-1541.37689851825,7817.73874493657,-4018.58517247333,10294.9470188917
"2018-07-04 20:00:00",2503,2184.00927926098,-2496.82888755223,6864.84744607419,-4974.71493525451,9342.73349377648
"2018-07-04 21:00:00",2582,1541.58951026188,-3140.52865152135,6223.7076720451,-5619.09228763073,8702.27130815449
"2018-07-04 22:00:00",2030,1185.04898259427,-3498.34882433025,5868.44678951879,-5977.58986365859,8347.68782884713
"2018-07-04 23:00:00",1936,867.511629647898,-3817.16547287587,5552.18873217167,-6297.08373038679,8032.10698968259
"2018-07-05 00:00:00",971,819.988784318141,-3865.96726454911,5505.94483318539,-6346.56255535777,7986.54012399405
"2018-07-05 01:00:00",476,176.885290485847,-4510.34935575501,4864.1199367267,-6991.62149512792,7345.39207609961
"2018-07-05 02:00:00",317,-218.567612447535,-4907.08050737762,4469.94528248255,-7389.02931073242,6951.89408583735
"2018-07-05 03:00:00",338,98.146248671082,-4591.64454654898,4787.93704389114,-7074.26982945424,7270.56232679641
"2018-07-05 04:00:00",754,1299.14127319727,-3391.92707419823,5990.20962059276,-5875.22865237325,8473.51119876778
"2018-07-05 05:00:00",2412,3064.62622835291,-1627.71932338782,7756.97178009363,-4111.69701270241,10240.9494694082
"2018-07-05 06:00:00",4500,4732.12101934049,38.4986108007861,9425.74342788019,-2446.15500567351,11910.3970443545
"2018-07-05 07:00:00",4966,5695.49199281447,1000.59307473848,10390.3909108905,-1484.73628506575,12875.7202706947
"2018-07-05 08:00:00",4440,5761.03746250913,1064.86238187637,10457.2125431419,-1421.14253757794,12943.2174625962
"2018-07-05 09:00:00",4205,5213.05802846902,515.60713197619,9910.50892496184,-1971.07316359803,12397.1892205361
"2018-07-05 10:00:00",4154,4575.61883623909,-123.107529699488,9274.34520217766,-2610.46301801297,11761.7006904911
"2018-07-05 11:00:00",4201,4275.52818889157,-424.47330036047,8975.52967814361,-2912.50379818185,11463.560175965
"2018-07-05 12:00:00",4416,4442.32006669467,-258.956200020199,9143.59633340954,-2747.66152426721,11632.3016576566
"2018-07-05 13:00:00",4491,4930.38576843215,227.835069823829,9632.93646704046,-2261.54489791544,12122.3164347797
"2018-07-05 14:00:00",4708,5472.77741834299,768.952633129721,10176.6022035563,-1721.10179531711,12666.6566320031
"2018-07-05 15:00:00",5066,5823.31479970398,1118.21627289376,10528.4133265142,-1372.51243362443,13019.1420330324
"2018-07-05 16:00:00",5908,5821.95730344324,1115.58537976394,10528.3292271225,-1375.81742233769,13019.7320292242
"2018-07-05 17:00:00",5223,5414.73129230733,707.086316207083,10122.3762684076,-1784.99039913817,12614.4529837528
"2018-07-05 18:00:00",4115,4671.2336898082,-37.6839945442143,9380.15137416062,-2530.43444094115,11872.9018205576
"2018-07-05 19:00:00",3099,3782.06546597788,-928.124582736926,8492.2555146927,-3421.54857814128,10985.6795100971
"2018-07-05 20:00:00",2713,2984.56935127838,-1726.89271818765,7696.03142074441,-4220.99008070266,10190.1287832594
"2018-07-05 21:00:00",2633,2421.96868114716,-2290.76506573714,7134.70242803147,-4785.53561361333,9629.47297590765
"2018-07-05 22:00:00",2002,2036.70788619979,-2677.29719504771,6750.71296744729,-5172.74074668268,9246.15651908226
"2018-07-05 23:00:00",1287,1616.25892005613,-3099.01715277697,6331.53499288923,-5595.13352671523,8827.65136682748
"2018-07-06 00:00:00",743,997.103700854174,-3719.44302106404,5713.65042277238,-6216.23203599677,8210.43943770512
"2018-07-06 01:00:00",435,276.17517408535,-4441.64185469422,4993.99220286492,-6939.10332945912,7491.45367762982
"2018-07-06 02:00:00",372,-167.410482296295,-4886.49747598984,4551.67651139725,-7384.6312295709,7049.81026497831
"2018-07-06 03:00:00",343,95.8353066944896,-4624.52131024163,4816.19192363061,-7123.32716176894,7314.99777515792
"2018-07-06 04:00:00",752,1212.37843631503,-3509.2474624679,5934.00433509796,-6008.72523121745,8433.48210384751
"2018-07-06 05:00:00",2453,2872.20058504894,-1850.69425446027,7595.09542455816,-4350.84375985377,10095.2449299517
"2018-07-06 06:00:00",4489,4451.26553725932,-272.897902130549,9175.42897664918,-2773.7189637352,11676.2500382538
"2018-07-06 07:00:00",5069,5382.67947163636,657.247772936976,10108.1111703357,-1844.24466459138,12609.6036078641
"2018-07-06 08:00:00",4489,5489.85501016162,763.155392449693,10216.5546278735,-1739.00824086002,12718.7182611833
"2018-07-06 09:00:00",4305,5048.22898019084,320.261783489587,9776.1961768921,-2182.57286560407,12279.0308259858
"2018-07-06 10:00:00",4215,4554.88403737024,-174.350398570553,9284.11847331102,-2677.85588359548,11787.6239583359
"2018-07-06 11:00:00",4547,4397.00166650749,-333.499669196081,9127.50300221106,-2837.67581044413,11631.6791434591
"2018-07-06 12:00:00",4684,4654.12827099639,-77.639625265886,9385.89616725867,-2582.48624317328,11890.7427851661
"2018-07-06 13:00:00",4594,5132.87230854766,399.838190658435,9865.90642643688,-2105.67872448866,12371.423341584
"2018-07-06 14:00:00",4818,5550.60883111483,816.308830258476,10284.9088319712,-1689.87820285265,12791.0958650823
"2018-07-06 15:00:00",5182,5706.80197127992,971.236425844661,10442.3675167152,-1535.62054609858,12949.2244886584
"2018-07-06 16:00:00",5353,5542.90198047615,806.071228578982,10279.7327323733,-1701.45550320805,12787.2594641603
"2018-07-06 17:00:00",4822,5106.85560062612,368.759980113193,9844.95122113904,-2139.43633267268,12353.1475339249
"2018-07-06 18:00:00",4089,4495.8778246526,-243.482326900437,9235.23797620563,-2752.3480419834,11744.1036912886
"2018-07-06 19:00:00",3390,3822.00191448945,-918.622430798197,8562.62625977709,-3428.15736961951,11072.1611985984
"2018-07-06 20:00:00",2966,3189.38470403412,-1552.50349795241,7931.27290602064,-4062.70748209612,10441.4768901644
"2018-07-06 21:00:00",2903,2660.50896983567,-2082.64275208342,7403.66069175476,-4593.51560327623,9914.53354294757
"2018-07-06 22:00:00",2533,2224.34218744454,-2520.07271790987,6968.75709279895,-5031.61425802089,9480.29863290997
"2018-07-06 23:00:00",2227,1806.69968868203,-2938.97806387916,6552.37744124322,-5451.18811491974,9064.5874922838
"2018-07-07 00:00:00",1233,1336.68444176668,-3410.25582204108,6083.62470557444,-5923.13420616464,8596.503089698
"2018-07-07 01:00:00",689,824.767019670138,-3923.43541969198,5572.96945903225,-6436.98195919379,8086.51599853407
"2018-07-07 02:00:00",604,383.14704457992,-4366.31723491197,5132.61132407181,-6880.53175222899,7646.82584138883
"2018-07-07 03:00:00",382,162.711343913855,-4588.01444055051,4913.43712837821,-7102.89675826117,7428.31944608888
"2018-07-07 04:00:00",429,255.544311538861,-4496.44264300758,5007.53126608531,-7011.99258383163,7523.08120690935
"2018-07-07 05:00:00",769,643.445945533738,-4109.80184447097,5396.69373553845,-6626.01923126926,7912.91112233673
"2018-07-07 06:00:00",1246,1228.41661387466,-3526.09167723072,5982.92490498003,-6042.97633300501,8499.80956075433
"2018-07-07 07:00:00",1710,1904.9889976998,-2850.77946041449,6660.7574558141,-5368.33120830732,9178.30920370692
"2018-07-07 08:00:00",2428,2603.09027461342,-2153.93801668356,7360.1185659104,-4672.15667997798,9878.33722920482
"2018-07-07 09:00:00",3029,3272.65048152184,-1485.63730939676,8030.93827244044,-4004.5227115162,10549.8236745599
"2018-07-07 10:00:00",3386,3848.78037189556,-910.766585348381,8608.3273291395,-3430.31854985646,11127.8792936476
"2018-07-07 11:00:00",4045,4255.07822966987,-505.727560867599,9015.88402020735,-3025.94591146793,11536.1023708077
"2018-07-07 12:00:00",4160,4452.78376040664,-309.28053065666,9214.84805146994,-2830.16509119266,11735.7326120059
"2018-07-07 13:00:00",4118,4481.53367715639,-281.788781928793,9244.85613624157,-2803.3393763835,11766.4067306963
"2018-07-07 14:00:00",3992,4435.45489042846,-329.125404438058,9200.03518529499,-2851.34185693395,11722.2516377909
"2018-07-07 15:00:00",4022,4384.22916913114,-381.608629539247,9150.06696780153,-2904.49076433808,11672.9491026004
"2018-07-07 16:00:00",4289,4313.72220340974,-453.372767349759,9080.81717416924,-2976.92040885233,11604.3648156718
"2018-07-07 17:00:00",4085,4150.46315710667,-617.888654289547,8918.81496850289,-3142.10162703557,11443.0279412489
"2018-07-07 18:00:00",3986,3851.1458144043,-918.462506438267,8620.75413524687,-3443.34063510615,11145.6322639148
"2018-07-07 19:00:00",3416,3465.81655804397,-1305.04794131626,8236.6810574042,-3830.59105072294,10762.2241668109
"2018-07-07 20:00:00",3191,3102.02237159671,-1670.09797561383,7874.14271880724,-4196.30589071458,10400.350633908
"2018-07-07 21:00:00",3616,2816.78596137358,-1956.5899032809,7590.16182602806,-4483.46244916915,10117.0343719163
"2018-07-07 22:00:00",3055,2545.52311895858,-2229.10793299412,7320.15417091129,-4756.64493490129,9847.69117281845
"2018-07-07 23:00:00",2246,2152.28541470538,-2623.60049466014,6928.17132407089,-5151.80177795543,9456.37260736619
"2018-07-08 00:00:00",1423,1568.81229118989,-3208.32814596298,6345.95272834276,-5737.19353615323,8874.81811853301
"2018-07-08 01:00:00",786,893.595859925563,-3884.79877564884,5671.99049549996,-6414.32809837831,8201.51981822943
"2018-07-08 02:00:00",693,347.826229838354,-4431.82227505103,5127.47473472773,-6962.01535610123,7657.66781577794
"2018-07-08 03:00:00",357,116.864734603653,-4664.0373107531,4897.7667799604,-7194.89397604263,7428.62344524993
"2018-07-08 04:00:00",327,218.564403045028,-4563.59085419009,5000.71966028014,-7095.11092977443,7532.23973586448
"2018-07-08 05:00:00",476,519.252124361286,-4264.15601642145,5302.66026514402,-6796.3393284928,7834.84357721537
"2018-07-08 06:00:00",876,878.143532253272,-3906.51716400426,5662.8042285108,-6439.36353889137,8195.65060339791
"2018-07-08 07:00:00",1084,1275.96234646963,-3509.95057744746,6061.87527038673,-6043.45984161542,8595.38453455469
"2018-07-08 08:00:00",1920,1799.21618271128,-2987.94864130739,6586.38100672996,-5522.12062135748,9120.55298678005
"2018-07-08 09:00:00",2584,2497.26452001532,-2291.15187680387,7285.6809168345,-4825.98639947337,9820.515439504
"2018-07-08 10:00:00",3236,3262.52054122538,-1527.14710134982,8052.18818380059,-4062.64399351183,10587.6850759626
"2018-07-08 11:00:00",3837,3868.69447420034,-922.22408734263,8659.61303574332,-3458.3831760059,11195.7721244066
"2018-07-08 12:00:00",4075,4146.25029883544,-645.918855142965,8938.41945281384,-3182.73996745172,11475.2405651226
"2018-07-08 13:00:00",4211,4129.53917626144,-663.880243875624,8922.9585963985,-3201.36320710937,11460.4415596323
"2018-07-08 14:00:00",4470,4024.57897966072,-770.090380613482,8819.24833993492,-3308.23502218686,11357.3929815083
"2018-07-08 15:00:00",4397,4015.23333357762,-780.685641067103,8811.15230822234,-3319.49178852968,11349.9584556849
"2018-07-08 16:00:00",4514,4087.63314108117,-709.535122422039,8884.80140458437,-3249.00260345815,11424.2688856205
"2018-07-08 17:00:00",4297,4044.94562961594,-753.471597487961,8843.36285671983,-3293.60023991652,11383.4914991484
"2018-07-08 18:00:00",3953,3705.23348284816,-1094.43238285255,8504.89934854887,-3635.22201462691,11045.6889803232
"2018-07-08 19:00:00",3969,3093.66033282558,-1707.25384672164,7894.57451237281,-4248.70429592938,10436.0249615805
"2018-07-08 20:00:00",3571,2437.09650646008,-2365.06566243662,7239.25867535678,-4907.17675729938,9781.36977021954
"2018-07-08 21:00:00",2948,1956.87790087013,-2846.53193313193,6760.2877348722,-5389.30350200524,9303.05930374551
"2018-07-08 22:00:00",2039,1658.23933531101,-3146.41783980491,6462.89651042692,-5689.84971117802,9006.32838180003
"2018-07-08 23:00:00",1339,1332.83930209905,-3473.06489039146,6138.74349458957,-6017.15689288717,8682.83549708528
"2018-07-09 00:00:00",676,794.878127014078,-4012.27275936373,5602.02901339189,-6557.02472173821,8146.78097576637
"2018-07-09 01:00:00",423,139.791257936684,-4668.60599909274,4948.18851496611,-7214.01775023534,7493.60026610871
"2018-07-09 02:00:00",320,-230.778444230981,-5040.42174892761,4578.86486046565,-7586.49311786073,7124.93622939877
"2018-07-09 03:00:00",348,121.281270156433,-4689.60775947398,4932.17029978684,-7236.33857535285,7478.90111566572
"2018-07-09 04:00:00",903,1310.6403437717,-3501.49408830969,6122.7747758531,-6048.88418042224,8670.16486796565
"2018-07-09 05:00:00",2977,2977.94187003933,-1835.43764226056,7791.32138233923,-4383.48684002722,10339.3705801059
"2018-07-09 06:00:00",5679,4483.49290208544,-331.131368450473,9298.11717262135,-2879.839501424,11846.8253055949
"2018-07-09 07:00:00",6178,5300.49922874333,484.630521704216,10116.3679357824,-2064.73637616112,12665.7348336478
"2018-07-09 08:00:00",5656,5311.71843091221,494.605608853381,10128.831252971,-2055.41988372069,12678.8567455451
"2018-07-09 09:00:00",4586,4811.20220856915,-7.15440727496025,9629.55882441326,-2557.83832450652,12180.2427416448
"2018-07-09 10:00:00",4266,4256.93821879385,-562.661869849785,9076.53830743749,-3114.00404181925,11627.880479407
"2018-07-09 11:00:00",4448,3991.50695540321,-829.336285302592,8812.35019610902,-3381.33654222185,11364.3504530283
"2018-07-09 12:00:00",4689,4116.34847123787,-705.737601040795,8938.43454351654,-3258.39577325307,11491.0927157288
"2018-07-09 13:00:00",4621,4536.49145619594,-286.837127414035,9359.82003980591,-2840.15304539367,11913.1359577856
"2018-07-09 14:00:00",4836,5062.91076464074,238.339989693593,9887.48153958788,-2315.63350465875,12441.4550339402
"2018-07-09 15:00:00",5429,5475.82231935068,650.009672813398,10301.634965888,-1904.62122864779,12856.2658673491
"2018-07-09 16:00:00",6311,5557.98067789424,730.926479267067,10385.0348765214,-1824.36166016976,12940.3230159582
"2018-07-09 17:00:00",5805,5161.87173656865,333.576305105356,9990.16716803194,-2222.36890330437,12546.1123764417
"2018-07-09 18:00:00",4290,4313.12618753794,-516.410157753848,9142.66253282973,-3073.01226626404,11699.2646413399
"2018-07-09 19:00:00",3240,3254.61149105609,-1576.16544930241,8085.3884314146,-4133.42428917077,10642.647271283
"2018-07-09 20:00:00",2861,2335.79894700825,-2496.21826990071,7167.8161639172,-5054.13367251491,9725.7315665314
"2018-07-09 21:00:00",2633,1783.31170437832,-3049.94547081003,6616.56887956666,-5608.51726768755,9175.14067644419
"2018-07-09 22:00:00",2071,1530.85304058437,-3303.64377485721,6365.34985602594,-5862.87179764517,8924.5778788139
"2018-07-09 23:00:00",1189,1280.43704717383,-3555.29909073938,6116.17318508704,-6115.18317121437,8676.05726556204
"2018-07-10 00:00:00",688,783.085800444377,-4053.88934240315,5620.0609432919,-6614.42931247107,8180.60091335982
"2018-07-10 01:00:00",389,117.986111830224,-4720.22771865825,4956.1999423187,-7281.42341035413,7517.39563401457
"2018-07-10 02:00:00",295,-284.603333291219,-5124.0555343709,4554.84886778847,-7685.90677985875,7116.70011327631
"2018-07-10 03:00:00",364,65.3096455973587,-4775.38060926714,4905.99990046185,-7337.88724083977,7468.50653203449
"2018-07-10 04:00:00",898,1322.94445413503,-3518.98353795089,6164.87244622095,-6082.14538802978,8728.03429629984
"2018-07-10 05:00:00",3137,3126.85031411801,-1716.31509886864,7970.01572710467,-4280.13200000374,10533.8326282398
"2018-07-10 06:00:00",5886,4786.02498589501,-58.3775319141114,9630.42750370412,-2622.84931678368,12194.8992885737
"2018-07-10 07:00:00",6134,5701.13579502573,855.496488230347,10546.7751018211,-1709.6300131801,13111.9016032315
"2018-07-10 08:00:00",5786,5708.46640623927,861.590626052048,10555.3421864265,-1704.19042483369,13121.1232373122
"2018-07-10 09:00:00",4843,5114.6449737407,266.533035514584,9962.75691196681,-2299.90239790867,12529.1923453901
"2018-07-10 10:00:00",4442,4441.49590318054,-407.85187797268,9290.84368433375,-2974.94152712335,11857.9333334844
"2018-07-10 11:00:00",4586,4102.1148755499,-748.46843365949,8952.69818475929,-3316.21213185498,11520.4418829548
"2018-07-10 12:00:00",4865,4227.33812133378,-624.480401301392,9079.15664396896,-3192.87798198643,11647.554224654
"2018-07-10 13:00:00",4719,4696.09413631937,-156.959285351451,9549.14755799019,-2726.01058209795,12118.1988547367
"2018-07-10 14:00:00",4789,5266.25077168379,411.96276512753,10120.53877824,-2157.74208137935,12690.2436247469
"2018-07-10 15:00:00",5681,5683.88761501095,828.365337479829,10539.4098925421,-1741.99289261322,13109.7681226351
"2018-07-10 16:00:00",6566,5741.71154087457,884.955306039829,10598.4677757093,-1686.05614159186,13169.479223341
"2018-07-10 17:00:00",6081,5331.54218155161,473.552302845485,10189.5320602577,-2098.11219640384,12761.1965595071
"2018-07-10 18:00:00",4404,4508.50455406538,-350.718655318632,9367.72776344939,-2923.03604039097,11940.0451485217
"2018-07-10 19:00:00",3219,3506.28993536149,-1354.16629174531,8366.7461624683,-3927.13639697225,10939.7162676952
"2018-07-10 20:00:00",3053,2632.1508378431,-2229.53809426953,7493.83976995572,-4803.16075410869,10067.4624297949
"2018-07-10 21:00:00",3060,2071.30680958257,-2791.61451505671,6934.22813422185,-5365.88956409163,9508.50318325677
"2018-07-10 22:00:00",2203,1749.69909891981,-3114.45430600448,6613.8525038441,-5689.38157894441,9188.77977678403
"2018-07-10 23:00:00",1311,1400.63655065381,-3464.74862255104,6266.02172385867,-6040.3279542308,8841.60105553843
"2018-07-11 00:00:00",661,821.295115831793,-4045.3215138861,5687.91174554968,-6621.55273926593,8264.14297092952
"2018-07-11 01:00:00",401,119.429258315358,-4748.41851638465,4987.27703301536,-7325.30147055005,7564.15998718076
"2018-07-11 02:00:00",321,-279.159152209318,-5148.23776059683,4589.91945617819,-7725.77227875838,7167.45397433975
"2018-07-11 03:00:00",384,88.4342616542194,-4781.8748693622,4958.74339267064,-7360.06078685543,7536.92931016387
"2018-07-11 04:00:00",948,1351.96124998462,-3519.57809283783,6223.50059280708,-6098.41524512305,8802.33774509229
"2018-07-11 05:00:00",3193,3144.10627059745,-1728.66297344357,8016.87551463847,-4308.1511961057,10596.3637373006
"2018-07-11 06:00:00",5179,4787.68315068314,-86.315684224106,9661.68198559038,-2666.45481297254,12241.8211143388
"2018-07-11 07:00:00",6295,5702.64868126437,827.420565608424,10577.8767969203,-1753.36930506002,13158.6666675888
"2018-07-11 08:00:00",5930,5734.28854015227,857.831453630608,10610.7456266739,-1723.6089949157,13192.1860752202
"2018-07-11 09:00:00",5025,5181.39743983323,303.711692094614,10059.0831875718,-2278.37917041141,12641.1740500779
"2018-07-11 10:00:00",4829,4546.2382423257,-332.675857215043,9425.15234186645,-2915.41696988646,12007.8934545379
"2018-07-11 11:00:00",5052,4222.68636041466,-657.455781747034,9102.82850257636,-3240.84698091322,11686.2197017425
"2018-07-11 12:00:00",4974,4334.54266130223,-546.827214532587,9215.91253713705,-3130.86833664644,11799.9536592509
"2018-07-11 13:00:00",4779,4771.23983714779,-111.357463645377,9653.83713794096,-2696.04834528316,12238.5280195787
"2018-07-11 14:00:00",4974,5313.88576958455,430.061352315044,10197.7101868541,-2155.27912554617,12783.0506647153
"2018-07-11 15:00:00",5817,5730.38557721721,845.334351720915,10615.4368027135,-1740.65555918627,13201.4267136207
"2018-07-11 16:00:00",6522,5817.45938059914,931.181654893409,10703.7371063049,-1655.45752600521,13290.3762872035
"2018-07-11 17:00:00",5935,5446.0226711168,558.51875298711,10333.5265892465,-2028.76953497115,12920.8148772047
"2018-07-11 18:00:00",4568,4635.99053018287,-252.739272816891,9524.72033318264,-2840.6765050256,12112.6575653913
"2018-07-11 19:00:00",3412,3596.31538196361,-1293.63999858366,8486.27076251088,-3882.22601235607,11074.8567762833
"2018-07-11 20:00:00",3033,2642.14373801497,-2249.03691298825,7533.32438901818,-4838.27154575993,10122.5590217899
"2018-07-11 21:00:00",2687,1999.72396901016,-2892.68164558818,6892.1295836085,-5482.56473491681,9482.01267293713
"2018-07-11 22:00:00",1960,1643.18344135198,-3250.44683021109,6536.81371291504,-5840.97821377635,9127.3450964803
"2018-07-11 23:00:00",1294,1325.64608840185,-3569.20853372571,6220.5007105294,-6160.3880493291,8811.68022613279
"2018-07-12 00:00:00",699,818.521553419571,-4077.55711310209,5714.60021994124,-6669.38459866681,8306.42770550596
"2018-07-12 01:00:00",408,175.418059585793,-4721.88434538918,5072.72046456077,-7314.35963895995,7665.19575813154
"2018-07-12 02:00:00",296,-220.034843346883,-5118.56068106365,4678.49099436988,-7711.68362080657,7271.6139341128
"2018-07-12 03:00:00",364,96.6790177702628,-4803.06994720578,4996.42798274631,-7396.84037140818,7590.1984069487
"2018-07-12 04:00:00",940,1297.67404229827,-3603.29774468325,6198.6458292798,-6197.71549175352,8793.06357635007
"2018-07-12 05:00:00",3070,3063.15899745357,-1839.03530650807,7965.35330141521,-4434.10021497555,10560.4182098827
"2018-07-12 06:00:00",5702,4730.65378843995,-172.762727704584,9634.07030458449,-2768.47463621936,12229.7822130993
"2018-07-12 07:00:00",6456,5694.02476191736,789.386338159282,10598.6631856754,-1806.97240917351,13195.0219330082
"2018-07-12 08:00:00",5583,5759.57023160839,853.710204578553,10665.4302586382,-1743.29522046346,13262.4356836802
"2018-07-12 09:00:00",4958,5211.59079756845,304.509471381335,10118.6721237556,-2293.14247038141,12716.3240655183
"2018-07-12 10:00:00",4610,4574.15160534091,-334.150716116004,9482.45392679783,-2932.44901373117,12080.752224413
"2018-07-12 11:00:00",4848,4274.06095799396,-635.462055072021,9183.58397105993,-3234.40654779132,11782.5284637792
"2018-07-12 12:00:00",4891,4440.85283579598,-469.890565444767,9351.59623703672,-3069.48109263978,11951.1867642317
"2018-07-12 13:00:00",5188,4928.91853753383,16.9550513264458,9840.88202374121,-2583.28134983561,12441.1184249033
"2018-07-12 14:00:00",5139,5471.31018744548,558.126919253696,10384.4934556373,-2042.75519548628,12985.3755703772
"2018-07-12 15:00:00",5743,5821.84756880477,907.444821385229,10736.2503162243,-1694.08284666299,13337.7779842725
"2018-07-12 16:00:00",6612,5820.49007254453,904.868148428533,10736.1119966605,-1697.30491277753,13338.2850578666
"2018-07-12 17:00:00",5795,5413.26406141189,496.423262905708,10330.1048599181,-2106.39503142692,12932.9231542507
"2018-07-12 18:00:00",3890,4669.76645890841,-248.292911906459,9587.82582972328,-2851.75627945338,12191.2891972702
"2018-07-12 19:00:00",3237,3780.59823508166,-1138.6794061849,8699.87587634821,-3742.78768715266,11303.984157316
"2018-07-12 20:00:00",2727,2983.10212037718,-1937.39348970827,7903.59773046262,-4542.14652442211,10508.3507651765
"2018-07-12 21:00:00",2497,2420.50145024733,-2501.21182724814,7342.2147277428,-5106.60945615185,9947.61235664651
"2018-07-12 22:00:00",1870,2035.24065529716,-2887.68998842313,6958.17129901745,-5493.73205207889,9564.21336267321
"2018-07-12 23:00:00",1320,1614.79168915636,-3309.35601982693,6538.93939813964,-5916.04235891518,9145.62573722789
"2018-07-13 00:00:00",705,995.636469954816,-3929.72800355275,5921.00094346238,-6537.05845887202,8528.33139878165
"2018-07-13 01:00:00",439,274.707943187263,-4651.87299432868,5201.28888070321,-7259.84740679548,7809.26329317
"2018-07-13 02:00:00",350,-168.87771319808,-5096.67481442907,4758.91938803291,-7705.2930250777,7367.53759868154
"2018-07-13 03:00:00",373,94.3680757954999,-4834.64488907948,5023.38104067048,-7443.90673906191,7632.64289065291
"2018-07-13 04:00:00",888,1210.91120541884,-3719.31732325107,6141.13973408876,-6329.22265383681,8751.0450646745
"2018-07-13 05:00:00",2917,2870.73335415022,-2060.71043868732,7802.17714698775,-4671.25909126324,10412.7257995637
"2018-07-13 06:00:00",5268,4449.79830635989,-482.860451239393,9382.45706395917,-3094.05226730961,11993.6488800294
"2018-07-13 07:00:00",5994,5381.21224073865,447.338817562292,10315.085663915,-2164.49600362342,12926.9204851007
"2018-07-13 08:00:00",5288,5488.38777926045,553.299989470781,10423.4755690501,-2059.17767856856,13035.9532370895
"2018-07-13 09:00:00",4543,5046.76174929249,110.459891632639,9983.06360695235,-2502.66046511529,12596.1839637003
"2018-07-13 10:00:00",4392,4553.4168064698,-384.098820537493,9490.93243347709,-2997.8617079656,12104.6953209052
"2018-07-13 11:00:00",4740,4395.53443560802,-543.194662444061,9334.26353366009,-3157.59992264046,11948.6687938565
"2018-07-13 12:00:00",5123,4652.66104009708,-287.281230916964,9592.60331111112,-2902.32870608615,12207.6507862803
"2018-07-13 13:00:00",5059,5131.40507765092,190.249931538176,10072.5602237637,-2425.43960092451,12688.2497562263
"2018-07-13 14:00:00",5363,5549.14160021512,606.773876647652,10491.5093237826,-2009.55755554533,13107.8407559756
"2018-07-13 15:00:00",5914,5705.33474038042,761.754736783165,10648.9147439777,-1855.21843769285,13265.8879184537
"2018-07-13 16:00:00",6153,5541.43474957789,596.642763157063,10486.2267359987,-2020.97199627053,13103.8414954263
"2018-07-13 17:00:00",5257,5105.38836972873,159.384697472032,10051.3920419854,-2458.87148969134,12669.6482291488
"2018-07-13 18:00:00",4664,4494.41059375257,-452.804467570503,9441.62565507564,-3071.70192536938,12060.5231128745
"2018-07-13 19:00:00",3664,3820.5346835918,-1127.8914702461,8768.96083742969,-3747.43004169557,11388.4994088792
"2018-07-13 20:00:00",3260,3187.91747313223,-1761.71947688663,8137.55442315109,-4381.89900511702,10757.7339513815
"2018-07-13 21:00:00",3064,2659.04173893797,-2291.80571114541,7609.88918902134,-4912.62603940214,10230.7095172781
"2018-07-13 22:00:00",2835,2222.87495654349,-2729.18269770511,7174.93261079209,-5350.64366934856,9796.39358243554
"2018-07-13 23:00:00",1971,1805.2324577817,-3148.03510494971,6758.50002051312,-5770.13656345507,9380.60147901848
"2018-07-14 00:00:00",1233,1335.21721086902,-3619.25996487943,6289.69438661746,-6242.00175383656,8912.4361755746
"2018-07-14 01:00:00",696,823.299788773114,-4132.38670474293,5778.98628228916,-6755.76866785623,8402.36824540246
"2018-07-14 02:00:00",646,381.679813680219,-4575.21570257009,5338.57532993053,-7199.23768365834,7962.59731101878
"2018-07-14 03:00:00",437,161.244113017116,-4796.86013114995,5119.34835718419,-7421.52197414619,7744.01020018042
"2018-07-14 04:00:00",444,254.077080640844,-4705.23559684105,5213.38975812274,-7330.53714579243,7838.69130707411
"2018-07-14 05:00:00",858,641.978714634836,-4318.54210177524,5602.49953104491,-6944.48320084289,8228.44063011256
"2018-07-14 06:00:00",1422,1226.94938298021,-3734.77927818646,6188.67804414687,-6361.35977164535,8815.25853760576
"2018-07-14 07:00:00",1991,1903.52176679892,-3059.41444516752,6866.45797876537,-5686.63417740631,9493.67771100415
"2018-07-14 08:00:00",2714,2601.62304371534,-2362.52042530859,7565.76651273926,-4990.3792408295,10193.6253282602
"2018-07-14 09:00:00",3471,3271.18325062141,-1694.16718193196,8236.53368317479,-4322.66492535063,10865.0314265935
"2018-07-14 10:00:00",3718,3847.3131409934,-1119.24396177538,8813.87024376219,-3748.38047782075,11443.0067598076
"2018-07-14 11:00:00",4213,4253.61099877181,-714.152481112088,9221.3744786557,-3343.92761462622,11851.1496121698
"2018-07-14 12:00:00",4524,4451.31652950842,-517.653034603766,9420.2860936206,-3148.06663054175,12050.6996895586
"2018-07-14 13:00:00",4218,4480.06644625663,-490.108909410243,9450.2418019235,-3121.16081284003,12081.2937053533
"2018-07-14 14:00:00",4242,4433.98765953166,-537.39319522926,9405.36851429257,-3169.08325133154,12037.0585703949
"2018-07-14 15:00:00",4306,4382.76193823227,-589.82412337475,9355.3479998393,-3222.15217744281,11987.6760539074
"2018-07-14 16:00:00",4317,4312.25497251137,-661.536003906273,9286.04594892901,-3294.50190134586,11919.0118463686
"2018-07-14 17:00:00",4354,4148.99592620516,-825.999673199791,9123.99152561011,-3459.60325952898,11757.5951119393
"2018-07-14 18:00:00",4109,3849.67858350378,-1126.5213472771,8825.87851428466,-3760.76246812616,11460.1196351337
"2018-07-14 19:00:00",3446,3464.34932714506,-1513.05464361206,8441.75329790218,-4147.9331447233,11076.6317990134
"2018-07-14 20:00:00",3192,3100.55514070459,-1878.05257884048,8079.16286024967,-4513.56830606813,10714.6785874773
"2018-07-14 21:00:00",3272,2815.31873047177,-2164.49244688414,7795.12990782769,-4800.64524619423,10431.2827071378
"2018-07-14 22:00:00",3074,2544.05588805858,-2436.95845634197,7525.07023245912,-5073.74817381216,10161.8599499293
"2018-07-14 23:00:00",2275,2150.81818380827,-2831.39903708134,7133.03540469789,-5468.82551890081,9770.46188651736
"2018-07-15 00:00:00",1350,1567.3450602897,-3416.07474674384,6550.76486732323,-6054.13783921314,9188.82795979254
"2018-07-15 01:00:00",826,892.128629027082,-4092.49347401536,5876.75073206952,-6731.19302354631,8515.45028160047
"2018-07-15 02:00:00",699,346.358998942683,-4639.46511018354,5332.18310806891,-7278.80096329905,7971.51896118441
"2018-07-15 03:00:00",435,115.397503704433,-4871.62832179009,5102.42332919896,-7511.60032512404,7742.39533253291
"2018-07-15 04:00:00",366,217.097172150041,-4771.1300802067,5205.32442450678,-7411.73808050382,7845.9324248039
"2018-07-15 05:00:00",508,517.784893462378,-4471.64349645961,5507.21328338437,-7112.88734057535,8148.45712750011
"2018-07-15 06:00:00",933,876.676301357043,-4113.95293704212,5867.30553975621,-6755.83247194249,8509.18507465658
"2018-07-15 07:00:00",1195,1274.49511557017,-3717.33468242673,6266.32491356706,-6359.84975518819,8908.83998632852
"2018-07-15 08:00:00",1814,1797.74895181056,-3195.281117113,6790.77902073412,-5838.43157492232,9433.92947854344
"2018-07-15 09:00:00",2911,2495.79728911456,-2498.43276227273,7490.02734050184,-5142.21845242685,10133.813030656
"2018-07-15 10:00:00",3310,3261.05331032708,-1734.37643526888,8256.48305592304,-4378.79720517481,10900.903825829
"2018-07-15 11:00:00",3655,3867.22724330087,-1129.40190845635,8863.85639505808,-3774.45760563097,11508.9120922327
"2018-07-15 12:00:00",4245,4144.78306793581,-853.04520214261,9142.61133801424,-3498.73567421262,11788.3018100843
"2018-07-15 13:00:00",4233,4128.07194536267,-870.955155404056,9127.09904612939,-3517.2802501058,11773.4241408311
"2018-07-15 14:00:00",4129,4023.11174876103,-977.113895267968,9023.33739279003,-3624.07346044729,11670.2969579694
"2018-07-15 15:00:00",4063,4013.76610267897,-987.657797392923,9015.19000275085,-3635.25168100506,11662.783886363
"2018-07-15 16:00:00",4438,4086.16591018153,-916.455958920254,9088.78777928331,-3564.68400902971,11737.0158293928
"2018-07-15 17:00:00",4321,4043.47839871787,-960.34115260694,9047.29795004269,-3609.20321738733,11696.1600148231
"2018-07-15 18:00:00",3836,3703.7662519491,-1301.25069499778,8708.78319889599,-3950.74662273172,11358.2791266299
"2018-07-15 19:00:00",3535,3092.19310192633,-1914.02095424731,8098.40715809998,-4564.15059332629,10748.536797179
"2018-07-15 20:00:00",3015,2435.62927556061,-2571.78160364989,7443.04015477112,-5222.54480257411,10093.8033536953
"2018-07-15 21:00:00",2671,1955.41066997227,-3053.19674629033,6964.01808623488,-5704.59335366861,9615.41469361316
"2018-07-15 22:00:00",2009,1656.7721044138,-3353.03156312107,6666.57577194867,-6005.06142767071,9318.60563649831
"2018-07-15 23:00:00",1244,1331.37207120116,-3679.62756203081,6342.37170443313,-6332.29053257745,8995.03467497976
"2018-07-16 00:00:00",721,793.410896114842,-4218.78441744348,5805.60620967316,-6872.08034292096,8458.90213515065
"2018-07-16 01:00:00",458,138.324027041896,-4875.06668167622,5151.71473576001,-7528.99541112648,7805.64346521027
"2018-07-16 02:00:00",297,-232.245675129337,-5246.83149404461,4782.34014378594,-7901.39287661756,7436.90152635889
"2018-07-16 03:00:00",368,119.814039257384,-4895.96660509612,5135.59468361089,-7551.16049004948,7790.78856856425
"2018-07-16 04:00:00",935,1309.17311286911,-3707.80207236715,6326.14829810536,-6363.62830906635,8981.97453480456
"2018-07-16 05:00:00",3048,2976.47463913994,-2041.69480262678,7994.64408090667,-4698.15324054482,10651.1025188247
"2018-07-16 06:00:00",5593,4482.02567118463,-537.337742963272,9501.38908533253,-3194.42823168059,12158.4795740499
"2018-07-16 07:00:00",5793,5299.03199784734,278.474895264843,10319.5891004298,-2379.24749393953,12977.3114896342
"2018-07-16 08:00:00",5647,5310.25120001411,288.500692741103,10332.0017072871,-2369.85344674526,12990.3558467735
"2018-07-16 09:00:00",4603,4809.73497767083,-213.208650750828,9832.67860609249,-2872.1943904212,12491.6643457629
"2018-07-16 10:00:00",4346,4255.4709878944,-768.665478336076,9279.60745412487,-3428.2826681994,11939.2246439882
"2018-07-16 11:00:00",4504,3990.0397245023,-1035.28929639891,9015.36874540351,-3695.53778657095,11675.6172355755
"2018-07-16 12:00:00",4588,4114.8812403393,-911.640052296096,9141.40253297469,-3572.51969299928,11802.2821736779
"2018-07-16 13:00:00",4558,4535.02422529742,-492.689056336888,9562.73750693173,-3154.19969790022,12224.2481484951
"2018-07-16 14:00:00",4794,5061.44353374131,32.5385456422928,10090.3485218403,-2629.6029472166,12752.4900146992
"2018-07-16 15:00:00",5558,5474.35508845165,444.258676221341,10504.451500682,-2218.51351847483,13167.2236953781
"2018-07-16 16:00:00",6269,5556.51344699679,525.225892768029,10587.8010012256,-2138.17685441332,13251.2037484069
"2018-07-16 17:00:00",5708,5160.40450567026,127.926091375537,10192.882919965,-2536.10705904495,12856.9160703855
"2018-07-16 18:00:00",4203,4311.65895663853,-722.010035989753,9345.32794926681,-3386.67344050924,12009.9913537863
"2018-07-16 19:00:00",3277,3253.14426015534,-1781.71502927396,8288.00354958464,-4447.00853885813,10953.2970591688
"2018-07-16 20:00:00",2900,2334.33171611018,-2701.71758878722,7370.38102100757,-5367.64105450742,10036.3044867278
"2018-07-16 21:00:00",2424,1781.84447347911,-3255.39456575286,6819.08351271109,-5921.94783878599,9485.63678574422
"2018-07-16 22:00:00",1965,1529.38580968444,-3509.04268294774,6567.81430231661,-6176.22561457613,9234.99723394501
"2018-07-16 23:00:00",1096,1278.96981627314,-3760.64784902378,6318.58748157007,-6428.46029063506,8986.39992318135
"2018-07-17 00:00:00",595,781.618569547491,-4259.18798787741,5822.42512697239,-6927.62979096438,8490.86693005936
"2018-07-17 01:00:00",407,116.518880928915,-4925.47628828564,5158.51405014347,-7594.54730444617,7827.585066304
"2018-07-17 02:00:00",274,-286.070564191195,-5329.25406505531,4757.11293667292,-7998.95414599217,7426.81301760978
"2018-07-17 03:00:00",356,63.8424146956913,-4980.52913787586,5108.21396726724,-7650.85813539665,7778.54296478803
"2018-07-17 04:00:00",930,1321.47722323609,-3724.08210129852,6367.03654777071,-6395.03986731551,9037.9943137877
"2018-07-17 05:00:00",3171,3125.38308321999,-1921.36373373083,8172.12990017082,-4592.95012026086,10843.7162867009
"2018-07-17 06:00:00",5870,4784.55775499327,-263.376275024187,9832.49178501073,-2935.59113418853,12504.7066441751
"2018-07-17 07:00:00",6417,5699.66856412619,650.547600194608,10748.7895280578,-2022.29558382963,13421.632712082
"2018-07-17 08:00:00",5455,5706.99917534211,656.6915564521,10757.3067942321,-2016.77980476181,13430.778155446
"2018-07-17 09:00:00",5030,5113.1777428427,61.6837477533691,10164.671737932,-2612.41564308405,12838.7711287694
"2018-07-17 10:00:00",4346,4440.02867228277,-612.65142044313,9492.70876500867,-3287.37869344185,12167.4360380074
"2018-07-17 11:00:00",4540,4100.64764465008,-953.218267345776,9154.51355664593,-3628.57327514741,11829.8685644476
"2018-07-17 12:00:00",4952,4225.87089043525,-829.180562659843,9280.92234353034,-3505.1631580097,11956.9049388802
"2018-07-17 13:00:00",4576,4694.62690541937,-361.609810799899,9750.86362163864,-3038.21984654689,12427.4736573856
"2018-07-17 14:00:00",5011,5264.7835407871,207.361839223254,10322.2052423509,-2469.87548987321,12999.4425714474
"2018-07-17 15:00:00",5573,5682.42038411189,623.813974787874,10741.0267934359,-2054.05050071377,13418.8912689375
"2018-07-17 16:00:00",6358,5740.24430997547,680.453470280704,10800.0351496702,-1998.03800478503,13478.526624736
"2018-07-17 17:00:00",5698,5330.07495065009,269.099957779233,10391.0499435209,-2410.0183701126,13070.1682714128
"2018-07-17 18:00:00",4360,4507.03732316634,-555.12154588046,9569.19619221315,-3234.86657996337,12248.9412262961
"2018-07-17 19:00:00",3337,3504.8227044669,-1558.51976395001,8568.16517288382,-4238.89135769185,11248.5367666257
"2018-07-17 20:00:00",3113,2630.68360694359,-2433.84218423166,7695.20939811885,-5114.840191203,10376.2074050902
"2018-07-17 21:00:00",2754,2069.83957867943,-2995.86925883625,7135.54841619511,-5677.49353271027,9817.17269006913
"2018-07-17 22:00:00",2209,1748.2318680216,-3318.65973961019,6815.1234756534,-6000.91013416259,9497.37387020579
"2018-07-17 23:00:00",1242,1399.16931975469,-3668.90478196231,6467.24342147169,-6351.78115107114,9150.11979058052
"2018-07-18 00:00:00",657,819.827884931237,-4249.42843503323,5889.0842048957,-6932.93063267882,8572.58640254129
"2018-07-18 01:00:00",410,117.962027414307,-4952.47623515282,5188.40028998143,-7636.60411541762,7872.52817024623
"2018-07-18 02:00:00",313,-280.626383108546,-5352.24631282625,4790.99354660916,-8036.99972989474,7475.74696367765
"2018-07-18 03:00:00",377,86.9670307561792,-4985.83429085251,5159.76835236487,-7671.21309901106,7845.14716052342
"2018-07-18 04:00:00",894,1350.49401908722,-3723.48841934513,6424.47645751958,-6409.4924729819,9110.48051115635
"2018-07-18 05:00:00",3189,3142.63903969206,-1932.52424068868,8217.80232007281,-4619.15339429348,10904.4314736776
"2018-07-18 06:00:00",5769,4786.21591978479,-290.127927860882,9862.55976743047,-2977.38203602508,12549.8138755947
"2018-07-18 07:00:00",6200,5701.18145036672,623.657309947971,10778.7055907855,-2064.22160746841,13466.5845082019
"2018-07-18 08:00:00",5696,5732.82130925381,654.117150362461,10811.5254681452,-2034.3864311002,13500.0290496078
"2018-07-18 09:00:00",5129,5179.93020893746,100.046305682845,10259.8141121921,-2589.08179472139,12948.9422125963
"2018-07-18 10:00:00",4560,4544.77101142678,-536.29236227271,9625.83438512626,-3226.04483661487,12315.5868594684
"2018-07-18 11:00:00",4752,4221.21912951502,-861.023440901658,9303.46169993169,-3551.40014427907,11993.8384033091
"2018-07-18 12:00:00",4916,4333.07543040211,-750.34606319456,9416.49692399877,-3441.34685080537,12107.4977116096
"2018-07-18 13:00:00",4714,4769.77260624851,-314.827537181222,9854.37274967824,-3006.45226432431,12545.9974768213
"2018-07-18 14:00:00",5138,5312.41853868506,226.640018579148,10398.197058791,-2465.60850349571,13090.4455808658
"2018-07-18 15:00:00",5677,5728.91834631708,641.961722502036,10815.8749701321,-2050.91045000455,13508.7471426387
"2018-07-18 16:00:00",6606,5815.99214969881,727.857694952077,10904.1266044455,-1965.63798358659,13597.6222829842
"2018-07-18 17:00:00",6084,5444.55544021793,355.243427127561,10533.8674533083,-2338.87561314378,13227.9864935796
"2018-07-18 18:00:00",4941,4634.52329928374,-455.965999751376,9725.01259831885,-3150.70825755613,12419.7548561236
"2018-07-18 19:00:00",3461,3594.84815106193,-1496.818161708,8686.51446383185,-4192.18349294693,11381.8797950708
"2018-07-18 20:00:00",3177,2640.67650711563,-2452.1665473679,7733.51956159916,-5148.15480804169,10429.507822273
"2018-07-18 21:00:00",2949,1998.25673811959,-3095.76278624486,7092.27626248404,-5792.37383245397,9788.88730869316
"2018-07-18 22:00:00",2200,1641.71621045118,-3453.47951214979,6736.91193305216,-6150.71320009437,9434.14562099674
"2018-07-18 23:00:00",1271,1324.17885750137,-3772.19279187983,6420.55050688256,-6470.04897785958,9118.40669286232
"2018-07-19 00:00:00",697,817.054322518839,-4280.49298237412,5914.6016274118,-6978.97152278821,8613.08016782588
"2018-07-19 01:00:00",423,173.950828685701,-4924.77186063822,5272.67351800962,-7623.87261198513,7971.77426935653
"2018-07-19 02:00:00",303,-221.502074246919,-5321.39987710842,4878.39572861459,-8021.12269598587,7578.11854749203
"2018-07-19 03:00:00",369,95.2117868719433,-5005.86085882099,5196.28443256487,-7706.20560192578,7896.62917566966
"2018-07-19 04:00:00",896,1296.2068113958,-3806.0404066094,6398.454029401,-6507.00693073734,9099.42055352894
"2018-07-19 05:00:00",3110,3061.69176655964,-2041.72975342544,8165.11328654472,-4743.31791547122,10866.7014485905
"2018-07-19 06:00:00",5752,4729.1865575417,-375.408994277459,9833.78210936085,-3077.61865123452,12535.9917663179
"2018-07-19 07:00:00",6246,5692.55753101586,586.788217322084,10798.3268447096,-2116.04279163836,13501.1578536701
"2018-07-19 08:00:00",5702,5758.10300071195,651.160194916875,10865.045806507,-2052.29202323758,13568.4980246615
"2018-07-19 09:00:00",4855,5210.12356666953,102.007538360547,10318.2395949785,-2602.06574627697,13022.312879616
"2018-07-19 10:00:00",4492,4572.68437444245,-536.604606978762,9681.97335586366,-3241.29881548671,12386.6675643716
"2018-07-19 11:00:00",4677,4272.59372709621,-837.867938221054,9383.05539241347,-3543.182928085,12088.3703822774
"2018-07-19 12:00:00",4861,4439.38560489582,-672.248475286597,9551.01968507824,-3378.18410409018,12256.9553138818
"2018-07-19 13:00:00",4734,4927.45130663305,-185.354919568708,10040.2575328348,-2891.91104499356,12746.8136582597
"2018-07-19 14:00:00",5135,5469.84295654436,355.864852984228,10583.8210601045,-2351.31162684136,13290.9975399301
"2018-07-19 15:00:00",5704,5820.3803379069,705.230625464695,10935.5300503491,-2002.56606663887,13643.3267424527
"2018-07-19 16:00:00",6459,5819.02284164455,702.701788612146,10935.343894677,-2005.71497374425,13643.7606570334
"2018-07-19 17:00:00",5872,5411.79683051073,294.304704995758,10529.2889560257,-2414.73198568586,13238.3256467073
"2018-07-19 18:00:00",4497,4668.2992280102,-450.363702063705,9786.96215808411,-3160.02017924035,12496.6186352608
"2018-07-19 19:00:00",3419,3779.13100418109,-1340.70246271193,8898.96447107412,-4050.9785846507,11609.2405930129
"2018-07-19 20:00:00",2991,2981.63488948189,-2139.36884667403,8102.63862563782,-4850.26447173922,10813.534250703
"2018-07-19 21:00:00",2613,2419.03421934423,-2703.13951870176,7541.20795739022,-5414.65450535473,10252.7229440432
"2018-07-19 22:00:00",2282,2033.77342439882,-3089.57004834757,7157.11689714522,-5801.70425514667,9869.25110394432
"2018-07-19 23:00:00",1454,1613.32445825984,-3511.18848218027,6737.83739869995,-6223.94176778069,9450.59068430038
"2018-07-20 00:00:00",693,994.169239055234,-4131.51290225467,6119.85138036513,-6844.88512540835,8833.22360351882
"2018-07-20 01:00:00",460,273.24071228557,-4853.61036325274,5400.09178782388,-7567.60138280828,8114.08280737941
"2018-07-20 02:00:00",360,-170.344944095313,-5298.364687403,4957.67479921237,-8012.97436230549,7672.28447411486
"2018-07-20 03:00:00",376,92.9008448974146,-5036.28729990274,5222.08898969757,-7751.51548919371,7937.31717898854
"2018-07-20 04:00:00",873,1209.44397452251,-3920.91230567514,6339.80025472017,-6636.75886849242,9055.64681753745
"2018-07-20 05:00:00",2822,2869.26612324934,-2262.25802643257,8000.79027293124,-4978.72282201019,10717.2550685089
"2018-07-20 06:00:00",5266,4448.33107546233,-684.360677972092,9581.02282889675,-3401.44356564016,12298.1057165648
"2018-07-20 07:00:00",5821,5379.74500984019,245.885918203687,10513.6041014767,-2471.81492098093,13231.3049406613
"2018-07-20 08:00:00",5339,5486.92054836136,351.894383892102,10621.9467128306,-2366.42426633102,13340.2653630537
"2018-07-20 09:00:00",4816,5045.29451839183,-90.8984537217493,10181.4874905054,-2809.83477460111,12900.4238113848
"2018-07-20 10:00:00",4592,4551.94957557354,-585.409939176624,9689.3090903237,-3304.96379042559,12408.8629415727
"2018-07-20 11:00:00",4823,4394.06720470905,-744.458587850438,9532.59299726853,-3464.62982927793,12252.764238696
"2018-07-20 12:00:00",5253,4651.1938091983,-488.497996523536,9790.88561492013,-3209.28648803391,12511.6741064305
"2018-07-20 13:00:00",5169,5129.93784674863,-10.9197076686542,10270.7954011659,-2732.32530926159,12992.2010027588
"2018-07-20 14:00:00",5413,5547.67436931543,405.651330489731,10689.6974081411,-2316.37124128067,13411.7199799115
"2018-07-20 15:00:00",5602,5703.86750948198,560.679250355222,10847.0557686087,-2161.96015178264,13569.6951707466
"2018-07-20 16:00:00",6086,5539.96751867886,395.61430317893,10684.3207341788,-2327.64178961142,13407.5768269691
"2018-07-20 17:00:00",4987,5103.92113882961,-41.5967692948534,10249.4390469541,-2765.46941311759,12973.3116907768
"2018-07-20 18:00:00",4465,4492.94336285505,-653.738974324364,9639.62570003447,-3378.22802965418,12364.1147553643
"2018-07-20 19:00:00",3574,3819.06745268952,-1328.77905015413,8966.91395553318,-4053.88437756041,11692.0192829395
"2018-07-20 20:00:00",3124,3186.45024223191,-1962.56016306392,8335.46064752775,-4688.2816232106,11061.1821076744
"2018-07-20 21:00:00",3121,2657.57450804113,-2492.59953667326,7807.74855275553,-5218.93699031877,10534.086006401
"2018-07-20 22:00:00",3032,2221.40772564805,-2929.92969562954,7372.74514692565,-5656.88300362666,10099.6984549228
"2018-07-20 23:00:00",2030,1803.76522688222,-3348.73530828127,6956.2657620457,-6076.30433157701,9683.83478534145
"2018-07-21 00:00:00",1235,1333.74997996724,-3819.91340658267,6487.41336651714,-6548.09800621823,9215.5979661527
"2018-07-21 01:00:00",781,821.832557874245,-4332.99341774027,5976.65853348876,-7061.79345485085,8705.45857059934
"2018-07-21 02:00:00",648,380.212582781868,-4775.77571975288,5536.20088531662,-7505.19105556765,8265.61622113139
"2018-07-21 03:00:00",418,159.776882117013,-4997.37348537086,5316.92724960488,-7727.40398121279,8046.95774544682
"2018-07-21 04:00:00",478,252.609849738222,-4905.70232091269,5410.92202038914,-7636.3478381985,8141.56753767494
"2018-07-21 05:00:00",903,640.511483738601,-4518.96222846213,5799.98519593933,-7250.22262870213,8531.24559617934
"2018-07-21 06:00:00",1500,1225.48215208149,-3935.15284023249,6386.11714439547,-6667.02798503053,9117.9922891935
"2018-07-21 07:00:00",2236,1902.05453590066,-3259.74147526644,7063.85054706776,-5992.23122631975,9796.34029812107
"2018-07-21 08:00:00",3031,2600.15581281461,-2562.80095612174,7763.11258175096,-5295.90517522087,10496.2168008501
"2018-07-21 09:00:00",3883,3269.71601972237,-1894.40124607541,8433.83328552014,-4628.11979510412,11167.5518345489
"2018-07-21 10:00:00",4045,3845.84591009678,-1319.43159183047,9011.12341202402,-4053.76433276558,11745.4561529591
"2018-07-21 11:00:00",4418,4252.14376787126,-914.293709629155,9418.58124537168,-3649.2405045405,12153.528040283
"2018-07-21 12:00:00",4505,4449.84929860928,-717.747894083464,9617.44649130203,-3453.30860513375,12353.0072023523
"2018-07-21 13:00:00",4644,4478.59921535762,-690.157432321881,9647.35586303712,-3426.3319217666,12383.5303524818
"2018-07-21 14:00:00",4796,4432.52042863026,-737.395414005484,9602.43627126601,-3474.1835441928,12339.2244014533
"2018-07-21 15:00:00",4674,4381.29470733345,-789.78007040291,9552.36948506981,-3527.18170377356,12289.7711184405
"2018-07-21 16:00:00",4788,4310.78774161305,-861.445711542965,9483.02119476907,-3599.46071063015,12221.0361938563
"2018-07-21 17:00:00",4562,4147.52869531082,-1025.86317375838,9320.92056438002,-3764.49140118767,12059.5487918093
"2018-07-21 18:00:00",4253,3848.21135260566,-1326.33867304453,9022.76137825585,-4065.57999153376,11762.0026967451
"2018-07-21 19:00:00",3815,3462.88209624563,-1712.82582682745,8638.59001931871,-4452.68009918661,11378.4442916779
"2018-07-21 20:00:00",3434,3099.08790980184,-2077.77765170993,8275.95347131361,-4818.24474084105,11016.4205604447
"2018-07-21 21:00:00",3435,2813.8514995749,-2364.17144156505,7991.87444071484,-5105.25121046215,10732.9542096119
"2018-07-21 22:00:00",3131,2542.58865715746,-2636.59140497367,7721.7687192886,-5378.28371672258,10463.4610310375
"2018-07-21 23:00:00",2292,2149.35095290912,-3030.98597174952,7329.68787756776,-5773.29068952783,10071.9925953461
"2018-07-22 00:00:00",1408,1565.87782939344,-3615.61569950215,6747.37135828902,-6358.5326865791,9490.28834536597
"2018-07-22 01:00:00",969,890.661398128649,-4291.98847688625,6073.31127314354,-7035.51759662261,8816.84039287991
"2018-07-22 02:00:00",749,344.891768041076,-4838.91419514823,5528.69773123038,-7583.05531099622,8272.83884707838
"2018-07-22 03:00:00",344,113.930272804268,-5071.03152078709,5298.89206639562,-7815.78449629027,8043.64504189881
"2018-07-22 04:00:00",355,215.629941251741,-4970.48742514165,5401.74730764513,-7715.85212393482,8147.1120064383
"2018-07-22 05:00:00",525,516.31766256238,-4670.9550192052,5703.59034432996,-7416.93130501428,8449.56663013904
"2018-07-22 06:00:00",902,875.209070453827,-4313.21866943205,6063.63681033971,-7059.806406074,8810.22454698165
"2018-07-22 07:00:00",1297,1273.02788467196,-3916.55465624811,6462.61042559202,-6663.75370763081,9209.80947697473
"2018-07-22 08:00:00",2009,1796.28172091326,-3394.45536412846,6987.01880595498,-6142.26559425065,9734.82903607717
"2018-07-22 09:00:00",2927,2494.33005821563,-2697.56131420661,7686.22143063787,-5445.98258715773,10434.642703589
"2018-07-22 10:00:00",3711,3259.58607942565,-1933.45932380718,8452.63148265847,-4682.49150376731,11201.6636626186
"2018-07-22 11:00:00",4021,3865.76001240327,-1328.43916524122,9059.95919004775,-4078.08211648098,11809.6021412875
"2018-07-22 12:00:00",4250,4143.31583703857,-1052.03685878947,9338.66853286662,-3802.29044566989,12088.922119747
"2018-07-22 13:00:00",4491,4126.60471446442,-1069.90124348972,9323.11067241855,-3820.76533046215,12073.974759391
"2018-07-22 14:00:00",4463,4021.6445178611,-1176.0144463321,9219.30348205429,-3927.48889793815,11970.7779336603
"2018-07-22 15:00:00",4657,4012.29887177942,-1186.51284293606,9211.11058649491,-3938.59752380744,11963.1952673663
"2018-07-22 16:00:00",4875,4084.6986792832,-1115.26553040786,9284.66288897427,-3867.96030526632,12037.3576638327
"2018-07-22 17:00:00",4657,4042.01116781912,-1159.1052814707,9243.12761710893,-3912.4100151279,11996.4323507661
"2018-07-22 18:00:00",4098,3702.29902104768,-1499.96941263375,8904.5674547291,-4253.88396999119,11658.4820120865
"2018-07-22 19:00:00",3661,3090.72587103021,-2112.69429200518,8294.1460340656,-4867.2185380541,11048.6702801145
"2018-07-22 20:00:00",3135,2434.16204465775,-2770.40959286328,7638.73368217878,-5525.54339268453,10393.867482
"2018-07-22 21:00:00",2803,1953.94343907046,-3251.77941823701,7159.66629637792,-6007.52263700097,9915.40951514189
"2018-07-22 22:00:00",2224,1655.30487351397,-3551.56894904966,6862.17869607761,-6307.92145201616,9618.53119904411
"2018-07-22 23:00:00",1397,1329.90484030175,-3878.11969315655,6537.92937376005,-6635.08134567474,9294.89102627824
"2018-07-23 00:00:00",714,791.94366521528,-4417.23132494474,6001.1186553753,-7174.80199245299,8758.68932288355
"2018-07-23 01:00:00",402,136.85679614037,-5073.4683966968,5347.18198897754,-7831.64794472264,8105.36153700338
"2018-07-23 02:00:00",354,-233.71290602893,-5445.18804768688,4977.76223562902,-8203.97634184686,7736.550529789
"2018-07-23 03:00:00",355,118.34680835805,-5094.27802843232,5330.97164514842,-7853.67493443194,8090.36855114804
"2018-07-23 04:00:00",957,1307.70588197098,-3906.06839643127,6521.48016037323,-6666.07378006485,9281.48554400681
"2018-07-23 05:00:00",3008,2975.00740823781,-2239.91605842342,8189.93087489904,-5000.52978557404,10950.5446020497
"2018-07-23 06:00:00",5617,4480.5584402886,-735.513961446163,9696.63084202337,-3496.73589808555,12457.8527786628
"2018-07-23 07:00:00",6306,5297.56476694875,80.3436831586305,10514.7858507389,-2681.48632902979,13276.6158629273
"2018-07-23 08:00:00",5522,5308.78396911387,90.4144561194889,10527.1534821083,-2672.02349776668,13289.5914359944
"2018-07-23 09:00:00",4735,4808.26774677049,-411.249942743964,10027.7854362849,-3174.29570456495,12790.8311981059
"2018-07-23 10:00:00",4209,4254.00375699508,-966.661856521973,9474.66937051213,-3730.3152926031,12238.3228065933
"2018-07-23 11:00:00",4485,3988.57249360293,-1233.24079156578,9210.38577877164,-3997.50176832053,11974.6467555264
"2018-07-23 12:00:00",4800,4113.41400944038,-1109.5466951954,9336.37471407616,-3874.41507912532,12101.2430980061
"2018-07-23 13:00:00",4475,4533.55699439737,-690.550877687065,9757.66486648181,-3456.02653538166,12523.1405241764
"2018-07-23 14:00:00",4677,5059.97630284356,-165.278484837097,10285.2310905242,-2931.36128297374,13051.3138886609
"2018-07-23 15:00:00",5413,5472.88785755325,246.486405962997,10699.2893091435,-2520.20339938085,13465.9791144874
"2018-07-23 16:00:00",6317,5555.04621609645,327.498352117606,10782.5940800753,-2439.79832728626,13549.8907594792
"2018-07-23 17:00:00",5701,5158.93727476907,-69.7567502428037,10387.6312997809,-2837.6601706471,13155.5347201852
"2018-07-23 18:00:00",4293,4310.19172573997,-919.648209114625,9540.03166059457,-3688.15823754723,12308.5416890272
"2018-07-23 19:00:00",3143,3251.67702925712,-1979.30856441498,8482.66262292922,-4748.42506799117,11251.7791265054
"2018-07-23 20:00:00",2833,2332.86448521007,-2899.2665164192,7564.99548683934,-5668.98936234154,10334.7183327617
"2018-07-23 21:00:00",2492,1780.37724258092,-3452.89891630991,7013.65340147175,-6223.22797186816,9783.98245703
"2018-07-23 22:00:00",1690,1527.91857878185,-3706.50248683947,6762.33964440317,-6477.43761941049,9533.27477697419
"2018-07-23 23:00:00",1182,1277.50258537439,-3958.06313661071,6513.06830735949,-6729.60421365836,9284.60938440714
"2018-07-24 00:00:00",638,780.15133864847,-4456.55878949787,6016.86146679481,-7228.70567857293,8789.00835586987
"2018-07-24 01:00:00",391,115.0516500325,-5122.80263423654,5352.90593430154,-7895.55520297661,8125.65850304161
"2018-07-24 02:00:00",297,-287.537795090747,-5526.53598560776,4951.46039542627,-8299.89410173716,7724.81851155566
"2018-07-24 03:00:00",390,62.3751837966424,-5177.76666325727,5302.51703085056,-7951.73019458693,8076.48056218021
"2018-07-24 04:00:00",891,1320.00999233442,-3921.27526170878,6561.29524637763,-6695.84407613617,9335.86406080502
"2018-07-24 05:00:00",3184,3123.91585232252,-2118.51255932563,8366.34426397068,-4893.68652483466,11141.5182294797
"2018-07-24 06:00:00",5782,4783.09052409356,-460.480795938318,10026.6618441254,-3236.25978059924,12802.4408287864
"2018-07-24 07:00:00",6409,5698.20133322669,453.487353869382,10942.915312584,-2322.89651809993,13719.2991845533
"2018-07-24 08:00:00",5658,5705.53194444177,459.675554654583,10951.3883342289,-2317.31307286578,13728.3769617493
"2018-07-24 09:00:00",4984,5111.71051194428,-135.288039539807,10358.7090634284,-2912.88129093994,13136.3023148285
"2018-07-24 10:00:00",4386,4438.56144138216,-809.579023228252,9686.70190599257,-3587.77676692283,12464.8996496871
"2018-07-24 11:00:00",4634,4099.18041375183,-1150.10171557655,9348.4625430802,-3928.90382006614,12127.2646475698
"2018-07-24 12:00:00",4805,4224.40365953556,-1026.01988626447,9474.82720533558,-3805.4262201354,12254.2335392065
"2018-07-24 13:00:00",4664,4693.15967452222,-558.405039665009,9944.72438870945,-3338.41547158932,12724.7348206338
"2018-07-24 14:00:00",4944,5263.31630988628,10.6106752346031,10516.021944538,-2770.0037235007,13296.6363432733
"2018-07-24 15:00:00",5699,5680.95315321393,427.106845859043,10934.7994605688,-2354.11138853038,13716.0176949582
"2018-07-24 16:00:00",6558,5738.77707907485,483.790346616659,10993.763811533,-2298.03159235541,13775.5857505051
"2018-07-24 17:00:00",5636,5328.60771975108,72.4808096283186,10584.7346298738,-2709.94470294024,13367.1601424424
"2018-07-24 18:00:00",4430,4505.5700922662,-751.696748243394,9762.8369327758,-3534.72570350752,12545.8658880399
"2018-07-24 19:00:00",3371,3503.35547356445,-1755.05105021505,8761.76199734395,-4538.68331735895,11545.3942644878
"2018-07-24 20:00:00",3266,2629.21637604686,-2630.32958404626,7888.76233613999,-5414.56503233916,10672.9977844329
"2018-07-24 21:00:00",2727,2068.37234778049,-3192.31280183044,7329.05749739142,-5977.15130062654,10113.8959961875
"2018-07-24 22:00:00",2178,1746.76463712019,-3515.05945537303,7008.58872961341,-6300.50087411135,9794.03014835173
"2018-07-24 23:00:00",1269,1397.70208885736,-3865.26070004274,6660.66487775746,-6651.30490824711,9446.70908596183
"2018-07-25 00:00:00",664,818.360654033772,-4445.74058495776,6082.46189302531,-7232.38745223664,8869.10876030419
"2018-07-25 01:00:00",388,116.494796517144,-5148.74464641015,5381.73423944443,-7935.9940424566,8168.98363549089
"2018-07-25 02:00:00",290,-282.093614007647,-5548.47101487462,4984.28378685932,-8336.32280946619,7772.13558145089
"2018-07-25 03:00:00",372,85.4997998594449,-5182.01531311056,5353.01491282945,-7970.46937610919,8141.46897582808
"2018-07-25 04:00:00",955,1349.02678818626,-3919.6257912094,6617.67936758191,-6708.68199256133,9406.73556893384
"2018-07-25 05:00:00",3121,3141.17180879628,-2128.61799150672,8410.96160909929,-4918.27620124241,11200.619818835
"2018-07-25 06:00:00",5926,4784.74868888453,-486.178086966434,10055.6754647355,-3276.43817520048,12845.9355529695
"2018-07-25 07:00:00",6595,5699.71421946854,427.650713270256,10971.7777256668,-2363.21112366076,13762.6395625978
"2018-07-25 08:00:00",5651,5731.35407835408,458.154086850551,11004.5540698576,-2333.30936906,13796.0175257682
"2018-07-25 09:00:00",4974,5178.46297803469,-95.8732538904105,10452.7992099598,-2887.93819914691,13244.8641552163
"2018-07-25 10:00:00",4545,4543.30378052847,-732.168447092768,9818.7760081497,-3524.8347521454,12611.4423132023
"2018-07-25 11:00:00",4879,4219.75189861724,-1056.85608013274,9496.35987736723,-3850.12361551535,12289.6274127498
"2018-07-25 12:00:00",4799,4331.60819950377,-946.13528596548,9609.35168497302,-3740.00392229549,12403.220321303
"2018-07-25 13:00:00",4860,4768.30537535038,-510.573372586359,10047.1841232871,-3305.0429805647,12841.6537312655
"2018-07-25 14:00:00",5032,5310.95130778711,30.9375414770993,10590.9650740971,-2764.1329089339,13386.0355245081
"2018-07-25 15:00:00",5826,5727.45111541776,446.302574671313,11008.5996561642,-2349.36858903998,13804.2708198755
"2018-07-25 16:00:00",6668,5814.52491879956,532.241847396309,11096.8079902028,-2264.02990056614,13893.0797381653
"2018-07-25 17:00:00",6108,5443.08820931787,159.670850880389,10726.5055677554,-2637.20135236721,13523.3777710029
"2018-07-25 18:00:00",4459,4633.05606838499,-651.495333621004,9917.60747039099,-3448.96786327079,12715.0800000408
"2018-07-25 19:00:00",3473,3593.38092016319,-1692.30428210233,8879.0661224287,-4490.3770093543,11677.1388496807
"2018-07-25 20:00:00",3053,2639.20927621655,-2647.60948315601,7926.02803558912,-5446.28227929303,10724.7008317261
"2018-07-25 21:00:00",3072,1996.78950721744,-3291.16256626609,7284.74158070097,-6090.4353026538,10084.0143170887
"2018-07-25 22:00:00",2422,1640.24897955579,-3648.83616519881,6929.3341243104,-6448.70871328553,9729.20667239712
"2018-07-25 23:00:00",1922,1322.71162660153,-3967.5063467403,6612.92959994336,-6767.97857805696,9413.40183126002
"2018-07-26 00:00:00",750,815.587091620508,-4475.76346778056,6106.93765102158,-7276.83525394061,8908.00943718162
"2018-07-26 01:00:00",411,172.483597788174,-5119.99930529985,5464.9665008762,-7921.67051799915,8266.6377135755
"2018-07-26 02:00:00",306,-222.96930514308,-5516.58430970132,5070.64569941516,-8318.85482071807,7872.91621043191
"2018-07-26 03:00:00",409,93.7445559747171,-5201.00230799236,5388.4914199418,-8003.87198918701,8191.36110113644
"2018-07-26 04:00:00",911,1294.73958049717,-4001.13890097258,6590.61806196691,-6804.60762428773,9394.08678528206
"2018-07-26 05:00:00",3147,3060.22453565792,-2236.78532156336,8357.23439287919,-5040.8529590237,11161.3020303395
"2018-07-26 06:00:00",5813,4727.71932664239,-570.421664734157,10025.8603180189,-3375.08808844634,12830.5267417311
"2018-07-26 07:00:00",6299,5691.09030011619,391.818416025933,10990.3621842065,-2413.44666612666,13795.627266359
"2018-07-26 08:00:00",5866,5756.63576981067,456.233234293709,11057.0383053276,-2349.63037856967,13862.901918191
"2018-07-26 09:00:00",4925,5208.6563357727,-92.8766100383236,10510.1892815837,-2899.33862596457,13316.65129751
"2018-07-26 10:00:00",4390,4571.21714354316,-731.445971583499,9873.88025866981,-3538.50626300635,12680.9405500927
"2018-07-26 11:00:00",4654,4271.12649619393,-1032.66654742399,9574.91953981185,-3840.32498685872,12382.5779792466
"2018-07-26 12:00:00",4806,4437.91837399674,-867.004357441951,9742.84110543542,-3675.26081748529,12551.0975654788
"2018-07-26 13:00:00",5029,4925.98407573657,-380.068103006117,10232.0362544792,-3188.92245633618,13040.8906078093
"2018-07-26 14:00:00",5264,5468.37572564725,161.194339963786,10775.5571113307,-2648.25777941241,13585.0092307069
"2018-07-26 15:00:00",5752,5818.91310700653,510.602754592111,11127.223459421,-2299.44700367081,13937.2732176839
"2018-07-26 16:00:00",6566,5817.5556107443,508.116531655517,11126.9946898331,-2302.53073841585,13937.6419599045
"2018-07-26 17:00:00",5905,5410.32959961177,99.7620337521394,10720.8971654714,-2711.48262113041,13532.1418203539
"2018-07-26 18:00:00",4555,4666.83199711132,-644.863815768535,9978.52780999117,-3456.70572854596,12790.3697227686
"2018-07-26 19:00:00",3707,3777.66377327996,-1535.16004702224,9090.48759358215,-4347.59909085909,11902.926637419
"2018-07-26 20:00:00",3154,2980.16765858199,-2333.78392969726,8294.11924686123,-5146.81997783885,11107.1552950028
"2018-07-26 21:00:00",3206,2417.56698844673,-2897.51212851668,7732.64610541014,-5711.14505428901,10546.2790311825
"2018-07-26 22:00:00",2959,2032.30619349939,-3283.90021300757,7348.51260000635,-6098.12988981725,10162.742276816
"2018-07-26 23:00:00",1412,1611.85722736005,-3705.47622970193,6929.19068442203,-6520.30253103606,9744.01698575616
"2018-07-27 00:00:00",774,992.702008156753,-4325.75826062366,6311.16227693716,-7141.18106004979,9126.5850763633
"2018-07-27 01:00:00",456,271.773481387447,-5047.81336042657,5591.36032320147,-7863.8325315926,8407.37949436749
"2018-07-27 02:00:00",344,-171.812174994473,-5492.5253513089,5148.90100131995,-8309.14076794297,7965.51641795402
"2018-07-27 03:00:00",390,91.4336139956827,-5230.40565843739,5413.27288642876,-8047.61719434783,8230.48442233919
"2018-07-27 04:00:00",836,1207.97674362144,-4114.98838669982,6530.94187394271,-6932.79591577503,9348.74940301791
"2018-07-27 05:00:00",2945,2867.79889235082,-2456.29185777931,8191.88964248094,-5274.69525398771,11010.2930386893
"2018-07-27 06:00:00",5353,4446.86384455833,-878.352287452296,9772.07997656896,-3697.35142484222,12591.0791139589
"2018-07-27 07:00:00",5950,5378.27777894168,51.9365028280918,10704.6190550553,-2767.65824987153,13524.2138077549
"2018-07-27 08:00:00",5232,5485.45331746318,157.987134873529,10812.9195000528,-2662.20310734372,13633.1097422701
"2018-07-27 09:00:00",4674,5043.82728749532,-284.763564094007,10372.4181390846,-3105.54917011646,13193.2037451071
"2018-07-27 10:00:00",4571,4550.48234467303,-779.232938589912,9880.19762793596,-3600.61378278475,12701.5784721308
"2018-07-27 11:00:00",4813,4392.59997381083,-938.239503949841,9723.43945157149,-3760.21546076373,12545.4154083854
"2018-07-27 12:00:00",5121,4649.72657830007,-682.23685693246,9981.6900135326,-3504.8078008915,12804.2609574916
"2018-07-27 13:00:00",5228,5128.47061585212,-204.616539976269,10461.5577716805,-3027.78234568587,13284.7235773901
"2018-07-27 14:00:00",5400,5546.2071384166,211.996498718652,10880.4177781146,-2611.76404342617,13704.1783202594
"2018-07-27 15:00:00",5795,5702.40027858235,367.066391591596,11037.7341655731,-2457.28876175229,13862.089318917
"2018-07-27 16:00:00",6254,5538.50028777932,202.043389923123,10874.9571856355,-2622.90624946273,13699.9068250214
"2018-07-27 17:00:00",5160,5102.45390793042,-235.125764513078,10440.0335803739,-3060.66976486281,13265.5775807237
"2018-07-27 18:00:00",4303,4491.47613195382,-847.226078947921,9830.17834285556,-3673.36431526236,12656.31657917
"2018-07-27 19:00:00",3506,3817.6002217948,-1522.22429158504,9157.42473517463,-4348.95663894384,11984.1570825334
"2018-07-27 20:00:00",3184,3184.98301133426,-2155.96356869229,8525.92959136081,-4983.28990225386,11353.2559249224
"2018-07-27 21:00:00",3191,2656.1072771415,-2685.96113384898,7998.17568813198,-5513.88132885039,10826.0958831334
"2018-07-27 22:00:00",3112,2219.94049474717,-3123.24951167291,7563.13050116725,-5951.76344342982,10391.6444329242
"2018-07-27 23:00:00",2048,1802.29799598118,-3542.01337048246,7146.60936244483,-6371.12091438902,9975.71690635139
"2018-07-28 00:00:00",1225,1332.28274906836,-4013.14974220094,6677.71524033767,-6842.85077372974,9507.41627186646
"2018-07-28 01:00:00",871,820.365326975837,-4526.18805400921,6166.91870796089,-7356.48244871116,8997.21310266283
"2018-07-28 02:00:00",581,378.745351882278,-4968.92868387642,5726.41938764098,-7799.81631738068,8557.30702114524
"2018-07-28 03:00:00",384,158.30965121742,-5190.48480452051,5507.10410695535,-8021.96555253443,8338.58485496927
"2018-07-28 04:00:00",451,251.142618840134,-5098.77202223012,5601.05725991039,-7930.84576053913,8433.1309982194
"2018-07-28 05:00:00",902,639.044252833744,-4711.9903390693,5990.07884473679,-7544.65694353684,8822.74544920433
"2018-07-28 06:00:00",1530,1224.01492118053,-4128.13938720297,6576.16922956402,-6961.39873377042,9409.42857613147
"2018-07-28 07:00:00",1974,1900.58730500164,-3452.68648565704,7253.86109566031,-6286.53845034361,10087.7130603469
"2018-07-28 08:00:00",2713,2598.6885819159,-2755.70445695958,7953.08162079137,-5590.14891586224,10787.526079694
"2018-07-28 09:00:00",3457,3268.24878882476,-2087.26326435589,8623.76084200541,-4922.30009364932,11458.7976712988
"2018-07-28 10:00:00",3639,3844.3786791986,-1512.25215452219,9201.0095129194,-4347.88123045864,12036.6385888559
"2018-07-28 11:00:00",4009,4250.67653697223,-1107.07284367011,9608.42591761457,-3943.29404257938,12444.6471165238
"2018-07-28 12:00:00",4158,4448.38206770936,-910.485626382225,9807.24976180095,-3747.29882467154,12644.0629600903
"2018-07-28 13:00:00",4229,4477.13198445804,-882.853789756619,9837.11775867271,-3720.25886391057,12674.5228328267
"2018-07-28 14:00:00",4175,4431.0531977328,-930.050423424756,9792.15681889035,-3768.0472500052,12630.1536454708
"2018-07-28 15:00:00",3948,4379.82747643468,-982.393758631412,9742.04871150077,-3820.98221427742,12580.6371671468
"2018-07-28 16:00:00",3974,4309.3205107159,-1054.01810537005,9672.65912680186,-3893.1980667978,12511.8390882296
"2018-07-28 17:00:00",4007,4146.06146440934,-1218.39429995332,9510.51722877201,-4058.16564395604,12350.2885727747
"2018-07-28 18:00:00",3657,3846.74412170853,-1518.82855833308,9212.31680175014,-4359.19116178094,12052.679405198
"2018-07-28 19:00:00",3247,3461.41486534606,-1905.27449792195,8828.10422861407,-4746.22823776201,11669.0579684541
"2018-07-28 20:00:00",2937,3097.6206789015,-2270.18513528544,8465.42649308844,-5111.72988854155,11306.9712463445
"2018-07-28 21:00:00",3001,2812.3842686777,-2556.53776426561,8181.30630162101,-5398.67340803834,11023.4419453937
"2018-07-28 22:00:00",3005,2541.12142625865,-2828.91659342326,7911.15944594056,-5671.64300488983,10753.8858574071
"2018-07-28 23:00:00",1968,2147.88372200987,-3223.27005253748,7519.03749655723,-6066.58710895164,10362.3545529714
"2018-07-29 00:00:00",1487,1564.41059849282,-3807.85869919129,6936.67989617694,-6651.76627788329,9780.58747486893
"2018-07-29 01:00:00",924,889.194167226742,-4484.19042200977,6262.57875646325,-7328.68840038625,9107.07673483973
"2018-07-29 02:00:00",869,343.424537142555,-5031.07511220617,5717.92418649127,-7876.16336775009,8563.0124420352
"2018-07-29 03:00:00",546,112.46304190491,-5263.15143625985,5488.07752006967,-8108.82984653043,8333.75593034025
"2018-07-29 04:00:00",378,214.162710346713,-5162.5663654818,5590.89178617522,-8008.8348081144,8437.16022880782
"2018-07-29 05:00:00",657,514.850431663071,-4862.99301082061,5892.69387414675,-7709.85136352668,8739.55222685283
"2018-07-29 06:00:00",1210,873.741839559495,-4505.21573871437,6252.69941783336,-7352.66387928136,9100.14755840035
"2018-07-29 07:00:00",1286,1271.5606537705,-4108.51082957197,6651.63213711298,-6956.54863586327,9499.66994340427
"2018-07-29 08:00:00",1866,1794.81449001367,-3586.37066781912,7175.99964784647,-6434.99801777395,10024.6269978013
"2018-07-29 09:00:00",2855,2492.86282731749,-2889.43577457046,7875.16142920545,-5738.65254620381,10724.3782008388
"2018-07-29 10:00:00",3500,3258.11884852762,-2125.29296712331,8641.53066417856,-4975.09903852587,11491.3367355811
"2018-07-29 11:00:00",3824,3864.29278150375,-1520.23201776083,9248.81758076832,-4370.62726709889,12099.2128301064
"2018-07-29 12:00:00",4016,4141.8486061371,-1243.78894673445,9527.48615900865,-4094.77325224985,12378.470464524
"2018-07-29 13:00:00",4489,4125.13748356469,-1261.61259304972,9511.8875601791,-4113.18583305973,12363.4608001891
"2018-07-29 14:00:00",4435,4020.17728696213,-1367.68508367341,9408.03965759767,-4219.84713657071,12260.201710495
"2018-07-29 15:00:00",4412,4010.83164088122,-1378.14279419597,9399.8060759584,-4230.89353844851,12252.5568202109
"2018-07-29 16:00:00",4485,4083.23144838332,-1306.85482169813,9473.31771846477,-4160.19413584911,12326.6570326157
"2018-07-29 17:00:00",4146,4040.54393692083,-1350.65393886945,9431.74181271111,-4204.58170153718,12285.6695753788
"2018-07-29 18:00:00",3947,3700.83179014879,-1691.47746219669,9093.14104249428,-4545.99355207458,11947.6571323722
"2018-07-29 19:00:00",3604,3089.25864013143,-2304.16175975728,8482.67904002015,-5159.26605561372,11337.7833358766
"2018-07-29 20:00:00",3344,2432.69481376442,-2961.83650479708,7827.22613232592,-5817.52888547536,10682.9185130042
"2018-07-29 21:00:00",2794,1952.47620817289,-3443.1658003323,7348.11821667808,-6299.44614475056,10204.3985610963
"2018-07-29 22:00:00",2084,1653.83764261231,-3742.91482724871,7050.59011247333,-6599.78301439984,9907.45829962446
"2018-07-29 23:00:00",1224,1328.43760940508,-4069.42509336498,6726.30031217514,-6926.88100231657,9583.75622112672
"2018-07-30 00:00:00",640,790.476434315734,-4608.49627305751,6189.44914168898,-7466.53978295172,9047.49265158319
"2018-07-30 01:00:00",384,135.389565242386,-5264.69291856897,5535.47204905374,-8123.32390862252,8394.10303910729
"2018-07-30 02:00:00",317,-235.180136929162,-5636.37216915421,5166.01189529588,-8495.59051865825,8025.23024479993
"2018-07-30 03:00:00",333,116.879577458783,-5285.42177529602,5519.18093021359,-8145.2273636161,8378.98651853367
"2018-07-30 04:00:00",915,1306.23865107469,-4097.1717944663,6709.64909661568,-6957.56450104224,9570.04180319162
"2018-07-30 05:00:00",3051,2973.54017734131,-2430.9791333825,8378.05948806512,-5291.95883772837,11239.039192411
"2018-07-30 06:00:00",5560,4479.09120938581,-926.536739057521,9884.71915782913,-3788.10332076151,12746.2857395331
"2018-07-30 07:00:00",6313,5296.09753604918,-110.638822790288,10702.8338948887,-2972.79216151468,13564.987233613
"2018-07-30 08:00:00",5427,5307.31673821364,-100.527803838374,10715.1612802657,-2963.26777931943,13577.9012557467
"2018-07-30 09:00:00",4638,4806.8005158715,-602.151982349103,10215.7530140921,-3465.47847439702,13079.07950614
"2018-07-30 10:00:00",4233,4252.53652609682,-1157.52370138789,9662.59675358153,-4021.43658988669,12526.5096420803
"2018-07-30 11:00:00",4491,3987.10526270504,-1424.06246727867,9398.27299268874,-4288.56163218614,12262.7721575962
"2018-07-30 12:00:00",4522,4111.94677854102,-1300.32822731576,9524.22178439781,-4165.41354866341,12389.3071057455
"2018-07-30 13:00:00",4625,4532.08976349865,-881.292291744366,9945.47181874167,-3746.96364963728,12811.1431766346
"2018-07-30 14:00:00",4808,5058.50907194205,-355.979806339276,10472.9979502234,-3222.23708095612,13339.2552248402
"2018-07-30 15:00:00",5483,5471.42062665413,55.8251515436314,10887.0161017646,-2811.01792004924,13753.8591733575
"2018-07-30 16:00:00",5632,5553.57898519892,136.87713932976,10970.2808310681,-2730.55160956465,13837.7095799625
"2018-07-30 17:00:00",5590,5157.47004387058,-260.337946825241,10575.2780345664,-3128.35225342001,13443.2923411612
"2018-07-30 18:00:00",4288,4308.7244948414,-1110.18941488743,9727.63840457022,-3978.78915965462,12596.2381493374
"2018-07-30 19:00:00",3190,3250.20979836111,-2169.80980474528,8670.22940146751,-5038.99486823012,11539.4144649523
"2018-07-30 20:00:00",2911,2331.3972543084,-3089.72781665821,7752.522325275,-5959.49807947902,10622.2925880958
"2018-07-30 21:00:00",2431,1778.91001168152,-3643.32030176586,7201.14032512891,-6513.67564461398,10071.495667977
"2018-07-30 22:00:00",1742,1526.45134788777,-3896.88398279876,6949.78667857431,-6767.82428643847,9820.72698221401
"2018-07-30 23:00:00",1116,1276.03535447289,-4148.40476834881,6700.47547729459,-7019.92991361725,9572.00062256303
"2018-07-31 00:00:00",625,778.684107749923,-4646.86058224047,6204.22879774032,-7518.9704500476,9076.33866554744
"2018-07-31 01:00:00",368,113.584419133484,-5313.06461319651,5540.23345146347,-8185.75908452498,8412.92792279195
"2018-07-31 02:00:00",299,-289.00502598816,-5716.75817596588,5138.74812398957,-8590.03713187101,8012.0270798947
"2018-07-31 03:00:00",352,60.9079528989728,-5367.94909017171,5489.76499596966,-8241.81241178139,8363.62831757933
"2018-07-31 04:00:00",819,1318.54276143609,-4111.41795030973,6748.50347318192,-6985.86551882433,9622.95104169652
"2018-07-31 05:00:00",2764,3122.4486214236,-2308.61553471637,8553.51277756357,-5183.6472314087,11428.5444742559
"2018-07-31 06:00:00",4240,4781.62329319996,-650.54408318982,10213.7906695897,-3526.15978940505,13089.406375805
"2018-07-31 07:00:00",5655,5696.73410232747,263.463729695668,11130.0044749593,-2612.7358674599,14006.2040721148
"2018-07-31 08:00:00",5960,5704.06471354392,269.691568541491,11138.4378585463,-2607.09180104405,14015.2212281319
"2018-07-31 09:00:00",4925,5110.24328104408,-325.232412593842,10545.718974682,-3202.59943617113,13423.0859982593
"2018-07-31 10:00:00",4455,4437.09421048295,-999.483808191458,9873.67222915735,-3877.43436739434,12751.6227883602
"2018-07-31 11:00:00",4727,4097.71318285203,-1339.96693739583,9535.39330309989,-4218.50091393012,12413.9272796342
"2018-07-31 12:00:00",4998,4222.936428635,-1215.84556985914,9661.71842712913,-4094.96284550256,12540.8357027726
"2018-07-31 13:00:00",4875,4691.69244362015,-748.191209928785,10131.5760971691,-3627.89166653091,13011.2765537712
"2018-07-31 14:00:00",4922,5261.84907898841,-179.13600655943,10702.8341645362,-3059.4195260416,13583.1176840184
"2018-07-31 15:00:00",5722,5679.48592231412,237.399627687851,11121.5722169404,-2643.4668366674,14002.4386812956
"2018-07-31 16:00:00",6357,5737.3098481757,294.122567256173,11180.4971290952,-2587.32672403681,14061.9464203882
"2018-07-31 17:00:00",5912,5327.14048885316,-117.147555709622,10771.4285334159,-2999.17955607654,13653.4605337829
"2018-07-31 18:00:00",4740,4504.1028613681,-941.285724322941,9949.49144705915,-3823.90031597147,12832.1060387077
"2018-07-31 19:00:00",3288,3501.8882426646,-1944.60066177461,8948.37714710381,-4827.79772698384,11831.574212313
"2018-07-31 20:00:00",3076,2627.74914514791,-2819.83985579411,8075.33814608993,-5703.61927691447,10959.1175672103
"2018-07-31 21:00:00",2686,2066.90511688044,-3381.78375845365,7515.59399221454,-6266.14541790681,10399.9556516677
"2018-07-31 22:00:00",2152,1745.29740622201,-3704.49112152791,7195.08593397192,-6589.43490180674,10080.0297142507
"2018-07-31 23:00:00",1263,1396.23485795725,-4054.65310036658,6847.12281628107,-6940.17888403506,9732.64859994955
"2018-08-01 00:00:00",662,816.893423134449,-4635.09374405558,6268.88059032448,-7521.20141374874,9154.98826001764
"2018-08-01 01:00:00",398,115.027565616931,-5338.05858886567,5568.11372009953,-8224.74802728952,8454.80315852338
"2018-08-01 02:00:00",352,-283.560844905888,-5737.74576524137,5170.62407542959,-8625.01685517281,8057.89516536104
"2018-08-01 03:00:00",409,84.0325689573665,-5371.25089592509,5539.31603383983,-8259.10352021187,8427.1686581266
"2018-08-01 04:00:00",908,1347.55955729225,-4108.82223096497,6803.94134554947,-6997.25627252558,9692.37538711008
"2018-08-01 05:00:00",3063,3139.70457789875,-2317.77531269453,8597.18446849204,-5206.79065451815,11486.1998103157
"2018-08-01 06:00:00",5431,4783.28145798411,-675.296314039952,10241.8592300082,-3564.89283918639,13131.4557551546
"2018-08-01 07:00:00",5853,5698.2469885697,238.571555886886,11157.9224212525,-2651.60603571272,14048.1000128521
"2018-08-01 08:00:00",5873,5729.88684745433,269.113974751665,11190.659720157,-2621.64456650193,14081.4182614106
"2018-08-01 09:00:00",5068,5176.99574713747,-284.874345079157,10638.8658393541,-3176.21371925796,13530.2052135329
"2018-08-01 10:00:00",4665,4541.83654963058,-921.130541726965,10004.8036409881,-3813.05063217255,12896.7237314337
"2018-08-01 11:00:00",4986,4218.28466771782,-1245.77920254034,9682.34853797598,-4138.27989266453,12574.8492281002
"2018-08-01 12:00:00",5141,4330.14096860341,-1135.01946044765,9795.30139765448,-4028.10063373247,12688.3825709393
"2018-08-01 13:00:00",4874,4766.83814445271,-699.418623416019,10233.0949123214,-3593.08016341359,13126.756452319
"2018-08-01 14:00:00",5044,5309.48407688844,-157.868809955047,10776.8369637319,-3052.11060028758,13671.0787540645
"2018-08-01 15:00:00",5655,5725.98388451784,257.53509841032,11194.4326706254,-2637.28682594934,14089.254594985
"2018-08-01 16:00:00",6455,5813.05768790118,343.513222108264,11282.6021536941,-2551.88872004061,14178.004095843
"2018-08-01 17:00:00",5773,5441.62097842041,-29.01894761119,10912.260904452,-2925.00079138121,13808.242748222
"2018-08-01 18:00:00",4500,4631.58883748549,-840.146329469875,10103.3240044409,-3736.70795876273,12999.8856337337
"2018-08-01 19:00:00",3389,3591.91368926645,-1880.91649942944,9064.74387796235,-4778.05779821654,11961.8851767494
"2018-08-01 20:00:00",2992,2637.7420453163,-2836.18294606842,8111.66703670103,-5733.9037983908,11009.3878890234
"2018-08-01 21:00:00",2559,1995.32227631719,-3479.69729883606,7470.34185147044,-6377.99758880431,10368.6421414387
"2018-08-01 22:00:00",2344,1638.78174865489,-3837.33219147787,7114.89568878765,-6736.21180327208,10013.7753005819
"2018-08-01 23:00:00",1320,1321.24439570254,-4155.96369075186,6798.45248215694,-7055.42250862154,9697.91130002662
"2018-08-02 00:00:00",709,814.119860721553,-4664.18215352762,6292.42187497073,-7564.22006179164,9192.45978323475
"2018-08-02 01:00:00",413,171.016366888484,-5308.37935675948,5650.41209053645,-8208.99623980599,8551.02897358296
"2018-08-02 02:00:00",324,-224.43653604516,-5704.92575082669,5256.05267873637,-8606.12149311306,8157.24842102274
"2018-08-02 03:00:00",403,92.2773250761998,-5389.30516270429,5573.85981285669,-8291.07964875704,8475.63429890944
"2018-08-02 04:00:00",887,1293.2723495994,-4189.40319317594,6775.94789237474,-7091.75630759066,9678.30100678945
"2018-08-02 05:00:00",3091,3058.7573047585,-2425.01107513793,8542.52568465493,-5327.94270257921,11445.4573120962
"2018-08-02 06:00:00",5589,4726.2520957427,-758.608903531299,10211.1130950167,-3662.11892873269,13114.6231202181
"2018-08-02 07:00:00",6435,5689.62306921903,203.669668180876,11175.5764702572,-2700.41863958305,14079.6647780211
"2018-08-02 08:00:00",5736,5755.16853891185,268.122953592992,11242.2141242307,-2636.54352160467,14146.8805994284
"2018-08-02 09:00:00",4976,5207.18910487273,-280.948447373228,10695.3266571187,-3186.19297494459,13600.57118469
"2018-08-02 10:00:00",4388,4569.74991264345,-919.479389305715,10058.9792145926,-3825.30185425939,12964.8016795463
"2018-08-02 11:00:00",4652,4269.65926529647,-1220.6615692616,9759.98009985453,-4127.0618566748,12666.3803872677
"2018-08-02 12:00:00",4977,4436.45114309861,-1054.96100710351,9927.86329330073,-3961.93900212199,12834.8412883192
"2018-08-02 13:00:00",4931,4924.5168448371,-567.986404173544,10417.0200938478,-3475.54199201151,13324.5756816857
"2018-08-02 14:00:00",5104,5466.90849474755,-26.6856363653033,10960.5026258604,-2934.81870230536,13868.6356918005
"2018-08-02 15:00:00",5707,5817.4458761083,322.761079470491,11312.1306727461,-2585.94934992258,14220.8411021392
"2018-08-02 16:00:00",6303,5816.08837984649,320.313134132038,11311.8636255609,-2588.97454413323,14221.1513038262
"2018-08-02 17:00:00",5783,5408.86236871282,-88.0031097587771,10905.7278471844,-2997.86792238362,13815.5926598093
"2018-08-02 18:00:00",4569,4665.36476621411,-832.590728823834,10163.320261252,-3743.03256136375,13073.762093792
"2018-08-02 19:00:00",3570,3776.19654238108,-1722.84875316095,9275.24183792311,-4633.8674912395,12186.2605760017
"2018-08-02 20:00:00",3103,2978.70042768334,-2521.43445242897,8478.83530779565,-5433.0299817377,11390.4308371044
"2018-08-02 21:00:00",3023,2416.09975755072,-3085.12449132636,7917.32400642779,-5997.29669762472,10829.4962127261
"2018-08-02 22:00:00",2303,2030.83896259919,-3471.47443936531,7533.1523645637,-6384.22320848062,10445.901133679
"2018-08-02 23:00:00",1379,1610.38999645932,-3893.01234304333,7113.79233596197,-6806.3375608707,10027.1175537893
"2018-08-03 00:00:00",778,991.234777258479,-4513.25628436096,6495.72583887792,-7427.15783686321,9409.62739138017
"2018-08-03 01:00:00",435,270.306250487579,-5235.27331795509,5775.88581893025,-8149.75109116269,8690.36359213785
"2018-08-03 02:00:00",371,-173.279405893927,-5679.94726599394,5333.38845420609,-8595.00114600495,8248.44233421709
"2018-08-03 03:00:00",398,89.9663830975642,-5417.78955362145,5597.72231981658,-8333.41942660144,8513.35219279657
"2018-08-03 04:00:00",853,1206.50951272062,-4302.33428570647,6715.35331114771,-7218.54003788848,9631.55906332972
"2018-08-03 05:00:00",2900,2866.33166145492,-2643.59978389662,8376.26310680646,-5560.38130158106,11293.0446244909
"2018-08-03 06:00:00",5265,4445.396613662,-1065.62226395753,9956.41549128152,-3982.97943351214,12873.7726608361
"2018-08-03 07:00:00",5783,5376.81054803943,-135.29554731866,10888.9166433975,-3053.22825517841,13806.8493512573
"2018-08-03 08:00:00",5213,5483.98608656495,-29.207012129209,10997.1791852591,-2947.71514479629,13915.6873179262
"2018-08-03 09:00:00",4577,5042.36005659481,-471.919831159714,10556.6399443493,-3391.00327520341,13475.723388393
"2018-08-03 10:00:00",4384,4549.0151137732,-966.351348892634,10064.381576439,-3886.00999094929,12984.0402184957
"2018-08-03 11:00:00",4820,4391.13274291215,-1125.3200806425,9907.58556646681,-4045.55380741545,12827.8192932398
"2018-08-03 12:00:00",5073,4648.2593474006,-869.279623146795,10165.798317948,-3790.08832140629,13086.6070162075
"2018-08-03 13:00:00",5067,5127.00338495181,-391.621518818545,10645.6282887222,-3313.0050754017,13567.0118453053
"2018-08-03 14:00:00",5456,5544.73990751908,25.0292841693881,11064.4505308688,-2896.92901764132,13986.4088326795
"2018-08-03 15:00:00",5646,5700.93304768319,180.136918271739,11221.7291770946,-2742.39601573716,14144.2621111035
"2018-08-03 16:00:00",5888,5537.03305688027,15.1516347987072,11058.9144789618,-2907.95581844566,13982.0219322062
"2018-08-03 17:00:00",5135,5100.98667703084,-421.979824454988,10623.9531785167,-3345.6616840387,13547.6350381004
"2018-08-03 18:00:00",4753,4490.00890105555,-1034.04246669436,10014.0602688055,-3958.29861978782,12938.3164218989
"2018-08-03 19:00:00",3767,3816.13299089586,-1709.00303010351,9341.26901189523,-4633.83336394359,12266.0993457353
"2018-08-03 20:00:00",3461,3183.5157804371,-2342.70468092253,8709.73624179673,-5268.1090828125,11635.1406436867
"2018-08-03 21:00:00",2632,2654.64004623868,-2872.66464271732,8181.94473519467,-5798.64300002677,11107.9230925041
"2018-08-03 22:00:00",2594,2218.47326384904,-3309.9154400646,7746.86196776268,-6236.4676402294,10673.4141679275
"2018-08-03 23:00:00",1833,1800.83076508377,-3728.64174127388,7330.30327144141,-6655.76767179609,10257.4292019636
"2018-08-04 00:00:00",1078,1330.81551817046,-4199.74057824246,6861.37161458338,-7127.4401266903,9789.07116303121
"2018-08-04 01:00:00",668,818.898096076289,-4712.74137812801,6350.53757028059,-7641.01443213574,9278.81062428832
"2018-08-04 02:00:00",519,377.278120981964,-5155.4445188745,5910.00076083843,-8084.29096614241,8838.84720810634
"2018-08-04 03:00:00",362,156.842420320866,-5376.96317317312,5690.64801381485,-8306.38290146744,8620.06774210918
"2018-08-04 04:00:00",423,249.67538794051,-5285.21294730081,5784.56372318183,-8215.20584445365,8714.55662033467
"2018-08-04 05:00:00",850,637.577021936804,-4898.39384328598,6173.54788715959,-7828.95979719526,9104.11384106887
"2018-08-04 06:00:00",1427,1222.54769028008,-4314.50549328251,6759.60087384267,-7245.64439191189,9690.73977247205
"2018-08-04 07:00:00",1817,1899.12007410372,-3639.01521628109,7437.25536448853,-6570.72694765995,10368.9670958674
"2018-08-04 08:00:00",2559,2597.22135101682,-2941.9958347966,8136.43853683024,-5874.2802870199,11068.7229890535
"2018-08-04 09:00:00",3477,3266.78155792593,-2273.51731204632,8807.08042789818,-5206.37437327461,11739.9374891265
"2018-08-04 10:00:00",3962,3842.91144829709,-1698.46889468794,9384.29179128212,-4631.89845314724,12317.7213497414
"2018-08-04 11:00:00",4236,4249.20930607384,-1293.25229890151,9791.6709110492,-4227.25424288328,12725.672855031
"2018-08-04 12:00:00",4263,4446.91483681095,-1096.62781925575,9990.45749287765,-4031.20203711682,12925.0317107387
"2018-08-04 13:00:00",4552,4475.66475356014,-1068.95874282229,10020.2882499426,-4004.10512298479,12955.4346301051
"2018-08-04 14:00:00",4379,4429.58596683332,-1116.11815921246,9975.2900928791,-4051.83659016376,12911.0085238304
"2018-08-04 15:00:00",4493,4378.36024553507,-1168.4242996448,9925.14479071494,-4104.71466993744,12861.4351610076
"2018-08-04 16:00:00",4300,4307.85327981458,-1240.01147409312,9855.71803372228,-4176.87367234475,12792.5802319739
"2018-08-04 17:00:00",4602,4144.59423351005,-1404.3505188421,9693.53898586219,-4341.78443373542,12630.9729007555
"2018-08-04 18:00:00",4087,3845.2768908069,-1704.74764982907,9395.30143144287,-4642.75317011177,12333.3069517256
"2018-08-04 19:00:00",3237,3459.94763444926,-2091.15648443254,9011.05175333107,-5029.73349891723,11949.6287678158
"2018-08-04 20:00:00",2962,3096.15344800246,-2456.03003920972,8648.33693521464,-5395.17843677386,11587.4853327788
"2018-08-04 21:00:00",2938,2810.91703778107,-2742.34560796842,8364.17968353057,-5682.06527755427,11303.8993531164
"2018-08-04 22:00:00",2573,2539.65419536159,-3014.68739925444,8093.99578997763,-5954.978229869,11034.2866205922
"2018-08-04 23:00:00",2015,2146.41649110864,-3409.00384282532,7701.83682504259,-6349.86572354025,10642.6987057575
"2018-08-05 00:00:00",1323,1562.94336759414,-3993.55549623116,7119.44223141945,-6934.98831618274,10060.875051371
"2018-08-05 01:00:00",812,887.726936329047,-4669.85024808297,6445.30412074106,-7611.853896472,9387.3077691301
"2018-08-05 02:00:00",689,341.957306243712,-5216.69798957218,5900.6126020596,-8159.27235566397,8843.18696815139
"2018-08-05 03:00:00",396,110.995811006516,-5448.73738715211,5670.72900916514,-8391.88236027637,8613.8739822894
"2018-08-05 04:00:00",356,212.695479450048,-5348.11541211174,5773.50637101184,-8291.83088166255,8717.22184056264
"2018-08-05 05:00:00",504,513.38320076845,-5048.50517537839,6075.27157691529,-7992.7910308141,9019.557432351
"2018-08-05 06:00:00",962,872.27460865796,-4690.69104337715,6435.24026069307,-7635.54717422037,9380.09639153629
"2018-08-05 07:00:00",1210,1270.09342287247,-4293.94929647534,6834.13614222029,-7239.37559231285,9779.5624380578
"2018-08-05 08:00:00",1903,1793.34725911421,-3771.77231909186,7358.46683732028,-6717.76866957452,10304.4631878029
"2018-08-05 09:00:00",3030,2491.39559641772,-3074.80063231313,8057.59182514858,-6021.36692715587,11004.1581199913
"2018-08-05 10:00:00",3735,3256.65161762824,-2310.6210534148,8823.92428867127,-5257.75718239652,11771.060417653
"2018-08-05 11:00:00",4072,3862.82555060419,-1705.52335465917,9431.17445586756,-4653.22920762271,12378.8803088311
"2018-08-05 12:00:00",4454,4140.38137523953,-1429.04355627295,9709.80630675201,-4377.31902312499,12658.081773604
"2018-08-05 13:00:00",4507,4123.6702526653,-1446.8304972456,9694.1710025762,-4395.67546795663,12643.0159732872
"2018-08-05 14:00:00",4396,4018.71005606241,-1552.86630451661,9590.28641664143,-4502.28066912085,12539.7007812457
"2018-08-05 15:00:00",4595,4009.36440998228,-1563.28735365485,9582.01617361941,-4513.2710022502,12531.9998222148
"2018-08-05 16:00:00",4875,4081.76421748481,-1491.96274172059,9655.49117669021,-4442.51556446857,12606.0439994382
"2018-08-05 17:00:00",4555,4039.07670602026,-1535.72524138362,9613.87865342415,-4486.84712850929,12565.0005405498
"2018-08-05 18:00:00",4229,3699.3645592493,-1876.51216910323,9275.24128760182,-4828.20301089514,12226.9321293937
"2018-08-05 19:00:00",3684,3087.79140923083,-2489.15989294031,8664.74271140197,-5441.41957975046,11617.0023982121
"2018-08-05 20:00:00",3316,2431.22758286368,-3146.79808611575,8009.25325184311,-6099.62650835949,10962.0816740869
"2018-08-05 21:00:00",2735,1951.00897727041,-3628.09085162659,7530.10880616741,-6581.48789978259,10483.5058543234
"2018-08-05 22:00:00",2109,1652.37041171433,-3927.80337032898,7232.54419375764,-6881.76893493915,10186.5097583678
"2018-08-05 23:00:00",1560,1326.97037850614,-4254.2771500316,6908.21790704388,-7208.81112170105,9862.75187871332
"2018-08-06 00:00:00",703,789.009203416322,-4793.31186508321,6371.33027191585,-7748.41413448014,9326.43254131279
"2018-08-06 01:00:00",421,133.922334342836,-5449.47206770497,5717.31673639064,-8405.14252556069,8672.98719424636
"2018-08-06 02:00:00",327,-236.647367826326,-5821.11489712792,5347.82016147527,-8777.35343423671,8304.05869858406
"2018-08-06 03:00:00",375,115.412346558758,-5470.12810382104,5700.95279693855,-8426.93461104014,8657.75930415766
"2018-08-06 04:00:00",890,1304.77142017617,-4281.84174522503,6891.38458557737,-7239.21611347457,9848.75895382691
"2018-08-06 05:00:00",3047,2972.07294643873,-2615.61272804576,8559.75862092321,-5573.55484830867,11517.7007411861
"2018-08-06 06:00:00",5580,4477.62397848871,-1111.13399925949,10066.3819562369,-4069.64376258149,13024.8917195589
"2018-08-06 07:00:00",6280,5294.63030515014,-295.199770160666,10884.460380461,-3254.27706765015,13843.5376779504
"2018-08-06 08:00:00",5582,5305.84950731536,-285.05245997528,10896.751474606,-3244.69718280331,13856.396197434
"2018-08-06 09:00:00",4694,4805.33328497263,-786.640368833279,10397.3069387785,-3746.85240823348,13357.5189781787
"2018-08-06 10:00:00",4357,4251.06929519838,-1341.97583977635,9844.11443017311,-4302.75508704488,12804.8936774416
"2018-08-06 11:00:00",4432,3985.63803180562,-1608.47837910947,9579.75444272072,-4569.82472560495,12541.1007892162
"2018-08-06 12:00:00",4606,4110.47954764236,-1484.70793410252,9705.66702938724,-4446.62127124597,12667.5803665307
"2018-08-06 13:00:00",4669,4530.62253259849,-1065.63581498337,10126.8808801804,-4028.11603425815,13089.3610994551
"2018-08-06 14:00:00",4814,5057.04184104397,-540.287167499728,10654.3708495877,-3503.33416045149,13617.4178425394
"2018-08-06 15:00:00",5395,5469.95339575479,-128.446068993131,11068.3528605027,-3092.05972722974,14031.9665187393
"2018-08-06 16:00:00",6651,5552.11175429745,-47.3579620145265,11151.5814706094,-3011.53817720602,14115.7616858009
"2018-08-06 17:00:00",5590,5156.00281297215,-444.53695038102,10756.5425763253,-3409.28361425954,13721.2892402038
"2018-08-06 18:00:00",4308,4307.25726394138,-1294.35234204734,9908.86686993009,-4259.66534640706,12874.1798742898
"2018-08-06 19:00:00",3314,3248.74256746221,-2353.93667687349,8851.42181179792,-5319.8159135706,11817.301048495
"2018-08-06 20:00:00",2795,2329.9300234079,-3273.81865510323,7933.67870191902,-6240.26401605582,10900.1240628716
"2018-08-06 21:00:00",2330,1777.44278078464,-3827.37512784721,7382.26068941649,-6794.38650503524,10349.2720666045
"2018-08-06 22:00:00",1723,1524.98411698751,-4080.90281782711,7130.87105180214,-7048.48010329237,10098.4483372674
"2018-08-06 23:00:00",1148,1274.56812357614,-4332.38763359998,6881.52388075226,-7300.53071944598,9849.66696659827
"2018-08-07 00:00:00",606,777.216876848495,-4830.80749898436,6385.24125268135,-7799.51627737634,9353.95003107333
"2018-08-07 01:00:00",376,112.117188234007,-5496.97560266726,5721.20997913528,-8466.24996583205,8690.48434230007
"2018-08-07 02:00:00",288,-290.472256887921,-5900.63325938559,5319.68874560975,-8870.47309961162,8289.52858583578
"2018-08-07 03:00:00",362,59.4407219985214,-5551.78828873974,5670.66973273679,-8522.19349837696,8641.074942374
"2018-08-07 04:00:00",912,1317.07553053961,-4295.22128519954,6929.37234627876,-7266.19175665933,9900.34281773855
"2018-08-07 05:00:00",3153,3120.9813905218,-2492.38302709451,8734.34580813811,-5463.91865284966,11705.8814338933
"2018-08-07 06:00:00",5814,4780.1560622973,-834.275754188313,10394.5878787829,-3806.37642677298,13366.6885513676
"2018-08-07 07:00:00",5655,5695.26687142907,79.7678589662428,11310.7658838919,-2892.89775304334,14283.4314959015
"2018-08-07 08:00:00",5960,5702.597482643,86.0314769793858,11319.1634883066,-2887.19896711176,14292.3939323978
"2018-08-07 09:00:00",4925,5108.77605014733,-508.856746056173,10726.4088463508,-3482.65191494669,13700.2040152413
"2018-08-07 10:00:00",4416,4435.62697958604,-1183.07240461189,10054.326363784,-4157.43219108068,13028.6861502528
"2018-08-07 11:00:00",4515,4096.2459519539,-1523.51981780833,9716.01172171614,-4498.44411469536,12690.9360186032
"2018-08-07 12:00:00",4940,4221.4691977368,-1399.36275527482,9842.30115074842,-4374.85145548104,12817.7898509546
"2018-08-07 13:00:00",4726,4690.2252127231,-931.672721338085,10312.1231467843,-3907.72571782538,13288.1761432716
"2018-08-07 14:00:00",5040,5260.38184808785,-362.581864938097,10883.3455611138,-3339.19905072923,13859.9627469049
"2018-08-07 15:00:00",5555,5678.01869141554,53.9894013947587,11302.0479814363,-2923.19186678379,14279.2292496149
"2018-08-07 16:00:00",6471,5735.84261727701,110.747952116544,11360.9372824375,-2866.99729159376,14338.6825261478
"2018-08-07 17:00:00",5656,5325.67325795471,-300.486580604962,10951.8330965144,-3278.79569305206,13930.1422089615
"2018-08-07 18:00:00",4121,4502.63563047088,-1124.58917986209,10129.8604408038,-4103.46205431167,13108.7333152534
"2018-08-07 19:00:00",3272,3500.42101176611,-2127.86856882869,9128.7105923609,-5107.30509860704,12108.1471221393
"2018-08-07 20:00:00",2888,2626.28191424648,-3003.07223521303,8255.63606370599,-5983.07231370695,11235.6361421999
"2018-08-07 21:00:00",2532,2065.43788598607,-3564.98063105528,7695.85640302741,-6545.54415171205,10676.4199236842
"2018-08-07 22:00:00",1771,1743.83017532092,-3887.65250813351,7375.31285877535,-6868.77936446083,10356.4397151027
"2018-08-07 23:00:00",1168,1394.76762705872,-4237.77902175407,7027.31427587152,-7219.46910731999,10009.0043614374
"2018-08-08 00:00:00",643,815.426192236616,-4818.18422099372,6449.03660546695,-7800.4374294266,9431.28981389983
"2018-08-08 01:00:00",393,113.560334718423,-5521.11364210245,5748.2343115393,-8503.9298670909,8731.05053652774
"2018-08-08 02:00:00",295,-285.028075806162,-5920.76541550426,5350.70926389194,-8904.14455079707,8334.08839918474
"2018-08-08 03:00:00",374,82.5653380585145,-5554.2351639171,5719.36584003413,-8538.17710332318,8703.30777944021
"2018-08-08 04:00:00",912,1346.09232638748,-4291.77113737941,6983.95579015437,-7276.27577476777,9968.46042754274
"2018-08-08 05:00:00",3119,3138.23734700005,-2500.68887818527,8777.16357218536,-5485.75610748493,11762.230801485
"2018-08-08 06:00:00",5730,4781.81422708617,-858.174559257976,10421.8030134303,-3843.80427445791,13407.4327286303
"2018-08-08 07:00:00",6430,5696.77975766876,55.7286103121914,11337.8309050253,-2930.46348483691,14324.0230001744
"2018-08-08 08:00:00",5864,5728.41961655729,86.3063082216704,11370.5329248929,-2900.44806098533,14357.2872940999
"2018-08-08 09:00:00",4902,5175.52851623871,-467.646753155552,10818.703785633,-3454.96329058897,13806.0203230664
"2018-08-08 10:00:00",4610,4540.36931873022,-1103.86771191511,10184.6063493756,-4091.74631180322,13172.4849492637
"2018-08-08 11:00:00",4838,4216.81743681971,-1428.48115538187,9862.11602902129,-4416.9217120126,12850.556585652
"2018-08-08 12:00:00",5004,4328.67373770467,-1317.68621647096,9975.03369188029,-4306.68862419189,12964.0360996012
"2018-08-08 13:00:00",4741,4765.37091355154,-882.050203128463,10412.7920302316,-3871.61435634673,13402.3561834498
"2018-08-08 14:00:00",5128,5308.01684598915,-340.465233837996,10956.4989258163,-3330.59102702024,13946.6247189985
"2018-08-08 15:00:00",5798,5724.5166536186,74.9738098892585,11374.0594973479,-2915.71351778307,14364.7468250203
"2018-08-08 16:00:00",6652,5811.59045700265,160.987048503827,11462.1938655015,-2830.26170824409,14453.4426222494
"2018-08-08 17:00:00",6043,5440.15374751967,-211.510026728012,11091.8175217674,-3203.32010719637,14083.6276022357
"2018-08-08 18:00:00",4806,4630.12160658555,-1022.60233450238,10282.8455476735,-4014.97363339532,13275.2168465664
"2018-08-08 19:00:00",3655,3590.44645836591,-2063.33745076554,9244.23036749737,-5056.26986284642,12237.1627795782
"2018-08-08 20:00:00",3130,2636.27481442206,-3018.56886406798,8291.1184929121,-6012.06228415936,11284.6119130035
"2018-08-08 21:00:00",3267,1993.85504541801,-3662.04820385738,7649.75829469339,-6656.10252684094,10643.8126176769
"2018-08-08 22:00:00",2711,1637.31451775661,-4019.64810384245,7294.27713935567,-7014.26322465892,10288.8922601721
"2018-08-08 23:00:00",1478,1319.77716480468,-4338.24463076787,6977.79896037723,-7333.420444417,9972.97477402636
"2018-08-09 00:00:00",801,812.652629821321,-4846.4281414859,6471.73340112854,-7842.1645430264,9467.46980266904
"2018-08-09 01:00:00",482,169.549135988527,-5490.59041292581,5829.68868490286,-8486.88729747529,8825.98556945235
"2018-08-09 02:00:00",336,-225.903766942749,-5887.10189544781,5435.29436156231,-8883.95915818274,8432.15162429724
"2018-08-09 03:00:00",379,90.8100941759958,-5571.44641601447,5753.06660436646,-8568.86395217008,8750.48414052207
"2018-08-09 04:00:00",936,1291.80511870061,-4371.50957538089,6955.1198127821,-7369.48728025117,9953.09751765239
"2018-08-09 05:00:00",3022,3057.29007385913,-2607.08260642988,8721.66275414814,-5605.6203753675,11720.2005230858
"2018-08-09 06:00:00",5423,4724.78486484293,-940.645604080821,10390.2153337667,-3939.74333249707,13389.3130621829
"2018-08-09 07:00:00",6313,5688.15583832,21.6677782236402,11354.6438984164,-2977.9898051411,14354.3014817811
"2018-08-09 08:00:00",5908,5753.70130801249,86.1558540950964,11421.2467619299,-2914.06147974653,14421.4640957715
"2018-08-09 09:00:00",4788,5205.72187397398,-462.880776523297,10874.3245244713,-3463.65775642864,13875.1015043766
"2018-08-09 10:00:00",4517,4568.28268174616,-1101.37696820019,10237.9423316925,-4102.71348981452,13239.2788533068
"2018-08-09 11:00:00",4675,4268.19203439734,-1402.52441797752,9938.9084867722,-4404.42037700442,12940.8044457991
"2018-08-09 12:00:00",4927,4434.98391219879,-1236.78914569413,10106.7569700917,-4239.24443789552,13109.2122622931
"2018-08-09 13:00:00",4990,4923.04961393767,-749.779852672889,10595.8790805482,-3752.79437386893,13598.8936017443
"2018-08-09 14:00:00",5155,5465.44126384852,-208.444414789188,11139.3269424862,-3212.01806085822,14142.9005885553
"2018-08-09 15:00:00",5654,5815.9786452091,141.036951124901,11490.9203392933,-2863.09571575359,14495.0530061718
"2018-08-09 16:00:00",6532,5814.62114894799,138.623635888254,11490.6186620077,-2866.06794779427,14495.3102456902
"2018-08-09 17:00:00",5871,5407.39513781388,-269.657997860064,11084.4482734878,-3274.90839439921,14089.698670027
"2018-08-09 18:00:00",4426,4663.89753531246,-1014.21102672388,10342.0060973488,-4020.02013223022,13347.8152028551
"2018-08-09 19:00:00",3530,3774.7293114837,-1904.43448077265,9453.89310374005,-4910.80219141467,12460.2608143821
"2018-08-09 20:00:00",3290,2977.23319678309,-2702.98562966019,8657.45202322636,-5709.91184166424,11664.3782352304
"2018-08-09 21:00:00",3176,2414.63252665015,-3266.64113805618,8095.90619135648,-6274.12574770643,11103.3908010067
"2018-08-09 22:00:00",2420,2029.37173170324,-3652.95657545138,7711.70003885787,-6660.99947908977,10719.7429424963
"2018-08-09 23:00:00",1406,1608.92276556008,-4074.4599883371,7292.30551945725,-7083.06108236325,10300.9066134834
"2018-08-10 00:00:00",731,989.76754635876,-4694.66945868412,6674.20455140164,-7703.82863955533,9683.36373227285
"2018-08-10 01:00:00",471,268.839019589545,-5416.65204111101,5954.3300802901,-8426.36920534217,8964.04724452125
"2018-08-10 02:00:00",374,-174.746636794332,-5861.29155777324,5511.79828418458,-8871.56660193677,8522.0733283481
"2018-08-10 03:00:00",404,88.4991521988291,-5599.09943378771,5776.09773818537,-8609.93225451354,8786.9305589112
"2018-08-10 04:00:00",818,1205.04228182201,-4483.60977400995,6893.69433765397,-7495.00026798544,9905.08483162945
"2018-08-10 05:00:00",2854,2864.86443055807,-2824.8409000655,8554.56976118164,-5836.7889640354,11566.5178251515
"2018-08-10 06:00:00",5227,4443.92938276269,-1246.82902770699,10134.6877932324,-4259.33455847339,13147.1933239988
"2018-08-10 07:00:00",5950,5375.34331714287,-316.467978335605,11067.1546126214,-3329.53087275787,14080.2175070436
"2018-08-10 08:00:00",5211,5482.51885566324,-210.345130094853,11175.3828414213,-3223.96528508957,14189.002996416
"2018-08-10 09:00:00",4584,5040.89282569598,-653.023655720529,10734.8093071125,-3667.20096826146,13748.9866196534
"2018-08-10 10:00:00",4512,4547.54788287309,-1147.42089968855,10242.5166654347,-4162.15526680659,13257.2510325528
"2018-08-10 11:00:00",4796,4389.66551201102,-1306.35537729027,10085.6864013123,-4321.64669607337,13100.9777200954
"2018-08-10 12:00:00",4941,4646.79211650212,-1050.28068524105,10343.8649182453,-4066.12885283417,13359.7130858384
"2018-08-10 13:00:00",5053,5125.53615405287,-572.588365942008,10823.6606740477,-3588.9932795471,13840.0655876528
"2018-08-10 14:00:00",5367,5543.27267661826,-155.903367545659,11242.4487207822,-3172.86492442156,14259.4102776581
"2018-08-10 15:00:00",5684,5699.46581678483,-0.761557572877791,11399.6931911425,-3018.27965503529,14417.211288605
"2018-08-10 16:00:00",5868,5535.56582598227,-165.712684701283,11236.8443366658,-3183.78722012271,14254.9188720872
"2018-08-10 17:00:00",5309,5099.51944613079,-602.810007117872,10801.8488993794,-3621.44087792758,13820.4797701892
"2018-08-10 18:00:00",4616,4488.54167015691,-1214.83853200323,10191.921872317,-4234.02563568718,13211.108976001
"2018-08-10 19:00:00",3713,3814.66575999401,-1889.764997531,9519.09651751901,-4909.5082316318,12538.8397516198
"2018-08-10 20:00:00",3344,3182.04854953828,-2523.43256991189,8887.52966898845,-5543.73183202876,11907.8289311053
"2018-08-10 21:00:00",3374,2653.1728153446,-3053.35847269785,8359.70410338705,-6074.21366048654,11380.5592911757
"2018-08-10 22:00:00",3117,2217.00603294806,-3490.5752304605,7924.58729635663,-6511.98624163325,10945.9983075294
"2018-08-10 23:00:00",2271,1799.36353418475,-3909.26751147038,7507.99457983988,-6931.23424379588,10529.9613121654
"2018-08-11 00:00:00",1412,1329.34828727248,-4380.33234761619,7039.02892216115,-7402.85469891951,10061.5512734645
"2018-08-11 01:00:00",831,817.430865175398,-4893.2991660402,6528.160896391,-7916.37703420276,9551.23876455355
"2018-08-11 02:00:00",665,375.810890084152,-5335.9683446581,6087.59012482641,-8359.60162761759,9111.22340778589
"2018-08-11 03:00:00",423,155.375189417683,-5557.45305615717,5868.20343499254,-8581.64165190752,8892.39203074289
"2018-08-11 04:00:00",459,248.208157043654,-5465.66890677588,5962.08522086319,-8490.41271336721,8986.82902745452
"2018-08-11 05:00:00",876,636.109791040265,-5078.81589854206,6351.03548062259,-8104.11481408061,9376.33439616114
"2018-08-11 06:00:00",1560,1221.08045938037,-4494.8936635888,6937.05458234953,-7520.74758623688,9962.90850499761
"2018-08-11 07:00:00",2004,1897.65284320597,-3819.36952087992,7614.67520729186,-6845.77834885589,10641.0840352678
"2018-08-11 08:00:00",2806,2595.75412011703,-3122.31629292121,8313.82453315527,-6149.27992449939,11340.7881647335
"2018-08-11 09:00:00",3514,3265.31432702388,-2453.80394290797,8984.43259695574,-5481.32227641862,12011.9509304664
"2018-08-11 10:00:00",3971,3841.44421739875,-1878.72171747355,9561.61015227104,-4906.79465130279,12589.6830861003
"2018-08-11 11:00:00",4198,4247.74207517552,-1473.47133278948,9968.95548314053,-4502.09876537925,12997.5829157303
"2018-08-11 12:00:00",4310,4445.44760591242,-1276.81308340291,10167.7082952277,-4305.99491325094,13196.8901250758
"2018-08-11 13:00:00",4262,4474.19752266135,-1249.1102563672,10197.5053016899,-4278.84638202692,13227.2414273496
"2018-08-11 14:00:00",4280,4428.11873593416,-1296.23594127564,10152.473413144,-4326.52626135616,13182.7637332245
"2018-08-11 15:00:00",4188,4376.8930146362,-1348.50836932797,10102.2943986004,-4379.352782494,13133.1388117664
"2018-08-11 16:00:00",4305,4306.38604891517,-1420.06185048144,10032.8339483118,-4451.46025545329,13064.2323532836
"2018-08-11 17:00:00",4134,4143.12700261135,-1584.36722100067,9870.62122622336,-4616.31951655414,12902.5735217768
"2018-08-11 18:00:00",3920,3843.80965991024,-1884.7306968049,9572.35001662538,-4917.23678177128,12604.8561015918
"2018-08-11 19:00:00",3567,3458.48040355023,-2271.10589526045,9188.06670236091,-5304.16566852642,12221.1264756269
"2018-08-11 20:00:00",3362,3094.6862171035,-2635.94583289973,8825.31826710672,-5669.55919340735,11858.9316276143
"2018-08-11 21:00:00",3378,2809.44980687467,-2922.22780352259,8541.12741727193,-5956.39465026923,11575.2942640186
"2018-08-11 22:00:00",3167,2538.18696446247,-3194.53601563471,8270.90994455965,-6229.25624767301,11305.6301765979
"2018-08-11 23:00:00",2511,2144.94926020963,-3588.81889899766,7878.71741941692,-6624.09241543546,10913.9909358547
"2018-08-12 00:00:00",1406,1561.4761366943,-4173.3370111375,7296.2892845261,-7209.16371113781,10332.1159845264
"2018-08-12 01:00:00",868,886.259705430138,-4849.59824064467,6622.11765150495,-7885.97802342562,9658.4974342859
"2018-08-12 02:00:00",678,340.490075344712,-5396.41247869563,6077.39262938506,-8433.34524353041,9114.32539421983
"2018-08-12 03:00:00",392,109.528580109382,-5628.41839172294,5847.4755519417,-8665.90403793974,8884.9611981585
"2018-08-12 04:00:00",365,211.228248551098,-5527.76295100347,5950.21944810566,-8565.80137798546,8988.25787508766
"2018-08-12 05:00:00",529,511.915969861178,-5228.11926744964,6251.951207172,-8266.7103746349,9290.54231435725
"2018-08-12 06:00:00",984,870.807377760563,-4870.27170744414,6611.88646296527,-7909.41539432561,9651.03014984673
"2018-08-12 07:00:00",1196,1268.62619197338,-4473.49655136641,7010.74893531316,-7513.19271749182,10050.4451014386
"2018-08-12 08:00:00",1850,1791.88002821404,-3951.28618360545,7535.04624003353,-6991.53472857734,10575.2947850054
"2018-08-12 09:00:00",2713,2489.92836551815,-3254.28112522905,8234.13785626534,-6295.08194870463,11274.9386797409
"2018-08-12 10:00:00",3534,3255.18438672959,-2490.06819349656,9000.43696695574,-5531.42119518773,12041.7899686469
"2018-08-12 11:00:00",3856,3861.35831970416,-1884.93716065536,9607.65380006369,-4926.84224032862,12649.5588797369
"2018-08-12 12:00:00",4037,4138.91414434041,-1608.42404690999,9886.25233559081,-4650.88110438641,12928.7093930672
"2018-08-12 13:00:00",4522,4122.20302176665,-1626.17769123509,9870.5837347684,-4669.18662639026,12913.5926699236
"2018-08-12 14:00:00",4468,4017.24282516585,-1732.18022055061,9766.66587088231,-4775.74093331458,12810.2265836463
"2018-08-12 15:00:00",4351,4007.89717908254,-1742.56801041479,9758.36236857987,-4786.68040077202,12802.4747589371
"2018-08-12 16:00:00",4466,4080.29698658537,-1671.2101578617,9831.80413103244,-4715.87412585103,12876.4680990218
"2018-08-12 17:00:00",4313,4037.60947512299,-1714.93943554528,9790.15838579127,-4760.15488125986,12835.3738315058
"2018-08-12 18:00:00",4012,3697.89732835326,-2055.6931599102,9451.48781661673,-5101.45998349745,12497.254640204
"2018-08-12 19:00:00",3658,3086.32417832954,-2668.30769900552,8840.95605566461,-5714.62580066708,11887.2741573262
"2018-08-12 20:00:00",3151,2429.76035196239,-3325.91272602301,8185.4334299478,-6372.78200601468,11232.3027099395
"2018-08-12 21:00:00",2708,1949.54174637655,-3807.17234394017,7706.25583669327,-6854.59270257189,10753.676195325
"2018-08-12 22:00:00",1930,1650.90318081256,-4106.85173361859,7408.65809524372,-7154.82307125436,10456.6294328795
"2018-08-12 23:00:00",1282,1325.50314760688,-4433.29240282389,7084.29869803764,-7481.81461988174,10132.8209150955
"2018-08-13 00:00:00",651,787.541972518364,-4972.29402589915,6547.37797093588,-8021.36702285108,9596.45096788781
"2018-08-13 01:00:00",434,132.455103444142,-5628.42115504912,5893.3313619374,-8678.04483242106,8942.95503930934
"2018-08-13 02:00:00",355,-238.114598725563,-6000.03092948536,5523.80173203423,-9050.2051878571,8573.97599040598
"2018-08-13 03:00:00",348,113.945115659886,-5649.0110996589,5876.90133097868,-8699.7358396641,8927.62607098387
"2018-08-13 04:00:00",924,1303.30418927363,-4460.69172299821,7067.30010154548,-7511.96684532426,10118.5752238715
"2018-08-13 05:00:00",3025,2970.60571554228,-2794.42970617819,8735.64113726274,-5846.25511156624,11787.4665426508
"2018-08-13 06:00:00",5546,4476.15674758982,-1289.91799617623,10242.2314913559,-4342.29358542112,13294.6070806008
"2018-08-13 07:00:00",6383,5293.16307424979,-473.95080426013,11060.2769527597,-3526.87647821032,14113.2026267099
"2018-08-13 08:00:00",5642,5304.38227641742,-463.770549635898,11072.5351024707,-3517.24620919343,14126.0107620283
"2018-08-13 09:00:00",4714,4803.86605407404,-965.325532423322,10573.0576405714,-4019.35107854379,13627.0831866919
"2018-08-13 10:00:00",4216,4249.6020642966,-1520.6280956465,10019.8322242397,-4575.20342933898,13074.4075579322
"2018-08-13 11:00:00",4440,3984.1708009067,-1787.0977455848,9755.43934739819,-4842.22276791182,12810.5643697252
"2018-08-13 12:00:00",4673,4109.01231674274,-1663.29442950067,9881.31906298615,-4718.96904157813,12936.9936750636
"2018-08-13 13:00:00",4494,4529.1553017015,-1244.18945759811,10302.5000610011,-4300.41356059528,13358.7241639983
"2018-08-13 14:00:00",4811,5055.57461014573,-718.807975615043,10829.9571959065,-3775.58147075448,13886.7306910459
"2018-08-13 15:00:00",5245,5468.4861648562,-306.934060871312,11243.9063905837,-3364.25684942882,14301.2291791412
"2018-08-13 16:00:00",6163,5550.64452339923,-225.813155901074,11327.1022026995,-3283.68513920567,14384.9741860041
"2018-08-13 17:00:00",5603,5154.53558207414,-622.959364505433,10932.0305286537,-3681.38044393928,13990.4516080876
"2018-08-13 18:00:00",4077,4305.79003304153,-1472.74199462411,10084.3220607072,-4531.71207162248,13143.2921377055
"2018-08-13 19:00:00",3247,3247.27533656246,-2532.29358609628,9026.8442592212,-5591.8125621475,12086.3632352724
"2018-08-13 20:00:00",2835,2328.46279251197,-3452.14283914703,8109.06842417097,-6512.21061579244,11169.1362008164
"2018-08-13 21:00:00",2615,1775.97554988299,-4005.6666048835,7557.61770464947,-7066.28308371742,10618.2341834834
"2018-08-13 22:00:00",1823,1523.51688608731,-4259.16160599384,7306.19537816845,-7320.32668866348,10367.3604608381
"2018-08-13 23:00:00",1117,1273.10089267779,-4510.61375102507,7056.81553638066,-7572.32733923053,10118.5291245861
"2018-08-14 00:00:00",571,775.749645949893,-5009.00096378153,6560.50025568131,-8071.26295927572,9622.76225117551
"2018-08-14 01:00:00",394,110.649957335807,-5675.1364329307,5896.43634760231,-8737.94673751931,8959.24665219092
"2018-08-14 02:00:00",284,-291.939487786439,-6078.76147319416,5494.88249762129,-9142.11998873561,8558.24101316273
"2018-08-14 03:00:00",340,57.9734910996385,-5729.88390415495,5845.83088635423,-8793.79053256033,8909.73751475961
"2018-08-14 04:00:00",940,1315.60829964171,-4473.28432026482,7104.50091954825,-7537.73896349786,10168.9555627813
"2018-08-14 05:00:00",3184,3119.51415962218,-2670.41349984071,8909.44181908507,-5735.41605991772,11974.4443791621
"2018-08-14 06:00:00",5702,4778.68883139521,-1012.27368262769,10569.6513454181,-4077.82406161753,13635.201724408
"2018-08-14 07:00:00",6573,5693.79964052981,-98.1975431559358,11485.7968242156,-3164.29564317994,14551.8949242396
"2018-08-14 08:00:00",5841,5701.13025174508,-91.9014168053936,11494.1619202955,-3158.54714003737,14560.8076435275
"2018-08-14 09:00:00",4766,5107.30881924574,-686.757149470335,10901.3747879618,-3753.95039813646,13968.5680366279
"2018-08-14 10:00:00",4478,4434.15974868792,-1360.94033559353,10229.2598329694,-4428.68101197234,13297.0005093482
"2018-08-14 11:00:00",4741,4094.77872105259,-1701.3552942928,9890.91273639798,-4769.64330071515,12959.2007428203
"2018-08-14 12:00:00",4996,4220.00196683864,-1577.16579516799,10017.1697288453,-4646.00103401698,13086.0049676943
"2018-08-14 13:00:00",4832,4688.75798182405,-1109.44334253974,10486.9593061878,-4178.8257162507,13556.3416798988
"2018-08-14 14:00:00",4985,5258.91461719052,-540.320085324902,11058.1493197059,-3610.24949638529,14128.0787307663
"2018-08-14 15:00:00",5672,5676.55146051603,-123.71643604394,11476.819357076,-3194.19278699337,14547.2957080254
"2018-08-14 16:00:00",6373,5734.37538637933,-66.9255202164668,11535.6762929751,-3137.9487136466,14606.6994864053
"2018-08-14 17:00:00",6014,5324.20602705317,-478.127705668033,11126.5397597744,-3549.69764422257,14198.1096983289
"2018-08-14 18:00:00",4525,4501.16839956991,-1302.19797546444,10304.5347746043,-4374.31456183906,13376.6513609789
"2018-08-14 19:00:00",3423,3498.95378086904,-2305.44505276433,9303.35261450242,-5378.10818970664,12376.0157514447
"2018-08-14 20:00:00",3046,2624.81468334659,-3180.61642526969,8430.24579196286,-6253.82601557918,11503.4553822724
"2018-08-14 21:00:00",2784,2063.97065508751,-3742.49254499347,7870.43385516848,-6816.2484915215,10944.1898016965
"2018-08-14 22:00:00",2287,1742.36294442555,-4065.13216369979,7549.85805255088,-7139.43436934947,10624.1602582006
"2018-08-14 23:00:00",2772,1393.30039615875,-4415.22643668835,7201.82722900585,-7490.07480441457,10276.6755967321
"2018-08-15 00:00:00",793,813.958961336677,-4995.59941300727,6623.51733568062,-8070.99384581661,9698.91176848996
"2018-08-15 01:00:00",492,112.09310381913,-5698.49662889432,5922.68283653258,-8774.43702984503,8998.62323748329
"2018-08-15 02:00:00",335,-286.495306702578,-6098.11621475568,5525.12560135053,-9174.60248695761,8601.61187355246
"2018-08-15 03:00:00",403,81.0981071600763,-5731.55379330025,5893.7500076204,-8808.58583991482,8970.78205423497
"2018-08-15 04:00:00",948,1344.62509548723,-4469.05761454521,7158.30780551967,-7546.63533878535,10235.8855297598
"2018-08-15 05:00:00",3181,3136.77011610141,-2677.94322076527,8951.48345296809,-5756.0665258954,12029.6067580982
"2018-08-15 06:00:00",5767,4780.34699618919,-1035.39678487101,10596.0907772494,-4114.06557420697,13674.7595665853
"2018-08-15 07:00:00",6561,5695.31252676981,-121.461515940236,11512.0865694799,-3200.67569284925,14591.3007463889
"2018-08-15 08:00:00",5930,5726.95238565587,-90.8517362573511,11544.7565075691,-3170.61120415799,14624.5159754697
"2018-08-15 09:00:00",4672,5174.0612853396,-644.772733427001,10992.8953041062,-3725.0773957891,14073.1999664683
"2018-08-15 10:00:00",4638,4538.90208783063,-1280.96164553637,10358.7658211976,-4361.81140588105,13439.6155815423
"2018-08-15 11:00:00",4979,4215.35020591895,-1605.5430598922,10036.2434717301,-4686.93782179174,13117.6382336296
"2018-08-15 12:00:00",5016,4327.2065068059,-1494.71610938977,10149.1291230016,-4576.65577646764,13231.0687900794
"2018-08-15 13:00:00",4841,4763.90368265469,-1059.04810196243,10586.8554672718,-4141.5325778932,13669.3399432026
"2018-08-15 14:00:00",4968,5306.54961508804,-517.431156083934,11130.53038626,-3600.46034459322,14213.5595747693
"2018-08-15 15:00:00",5428,5723.04942272145,-101.960153235134,11548.058998678,-3185.53395809961,14631.6328035425
"2018-08-15 16:00:00",5541,5810.12322610267,-15.914972964606,11636.1614251699,-3100.03329801189,14720.2797502172
"2018-08-15 17:00:00",5920,5438.68651662121,-388.380123979022,11265.7531572215,-3473.04287308768,14350.4159063301
"2018-08-15 18:00:00",4545,4628.65437568468,-1199.44052496692,10456.7492763363,-4284.6476020664,13541.9563534358
"2018-08-15 19:00:00",3358,3588.97922746739,-2240.14375185001,9418.1022067848,-5325.89506092059,12503.8535158554
"2018-08-15 20:00:00",3133,2634.80758352215,-3195.34329317146,8464.95846021577,-6281.63873824423,11551.2539052885
"2018-08-15 21:00:00",2687,1992.38781452283,-3838.79077835327,7823.56640739892,-6925.63026351006,10910.4058925557
"2018-08-15 22:00:00",1742,1635.8472868542,-4196.35884110643,7468.05341481483,-7283.74227047978,10555.4368441882
"2018-08-15 23:00:00",1051,1318.30993390621,-4514.92354813671,7151.54341594913,-7602.85082590982,10239.4706937222
"2018-08-16 00:00:00",652,811.185398923516,-5023.07525629507,6645.4460541421,-8111.54628670176,9733.91708454879
"2018-08-16 01:00:00",399,168.081905092073,-5667.2057424911,6003.36955267524,-8756.22042981576,9092.3842399999
"2018-08-16 02:00:00",300,-227.370997842865,-6063.68545707497,5608.94346138924,-9153.24370565252,8698.50170996679
"2018-08-16 03:00:00",412,89.3428632768773,-5747.9982269839,5926.68395353765,-8838.09994119974,9016.78566775349
"2018-08-16 04:00:00",977,1290.33788780509,-4548.02965295936,7128.70542856954,-7638.67473724933,10219.3505128595
"2018-08-16 05:00:00",3150,3055.82284296032,-2783.57096787801,8895.21665379865,-5874.75932672836,11986.405012649
"2018-08-16 06:00:00",5386,4723.31763394291,-1117.10226663462,10563.7375345204,-4208.83380458193,13655.4690724677
"2018-08-16 07:00:00",6494,5686.688607422,-154.757202655087,11528.1344174991,-3247.03182428624,14620.4090391302
"2018-08-16 08:00:00",5847,5752.23407711461,-90.2374623173346,11594.7056165465,-3183.0550722695,14687.5232264987
"2018-08-16 09:00:00",4976,5204.25464307332,-639.242445663639,11047.7517318103,-3732.60294862419,14141.1122347708
"2018-08-16 10:00:00",4466,4566.81545084475,-1277.70700724217,10411.3379089317,-4371.61030794865,13505.2412096382
"2018-08-16 11:00:00",4574,4266.72480349876,-1578.82284407776,10112.2724510753,-4673.26884731785,13206.7184543154
"2018-08-16 12:00:00",4961,4433.51668130024,-1413.05597600015,10280.0893386006,-4508.04458661161,13375.0779492121
"2018-08-16 13:00:00",4785,4921.58238303845,-926.015104314591,10769.1798703915,-4021.54622718523,13864.7109932621
"2018-08-16 14:00:00",4927,5463.97403294876,-384.648104880173,11312.5961707777,-3480.7216449478,14408.6697108453
"2018-08-16 15:00:00",5729,5814.51141430921,-35.1351945132201,11664.1580231316,-3131.75105676559,14760.773885384
"2018-08-16 16:00:00",6272,5813.15391804836,-37.516982379454,11663.8248184762,-3134.67507185424,14760.982907951
"2018-08-16 17:00:00",5928,5405.927906913,-445.767105826296,11257.6229196523,-3543.46732761104,14355.323141437
"2018-08-16 18:00:00",4580,4662.43030441403,-1190.28864143694,10515.149250265,-4288.530900669,13613.3915094971
"2018-08-16 19:00:00",3725,3773.2620805852,-2080.48061927171,9627.00478044211,-5179.26482113821,12725.7889823086
"2018-08-16 20:00:00",3205,2975.76596588053,-2879.00030897052,8830.53224073157,-5978.32635870835,11929.8582904694
"2018-08-16 21:00:00",3090,2413.16529575068,-3442.62437517657,8268.95496667792,-6542.49217807231,11368.8227695737
"2018-08-16 22:00:00",2377,2027.9045008035,-3828.90838737582,7884.71738898281,-6929.31784876568,10985.1268503727
"2018-08-16 23:00:00",1380,1607.45553466126,-4250.38039203969,7465.2914613622,-7351.3314173095,10566.242486632
"2018-08-17 00:00:00",809,988.300315459691,-4870.55847112609,6847.15910204547,-7972.05096571124,9948.65159663062
"2018-08-17 01:00:00",449,267.371788688859,-5592.5096792385,6127.25325661622,-8694.54354862389,9229.28712600161
"2018-08-17 02:00:00",363,-176.213867694202,-6037.11783851334,5684.69010312494,-9139.69298823336,8787.26525284496
"2018-08-17 03:00:00",408,87.0319213012408,-5774.89437405327,5948.95821665575,-8878.01070969174,9052.07455229422
"2018-08-17 04:00:00",899,1203.5750509218,-4659.37339070497,7066.52349254856,-7763.03081789509,10170.1809197387
"2018-08-17 05:00:00",2821,2863.39719965406,-3000.57321007507,8727.36760938319,-6104.77163449941,11831.5660338075
"2018-08-17 06:00:00",5243,4442.46215186691,-1422.53004788783,10307.4543516216,-4527.26937527824,13412.1936790121
"2018-08-17 07:00:00",5994,5373.87608624452,-492.137725552123,11239.8898980412,-3597.41786168973,14345.1700341788
"2018-08-17 08:00:00",5406,5481.05162476566,-385.983621182167,11348.0868707135,-3491.8044718973,14453.9077214286
"2018-08-17 09:00:00",4719,5039.42559479727,-828.630907503901,10907.4820970984,-3934.99237867608,14013.8435682706
"2018-08-17 10:00:00",4510,4546.08065197576,-1322.99692897375,10415.1582329253,-4429.89892653163,13522.0602304831
"2018-08-17 11:00:00",4948,4388.19828111269,-1481.90020087288,10258.2967630983,-4589.34263079418,13365.7391930196
"2018-08-17 12:00:00",5076,4645.32488560139,-1225.7943199006,10516.4440911034,-4333.77708821212,13624.4268594149
"2018-08-17 13:00:00",5027,5124.0689231532,-748.070828438155,10996.2086747446,-3856.59384121568,14104.7316875221
"2018-08-17 14:00:00",5289,5541.80544572032,-331.354674625839,11414.9655660665,-3440.41783799411,14524.0287294347
"2018-08-17 15:00:00",5581,5697.99858588567,-176.181725973133,11572.1788977445,-3285.78494610583,14681.7821178772
"2018-08-17 16:00:00",5734,5534.09859508132,-341.101731140295,11409.2989213029,-3451.24491425997,14519.4421044226
"2018-08-17 17:00:00",5141,5098.05221523379,-778.167948293077,10974.2723787607,-3888.8510006711,14084.9554311387
"2018-08-17 18:00:00",4536,4487.07443925823,-1390.16538460847,10364.3142631249,-4501.38821256503,13475.5370910815
"2018-08-17 19:00:00",3703,3813.19852909482,-2065.06077823842,9691.45783642806,-5176.82328814243,12803.2203463321
"2018-08-17 20:00:00",3279,3180.58131863853,-2698.69729537994,9059.859932657,-5810.99939364903,12172.1620309261
"2018-08-17 21:00:00",3177,2651.70558444273,-3228.5921595716,8532.00332845705,-6341.43375267208,11644.8449215575
"2018-08-17 22:00:00",2903,2215.53880205079,-3665.77789536187,8096.85549946346,-6779.15888980865,11210.2364939102
"2018-08-17 23:00:00",2126,1797.89630328511,-4084.43917102016,7680.23177759037,-7198.35947337674,10794.152079947
"2018-08-18 00:00:00",1569,1327.88105637147,-4555.47301841234,7211.23513115527,-7669.93253529077,10325.6946480337
"2018-08-18 01:00:00",806,815.963634277124,-5068.40886466278,6700.33613321703,-8183.4075027236,9815.33477127785
"2018-08-18 02:00:00",598,374.34365918487,-5511.04708768023,6259.73440604997,-8626.58475363243,9375.27207200217
"2018-08-18 03:00:00",448,153.907958521444,-5732.5008601294,6040.31677717229,-8848.57746073038,9156.39337777327
"2018-08-18 04:00:00",523,246.740926139131,-5640.68578824938,6134.16764052764,-8757.30123030493,9250.78308258319
"2018-08-18 05:00:00",940,634.642560143612,-5253.80187402579,6523.08699431301,-8370.95606439,9640.24118467723
"2018-08-18 06:00:00",1648,1219.61322848249,-4669.84874960224,7109.07520656721,-7787.54159517752,10226.7680521425
"2018-08-18 07:00:00",2229,1896.18561230423,-3994.2937339214,7786.66495852986,-7112.52514165839,10904.8963662669
"2018-08-18 08:00:00",2987,2594.28688921947,-3297.2096494637,8485.78342790264,-6415.97952636125,11604.5533048002
"2018-08-18 09:00:00",3922,3263.84709612852,-2628.66645941982,9156.36065167685,-5747.97471252493,12275.668904782
"2018-08-18 10:00:00",5146,3839.97698649948,-2053.55341041254,9733.5073834115,-5173.39994682034,12853.3539198193
"2018-08-18 11:00:00",4916,4246.27484427597,-1648.27221858908,10140.821907141,-4768.65694544278,13261.2066339947
"2018-08-18 12:00:00",4448,4443.98037501164,-1451.58317848654,10339.5439285098,-4572.50600297739,13460.4667530007
"2018-08-18 13:00:00",4438,4472.73029176174,-1423.84957714034,10369.3101606638,-4545.31040650759,13490.7709900311
"2018-08-18 14:00:00",4710,4426.6515050348,-1470.94450413252,10324.2475142021,-4592.94324566336,13446.246255733
"2018-08-18 15:00:00",4893,4375.42578373761,-1523.18619064682,10274.037758122,-4645.72275167637,13396.5743191516
"2018-08-18 16:00:00",4897,4304.91881801623,-1594.70894662761,10204.5465826601,-4717.78323453887,13327.6208705713
"2018-08-18 17:00:00",4664,4141.6597717134,-1758.9836083225,10042.3031517493,-4882.59553054627,13165.9150739731
"2018-08-18 18:00:00",4157,3842.34242900911,-2059.31639164178,9744.00124966001,-5183.46585565669,12868.1507136749
"2018-08-18 19:00:00",3619,3457.01317264851,-2445.66091393053,9359.68725922754,-5570.34782726292,12484.3741725599
"2018-08-18 20:00:00",3543,3093.21898620703,-2810.4701917034,8996.90816411746,-5935.69446192735,12122.1324343414
"2018-08-18 21:00:00",3442,2807.98257597822,-3096.72151875691,8712.68667071335,-6222.48305349416,11838.4482054506
"2018-08-18 22:00:00",3128,2536.71973356297,-3368.99910358013,8442.43857070607,-6495.29781050004,11568.737277626
"2018-08-18 23:00:00",2044,2143.48202931374,-3763.2513759105,8050.21543453798,-6890.08716273001,11177.0512213575
"2018-08-19 00:00:00",1346,1560.00890579493,-4347.73889327343,7467.75670486329,-7475.11166775703,10595.1294793469
"2018-08-19 01:00:00",997,884.792474530756,-5023.96954423443,6793.55449329595,-8151.87921419413,9921.46416325564
"2018-08-19 02:00:00",726,339.022844444769,-5570.75321995963,6248.79890884917,-8699.19969325488,9377.24538214442
"2018-08-19 03:00:00",386,108.061349209963,-5802.72858686561,6018.85128528553,-8931.7117714033,9147.83446982322
"2018-08-19 04:00:00",388,209.761017653641,-5702.04261621456,6121.56465152185,-8831.56241994895,9251.08445525623
"2018-08-19 05:00:00",552,510.448738968001,-5402.36841890373,6423.26589683974,-8532.42474983643,9553.32222777243
"2018-08-19 06:00:00",994,869.340146858626,-5044.49036131689,6783.17065503414,-8175.08312749679,9913.76342121404
"2018-08-19 07:00:00",1277,1267.15896107535,-4647.68472379347,7182.00264594417,-7778.81383331675,10313.1317554674
"2018-08-19 08:00:00",1971,1790.41279731726,-4125.44389072359,7706.26948535811,-7257.10925173363,10837.9348463681
"2018-08-19 09:00:00",2895,2488.46113461966,-3428.40838316106,8405.33065240039,-6560.60990384843,11537.5321730878
"2018-08-19 10:00:00",3766,3253.71715583059,-2664.16501834691,9171.59933000808,-5796.90260694931,12304.3369186105
"2018-08-19 11:00:00",4384,3859.89108880731,-2059.00356851283,9778.78574612744,-5192.27713331506,12912.0593109297
"2018-08-19 12:00:00",4624,4137.44691344122,-1782.46005385632,10057.3538807388,-4916.26950319025,13191.1633300727
"2018-08-19 13:00:00",4596,4120.73579086585,-1800.18331333267,10041.6548950644,-4934.52855557717,13176.0001373089
"2018-08-19 14:00:00",4742,4015.77559426553,-1906.1554738463,9937.70666237735,-5041.03641742722,13072.5876059583
"2018-08-19 15:00:00",4779,4006.42994818386,-1916.51291094226,9929.37280730999,-5051.9294643324,13064.7893607001
"2018-08-19 16:00:00",4989,4078.82975568769,-1845.12472164231,10002.7842330177,-4981.07679336137,13138.7363047368
"2018-08-19 17:00:00",4870,4036.14224422301,-1888.82367858897,9961.108167035,-5025.31117720349,13097.5956656495
"2018-08-19 18:00:00",4287,3696.43009745393,-2229.54709820658,9622.40729311443,-5366.56993232993,12759.4301272378
"2018-08-19 19:00:00",3792,3084.85694743601,-2842.13134852792,9011.84524339994,-5979.68942682024,12149.4033216923
"2018-08-19 20:00:00",3213,2428.29312106426,-3499.70610274629,8356.29234487481,-6637.79933391446,11494.385576043
"2018-08-19 21:00:00",2682,1948.07451547681,-3980.93546381177,7877.08449476539,-7119.56375660937,11015.712787563
"2018-08-19 22:00:00",1973,1649.43594991805,-4280.58461256811,7579.45651240421,-7419.74787579538,10718.6197756315
"2018-08-19 23:00:00",2369,1324.03591670479,-4606.99505678656,7255.06689019614,-7746.69319929036,10394.7650326999
"2018-08-20 00:00:00",922,786.07474161943,-5145.96647077271,6718.11595401157,-8286.19940144647,9858.34888468533
"2018-08-20 01:00:00",473,130.98787254432,-5802.06340673213,6064.03915182077,-8942.83103451583,9204.80677960447
"2018-08-20 02:00:00",346,-239.581829625227,-6173.64300385734,5694.47934460688,-9314.94523773744,8835.78157848699
"2018-08-20 03:00:00",369,112.477884762191,-5822.5930125847,6047.54878210908,-8964.42976159415,9189.38553111853
"2018-08-20 04:00:00",941,1301.8369583755,-4634.24349033298,7237.91740708398,-7776.61466355112,10380.2885803021
"2018-08-20 05:00:00",3005,2969.13848464602,-2967.95134375849,8906.22831305052,-6110.85685031106,12049.1338196031
"2018-08-20 06:00:00",5352,4474.68951669185,-1463.40951983064,10412.7885532143,-4606.84926888971,13556.2283022734
"2018-08-20 07:00:00",6077,5291.69584334999,-647.412229799908,11230.8039164999,-3791.38613058387,14374.7778172839
"2018-08-20 08:00:00",5349,5302.91504551778,-637.201892856368,11243.0319838919,-3781.70985462985,14387.5399456654
"2018-08-20 09:00:00",4777,4802.39882317382,-1138.72680910871,10743.5244554563,-4283.76874118257,13888.5663875302
"2018-08-20 10:00:00",4375,4248.13483339876,-1693.99932156354,10190.2689883611,-4839.57513329484,13335.8448000924
"2018-08-20 11:00:00",4532,3982.70357000818,-1960.43893649246,9925.84607650881,-5106.54853728438,13071.9556773007
"2018-08-20 12:00:00",4842,4107.54508584335,-1836.60560114126,10051.695772828,-4983.24890044312,13198.3390721298
"2018-08-20 13:00:00",4690,4527.68807080224,-1417.47062569904,10472.8467673035,-4564.64753300618,13620.0236746107
"2018-08-20 14:00:00",5001,5054.10737924612,-892.059155891447,11000.2739143837,-4039.76958074527,14147.9843392375
"2018-08-20 15:00:00",5388,5467.01893395542,-480.155269024926,11414.1931369358,-3628.39912101282,14562.4369889237
"2018-08-20 16:00:00",6423,5549.17729250102,-399.004407615406,11497.3589926175,-3547.7815963707,14646.1361813727
"2018-08-20 17:00:00",5848,5153.06835117518,-796.120675457369,11102.2573778077,-3945.4311106593,14251.5678130097
"2018-08-20 18:00:00",4285,4304.32280214378,-1645.87338047156,10254.5189847591,-4795.71697184525,13404.3625761328
"2018-08-20 19:00:00",3231,3245.80810566276,-2705.39506248863,9197.01127381416,-5855.77171980503,12347.3879311306
"2018-08-20 20:00:00",2726,2326.99556161241,-3625.21442171482,8279.20554493963,-6776.12405479066,11430.1151780155
"2018-08-20 21:00:00",2240,1774.50831898755,-4178.70830924171,7727.72494721681,-7330.1508279395,10879.1674659146
"2018-08-20 22:00:00",1617,1522.04965518817,-4432.1734477557,7476.27275813203,-7584.14876198364,10628.24807236
"2018-08-20 23:00:00",1005,1271.63366177804,-4683.59574577928,7226.86306933537,-7836.10376549127,10379.3710890474
"2018-08-21 00:00:00",659,774.282415052841,-5181.95312710301,6730.51795720869,-8334.99376229859,9883.55859240428
"2018-08-21 01:00:00",416,109.182726436483,-5848.05878038911,6066.42423326208,-9001.63194111341,9219.99739398638
"2018-08-21 02:00:00",316,-293.40671868735,-6251.65402033997,5664.84058296527,-9405.7596166837,8818.94617930899
"2018-08-21 03:00:00",336,56.5062602001003,-5902.74666652283,6015.75918692303,-9057.38460862219,9170.39712902239
"2018-08-21 04:00:00",996,1314.14106874208,-4646.11731338037,7274.39945086453,-7801.28751141708,10429.5696489012
"2018-08-21 05:00:00",3136,3118.04692872495,-2843.21673921207,9079.31059666197,-5998.91910341329,12235.0129608632
"2018-08-21 06:00:00",5701,4777.22160049925,-1185.04718375318,10739.4903847517,-4341.28162439146,13895.72482539
"2018-08-21 07:00:00",6837,5692.33240963215,-270.94132152225,11655.6061407866,-3427.70774891553,14812.3725681798
"2018-08-21 08:00:00",6123,5699.663020846,-264.615487882542,11663.9415295745,-3421.91381239409,14821.2398540861
"2018-08-21 09:00:00",5053,5105.84158834687,-859.441528713564,11071.1247054073,-4017.27166075195,14228.9548374457
"2018-08-21 10:00:00",4540,4432.69251778627,-1533.59503844929,10398.9800740218,-4691.95688846833,13557.3419240409
"2018-08-21 11:00:00",4652,4093.31149015438,-1873.98033618497,10060.6033164937,-5032.87381468369,13219.4967949925
"2018-08-21 12:00:00",4794,4218.53473593909,-1749.76119151805,10186.8306633962,-4909.18620904069,13346.2556809189
"2018-08-21 13:00:00",4762,4687.29075092628,-1282.00910874793,10656.5906106005,-4441.96557588383,13816.5470777364
"2018-08-21 14:00:00",4994,5257.44738629038,-712.856236785385,11227.7510093662,-3873.34406416902,14388.2388367498
"2018-08-21 15:00:00",5660,5675.08422961527,-296.222988131673,11646.3914473622,-3457.24208644257,14807.4105456731
"2018-08-21 16:00:00",6229,5732.90815547955,-239.402488293239,11705.2187992523,-3400.95276825595,14866.7690792151
"2018-08-21 17:00:00",5875,5322.73879615761,-650.575105080703,11296.0526973959,-3812.65647746479,14458.13406978
"2018-08-21 18:00:00",4435,4499.70116867007,-1474.61582155834,10474.0181588985,-4637.22819717831,13636.6305345185
"2018-08-21 19:00:00",3410,3497.48654997066,-2477.83336085729,9472.80646079862,-5640.97665057255,12635.9497505139
"2018-08-21 20:00:00",3003,2623.34745244702,-3352.97521067469,8599.67011556872,-6516.64932538953,11763.3442302836
"2018-08-21 21:00:00",2504,2062.50342418732,-3914.82182300705,8039.82867138168,-7079.02667367062,11204.0335220453
"2018-08-21 22:00:00",1747,1740.89571352451,-4237.43194960606,7719.22337665509,-7402.16744721229,10883.9588742613
"2018-08-21 23:00:00",1117,1391.83316526215,-4587.49674575274,7371.16307627704,-7752.76280134034,10536.4291318646
"2018-08-22 00:00:00",635,812.491730436638,-5167.84026049517,6792.82372136844,-8333.63678514757,9958.62024602084
"2018-08-22 01:00:00",425,110.625872919745,-5870.708030046,6091.95977588549,-9037.03493489132,9258.28668073081
"2018-08-22 02:00:00",279,-287.962537603211,-6270.29818480427,5694.37310959785,-9437.15538101528,8861.23030580886
"2018-08-22 03:00:00",393,79.6308762607132,-5903.70634746131,6062.96809998274,-9071.0937462554,9230.35549877682
"2018-08-22 04:00:00",994,1343.15786459279,-4641.18076802007,7327.49649720564,-7809.09828065919,10495.4140098448
"2018-08-22 05:00:00",3163,3135.30288519839,-2850.03698875929,9120.64275915607,-6018.48452654996,12289.0902969467
"2018-08-22 06:00:00",5766,4778.8797652899,-1207.46118255068,10765.2207131305,-4376.4386568439,13934.1981874237
"2018-08-22 07:00:00",6589,5693.84529587104,-293.4965584745,11681.1871502166,-3463.00388066576,14850.6944724078
"2018-08-22 08:00:00",6056,5725.48515475823,-262.857438798265,11713.8277483147,-3432.89452032745,14883.8648298439
"2018-08-22 09:00:00",5116,5172.59405443938,-816.74911111793,11161.9372199967,-3987.31586346935,14332.5039723481
"2018-08-22 10:00:00",4583,4537.4348569317,-1452.90871350006,10527.7784273635,-4624.00504820236,13698.8747620658
"2018-08-22 11:00:00",4734,4213.88297502034,-1777.46083324323,10205.2267832839,-4949.08666186937,13376.85261191
"2018-08-22 12:00:00",5043,4325.73927590746,-1666.60460322892,10318.0831550438,-4838.75983739615,13490.2383892111
"2018-08-22 13:00:00",4938,4762.43645175459,-1230.90733137919,10755.7802348884,-4403.591882749,13928.4647862582
"2018-08-22 14:00:00",5216,5305.08238418969,-689.261136149587,11299.425904529,-3862.47491642768,14472.639684807
"2018-08-22 15:00:00",5707,5721.58219182201,-273.760899014284,11716.9252826583,-3447.50381995052,14890.6682035945
"2018-08-22 16:00:00",6470,5808.65599520413,-187.686499504087,11804.9984899124,-3361.95847289247,14979.2704633007
"2018-08-22 17:00:00",5819,5437.21928572277,-560.12244631557,11434.5610177611,-3734.9233839942,14609.3619554397
"2018-08-22 18:00:00",4446,4627.18714479001,-1371.15365811989,10625.5279476999,-4546.48347197091,13800.8577615509
"2018-08-22 19:00:00",3444,3587.51199656873,-2411.82771083731,9586.85170397477,-5587.68631278692,12762.7103059244
"2018-08-22 20:00:00",3154,2633.34035261872,-3366.99809299115,8633.67879822859,-6543.3853950095,11810.0661002469
"2018-08-22 21:00:00",2627,1990.92058362204,-4010.41643398237,7992.25760122645,-7187.33234808358,11169.1735153277
"2018-08-22 22:00:00",1928,1634.38005595607,-4367.95536751653,7636.71547942868,-7545.39980575863,10814.1599176708
"2018-08-22 23:00:00",1169,1316.84270300744,-4686.49096028991,7320.17636630478,-7864.4638347748,10498.1492407897
"2018-08-23 00:00:00",596,350.116478369489,-5654.21525879196,6354.44821553093,-8832.71648166538,9532.94943840436
"2018-08-23 01:00:00",402,-292.987015463371,-6298.31666061103,5712.34262968428,-9477.34614406253,8891.37211313579
"2018-08-23 02:00:00",392,-688.439918394604,-6694.76730573325,5317.88746894404,-9874.32496199616,8497.44512520695
"2018-08-23 03:00:00",381,-371.726057277185,-6379.05102109422,5635.59890653986,-9559.13676244558,8815.68464789121
"2018-08-23 04:00:00",976,829.268967244722,-5179.05340742065,6837.59134191009,-8359.66714618119,10018.2050806706
"2018-08-23 05:00:00",3163,2594.75392240675,-3414.56569755935,8604.07354237286,-6595.70734609347,11785.215190907
"2018-08-23 06:00:00",5860,4262.24871339272,-1748.06798640893,10272.5654131944,-4929.73745712466,13454.2348839101
"2018-08-23 07:00:00",6815,5225.619686866,-785.693927388346,11236.9333011204,-3967.89113273729,14419.1305064693
"2018-08-23 08:00:00",6162,5291.16515656021,-721.145206846253,11303.4755199667,-3903.87005932357,14486.200372444
"2018-08-23 09:00:00",5583,4743.18572251996,-1270.12122482024,10756.4926698602,-4453.37363696459,13939.7450820045
"2018-08-23 10:00:00",4837,4105.74653029159,-1908.55683584608,10120.0498964293,-5092.33672023962,13303.8297808228
"2018-08-23 11:00:00",5015,3805.65588294441,-2209.64373693655,9820.95550282537,-5393.95100620486,13005.2627720937
"2018-08-23 12:00:00",5136,3972.44776074629,-2043.84794790576,9988.74346939834,-5228.68251471785,13173.5780362104
"2018-08-23 13:00:00",5051,4460.51346248405,-1556.77817004882,10477.8050950169,-4742.13994711705,13663.1668720852
"2018-08-23 14:00:00",5312,5002.9051123963,-1015.38227920899,11021.1925040016,-4201.27117928906,14207.0814040817
"2018-08-23 15:00:00",5848,5353.44249375649,-665.8404921946,11372.7254797076,-3852.2564280855,14559.1414155985
"2018-08-23 16:00:00",6586,5352.08499749317,-668.193418158828,11372.3634131452,-3855.13630270283,14559.3062976892
"2018-08-23 17:00:00",5780,4944.85898636058,-1076.41469442909,10966.1326671503,-4263.88444051167,14153.6024132328
"2018-08-23 18:00:00",4750,4201.36138385903,-1820.90739758668,10223.6301653047,-5008.90391813651,13411.6266858546
"2018-08-23 19:00:00",3519,3312.19316002984,-2711.07055767177,9335.45687773145,-5899.59376566069,12523.9800857204
"2018-08-23 20:00:00",2996,2514.69704533315,-3509.56144430569,8538.95553497199,-6698.61125274865,11728.005343415
"2018-08-23 21:00:00",2717,1952.09637519752,-4073.15672214127,7977.34947253632,-7262.7330440963,11166.9257944913
"2018-08-23 22:00:00",2107,1566.83558024645,-4459.41196063633,7593.08312112924,-7649.51470920452,10783.1858696974
"2018-08-23 23:00:00",1904,1146.38661410913,-4880.85520624294,7173.6284344612,-8071.48429456837,10364.2575227866
"2018-08-24 00:00:00",790,986.833084560075,-5041.40285126775,7015.0690203879,-8232.55819253751,10206.2243616577
"2018-08-24 01:00:00",505,265.904557792534,-5763.32532959865,6295.13444518371,-8955.00683704274,9486.81595262781
"2018-08-24 02:00:00",387,-177.68109859243,-6207.90477371561,5852.54257653075,-9400.11236060697,9044.7501634221
"2018-08-24 03:00:00",424,85.5646904021037,-5945.65260870271,6116.78198950692,-9138.38618835712,9309.51556916133
"2018-08-24 04:00:00",916,1202.10782002647,-4830.10293939053,7234.31857944347,-8023.36242516662,10427.5780652196
"2018-08-24 05:00:00",2950,2861.92996875656,-3171.27408738403,8895.13402489716,-6365.05939268323,12088.9193301963
"2018-08-24 06:00:00",5259,4440.99492096201,-1593.20226839437,10475.1921103184,-4787.51330666086,13669.5031485849
"2018-08-24 07:00:00",6243,5372.40885534484,-662.781303800226,11407.5990144899,-3857.61798852094,14602.4356992106
"2018-08-24 08:00:00",5687,5479.5843938653,-556.598571722023,11515.7673594526,-3751.96081642658,14711.1296041572
"2018-08-24 09:00:00",4971,5037.9583638979,-999.217244865819,11075.1339726616,-4195.1049631265,14271.0216909223
"2018-08-24 10:00:00",4539,4544.61342107667,-1493.55466767812,10582.7815098315,-4689.96777310983,13779.1946152632
"2018-08-24 11:00:00",4391,4386.73105021416,-1652.42935542682,10425.8914558552,-4849.36776168705,13622.8298621154
"2018-08-24 12:00:00",4971,4643.85765470365,-1396.29490479904,10684.0102142063,-4593.75852558784,13881.4738349951
"2018-08-24 13:00:00",5149,5122.60169225516,-918.542858165059,11163.7462426754,-4116.53160722499,14361.7349917353
"2018-08-24 14:00:00",5499,5540.33821482087,-501.798163652975,11582.4745932947,-3700.3119547691,14780.9883844108
"2018-08-24 15:00:00",5879,5696.53135498696,-346.596688756785,11739.6593987307,-3545.6354357566,14938.6981457305
"2018-08-24 16:00:00",6088,5532.63136418444,-511.488182125605,11576.7509104945,-3711.05179887903,14776.3145272479
"2018-08-24 17:00:00",5750,5096.58498433454,-948.525901918269,11141.6958705874,-4148.6143023376,14341.7842710067
"2018-08-24 18:00:00",4755,4485.60720835777,-1560.49485529426,10531.7092720098,-4761.10795333415,13732.3223700497
"2018-08-24 19:00:00",3467,3811.73129819822,-2235.36178038941,9858.82437678584,-5436.49949004681,13059.9620864432
"2018-08-24 20:00:00",3076,3179.1140877362,-2868.96984340327,9227.19801887567,-6070.6320787174,12428.8602541898
"2018-08-24 21:00:00",3164,2650.23835354173,-3398.83626784562,8699.31297492908,-6601.02294289797,11901.4996499814
"2018-08-24 22:00:00",2435,2214.07157115353,-3835.99357825747,8264.13672056454,-7038.70460717171,11466.8477494788
"2018-08-24 23:00:00",1860,1796.42907238569,-4254.6264429044,7847.48458767579,-7457.86173984639,11050.7198846178
"2018-08-25 00:00:00",1089,1326.41382547519,-4725.63189362904,7378.45954457941,-7929.39137280676,10582.2190237571
"2018-08-25 01:00:00",725,814.496403379001,-5238.53935755392,6867.53216431193,-8442.82293321749,10071.8157399755
"2018-08-25 02:00:00",495,372.876428286821,-5681.14921256885,6426.90206914249,-8885.95679901041,9631.70965558405
"2018-08-25 03:00:00",366,152.44072762292,-5902.57463132895,6207.45608657479,-9107.9061428827,9412.78759812854
"2018-08-25 04:00:00",500,245.27369524095,-5810.7312200599,6301.2786105418,-9016.58657110205,9507.13396158395
"2018-08-25 05:00:00",875,633.175329241658,-5423.81898074024,6690.16963922356,-8630.19808568895,9896.54874417227
"2018-08-25 06:00:00",1837,1218.14599758501,-4839.83754548922,7276.12954065924,-8046.74031880459,10483.0323139746
"2018-08-25 07:00:00",2672,1894.71838140538,-4164.2542332516,7953.69099606236,-7371.68058943562,11161.1173522464
"2018-08-25 08:00:00",3503,2592.81965831984,-3467.14186648941,8652.78118312908,-6675.09172008594,11860.7310367256
"2018-08-25 09:00:00",4100,3262.37986522915,-2798.57040838087,9323.33013883918,-6007.0436739756,12531.8034044339
"2018-08-25 10:00:00",4509,3838.50975560087,-2223.42910553742,9900.44861673915,-5432.42569775783,13109.4452089596
"2018-08-25 11:00:00",4647,4244.8076133767,-1818.1196740962,10307.7349008496,-5027.63950761155,13517.254734365
"2018-08-25 12:00:00",4846,4442.51314411458,-1621.40240857814,10506.4286968073,-4831.44539809938,13716.4716863285
"2018-08-25 13:00:00",4585,4471.2630608618,-1593.64059601468,10536.1667177383,-4804.20665629448,13746.7327780181
"2018-08-25 14:00:00",4696,4425.18427413687,-1640.70732596602,10491.0758742398,-4851.7963717987,13702.1649200725
"2018-08-25 15:00:00",5015,4373.95855283839,-1692.92082961219,10440.837935289,-4904.53277583371,13652.4498815105
"2018-08-25 16:00:00",4677,4303.45158711797,-1764.41541688013,10371.3185911161,-4976.55017836803,13583.453352604
"2018-08-25 17:00:00",4541,4140.19254081179,-1928.6619240122,10209.0470056358,-5141.31941568556,13421.7044973091
"2018-08-25 18:00:00",3914,3840.87519810955,-2228.96656689711,9910.7169631162,-5442.14670371657,13123.8970999357
"2018-08-25 19:00:00",3371,3455.54594174873,-2615.28296287576,9526.37484637322,-5828.98565984343,12740.0775433409
"2018-08-25 20:00:00",3071,3091.75175530817,-2980.06412844763,9163.56763906397,-6194.28930060707,12377.7928112234
"2018-08-25 21:00:00",3156,2806.51534507967,-3266.28735739917,8879.31804755851,-6481.03491983537,12094.0656099947
"2018-08-25 22:00:00",2713,2535.252502664,-3538.5368582078,8609.04186353579,-6753.80672604713,11824.3117313751
"2018-08-25 23:00:00",2134,2142.01479841327,-3932.76106059951,8216.79065742606,-7148.55314900971,11432.5827458363
"2018-08-26 00:00:00",1375,1558.54167489653,-4517.22052208333,7634.30387187639,-7733.53474627347,10850.6180960665
"2018-08-26 01:00:00",855,883.325243632087,-5193.42313121894,6960.07361848312,-8410.25940643935,10176.9098937035
"2018-08-26 02:00:00",614,337.555613547691,-5740.17877915653,6415.29000625191,-8957.5370206988,9632.64824779418
"2018-08-26 03:00:00",382,106.594118309592,-5972.1261323077,6185.31436892689,-9190.00625550467,9403.19449212385
"2018-08-26 04:00:00",325,208.293786753369,-5871.4121619147,6287.99973542143,-9089.81408214036,9506.4016556471
"2018-08-26 05:00:00",551,508.9815080685,-5571.70997886577,6589.67299500277,-8790.63361153529,9808.59662767229
"2018-08-26 06:00:00",1106,867.872915959831,-5213.80394953377,6949.54978145343,-8433.24921010342,10168.9950420231
"2018-08-26 07:00:00",1657,1265.69173017602,-4816.97035424763,7348.35381459967,-8036.93715821481,10568.3206185668
"2018-08-26 08:00:00",2467,1788.9455664167,-4294.70157738529,7872.5927102187,-7515.1898402884,11093.0809731218
"2018-08-26 09:00:00",3408,2486.9939037208,-3597.63813998531,8571.62594742691,-6818.6477774038,11792.6355848454
"2018-08-26 10:00:00",4017,3252.24992493228,-2833.36685928116,9337.86670914572,-6054.89778683546,12559.3976367
"2018-08-26 11:00:00",4394,3858.42385790724,-2228.17750749409,9945.02522330858,-5450.2296408456,13167.0773566601
"2018-08-26 12:00:00",4638,4135.9796825416,-1951.6061048055,10223.5654698887,-5174.17935965652,13446.1387247397
"2018-08-26 13:00:00",4494,4119.26855996997,-1969.30149015802,10207.838610098,-5192.39578225176,13430.9329021917
"2018-08-26 14:00:00",4565,4014.30836336697,-2075.2457904542,10103.8625171881,-5298.8610355747,13327.4777623086
"2018-08-26 15:00:00",4289,4004.96271728564,-2085.57538121811,10095.5008157894,-5309.71149519026,13319.6369297615
"2018-08-26 16:00:00",4259,4077.36252478695,-2014.15935946584,10168.8844090398,-5238.81625815531,13393.5413077292
"2018-08-26 17:00:00",3998,4034.67501332438,-2057.83049782092,10127.1805244697,-5283.00809713412,13352.3581237829
"2018-08-26 18:00:00",3688,3694.96286655246,-2398.52611270572,9788.45184581064,-5624.22432858981,13014.1500616947
"2018-08-26 19:00:00",3165,3083.3897165337,-3011.08257213461,9177.86200520201,-6237.30132057742,12404.0807536448
"2018-08-26 20:00:00",2840,2426.82589016442,-3668.62954928808,8522.28132961692,-6895.36874631811,11749.0205266469
"2018-08-26 21:00:00",2330,1946.60728457588,-4149.8311471116,8043.04571626336,-7377.09070879797,11270.3052779497
"2018-08-26 22:00:00",1913,1647.96871901857,-4449.45254643138,7745.38998446851,-7677.2323888838,10973.1698269209
"2018-08-26 23:00:00",1208,1322.56868580865,-4775.83525500785,7420.97262662516,-8004.13529437661,10649.2726659939
"2018-08-27 00:00:00",666,784.6075107193,-5314.77894714442,6883.99396858302,-8543.59909962031,10112.8141210589
"2018-08-27 01:00:00",337,129.520641645019,-5970.84817502307,6229.88945831311,-9200.18835683739,9459.22964012743
"2018-08-27 02:00:00",292,-241.049060525986,-6342.40007783203,5860.30195678006,-9572.26020525654,9090.16208420456
"2018-08-27 03:00:00",358,111.010653864314,-5991.32240598964,6213.34371371827,-9221.70239533653,9443.72370306515
"2018-08-27 04:00:00",933,1300.36972747717,-4802.94521691097,7403.68467186532,-8033.84498453281,10634.5844394872
"2018-08-27 05:00:00",3129,2967.67125374122,-3136.62541724363,9071.96792472606,-6368.04487953339,12303.3873870158
"2018-08-27 06:00:00",5575,4473.22228579098,-1632.05595392929,10578.5005255112,-4863.99502732023,13810.4395989022
"2018-08-27 07:00:00",6493,5290.22861245373,-816.031038216786,11396.4882631243,-4048.4896391825,14628.94686409
"2018-08-27 08:00:00",6125,5301.44781461751,-805.793089294167,11408.6887185292,-4038.77113434849,14641.6667635835
"2018-08-27 09:00:00",5094,4800.93159227665,-1307.2904072431,10909.1535917964,-4540.78781294013,14142.6509974934
"2018-08-27 10:00:00",4672,4246.66760250051,-1862.53533507016,10355.8705400712,-5096.55201800418,13589.8872230052
"2018-08-27 11:00:00",4775,3981.23633910829,-2128.94737903204,10091.4200572486,-5363.4832558375,13325.9559340541
"2018-08-27 12:00:00",4880,4106.07785494569,-2005.08648635885,10217.2421962502,-5240.14147371034,13452.2971836017
"2018-08-27 13:00:00",4890,4526.22083990251,-1585.92396723658,10638.3656470416,-4821.4979818488,13873.9396616538
"2018-08-27 14:00:00",5048,5052.64014834559,-1060.48496737406,11165.7652640652,-4296.57792600179,14401.858222693
"2018-08-27 15:00:00",5661,5465.5517030572,-648.553564064674,11579.6569701791,-3885.16538350272,14816.2687896171
"2018-08-27 16:00:00",6535,5547.71006160211,-567.375199819237,11662.7953230235,-3804.50579690243,14899.9259201066
"2018-08-27 17:00:00",5298,5151.60112027478,-964.463978418789,11267.6662189684,-4202.11327002193,14505.3155105715
"2018-08-27 18:00:00",3629,4302.85557124473,-1814.18920776929,10419.9003502588,-5052.35711080712,13658.0682532966
"2018-08-27 19:00:00",2922,3244.34087476055,-2873.68342769754,9362.36517721863,-6112.36985912472,12601.0516086458
"2018-08-27 20:00:00",2536,2325.52833071499,-3793.47533838612,8444.5319998161,-7032.68021519719,11683.7368766272
"2018-08-27 21:00:00",2139,1773.0410880879,-4346.94179093047,7893.02396710626,-7586.66503015982,11132.7472063356
"2018-08-27 22:00:00",1503,1520.58242428753,-4600.37950799754,7641.5443565726,-7840.62102671939,10881.7858752944
"2018-08-27 23:00:00",1014,1270.16643087852,-4851.77439809786,7392.10725985491,-8092.53411342619,10632.8669751832
"2018-08-28 00:00:00",576,772.815184153254,-5350.10438501415,6895.73475332066,-8591.38221410271,10137.0125824092
"2018-08-28 01:00:00",364,107.715495535969,-6016.18265739719,6231.61364846913,-9257.97851743946,9473.4095085114
"2018-08-28 02:00:00",234,-294.873949585003,-6419.75052993365,5830.00263076364,-9662.06433816278,9072.31643899277
"2018-08-28 03:00:00",367,55.0390293003989,-6070.81582218836,6180.89388078916,-9313.64749587718,9423.72555447797
"2018-08-28 04:00:00",986,1312.6738378426,-4814.15912858577,7439.50680427097,-8057.50858504671,10682.8562607319
"2018-08-28 05:00:00",3161,3116.57969782699,-3011.23122741528,9244.39062306926,-6255.09838400039,12488.2577796544
"2018-08-28 06:00:00",5611,4775.75436960023,-1353.03435840497,10904.5430976054,-4597.41913250587,14148.9278717063
"2018-08-28 07:00:00",6147,5690.86517873132,-438.901196060517,11820.6315535232,-3683.80350510833,15065.533862571
"2018-08-28 08:00:00",5692,5698.19578994813,-432.548075728669,11828.9396556249,-3677.96783719404,15074.3594170903
"2018-08-28 09:00:00",5153,5104.37435744855,-1027.34684328611,11236.0955581832,-4273.28397467915,14482.0326895762
"2018-08-28 10:00:00",4624,4431.22528688849,-1701.4730931514,10563.9236669284,-4947.92751202165,13810.3780857986
"2018-08-28 11:00:00",4678,4091.84425925582,-2041.83114441113,10225.5196629228,-5288.80276834754,13472.4912868592
"2018-08-28 12:00:00",4954,4217.06750504108,-1917.58476664915,10351.7197767313,-5165.07351328005,13599.2085233622
"2018-08-28 13:00:00",5032,4685.82352002592,-1449.8054641581,10821.4525042099,-4697.81125115118,14069.458291203
"2018-08-28 14:00:00",5273,5255.98015539065,-880.625385831973,11392.5856966133,-4129.1481308942,14641.1084416755
"2018-08-28 15:00:00",5865,5673.61699871805,-463.964944162161,11811.1989415983,-3713.0045650398,15060.2385624759
"2018-08-28 16:00:00",6657,5731.4409245804,-407.117264650548,11869.9991138113,-3656.67367912912,15119.5555282899
"2018-08-28 17:00:00",5716,5321.27156525674,-818.262715092166,11460.8058456057,-4068.3358409964,14710.8789715099
"2018-08-28 18:00:00",4363,4498.23393777216,-1642.27627853597,10638.7441540803,-4892.86603372979,13889.3339092741
"2018-08-28 19:00:00",3406,3496.01931907108,-2645.46667811149,9637.50531625365,-5896.57298049798,12888.6116186401
"2018-08-28 20:00:00",2896,2621.88022155049,-3520.58140149566,8764.34184459663,-6772.20416901702,12015.964612118
"2018-08-28 21:00:00",2576,2061.03619328405,-4082.40090068865,8204.47328725675,-7334.54005132618,11456.6124378943
"2018-08-28 22:00:00",1733,1739.42848262543,-4404.9839274106,7883.84089266146,-7657.63937918465,11136.4963444355
"2018-08-28 23:00:00",1153,1390.36593436325,-4755.02163694663,7535.75350567312,-8008.19330791661,10788.9251766431
"2018-08-29 00:00:00",623,811.024499536496,-5335.3380783314,6957.3870774044,-8589.0258865957,10211.0748856687
"2018-08-29 01:00:00",335,109.158642020991,-6038.17878776274,6256.49607180472,-9292.38265145871,9510.6999355007
"2018-08-29 02:00:00",299,-289.429768501956,-6437.74189563287,5858.88235862896,-9692.46173293683,9113.60219593292
"2018-08-29 03:00:00",372,78.1636453645901,-6071.12302461837,6227.45031534755,-9326.35875374554,9482.68604447471
"2018-08-29 04:00:00",981,1341.69063369368,-4808.57042471963,7491.951692107,-8064.32196392408,10747.7032313114
"2018-08-29 05:00:00",3103,3133.83565429921,-3017.39963819614,9285.07094679455,-6273.66690577082,12541.3382143692
"2018-08-29 06:00:00",5902,4777.41253438989,-1374.7968379125,10929.6219066923,-4631.57975218916,14186.4048209689
"2018-08-29 07:00:00",6775,5692.3780649723,-460.805232935417,11845.56136288,-3718.1037122846,15102.8598422292
"2018-08-29 08:00:00",6164,5724.0179238592,-430.139145525326,11878.1749932437,-3687.95310835632,15135.9889560747
"2018-08-29 09:00:00",5421,5171.12682354158,-984.003863264395,11326.2575103476,-4242.33322802523,14584.5868751084
"2018-08-29 10:00:00",4871,4535.96762603277,-1620.13652421239,10692.0717762779,-4878.98120938977,13950.9164614553
"2018-08-29 11:00:00",4969,4212.41574412119,-1944.66171565392,10369.4932038963,-5204.02163977322,13628.8531280156
"2018-08-29 12:00:00",5134,4324.27204500734,-1833.77857046147,10482.3226604762,-5093.65365208669,13742.1977421014
"2018-08-29 13:00:00",4999,4760.96922085446,-1398.05439654472,10919.9928382536,-4658.44455427848,14180.3829959874
"2018-08-29 14:00:00",5349,5303.61515329009,-856.381312348989,11463.6116189292,-4117.28646483246,14724.5167714126
"2018-08-29 15:00:00",5814,5720.1149609234,-440.854199337922,11881.0841211847,-3702.27426525083,15142.5041870976
"2018-08-29 16:00:00",6578,5807.18876430487,-354.75293703377,11969.1304656435,-3616.68783509435,15231.0653637041
"2018-08-29 17:00:00",5860,5435.7520548238,-727.162034119939,11598.6661437675,-3989.6116830849,14861.1157927325
"2018-08-29 18:00:00",4554,4625.7199138892,-1538.16640926004,10789.6062370384,-4801.13072792454,14052.5705557029
"2018-08-29 19:00:00",3487,3586.04476567264,-2578.8136383551,9750.90316970037,-5842.29254555272,13014.382076898
"2018-08-29 20:00:00",3205,2631.87312171956,-3533.95720993217,8797.70345337128,-6797.95062453489,12061.696867974
"2018-08-29 21:00:00",2800,1989.45335272343,-4177.34875337026,8156.25545881711,-7441.8565942884,11420.7632997353
"2018-08-29 22:00:00",2106,1632.91282505812,-4534.8609023679,7800.68655248413,-7799.88308855012,11065.7087386664
"2018-08-29 23:00:00",1272,1315.37547210817,-4853.36972361289,7484.12066782923,-8118.90617404615,10749.6571182625
"2018-08-30 00:00:00",670,808.25093712508,-5361.46557392603,6977.96744817619,-8627.51620763555,10244.0180818857
"2018-08-30 01:00:00",456,165.147443292472,-6005.54023019594,6335.83511678088,-9272.10496624518,9602.39985283013
"2018-08-30 02:00:00",326,-230.305459640711,-6401.96414274583,5941.35322346441,-9669.04290023647,9208.43198095505
"2018-08-30 03:00:00",388,86.408401478142,-6086.22113849524,6259.03794145152,-9353.81383656712,9526.6306395234
"2018-08-30 04:00:00",1008,1287.40342600311,-4886.19681816213,7461.00367016834,-8154.30337599325,10729.1102279995
"2018-08-30 05:00:00",3070,3052.88838116368,-3121.68241458902,9227.45917691637,-6390.3027513955,12496.0795137229
"2018-08-30 06:00:00",5886,4720.38317214922,-1455.1580226585,10895.9243669569,-4724.29205769454,14165.058401993
"2018-08-30 07:00:00",6466,5683.75414562279,-492.757295779411,11860.265587025,-3762.40494833727,15129.9132395828
"2018-08-30 08:00:00",5995,5749.29961531463,-428.181920293337,11926.7811509226,-3698.34310970331,15196.9423403326
"2018-08-30 09:00:00",5467,5201.32018127632,-977.131296220484,11379.7716587731,-4247.80594185085,14650.4463044035
"2018-08-30 10:00:00",4911,4563.88098904749,-1615.54027809294,10743.3022561879,-4886.72829934997,14014.4902774449
"2018-08-30 11:00:00",5095,4263.79034170037,-1916.60056291016,10444.1812463109,-5188.30187923804,13715.8825626388
"2018-08-30 12:00:00",5308,4430.58221950181,-1750.77817047689,10611.9426094805,-5022.99270135773,13884.1571403613
"2018-08-30 13:00:00",5213,4918.64792123951,-1263.68180207699,11100.977644556,-4536.40946703076,14373.7053095098
"2018-08-30 14:00:00",5680,5461.03957115166,-722.25933354377,11644.3384758471,-3995.50005212832,14917.5791944316
"2018-08-30 15:00:00",6238,5811.57695251222,-372.690981674723,11995.8448866992,-3646.4446734857,15269.5985785101
"2018-08-30 16:00:00",6453,5810.21945625123,-375.017355611184,11995.4562681136,-3649.28394028204,15269.7228527845
"2018-08-30 17:00:00",5775,5402.99344511666,-783.212092676515,11589.1989829098,-4057.99148987844,14863.9783801118
"2018-08-30 18:00:00",4531,4659.49584261444,-1527.67826943607,10846.669954665,-4802.97039887801,14121.9620841069
"2018-08-30 19:00:00",3884,3770.32761878614,-2417.8149159195,9958.47015349178,-5693.61969734809,13234.2749349204
"2018-08-30 20:00:00",3332,2972.83150408611,-3216.27930174361,9161.94230991583,-6492.59665494317,12438.2596631154
"2018-08-30 21:00:00",3049,2410.23083395505,-3779.84809153881,8600.30975944892,-7056.67793633129,11877.1396042414
"2018-08-30 22:00:00",2221,2024.97003900411,-4166.07685476502,8216.01693277324,-7443.41911100997,11493.3591890182
"2018-08-30 23:00:00",1396,1604.52107286364,-4587.49363786286,7796.53578359015,-7865.34822545745,11074.3903711847
"2018-08-31 00:00:00",764,985.365853663777,-5207.61652277316,7178.34823010072,-8485.98336165209,10456.7150689796
"2018-08-31 01:00:00",456,264.437326892065,-5929.51256407925,6458.38721786338,-9208.39157421475,9737.26622799888
"2018-08-31 02:00:00",358,-179.14832948965,-6374.06558389012,6015.76892491082,-9653.45668529191,9295.16002631261
"2018-08-31 03:00:00",378,84.0974595013154,-6111.78700729386,6279.98192629649,-9391.69012000913,9559.88503901176
"2018-08-31 04:00:00",851,1200.64058912806,-4996.21093909809,7397.49211735422,-8276.62598321148,10677.9071614676
"2018-08-31 05:00:00",2754,2860.46273785744,-3337.35570090663,9058.28117662151,-6618.28259654017,12339.2080722551
"2018-08-31 06:00:00",5200,4439.52769006481,-1759.25750841472,10638.3128885443,-5040.69617572783,13919.7515558575
"2018-08-31 07:00:00",6270,5370.9416244471,-828.810182996002,11570.6934318902,-4110.76054218545,14852.6437910797
"2018-08-31 08:00:00",5687,5478.11716296849,-722.601102756786,11678.8354286938,-4005.06307405666,14961.2973999937
"2018-08-31 09:00:00",5328,5036.49113299766,-1165.19344039884,11238.1757063942,-4448.16694408052,14521.1492100759
"2018-08-31 10:00:00",5102,4543.14619017625,-1659.50454035092,10745.7969207034,-4942.98949672305,14029.2818770756
"2018-08-31 11:00:00",5359,4385.26381931329,-1818.35291787433,10588.8805565009,-5102.34924728278,13872.8768859094
"2018-08-31 12:00:00",5587,4642.39042380424,-1562.19216964388,10846.9730172524,-4846.69979247174,14131.4806400802
"2018-08-31 13:00:00",5400,5121.13446135626,-1084.41383802265,11326.6827607352,-4369.43267469017,14611.7015974027
"2018-08-31 14:00:00",5705,5538.87098392064,-667.642871129514,11745.3848389708,-3953.1728420941,15030.9148099354
"2018-08-31 15:00:00",5998,5695.06412408715,-512.415136444824,11902.5433846191,-3798.45616220099,15188.5844103753
"2018-08-31 16:00:00",5925,5531.16413328394,-677.280382610499,11739.6086491784,-3963.83238368986,15026.1606502577
"2018-08-31 17:00:00",5418,5095.11775343589,-1114.29186777165,11304.5273746434,-4401.35476474287,14591.5902716147
"2018-08-31 18:00:00",4935,4484.13997746002,-1726.23459908122,10694.5145540013,-5013.80831255001,13982.0882674701
"2018-08-31 19:00:00",3945,3810.26406729742,-2401.07531466803,10021.6034492629,-5689.15976527709,13309.6878998719
"2018-08-31 20:00:00",3233,3177.64685683568,-3034.65718071432,9389.95089438567,-6323.25228914333,12678.5460028147
"2018-08-31 21:00:00",2910,2648.7711226454,-3564.49742071928,8862.03966601008,-6853.60310768486,12151.1453529757
"2018-08-31 22:00:00",2830,2212.60434025392,-4001.62855922532,8426.83723973316,-7291.244745481,11716.4534259889
"2018-08-31 23:00:00",2147,1794.96184148848,-4420.23526447487,8010.15894745183,-7710.3618708111,11300.2855537881
"2018-09-01 00:00:00",1335,1324.94659457264,-4891.21456831402,7541.10775745929,-8181.85151555807,10831.7447047033
"2018-09-01 01:00:00",785,813.029172479321,-5404.09589783939,7030.15424279803,-8695.24310685538,10321.301451814
"2018-09-01 02:00:00",569,371.409197388216,-5846.67963094083,6589.49802571726,-9138.33702262968,9881.15541740611
"2018-09-01 03:00:00",425,150.973496723423,-6068.07894026371,6370.02593371055,-9360.24643556311,9662.19342900996
"2018-09-01 04:00:00",419,243.806464342091,-5976.20943202028,6463.82236070446,-9268.88695190468,9756.49988058886
"2018-09-01 05:00:00",741,631.708098342502,-5589.27110818164,6852.68730486664,-8882.45857366218,10145.8747703472
"2018-09-01 06:00:00",1529,1216.67876668689,-5005.26360085484,7438.62113422861,-8298.96093297938,10732.3184663532
"2018-09-01 07:00:00",2477,1893.25115050751,-4329.65422897688,8116.15652999191,-7623.86134882992,11410.3636498449
"2018-09-01 08:00:00",3476,2591.35242742006,-3632.51581500128,8815.2206698414,-6927.23264370394,12109.9374985441
"2018-09-01 09:00:00",4212,3260.91263433016,-2963.91832209155,9485.74359075186,-6259.14478080158,12780.9700494619
"2018-09-01 10:00:00",4578,3837.04252470136,-2388.75099685323,10062.8360462559,-5684.48700676494,13358.5720561676
"2018-09-01 11:00:00",4897,4243.34038247687,-1983.41555541214,10470.0963203659,-5279.66103775639,13766.3418027101
"2018-09-01 12:00:00",4854,4441.0459132145,-1786.67229227948,10668.7641187085,-5083.42716832365,13965.5189947526
"2018-09-01 13:00:00",4972,4469.79582996463,-1758.88449447379,10698.4761544031,-5056.14868552173,13995.740345451
"2018-09-01 14:00:00",5056,4423.71704323677,-1805.92525155443,10653.359338028,-5103.69867894649,13951.13276542
"2018-09-01 15:00:00",4719,4372.49132193805,-1858.11279468311,10603.0954385592,-5156.39537979605,13901.3780236721
"2018-09-01 16:00:00",4649,4301.98435621867,-1929.58143377837,10533.5501462157,-5228.37309802536,13832.3418104627
"2018-09-01 17:00:00",4622,4138.72530991514,-2093.80200507246,10371.2526249027,-5393.10266990304,13670.5532897333
"2018-09-01 18:00:00",4261,3839.40796721303,-2394.08072444846,10072.8966588745,-5693.89031134853,13372.7062457746
"2018-09-01 19:00:00",3518,3454.07871084966,-2780.37120923766,9688.52863093697,-6080.68963972944,12988.8470614288
"2018-09-01 20:00:00",3196,3090.28452440859,-3145.12647592506,9325.69552474223,-6445.95367156706,12626.5227203842
"2018-09-01 21:00:00",2880,2805.04811418138,-3431.3238182876,9041.42004665036,-6732.6597006746,12342.7559290374
"2018-09-01 22:00:00",2815,2533.7852717604,-3703.54744480138,8771.11798832218,-7005.39193556439,12072.9624790852
"2018-09-01 23:00:00",1945,2140.54756751368,-4097.74578516677,8378.84092019412,-7400.09880597302,11681.1939410004
"2018-09-02 00:00:00",1273,1557.07444399814,-4682.17939689518,7796.32828489146,-7985.04086944808,11099.1897574444
"2018-09-02 01:00:00",801,881.858012734557,-5358.35616853416,7122.07219400327,-8661.72601457326,10425.4420400424
"2018-09-02 02:00:00",565,336.088382646209,-5905.08599122865,6577.26275652107,-9208.96413252965,9881.14089782206
"2018-09-02 03:00:00",386,105.126887411009,-6137.00753136894,6347.26130619096,-9441.39388974361,9651.64766456563
"2018-09-02 04:00:00",316,206.826555853156,-6036.26776019897,6449.92087190528,-9341.16225749518,9754.81536920149
"2018-09-02 05:00:00",532,507.514277169857,-5736.53978858962,6751.56834292934,-9041.94234669126,10056.970901031
"2018-09-02 06:00:00",1003,866.405685061059,-5378.60798290898,7111.41935303109,-8684.51852373596,10417.3298938581
"2018-09-02 07:00:00",1607,1264.22449927641,-4981.74862347537,7510.19762202818,-8288.1670689836,10816.6160675364
"2018-09-02 08:00:00",2334,1787.47833551931,-4459.45409465333,8034.41076569196,-7766.38036683467,11341.3370378733
"2018-09-02 09:00:00",2929,2485.52667282119,-3762.36491747932,8733.41826312169,-7069.79893836156,12040.8522840039
"2018-09-02 10:00:00",3571,3250.78269403108,-2998.06790917211,9499.63329723427,-6306.00960081896,12807.5749888811
"2018-09-02 11:00:00",4040,3856.95662700911,-2392.85284193936,10106.7660959576,-5701.30212645038,13415.2153804686
"2018-09-02 12:00:00",4549,4134.51245164403,-2116.25573596004,10385.2806392481,-5425.21253547066,13694.2374387587
"2018-09-02 13:00:00",4414,4117.80132906968,-2133.92543016797,10369.5280883073,-5443.38966684945,13678.9923249888
"2018-09-02 14:00:00",4299,4012.84113246728,-2239.84405144956,10265.5263163841,-5549.81564750893,13575.4979124435
"2018-09-02 15:00:00",4330,4003.49548638583,-2250.14797532337,10257.138948095,-5560.62685300345,13567.6178257751
"2018-09-02 16:00:00",4197,4075.89529388819,-2178.70629879405,10330.4968865704,-5489.69238037338,13641.4829681498
"2018-09-02 17:00:00",3833,4033.20778242328,-2222.35179448016,10288.7673593267,-5533.84500227301,13600.2605671196
"2018-09-02 18:00:00",3601,3693.49563565543,-2563.02177878477,9950.01305009562,-5875.02203514108,13262.0133064519
"2018-09-02 19:00:00",3098,3081.92248563442,-3175.55261972545,9339.39759099429,-6488.05984703083,12651.9048182997
"2018-09-02 20:00:00",3115,2425.35865926818,-3833.07399046159,8683.79130899795,-7146.08811113728,11996.8054296736
"2018-09-02 21:00:00",2669,1945.14005367466,-4314.2499939425,8204.53010129181,-7627.77093044533,11518.0510377946
"2018-09-02 22:00:00",2066,1646.5014881179,-4613.84581097132,7906.84878720713,-7927.87348579371,11220.8764620295
"2018-09-02 23:00:00",1475,1321.10145490829,-4940.20294930484,7582.40585912143,-8254.73728497476,10896.9401947913
"2018-09-03 00:00:00",962,323.538590167263,-5938.72277288873,6585.79995322326,-9253.76369196966,9900.84087230418
"2018-09-03 01:00:00",694,-331.548278909311,-6594.76645459415,5931.66989677553,-9910.31387968508,9247.21732186645
"2018-09-03 02:00:00",421,-702.117981077441,-6966.29282324413,5562.05686108925,-10282.3466769795,8878.11071482461
"2018-09-03 03:00:00",310,-350.058266689947,-6615.18962925842,5915.07309587853,-9931.74983430812,9231.63330092822
"2018-09-03 04:00:00",325,839.300806923171,-5426.78693003393,7105.38854388028,-8743.85340910326,10422.4550229496
"2018-09-03 05:00:00",590,2506.60233318979,-3760.44163220963,8773.64629858921,-7078.01430803928,12091.2189744189
"2018-09-03 06:00:00",1141,4012.15336523592,-2255.8466827263,10280.1534131981,-5573.92547809231,13598.2322085641
"2018-09-03 07:00:00",1556,4829.15969190008,-1439.79629281216,11098.1156766123,-4758.38113052593,14416.7005143261
"2018-09-03 08:00:00",1995,4840.37889406352,-1429.53288165267,11110.2906697797,-4748.62368456087,14429.3814726879
"2018-09-03 09:00:00",2524,4339.86267172099,-1931.0047493197,10610.7300927617,-5250.6014403043,13930.3267837463
"2018-09-03 10:00:00",3050,3785.5986819468,-2486.22423880555,10057.4216026992,-5806.32674078377,13377.5241046774
"2018-09-03 11:00:00",3616,3520.16741855573,-2752.61085636199,9792.94569347344,-6073.21909228627,13113.5539293977
"2018-09-03 12:00:00",3901,3645.00893439172,-2628.72454921155,9918.74241799499,-5949.83844206952,13239.856310853
"2018-09-03 13:00:00",4110,4065.15191934865,-2209.53662752679,10339.8404662241,-5531.15610034128,13661.4599390386
"2018-09-03 14:00:00",4446,4591.57122779399,-1684.07223700665,10867.2146925946,-5006.19721283559,14189.3396684236
"2018-09-03 15:00:00",4411,5004.48278250406,-1272.11545494113,11281.0810199492,-4594.74585687761,14603.7114218857
"2018-09-03 16:00:00",4017,5086.64114104761,-1190.91172382777,11364.194005923,-4514.04747499995,14687.3297570952
"2018-09-03 17:00:00",3900,4690.53219972097,-1587.97514743648,10969.0395468784,-4911.61617100759,14292.6805704495
"2018-09-03 18:00:00",3487,3841.78665069105,-2437.67503366656,10121.2483350487,-5761.82125283486,13445.394554217
"2018-09-03 19:00:00",3006,2783.2719542134,-3497.14392232856,9063.68783075536,-6821.79526032734,12388.3391687541
"2018-09-03 20:00:00",2627,1864.45941016081,-4416.9105136158,8145.82933393742,-7742.0668937133,11470.9857140349
"2018-09-03 21:00:00",2081,1311.97216753075,-4970.35165859684,7594.29599365835,-8296.0130040963,10919.9573391578
"2018-09-03 22:00:00",1588,1059.51350373757,-5223.76407992333,7342.79108739847,-8549.93031416289,10668.957321638
"2018-09-03 23:00:00",1012,809.097510322945,-5475.13368611951,7093.3287067654,-8801.80473247223,10419.9997531181
"2018-09-04 00:00:00",528,771.347953254318,-5513.83671128384,7056.53261779248,-8841.01249315765,10383.7083996663
"2018-09-04 01:00:00",321,106.248264639249,-6179.8897233746,6392.38625265309,-9507.57016421228,9720.06669349078
"2018-09-04 02:00:00",254,-296.341180484464,-6583.43234741976,5990.74998645083,-9911.61737069893,9318.93500973001
"2018-09-04 03:00:00",332,53.5717984051066,-6234.47240296315,6341.61599977336,-9563.16193219622,9670.30552900643
"2018-09-04 04:00:00",901,1311.20660694078,-4977.79048443762,7600.20369831918,-8306.98444317178,10929.3976570533
"2018-09-04 05:00:00",2863,3115.11246692922,-3174.83737010216,9405.06230396059,-6504.53568191933,12734.7606157778
"2018-09-04 06:00:00",5280,4774.287138701,-1516.61529969177,11065.1895770938,-4846.81788820861,14395.3921656106
"2018-09-04 07:00:00",6379,5689.39794783313,-602.456947694993,11981.2528433613,-3933.16373656284,15311.9596322291
"2018-09-04 08:00:00",5856,5696.72855904741,-596.078649455509,11989.5357675503,-3927.28956236037,15320.7466804552
"2018-09-04 09:00:00",5242,5102.90712655134,-1190.85225083126,11396.6665039339,-4522.56721149379,14728.3814645965
"2018-09-04 10:00:00",4403,4429.75805598825,-1864.9533462443,10724.4694582208,-5197.17227841978,14056.6883903963
"2018-09-04 11:00:00",4477,4090.37702835644,-2205.28625476168,10386.0403114745,-5538.00908223995,13718.7631389528
"2018-09-04 12:00:00",4583,4215.60027414105,-2081.01474596353,10512.2152942456,-5414.24139256902,13845.4419408511
"2018-09-04 13:00:00",4652,4684.35628912765,-1613.21032412954,10981.9229023848,-4946.94071372121,14315.6532919765
"2018-09-04 14:00:00",4785,5254.51292449264,-1044.0051381485,11553.0309871338,-4378.23919461981,14887.2650436051
"2018-09-04 15:00:00",5436,5672.14976781859,-627.319600502984,11971.6191361402,-3962.05724778189,15306.3567834191
"2018-09-04 16:00:00",5667,5729.9736936813,-570.446836682283,12030.3942240449,-3905.68799873119,15365.6353860938
"2018-09-04 17:00:00",5494,5319.80433435722,-981.567214474985,11621.1758831894,-4317.31181529074,14956.9204840052
"2018-09-04 18:00:00",4383,4496.76670687306,-1805.55571691939,10799.0891306655,-5141.80368053324,14135.3370942793
"2018-09-04 19:00:00",3017,3494.55208816898,-2808.72106714026,9797.82524347822,-6145.47231761784,13134.5764939558
"2018-09-04 20:00:00",2385,2620.41299065153,-3683.81075279597,8924.63673409903,-7021.06521423726,12261.8911955403
"2018-09-04 21:00:00",2105,2059.56896239251,-4245.60522587956,8364.74315066457,-7583.36282241887,11702.5007472039
"2018-09-04 22:00:00",1351,1737.96125172759,-4568.16323812015,8044.08574157532,-7906.4238939261,11382.3463973813
"2018-09-04 23:00:00",921,1388.89870346316,-4918.1759447761,7695.97335170242,-8256.93958405159,11034.7369909779
"2018-09-05 00:00:00",522,809.557268639895,-5498.46739487145,7117.58193215125,-8837.73394185362,10456.8484791334
"2018-09-05 01:00:00",304,107.691411121958,-6201.28312460669,6416.66594685061,-9541.05250356691,9756.43532581083
"2018-09-05 02:00:00",254,-290.896999400713,-6600.82126435648,6019.02726555506,-9941.09339960032,9359.2994007989
"2018-09-05 03:00:00",323,76.6964144610688,-6234.1774367962,6387.57026571833,-9574.9522526634,9728.34508158554
"2018-09-05 04:00:00",882,1340.22340279442,-4971.59989190322,7652.04669749206,-8312.87731276768,10993.3241183565
"2018-09-05 05:00:00",3013,3132.36842340305,-3180.40417193831,9445.14101874441,-6522.18412220804,12786.9209690141
"2018-09-05 06:00:00",5633,4775.94530349033,-1537.77644976249,11089.6670567432,-4880.05885387961,14431.9494608603
"2018-09-05 07:00:00",6668,5690.91083407475,-623.759934421656,12005.5816025712,-3966.54471686234,15348.3663850118
"2018-09-05 08:00:00",6327,5722.55069295981,-593.068948176604,12038.1703340962,-3936.35603345108,15381.4574193707
"2018-09-05 09:00:00",5237,5169.65959264174,-1146.90877859538,11486.2279638789,-4490.6980912479,14830.0172765314
"2018-09-05 10:00:00",4599,4534.50039513384,-1783.01656372889,10852.0173539966,-5127.3080283377,14196.3088186054
"2018-09-05 11:00:00",4635,4210.94851322372,-2107.51689085371,10529.4139173011,-5452.31043203101,13874.2074584784
"2018-09-05 12:00:00",5001,4322.80481410862,-1996.60889283669,10642.2185210539,-5341.90443522866,13987.5140634459
"2018-09-05 13:00:00",4781,4759.50198995537,-1560.85987757512,11079.8638574859,-4906.65734586181,14425.6613257725
"2018-09-05 14:00:00",4816,5302.14792239451,-1019.16196350245,11623.4578082915,-4365.46128239784,14969.7571271868
"2018-09-05 15:00:00",5661,5718.64773002293,-603.610032085766,12040.9054921316,-3950.41112633769,15387.7065863835
"2018-09-05 16:00:00",6555,5805.72153340569,-517.483962823942,12128.9270296353,-3864.78675721407,15476.2298240255
"2018-09-05 17:00:00",5938,5434.28482392292,-889.868264400741,11758.4379122466,-4237.67268374457,15106.2423315904
"2018-09-05 18:00:00",4426,4624.25268299038,-1700.84785546423,10949.353221445,-5049.15382461105,14297.6591905918
"2018-09-05 19:00:00",3414,3584.57753477208,-2741.47031191419,9910.62538145834,-6090.27775574704,13259.4328252912
"2018-09-05 20:00:00",3130,2630.40589082075,-3696.58912226161,8957.4009039031,-7045.89796569728,12306.7097473388
"2018-09-05 21:00:00",2532,1987.98612182447,-4339.95591588211,8315.92815953104,-7689.76608387112,11665.73832752
"2018-09-05 22:00:00",1629,1631.44559416104,-4697.44332646153,7960.3345147836,-8047.75474398807,11310.6459323101
"2018-09-05 23:00:00",993,1313.9082412105,-5015.92742068344,7643.74390310443,-8366.74001276535,10994.5564951863
"2018-09-06 00:00:00",570,806.783706225789,-5523.99855535842,7137.56596781,-8875.31224704723,10488.8796594988
"2018-09-06 01:00:00",350,163.680212391808,-6168.04850736509,6495.40893214871,-9519.8632237459,9847.22364852952
"2018-09-06 02:00:00",281,-231.772690537734,-6564.44772701319,6100.90234593772,-9916.76339320471,9453.21801212924
"2018-09-06 03:00:00",337,84.9411705816124,-6248.68004122167,6418.5623823849,-9601.49658237617,9771.37892353939
"2018-09-06 04:00:00",909,1285.9361951047,-5048.63105069903,7620.50344090844,-8401.94839200231,10973.8207822117
"2018-09-06 05:00:00",3036,3051.42115026259,-3284.09198827755,9386.93428880272,-6637.91005494893,12740.7523554741
"2018-09-06 06:00:00",5868,4718.91594124908,-1617.54294882665,11055.3748313248,-4971.86166611896,14409.6935486171
"2018-09-06 07:00:00",6526,5682.28691472251,-655.117585751226,12019.6914151963,-4009.93687895073,15374.5107083958
"2018-09-06 08:00:00",5996,5747.83238441679,-590.517585380547,12086.1823542141,-3945.83737980697,15441.5021486405
"2018-09-06 09:00:00",5328,5199.85295037749,-1139.44234773214,11539.1482484871,-4495.2625687386,14894.9684694936
"2018-09-06 10:00:00",4579,4562.41375814934,-1777.82672732437,10902.6542436231,-5134.1473002974,14258.9748165961
"2018-09-06 11:00:00",4727,4262.32311080117,-2078.86242115144,10603.5086427538,-5435.68327151091,13960.3294931132
"2018-09-06 12:00:00",4765,4429.11498860254,-1913.01544900675,10771.2454262118,-5270.33650220589,14128.566479411
"2018-09-06 13:00:00",4853,4917.18069034158,-1425.8945121651,11260.2558928483,-4783.71569369045,14618.0770743736
"2018-09-06 14:00:00",4947,5459.57234025216,-884.447486455538,11803.5921669599,-4242.76872182693,15161.9134023312
"2018-09-06 15:00:00",5786,5810.10972161195,-534.854588663197,12155.0740318871,-3893.67580343372,15513.8952466576
"2018-09-06 16:00:00",6396,5808.75222535108,-537.156427920768,12154.6608786229,-3896.47754767676,15513.9819983789
"2018-09-06 17:00:00",6008,5401.52621421821,-945.326641542314,11748.3790699787,-4305.14759190332,15108.2000203397
"2018-09-06 18:00:00",4373,4658.02861171757,-1689.76830608632,11005.8255295215,-5050.08901270509,14366.1462361402
"2018-09-06 19:00:00",3382,3768.86038788665,-2579.88045157795,10117.6012273513,-5940.70084014038,13478.4216159137
"2018-09-06 20:00:00",3223,2971.36427318702,-3378.32034761823,9321.04889399227,-6739.64034384339,12682.3688902174
"2018-09-06 21:00:00",2712,2408.76360305638,-3941.86465883203,8759.39186494479,-7303.68418847207,12121.2113945848
"2018-09-06 22:00:00",2096,2023.50280810388,-4328.06895467271,8375.07457088047,-7690.38794351289,11737.3935597207
"2018-09-06 23:00:00",1248,1603.05384196563,-4749.46128156662,7955.56896549789,-8112.27965542528,11318.3873393565
"2018-09-07 00:00:00",550,983.898622762174,-5369.55972145565,7337.35696698,-8732.87740618415,10700.6746517085
"2018-09-07 01:00:00",417,262.970095994286,-6091.43132890138,6617.37152088996,-9455.24825038413,9981.1884423727
"2018-09-07 02:00:00",307,-180.615560390325,-6535.95992601846,6174.7288052378,-9900.27601017282,9539.04488939216
"2018-09-07 03:00:00",338,82.6302286012019,-6273.65693787628,6438.91739507868,-9638.47211065261,9803.73256785501
"2018-09-07 04:00:00",892,1199.17335822603,-5158.05646927992,7556.40318573199,-8523.37065666153,10921.7173731136
"2018-09-07 05:00:00",2942,2858.99550695721,-3499.17684181853,9217.16785573295,-6864.98996982164,12582.9809837361
"2018-09-07 06:00:00",5542,4438.06045916595,-1921.05427118304,10797.1751895149,-5287.36626585676,14163.4871841887
"2018-09-07 07:00:00",6675,5369.47439354493,-990.582578742865,11729.5313658327,-4357.39336616919,15096.3421532591
"2018-09-07 08:00:00",5923,5476.64993207064,-884.349142583568,11837.6490067248,-4251.65864887734,15204.9585130186
"2018-09-07 09:00:00",5061,5035.02390210142,-1326.91713540881,11396.9649396117,-4694.72528671768,14764.7730909205
"2018-09-07 10:00:00",4720,4541.67895927813,-1821.2039016397,10904.561820196,-5189.51062414414,14272.8685427004
"2018-09-07 11:00:00",4700,4383.79658841596,-1980.02795652294,10747.6211333549,-5348.83317643619,14116.4263532681
"2018-09-07 12:00:00",5073,4640.92319290576,-1723.84289672958,11005.6892825411,-5093.14654029761,14374.9929261091
"2018-09-07 13:00:00",4832,5119.66723045723,-1246.04026461172,11485.3747255262,-4615.84225811326,14855.1767190277
"2018-09-07 14:00:00",5163,5537.40375302254,-829.245008278978,11904.0525143241,-4199.54527802544,15274.3527840705
"2018-09-07 15:00:00",4831,5693.59689318868,-673.992995206077,12061.1867815834,-4044.79146754155,15431.9852539189
"2018-09-07 16:00:00",6148,5529.69690238579,-838.833974024585,11898.2277787962,-4210.13057532582,15269.5243800974
"2018-09-07 17:00:00",5426,5093.65052253717,-1275.82120287282,11463.1222479472,-4647.6158595492,14834.9169046235
"2018-09-07 18:00:00",4699,4482.67274655878,-1887.73968889644,10853.085182014,-5260.03232738994,14225.3778205075
"2018-09-07 19:00:00",3734,3808.79683639914,-2562.55617020844,10180.1498430067,-5935.34671699364,13552.9403897919
"2018-09-07 20:00:00",3360,3176.1796259446,-3196.113812984,9548.47306487321,-6569.40219456802,12921.7614464572
"2018-09-07 21:00:00",2803,2647.30389174544,-3725.9298407343,9020.53762422518,-7099.71598365679,12394.3237671477
"2018-09-07 22:00:00",2669,2211.13710935222,-4163.03677797017,8585.31099667462,-7537.32060880331,11959.5948275078
"2018-09-07 23:00:00",1957,1793.49461058953,-4581.61929292841,8168.60851410748,-7956.40073827684,11543.3899594559
"2018-09-08 00:00:00",1131,1323.47936367447,-5052.57441745323,7699.53314480217,-8427.85340395407,11074.812131303
"2018-09-08 01:00:00",690,811.561941579999,-5565.43157863295,7188.55546179295,-8941.20803295576,10564.3319161158
"2018-09-08 02:00:00",488,369.941966487297,-6007.99115434762,6747.87508732221,-9384.26500319436,10124.1489361689
"2018-09-08 03:00:00",393,149.506265822634,-6229.36631723216,6528.37884887742,-9606.13748733718,9905.15001898245
"2018-09-08 04:00:00",459,242.339233447545,-6137.47267348617,6622.15114038126,-9514.74109161621,9999.4195585113
"2018-09-08 05:00:00",830,630.240867442359,-5750.51022509042,7010.99195997514,-9128.27581804454,10388.7575529293
"2018-09-08 06:00:00",1504,1215.21153578344,-5166.4786041296,7596.90167569648,-8544.74129873918,10975.1643703061
"2018-09-08 07:00:00",2063,1891.78391960799,-4490.84512952752,8274.41296874349,-7869.60485265624,11653.1726918722
"2018-09-08 08:00:00",3043,2589.88519652354,-3793.68262373759,8973.45301678468,-7172.93930228141,12352.7096953285
"2018-09-08 09:00:00",3588,3259.44540342948,-3125.06104992136,9643.95185678032,-6504.81461080848,13023.7054176674
"2018-09-08 10:00:00",4039,3835.57529380331,-2549.86965466219,10221.0202422688,-5930.12002485303,13601.2706124596
"2018-09-08 11:00:00",4249,4241.8731515786,-2144.51015408734,10628.2564572445,-5525.25726057451,14009.0035637317
"2018-09-08 12:00:00",4690,4439.57868231512,-1947.74284269783,10826.9002073281,-5328.98661250613,14208.1439771364
"2018-09-08 13:00:00",4550,4468.32859906273,-1919.93100750452,10856.58820563,-5301.67136769091,14238.3285658164
"2018-09-08 14:00:00",4612,4422.24981233837,-1966.94773805119,10811.4473627279,-5349.18461570475,14193.6842403815
"2018-09-08 15:00:00",4756,4371.0240910402,-2019.1112655003,10761.1594475807,-5401.84458774221,14143.8927698226
"2018-09-08 16:00:00",4848,4300.51712532054,-2090.55589976015,10691.5901504012,-5473.78559374369,14074.8198443848
"2018-09-08 17:00:00",4125,4137.25807901443,-2254.75247705626,10529.2686350851,-5638.47846996675,13912.9946279956
"2018-09-08 18:00:00",3745,3837.94073631392,-2555.00721325709,10230.8886858849,-5939.22943231188,13615.1109049397
"2018-09-08 19:00:00",3399,3452.61147995283,-2941.2737256893,9846.49668559496,-6325.99209813777,13231.2150580434
"2018-09-08 20:00:00",3245,3088.81729350577,-3306.0050308387,9483.63961785023,-6691.21948396222,12868.8540709737
"2018-09-08 21:00:00",2814,2803.58088328208,-3592.17842245633,9199.34018902049,-6977.88888356821,12585.0506501324
"2018-09-08 22:00:00",2478,2532.3180408686,-3864.37810901569,8929.01419075289,-7250.58450546121,12315.2205871984
"2018-09-08 23:00:00",1916,2139.08033661454,-4258.55252022787,8536.71319345694,-7645.25477938422,11923.4154526133
"2018-09-09 00:00:00",1286,1555.6072130969,-4842.96221357612,7954.17663976992,-8230.16026285236,11341.3746890462
"2018-09-09 01:00:00",794,880.390781834692,-5519.11507760162,7279.89664127101,-8906.80884443872,10667.5904081081
"2018-09-09 02:00:00",620,334.621151749147,-6065.82100344332,6735.06330694161,-9454.01041531406,10123.2527188124
"2018-09-09 03:00:00",345,103.659656511851,-6297.71865748974,6505.03797051344,-9686.40364189876,9893.72295492246
"2018-09-09 04:00:00",353,205.359324954394,-6196.95501096937,6607.67366087816,-9586.13549545308,9996.85414536187
"2018-09-09 05:00:00",541,506.047046271519,-5897.20317474749,6909.29726729053,-9286.8790868741,10298.9731794171
"2018-09-09 06:00:00",1140,864.93845416503,-5539.24751518229,7269.12442351235,-8929.41878255175,10659.2956908818
"2018-09-09 07:00:00",1806,1262.75726837759,-5142.36431259105,7667.87884934622,-8533.03086283505,11058.5453995902
"2018-09-09 08:00:00",2224,1786.01110461747,-4620.04595132539,8192.06816056032,-8011.20771210733,11583.2299213423
"2018-09-09 09:00:00",3449,2484.05944192138,-3922.93295240845,8891.05183625122,-7314.58985142341,12282.7087352662
"2018-09-09 10:00:00",4322,3249.31546313289,-3158.61213305649,9657.24305932227,-6550.76409803121,13049.395024297
"2018-09-09 11:00:00",4273,3855.48939610883,-2553.37326547243,10264.3520576901,-5946.02022416531,13656.999016383
"2018-09-09 12:00:00",3990,4133.04522074366,-2276.75236982154,10542.8428113089,-5669.89425002256,13935.9846915099
"2018-09-09 13:00:00",3993,4116.33409817078,-2294.39828503012,10527.0664813717,-5688.03501456087,13920.7032109024
"2018-09-09 14:00:00",3852,4011.37390156763,-2400.29313798033,10423.0409411156,-5794.42464469399,13817.1724478292
"2018-09-09 15:00:00",3888,4002.02825548622,-2410.57330417978,10414.6298151522,-5805.19951596105,13809.2560269335
"2018-09-09 16:00:00",4126,4074.42806298873,-2339.10788062583,10487.9640066033,-5734.22872539094,13883.0848513684
"2018-09-09 17:00:00",3959,4031.74055152668,-2382.72963992647,10446.2107429798,-5778.34504562315,13841.8261486765
"2018-09-09 18:00:00",3692,3692.02840475387,-2723.37589848735,10107.4327079951,-6119.48579309483,13503.5426026026
"2018-09-09 19:00:00",3258,3080.45525473445,-3335.88302430376,9496.79353377267,-6732.48733583268,12893.3978453016
"2018-09-09 20:00:00",2755,2423.89142836865,-3993.38069053485,8841.16354727214,-7390.47934702732,12238.2622037646
"2018-09-09 21:00:00",2140,1943.67282277975,-4474.53300011664,8361.87864567615,-7872.12592964618,11759.4715752057
"2018-09-09 22:00:00",1534,1645.03425721697,-4774.10513385925,8064.17364829318,-8172.19226453074,11462.2607789647
"2018-09-09 23:00:00",996,1319.6342240089,-5100.43859949329,7739.70704751109,-8499.01985944299,11138.2883074608
"2018-09-10 00:00:00",534,781.673048921038,-5639.33307131249,7202.67916915457,-9038.40838870801,10601.7544865501
"2018-09-10 01:00:00",303,126.586179847835,-6295.35310148156,6548.52546117723,-9694.92240452181,9948.09476421748
"2018-09-10 02:00:00",286,-243.983522323542,-6666.85582917245,6178.88878452536,-10066.9190460876,9578.95200144055
"2018-09-10 03:00:00",329,108.076192064731,-6315.72900478641,6531.88138891587,-9716.28606383802,9932.43844796748
"2018-09-10 04:00:00",861,1297.43526568234,-5127.30268571278,7722.17321707746,-8528.35351519355,11123.2240465582
"2018-09-10 05:00:00",2963,2964.73679194782,-3460.93377859202,9390.40736248767,-6862.47830682592,12791.9518907216
"2018-09-10 06:00:00",5721,4470.28782399209,-1956.31523035216,10896.8908783363,-5358.35338569435,14298.9290336785
"2018-09-10 07:00:00",6561,5287.29415065503,-1140.24125221223,11714.8295535223,-4542.77296304906,15117.3612643591
"2018-09-10 08:00:00",6009,5298.51335281986,-1129.95426334786,11726.9809689876,-4532.97945809684,15130.0061637366
"2018-09-10 09:00:00",5236,4797.99713047831,-1631.40256382614,11227.3968247828,-5034.92117093591,14630.9154318925
"2018-09-10 10:00:00",4201,4243.7331407,-2186.59849663622,10674.0647780362,-5590.61044458655,14078.0767259865
"2018-09-10 11:00:00",4498,3978.30187731067,-2452.96156801112,10409.5653226325,-5857.46678531284,13814.0705399342
"2018-09-10 12:00:00",4724,4103.14339314643,-2329.05172517339,10535.3385114662,-5734.05014036844,13940.3369266613
"2018-09-10 13:00:00",4462,4523.28637810443,-1909.84027828455,10956.4130344934,-5315.33181994588,14361.9045761547
"2018-09-10 14:00:00",5016,5049.70568654689,-1384.35237304097,11483.7637461347,-4790.33696977258,14889.7483428664
"2018-09-10 15:00:00",5688,5462.61724125948,-972.372086715553,11897.6065692345,-4378.84966715243,15304.0841496714
"2018-09-10 16:00:00",6344,5544.77559980462,-891.144861804396,11980.6960614136,-4298.11535461251,15387.6665542218
"2018-09-10 17:00:00",5857,5148.66665847715,-1288.18480207115,11585.5181190254,-4695.64813594744,14992.9814529017
"2018-09-10 18:00:00",4245,4299.92110944699,-2137.8612154043,10737.7034342983,-5545.81731907662,14145.6595379706
"2018-09-10 19:00:00",3184,3241.40641296532,-3197.3066416111,9680.11946754174,-6605.75544383823,13088.5682697689
"2018-09-10 20:00:00",2732,2322.59386891115,-4117.04978087087,8762.23751869317,-7525.99121044247,12171.1789482648
"2018-09-10 21:00:00",2235,1770.10662628555,-4670.46748424085,8210.68073681196,-8079.90146997745,11620.1147225486
"2018-09-10 22:00:00",1389,1517.64796249319,-4923.85647437466,7959.15239936103,-8333.78294512763,11369.078870114
"2018-09-10 23:00:00",887,1267.23196907994,-5175.20265978461,7709.6665979445,-8585.62154443617,11120.0854825961
"2018-09-11 00:00:00",516,769.880722355183,-5673.48396421954,7213.24540892991,-9084.39519168268,10624.156636393
"2018-09-11 01:00:00",330,104.781033737816,-6339.51357631869,6549.07564379432,-9750.91707553718,9960.47914301282
"2018-09-11 02:00:00",265,-297.808411383578,-6743.03281075156,6147.4159879844,-10154.9285106999,9559.31168793279
"2018-09-11 03:00:00",332,52.1045675055971,-6394.04948706163,6498.25862207282,-9806.43731674518,9910.64645175637
"2018-09-11 04:00:00",891,1309.73937604383,-5137.34419966841,7756.82295175607,-8550.22408812311,11169.7028402108
"2018-09-11 05:00:00",3055,3113.64523602818,-3334.36772683283,9561.65819888919,-6747.73960312533,12975.0300751817
"2018-09-11 06:00:00",5927,4772.81990780265,-1676.12230826881,11221.7621238741,-5089.98610149647,14635.6259171018
"2018-09-11 07:00:00",6496,5687.93071693372,-761.940618467765,12137.8020523352,-4176.29625775856,15552.157691626
"2018-09-11 08:00:00",6123,5695.26132814917,-755.538992759766,12146.0616490581,-4170.3864072723,15560.9090635706
"2018-09-11 09:00:00",5471,5101.43989565034,-1350.28927700128,11553.169068302,-4765.62839592476,14968.5081872254
"2018-09-11 10:00:00",4257,4428.29082508927,-2024.36706559803,10880.9487157766,-5440.19781815226,14296.7794683308
"2018-09-11 11:00:00",5074,4088.90979745807,-2364.67667761562,10542.4962725318,-5780.99899305093,13958.8185879671
"2018-09-11 12:00:00",4734,4214.13304324391,-2240.38188262458,10668.6479691124,-5657.19569022186,14085.4617767097
"2018-09-11 13:00:00",4875,4682.889058228,-1772.55418490134,11138.3323013573,-5189.85941397198,14555.637530428
"2018-09-11 14:00:00",4922,5253.04569359568,-1203.32573331815,11709.4171205095,-4621.12231320403,15127.2137003954
"2018-09-11 15:00:00",5636,5670.68253691958,-786.61694035994,12127.9820141991,-4204.90480043342,15546.2698742726
"2018-09-11 16:00:00",6601,5728.50646278202,-729.720931501916,12186.7338570659,-4148.5000011658,15605.5129267298
"2018-09-11 17:00:00",5859,5318.3371034601,-1140.81807452445,11777.4922814446,-4560.08828321196,15196.7624901321
"2018-09-11 18:00:00",4372,4495.29947597565,-1964.78335246313,10955.3823044144,-5384.54462963791,14375.1435815892
"2018-09-11 19:00:00",3427,3493.08485726969,-2967.92548843436,9954.09520297373,-6388.17776359041,13374.3474781298
"2018-09-11 20:00:00",3114,2618.94575975189,-3842.99197008579,9080.88348958957,-7263.7351727475,12501.6266922513
"2018-09-11 21:00:00",2501,2058.10173148955,-4404.76324940746,8520.96671238655,-7825.99730912953,11942.2007721086
"2018-09-11 22:00:00",1860,1736.49402082697,-4727.29807811231,8200.28611976625,-8149.02292447979,11622.0109661337
"2018-09-11 23:00:00",2682,1387.43147256137,-5077.28761146038,7852.15055658311,-8499.50317408858,11274.3661192113
"2018-09-12 00:00:00",750,808.090037739462,-5657.55589846212,7273.73597394104,-9080.26210699664,10696.4421824756
"2018-09-12 01:00:00",344,106.224180224346,-6360.34847531159,6572.79683576028,-9783.54525942828,9995.99361987697
"2018-09-12 02:00:00",314,-292.36423030151,-6759.86347238343,6175.13501178041,-10183.5507617884,9598.82230118535
"2018-09-12 03:00:00",371,75.2291835636443,-6393.19651233294,6543.65487946023,-9817.37423676242,9967.83260388971
"2018-09-12 04:00:00",937,1338.7561718923,-5130.59584514467,7808.10818892927,-8555.26393436516,11232.7762781498
"2018-09-12 05:00:00",3085,3130.90119250586,-3339.37701305419,9601.17939806591,-6764.53539686234,13026.3377818741
"2018-09-12 06:00:00",5908,4774.478072592,-1696.72618893077,11245.6823341148,-5122.37479715336,14671.3309423374
"2018-09-12 07:00:00",6677,5689.44360317259,-782.686581809445,12161.5737881546,-4208.82534430338,15587.7125506486
"2018-09-12 08:00:00",6297,5721.08346206045,-751.972513934247,12194.1394380551,-4178.60136058654,15620.7682847074
"2018-09-12 09:00:00",5551,5168.1923617443,-1305.78927287328,11642.1739963619,-4732.908133601,15069.2928570896
"2018-09-12 10:00:00",4499,4533.03316423459,-1941.87399667288,11007.9403251421,-5369.48280142318,14435.5491298924
"2018-09-12 11:00:00",4598,4209.48128232315,-2266.35127259794,10685.3138372442,-5694.44995134801,14113.4125159943
"2018-09-12 12:00:00",4759,4321.33758320944,-2155.42023350572,10798.0953999246,-5584.00871626273,14226.6838826816
"2018-09-12 13:00:00",4733,4758.03475905931,-1719.64818728701,11235.7177054056,-5148.72640408816,14664.7959222068
"2018-09-12 14:00:00",5056,5300.68069149346,-1177.92725237774,11779.2886353647,-4607.49513329019,15208.8565162771
"2018-09-12 15:00:00",5739,5717.18049912586,-762.352310220518,12196.7133084722,-4192.40978534136,15626.7707835931
"2018-09-12 16:00:00",6450,5804.25430250544,-676.203240322933,12284.7118453338,-4106.75023977921,15715.2588447901
"2018-09-12 17:00:00",6245,5432.81759302709,-1048.56455134662,11914.1997374008,-4479.60100529527,15345.2361913495
"2018-09-12 18:00:00",4668,4622.78545209182,-1859.521161947,11105.0920661306,-5291.04700057487,14536.6179047585
"2018-09-12 19:00:00",3510,3583.1103038709,-2900.12064800922,10066.341255751,-6332.135801533,13498.3564092748
"2018-09-12 20:00:00",3064,2628.93865992508,-3855.21649802893,9113.09381787908,-7287.72089669514,12545.5982165453
"2018-09-12 21:00:00",2705,1986.51889092159,-4498.56034139521,8471.59812323838,-7931.55391548023,11904.5916973234
"2018-09-12 22:00:00",1813,1629.97836325921,-4856.02481176558,8115.981538284,-8289.50749157557,11549.464218094
"2018-09-12 23:00:00",2842,1312.44101031136,-5174.48597582289,7799.3679964456,-8608.45769169378,11233.3397123165
"2018-09-13 00:00:00",699,805.316475326838,-5682.53419037454,7293.16714102822,-9116.99487267203,10727.6278233257
"2018-09-13 01:00:00",413,162.212981493868,-6326.56123228849,6650.98719527623,-9761.51081140803,10085.9367743958
"2018-09-13 02:00:00",332,-233.239921438633,-6722.93755187196,6256.4577089947,-10158.3759582387,9691.89611536143
"2018-09-13 03:00:00",383,83.4739396796831,-6407.1469760307,6574.09485539006,-9843.07414009947,10010.0220194588
"2018-09-13 04:00:00",914,1284.4689642067,-5207.07510546287,7776.01303387626,-8643.49095771821,11212.4288861316
"2018-09-13 05:00:00",3052,3049.95391936247,-3442.51317300444,9542.42101172937,-6879.41764396052,12979.3254826855
"2018-09-13 06:00:00",5830,4717.4487103471,-1775.94127351128,11210.8386942055,-5213.33429371191,14648.2317144061
"2018-09-13 07:00:00",6433,5680.81968382497,-813.493060374943,12175.1324280249,-4251.37456039354,15613.0139280435
"2018-09-13 08:00:00",6162,5746.36515351771,-748.870219929694,12241.6005269651,-4187.24013036927,15679.9704374047
"2018-09-13 09:00:00",5092,5198.38571947777,-1297.77215217894,11694.5435911345,-4736.63040367207,15133.4018426276
"2018-09-13 10:00:00",4584,4560.94652724922,-1936.13371163444,11058.0267661329,-5375.48023484325,14497.3732893417
"2018-09-13 11:00:00",4767,4260.85587990101,-2237.14659528301,10758.858355085,-5676.98132089914,14198.6930807012
"2018-09-13 12:00:00",4851,4427.64775770434,-2071.27682290918,10926.5723383179,-5511.59968165379,14366.8951970625
"2018-09-13 13:00:00",4826,4915.71345944161,-1584.13309578627,11415.5600146695,-5024.94401841001,14856.3709372932
"2018-09-13 14:00:00",5014,5458.10510935268,-1042.66328973007,11958.8735084354,-4483.96220701303,15400.1724257184
"2018-09-13 15:00:00",5617,5808.64249071375,-693.04762151999,12310.3326029475,-4134.83446427173,15752.1194456992
"2018-09-13 16:00:00",6514,5807.28499445166,-695.326700284774,12309.8966891881,-4137.60139934427,15752.1713882476
"2018-09-13 17:00:00",5701,5400.0589833176,-1103.47416332877,11903.592129964,-4546.23664956439,15346.3546161996
"2018-09-13 18:00:00",4443,4656.56138081769,-1847.89308720137,11161.0158488368,-5291.14329151087,14604.2660531462
"2018-09-13 19:00:00",3669,3767.39315698922,-2737.98250192074,10272.7688158992,-6181.72035523122,13716.5066692097
"2018-09-13 20:00:00",3282,2969.8970422874,-3536.3996770871,9476.19376166189,-6980.62511035501,12920.4191949298
"2018-09-13 21:00:00",2676,2407.29637215483,-4099.92127731321,8914.51402162287,-7544.63422152434,12359.226965834
"2018-09-13 22:00:00",1921,2022.03557720719,-4486.10287203876,8530.17402645314,-7931.30325820816,11975.3744126225
"2018-09-13 23:00:00",1167,1601.58661106419,-4907.47250769933,8110.64572982771,-8353.16026687135,11556.3334889997
"2018-09-14 00:00:00",603,982.431391863861,-5527.54826621216,7492.41104993988,-8973.7233294604,10938.5861131881
"2018-09-14 01:00:00",376,261.502865095039,-6249.39720214364,6772.40293233372,-9696.05950057094,10219.065230761
"2018-09-14 02:00:00",333,-182.082791286348,-6693.90313759304,6329.73755502034,-10141.0526023314,9776.88701975874
"2018-09-14 03:00:00",377,81.1629977021757,-6431.57749763301,6593.90349303736,-9879.21405984376,10041.5400552481
"2018-09-14 04:00:00",892,1197.70612732728,-5315.95438705201,7711.36664170657,-8764.07797792552,11159.4902325801
"2018-09-14 05:00:00",2899,2857.52827606348,-3657.05212743059,9372.10867955755,-7105.66267818644,12820.7192303134
"2018-09-14 06:00:00",5569,4436.59322826892,-2078.90693446564,10952.0933910035,-5528.00437635253,14401.1908328904
"2018-09-14 07:00:00",6728,5368.00716264702,-1148.41262950873,11884.4269548028,-4597.99689380446,15334.0112190985
"2018-09-14 08:00:00",5934,5475.18270116949,-1042.1565906431,11992.5219929821,-4492.2276086546,15442.5930109936
"2018-09-14 09:00:00",5025,5033.55667120055,-1484.70199055945,11551.8153329606,-4935.25969362268,15002.3730360238
"2018-09-14 10:00:00",4566,4540.21172837967,-1978.96617367319,11059.3896304325,-5430.01049315318,14510.4339499125
"2018-09-14 11:00:00",4836,4382.32935751566,-2137.76765523034,10902.4263702617,-5589.29852252115,14353.9572375525
"2018-09-14 12:00:00",5019,4639.45596200666,-1881.56003188758,11160.4719559009,-5333.57737841227,14612.4893024256
"2018-09-14 13:00:00",4830,5118.19999955725,-1403.73484599507,11640.1348451096,-4856.23860320569,15092.6386023202
"2018-09-14 14:00:00",5231,5535.93652212316,-986.917045651813,12058.7900898981,-4439.90714502939,15511.7801892757
"2018-09-14 15:00:00",5953,5692.1296622903,-831.642498326569,12215.9018229072,-4285.11887138107,15669.3781959617
"2018-09-14 16:00:00",6196,5528.22967148571,-996.460952646962,12052.9202956184,-4450.42353091728,15506.8828738887
"2018-09-14 17:00:00",5358,5092.18329163664,-1433.42566674034,11617.7922500136,-4887.87438179429,15072.2409650676
"2018-09-14 18:00:00",4687,4481.20551566068,-2045.32164774368,11007.732679065,-5500.25643117795,14462.6674624993
"2018-09-14 19:00:00",3880,3807.32960550007,-2720.11563376928,10334.7748447694,-6175.53641720942,13790.1956282096
"2018-09-14 20:00:00",3329,3174.71239504121,-3353.65079098521,9703.07558106764,-6809.55750608564,13158.9822961681
"2018-09-14 21:00:00",3169,2645.83666084986,-3883.44434288019,9175.11766457992,-7339.83692132413,12631.5102430239
"2018-09-14 22:00:00",2810,2209.66987845428,-4320.52881398037,8739.86857088893,-7777.40718747986,12196.7469443884
"2018-09-14 23:00:00",2024,1792.02737969032,-4739.08887250427,8323.14363188491,-8196.45297280012,11780.5077321808
"2018-09-15 00:00:00",1179,1322.01213277592,-5210.02155028829,7854.04581584013,-8667.87130915009,11311.8955747019
"2018-09-15 01:00:00",808,810.09471068314,-5722.85627441467,7343.04569578095,-9181.19162364077,10801.381045007
"2018-09-15 02:00:00",584,368.474735588904,-6165.39342276075,6902.34289393856,-9624.21429417819,10361.163765356
"2018-09-15 03:00:00",428,148.039034923224,-6386.74616795075,6682.8242377972,-9846.05249341529,10142.1305632617
"2018-09-15 04:00:00",502,240.872002546176,-6294.83011617877,6776.57412127112,-9754.62182757486,10236.3658326672
"2018-09-15 05:00:00",871,628.773636543759,-5907.84526941296,7165.39254250047,-9368.12229865371,10625.6695717412
"2018-09-15 06:00:00",1469,1213.74430488696,-5323.79125973644,7751.27986951037,-8784.55353876361,11212.0421485375
"2018-09-15 07:00:00",2117,1890.31668870952,-4648.13540606956,8428.7687834886,-8109.38286685352,11890.0162442726
"2018-09-15 08:00:00",3442,2588.41796562349,-3950.95053085428,9127.78646210127,-7412.68310539402,12589.519036641
"2018-09-15 09:00:00",3999,3257.978172532,-3282.30659724149,9798.26294230549,-6744.52421756458,13260.4805626286
"2018-09-15 10:00:00",4448,3834.10806290195,-2707.09285181823,10375.3089776221,-6169.7954499808,13838.0115757847
"2018-09-15 11:00:00",4772,4240.40592067963,-2301.71101069214,10782.5228520514,-5764.89851877885,14245.7103601381
"2018-09-15 12:00:00",4990,4438.11145141615,-2104.92136836599,10981.1442711983,-5568.59371849006,14444.8166213224
"2018-09-15 13:00:00",4848,4466.86136816639,-2077.08721183876,11010.8099481715,-5541.24433614188,14474.9670724747
"2018-09-15 14:00:00",4343,4420.78258143862,-2124.08163065596,10965.6467935332,-5588.72346130833,14430.2886241856
"2018-09-15 15:00:00",4296,4369.55686014056,-2176.22285596366,10915.3365762448,-5641.34932516393,14380.4630454451
"2018-09-15 16:00:00",4219,4299.04989442134,-2247.64519766647,10845.7449865091,-5713.25623764173,14311.3560264844
"2018-09-15 17:00:00",3953,4135.79084811645,-2411.81949198258,10683.4011882155,-5877.91503498836,14149.4967312213
"2018-09-15 18:00:00",3826,3836.47350541272,-2712.05195477882,10384.9989656043,-6178.63193309904,13851.5789439245
"2018-09-15 19:00:00",3455,3451.14424905338,-3098.29620336557,10000.5847014723,-6565.36054931255,13467.6490474193
"2018-09-15 20:00:00",3208,3087.35006260666,-3463.00525422822,9637.70537944153,-6930.55390014263,13105.2540253559
"2018-09-15 21:00:00",3055,2802.11365238366,-3749.15640110917,9353.3837058765,-7217.18927936003,12821.4165841274
"2018-09-15 22:00:00",2741,2530.85080996638,-4021.33385247996,9083.03547241272,-7489.85089546463,12551.5525153974
"2018-09-15 23:00:00",2123,2137.61310571738,-4415.48603803149,8690.71224946624,-7884.48717817561,12159.7133896104
"2018-09-16 00:00:00",1353,1554.13998219819,-4999.87351525566,8108.15347965203,-8469.35868501317,11577.6386494095
"2018-09-16 01:00:00",786,878.923550934678,-5676.00417268,7433.85127454935,-9145.9733045331,10903.8204064025
"2018-09-16 02:00:00",607,333.153920848928,-6222.68790143578,6888.99574313364,-9693.14092789494,10359.4487695928
"2018-09-16 03:00:00",401,102.192425613583,-6454.5633679037,6658.94821913086,-9925.50022150758,10129.8850727347
"2018-09-16 04:00:00",313,203.892094057358,-6353.7775433083,6761.56173142302,-9825.1981566238,10232.9823447385
"2018-09-16 05:00:00",467,504.579815367903,-6054.0035385152,7063.16316925101,-9525.90784413739,10535.0674748732
"2018-09-16 06:00:00",850,863.471223264882,-5696.02571985794,7422.9681663877,-9168.41365041005,10895.3560969398
"2018-09-16 07:00:00",1302,1261.29003747857,-5299.12036765941,7821.70044261655,-8771.99185579284,11294.57193075
"2018-09-16 08:00:00",2090,1784.54387372061,-4776.77986626112,8345.86761370233,-8250.13484465537,11819.2225920966
"2018-09-16 09:00:00",3039,2482.59221102237,-4079.64473668478,9044.82915872952,-7553.4831380475,12518.6675600922
"2018-09-16 10:00:00",3278,3247.84823223439,-3315.30179613293,9810.99826060171,-6789.62355319982,13285.3200176686
"2018-09-16 11:00:00",4352,3854.0221652107,-2710.04081680455,10418.085147226,-6184.84586233941,13892.8901927608
"2018-09-16 12:00:00",3978,4131.57798984619,-2433.39781885776,10696.5537985501,-5908.68608565242,14171.8420653448
"2018-09-16 13:00:00",3935,4114.86686727065,-2451.0216412157,10680.755375757,-5926.79306209003,14156.5267966313
"2018-09-16 14:00:00",3829,4009.90667066988,-2556.8944107455,10576.7077520853,-6033.14891854737,14052.9622598871
"2018-09-16 15:00:00",4101,4000.56102458717,-2567.15250295674,10568.2745521311,-6043.89003056203,14045.0120797364
"2018-09-16 16:00:00",4539,4072.96083209096,-2495.66501483383,10641.5866790157,-5972.88549514638,14118.8071593283
"2018-09-16 17:00:00",4154,4030.27332062511,-2539.2647189857,10599.8113602359,-6016.96808493731,14077.5147261875
"2018-09-16 18:00:00",3701,3690.56117385798,-2879.88893179677,10261.0112795127,-6358.07511634718,13739.1974640631
"2018-09-16 19:00:00",3400,3078.98802383662,-3492.37402127272,9650.35006894596,-6971.04295740956,13129.0190050828
"2018-09-16 20:00:00",3092,2422.42419746791,-4149.84966055936,8994.69805549518,-7629.00128129817,12473.849676234
"2018-09-16 21:00:00",2623,1942.20559188037,-4630.97995258083,8515.39113634158,-8110.61419096504,11995.0253747258
"2018-09-16 22:00:00",1725,1643.56702631827,-4930.5300781455,8217.66413078203,-8410.64686724636,11697.7809198829
"2018-09-16 23:00:00",1088,1318.16699311061,-5256.84154497692,7893.17553119814,-8737.44081789356,11373.7748041148
"2018-09-17 00:00:00",550,780.205818023563,-5795.71402736149,7356.12566340862,-9276.79571722083,10837.207353268
"2018-09-17 01:00:00",280,125.118948946336,-6451.71207746251,6701.94997535518,-9933.27611741927,10183.5140153119
"2018-09-17 02:00:00",260,-245.45075322123,-6823.19283443262,6332.29132799016,-10305.2391576693,9814.33765122685
"2018-09-17 03:00:00",344,106.608961165459,-6472.04404867966,6685.26197101057,-9954.57258840654,10167.7905107375
"2018-09-17 04:00:00",880,1295.96803477646,-5283.59577758597,7875.5318471389,-8766.60646704106,11358.542536594
"2018-09-17 05:00:00",2965,2963.26956104741,-3617.2049277683,9543.74404986311,-7100.69770021731,13027.2368223121
"2018-09-17 06:00:00",5667,4468.82059309305,-2112.56444616422,11050.2056323503,-5596.53923490059,14534.1804210867
"2018-09-17 07:00:00",6533,5285.82691975441,-1296.46854398501,11868.1223834938,-4780.92528232984,15352.5791218387
"2018-09-17 08:00:00",6070,5297.04612192268,-1286.15964039173,11880.2518842371,-4771.0982616938,15365.1905055392
"2018-09-17 09:00:00",5145,4796.52989957914,-1787.58603545532,11380.6458346136,-5273.00647309106,14866.0662722493
"2018-09-17 10:00:00",4201,4242.26590980333,-2342.76007214843,10827.2918917551,-5828.66225952188,14313.1940791285
"2018-09-17 11:00:00",4371,3976.83464641164,-2609.10125670682,10562.7705495301,-6095.48512724964,14049.1544200729
"2018-09-17 12:00:00",4533,4101.67616224848,-2485.1695363382,10688.5218608352,-5972.03502350963,14175.3873480066
"2018-09-17 13:00:00",4680,4521.81914720552,-2065.93622120298,11109.574515614,-5553.28325848983,14596.9215529009
"2018-09-17 14:00:00",4930,5048.2384556505,-1540.42645698544,11636.9033682865,-5028.25497790207,15124.7318892031
"2018-09-17 15:00:00",5327,5461.15001036092,-1128.42432096011,12050.724341682,-4616.73425904841,15539.0342797703
"2018-09-17 16:00:00",6354,5543.30836890292,-1047.17525561282,12133.7919934187,-4535.96654444219,15622.583282248
"2018-09-17 17:00:00",5412,5147.19942757739,-1444.19336469461,11738.5922198494,-4933.46593786195,15227.8647930167
"2018-09-17 18:00:00",4000,4298.45387854701,-2293.84795609469,10890.7557131887,-5783.60174722437,14380.5095043184
"2018-09-17 19:00:00",2897,3239.93918206603,-3353.27156961069,9833.14993374274,-6843.50651235452,13323.3848764866
"2018-09-17 20:00:00",2466,2321.12663801917,-4272.99290540969,8915.24618144803,-7763.70893344694,12405.9622094853
"2018-09-17 21:00:00",2090,1768.63939538855,-4826.3888145614,8363.66760533849,-8317.58586159874,11854.8646523758
"2018-09-17 22:00:00",1434,1516.18073159351,-5079.7560196982,8112.11748288522,-8571.43401946971,11603.7954826567
"2018-09-17 23:00:00",869,1265.76473818256,-5331.08042932332,7862.60990568844,-8823.23931559045,11354.7687919556
"2018-09-18 00:00:00",536,768.413491452279,-5829.33996719187,7366.16695009642,-9321.97967374343,10858.806656648
"2018-09-18 01:00:00",351,103.313802839083,-6495.34782191907,6701.97542759723,-9988.46828257122,10195.0958882494
"2018-09-18 02:00:00",227,-299.275642281409,-6898.84530818092,6300.2940236181,-10392.4464567771,9793.89517221431
"2018-09-18 03:00:00",340,50.6373366034741,-6549.84024551632,6651.11491872327,-10043.9220159274,10145.1966891343
"2018-09-18 04:00:00",858,1308.27214514508,-5293.11322832548,7909.65751861564,-8787.67555444946,11404.2198447396
"2018-09-18 05:00:00",3027,3112.17800512987,-3490.11503487344,9714.47104513318,-6985.15785063566,13209.5138608954
"2018-09-18 06:00:00",5642,4771.35267689995,-1831.84790486957,11374.5532586695,-5327.37114422262,14870.0764980225
"2018-09-18 07:00:00",6516,5686.4634860357,-917.644512784909,12290.5714848563,-4413.6481097086,15786.57508178
"2018-09-18 08:00:00",5873,5693.79409725007,-911.221193957925,12298.8093884581,-4407.70508245927,15795.2932769594
"2018-09-18 09:00:00",5123,5099.9726647532,-1505.94979422984,11705.8951237362,-5002.91390834305,15202.8592378494
"2018-09-18 10:00:00",4527,4426.82359419216,-2180.0059080049,11033.6530963892,-5677.45018179136,14531.0973701757
"2018-09-18 11:00:00",4593,4087.44256655852,-2520.29385434286,10695.1789874599,-6018.21822189111,14193.1033550081
"2018-09-18 12:00:00",4725,4212.66581234444,-2395.9774028028,10821.3090274917,-5894.3817982285,14319.7134229174
"2018-09-18 13:00:00",4737,4681.42182732774,-1928.12805765814,11290.9717123136,-5427.01241510409,14789.8560697596
"2018-09-18 14:00:00",4931,5251.5784626935,-1358.87796777497,11862.034893162,-4858.24222141106,15361.3991467981
"2018-09-18 15:00:00",5623,5669.2153060211,-942.147545625064,12280.5781576673,-4441.99162964827,15780.4222416905
"2018-09-18 16:00:00",6623,5727.03923188259,-885.229916687508,12339.3083804527,-4385.55376532185,15839.632229087
"2018-09-18 17:00:00",5916,5316.86987256047,-1296.30544873088,11930.0451938518,-4797.10899622744,15430.8487413484
"2018-09-18 18:00:00",4423,4493.83224507506,-2120.24912478592,11107.913614936,-5621.53230542278,14609.1967955729
"2018-09-18 19:00:00",3309,3491.61762637204,-3123.36966795795,10106.604920702,-6625.13241604022,13608.3676687843
"2018-09-18 20:00:00",2805,2617.47852885298,-3998.41456589638,9233.37162360234,-7500.65681575615,12735.6138734621
"2018-09-18 21:00:00",2400,2056.63450059109,-4560.16427057895,8673.43327176113,-8062.88595657527,12176.1549577574
"2018-09-18 22:00:00",2631,1735.02678992871,-4882.67753371422,8352.73111357165,-8385.8785902331,11855.9321700905
"2018-09-18 23:00:00",1501,1385.96424166316,-5232.64551055577,8004.57399388208,-8736.32587201015,11508.2543553365
"2018-09-19 00:00:00",617,806.622806841993,-5812.89225010686,7426.13786379085,-9317.0518509366,10930.2974646206
"2018-09-19 01:00:00",401,104.756949324303,-6515.66328855921,6725.17718720782,-10020.3020632311,10229.8159618797
"2018-09-19 02:00:00",282,-293.831461199399,-6915.15675627309,6327.49383387429,-10420.2746392807,9832.61171688186
"2018-09-19 03:00:00",358,73.7619526645908,-6548.46827590552,6695.99218123471,-10054.0652017693,10201.5891070985
"2018-09-19 04:00:00",913,1337.28894099396,-5285.84609742952,7960.42397941745,-8791.92200069683,11466.4998826848
"2018-09-19 05:00:00",3074,3129.43396160035,-3494.60576308412,9753.47368628482,-7001.16057832911,13260.0285015298
"2018-09-19 06:00:00",5803,4773.01084169205,-1851.93344571166,11397.9551290958,-5358.96710753527,14904.9887909194
"2018-09-19 07:00:00",6510,5687.97637227568,-937.872354356105,12313.8250989075,-4445.38479738606,15821.3375419374
"2018-09-19 08:00:00",6101,5719.61623116185,-907.13681125743,12346.3692735811,-4415.12797014824,15854.3604324719
"2018-09-19 09:00:00",5331,5166.72513084566,-1460.93210397105,11794.3823656624,-4969.40191340396,15302.8521750953
"2018-09-19 10:00:00",4266,4531.56593333732,-2096.99537053725,11160.1272372119,-5605.94376522024,14669.0756318949
"2018-09-19 11:00:00",4567,4208.01405142384,-2421.45119821949,10837.4793010672,-5930.87811288724,14346.9062157349
"2018-09-19 12:00:00",4734,4319.87035231079,-2310.4987198626,10950.2394244842,-5820.40408927651,14460.1447938981
"2018-09-19 13:00:00",4675,4756.56752815745,-1874.70524335773,11387.8402996726,-5385.08900230584,14898.2240586207
"2018-09-19 14:00:00",4980,5299.21346059359,-1332.96288712543,11931.3898083126,-4843.82497042247,15442.2518916096
"2018-09-19 15:00:00",5718,5715.71326822624,-917.366532609016,12348.7930690615,-4428.70687509632,15860.1334115488
"2018-09-19 16:00:00",6382,5802.78707160885,-831.196059305316,12436.770202523,-4343.01459585087,15948.5887390686
"2018-09-19 17:00:00",5647,5431.35036212631,-1203.5359758797,12066.2367001323,-4715.83264137809,15578.5333656307
"2018-09-19 18:00:00",4469,4621.31822119346,-2014.47120096754,11257.1076433545,-5527.24593033993,14769.8823727269
"2018-09-19 19:00:00",3460,3581.64307297035,-3055.04931045899,10218.3354563997,-6568.30203865309,13731.5881845938
"2018-09-19 20:00:00",2865,2627.47142902563,-4010.12379283552,9265.06665088679,-7523.85445482563,12778.7973128769
"2018-09-19 21:00:00",2576,1985.0516600272,-4653.44627747938,8623.54959753379,-8167.65480826629,12137.7581283207
"2018-09-19 22:00:00",1693,1628.51113236087,-5010.88939805483,8267.91166277656,-8525.57573266588,11782.5979973876
"2018-09-19 23:00:00",994,1310.97377941139,-5329.32922122716,7951.27678004994,-8844.49329471615,11466.4408535389
"2018-09-20 00:00:00",583,803.849244428926,-5837.35610379622,7445.05459265408,-9352.99785124346,10960.6963401013
"2018-09-20 01:00:00",349,160.745750593803,-6481.36182263169,6802.85332381929,-9997.48117914392,10318.9726803315
"2018-09-20 02:00:00",265,-234.70715233768,-6877.71682802719,6408.30252335183,-10394.3137287376,9924.89942406225
"2018-09-20 03:00:00",344,82.0067087791363,-6561.904946888,6725.91836444627,-10078.9793269562,10242.9927445145
"2018-09-20 04:00:00",914,1283.0017333079,-5361.81177990033,7927.81524651613,-8879.36357451236,11445.3670411282
"2018-09-20 05:00:00",2924,3048.48668846617,-3597.22855989648,9694.20193682881,-7115.25770426473,13212.2310811971
"2018-09-20 06:00:00",5417,4715.98147944976,-1930.63538173043,11362.5983406299,-5449.14181109368,14881.1047699932
"2018-09-20 07:00:00",5766,5679.35245292616,-968.16589878449,12326.8708046368,-4487.14954840786,15845.8544542602
"2018-09-20 08:00:00",5331,5744.89792261801,-903.521797385753,12393.3176426218,-4422.98260256071,15912.7784477967
"2018-09-20 09:00:00",5264,5196.91848857802,-1452.40247753123,11846.2394546873,-4972.34037357554,15366.1773507316
"2018-09-20 10:00:00",4326,4559.47929634901,-2090.74279372776,11209.7013864258,-5611.1577159855,14730.1163086835
"2018-09-20 11:00:00",4592,4259.38864900275,-2391.73444295324,10910.5117409587,-5912.62632679476,14431.4036248003
"2018-09-20 12:00:00",4695,4426.18052680491,-2225.84344499159,11078.2044986014,-5747.2122258135,14599.5732794233
"2018-09-20 13:00:00",4459,4914.24622854354,-1738.67850110434,11567.1709581914,-5260.5241143295,15089.0165714166
"2018-09-20 14:00:00",4517,5456.63787845352,-1197.18748710616,12110.4632440132,-4719.50986818366,15632.7856250907
"2018-09-20 15:00:00",5257,5807.17525981439,-847.550619767011,12461.9011393958,-4370.34970417213,15984.7002238009
"2018-09-20 16:00:00",6331,5805.81776355278,-849.808508209751,12461.4440353153,-4373.08423144397,15984.7197585495
"2018-09-20 17:00:00",5065,5398.5917524203,-1257.9347897322,12055.1182945728,-4781.68708732318,15578.8705921638
"2018-09-20 18:00:00",3898,4655.09414991789,-2002.33254088283,11312.5208407186,-5526.56134838438,14836.7496482202
"2018-09-20 19:00:00",2957,3765.92592609159,-2892.40079166497,10424.2526438481,-6417.10604465705,13948.9578968402
"2018-09-20 20:00:00",2740,2968.42981138772,-3690.79681168164,9627.65643445709,-7215.97844577031,13152.8380685458
"2018-09-20 21:00:00",3497,2405.82914125499,-4254.29726553347,9065.95554804345,-7779.9552163509,12591.6134988609
"2018-09-20 22:00:00",2356,2020.56834630702,-4640.45772265608,8681.59441527012,-8166.59192586053,12207.7286184746
"2018-09-20 23:00:00",1633,1600.11938016873,-5061.80622947381,8262.04498981126,-8588.4166207496,11788.6553810871
"2018-09-21 00:00:00",698,980.964160964532,-5681.86086791144,7643.78918984051,-9208.94738296895,11170.875704898
"2018-09-21 01:00:00",407,260.03563419559,-6403.688692517,6923.75996090819,-9931.25126709263,10451.3225354838
"2018-09-21 02:00:00",304,-183.550022188172,-6848.17352538971,6481.07348101336,-10376.2120952459,10009.1120508695
"2018-09-21 03:00:00",377,79.6957668069967,-6585.82679158491,6745.2183251989,-10114.34129251,10273.732826124
"2018-09-21 04:00:00",867,1196.23889642831,-5470.18259590447,7862.6603887611,-8999.17296371294,11391.6507565696
"2018-09-21 05:00:00",2919,2856.06104515868,-3811.25925991453,9523.38135023189,-7340.7254304467,13052.8475207641
"2018-09-21 06:00:00",5457,4435.12599736802,-2233.09299929418,11103.3449940302,-5763.03490841636,14633.2869031524
"2018-09-21 07:00:00",6539,5366.53993174907,-1302.57763539965,12035.6574988978,-4832.99521900407,15566.0750825022
"2018-09-21 08:00:00",5653,5473.71547027009,-1196.30054631164,12143.7314868518,-4727.19374031643,15674.6246808566
"2018-09-21 09:00:00",4981,5032.08944030221,-1638.82490470791,11703.0037853123,-5170.19364505711,15234.3725256615
"2018-09-21 10:00:00",4548,4538.7444974787,-2133.06805500409,11210.5570499615,-5664.9122776676,14742.401272625
"2018-09-21 11:00:00",4937,4380.86212661789,-2291.84851243068,11053.5727656665,-5824.16815340426,14585.89240664
"2018-09-21 12:00:00",5039,4637.98873110798,-2035.6198736483,11311.5973358643,-5568.41486895356,14844.3923311695
"2018-09-21 13:00:00",4901,5116.73276866001,-1557.77368099469,11791.2392183147,-5091.04396667904,15324.509503999
"2018-09-21 14:00:00",5185,5534.46929122252,-1140.93488257005,12209.8734650151,-4674.68039470671,15743.6189771518
"2018-09-21 15:00:00",5973,5690.6624313902,-985.639345828405,12366.9642086088,-4519.86002051641,15901.1848832968
"2018-09-21 16:00:00",6007,5526.76244058797,-1150.43681939352,12203.9617005695,-4685.13259275765,15738.6574739336
"2018-09-21 17:00:00",5489,5090.7160607375,-1587.38056139237,11768.8126828674,-5122.55136958317,15303.9834910582
"2018-09-21 18:00:00",4607,4479.73828476345,-2199.25557894893,11158.7321484758,-5734.90135814266,14694.3779276696
"2018-09-21 19:00:00",3958,3805.86237459786,-2874.0286101797,10485.7533593754,-6410.14929657837,14021.8740457741
"2018-09-21 20:00:00",3255,3173.2451641413,-3507.54282123271,9854.0331495153,-7044.138351064,13390.6286793466
"2018-09-21 21:00:00",2931,2644.36942994938,-4037.31543560083,9326.05429549959,-7574.38574511813,12863.1246050169
"2018-09-21 22:00:00",2570,2208.20264755284,-4474.37897780182,8890.78427290751,-8011.92400328417,12428.3292983899
"2018-09-21 23:00:00",2179,1790.56014879233,-4892.91811604349,8474.03841362816,-8430.93779379559,12012.0580913803
"2018-09-22 00:00:00",1516,1320.54490187701,-5363.8298821651,8004.91968591911,-8902.32414851726,11543.4139522713
"2018-09-22 01:00:00",1273,808.627479783167,-5876.64370323873,7493.89866280507,-9415.61249454691,11032.8674541132
"2018-09-22 02:00:00",1207,367.007504690926,-6319.15995713263,7053.17496651449,-9858.60320977836,10592.6182191602
"2018-09-22 03:00:00",611,146.5718040251,-6540.49181647031,6833.63542452051,-10080.4094668607,10373.5530749109
"2018-09-22 04:00:00",647,239.404771646937,-6448.5548874388,6927.36443073268,-9988.94687200656,10467.7564153004
"2018-09-22 05:00:00",960,627.306405646914,-6061.5491719959,7316.16198328972,-9602.41542719923,10857.0282384931
"2018-09-22 06:00:00",1635,1212.2770739892,-5477.47430222565,7902.02845020404,-9018.81476454833,11443.3689125267
"2018-09-22 07:00:00",2445,1888.84945780878,-4801.79759704125,8579.49651265882,-8343.61220299255,12121.3111186101
"2018-09-22 08:00:00",3415,2586.95073472525,-4104.5918788713,9278.4933483218,-7646.88056498598,12820.7820344365
"2018-09-22 09:00:00",3770,3256.51094163124,-3435.92711087127,9948.94899413375,-6978.68981370957,13491.7116969721
"2018-09-22 10:00:00",4308,3832.64083200444,-2860.69253961158,10525.9742036205,-6403.92919575921,14069.2108597681
"2018-09-22 11:00:00",4638,4238.93868978096,-2455.28988120418,10933.1672607661,-5999.0004272723,14476.8778068342
"2018-09-22 12:00:00",4831,4436.64422051783,-2258.47943014007,11131.7678711757,-5802.66380276524,14675.9522438009
"2018-09-22 13:00:00",4565,4465.39413726707,-2230.62447341524,11161.4127479494,-5775.28260925946,14706.0708837936
"2018-09-22 14:00:00",4654,4419.31535054056,-2277.59810056578,11116.2288016469,-5822.72993631642,14661.3606373975
"2018-09-22 15:00:00",4589,4368.08962924274,-2329.71854273517,11065.8978012206,-5875.32401510499,14611.5032735905
"2018-09-22 16:00:00",4582,4297.58266352197,-2401.12010982296,10996.2854368669,-5947.19915555008,14542.364482594
"2018-09-22 17:00:00",4847,4134.32361721739,-2565.2736380379,10833.9208724727,-6111.82619388577,14380.4734283205
"2018-09-22 18:00:00",4620,3835.00627451573,-2865.48534324108,10535.4978922725,-6412.51134599848,14082.5238950299
"2018-09-22 19:00:00",4347,3449.67701815445,-3251.70884274286,10151.0628790518,-6799.20822922389,13698.5622655328
"2018-09-22 20:00:00",3602,3085.88283170902,-3616.39715301554,9788.16281643358,-7164.36986005957,13336.1355234776
"2018-09-22 21:00:00",2985,2800.64642148237,-3902.52756780394,9503.82041076867,-7450.97353227564,13052.2663752404
"2018-09-22 22:00:00",2480,2529.38357906647,-4174.6842955638,9233.45145369673,-7723.60345435308,12782.370612486
"2018-09-22 23:00:00",1871,2136.14587481767,-4568.81576598645,8841.10751562178,-8118.20805600846,12390.4998056438
"2018-09-23 00:00:00",1249,1552.67275129887,-5153.18253655664,8258.52803915438,-8703.04789475177,11808.3933973495
"2018-09-23 01:00:00",690,877.456320035583,-5829.29249579648,7584.20513586765,-9379.63085913031,11134.5434992015
"2018-09-23 02:00:00",565,331.686689951526,-6375.95553482984,7039.32891473289,-9926.76684029314,10590.1402201962
"2018-09-23 03:00:00",319,100.725194712362,-6607.8103200386,6809.26070946332,-10159.0945046473,10360.5448940721
"2018-09-23 04:00:00",339,202.424863158628,-6507.00382262976,6911.85354894701,-10058.760823425,10463.6105497423
"2018-09-23 05:00:00",514,503.112584471324,-6207.20915346979,7213.43432241244,-9759.43890751786,10765.6640764605
"2018-09-23 06:00:00",910,862.003992364544,-5849.21067889208,7573.21866362117,-9401.9131232843,11125.9211080134
"2018-09-23 07:00:00",1402,1259.82280657942,-5452.28467920291,7971.93029236176,-9005.45975105577,11525.1053642146
"2018-09-23 08:00:00",2203,1783.0766428203,-4929.92353874534,8496.07682438595,-8483.5711752004,12049.724460841
"2018-09-23 09:00:00",3562,2481.12498012487,-4232.76777852904,9195.01773877878,-7786.88791675296,12749.1378770027
"2018-09-23 10:00:00",4594,3246.38100133606,-3468.40421575842,9961.16621843053,-7022.99679294288,13515.758795615
"2018-09-23 11:00:00",4252,3852.55493431152,-2863.12262262312,10568.2324912462,-6418.18757598487,14123.2974446079
"2018-09-23 12:00:00",3945,4130.11075894625,-2586.45901927542,10846.6805371679,-6141.99628605622,14402.2178039487
"2018-09-23 13:00:00",4107,4113.39963637412,-2604.06224462868,10830.8615173769,-6160.07176209531,14386.8710348435
"2018-09-23 14:00:00",4091,4008.43943977034,-2709.91442555491,10726.7933050956,-6266.39613099912,14283.2750105398
"2018-09-23 15:00:00",4195,3999.09379368866,-2720.15193754754,10718.3395249249,-6277.10576828606,14275.2933556634
"2018-09-23 16:00:00",4413,4071.49360118955,-2648.64387759323,10791.6310799723,-6206.06977096776,14349.0569733469
"2018-09-23 17:00:00",4117,4028.80608972729,-2692.22301828481,10749.8351977394,-6250.12091166198,14307.7330911166
"2018-09-23 18:00:00",3997,3689.09394295711,-3032.82667601415,10411.0145619284,-6591.19650678551,13969.3843926997
"2018-09-23 19:00:00",3516,3077.52079293906,-3645.29121876825,9800.33280464638,-7204.13292435026,13359.1745102284
"2018-09-23 20:00:00",2846,2420.95696656608,-4302.74631970118,9144.66025283335,-7862.0598375352,12703.9737706674
"2018-09-23 21:00:00",2346,1940.73836098054,-4783.85608171757,8665.33280367865,-8343.64134926983,12225.1180712309
"2018-09-23 22:00:00",1635,1642.09979542179,-5083.38568562501,8367.5852764686,-8643.6426403866,11927.8422312302
"2018-09-23 23:00:00",934,1316.69976221133,-5409.67663914895,8043.07616357161,-8970.40521863579,11603.8047430584
"2018-09-24 00:00:00",509,778.738587123032,-5948.52861656239,7506.00579080846,-9509.72875831523,11067.2059325613
"2018-09-24 01:00:00",344,123.651718050074,-6604.50617001904,6851.80960611919,-10166.1778116034,10413.4812477036
"2018-09-24 02:00:00",219,-246.917984119843,-6975.96643867801,6482.13047043833,-10538.1095176843,10044.2735494446
"2018-09-24 03:00:00",328,105.141730266303,-6624.7971729331,6835.0806334657,-10187.4116269765,10397.6950875091
"2018-09-24 04:00:00",888,1294.50080388301,-5436.32843015657,8025.33003792259,-8999.41419687688,11588.4158046429
"2018-09-24 05:00:00",2954,2961.80233014712,-3769.91711697832,9693.52177727257,-7333.47413404021,13257.0787943344
"2018-09-24 06:00:00",5747,4467.35336219687,-2265.25618030684,11199.9629047006,-5829.28438539965,14763.9911097934
"2018-09-24 07:00:00",6591,5284.35968885587,-1449.13983136518,12017.8592090769,-5013.63916220299,15582.3585399147
"2018-09-24 08:00:00",5900,5295.57889102203,-1438.81048930208,12029.9682713461,-5003.78088362366,15594.9386656677
"2018-09-24 09:00:00",4936,4795.06266868007,-1940.21645417945,11530.3417915396,-5505.65784974823,15095.7831871084
"2018-09-24 10:00:00",4351,4240.79867890284,-2495.37006897101,10976.9674267767,-6061.28240357509,14542.8797613808
"2018-09-24 11:00:00",4468,3975.36741551237,-2761.69083990129,10712.425670926,-6328.07405135343,14278.8088823782
"2018-09-24 12:00:00",4531,4100.20893134989,-2637.7387141756,10838.1565768754,-6204.59274031316,14405.0106030129
"2018-09-24 13:00:00",4433,4520.35191630843,-2218.48500194739,11259.1888345642,-5785.80978063237,14826.5136132492
"2018-09-24 14:00:00",4816,5046.77122475127,-1692.95484889984,11786.4972984024,-5260.75031801883,15354.2927675214
"2018-09-24 15:00:00",5443,5459.68277946057,-1280.93233229723,12200.2978912184,-4849.19842976139,15768.5639886825
"2018-09-24 16:00:00",6307,5541.84113800527,-1199.66289461703,12283.3451706276,-4768.39955836209,15852.0818343726
"2018-09-24 17:00:00",5562,5145.73219667968,-1596.66063961129,11888.1250329706,-5165.86780759753,15457.3322009569
"2018-09-24 18:00:00",4167,4296.98664764874,-2446.29487516141,11040.2681704589,-6015.97248537363,14609.9457806711
"2018-09-24 19:00:00",3253,3238.47195116699,-3505.69814105918,9982.64204339317,-7075.84613150671,13552.7900338407
"2018-09-24 20:00:00",2559,2319.65940711978,-4425.39913746551,9064.71795170506,-7996.01744618218,12635.3362604217
"2018-09-24 21:00:00",2084,1767.17216449152,-4978.77471544225,8513.11904442528,-8549.86328048635,12084.2076094694
"2018-09-24 22:00:00",1392,1514.71350069248,-5232.12159762534,8261.54859901029,-8803.68035707966,11833.1073584646
"2018-09-24 23:00:00",826,1264.29750728187,-5483.42569250176,8012.0207070655,-9055.45458447351,11584.0495990373
"2018-09-25 00:00:00",527,766.946260559394,-5981.66492381798,7515.55744493676,-9554.16388643883,11088.0564075576
"2018-09-25 01:00:00",302,101.846571941434,-6647.65248020373,6851.34562408659,-10220.6214516298,10424.3145955126
"2018-09-25 02:00:00",234,-300.742873179699,-7051.1296763128,6449.6439299534,-10624.5685947245,10023.0828483651
"2018-09-25 03:00:00",366,49.1701057052082,-6702.10433168204,6800.44454309246,-10276.0131352843,10374.3533466947
"2018-09-25 04:00:00",880,1306.80491424852,-5445.35704070514,8058.96686920218,-9019.73566772712,11633.3454962242
"2018-09-25 05:00:00",3063,3110.71077422951,-3642.33858164882,9863.76013010784,-7217.18697034415,13438.6085188032
"2018-09-25 06:00:00",5833,4769.88544600225,-1984.05119420498,11523.8220862095,-5559.36928285161,15099.1401748561
"2018-09-25 07:00:00",6568,5684.99625513415,-1069.82755285217,12439.8200631205,-4645.61527975234,16015.6077900206
"2018-09-25 08:00:00",6080,5692.32686635152,-1063.38399290999,12448.037725613,-4639.64129639026,16024.2950290933
"2018-09-25 09:00:00",5083,5098.50543385283,-1658.09236022586,11855.1032279315,-5234.81917863708,15431.8300463427
"2018-09-25 10:00:00",4385,4425.35636329113,-2332.12824919257,11182.8409757748,-5909.32452090988,14760.0372474921
"2018-09-25 11:00:00",4458,4085.97533565932,-2672.39597886307,10844.3466501817,-6250.06164228584,14422.0123136045
"2018-09-25 12:00:00",4580,4211.19858144487,-2548.05931879567,10970.4564816854,-6126.19431234754,14548.5914752373
"2018-09-25 13:00:00",4716,4679.95459642941,-2080.18977325451,11440.0989661133,-5658.79403538333,15018.7032282422
"2018-09-25 14:00:00",4973,5250.11123179599,-1510.91949110229,12011.1419546943,-5089.99296028012,15590.2154238721
"2018-09-25 15:00:00",5748,5667.74807512078,-1094.16888480852,12429.6650350501,-4673.71149953162,16009.2076497732
"2018-09-25 16:00:00",6597,5725.57200098491,-1037.23107983775,12488.3750818076,-4617.24277862658,16068.3867805964
"2018-09-25 17:00:00",5734,5315.40264166017,-1448.28644396386,12079.0917272842,-5028.767165363,15659.5724486833
"2018-09-25 18:00:00",4320,4492.36501417663,-2272.20996020237,11256.9399885556,-5853.15964278059,14837.8896711339
"2018-09-25 19:00:00",3058,3490.15039547465,-3275.31035165852,10255.6111426078,-6856.7289340087,13837.029724958
"2018-09-25 20:00:00",2765,2616.01129795092,-4150.33510598118,9382.35770188302,-7732.22252672032,12964.2451226222
"2018-09-25 21:00:00",2282,2055.1672696904,-4712.0646751309,8822.39921451171,-8294.4208729001,12404.7554122809
"2018-09-25 22:00:00",1571,1733.55955903032,-5034.55781081596,8501.67692887661,-8617.3827242804,12084.5018423411
"2018-09-25 23:00:00",924,1384.497010766,-5384.50566828651,8153.4996898185,-8967.79923613546,11736.7932576674
"2018-09-26 00:00:00",543,805.155575940188,-5964.73229654523,7575.0434484256,-9548.49445749198,11158.8056093724
"2018-09-26 01:00:00",358,103.289718426763,-6667.48323176365,6874.06266861717,-10251.7139245456,10458.2933613991
"2018-09-26 02:00:00",227,-295.298692098967,-7066.95660431184,6476.35922011391,-10651.6557676903,10061.0583834923
"2018-09-26 03:00:00",358,72.2947217668921,-6700.24803683126,6844.83748036505,-10285.4156095916,10430.0050531254
"2018-09-26 04:00:00",890,1335.82171009379,-5437.60577929778,8109.24919948536,-9023.24170024934,11694.8851204369
"2018-09-26 05:00:00",3052,3127.96673070424,-3646.34537393417,9902.27883534265,-7232.44958191032,13488.3830433188
"2018-09-26 06:00:00",5930,4771.54361079535,-2003.65299358858,11546.7402151793,-5590.22542744662,15133.3126490373
"2018-09-26 07:00:00",6193,5686.50914137613,-1089.57184729723,12462.5901300495,-4676.6124459184,16049.6307286707
"2018-09-26 08:00:00",6032,5718.14900026315,-1058.81625728876,12495.1142578151,-4646.32495957822,16082.6229601045
"2018-09-26 09:00:00",5320,5165.25789994657,-1612.59151111818,11943.1073110113,-5200.56825600501,15531.0840558982
"2018-09-26 10:00:00",4523,4530.09870243588,-2248.63474682114,11308.8321516929,-5837.07947325832,14897.2768781301
"2018-09-26 11:00:00",4721,4206.54682052476,-2573.07055164905,10986.1641926986,-6161.98319861344,14575.076839663
"2018-09-26 12:00:00",4793,4318.40312141055,-2462.09805844969,11098.9043012708,-6051.478564942,14688.2848077631
"2018-09-26 13:00:00",4624,4755.10029725882,-2026.28457510251,11536.4851696202,-5616.13288014733,15126.333474665
"2018-09-26 14:00:00",4928,5297.74622969514,-1484.52222002699,12080.0146794173,-5074.83826267271,15670.330722063
"2018-09-26 15:00:00",5693,5714.24603732716,-1068.90587466045,12497.3979493148,-4659.68959397931,16088.1816686336
"2018-09-26 16:00:00",6334,5801.31984070946,-982.715418493309,12585.3550999122,-4573.96675358133,16176.6064350002
"2018-09-26 17:00:00",5954,5429.88313122752,-1355.03536018499,12214.80162264,-4946.75425016199,15806.520512617
"2018-09-26 18:00:00",4661,4619.85099029283,-2165.95061836892,11405.6525989546,-5758.13700237848,14997.8389829642
"2018-09-26 19:00:00",3639,3580.17584207243,-3206.50876892295,10366.8604530678,-6799.16258613242,13959.5142702773
"2018-09-26 20:00:00",3197,2626.0041981257,-4161.56330033253,9413.57169658394,-7754.68448993301,13006.6928861844
"2018-09-26 21:00:00",3475,1983.5844291274,-4804.86584196774,8772.03470022255,-8398.45434317402,12365.6232014288
"2018-09-26 22:00:00",1973,1627.04390146,-5162.28902749088,8416.37683041089,-8756.3447795415,12010.4325824615
"2018-09-26 23:00:00",1209,1309.50654851064,-5480.70892355959,8099.72202058086,-9075.23186571676,11694.244962738
"2018-09-27 00:00:00",654,802.382013529158,-5988.71588696874,7593.47991402705,-9583.70595851836,11188.4699855767
"2018-09-27 01:00:00",421,159.278519695109,-6632.70169458349,6951.25873397371,-10228.1588348351,10546.7158742253
"2018-09-27 02:00:00",312,-236.174383237675,-7029.03679669469,6556.68803021934,-10624.9609449816,10152.6121785062
"2018-09-27 03:00:00",373,80.5394778833711,-6713.20502019441,6874.28397596115,-10309.5961158733,10470.6750716401
"2018-09-27 04:00:00",919,1281.53450240493,-5513.09196578059,8076.16097059044,-9109.94994823205,11673.0189530419
"2018-09-27 05:00:00",3002,3047.01945756694,-3748.48886625787,9842.52778139175,-7345.81367488593,13439.8525900198
"2018-09-27 06:00:00",5685,4714.51424854889,-2081.87581649133,11510.9043135891,-5679.66739072364,15108.6958878214
"2018-09-27 07:00:00",6589,5677.88522202561,-1119.38646985066,12475.1569139019,-4717.64474913845,16073.4151931897
"2018-09-27 08:00:00",5946,5743.43069172068,-1054.72251265678,12541.5838960981,-4653.44743647483,16140.3088199162
"2018-09-27 09:00:00",5181,5195.45125767925,-1603.58334490902,11994.4858602675,-5202.77485275566,15593.6773681142
"2018-09-27 10:00:00",4500,4558.01206545085,-2241.90382110228,11357.927952004,-5841.56185249935,14957.5859834011
"2018-09-27 11:00:00",4670,4257.92141810425,-2542.87563821221,11058.7184744207,-6143.00013270509,14658.8429689136
"2018-09-27 12:00:00",4849,4424.71329590596,-2376.9648160167,11226.3914078286,-5977.55571317424,14826.9823049862
"2018-09-27 13:00:00",4787,4912.77899764375,-1889.78005577231,11715.3380510598,-5490.83729518684,15316.3952904744
"2018-09-27 14:00:00",4943,5455.17064755441,-1348.2692332866,12258.6105283954,-4949.79275457393,15860.1340496828
"2018-09-27 15:00:00",5892,5805.70802891658,-998.612565325216,12610.0286231584,-4600.60230812461,16212.0183659578
"2018-09-27 16:00:00",6451,5804.35053265537,-1000.85066100732,12609.5517263181,-4603.30656498146,16212.0076302922
"2018-09-27 17:00:00",5968,5397.12452151941,-1408.95715762852,12203.2062006673,-5011.87916246352,15806.1282055023
"2018-09-27 18:00:00",4498,4653.6269190199,-2153.33513172184,11460.5889697616,-5756.72317712721,15063.977015167
"2018-09-27 19:00:00",3419,3764.4586951891,-3043.3836132992,10572.3010036774,-6647.23763900786,14176.1550293861
"2018-09-27 20:00:00",2856,2966.96258049227,-3841.75987193949,9775.68503292404,-7446.0798177077,13380.0049786923
"2018-09-27 21:00:00",2649,2404.36191035474,-4405.24057226152,9213.96439297099,-8010.02637786894,12818.7501985784
"2018-09-27 22:00:00",2003,2019.10111540982,-4791.38128367606,8829.5835144957,-8396.63288892565,12434.8351197453
"2018-09-27 23:00:00",1278,1598.65214926737,-5212.71005261734,8410.01435115207,-8818.42739733543,12015.7316958702
"2018-09-28 00:00:00",699,979.496930064506,-5832.74496099226,7791.73882112127,-9438.92798502848,11397.9218451575
"2018-09-28 01:00:00",461,258.568403293458,-6554.55306335263,7071.68986993955,-10161.2017065799,10678.3385131668
"2018-09-28 02:00:00",301,-185.017253087338,-6999.01818178399,6628.98367560932,-10606.1323840985,10236.0978779239
"2018-09-28 03:00:00",367,78.2285359031403,-6736.65174134927,6893.10881315555,-10344.2314426706,10500.6885144768
"2018-09-28 04:00:00",870,1194.77166553082,-5620.98784682648,8010.53117788812,-9229.03298709724,11618.5763181589
"2018-09-28 05:00:00",2751,2854.59381426326,-3962.04481979195,9671.23244831847,-7570.55533897816,13279.7429675047
"2018-09-28 06:00:00",5521,4433.65876646909,-2383.85887592093,11251.1764088591,-5992.8347140118,14860.15224695
"2018-09-28 07:00:00",6401,5365.07270084961,-1453.32383655595,12183.4692382552,-5062.76493356388,15792.9103352631
"2018-09-28 08:00:00",5798,5472.24823937123,-1347.02707977444,12291.5235585169,-4956.93337573503,15901.4298544775
"2018-09-28 09:00:00",4791,5030.62220940281,-1789.53177825131,11850.7761970569,-5399.90321322334,15461.147632029
"2018-09-28 10:00:00",4574,4537.27726658214,-2283.75527639252,11358.3098095568,-5894.59179045794,14969.1463236222
"2018-09-28 11:00:00",4863,4379.39489571857,-2442.51608943248,11201.3058808696,-6053.81762269638,14812.6074141335
"2018-09-28 12:00:00",5066,4636.52150020862,-2186.26781401834,11459.3108144356,-5798.03430660896,15071.0773070262
"2018-09-28 13:00:00",4898,5115.26553775808,-1708.401992488,11938.9330680042,-5320.63338455668,15551.1644600728
"2018-09-28 14:00:00",5193,5533.00206032604,-1291.54357292602,12357.5476935781,-4904.23980464722,15970.2439252993
"2018-09-28 15:00:00",5838,5689.19520048989,-1136.22842279862,12514.6188237784,-4749.38943436988,16127.7798353497
"2018-09-28 16:00:00",6188,5525.29520968793,-1301.00629071109,12351.596710087,-4914.63202235303,15965.2224417289
"2018-09-28 17:00:00",5695,5089.2488298396,-1737.93043478755,11916.4280944668,-5352.02082674386,15530.5184864231
"2018-09-28 18:00:00",5104,4478.27105386401,-2349.78586215244,11306.3279698805,-5964.34085468983,14920.8829624179
"2018-09-28 19:00:00",4286,3804.3951437051,-3024.5393109053,10633.3295983155,-6639.55884431354,14248.3491317237
"2018-09-28 20:00:00",3538,3171.77793324189,-3658.03394721061,10001.5898136944,-7273.51796180246,13617.0738282863
"2018-09-28 21:00:00",3058,2642.90219904811,-4187.78699453809,9473.59139263431,-7803.73543064933,13089.5398287456
"2018-09-28 22:00:00",2713,2206.73541665895,-4624.83097739596,9038.30181071385,-8241.24377538535,12654.7146087032
"2018-09-28 23:00:00",3544,1789.09291788868,-5043.35056401334,8621.5363997907,-8660.22766426261,12238.41350004
"2018-09-29 00:00:00",1733,1319.07767097811,-5514.24278619281,8152.39812814902,-9131.58412910664,11769.7394710629
"2018-09-29 01:00:00",867,807.160248883994,-6027.03707102092,7641.35756878891,-9644.84259702695,11259.1630947949
"2018-09-29 02:00:00",524,365.540273791549,-6469.5337963558,7200.6143439389,-10087.8034459046,10818.8839934877
"2018-09-29 03:00:00",359,145.104573128394,-6690.84613481309,6981.05528106988,-10309.5798483781,10599.7889946349
"2018-09-29 04:00:00",425,237.937540747816,-6598.88969258277,7074.7647740784,-10218.0874106604,10693.962492156
"2018-09-29 05:00:00",743,625.839174743638,-6211.86447161424,7463.54282110152,-9831.52613472368,11083.204484211
"2018-09-29 06:00:00",1359,1210.80984309075,-5627.77010397581,8049.38979015732,-9247.89565265922,11669.5153388407
"2018-09-29 07:00:00",2036,1887.38222690924,-4952.07390859057,8726.83836240905,-8572.66328341291,12347.4277372314
"2018-09-29 08:00:00",3073,2585.48350382503,-4254.84870787574,9425.8157155258,-7875.90184942483,13046.8688570749
"2018-09-29 09:00:00",3725,3255.04371073577,-3586.16446497678,10096.2518864483,-7207.68131386326,13717.7687353348
"2018-09-29 10:00:00",4059,3831.17360110527,-3010.91042647297,10673.2576286835,-6632.89092333028,14295.2381255408
"2018-09-29 11:00:00",4378,4237.47145888065,-2605.48830846025,11080.4312262216,-6227.93239394465,14702.8753117059
"2018-09-29 12:00:00",4657,4435.17698961762,-2408.65840542597,11279.0123846612,-6031.56602021647,14901.9199994517
"2018-09-29 13:00:00",4553,4463.92690636719,-2380.78400436209,11308.6378170965,-6004.15508916049,14932.0089018949
"2018-09-29 14:00:00",4618,4417.84811964016,-2427.73819480082,11263.4344340811,-6051.57269033165,14887.268929612
"2018-09-29 15:00:00",4564,4366.6223983426,-2479.83920787902,11213.0840045642,-6104.13705488957,14837.3818515748
"2018-09-29 16:00:00",4735,4296.11543262348,-2551.22135349064,11143.4522187376,-6175.98249275091,14768.2133579979
"2018-09-29 17:00:00",4878,4132.85638631809,-2715.35546784331,10981.0682404795,-6340.57984014602,14606.2926127822
"2018-09-29 18:00:00",4569,3833.53904361641,-3015.54776678991,10682.6258540227,-6641.23531295045,14308.3134001833
"2018-09-29 19:00:00",3818,3448.20978725269,-3401.75186763903,10298.1714421444,-7027.90252849549,13924.3221030009
"2018-09-29 20:00:00",3338,3084.41560081194,-3766.42078684847,9935.25198847235,-7393.0345032616,13561.8657048855
"2018-09-29 21:00:00",2950,2799.17919058843,-4052.53181816676,9650.89019934362,-7679.60853101996,13277.9669121968
"2018-09-29 22:00:00",2607,2527.91634816737,-4324.66917005143,9380.50186638618,-7952.20882025074,13008.0415165855
"2018-09-29 23:00:00",3856,2134.6786439188,-4718.78127217521,8988.1385600128,-8346.78380064927,12616.1410884869
"2018-09-30 00:00:00",1826,1551.20552040074,-5303.12868202274,8405.53972282421,-8931.59402972283,12034.0050705243
"2018-09-30 01:00:00",920,875.989089136909,-5979.219288113,7731.19746638682,-9608.14739601297,11360.1255742868
"2018-09-30 02:00:00",696,330.219459051474,-6525.86298156448,7186.30189966743,-10155.2537906608,10815.6927087637
"2018-09-30 03:00:00",364,99.2579638128318,-6757.6984287514,6956.21435637707,-10387.551880063,10586.0678076887
"2018-09-30 04:00:00",335,200.957632261508,-6656.87260087583,7058.78786539885,-10287.1886354443,10689.1038999673
"2018-09-30 05:00:00",444,501.645353572055,-6357.0586088058,7360.34931594991,-9987.83716769518,10991.1278748393
"2018-09-30 06:00:00",802,860.536761466413,-5999.04081886189,7720.11434179472,-9630.28184315881,11351.3553660916
"2018-09-30 07:00:00",1175,1258.35557567935,-5602.09551135187,8118.80666271057,-9233.79894216544,11750.5100935241
"2018-09-30 08:00:00",2002,1781.60941192207,-5079.71507060701,8642.93389445114,-8711.88084906883,12275.099672913
"2018-09-30 09:00:00",2882,2479.65774922649,-4382.54001763785,9341.85551609083,-8015.16808490201,12974.483583355
"2018-09-30 10:00:00",3701,3244.91377043393,-3618.15716964552,10107.9847105134,-7251.24746688854,13741.0750077564
"2018-09-30 11:00:00",4049,3851.08770341185,-3012.85629880496,10715.0317056287,-6646.40876722584,14348.5841740495
"2018-09-30 12:00:00",4429,4128.64352804655,-2736.17342527224,10993.4604813654,-6370.18800609242,14627.4750621855
"2018-09-30 13:00:00",4547,4111.93240547165,-2753.75738795612,10977.6221988994,-6388.23402241943,14612.0988333627
"2018-09-30 14:00:00",4380,4006.97220887115,-2859.59031371491,10873.5347314572,-6494.5289430876,14508.4733608299
"2018-09-30 15:00:00",4302,3997.62656278907,-2869.80857804687,10865.061703625,-6505.2091436176,14500.4622691957
"2018-09-30 16:00:00",4283,4070.0263702933,-2798.28127792642,10938.334018513,-6434.1437210062,14574.1964615928
"2018-09-30 17:00:00",4132,4027.33885882841,-2841.84118595121,10896.518903608,-6478.16544787343,14532.8431655303
"2018-09-30 18:00:00",3947,3687.62671205777,-3182.4256185001,10557.6790426156,-6819.21164062049,14194.465064736
"2018-09-30 19:00:00",3543,3076.05356203869,-3794.87094355797,9946.97806763535,-7432.11866725461,13584.225791332
"2018-09-30 20:00:00",2781,2419.48973567175,-4452.3068342664,9291.28630560991,-8090.01620093968,12928.9956722832
"2018-09-30 21:00:00",2159,1939.27113008106,-4933.39739354343,8811.93965370555,-8571.56834461604,12450.1106047782
"2018-09-30 22:00:00",1450,1640.6325645232,-5232.90780217459,8514.17293122099,-8871.54027909153,12152.8054081379
"2018-09-30 23:00:00",954,1315.232531314,-5559.17956788612,8189.64463051412,-9198.27351211466,11828.7385747427
