"date_time","actual","forecast","lo80","hi80","lo95","hi95"
"2018-04-19 13:00:00",5110,5301.78996110941,4815.04020630941,5788.53971590942,4557.37045077446,6046.20947144437
"2018-04-19 14:00:00",5444,5511.44236504954,4889.86465136385,6133.02007873523,4560.82128574947,6462.06344434961
"2018-04-19 15:00:00",6188,6206.73557918301,5534.03475866108,6879.43639970494,5177.92845503639,7235.54270332962
"2018-04-19 16:00:00",6851,7155.44434730176,6452.87619918745,7858.01249541607,6080.95908739426,8229.92960720925
"2018-04-19 17:00:00",6368,6741.36973423894,6024.55714668044,7458.18232179744,5645.09948413582,7837.63998434206
"2018-04-19 18:00:00",4978,5002.52033925719,4278.53659603304,5726.50408248133,3895.282752989,6109.75792552537
"2018-04-19 19:00:00",3676,3632.21827156071,2902.90734463214,4361.52919848927,2516.83346088079,4747.60308224062
"2018-04-19 20:00:00",3471,3014.67975123286,2282.01270443506,3747.34679803066,1894.16219814261,4135.19730432311
"2018-04-19 21:00:00",3451,2698.76133927854,1963.76733315944,3433.75534539765,1574.6850090108,3822.83766954629
"2018-04-19 22:00:00",2148,1989.46870064229,1252.42657918075,2726.51082210384,862.260048261809,3116.67735302278
"2018-04-19 23:00:00",1273,1104.6906305393,366.017455283077,1843.36380579551,-25.0125033590225,2234.39376443761
"2018-04-20 00:00:00",712,572.050629435424,-168.010588930167,1312.11184780101,-559.775333209315,1703.87659208016
"2018-04-20 01:00:00",417,326.760806284586,-414.606303018653,1068.12791558783,-807.062344202096,1460.58395677127
"2018-04-20 02:00:00",322,246.732075563503,-495.803647883998,989.267799011005,-888.878316026976,1382.34246715398
"2018-04-20 03:00:00",393,298.375095308749,-445.238998752683,1041.98918937018,-838.88452181593,1435.63471243343
"2018-04-20 04:00:00",830,789.395109186495,44.7504113516,1534.03980702139,-349.440680394,1928.23089876699
"2018-04-20 05:00:00",2691,2665.52548904587,1919.91736727419,3411.13361081756,1525.21626970359,3805.83470838816
"2018-04-20 06:00:00",5492,5371.85264103964,4625.33246139323,6118.37282068605,4230.14854954835,6513.55673253092
"2018-04-20 07:00:00",6626,6531.93795306417,5784.54438257813,7279.3315235502,5388.89812555092,7674.97778057741
"2018-04-20 08:00:00",6126,5842.05882060219,5093.8364538247,6590.28118737968,4697.75145854297,6986.36618266141
"2018-04-20 09:00:00",5141,5176.22500237101,4427.21214952776,5925.23785521425,4030.70869619997,6321.74130854204
"2018-04-20 10:00:00",4670,4803.28950945197,4053.51994865803,5553.05907024591,3656.61591833817,5949.96310056577
"2018-04-20 11:00:00",5200,5184.35610533166,4433.86475910187,5934.84745156145,4036.5786386526,6332.13357201072
"2018-04-20 12:00:00",5433,5254.42108551682,4503.23984600813,6005.60232502552,4105.58851811752,6403.25365291612
"2018-04-20 13:00:00",5370,5127.43590711782,4375.59449851838,5879.27731571726,3977.59369822117,6277.27811601447
"2018-04-20 14:00:00",5803,5284.43912625339,4531.96685126748,6036.9114012393,4133.6320904783,6435.24616202848
"2018-04-20 15:00:00",6383,5908.42711319539,5155.35146412143,6661.50276226935,4756.69729638395,7060.15693000682
"2018-04-20 16:00:00",6900,6642.38422209727,5888.73128330101,7396.03716089353,5489.77151684438,7794.99692735016
"2018-04-20 17:00:00",6268,5644.32480413572,4890.11980652422,6398.52980174722,4490.86779778383,6797.78181048761
"2018-04-20 18:00:00",4959,4125.24694615848,3370.51383000732,4879.98006230963,2970.98225219953,5279.51164011742
"2018-04-20 19:00:00",4091,2841.14586302077,2085.9074687007,3596.38425734083,1686.10841278742,3996.18331325411
"2018-04-20 20:00:00",3552,2280.02700642365,1524.30526778336,3035.74874506394,1124.25034484271,3435.80366800459
"2018-04-20 21:00:00",3538,2118.88964844859,1362.70547446624,2875.07382243094,962.40575304267,3275.37354385451
"2018-04-20 22:00:00",2842,1734.73253309688,978.105906271528,2491.35915992222,577.571964461061,2891.89310173269
"2018-04-20 23:00:00",1977,1105.55786168076,348.507920843925,1862.60780251759,-52.2501098680314,2263.36583322954
"2018-04-21 00:00:00",1291,588.365514726345,-169.089459918112,1345.8204893708,-570.061902576176,1746.79293202887
"2018-04-21 01:00:00",732,405.155355104624,-352.687173369516,1162.99788357876,-753.864774632318,1564.17548484157
"2018-04-21 02:00:00",526,361.928398120194,-396.284957220696,1120.14175346108,-797.658862368932,1521.51565860932
"2018-04-21 03:00:00",386,274.684794433305,-483.883397599859,1033.25298646647,-885.445141946475,1434.81473081308
"2018-04-21 04:00:00",369,266.424744663133,-492.482990439257,1025.33247976552,-894.22447802925,1427.07396735552
"2018-04-21 05:00:00",683,507.14882602759,-252.083821065352,1266.38147312053,-653.997306673527,1668.29495872871
"2018-04-21 06:00:00",1418,953.857294099985,194.313727284443,1713.40086091553,-207.764349282686,2115.47893748266
"2018-04-21 07:00:00",2307,1279.55043875892,519.709336684609,2039.39154083323,117.473754465686,2441.62712305216
"2018-04-21 08:00:00",3392,1458.22866828803,698.10283525143,2218.35450132463,295.716525565832,2620.74081101022
"2018-04-21 09:00:00",4153,1724.89226980092,964.493953716018,2485.29058588582,561.963400217762,2887.82113938407
"2018-04-21 10:00:00",4464,1948.54154554471,1187.88246344509,2709.20062764433,785.21386875708,3111.86922233234
"2018-04-21 11:00:00",4985,2124.17683145144,1363.26819302884,2885.08546987403,960.46749120343,3287.88617169944
"2018-04-21 12:00:00",5263,2118.79841573718,1357.65094505906,2879.9458864153,954.723813074655,3282.8730183997
"2018-04-21 13:00:00",5307,1959.40659042113,1198.03054759692,2720.78263324534,794.982416827354,3123.8307640149
"2018-04-21 14:00:00",5296,1795.00165396727,1033.40685552109,2556.59645241344,630.24292252034,2959.76038541419
"2018-04-21 15:00:00",5340,1854.58388394999,1092.77972206297,2616.388045837,689.504958751399,3019.66280914858
"2018-04-21 16:00:00",5027,1435.15355633981,673.149017535319,2197.1580951443,269.768181091029,2600.53893158859
"2018-04-21 17:00:00",5007,1452.71094510861,690.51462798025,2214.90726223697,287.032270223744,2618.38961999348
"2018-04-21 18:00:00",4541,1043.25631320105,280.876445289858,1805.63618111225,-122.703078381731,2209.21570478384
"2018-04-21 19:00:00",3892,856.789919722422,94.2343737414548,1619.34546570339,-309.438148282664,2023.01798772751
"2018-04-21 20:00:00",3346,594.312019382887,-168.411671325085,1357.03571009086,-572.173203790964,1760.79724255674
"2018-04-21 21:00:00",3199,683.822859601491,-79.0617671054307,1446.70748630841,-482.90849394295,1850.55421314593
"2018-04-21 22:00:00",3814,571.322683202487,-191.715981256538,1334.36134766151,-595.644250754401,1738.28961715938
"2018-04-21 23:00:00",2760,503.811728119933,-259.374372834196,1266.99782907406,-663.380690498033,1671.0041467379
"2018-04-22 00:00:00",1447,331.290226530228,-432.036993760643,1094.6174468211,-836.118015488818,1498.69846854927
"2018-04-22 01:00:00",945,237.758405895379,-525.703888339987,1001.22070013075,-929.856413895157,1405.37322568592
"2018-04-22 02:00:00",671,177.2164888672,-586.375093903487,940.808071637888,-990.596060675034,1345.02903840943
"2018-04-22 03:00:00",465,130.664693079465,-633.050641536848,894.380027695778,-1037.33711857829,1298.66650473722
"2018-04-22 04:00:00",368,155.103231585932,-608.73055613407,918.937019305934,-1013.07973846087,1323.28620163273
"2018-04-22 05:00:00",563,281.532312869539,-482.414856863272,1045.47948260235,-886.824060002066,1449.88868574114
"2018-04-22 06:00:00",904,470.952140843065,-293.103557617673,1235.0078393038,-697.57021239464,1639.47449408077
"2018-04-22 07:00:00",1289,615.362915065047,-148.796667229877,1379.52249735997,-553.318314786799,1784.04414491689
"2018-04-22 08:00:00",2200,655.764830795347,-108.494189828969,1420.02385141966,-513.06847685776,1824.59813844845
"2018-04-22 09:00:00",3219,966.158079057808,201.803874828705,1730.51228328691,-202.820799356802,2135.13695747242
"2018-04-22 10:00:00",4088,1476.54284677303,712.097531116746,2240.98816242931,307.424625455135,2645.66106809092
"2018-04-22 11:00:00",4541,1776.91931683107,1012.38678725203,2541.4518464101,607.667713328532,2946.1709203336
"2018-04-22 12:00:00",4781,2020.28766816944,1255.6716550296,2784.90368130928,850.908387578535,3189.66694876034
"2018-04-22 13:00:00",4761,2188.64807587284,1423.95214959458,2953.34400215111,1019.14657868339,3358.14957306229
"2018-04-22 14:00:00",4753,2390.00071124994,1625.22828920555,3154.77313329432,1220.38222388186,3559.61919861801
"2018-04-22 15:00:00",4866,2155.34574191224,1390.50009501399,2920.19138881049,985.615266794161,3325.07621703032
"2018-04-22 16:00:00",4713,2093.68333185888,1328.76759086283,2858.59907285493,923.845657069002,3263.52100664876
"2018-04-22 17:00:00",4303,1834.01364155204,1069.03080308828,2598.9964800158,664.073350040601,3003.95393306348
"2018-04-22 18:00:00",3787,1644.33682799255,879.28976033392,2409.38389565118,474.298306404315,2814.37534958079
"2018-04-22 19:00:00",3228,1402.65304479627,637.544493377081,2167.76159621546,232.520491910684,2572.78559768186
"2018-04-22 20:00:00",3139,1627.96244226613,862.795034961867,2393.12984957039,457.73987707193,2798.18500746033
"2018-04-22 21:00:00",2412,2795.26516746343,2030.04141964194,3560.48891528492,1624.95643688376,3965.57389804309
"2018-04-22 22:00:00",1906,1189.56136427832,424.283683632508,1954.83904492412,19.1701505617357,2359.9525779949
"2018-04-22 23:00:00",1356,692.851173497839,-72.4781353305355,1458.18048232621,-477.618998710258,1863.32134570594
"2018-04-23 00:00:00",614,394.134732872819,-371.243998123522,1159.51346386916,-776.411024018608,1564.68048976425
"2018-04-23 01:00:00",349,259.412177183533,-506.013864360359,1024.83821872743,-911.205934946484,1430.03028931355
"2018-04-23 02:00:00",259,234.683638303643,-530.787692511306,1000.15496911859,-936.003737789326,1405.37101439661
"2018-04-23 03:00:00",373,344.949245262875,-420.565440015013,1110.46393054076,-825.804435759379,1515.70292628513
"2018-04-23 04:00:00",900,767.209124308418,1.65293661576197,1532.76531200107,-403.608029179872,1938.02627779671
"2018-04-23 05:00:00",2864,2226.46339896488,1460.86748169428,2992.05931623548,1055.5854843305,3397.34131359926
"2018-04-23 06:00:00",5769,4352.71219009301,3587.07824026565,5118.34613992036,3181.77610968248,5523.64827050353
"2018-04-23 07:00:00",6574,4951.95561594714,4186.28525801809,5717.6259738762,3780.9638541501,6122.94737774419
"2018-04-23 08:00:00",5970,4452.19379223144,3686.48858119921,5217.89900326368,3281.14872721288,5623.23885725001
"2018-04-23 09:00:00",5325,4034.42683215484,3268.68825653722,4800.16540777246,2863.33074040628,5205.52292390341
"2018-04-23 10:00:00",4547,3615.65484648489,2849.88433116675,4381.42536180304,2444.50990717967,4786.79978579011
"2018-04-23 11:00:00",4577,3849.8779436004,3084.07685255901,4615.67903464179,2678.68624276176,5021.06964443904
"2018-04-23 12:00:00",4739,4139.09622954293,3373.26586845618,4904.92659062968,2967.85976403288,5310.33269505299
"2018-04-23 13:00:00",4803,4100.30980806725,3334.45142680976,4866.16818932475,2929.03048940405,5271.58912673045
"2018-04-23 14:00:00",5243,4377.51878069059,3611.63357572257,5143.40398565861,3206.19843870225,5548.83912267893
"2018-04-23 15:00:00",5852,4932.72324674093,4166.81236339452,5698.63413008734,3761.36363306179,6104.08286042007
"2018-04-23 16:00:00",6883,5778.92330340421,5012.98783807157,6544.85876873685,4607.52609482138,6950.32051198704
"2018-04-23 17:00:00",6188,5558.11904577052,4792.16004799806,6324.07804354297,4386.68584742672,6729.55224411431
"2018-04-23 18:00:00",4660,4052.31056687928,3286.32904137202,4818.29209238654,2880.84291533824,5223.77821842032
"2018-04-23 19:00:00",3243,2970.4979577635,2204.49486630339,3736.5010492236,1798.99732394379,4141.99859158321
"2018-04-23 20:00:00",2759,2547.68130749302,1781.65757077506,3313.70504421098,1376.14909947611,3719.21351550993
"2018-04-23 21:00:00",2183,2091.86070321686,1325.81720260641,2857.90420382732,920.298268934754,3263.42313749897
"2018-04-23 22:00:00",1537,1481.03623020464,714.973809419417,2247.09865098985,309.444860012249,2652.62760039702
"2018-04-23 23:00:00",963,970.207971887086,204.127438607114,1736.28850516706,-201.411098975598,2141.82704274977
"2018-04-24 00:00:00",530,516.376009895743,-249.721862695784,1282.47388248727,-655.269579155578,1688.02159894706
"2018-04-24 01:00:00",330,328.54042410172,-437.574047640082,1094.65489584352,-843.130551159247,1500.21139936269
"2018-04-24 02:00:00",248,263.701292653682,-502.429069687332,1029.8316549947,-907.99398518159,1435.39657048895
"2018-04-24 03:00:00",346,339.858692014987,-426.28688263315,1106.00426666312,-831.85985103636,1511.57723506633
"2018-04-24 04:00:00",911,891.012697000033,124.852559371261,1657.1728346288,-280.728118208221,2062.75351220829
"2018-04-24 05:00:00",2936,2841.16338080982,2074.98930179929,3607.33745982034,1669.40124409811,4012.92551752152
"2018-04-24 06:00:00",5886,5509.31081506673,4743.12338973072,6275.49824040274,4337.52826691159,6681.09336322186
"2018-04-24 07:00:00",6535,6201.45506984859,5435.25486783502,6967.65527186216,5029.65298145136,7373.25715824583
"2018-04-24 08:00:00",5905,5885.59621372199,5119.38378035617,6651.80864708781,4713.77541908574,7057.41700835824
"2018-04-24 09:00:00",5509,5670.73431377481,4904.51017109869,6436.95845645093,4498.89561129382,6842.57301625581
"2018-04-24 10:00:00",4540,4449.86943564821,3683.63408341518,5216.10478788124,3278.01358962932,5621.7252816671
"2018-04-24 11:00:00",4957,4709.00164356772,3942.75556019484,5475.2477269406,3537.12938568669,5880.87390144875
"2018-04-24 12:00:00",4881,4956.13100037387,4189.87464385338,5722.38735689436,3784.24303106938,6128.01896967836
"2018-04-24 13:00:00",4960,4907.25756755198,4140.99137632379,5673.52375878017,3735.35455736002,6079.16057774393
"2018-04-24 14:00:00",5353,5214.38140526142,4448.10579904833,5980.65701147451,4042.46399609261,6386.29881443022
"2018-04-24 15:00:00",6010,5838.50257236421,5072.21795297138,6604.78719175704,4666.57137872652,7010.4337660019
"2018-04-24 16:00:00",7149,6651.62112645299,5885.32787853322,7417.91437437275,5479.67673662212,7823.56551628386
"2018-04-24 17:00:00",6253,6271.73712387838,5505.43561566471,7038.03863209204,5099.78010101816,7443.69414673859
"2018-04-24 18:00:00",4513,4821.85061977578,4055.54120378274,5588.16003576882,3649.88150301065,5993.81973654092
"2018-04-24 19:00:00",3325,3475.96166809159,2709.64468178645,4242.27865439673,2303.9809735332,4647.94236264998
"2018-04-24 20:00:00",3115,2872.07032160883,2105.7460880542,3638.39455516345,1700.07854333882,4044.06209987884
"2018-04-24 21:00:00",2497,3413.17663197221,2646.84546044117,4179.50780350325,2241.17424298293,4585.17902096149
"2018-04-24 22:00:00",1589,3289.28064971273,2522.94283627765,4055.61846314782,2117.26810280779,4461.29319661768
"2018-04-24 23:00:00",988,1292.38242427167,526.038252367855,2058.72659617549,120.360152927976,2464.40469561537
"2018-04-25 00:00:00",532,821.482004024075,55.1317449893792,1587.83226305877,-350.549576782941,1993.51358483109
"2018-04-25 01:00:00",310,589.579436301771,-176.776650106898,1355.93552271044,-582.461056704659,1761.6199293082
"2018-04-25 02:00:00",237,426.674767415856,-339.686897696369,1193.03643252808,-745.374257481404,1598.72379231312
"2018-04-25 03:00:00",341,516.768042678713,-249.598963079815,1283.13504843724,-655.289150032226,1688.82523538965
"2018-04-25 04:00:00",904,970.859306425543,204.487187917914,1737.23142493317,-201.205705560383,2142.92431841147
"2018-04-25 05:00:00",2917,2981.94860203544,2215.57158894961,3748.32561512128,1809.87610443813,4154.02109963276
"2018-04-25 06:00:00",5866,5939.03597195203,5172.65427314781,6705.41767075624,4766.95630816684,7111.11563573721
"2018-04-25 07:00:00",6303,6867.12145770359,6100.73527312721,7633.50764227997,5695.03493352191,8039.20798188528
"2018-04-25 08:00:00",5850,6610.20509992286,5843.81462098746,7376.59557885826,5438.11200808581,7782.29819175991
"2018-04-25 09:00:00",5455,5374.2869383663,4607.89234831619,6140.68152841641,4202.18755912188,6546.38631761073
"2018-04-25 10:00:00",4524,4747.36701193302,3980.96848619239,5513.76553767365,3575.26161356936,5919.47241029668
"2018-04-25 11:00:00",4891,4820.44535868324,4054.04306518995,5586.84765217652,3648.33419803914,5992.55651932733
"2018-04-25 12:00:00",5067,5009.5220158564,4243.11611538156,5775.92791633124,3837.40533881005,6181.63869290274
"2018-04-25 13:00:00",5020,5013.59701988888,4247.18766634272,5780.00637343503,3841.47506182568,6185.71897795207
"2018-04-25 14:00:00",5276,5433.67040643126,4667.25774715602,6200.0830657065,4261.54339269171,6605.79742017081
"2018-04-25 15:00:00",6002,5831.74221036533,5065.32638641557,6598.1580343151,4659.61035667376,7003.87406405691
"2018-04-25 16:00:00",6816,7018.81246582064,6252.39361223159,7785.23131940969,5846.67597869562,8190.94895294566
"2018-04-25 17:00:00",6420,6455.8812061907,5689.45945223523,7222.30296014618,5283.74028333802,7628.02212904339
"2018-04-25 18:00:00",4695,4659.94846414891,3893.5239335834,5426.37299471441,3487.80329483763,5832.09363346018
"2018-04-25 19:00:00",3543,3390.01427166401,2623.58708296388,4156.44146036415,2217.86503708663,4562.16350624139
"2018-04-25 20:00:00",3225,3031.07866001538,2264.64892660038,3797.50839343037,1858.92553363246,4203.23178639829
"2018-04-25 21:00:00",2560,2601.14165980779,1834.70949025786,3367.57382935773,1428.984807678,3773.29851193759
"2018-04-25 22:00:00",1618,1723.20330098606,956.7687992478,2489.63780272432,551.042882082018,2895.3637198901
"2018-04-25 23:00:00",1023,1082.2636128492,315.826878433677,1848.70034726472,-89.9002206400551,2254.42744633845
"2018-04-26 00:00:00",551,558.322624064388,-208.116247763598,1324.76149589238,-613.844478315141,1730.48972644392
"2018-04-26 01:00:00",358,348.38036268059,-418.06055536011,1114.82128072129,-823.789869111232,1520.55059447241
"2018-04-26 02:00:00",255,272.436856141879,-494.00602080335,1038.87973308711,-899.73637153589,1444.61008381965
"2018-04-26 03:00:00",350,358.492131300487,-407.952620966577,1124.93688356755,-813.68396443453,1530.6682270355
"2018-04-26 04:00:00",899,906.546214429569,140.099666856859,1672.99276200228,-265.632626988495,2078.72505584763
"2018-04-26 05:00:00",2953,2882.59913123569,2116.15086495922,3649.04739751216,1710.41766128705,4054.78060118432
"2018-04-26 06:00:00",5813,5712.65090687104,4946.20099522409,6479.10081851798,4540.4669205454,6884.83489319667
"2018-04-26 07:00:00",6493,6458.70156594539,5692.25007913213,7225.15305275865,5286.51517061077,7630.88796128001
"2018-04-26 08:00:00",5890,6043.75113253781,5277.29813776682,6810.20412730879,4871.56243098086,7215.93983409475
"2018-04-26 09:00:00",5495,5839.79963020807,5073.34519182018,6606.25406859595,4667.60872082959,7011.99053958654
"2018-04-26 10:00:00",4675,4879.84708200788,4113.39126159854,5646.30290241721,3707.65405900999,6052.04010500576
"2018-04-26 11:00:00",5110,5032.89351049183,4266.43636702827,5799.35065395539,3860.69846405713,6205.08855692654
"2018-04-26 12:00:00",5078,5024.93893772811,4258.48052766149,5791.39734779474,3852.74195419118,6197.13592126505
"2018-04-26 13:00:00",5281,5299.77334641842,4533.31372379118,6066.23296904567,4127.57450843005,6471.9721844068
"2018-04-26 14:00:00",5661,5509.46923941069,4743.00845595935,6275.93002286203,4337.26862609507,6681.66985272631
"2018-04-26 15:00:00",6257,6204.80500473858,5438.34310999215,6971.26689948502,5032.60269184378,7377.00731763339
"2018-04-26 16:00:00",7139,7153.55540641929,6387.09244779344,7920.01836504513,5981.35146646132,8325.75934637725
"2018-04-26 17:00:00",6372,6739.52152907505,5973.05755196231,7505.98550618779,5567.31603147581,7911.72702667429
"2018-04-26 18:00:00",5068,5000.71199133082,4234.24703918691,5767.17694347474,3828.50500255007,6172.91898011158
"2018-04-26 19:00:00",3813,3630.4489213356,2863.98303576203,4396.91480690916,2458.24050499739,4802.6573376738
"2018-04-26 20:00:00",3338,3012.94855770895,2246.48177853222,3779.41533688568,1840.73877472264,4185.15834069526
"2018-04-26 21:00:00",3058,2697.06747959226,1930.59984493953,3463.53511424499,1524.85638826831,3869.27857091621
"2018-04-26 22:00:00",2171,1987.81136967543,1221.34291604707,2754.27982330379,815.599025836336,3160.02371351452
"2018-04-26 23:00:00",1253,1103.06904053631,336.599802875294,1869.53827819733,-69.1445023772571,2275.28258344988
"2018-04-27 00:00:00",683,570.464009629035,-196.005978612602,1336.93399787067,-601.750681198531,1742.6787004566
"2018-04-27 01:00:00",422,325.208402529384,-441.262304268145,1091.67910932691,-847.007387234586,1497.42419229335
"2018-04-27 02:00:00",328,245.213149977511,-521.258244717601,1011.68454467262,-927.003691835025,1417.42999179005
"2018-04-27 03:00:00",380,296.888925922692,-469.583127319802,1063.36097916519,-875.328923051152,1469.10677489654
"2018-04-27 04:00:00",849,787.940989600636,21.4683059086651,1554.41367329261,-384.277823562479,1960.15980276375
"2018-04-27 05:00:00",2744,2664.10272809425,1897.62944085185,3430.57601533666,1491.88299188041,3836.3224643081
"2018-04-27 06:00:00",5573,5370.46056246154,4603.98669742005,6136.93442750304,4198.23994258024,6542.68118234285
"2018-04-27 07:00:00",6712,6530.57589518271,5764.10147699472,7297.0503133707,5358.35442933684,7702.79736102858
"2018-04-27 08:00:00",6109,5840.72613600979,5074.25118827605,6607.20108374352,4668.50386029359,7012.94841172598
"2018-04-27 09:00:00",5414,5174.92105762166,4408.44560293596,5941.39651230737,4002.69800658934,6347.14410865399
"2018-04-27 10:00:00",4946,4802.01368476019,4035.53774475228,5568.4896247681,3629.7898914916,5974.23747802877
"2018-04-27 11:00:00",5365,5183.10779427786,4416.63138965463,5949.58419890108,4010.88329044147,6355.33229811424
"2018-04-27 12:00:00",5622,5253.19969475907,4486.72284534393,6019.67654417421,4080.97451067215,6425.42487884599
"2018-04-27 13:00:00",5487,5126.24085610985,4359.76358088038,5892.71813133931,3954.01502079611,6298.46669142358
"2018-04-27 14:00:00",6005,5283.26984696861,4516.7921640927,6049.74752984451,4111.04338821344,6455.49630572377
"2018-04-27 15:00:00",6560,5907.28304985692,5140.80497672729,6673.76112298655,4735.05599426018,7079.51010545365
"2018-04-27 16:00:00",6471,6641.26483091377,5874.78638418105,7407.7432776465,5469.03720394041,7813.49245788713
"2018-04-27 17:00:00",6459,5643.22955304293,4876.75074864731,6409.70835743854,4471.00137907137,6815.45772701448
"2018-04-27 18:00:00",5355,4124.17531456627,3357.69616776785,4890.6544613647,2951.94661693482,5296.40401219773
"2018-04-27 19:00:00",4083,2840.09734156576,2073.61786697353,3606.576816158,1667.86814261694,4012.32654051459
"2018-04-27 20:00:00",3319,2279.00109672707,1512.5213083267,3045.48088512744,1106.77141785012,3451.23077560402
"2018-04-27 21:00:00",3384,2117.88586287939,1351.40577405985,2884.36595169893,945.655724550958,3290.11600120782
"2018-04-27 22:00:00",2709,1733.75039453994,967.270018118927,2500.23077096096,561.519816363015,2905.98097271687
"2018-04-27 23:00:00",1942,1104.59690331015,338.11625155848,1871.07755506183,-67.6340959486784,2276.82790256899
"2018-04-28 00:00:00",1097,587.425279783413,-179.055635551656,1353.90619511848,-584.806122591435,1759.65668215826
"2018-04-28 01:00:00",725,404.235396680871,-362.245770991541,1170.71656435328,-767.996391610641,1576.46718497238
"2018-04-28 02:00:00",531,361.02827894488,-405.453130298653,1127.50968818841,-811.203878797779,1533.26043668754
"2018-04-28 03:00:00",382,273.804086665597,-492.677553842189,1040.28572717338,-898.428424765215,1446.03659809641
"2018-04-28 04:00:00",365,265.563029688745,-500.918832216179,1032.04489159367,-906.669820339771,1437.79587971726
"2018-04-28 05:00:00",744,506.305694259811,-260.176379596131,1272.78776811575,-665.927479919815,1678.53886843944
"2018-04-28 06:00:00",1366,953.032344784995,186.550068021123,1719.51462154887,-219.20113971553,2125.26582928552
"2018-04-28 07:00:00",2330,1278.74327978531,512.260808770763,2045.22575079985,106.509498204016,2450.9770613666
"2018-04-28 08:00:00",3737,1457.4389160004,690.956259023072,2223.92157297774,285.204850013572,2629.67298198724
"2018-04-28 09:00:00",4509,1724.11954881757,957.636713811724,2490.60238382342,551.88521055962,2896.35388707552
"2018-04-28 10:00:00",4752,1947.78548857918,1181.30248314057,2714.2684940178,775.550889666803,3120.02008749156
"2018-04-28 11:00:00",5130,2123.43707913793,1356.95391053821,2889.92024773765,951.202230692174,3295.67192758368
"2018-04-28 12:00:00",5453,2118.07461645976,1351.59129166035,2884.55794125917,945.839529127192,3290.30970379232
"2018-04-28 13:00:00",5529,1958.69840014658,1192.21492581188,2725.18187448129,786.463084119523,3130.93371617364
"2018-04-28 14:00:00",5191,1794.3087360816,1027.82511859166,2560.79235357154,622.073201117492,2966.54427104571
"2018-04-28 15:00:00",4925,1853.9059090984,1087.42215456106,2620.38966363575,681.670164538387,3026.14165365842
"2018-04-28 16:00:00",5034,1434.49020227018,668.00631653268,2200.97408800767,262.254257056839,2606.72614748351
"2018-04-28 17:00:00",4991,1452.06189651828,685.577885178392,2218.54590785817,279.825759212663,2624.2980338239
"2018-04-28 18:00:00",4300,1042.621261587,276.137130003654,1809.10539317034,-129.615059615117,2214.85758278912
"2018-04-28 19:00:00",3764,856.1685632346,89.6843165380841,1622.65280993112,-316.067934017919,2028.40506048712
"2018-04-28 20:00:00",3189,593.704062680764,-172.780294217524,1360.18841957905,-578.532603110822,1765.94072847235
"2018-04-28 21:00:00",3076,683.228013713664,-83.2564486845479,1449.71247611188,-489.008813426132,1855.46484085346
"2018-04-28 22:00:00",2900,570.740665389328,-195.743898007568,1337.22522878622,-601.496316214625,1742.97764699328
"2018-04-28 23:00:00",3360,503.242261739201,-263.242398347188,1269.72692182559,-668.994867738571,1675.47939121697
"2018-04-29 00:00:00",1532,330.733040905575,-435.751711744973,1097.21779355612,-841.504230136861,1502.97031194801
"2018-04-29 01:00:00",821,237.213236187694,-529.271605077688,1003.69807745308,-935.024170379436,1409.45064275482
"2018-04-29 02:00:00",601,176.683075948727,-589.801850150667,943.168002048122,-995.554460360829,1348.92061225828
"2018-04-29 03:00:00",347,130.142783410636,-636.342223903261,896.627790724533,-1042.09487710578,1302.38044392705
"2018-04-29 04:00:00",280,154.592577094854,-611.892507968465,921.077662158172,-1017.64520232905,1326.83035651875
"2018-04-29 05:00:00",427,281.032670834081,-485.45248866142,1047.51783032958,-891.205222424017,1453.27056409218
"2018-04-29 06:00:00",839,470.463273775492,-296.021956976484,1236.94850452747,-701.774728459981,1642.70127601097
"2018-04-29 07:00:00",1397,614.884590599137,-151.600708369102,1381.36988956738,-557.353515964107,1787.12269716238
"2018-04-29 08:00:00",2153,655.29682157594,-111.188542698063,1421.78218584994,-516.941384863851,1827.53502801573
"2018-04-29 09:00:00",3258,965.700162632744,199.214735839298,1732.18558942619,-206.538139422284,2137.93846468777
"2018-04-29 10:00:00",3848,1476.09480548741,709.609318841963,2242.58029213286,303.856411896644,2648.33319907818
"2018-04-29 11:00:00",4381,1776.48093772381,1009.99539377999,2542.96648166764,604.242456502747,2948.71941894488
"2018-04-29 12:00:00",4886,2019.85874287205,1253.37314407453,2786.34434166956,847.620177759494,3192.0973079846
"2018-04-29 13:00:00",4828,2188.22840051036,1421.74274919952,2954.71405182119,1015.98975508561,3360.4670459351
"2018-04-29 14:00:00",4715,2389.59008634404,1623.10438476041,3156.07578792768,1217.35136403368,3561.8288086544
"2018-04-29 15:00:00",4570,2154.94397228645,1388.45822257494,2921.42972199796,982.705176370856,3327.18276820204
"2018-04-29 16:00:00",4886,2093.29022654575,1326.80443075978,2859.77602233172,921.051360165353,3265.52909292615
"2018-04-29 17:00:00",4390,1833.62901370242,1067.14317380779,2600.11485359706,661.39007986365,3005.8679475412
"2018-04-29 18:00:00",3903,1643.96049478677,877.474612665401,2410.44637690813,471.721496367778,2816.19949320576
"2018-04-29 19:00:00",3351,1402.28482735721,635.798904810749,2168.77074990368,230.045767113372,2574.52388760105
"2018-04-29 20:00:00",3026,1627.60216557425,861.116204327451,2394.08812682104,455.363046143356,2799.84128500514
"2018-04-29 21:00:00",2367,2794.91266027352,2028.42666197758,3561.39865856947,1622.67348418084,3967.1518363662
"2018-04-29 22:00:00",1703,1189.21645903817,422.730425273799,1955.70249280254,16.977228701217,2361.45568937513
"2018-04-29 23:00:00",1035,692.513706268555,-73.9723614509558,1458.99977398807,-479.725575998301,1864.75298853541
"2018-04-30 00:00:00",541,393.804543250901,-372.681556975027,1160.29064347683,-778.434788730231,1566.04387523203
"2018-04-30 01:00:00",327,259.08910822465,-507.397023120785,1025.57523957009,-913.150271349661,1431.32848779896
"2018-04-30 02:00:00",275,234.367536448026,-532.118624689181,1000.85369758523,-937.871888688868,1406.60696158492
"2018-04-30 03:00:00",355,344.639960262328,-421.846229395562,1111.12614992022,-827.599508493187,1516.87942901784
"2018-04-30 04:00:00",891,766.906509154905,0.420292193186469,1533.39272611662,-405.333001358212,1939.14601966802
"2018-04-30 05:00:00",2871,2226.16730982065,1459.68106672004,2992.65355292126,1053.92775933155,3398.40686030975
"2018-04-30 06:00:00",5730,4352.42248622222,3585.93621809795,5118.90875434648,3180.18289746274,5524.6620749817
"2018-04-30 07:00:00",6633,4951.67215964898,4185.18586756871,5718.15845172925,3779.43253425196,6123.91178504601
"2018-04-30 08:00:00",5724,4451.91644877466,3685.43013376049,5218.40276378884,3279.67678830325,5624.15610924607
"2018-04-30 09:00:00",5171,4034.15546971372,3267.66913274414,4800.64180668331,2861.91577566441,5206.39516376304
"2018-04-30 10:00:00",4523,3615.38933607659,2848.90297808833,4381.87569406485,2443.149609882,4787.62906227119
"2018-04-30 11:00:00",4619,3849.61815902363,3083.13178091348,4616.10453713378,2677.37840205526,5021.85791599201
"2018-04-30 12:00:00",4825,4138.842047318,3372.35564994447,4905.32844469153,2966.60226088883,5311.08183374717
"2018-04-30 13:00:00",4837,4100.06110737733,3333.57469156231,4866.54752319235,2927.82129274433,5272.30092201033
"2018-04-30 14:00:00",5147,4377.27544332432,3610.78900985463,5143.76187679401,3205.03560169083,5549.51528495781
"2018-04-30 15:00:00",5792,4932.48515703623,4165.99870666511,5698.97160740735,3760.24528955424,6104.72502451822
"2018-04-30 16:00:00",6901,5778.69034819328,5012.20388164185,6545.17681474472,4606.45045596564,6950.93024042093
"2018-04-30 17:00:00",6184,5557.89111432608,4791.40463228468,6324.37759636748,4385.65119840858,6730.13103024359
"2018-04-30 18:00:00",4568,4052.08755086193,3285.60105399145,4818.57404773241,2879.84761226531,5224.32748945855
"2018-04-30 19:00:00",3259,2970.27975117021,2203.79324010335,3736.76626223707,1798.03979086209,4142.51971147833
"2018-04-30 20:00:00",2673,2547.46780660675,1780.98128194921,3313.9543312643,1375.22782551347,3719.70778770004
"2018-04-30 21:00:00",2329,2091.65180655728,1325.1652688889,2858.13834422566,919.411805565652,3263.89180754891
"2018-04-30 22:00:00",1594,1480.83183847986,714.345288355772,2247.31838860396,308.591818438866,2653.07185852086
"2018-04-30 23:00:00",1061,970.007987946517,203.521425898142,1736.49454999489,-202.232050331098,2142.24802622413
"2018-05-01 00:00:00",576,516.180338683856,-250.306234780043,1282.66691214776,-656.059717052297,1688.42039442001
"2018-05-01 01:00:00",395,328.348972612904,-438.137611779468,1094.83555700528,-843.891099836906,1500.58904506271
"2018-05-01 02:00:00",275,263.513969888026,-502.972624966548,1030.0005647426,-908.726118562341,1435.75405833839
"2018-05-01 03:00:00",370,339.675408935028,-426.811195935371,1106.16201380543,-832.564694833222,1511.91551270328
"2018-05-01 04:00:00",916,890.833366488433,124.346752029541,1657.31998094733,-281.406751944151,2063.07348492102
"2018-05-01 05:00:00",2893,2840.98791762796,2074.50129398967,3607.47454126624,1668.7477851567,4013.22805009921
"2018-05-01 06:00:00",5653,5509.13913581419,4742.65250338816,6275.62576824023,4336.89898990324,6681.37928172515
"2018-05-01 07:00:00",6046,6201.28709292353,5434.80045208468,6967.77373376237,5029.04693414629,7373.52725170077
"2018-05-01 08:00:00",6140,5885.43185928231,5118.94521038959,6651.91850817503,4713.19168818773,7057.67203037689
"2018-05-01 09:00:00",5420,5670.57350370027,4904.0868470973,6437.06016030324,4498.33332081388,6842.81368658666
"2018-05-01 10:00:00",4468,4449.71209350323,3683.22542951898,5216.19875748749,3277.47189932814,5621.95228767832
"2018-05-01 11:00:00",4473,4708.84769456511,3942.3610235145,5475.33436561573,3536.60748958296,5881.08789954727
"2018-05-01 12:00:00",5111,4955.98037133924,4189.49369352376,5722.46704915472,3783.74015601111,6128.22058666737
"2018-05-01 13:00:00",4988,4907.11018688897,4140.62350259725,5673.5968711807,3734.86996165629,6079.35041212166
"2018-05-01 14:00:00",4926,5214.23720291769,4447.75051242604,5980.72389340934,4041.99696820304,6386.47743763234
"2018-05-01 15:00:00",5802,5838.36147979811,5071.87478337105,6604.84817622516,4666.12123600604,7010.60172359017
"2018-05-01 16:00:00",6900,6651.48307660099,5884.99637449177,7417.96977871021,5479.2428241188,7823.72332908318
"2018-05-01 17:00:00",6410,6271.60205112321,5505.11534357426,7038.08875867216,5099.36179032167,7443.84231192475
"2018-05-01 18:00:00",4866,4821.71845991524,4055.23174715865,5588.20517267183,3649.4781911493,5993.95872868118
"2018-05-01 19:00:00",3411,3475.83235830801,2709.34564056597,4242.31907605006,2303.59208191748,4648.07263469854
"2018-05-01 20:00:00",2907,2871.94380043922,2105.45707792444,3638.43052295401,1699.70351674941,4044.18408412904
"2018-05-01 21:00:00",2287,3413.05283927908,2646.56611219518,4179.53956636298,2240.81254860141,4585.29312995675
"2018-05-01 22:00:00",1438,3289.15952665546,2522.67279519739,4055.64625811353,2116.91922928807,4461.39982402285
"2018-05-01 23:00:00",1093,1292.26391327856,525.777177632943,2058.75064892417,120.023609506876,2464.50421705024
"2018-05-02 00:00:00",517,821.366048764975,54.879309110484,1587.85278841947,-350.874261137754,1993.60635866771
"2018-05-02 01:00:00",324,589.465981661323,-177.020761831005,1355.95272515365,-582.774334110871,1761.70629743352
"2018-05-02 02:00:00",253,426.563759467281,-339.922987699139,1193.0505066337,-745.676561923952,1598.80408085851
"2018-05-02 03:00:00",351,516.659428658182,-249.827322025572,1283.14617934194,-655.58089811235,1688.89975542871
"2018-05-02 04:00:00",915,970.7530347071,204.266280656081,1737.23978875812,-201.487297213219,2142.99336662742
"2018-05-02 05:00:00",2959,2981.84462210647,2215.35786483185,3748.33137938108,1809.60428525608,4154.08495895685
"2018-05-02 06:00:00",5910,5938.93423438922,5172.44747402854,6705.42099474989,4766.6938928191,7111.17457595933
"2018-05-02 07:00:00",6606,6867.02191414948,6100.53515083441,7633.50867746455,5694.78156806101,8039.26226023794
"2018-05-02 08:00:00",5676,6610.10770306283,5843.62093691941,7376.59446920624,5437.86735264879,7782.34805347687
"2018-05-02 09:00:00",5638,5374.19164190608,4607.704873055,6140.67841075716,4201.95128735102,6546.43199646114
"2018-05-02 10:00:00",4815,4747.2737705767,3980.78699913348,5513.76054201993,3575.0334120573,5919.51412909611
"2018-05-02 11:00:00",4999,4820.35412811174,4053.86735418697,5586.84090203651,3648.11376579714,5992.59449042634
"2018-05-02 12:00:00",5088,5009.4327527064,4242.94597640595,5775.91952900684,3837.19238675852,6181.67311865427
"2018-05-02 13:00:00",5034,5013.50968173218,4247.02290315743,5779.99646030693,3841.26931230604,6185.75005115831
"2018-05-02 14:00:00",5179,5433.58495175467,4667.09817100264,6200.0717325067,4261.34457899868,6605.82532451066
"2018-05-02 15:00:00",5913,5831.65859855089,5065.17181571448,6598.14538138731,4659.41822260712,7003.89897449467
"2018-05-02 16:00:00",6935,7018.73065712634,6252.24387229448,7785.2174419582,5846.49027813078,8190.97103612189
"2018-05-02 17:00:00",6291,6455.80116173158,5689.3143749894,7222.28794847375,5283.56077981445,7628.0415436487
"2018-05-02 18:00:00",4763,4659.87014587856,3893.38335730758,5426.35693444954,3487.62976116451,5832.11053059261
"2018-05-02 19:00:00",3518,3389.93764235654,2623.45085203478,4156.4244326783,2217.69725496491,4562.17802974817
"2018-05-02 20:00:00",3114,3031.00368324766,2264.51689124982,3797.4904752455,1858.76329329268,4203.24407320264
"2018-05-02 21:00:00",2634,2601.06829994219,1834.58150633978,3367.55509354461,1428.82790753323,3773.30869235115
"2018-05-02 22:00:00",1721,1723.13152315347,956.644728014949,2489.618318292,550.891128395237,2895.37191791171
"2018-05-02 23:00:00",1074,1082.19338293249,315.706586323395,1848.68017954159,-90.0470140747902,2254.43377993978
"2018-05-03 00:00:00",591,558.253908682176,-208.23288933475,1324.7407066991,-613.986490478195,1730.49430784255
"2018-05-03 01:00:00",373,348.313129171367,-418.173670193322,1114.79992853606,-823.927272050229,1520.55353039296
"2018-05-03 02:00:00",259,272.371072548498,-494.11572810645,1038.85787320345,-899.86933064638,1444.61147574338
"2018-05-03 03:00:00",345,358.427766354969,-408.059035535189,1124.91456824513,-813.812638728999,1530.66817143894
"2018-05-03 04:00:00",937,906.483237538241,139.996434465575,1672.97004061091,-265.757169354218,2078.7236444307
"2018-05-03 05:00:00",3025,2882.53751246464,2116.05070825992,3649.02431666936,1710.29710384085,4054.77792108843
"2018-05-03 06:00:00",5893,5712.5906169319,4946.10381164342,6479.07742222038,4540.35020665065,6884.83102721315
"2018-05-03 07:00:00",6457,6458.6425761814,5692.15576985541,7225.1293825074,5286.4021643134,7630.8829880494
"2018-05-03 08:00:00",6084,6043.6934149102,5277.20660759096,6810.18022222945,4871.45300152316,7215.93382829724
"2018-05-03 09:00:00",5289,5839.74315728275,5073.25634901263,6606.22996555287,4667.50274244147,7011.98357212403
"2018-05-03 10:00:00",4763,4879.79182694237,4113.30501776195,5646.2786361228,3707.55141070891,6052.03224317584
"2018-05-03 11:00:00",4987,5032.83944702254,4266.35263697065,5799.32625707442,3860.59902945628,6205.07986458879
"2018-05-03 12:00:00",5210,5024.88604015781,4258.39922927164,5791.37285104398,3852.64562131563,6197.12645899999
"2018-05-03 13:00:00",5332,5299.72158960406,4533.23477791921,6066.20840128892,4127.4811695404,6471.96200966773
"2018-05-03 14:00:00",5462,5509.41859875145,4742.93178630198,6275.90541120091,4337.17817751841,6681.65901998449
"2018-05-03 15:00:00",6103,6204.75545616415,5438.26864298269,6971.2422693456,5032.51503381163,7376.99587851667
"2018-05-03 16:00:00",6977,7153.50692637844,6387.02011249623,7919.99374026066,5981.26650295421,8325.74734980268
"2018-05-03 17:00:00",6630,6739.47409452447,5972.9872799714,7505.96090907754,5567.23367007424,7911.7145189747
"2018-05-03 18:00:00",5019,5000.66557972412,4234.17876452881,5767.15239491943,3828.42515429167,6172.90600515656
"2018-05-03 19:00:00",3664,3630.40351061259,2863.91669480245,4396.89032642274,2458.16308423984,4802.64393698535
"2018-05-03 20:00:00",3325,3012.90412628522,2246.41730988647,3779.39094268397,1840.66369901228,4185.14455355816
"2018-05-03 21:00:00",2716,2697.02400634885,1930.53718938661,3463.51082331109,1524.78357821412,3869.26443448357
"2018-05-03 22:00:00",1918,1987.76883394882,1221.28201644713,2754.2556514505,815.528404989076,3160.00926290856
"2018-05-03 23:00:00",1308,1103.0274221086,336.540604090479,1869.51424012671,-69.2130076409574,2275.26785185815
"2018-05-04 00:00:00",655,570.423288718321,-196.063529794195,1336.91010723084,-601.81714178735,1742.66371922399
"2018-05-04 01:00:00",393,325.168559780382,-441.318259205438,1091.6553787662,-847.071871449146,1497.40899100991
"2018-05-04 02:00:00",338,245.174166452334,-521.312652986597,1011.66098589126,-927.066265470166,1417.41459837483
"2018-05-04 03:00:00",409,296.850783091856,-469.636036780852,1063.33760296456,-875.38964949405,1469.09121567776
"2018-05-04 04:00:00",882,787.903669334253,21.4168490462736,1554.39048962223,-384.336763886755,1960.14410255526
"2018-05-04 05:00:00",2841,2664.06621265341,1897.57939196788,3430.55303333894,1491.8257788244,3836.30664648242
"2018-05-04 06:00:00",5503,5370.42483448988,4603.93801342376,6136.911655556,4198.1844000788,6542.66526890096
"2018-05-04 07:00:00",6587,6530.54093769816,5764.05411626768,7297.02775912863,5358.30050272985,7702.78137266646
"2018-05-04 08:00:00",5771,5840.6919323965,5074.20511061721,6607.17875417578,4668.45149689474,7012.93236789826
"2018-05-04 09:00:00",5156,5174.88759162212,4408.40076950891,5941.37441373533,4002.64715560967,6347.12802763458
"2018-05-04 10:00:00",4982,4801.98094046748,4035.49411803459,5568.46776290037,3629.74050396612,5974.22137696884
"2018-05-04 11:00:00",5275,5183.0757561281,4416.58893338917,5949.56257886702,4010.83531915869,6355.31619309751
"2018-05-04 12:00:00",5528,5253.16834752403,4486.68152449212,6019.65517055594,4080.92791010655,6425.40878494152
"2018-05-04 13:00:00",5557,5126.21018488968,4359.7233615773,5892.69700820207,3953.96974704324,6298.45062273613
"2018-05-04 14:00:00",5869,5283.23983718481,4516.75301360391,6049.72666076571,4110.99939892771,6455.48027544191
"2018-05-04 15:00:00",6262,5907.25368724536,5140.7668634074,6673.74051108333,4735.01324859513,7079.4941258956
"2018-05-04 16:00:00",6662,6641.23610151795,5874.7492774339,7407.722925602,5468.99566249135,7813.47654054455
"2018-05-04 17:00:00",6014,5643.2014432073,4876.71461888766,6409.68826752694,4470.96100382039,6815.4418825942
"2018-05-04 18:00:00",5024,4124.14781092979,3357.66098638461,4890.63463547497,2951.90737119795,5296.38825066163
"2018-05-04 19:00:00",4000,2840.07043105552,2073.58360629442,3606.55725581662,1667.82999099347,4012.31087111758
"2018-05-04 20:00:00",3541,2278.97476655208,1512.48794158427,3045.46159151988,1106.7343261739,3451.21520693026
"2018-05-04 21:00:00",3323,2117.86010052449,1351.3732753588,2884.34692569018,945.619659843671,3290.10054120531
"2018-05-04 22:00:00",2718,1733.72518775989,967.23836240476,2500.21201311502,561.484746789344,2905.96562873044
"2018-05-04 23:00:00",2103,1104.57224012377,338.085414587278,1871.05906566026,-67.6682011241444,2276.81268137168
"2018-05-05 00:00:00",1446,587.401148467891,-179.08567724222,1353.887974178,-584.839293045552,1759.64158998133
"2018-05-05 01:00:00",691,404.211785766219,-362.275040110106,1170.69861164254,-768.028656001426,1576.45222753386
"2018-05-05 02:00:00",518,361.005177208458,-405.48164882699,1127.49200324391,-811.235264802544,1533.24561921946
"2018-05-05 03:00:00",345,273.781483126784,-492.705343060996,1040.26830931456,-898.458959117191,1446.02192537076
"2018-05-05 04:00:00",399,265.540913603725,-500.94591272989,1032.02773993734,-906.699528863285,1437.78135607073
"2018-05-05 05:00:00",687,506.284055116459,-260.202771356767,1272.77088158969,-665.956387564068,1678.52449779699
"2018-05-05 06:00:00",1382,953.011172297884,186.524345691003,1719.49799890477,-219.229270587051,2125.25161518282
"2018-05-05 07:00:00",2248,1278.72256389082,512.235737155988,2045.20939062566,106.4821208102,2450.96300697144
"2018-05-05 08:00:00",3095,1457.41864685195,690.931819994626,2223.90547370928,285.178203583994,2629.65909011991
"2018-05-05 09:00:00",3848,1724.09971678091,957.612889806315,2490.5865437555,551.859273333606,2896.34016022821
"2018-05-05 10:00:00",3915,1947.76608422783,1181.27925714097,2714.25291131469,775.525640608832,3120.00652784683
"2018-05-05 11:00:00",4280,2123.41809324869,1356.93126605435,2889.90492044302,951.177649465323,3295.65853703205
"2018-05-05 12:00:00",4775,2118.05604000834,1351.56921271112,2884.54286730556,945.81559606762,3290.29648394906
"2018-05-05 13:00:00",4730,1958.68022430331,1192.19339690759,2725.16705169903,786.439780211948,3130.92066839467
"2018-05-05 14:00:00",4394,1794.2909522072,1027.80412471718,2560.77777969722,622.050507971627,2966.53139644277
"2018-05-05 15:00:00",4699,1853.88850873993,1087.40168115964,2620.37533632022,681.648064366292,3026.12895311356
"2018-05-05 16:00:00",4580,1434.47317715696,667.986349490245,2200.96000482367,262.232732651152,2606.71362166276
"2018-05-05 17:00:00",4539,1452.04523855801,685.558410808565,2218.53206630746,279.804793925675,2624.28568319035
"2018-05-05 18:00:00",4156,1042.60496286189,276.118135033241,1809.09179069054,-129.635481891577,2214.84540761536
"2018-05-05 19:00:00",3146,856.152615997612,89.6657880931371,1622.63944390209,-316.087828871821,2028.39306086705
"2018-05-05 20:00:00",2767,593.688459351923,-172.798368625142,1360.17528732899,-578.551985628527,1765.92890433237
"2018-05-05 21:00:00",2922,683.212746876462,-83.2740811700962,1449.69957492302,-489.027698210268,1855.45319196319
"2018-05-05 22:00:00",3145,570.725727787196,-195.76110032589,1337.21255590028,-601.51471740128,1742.96617297567
"2018-05-05 23:00:00",2432,503.22764627206,-263.259181904715,1269.71447444884,-669.01279901382,1675.46809155794
"2018-05-06 00:00:00",1674,330.718740626465,-435.768087611282,1097.20556886421,-841.521704752664,1502.95918600559
"2018-05-06 01:00:00",784,237.199244299467,-529.287583996651,1003.68607259558,-935.041201168932,1409.43968976787
"2018-05-06 02:00:00",509,176.669385800817,-589.817442551181,943.156214152815,-995.571059753043,1348.90983135468
"2018-05-06 03:00:00",346,130.1293884959,-636.357439909594,896.616216901394,-1042.11105713978,1302.36983413157
"2018-05-06 04:00:00",269,154.579471046478,-611.90735741023,921.066299503185,-1017.66097466752,1326.81991676048
"2018-05-06 05:00:00",459,281.019847422554,-485.466981083182,1047.50667592829,-891.220598366429,1453.26029321154
"2018-05-06 06:00:00",998,470.450726905644,-296.036101647029,1236.93755545832,-701.789718955122,1642.69117276641
"2018-05-06 07:00:00",1332,614.872314307243,-151.614514290364,1381.35914290485,-557.368131622244,1787.11276023673
"2018-05-06 08:00:00",2390,655.284810026884,-111.202018613739,1421.77163866751,-516.95563596839,1827.52525602216
"2018-05-06 09:00:00",3000,965.688410117249,199.201581435444,1732.17523879905,-206.552035941008,2137.92885617551
"2018-05-06 10:00:00",3568,1476.08330641932,709.596477698092,2242.57013514055,303.84286030077,2648.32375253787
"2018-05-06 11:00:00",3914,1776.46968663744,1009.98285787847,2542.95651539641,604.229240461167,2948.71013281371
"2018-05-06 12:00:00",4053,2019.84773441957,1253.36090562447,2786.33456321467,847.607288188038,3192.0881806511
"2018-05-06 13:00:00",4237,2188.21762945929,1421.73080062959,2954.70445828898,1015.97718317485,3360.45807574372
"2018-05-06 14:00:00",4295,2389.57954757473,1623.09271871192,3156.06637643754,1217.33910123965,3561.81999390981
"2018-05-06 15:00:00",4332,2154.93366078964,1388.44683189513,2921.42048968416,982.693214406081,3327.17410717321
"2018-05-06 16:00:00",4181,2093.28013742025,1326.79330849538,2859.76696634511,921.039690990267,3265.52058385022
"2018-05-06 17:00:00",3739,1833.61914215269,1067.13231319878,2600.10597110661,661.37869567828,3005.85958862711
"2018-05-06 18:00:00",3778,1643.95083612071,877.464007138979,2410.43766510244,471.710389603756,2816.19128263766
"2018-05-06 19:00:00",3041,1402.27537698391,635.788547975552,2168.76220599227,230.034930426234,2574.51582354159
"2018-05-06 20:00:00",2658,1627.59291900179,861.106089967937,2394.07974803564,455.352472405124,2799.83336559845
"2018-05-06 21:00:00",2350,2794.90361310687,2028.41678404861,3561.39044216512,1622.66316647288,3967.14405974086
"2018-05-06 22:00:00",1717,1189.20760697706,422.720777895441,1955.69443605868,16.9671603073409,2361.44805364678
"2018-05-06 23:00:00",1248,692.50504510546,-73.9817839985242,1458.99187420944,-479.735401598464,1864.74549180938
"2018-05-07 00:00:00",597,393.796068869037,-372.690760256359,1160.28289799443,-778.444377867633,1566.03651560571
"2018-05-07 01:00:00",353,259.080816596009,-507.406012549885,1025.5676457419,-913.159630172011,1431.32126336403
"2018-05-07 02:00:00",244,234.359423631466,-532.127405534052,1000.84625279698,-937.881023166566,1406.5998704295
"2018-05-07 03:00:00",326,344.6320224017,-421.854806782605,1111.11885158601,-827.608424425064,1516.87246922846
"2018-05-07 04:00:00",875,766.898742477219,0.411913274928907,1533.38557167951,-405.341704377051,1939.13918933149
"2018-05-07 05:00:00",2729,2226.15971063428,1459.67288141477,2992.64653985379,1053.91926375368,3398.40015751488
"2018-05-07 06:00:00",5780,4352.41505091515,3585.92822167916,5118.90188015114,3180.17460400934,5524.65549782096
"2018-05-07 07:00:00",6339,4951.6648846871,4185.17805543533,5718.15171393888,3779.42443775716,6123.90533161705
"2018-05-07 08:00:00",5793,4451.90933070006,3685.42250143319,5218.39615996694,3279.66888374702,5624.14977765311
"2018-05-07 09:00:00",4932,4034.14850514307,3267.66167586174,4800.63533442441,2861.90805816791,5206.38895211824
"2018-05-07 10:00:00",4369,3615.38252169952,2848.89569240434,4381.8693509947,2443.14207470318,4787.62296869586
"2018-05-07 11:00:00",4608,3849.61149160116,3083.12466229272,4616.0983209096,2677.37104458455,5021.85193861777
"2018-05-07 12:00:00",4792,4138.83552368099,3372.34869435986,4905.32235300212,2966.59507664497,5311.07597071701
"2018-05-07 13:00:00",4815,4100.054724425,3333.56789509172,4866.54155375827,2927.8142773704,5272.29517147959
"2018-05-07 14:00:00",4969,4377.26919802275,3610.78236867785,5143.75602736765,3205.02875095037,5549.50964509513
"2018-05-07 15:00:00",5799,4932.47904641693,4165.99221706089,5698.96587577297,3760.23859932752,6104.71949350634
"2018-05-07 16:00:00",6663,5778.68436935178,5012.19753998509,6545.17119871848,4606.44392224608,6950.92481645749
"2018-05-07 17:00:00",6197,5557.88526442054,4791.39843504364,6324.37209379744,4385.64481729923,6730.12571154185
"2018-05-07 18:00:00",4502,4052.0818271118,3285.59499772513,4818.56865649846,2879.84137997555,5224.32227424805
"2018-05-07 19:00:00",3292,2970.27415085489,2203.78732145888,3736.76098025091,1798.03370370434,4142.51459800544
"2018-05-07 20:00:00",2791,2547.46232706434,1780.97549765937,3313.94915646931,1375.2218799001,3719.70277422858
"2018-05-07 21:00:00",2494,2091.64644518325,1325.15961576971,2858.13327459679,919.405998005903,3263.8868923606
"2018-05-07 22:00:00",1591,1480.82659272588,714.339763304133,2247.31342214762,308.58614553598,2653.06703991577
"2018-05-07 23:00:00",1010,970.002855319182,203.516025889582,1736.48968474878,-202.237591882728,2142.24330252109
"2018-05-08 00:00:00",585,516.175316743555,-250.311512693565,1282.66214618067,-656.065130469855,1688.41576395696
"2018-05-08 01:00:00",356,328.344058972629,-438.142770471689,1094.83088841695,-843.89638825179,1500.58450619705
"2018-05-08 02:00:00",264,263.509162212246,-502.977667238963,1029.99599166346,-908.731285022713,1435.7496094472
"2018-05-08 03:00:00",331,339.670704938579,-426.816124519228,1106.15753439639,-832.56974230647,1511.91115218363
"2018-05-08 04:00:00",868,890.828763935432,124.34193447131,1657.31559339956,-281.411683319276,2063.06921119014
"2018-05-08 05:00:00",2849,2840.98341433074,2074.49658486057,3607.47024380091,1668.74296706678,4013.22386159469
"2018-05-08 06:00:00",5958,5509.13472963227,4742.64790015631,6275.62155910822,4336.89428235946,6681.37517690508
"2018-05-08 07:00:00",6651,6201.28278176257,5434.79595228107,6967.76961124407,5029.04233448128,7373.52322904385
"2018-05-08 08:00:00",6203,5885.42764109315,5118.94081160635,6651.91447057996,4713.18719380376,7057.66808838255
"2018-05-08 09:00:00",5428,5670.56937647794,4904.08254698606,6437.05620596983,4498.32892918078,6842.80982377511
"2018-05-08 10:00:00",4500,4449.708055286,3683.22122578926,5216.19488478275,3277.4676079814,5621.9485025906
"2018-05-08 11:00:00",4614,4708.84374343356,3942.35691393216,5475.33057293495,3536.60329612184,5881.08419074527
"2018-05-08 12:00:00",4601,4955.97650541532,4189.48967590946,5722.46333492117,3783.73605809678,6128.21695273385
"2018-05-08 13:00:00",4583,4907.10640433515,4140.61957482503,5673.59323384527,3734.86595701009,6079.34685166021
"2018-05-08 14:00:00",5196,5214.23350193605,4447.74667242185,5980.72033145026,4041.99305460475,6386.47394926736
"2018-05-08 15:00:00",5855,5838.35785862953,5071.87102911141,6604.84468814764,4666.11741129225,7010.59830596681
"2018-05-08 16:00:00",6578,6651.47953352427,5884.99270400241,7417.96636304613,5479.23908618126,7823.71998086728
"2018-05-08 17:00:00",6279,6271.59858445427,5505.11175492883,7038.08541397971,5099.35813710578,7443.83903180276
"2018-05-08 18:00:00",4545,4821.71506800632,4055.22823847744,5588.20189753519,3649.47462065258,5993.95551536005
"2018-05-08 19:00:00",3274,3475.82903954688,2709.34221001472,4242.31586907903,2303.58859218812,4648.06948690563
"2018-05-08 20:00:00",3044,2871.94055324842,2105.45372371312,3638.42738278372,1699.70010588485,4044.18100061198
"2018-05-08 21:00:00",2334,3413.04966211516,2646.56283257685,4179.53649165347,2240.80921474699,4585.29010948333
"2018-05-08 22:00:00",1513,3289.15641800827,2522.66958846708,4055.64324754946,2116.9159706357,4461.39686538085
"2018-05-08 23:00:00",1027,1292.26087167051,525.774042126562,2058.74770121446,120.020424293719,2464.5013190473
"2018-05-09 00:00:00",516,821.363072750347,54.8762432037579,1587.84990229694,-350.877374630483,1993.60352013118
"2018-05-09 01:00:00",319,589.463069825567,-177.023759723551,1355.94989937468,-582.77737755913,1761.70351721026
"2018-05-09 02:00:00",261,426.560910426355,-339.925919125183,1193.04773997789,-745.679536962043,1598.80135781475
"2018-05-09 03:00:00",340,516.656641057892,-249.830188495963,1283.14347061175,-655.583806334049,1688.89708844983
"2018-05-09 04:00:00",885,970.750307222456,204.263477666384,1737.23713677853,-201.490140172878,2142.99075461779
"2018-05-09 05:00:00",2881,2981.84195344105,2215.35512388286,3748.32878299925,1809.60150604247,4154.08240083963
"2018-05-09 06:00:00",6008,5938.93162327457,5172.44479371434,6705.4184528348,4766.69117587288,7111.17207067626
"2018-05-09 07:00:00",6523,6867.0193593445,6100.53252978233,7633.50618890667,5694.77891193983,8039.25980674917
"2018-05-09 08:00:00",6254,6610.10520335318,5843.61837378914,7376.59203291721,5437.86475594566,7782.34565076069
"2018-05-09 09:00:00",5210,5374.18919610361,4607.70236653779,6140.67602566943,4201.94874869337,6546.42964351385
"2018-05-09 10:00:00",4720,4747.27137751888,3980.78454795135,5513.75820708641,3575.03093010602,5919.51182493173
"2018-05-09 11:00:00",4693,4820.3517866611,4053.86495709194,5586.83861623027,3648.11133924575,5992.59223407646
"2018-05-09 12:00:00",4840,5009.43046175002,4242.94363217929,5775.91729132075,3837.19001433227,6181.67090916777
"2018-05-09 13:00:00",4933,5013.50744018114,4247.02061060891,5779.99426975336,3841.2669927611,6185.74788760118
"2018-05-09 14:00:00",5109,5433.58275854352,4667.09592896986,6200.06958811718,4261.34231112128,6605.82320596575
"2018-05-09 15:00:00",6159,5831.65645263716,5065.16962306213,6598.1432822122,4659.41600521283,7003.89690006149
"2018-05-09 16:00:00",6844,7018.72855749004,6252.24172791369,7785.21538706639,5846.4881100637,8190.96900491638
"2018-05-09 17:00:00",6436,6455.79910737472,5689.31227779712,7222.28593695233,5283.55865994646,7628.03955480299
"2018-05-09 18:00:00",4768,4659.86813582468,3893.38130624587,5426.35496540349,3487.62768839457,5832.10858325479
"2018-05-09 19:00:00",3511,3389.93567565023,2623.44884607027,4156.42250523019,2217.69522821836,4562.1761230821
"2018-05-09 20:00:00",3287,3031.00175895411,2264.51492937304,3797.48858853518,1858.76131152055,4203.24220638767
"2018-05-09 21:00:00",2734,2601.06641714675,1834.57958756463,3367.55324672888,1428.82596971158,3773.30686458193
"2018-05-09 22:00:00",1736,1723.12968096122,956.642851378088,2489.61651054436,550.8892335245,2895.37012839795
"2018-05-09 23:00:00",1466,1082.19158046781,315.704750883704,1848.67841005191,-90.0488669703968,2254.43202790601
"2018-05-10 00:00:00",633,558.252145088319,-208.234684496714,1324.73897467335,-613.988302351305,1730.49259252794
"2018-05-10 01:00:00",364,348.311403610073,-418.175425975847,1114.79823319599,-823.929043830909,1520.55185105105
"2018-05-10 02:00:00",270,272.36938419958,-494.11744538719,1038.85621378635,-899.871063242701,1444.60983164186
"2018-05-10 03:00:00",374,358.426114415929,-408.060715171654,1124.91294400351,-813.814333027597,1530.66656185946
"2018-05-10 04:00:00",928,906.481621223886,139.994791635523,1672.96845081225,-265.758826220831,2078.7220686686
"2018-05-10 05:00:00",2881,2882.53593100671,2116.0491014176,3649.02276059582,1710.29548356085,4054.77637845257
"2018-05-10 06:00:00",5840,5712.5890695787,4946.10223998888,6479.07589916852,4540.34862213175,6884.82951702565
"2018-05-10 07:00:00",6197,6458.64106219746,5692.15423260695,7225.12789178796,5286.40061474946,7630.88150964545
"2018-05-10 08:00:00",5690,6043.69193357589,5277.20510398473,6810.17876316705,4871.45148612689,7215.93238102488
"2018-05-10 09:00:00",5568,5839.74170789397,5073.25487830218,6606.22853748575,4667.50126044401,7011.98215534392
"2018-05-10 10:00:00",4691,4879.7904088102,4113.30357921782,5646.27723840259,3707.54996135933,6052.03085626107
"2018-05-10 11:00:00",5120,5032.83805947292,4266.35122987996,5799.32488906588,3860.59761202117,6205.07850692467
"2018-05-10 12:00:00",5268,5024.88468253122,4258.39785293771,5791.37151212473,3852.64423507863,6197.12512998381
"2018-05-10 13:00:00",5140,5299.7202612552,4533.23343166117,6066.20709084924,4127.47981380181,6471.96070870859
"2018-05-10 14:00:00",5599,5509.41729904893,4742.93046945439,6275.90412864346,4337.17685159476,6681.65774650309
"2018-05-10 15:00:00",6364,6204.7541844902,5438.26735489518,6971.24101408522,5032.5137370353,7376.9946319451
"2018-05-10 16:00:00",7074,7153.50568212862,6387.01885253314,7919.9925117241,5981.26523467301,8325.74612958422
"2018-05-10 17:00:00",6722,6739.47287710736,5972.98604751143,7505.95970670328,5567.23242965108,7911.71332456364
"2018-05-10 18:00:00",5110,5000.66438856106,4234.17755896472,5767.15121815741,3828.42394110413,6172.90483601799
"2018-05-10 19:00:00",3824,3630.40234513742,2863.91551554067,4396.88917473417,2458.16189767987,4802.64279259497
"2018-05-10 20:00:00",3310,3012.90298594396,2246.41615634682,3779.3898155411,1840.66253848581,4185.1434334021
"2018-05-10 21:00:00",2906,2697.02289059947,1930.53606100196,3463.50972019698,1524.78244314076,3869.26333805818
"2018-05-10 22:00:00",2014,1987.76774226099,1221.28091266312,2754.25457185886,815.527294801738,3160.00818972024
"2018-05-10 23:00:00",1287,1103.02635396343,336.539524365222,1869.51318356164,-69.2140934963436,2275.2668014232
"2018-05-11 00:00:00",660,570.422243608104,-196.064585990429,1336.90907320664,-601.818203852166,1742.66269106837
"2018-05-11 01:00:00",379,325.167537208359,-441.319292390486,1091.6543668072,-847.072910252389,1497.40798466911
"2018-05-11 02:00:00",302,245.17316593246,-521.313663666682,1011.6599955316,-927.067281528743,1417.41361339366
"2018-05-11 03:00:00",342,296.849804148569,-469.63702545086,1063.336633748,-875.390643313072,1469.09025161021
"2018-05-11 04:00:00",814,787.902711502245,21.4158819025428,1554.38954110195,-384.337735959814,1960.1431589643
"2018-05-11 05:00:00",2640,2664.06527547741,1897.57844587745,3430.55210507737,1491.82482801495,3836.30572293987
"2018-05-11 06:00:00",5561,5370.42391752443,4603.93708792422,6136.91074712464,4198.18347006159,6542.66436498727
"2018-05-11 07:00:00",6472,6530.54004050741,5764.05321090695,7297.02687010786,5358.2995930442,7702.78048797062
"2018-05-11 08:00:00",5594,5840.69105455401,5074.20422495332,6607.17788415469,4668.45060709044,7012.93150201757
"2018-05-11 09:00:00",5189,5174.88673271063,4408.39990310973,5941.37356231154,4002.64628524673,6347.12718017453
"2018-05-11 10:00:00",4978,4801.98010007874,4035.49327047762,5568.46692967985,3629.73965261452,5974.22054754296
"2018-05-11 11:00:00",5292,5183.07493386266,4416.58810426134,5949.56176346397,4010.83448639813,6355.31538132718
"2018-05-11 12:00:00",5530,5253.16754299105,4486.68071338954,6019.65437259256,4080.92709552623,6425.40799045587
"2018-05-11 13:00:00",5323,5126.20939770676,4359.72256810507,5892.69622730846,3953.96895024166,6298.44984517187
"2018-05-11 14:00:00",5648,5283.23906697778,4516.75223737591,6049.72589657965,4110.99861951241,6455.47951444316
"2018-05-11 15:00:00",6354,5907.25293364814,5140.7661040461,6673.73976325018,4735.0124861825,7079.49338111377
"2018-05-11 16:00:00",6858,6641.23536417233,5874.74853457013,7407.72219377453,5468.99491670645,7813.47581163822
"2018-05-11 17:00:00",5773,5643.20072176282,4876.71389216046,6409.68755136517,4470.9602742967,6815.44116922894
"2018-05-11 18:00:00",5138,4124.14710504353,3357.66027544102,4890.63393464604,2951.90665757718,5296.38755250988
"2018-05-11 19:00:00",3863,2840.06974039196,2073.58291078931,3606.55656999461,1667.8292929254,4012.31018785853
"2018-05-11 20:00:00",3108,2278.97409078293,1512.48726118015,3045.46092038572,1106.73364331616,3451.21453824971
"2018-05-11 21:00:00",3134,2117.85943932856,1351.37260972565,2884.34626893148,945.618991861591,3290.09988679554
"2018-05-11 22:00:00",2436,1733.7245408229,967.237711219862,2500.21137042594,561.484093355738,2905.96498829007
"2018-05-11 23:00:00",1740,1104.57160713822,338.084777535058,1871.05843674138,-67.6688403291291,2276.81205460556
"2018-05-12 00:00:00",1107,587.400529132912,-179.086300470362,1353.88735873619,-584.839918334609,1759.64097660043
"2018-05-12 01:00:00",642,404.211179787431,-362.275649815952,1170.69800939081,-768.029267680258,1576.45162725512
"2018-05-12 02:00:00",427,361.00458429783,-405.482245305658,1127.49141390132,-811.235863170019,1533.24503176568
"2018-05-12 03:00:00",482,273.780903002496,-492.705926601092,1040.26773260608,-898.459544465506,1446.0213504705
"2018-05-12 04:00:00",440,265.540345990034,-500.94648361365,1032.02717559372,-906.700101478115,1437.78079345818
"2018-05-12 05:00:00",809,506.283499743571,-260.203329860205,1272.77032934735,-665.956947724719,1678.52394721186
"2018-05-12 06:00:00",1428,953.010628901821,186.523799297956,1719.49745850569,-219.229818566604,2125.25107637025
"2018-05-12 07:00:00",2113,1278.7220322133,512.235202609349,2045.20886181725,106.481584744744,2450.96247968185
"2018-05-12 08:00:00",3110,1457.41812664025,690.931297036225,2223.90495624428,285.177679171577,2629.65857410893
"2018-05-12 09:00:00",3792,1724.09920778777,957.612378183665,2490.58603739188,551.858760318976,2896.33965525657
"2018-05-12 10:00:00",4455,1947.76558621132,1181.27875660714,2714.2524158155,775.52513874241,3120.00603368023
"2018-05-12 11:00:00",4818,2123.41760597209,1356.93077636784,2889.90443557634,951.177158503073,3295.65805344111
"2018-05-12 12:00:00",5167,2118.05556324004,1351.56873363572,2884.54239284436,945.815115770923,3290.29601070916
"2018-05-12 13:00:00",4769,1958.6797578167,1192.19292821232,2725.16658742108,786.43931034748,3130.92020528592
"2018-05-12 14:00:00",4631,1794.29049578055,1027.8036661761,2560.777325385,622.050048311236,2966.53094324987
"2018-05-12 15:00:00",4283,1853.88806215629,1087.40123255178,2620.3748917608,681.647614686883,3026.1285096257
"2018-05-12 16:00:00",4148,1434.47274020406,667.9859105995,2200.95956980863,262.23229273457,2606.71318767356
"2018-05-12 17:00:00",3972,1452.04481102817,685.557981423553,2218.53164063279,279.804363558594,2624.28525849775
"2018-05-12 18:00:00",3736,1042.60454455189,276.117714947223,1809.09137415656,-129.635902917764,2214.84499202155
"2018-05-12 19:00:00",3060,856.152206708625,89.6653771039054,1622.63903631334,-316.088240761108,2028.39265417836
"2018-05-12 20:00:00",2718,593.688058889406,-172.798770715361,1360.17488849417,-578.5523885804,1765.92850635921
"2018-05-12 21:00:00",2727,683.212355050069,-83.2744745547437,1449.69918465488,-489.028092419806,1855.45280251995
"2018-05-12 22:00:00",2527,570.725344410686,-195.761485194171,1337.21217401554,-601.515103059257,1742.96579188063
"2018-05-12 23:00:00",2033,503.227271163209,-263.259558441689,1269.71410076811,-669.013176306798,1675.46771863322
"2018-05-13 00:00:00",1191,330.718373606977,-435.768455997962,1097.20520321192,-841.522073863092,1502.95882107705
"2018-05-13 01:00:00",756,237.198885194892,-529.287944410086,1003.68571479987,-935.041562275236,1409.43933266502
"2018-05-13 02:00:00",622,176.669034440467,-589.817795164548,943.155864045481,-995.571413029717,1348.90948191065
"2018-05-13 03:00:00",353,130.129044712767,-636.357784892282,896.615874317817,-1042.11140275747,1302.369492183
"2018-05-13 04:00:00",342,154.579134677157,-611.907694927926,921.065964282241,-1017.66131279313,1326.81958214745
"2018-05-13 05:00:00",460,281.019518307164,-485.467311297952,1047.50634791228,-891.220929163175,1453.2599657775
"2018-05-13 06:00:00",868,470.450404887751,-296.036424717396,1236.9372344929,-701.790042582635,1642.69085235814
"2018-05-13 07:00:00",1304,614.871999233786,-151.61483037139,1381.35882883896,-557.368448236645,1787.11244670422
"2018-05-13 08:00:00",1965,655.284501748105,-111.202327857099,1421.77133135331,-516.955945722369,1827.52494921858
"2018-05-13 09:00:00",3117,965.688108486618,199.201278881386,1732.17493809185,-206.552338983898,2137.92855595713
"2018-05-13 10:00:00",3725,1476.08301129347,709.59618168821,2242.56984089873,303.842563822912,2648.32345876402
"2018-05-13 11:00:00",3983,1776.46939787609,1009.9825682708,2542.95622748137,604.228950405492,2948.70984534668
"2018-05-13 12:00:00",4088,2019.84745188546,1253.36062228016,2786.33428149077,847.607004414834,3192.08789935609
"2018-05-13 13:00:00",4184,2188.21735301813,1421.7305234128,2954.70418262346,1015.97690554747,3360.4578004888
"2018-05-13 14:00:00",4091,2389.57927709513,1623.09244748978,3156.06610670048,1217.33882962443,3561.81972456583
"2018-05-13 15:00:00",4072,2154.93339614304,1388.44656653767,2921.42022574841,982.692948672312,3327.17384361377
"2018-05-13 16:00:00",4169,2093.27987848085,1326.79304887545,2859.76670808624,921.039431010086,3265.52032595161
"2018-05-13 17:00:00",3827,1833.61888879742,1067.13205919201,2600.10571840283,661.378441326631,3005.85933626821
"2018-05-13 18:00:00",3555,1643.95058822914,877.463758623708,2410.43741783457,471.710140758319,2816.19103569995
"2018-05-13 19:00:00",3256,1402.27513443821,635.788304832766,2168.76196404366,230.034686967368,2574.51558190906
"2018-05-13 20:00:00",3049,1627.59268168668,861.105852081216,2394.07951129214,455.352234215809,2799.83312915755
"2018-05-13 21:00:00",2586,2794.90338090955,2028.41655130407,3561.39021051503,1622.66293343866,3967.14382838044
"2018-05-13 22:00:00",1759,1189.20737978716,422.720550181667,1955.69420939266,16.9669323162434,2361.44782725808
"2018-05-13 23:00:00",1077,692.504822814998,-73.982006790511,1458.99165242051,-479.735624655942,1864.74527028594
"2018-05-14 00:00:00",598,393.795851372352,-372.690978233171,1160.28268097788,-778.444596098609,1566.03629884331
"2018-05-14 01:00:00",366,259.080603789722,-507.406225815815,1025.56743339526,-913.15984368126,1431.3210512607
"2018-05-14 02:00:00",243,234.359215414426,-532.127614191123,1000.84604501998,-937.881232056576,1406.59966288543
"2018-05-14 03:00:00",308,344.631818674939,-421.855010930623,1111.1186482805,-827.608628796082,1516.87226614596
"2018-05-14 04:00:00",875,766.898543143902,0.411713538328172,1533.38537274948,-405.341904327137,1939.13899061494
"2018-05-14 05:00:00",2816,2226.15951559966,1459.67268599407,2992.64634520525,1053.9190681286,3398.39996307072
"2018-05-14 06:00:00",5792,4352.41486008653,3585.92803048093,5118.90168969212,3180.17441261545,5524.6553075576
"2018-05-14 07:00:00",6559,4951.66469797377,4185.17786836817,5718.15152757938,3779.42425050268,6123.90514544486
"2018-05-14 08:00:00",5870,4451.90914801327,3685.42231840766,5218.39597761889,3279.66870054217,5624.14959548438
"2018-05-14 09:00:00",5052,4034.14832639599,3267.66149679037,4800.63515600162,2861.90787892488,5206.38877386711
"2018-05-14 10:00:00",4392,3615.38234680719,2848.89551720155,4381.86917641282,2443.14189933605,4787.62279427832
"2018-05-14 11:00:00",4573,3849.61132048044,3083.1244908748,4616.09815008609,2677.3708730093,5021.85176795159
"2018-05-14 12:00:00",4794,4138.83535625056,3372.34852664491,4905.32218585621,2966.5949087794,5311.07580372172
"2018-05-14 13:00:00",4831,4100.05456060527,3333.56773099961,4866.54139021093,2927.81411313409,5272.29500807644
"2018-05-14 14:00:00",5025,4377.26903773585,3610.78220813018,5143.75586734152,3205.02859026467,5549.50948520704
"2018-05-14 15:00:00",5598,4932.47888958668,4165.992059981,5698.96571919235,3760.23844211548,6104.71933705787
"2018-05-14 16:00:00",6463,5778.68421590364,5012.19738629795,6545.17104550932,4606.44376843243,6950.92466337484
"2018-05-14 17:00:00",5971,5557.88511428156,4791.39828467587,6324.37194388725,4385.64466681035,6730.12556175278
"2018-05-14 18:00:00",4545,4052.08168021062,3285.59485060492,4818.56850981631,2879.84123273939,5224.32212768184
"2018-05-14 19:00:00",3113,2970.27400712169,2203.78717751599,3736.7608367274,1798.03355965046,4142.51445459293
"2018-05-14 20:00:00",2681,2547.4621864308,1780.97535682509,3313.94901603651,1375.22173895956,3719.70263390204
"2018-05-14 21:00:00",2293,2091.64630758253,1325.15947797681,2858.13313718824,919.405860111276,3263.88675505378
"2018-05-14 22:00:00",2107,1480.82645809257,714.339628486847,2247.31328769828,308.586010621305,2653.06690556383
"2018-05-14 23:00:00",1022,970.002723589288,203.515893983564,1736.48955319501,-202.237723881981,2142.24317106056
"2018-05-15 00:00:00",555,516.175187854465,-250.311641751264,1282.66201746019,-656.065259616812,1688.41563532574
"2018-05-15 01:00:00",309,328.34393286308,-438.142896742653,1094.83076246881,-843.896514608203,1500.58438033436
"2018-05-15 02:00:00",248,263.509038822298,-502.977790783441,1029.99586842804,-908.731408648993,1435.74948629359
"2018-05-15 03:00:00",349,339.670584209581,-426.816245396161,1106.15741381532,-832.569863261716,1511.91103168088
"2018-05-15 04:00:00",934,890.82864581,124.341816204254,1657.31547541575,-281.411801661303,2063.0690932813
"2018-05-15 05:00:00",3020,2840.98329875273,2074.49646914697,3607.47012835848,1668.74285128142,4013.22374622404
"2018-05-15 06:00:00",5914,5509.13461654674,4742.64778694098,6275.62144615249,4336.89416907542,6681.37506401805
"2018-05-15 07:00:00",6264,6201.28267111577,5434.79584151001,6967.76950072153,5029.04222364445,7373.52311858709
"2018-05-15 08:00:00",5433,5885.4275328325,5118.94070322673,6651.91436243826,4713.18708536117,7057.66798030382
"2018-05-15 09:00:00",5399,5670.56927055197,4904.0824409462,6437.05610015773,4498.32882308064,6842.8097180233
"2018-05-15 10:00:00",4528,4449.70795164436,3683.22112203859,5216.19478125013,3277.46750417302,5621.9483991157
"2018-05-15 11:00:00",4808,4708.84364202698,3942.35681242121,5475.33047163275,3536.60319455564,5881.08408949832
"2018-05-15 12:00:00",4967,4955.97640619562,4189.48957658984,5722.46323580139,3783.73595872427,6128.21685366696
"2018-05-15 13:00:00",5017,4907.10630725516,4140.61947764938,5673.59313686093,3734.86585978381,6079.34675472651
"2018-05-15 14:00:00",5380,5214.23340694963,4447.74657734385,5980.72023655541,4041.99295947828,6386.47385442098
"2018-05-15 15:00:00",6033,5838.35776569152,5071.87093608574,6604.8445952973,4666.11731822016,7010.59821316288
"2018-05-15 16:00:00",6888,6651.47944259051,5884.99261298472,7417.96627219629,5479.23899511915,7823.71989006187
"2018-05-15 17:00:00",6548,6271.59849548153,5505.11166587574,7038.08532508732,5099.35804801016,7443.83894295289
"2018-05-15 18:00:00",4953,4821.7149809523,4055.22815134651,5588.20181055809,3649.47453348093,5993.95542842367
"2018-05-15 19:00:00",3602,3475.82895437022,2709.34212476442,4242.31578397601,2303.58850689884,4648.06940184159
"2018-05-15 20:00:00",3050,2871.94046990862,2105.45364030283,3638.42729951442,1699.70002243725,4044.18091738
"2018-05-15 21:00:00",2773,3413.04958057262,2646.56275096683,4179.53641017842,2240.80913310124,4585.290028044
"2018-05-15 22:00:00",3335,3289.15633822423,2522.66950861843,4055.64316783003,2116.91589075285,4461.39678569561
"2018-05-15 23:00:00",2286,1292.26079360704,525.773964001241,2058.74762321284,120.020346135656,2464.50124107842
"2018-05-16 00:00:00",720,821.362996370344,54.8761667645435,1587.84982597614,-350.877451101042,1993.60344384173
"2018-05-16 01:00:00",442,589.462995092727,-177.023834513076,1355.94982469853,-582.777452378662,1761.70344256412
"2018-05-16 02:00:00",352,426.560837305157,-339.925992300647,1193.04766691096,-745.679610166234,1598.80128477655
"2018-05-16 03:00:00",367,516.65656951358,-249.830260092226,1283.14339911939,-655.583877957814,1688.89701698497
"2018-05-16 04:00:00",895,970.750237221024,204.263407615217,1737.23706682683,-201.490210250371,2142.99068469242
"2018-05-16 05:00:00",3014,2981.84188494923,2215.35505534342,3748.32871455503,1809.60143747783,4154.08233242062
"2018-05-16 06:00:00",5844,5938.9315562598,5172.44472665399,6705.41838586561,4766.6911087884,7111.1720037312
"2018-05-16 07:00:00",5988,6867.01929377493,6100.53246416911,7633.50612338074,5694.77884630352,8039.25974124633
"2018-05-16 08:00:00",5293,6610.10513919764,5843.61830959182,7376.59196880345,5437.86469172623,7782.34558666904
"2018-05-16 09:00:00",5122,5374.18913333161,4607.70230372579,6140.67596293742,4201.9486858602,6546.42958080301
"2018-05-16 10:00:00",4941,4747.27131610058,3980.78448649476,5513.75814570639,3575.03086862917,5919.51176357198
"2018-05-16 11:00:00",5110,4820.35172656731,4053.8648969615,5586.83855617313,3648.1112790959,5992.59217403872
"2018-05-16 12:00:00",5042,5009.43040295217,4242.94357334636,5775.91723255799,3837.18995548076,6181.67085042358
"2018-05-16 13:00:00",4952,5013.50738265129,4247.02055304547,5779.99421225711,3841.26693517988,6185.7478301227
"2018-05-16 14:00:00",5286,5433.58270225432,4667.0958726485,6200.06953186014,4261.34225478291,6605.82314972573
"2018-05-16 15:00:00",5871,5831.65639756186,5065.16956795604,6598.14322716768,4659.41595009045,7003.89684503328
"2018-05-16 16:00:00",6775,7018.72850360246,6252.24167399664,7785.21533320828,5846.48805613104,8190.96895107388
"2018-05-16 17:00:00",6123,6455.79905464925,5689.31222504343,7222.28588425507,5283.55860717783,7628.03950212067
"2018-05-16 18:00:00",4717,4659.86808423625,3893.38125463043,5426.35491384207,3487.62763676483,5832.10853170767
"2018-05-16 19:00:00",3697,3389.93562517432,2623.4487955685,4156.42245478015,2217.6951777029,4562.17607264574
"2018-05-16 20:00:00",3387,3031.00170956673,2264.51487996091,3797.48853917256,1858.76126209531,4203.24215703815
"2018-05-16 21:00:00",3187,2601.06636882444,1834.57953921861,3367.55319843026,1428.82592135301,3773.30681629586
"2018-05-16 22:00:00",2443,1723.129633681,956.642804075171,2489.61646328682,550.889186209573,2895.37008115242
"2018-05-16 23:00:00",2291,1082.1915342072,315.704704601371,1848.67836381302,-90.0489132642272,2254.43198167862
"2018-05-17 00:00:00",684,558.252099825334,-208.234729780492,1324.73892943116,-613.988347646091,1730.49254729676
"2018-05-17 01:00:00",495,348.311359323201,-418.175470282625,1114.79818892903,-823.929088148224,1520.55180679463
"2018-05-17 02:00:00",294,272.369340867772,-494.117488738055,1038.8561704736,-899.871106603655,1444.6097883392
"2018-05-17 03:00:00",364,358.426072018588,-408.06075758724,1124.91290162442,-813.81437545284,1530.66651949001
"2018-05-17 04:00:00",929,906.481579740859,139.994750135031,1672.96840934669,-265.758867730569,2078.72202721229
"2018-05-17 05:00:00",2935,2882.53589041828,2116.04906081245,3649.02272002411,1710.29544294685,4054.77633788971
"2018-05-17 06:00:00",5846,5712.58902986558,4946.10220025975,6479.07585947141,4540.34858239415,6884.82947733701
"2018-05-17 07:00:00",6323,6458.64102334076,5692.15419373493,7225.12785294659,5286.40057586933,7630.88147081219
"2018-05-17 08:00:00",5494,6043.69189555715,5277.20506595132,6810.17872516298,4871.45144808572,7215.93234302858
"2018-05-17 09:00:00",5299,5839.74167069512,5073.25484108929,6606.22850030095,4667.50122322368,7011.98211816655
"2018-05-17 10:00:00",4444,4879.79037241356,4113.30354280773,5646.27720201939,3707.54992494213,6052.03081988499
"2018-05-17 11:00:00",4913,5032.83802386119,4266.35119425535,5799.32485346702,3860.59757638975,6205.07847133262
"2018-05-17 12:00:00",5120,5024.88464768747,4258.39781808164,5791.3714772933,3852.64420021603,6197.1250951589
"2018-05-17 13:00:00",5096,5299.72022716286,4533.23339755703,6066.2070567687,4127.47977969143,6471.9606746343
"2018-05-17 14:00:00",5480,5509.4172656918,4742.93043608597,6275.90409529764,4337.17681822037,6681.65771316324
"2018-05-17 15:00:00",6289,6204.75415185244,5438.2673222466,6971.24098145827,5032.513704381,7376.99459932387
"2018-05-17 16:00:00",6594,7153.5056501947,6387.01882058887,7919.99247980053,5981.26520272326,8325.74609766614
"2018-05-17 17:00:00",6171,6739.47284586211,5972.98601625628,7505.95967546794,5567.23239839067,7911.71329333355
"2018-05-17 18:00:00",4989,5000.66435798963,4234.17752838379,5767.15118759546,3828.42391051819,6172.90480546106
"2018-05-17 19:00:00",3647,3630.40231522527,2863.91548561943,4396.8891448311,2458.16186775383,4802.64276269671
"2018-05-17 20:00:00",3400,3012.90295667687,2246.41612707104,3779.38978628271,1840.66250920543,4185.14340414831
"2018-05-17 21:00:00",3238,2697.02286196354,1930.53603235771,3463.50969156938,1524.7824144921,3869.26330943498
"2018-05-17 22:00:00",2677,1987.76771424261,1221.28088463677,2754.25454384844,815.527266771169,3160.00816171405
"2018-05-17 23:00:00",1852,1103.02632654927,336.539496943437,1869.51315615511,-69.2141209221661,2275.26677402071
"2018-05-18 00:00:00",736,570.422216785144,-196.064612820691,1336.90904639098,-601.818230686295,1742.66266425658
"2018-05-18 01:00:00",453,325.167510963846,-441.31931864199,1091.65434056968,-847.072936507593,1497.40795843529
"2018-05-18 02:00:00",365,245.17314025392,-521.313689351915,1011.65996985976,-927.067307217519,1417.41358772536
"2018-05-18 03:00:00",351,296.849779023796,-469.63705058204,1063.33660862963,-875.390668447644,1469.09022649524
"2018-05-18 04:00:00",846,787.902686919297,21.4158573134611,1554.38951652513,-384.337760552143,1960.14313439074
"2018-05-18 05:00:00",2786,2664.0652514246,1897.57842181877,3430.55208103044,1491.82480395316,3836.30569889604
"2018-05-18 06:00:00",5552,5370.42389399033,4603.93706438449,6136.91072359617,4198.18344651889,6542.66434146177
"2018-05-18 07:00:00",6583,6530.54001748083,5764.053187875,7297.02684708667,5358.29957000939,7702.78046495227
"2018-05-18 08:00:00",5321,5840.691032024,5074.20420241817,6607.17786162984,4668.45058455256,7012.93147949545
"2018-05-18 09:00:00",4984,5174.8867106665,4408.39988106066,5941.37354027234,4002.64626319506,6347.12715813794
"2018-05-18 10:00:00",4736,4801.98007851,4035.49324890416,5568.46690811583,3629.73963103855,5974.22052598144
"2018-05-18 11:00:00",5133,5183.07491275905,4416.58808315321,5949.56174236489,4010.83446528761,6355.31536023049
"2018-05-18 12:00:00",5337,5253.16752234255,4486.68069273672,6019.65435194839,4080.92707487111,6425.40796981399
"2018-05-18 13:00:00",5316,5126.20937750356,4359.72254789772,5892.69620710939,3953.96893003211,6298.449824975
"2018-05-18 14:00:00",5810,5283.23904721027,4516.75221760443,6049.7258768161,4110.99859973883,6455.47949468171
"2018-05-18 15:00:00",6400,5907.25291430692,5140.76608470108,6673.73974391275,4735.01246683548,7079.49336177836
"2018-05-18 16:00:00",6496,6641.23534524821,5874.74851564237,7407.72217485405,5468.99489777677,7813.47579271965
"2018-05-18 17:00:00",6197,5643.2007032468,4876.71387364096,6409.68753285264,4470.96025577536,6815.44115071824
"2018-05-18 18:00:00",5241,4124.14708692682,3357.66025732098,4890.63391653266,2951.90663945538,5296.38753439826
"2018-05-18 19:00:00",3850,2840.06972266594,2073.58289306011,3606.55655227178,1667.8292751945,4012.31017013739
"2018-05-18 20:00:00",3441,2278.97407343919,1512.48724383335,3045.46090304502,1106.73362596774,3451.21452091063
"2018-05-18 21:00:00",3196,2117.85942235884,1351.372592753,2884.34625196468,945.618974887397,3290.09986983028
"2018-05-18 22:00:00",2728,1733.72452421914,967.237694613298,2500.21135382497,561.484076747694,2905.96497169058
"2018-05-18 23:00:00",1797,1104.57159089252,338.08476128668,1871.05842049836,-67.6688565789248,2276.81203836396
"2018-05-19 00:00:00",1420,587.400513237557,-179.086316368281,1353.88734284339,-584.839934233886,1759.640960709
"2018-05-19 01:00:00",855,404.211164234865,-362.275665370972,1170.6979938407,-768.029283236577,1576.45161170631
"2018-05-19 02:00:00",639,361.004569080661,-405.482260525177,1127.4913986865,-811.235878390781,1533.2450165521
"2018-05-19 03:00:00",494,273.780888113492,-492.705941492346,1040.26771771933,-898.459559357951,1446.02133558493
"2018-05-19 04:00:00",477,265.540331422117,-500.946498183721,1032.02716102795,-906.700116049326,1437.78077889356
"2018-05-19 05:00:00",806,506.283485489816,-260.203344116022,1272.77031509565,-665.956961981627,1678.52393296126
"2018-05-19 06:00:00",1430,953.010614955454,186.523785349615,1719.49744456129,-219.22983251599,2125.2510624269
"2018-05-19 07:00:00",2062,1278.72201856769,512.235188961851,2045.20884817353,106.481571096246,2450.96246603913
"2018-05-19 08:00:00",3277,1457.41811328892,690.93128368308,2223.90494289476,285.177665817475,2629.65856076036
"2018-05-19 09:00:00",3569,1724.09919472436,957.612365118524,2490.5860243302,551.858747252919,2896.33964219581
"2018-05-19 10:00:00",3857,1947.76557342963,1181.27874382379,2714.25240303546,775.525125958183,3120.00602090107
"2018-05-19 11:00:00",4112,2123.41759346604,1356.9307638602,2889.90442307188,951.177145994596,3295.65804093748
"2018-05-19 12:00:00",4259,2118.05555100369,1351.56872139785,2884.54238060953,945.815103532248,3290.29599847514
"2018-05-19 13:00:00",4542,1958.67974584423,1192.19291623839,2725.16657545007,786.439298372785,3130.92019331567
"2018-05-19 14:00:00",4802,1794.29048406627,1027.80365446043,2560.77731367211,622.050036594827,2966.53093153772
"2018-05-19 15:00:00",4598,1853.88805069463,1087.40122108879,2620.37488030047,681.647603223188,3026.12849816608
"2018-05-19 16:00:00",4398,1434.47272898958,667.985899383742,2200.95955859542,262.232281518136,2606.71317646102
"2018-05-19 17:00:00",4133,1452.04480005553,685.557970449694,2218.53162966137,279.804352584089,2624.28524752698
"2018-05-19 18:00:00",3640,1042.60453381588,276.117704210045,1809.09136342172,-129.635913655561,2214.84498128733
"2018-05-19 19:00:00",2979,856.152196204142,89.6653665983033,1622.63902580998,-316.088251267302,2028.39264367559
"2018-05-19 20:00:00",2706,593.688048611457,-172.798780994382,1360.1748782173,-578.552398859988,1765.9284960829
"2018-05-19 21:00:00",2705,683.212344993768,-83.2744846120715,1449.69917459961,-489.028102477677,1855.45279246521
"2018-05-19 22:00:00",2714,570.725334571253,-195.761495034587,1337.21216417709,-601.515112900192,1742.9657820427
"2018-05-19 23:00:00",2047,503.227261535967,-263.259568069873,1269.71409114181,-669.013185935478,1675.46770900741
"2018-05-20 00:00:00",1216,330.718364187349,-435.76846541849,1097.20519379319,-841.522083284096,1502.95881165879
"2018-05-20 01:00:00",761,237.198875978402,-529.287953627438,1003.68570558424,-935.041571493044,1409.43932344985
"2018-05-20 02:00:00",525,176.669025422734,-589.817804183105,943.155855028574,-995.571422048711,1348.90947289418
"2018-05-20 03:00:00",324,130.129035889505,-636.357793716334,896.615865495345,-1042.11141158194,1302.36948336095
"2018-05-20 04:00:00",273,154.579126044172,-611.907703561667,921.065955650012,-1017.66132142727,1326.81957351562
"2018-05-20 05:00:00",433,281.019509860352,-485.467319745487,1047.50633946619,-891.220937611093,1453.2599573318
"2018-05-20 06:00:00",850,470.450396623098,-296.036432982741,1236.93722622894,-701.790050848347,1642.69084409454
"2018-05-20 07:00:00",1242,614.871991147364,-151.614838458476,1381.3588207532,-557.368456324082,1787.11243861881
"2018-05-20 08:00:00",1829,655.28449383607,-111.20233576977,1421.77132344191,-516.955953635376,1827.52494130752
"2018-05-20 09:00:00",2638,965.688100745208,199.201271139368,1732.17493035105,-206.552346726238,2137.92854821665
"2018-05-20 10:00:00",3501,1476.083003719,709.596174113165,2242.56983332484,303.842556247559,2648.32345119045
"2018-05-20 11:00:00",4300,1776.46939046497,1009.98256085913,2542.95622007081,604.228942993523,2948.70983793641
"2018-05-20 12:00:00",4661,2019.84744463417,1253.36061502833,2786.33427424001,847.606997162724,3192.08789210562
"2018-05-20 13:00:00",3956,2188.21734592322,1421.73051631738,2954.70417552906,1015.97689845177,3360.45779339466
"2018-05-20 14:00:00",3932,2389.57927015322,1623.09244054738,3156.06609975906,1217.33882268178,3561.81971762467
"2018-05-20 15:00:00",3920,2154.93338935083,1388.44655974499,2921.42021895667,982.692941879389,3327.17383682228
"2018-05-20 16:00:00",3938,2093.27987183512,1326.79304222928,2859.76670144096,921.03942436367,3265.52031930656
"2018-05-20 17:00:00",3768,1833.61888229501,1067.13205268917,2600.10571190085,661.378434823562,3005.85932976645
"2018-05-20 18:00:00",3378,1643.95058186695,877.463752261111,2410.43741147279,471.710134395505,2816.1910293384
"2018-05-20 19:00:00",2842,1402.27512821323,635.78829860739,2168.76195781907,230.034680741784,2574.51557568467
"2018-05-20 20:00:00",2692,1627.59267559594,861.105845990101,2394.07950520178,455.352228124495,2799.83312306739
"2018-05-20 21:00:00",2194,2794.90337495016,2028.41654534432,3561.390204556,1622.66292747871,3967.14382242161
"2018-05-20 22:00:00",1696,1189.20737395629,422.720544350449,1955.69420356213,16.9669264848426,2361.44782142773
"2018-05-20 23:00:00",1107,692.50481710987,-73.9820124959698,1458.99164671571,-479.735630361576,1864.74526458132
"2018-05-21 00:00:00",652,393.795845790257,-372.690983815582,1160.2826753961,-778.444601681188,1566.0362932617
"2018-05-21 01:00:00",350,259.080598328007,-507.406231277833,1025.56742793385,-913.159849143439,1431.32104579945
"2018-05-21 02:00:00",321,234.359210070495,-532.127619535344,1000.84603967633,-937.88123740095,1406.59965754194
"2018-05-21 03:00:00",333,344.631813446252,-421.855016159588,1111.11864305209,-827.608634025194,1516.8722609177
"2018-05-21 04:00:00",860,766.898538027973,0.411708422133643,1533.38536763381,-405.341909443472,1939.13898549942
"2018-05-21 05:00:00",2796,2226.15951059406,1459.67268098822,2992.6463401999,1053.91906312261,3398.3999580655
"2018-05-21 06:00:00",5721,4352.41485518887,3585.92802558303,5118.90168479471,3180.17440771743,5524.65530266032
"2018-05-21 07:00:00",6799,4951.66469318174,4185.1778635759,5718.15152278758,3779.42424571029,6123.90514065318
"2018-05-21 08:00:00",5726,4451.90914332458,3685.42231371874,5218.39597293042,3279.66869585314,5624.14959079603
"2018-05-21 09:00:00",4865,4034.14832180841,3267.66149220258,4800.63515141425,2861.90787433697,5206.38876927986
"2018-05-21 10:00:00",4254,3615.38234231854,2848.8955127127,4381.86917192438,2443.14189484709,4787.62278978999
"2018-05-21 11:00:00",4454,3849.6113160886,3083.12448648276,4616.09814569443,2677.37086861715,5021.85176356004
"2018-05-21 12:00:00",4810,4138.83535195342,3372.34852234758,4905.32218155926,2966.59490448198,5311.07579942487
"2018-05-21 13:00:00",2040,4100.0545564008,3333.56772679496,4866.54138600664,2927.81410892936,5272.29500387225
"2018-05-21 14:00:00",4224,4377.26903362206,3610.78220401622,5143.7558632279,3205.02858615061,5549.5094810935
"2018-05-21 15:00:00",5895,4932.4788855616,4165.99205595576,5698.96571516744,3760.23843809015,6104.71933303304
"2018-05-21 16:00:00",6968,5778.68421196536,5012.19738235952,6545.1710415712,4606.44376449391,6950.9246594368
"2018-05-21 17:00:00",6134,5557.88511042821,4791.39828082237,6324.37194003405,4385.64466295677,6730.12555789966
"2018-05-21 18:00:00",4586,4052.08167644037,3285.59484683453,4818.56850604621,2879.84122896892,5224.32212391182
"2018-05-21 19:00:00",3249,2970.27400343275,2203.78717382691,3736.76083303859,1798.03355596131,4142.5144509042
"2018-05-21 20:00:00",2699,2547.46218282141,1780.97535321557,3313.94901242725,1375.22173534997,3719.70263029286
"2018-05-21 21:00:00",2318,2091.64630405098,1325.15947444514,2858.13313365682,919.405856579533,3263.88675152242
"2018-05-21 22:00:00",1668,1480.82645463717,714.339625031335,2247.31328424301,308.58600716573,2653.06690210862
"2018-05-21 23:00:00",1060,970.002720208414,203.515890602574,1736.48954981425,-202.237727263032,2142.24316767986
"2018-05-22 00:00:00",554,516.175184546501,-250.311645059339,1282.66201415234,-656.065262924944,1688.41563201795
"2018-05-22 01:00:00",333,328.343929626454,-438.142899979385,1094.83075923229,-843.896517844991,1500.5843770979
"2018-05-22 02:00:00",249,263.50903565547,-502.977793950369,1029.99586526131,-908.731411815975,1435.74948312692
"2018-05-22 03:00:00",337,339.670581111048,-426.816248494792,1106.15741071689,-832.569866360398,1511.91102858249
"2018-05-22 04:00:00",886,890.828642778288,124.341813172448,1657.31547238413,-281.411804693157,2063.06909024973
"2018-05-22 05:00:00",3026,2840.98329578639,2074.49646618055,3607.47012539223,1668.74284831495,4013.22374325784
"2018-05-22 06:00:00",5875,5509.13461364438,4742.64778403854,6275.62144325021,4336.89416617293,6681.37506111582
"2018-05-22 07:00:00",6019,6201.282668276,5434.79583867016,6967.76949788184,5029.04222080455,7373.52311574744
"2018-05-22 08:00:00",5752,5885.42753005396,5118.94070044813,6651.9143596598,4713.18708258252,7057.66797752541
"2018-05-22 09:00:00",5085,5670.56926783336,4904.08243822752,6437.0560974392,4498.32882036191,6842.8097153048
"2018-05-22 10:00:00",4450,4449.70794898438,3683.22111937854,5216.19477859022,3277.46750151293,5621.94839645582
"2018-05-22 11:00:00",4631,4708.84363942436,3942.35680981852,5475.3304690302,3536.60319195292,5881.08408689581
"2018-05-22 12:00:00",4760,4955.97640364912,4189.48957404328,5722.46323325496,3783.73595617768,6128.21685112057
"2018-05-22 13:00:00",4840,4907.10630476358,4140.61947515774,5673.59313436942,3734.86585729213,6079.34675223503
"2018-05-22 14:00:00",5197,5214.23340451179,4447.74657490595,5980.72023411762,4041.99295704034,6386.47385198323
"2018-05-22 15:00:00",5901,5838.35776330625,5071.87093370041,6604.84459291209,4666.1173158348,7010.5982107777
"2018-05-22 16:00:00",6907,6651.47944025667,5884.99261065083,7417.96626986251,5479.23899278523,7823.71988772812
"2018-05-22 17:00:00",6371,6271.59849319802,5505.11166359219,7038.08532280386,5099.35804572658,7443.83894066947
"2018-05-22 18:00:00",4649,4821.71497871805,4055.22814911221,5588.20180832388,3649.4745312466,5993.95542618949
"2018-05-22 19:00:00",3367,3475.82895218414,2709.3421225783,4242.31578178998,2303.58850471269,4648.06939965558
"2018-05-22 20:00:00",3028,2871.94046776969,2105.45363816385,3638.42729737553,1699.70002029825,4044.18091524114
"2018-05-22 21:00:00",3047,3413.04957847982,2646.56274887398,4179.53640808566,2240.80913100837,4585.29002595126
"2018-05-22 22:00:00",1953,3289.15633617656,2522.66950657072,4055.6431657824,2116.91588870511,4461.396783648
"2018-05-22 23:00:00",1084,1292.26079160353,525.773961997686,2058.74762120936,120.02034413208,2464.50123907497
"2018-05-23 00:00:00",599,821.362994410036,54.8761648041969,1587.84982401588,-350.877453061409,1993.60344188148
"2018-05-23 01:00:00",363,589.462993174694,-177.023836431146,1355.94982278053,-582.777454296752,1761.70344064614
"2018-05-23 02:00:00",303,426.560835428487,-339.925994177353,1193.04766503433,-745.679612042959,1598.80128289993
"2018-05-23 03:00:00",349,516.656567677381,-249.830261928459,1283.14339728322,-655.583879794065,1688.89701514883
"2018-05-23 04:00:00",919,970.750235424423,204.263405818584,1737.23706503026,-201.490212047022,2142.99068289587
"2018-05-23 05:00:00",2989,2981.84188319137,2215.35505358553,3748.32871279721,1809.60143571993,4154.08233066282
"2018-05-23 06:00:00",5979,5938.93155453985,5172.44472493401,6705.41838414569,4766.69110706841,7111.1720020113
"2018-05-23 07:00:00",6641,6867.01929209207,6100.53246248623,7633.50612169791,5694.77884462063,8039.25973956352
"2018-05-23 08:00:00",5557,6610.10513755107,5843.61830794523,7376.59196715691,5437.86469007963,7782.34558502252
"2018-05-23 09:00:00",5217,5374.18913172055,4607.70230211471,6140.67596132639,4201.94868424911,6546.429579192
"2018-05-23 10:00:00",4728,4747.27131452426,3980.78448491842,5513.7581441301,3575.03086705282,5919.51176199571
"2018-05-23 11:00:00",4956,4820.35172502499,4053.86489541915,5586.83855463083,3648.11127755355,5992.59217249644
"2018-05-23 12:00:00",4760,5009.43040144311,4242.94357183728,5775.91723104895,3837.18995397167,6181.67084891456
"2018-05-23 13:00:00",4912,5013.50738117477,4247.02055156893,5779.99421078061,3841.26693370333,6185.74782864622
"2018-05-23 14:00:00",5221,5433.58270080965,4667.09587120381,6200.06953041549,4261.3422533382,6605.82314828109
"2018-05-23 15:00:00",5959,5831.65639614834,5065.1695665425,6598.14322575418,4659.4159486769,7003.89684361979
"2018-05-23 16:00:00",6897,7018.72850221942,6252.24167261359,7785.21533182526,5846.48805474798,8190.96894969087
"2018-05-23 17:00:00",6228,6455.79905329604,5689.3122236902,7222.28588290188,5283.55860582459,7628.03950076748
"2018-05-23 18:00:00",4632,4659.86808291223,3893.38125330639,5426.35491251807,3487.62763544078,5832.10853038367
"2018-05-23 19:00:00",3359,3389.93562387885,2623.44879427301,4156.42245348469,2217.6951764074,4562.17607135029
"2018-05-23 20:00:00",2993,3031.0017082992,2264.51487869336,3797.48853790504,1858.76126082775,4203.24215577064
"2018-05-23 21:00:00",2888,2601.06636758423,1834.57953797839,3367.55319719007,1428.82592011279,3773.30681505568
"2018-05-23 22:00:00",2028,1723.12963246754,956.6428028617,2489.61646207338,550.889184996094,2895.37007993898
"2018-05-23 23:00:00",1215,1082.19153301991,315.70470341407,1848.67836262575,-90.0489144515363,2254.43198049135
"2018-05-24 00:00:00",628,558.252098663651,-208.234730942189,1324.73892826949,-613.988348807795,1730.4925461351
"2018-05-24 01:00:00",356,348.31135818657,-418.175471419269,1114.79818779241,-823.929089284875,1520.55180565802
"2018-05-24 02:00:00",261,272.369339755652,-494.117489850187,1038.85616936149,-899.871107715793,1444.6097872271
"2018-05-24 03:00:00",363,358.426070930451,-408.060758675388,1124.91290053629,-813.814376540994,1530.6665184019
"2018-05-24 04:00:00",883,906.481578676189,139.994749070349,1672.96840828203,-265.758868795257,2078.72202614763
"2018-05-24 05:00:00",3012,2882.53588937657,2116.04905977073,3649.02271898241,1710.29544190513,4054.77633684802
"2018-05-24 06:00:00",5763,5712.58902884633,4946.10219924049,6479.07585845217,4540.34858137488,6884.82947631778
"2018-05-24 07:00:00",6298,6458.6410223435,5692.15419273766,7225.12785194933,5286.40057487205,7630.88146981494
"2018-05-24 08:00:00",5695,6043.69189458139,5277.20506497555,6810.17872418723,4871.45144710995,7215.93234205284
"2018-05-24 09:00:00",5232,5839.7416697404,5073.25484013456,6606.22849934624,4667.50122226895,7011.98211721185
"2018-05-24 10:00:00",4532,4879.79037147943,4113.3035418736,5646.27720108528,3707.54992400799,6052.03081895088
"2018-05-24 11:00:00",4923,5032.8380229472,4266.35119334136,5799.32485255304,3860.59757547576,6205.07847041865
"2018-05-24 12:00:00",4969,5024.8846467932,4258.39781718736,5791.37147639904,3852.64419932175,6197.12509426464
"2018-05-24 13:00:00",5036,5299.72022628788,4533.23339668204,6066.20705589372,4127.47977881643,6471.96067375932
"2018-05-24 14:00:00",5414,5509.41726483569,4742.93043522985,6275.90409444153,4337.17681736424,6681.65771230713
"2018-05-24 15:00:00",6184,6204.75415101478,5438.26732140894,6971.24098062062,5032.51370354334,7376.99459848623
"2018-05-24 16:00:00",6193,7153.50564937511,6387.01881976927,7919.99247898095,5981.26520190367,8325.74609684655
"2018-05-24 17:00:00",6107,6739.47284506019,5972.98601545435,7505.95967466603,5567.23239758875,7911.71329253164
"2018-05-24 18:00:00",4787,5000.66435720501,4234.17752759917,5767.15118681085,3828.42390973356,6172.90480467645
"2018-05-24 19:00:00",3746,3630.40231445757,2863.91548485173,4396.88914406341,2458.16186698612,4802.64276192901
"2018-05-24 20:00:00",2938,3012.90295592573,2246.41612631989,3779.38978553157,1840.66250845428,4185.14340339717
"2018-05-24 21:00:00",2626,2697.02286122859,1930.53603162275,3463.50969083443,1524.78241375715,3869.26330870004
"2018-05-24 22:00:00",1938,1987.76771352351,1221.28088391767,2754.25454312935,815.527266052064,3160.00816099495
"2018-05-24 23:00:00",1261,1103.02632584568,336.539496239844,1869.51315545152,-69.2141216257623,2275.26677331713
"2018-05-25 00:00:00",648,570.422216096727,-196.064613509112,1336.90904570257,-601.818231374718,1742.66266356817
"2018-05-25 01:00:00",430,325.167510290275,-441.319319315564,1091.65433989611,-847.07293718117,1497.40795776172
"2018-05-25 02:00:00",300,245.173139594875,-521.313690010964,1011.65996920071,-927.06730787657,1417.41358706632
"2018-05-25 03:00:00",329,296.849778378964,-469.637051226876,1063.3366079848,-875.390669092482,1469.09022585041
"2018-05-25 04:00:00",788,787.902686288371,21.4158566825314,1554.38951589421,-384.337761183075,1960.14313375982
"2018-05-25 05:00:00",2645,2664.06525080728,1897.57842120144,3430.55208041312,1491.82480333584,3836.30569827873
"2018-05-25 06:00:00",5111,5370.42389338632,4603.93706378048,6136.91072299216,4198.18344591488,6542.66434085777
"2018-05-25 07:00:00",6075,6530.54001688985,5764.05318728401,7297.02684649569,5358.2995694184,7702.7804643613
"2018-05-25 08:00:00",5206,5840.69103144577,5074.20420183993,6607.17786105161,4668.45058397432,7012.93147891721
"2018-05-25 09:00:00",4859,5174.88671010073,4408.39988049489,5941.37353970657,4002.64626262929,6347.12715757218
"2018-05-25 10:00:00",4534,4801.98007795643,4035.49324835059,5568.46690756227,3629.73963048498,5974.22052542787
"2018-05-25 11:00:00",4928,5183.07491221742,4416.58808261158,5949.56174182326,4010.83446474598,6355.31535968887
"2018-05-25 12:00:00",5139,5253.16752181261,4486.68069220677,6019.65435141845,4080.92707434116,6425.40796928405
"2018-05-25 13:00:00",5148,5126.20937698504,4359.7225473792,5892.69620659088,3953.96892951359,6298.44982445648
"2018-05-25 14:00:00",5403,5283.23904670293,4516.75221709709,6049.72587630877,4110.99859923148,6455.47949417437
"2018-05-25 15:00:00",6083,5907.25291381052,5140.76608420468,6673.73974341636,4735.01246633908,7079.49336128197
"2018-05-25 16:00:00",5753,6641.23534476252,5874.74851515668,7407.72217436836,5468.99489729107,7813.47579223396
"2018-05-25 17:00:00",4904,5643.20070277158,4876.71387316574,6409.68753237742,4470.96025530014,6815.44115024303
"2018-05-25 18:00:00",4023,4124.14708646185,3357.66025685601,4890.63391606769,2951.90663899041,5296.3875339333
"2018-05-25 19:00:00",3334,2840.069722211,2073.58289260516,3606.55655181684,1667.82927473956,4012.31016968245
"2018-05-25 20:00:00",3026,2278.97407299405,1512.48724338822,3045.46090259989,1106.73362552261,3451.2145204655
"2018-05-25 21:00:00",2953,2117.85942192331,1351.37259231747,2884.34625152915,945.618974451863,3290.09986939475
"2018-05-25 22:00:00",2863,1733.724523793,967.237694187158,2500.21135339884,561.484076321552,2905.96497126444
"2018-05-25 23:00:00",1828,1104.57159047557,338.084760869729,1871.05842008141,-67.6688569958765,2276.81203794701
"2018-05-26 00:00:00",1300,587.4005128296,-179.08631677624,1353.88734243544,-584.839934641846,1759.64096030104
"2018-05-26 01:00:00",719,404.211163835706,-362.275665770134,1170.69799344155,-768.02928363574,1576.45161130715
"2018-05-26 02:00:00",579,361.00456869011,-405.48226091573,1127.49139829595,-811.235878781336,1533.24501616155
"2018-05-26 03:00:00",363,273.780887731362,-492.705941874477,1040.2677173372,-898.459559740083,1446.02133520281
"2018-05-26 04:00:00",376,265.540331048228,-500.946498557611,1032.02716065407,-906.700116423217,1437.78077851967
"2018-05-26 05:00:00",649,506.283485123991,-260.203344481849,1272.77031472983,-665.956962347455,1678.52393259544
"2018-05-26 06:00:00",1263,953.010614597517,186.523784991678,1719.49744420336,-219.229832873928,2125.25106206896
"2018-05-26 07:00:00",1690,1278.72201821747,512.235188611633,2045.20884782331,106.481570746027,2450.96246568892
"2018-05-26 08:00:00",2392,1457.41811294625,690.931283340414,2223.90494255209,285.177665474808,2629.6585604177
"2018-05-26 09:00:00",3360,1724.09919438909,957.612364783248,2490.58602399493,551.858746917642,2896.33964186053
"2018-05-26 10:00:00",3540,1947.76557310158,1181.27874349574,2714.25240270742,775.525125630136,3120.00602057303
"2018-05-26 11:00:00",3937,2123.41759314507,1356.93076353923,2889.90442275091,951.177145673625,3295.65804061652
"2018-05-26 12:00:00",4176,2118.05555068964,1351.5687210838,2884.54238029548,945.815103218197,3290.29599816109
"2018-05-26 13:00:00",4130,1958.67974553695,1192.19291593111,2725.16657514279,786.439298065508,3130.9201930084
"2018-05-26 14:00:00",3887,1794.29048376562,1027.80365415978,2560.77731337146,622.050036294177,2966.53093123707
"2018-05-26 15:00:00",3761,1853.88805040047,1087.40122079463,2620.37488000631,681.647602929021,3026.12849787191
"2018-05-26 16:00:00",3970,1434.47272870176,667.985899095919,2200.9595583076,262.232281230313,2606.7131761732
"2018-05-26 17:00:00",3858,1452.04479977392,685.557970168078,2218.53162937976,279.804352302472,2624.28524724536
"2018-05-26 18:00:00",3714,1042.60453354034,276.117703934502,1809.09136314618,-129.635913931104,2214.84498101179
"2018-05-26 19:00:00",2965,856.152195934543,89.6653663287033,1622.63902554038,-316.088251536903,2028.39264340599
"2018-05-26 20:00:00",2855,593.688048347671,-172.798781258168,1360.17487795351,-578.552399123774,1765.92849581912
"2018-05-26 21:00:00",2956,683.212344735671,-83.2744848701687,1449.69917434151,-489.028102735775,1855.45279220712
"2018-05-26 22:00:00",3036,570.725334318722,-195.761495287118,1337.21216392456,-601.515113152724,1742.96578179017
"2018-05-26 23:00:00",2141,503.227261288882,-263.259568316958,1269.71409089472,-669.013186182564,1675.46770876033
"2018-05-27 00:00:00",1633,330.718363945593,-435.768465660247,1097.20519355143,-841.522083525853,1502.95881141704
"2018-05-27 01:00:00",829,237.198875741859,-529.287953863981,1003.6857053477,-935.041571729587,1409.4393232133
"2018-05-27 02:00:00",712,176.669025191292,-589.817804414547,943.155854797132,-995.571422280153,1348.90947266274
"2018-05-27 03:00:00",486,130.129035663055,-636.357793942785,896.615865268894,-1042.11141180839,1302.3694831345
"2018-05-27 04:00:00",401,154.579125822605,-611.907703783234,921.065955428444,-1017.66132164884,1326.81957329405
"2018-05-27 05:00:00",844,281.019509643563,-485.467319962276,1047.5063392494,-891.220937827882,1453.25995711501
"2018-05-27 06:00:00",1192,470.450396410984,-296.036433194855,1236.93722601682,-701.790051060461,1642.69084388243
"2018-05-27 07:00:00",1205,614.871990939824,-151.614838666015,1381.35882054566,-557.368456531621,1787.11243841127
"2018-05-27 08:00:00",1819,655.284493633006,-111.202335972834,1421.77132323885,-516.95595383844,1827.52494110445
"2018-05-27 09:00:00",2660,965.688100546523,199.201270940684,1732.17493015236,-206.552346924922,2137.92854801797
"2018-05-27 10:00:00",3431,1476.0830035246,709.596173918765,2242.56983313044,303.842556053159,2648.32345099605
"2018-05-27 11:00:00",3782,1776.46939027476,1009.98256066892,2542.9562198806,604.228942803315,2948.70983774621
"2018-05-27 12:00:00",4190,2019.84744444806,1253.36061484222,2786.3342740539,847.606996976619,3192.08789191951
"2018-05-27 13:00:00",4139,2188.21734574112,1421.73051613528,2954.70417534696,1015.97689826968,3360.45779321257
"2018-05-27 14:00:00",3963,2389.57926997506,1623.09244036922,3156.06609958089,1217.33882250361,3561.8197174465
"2018-05-27 15:00:00",3821,2154.93338917651,1388.44655957067,2921.42021878235,982.692941705066,3327.17383664796
"2018-05-27 16:00:00",3739,2093.27987166455,1326.79304205871,2859.76670127039,921.039424193106,3265.520319136
"2018-05-27 17:00:00",3266,1833.61888212812,1067.13205252228,2600.10571173396,661.378434656676,3005.85932959957
"2018-05-27 18:00:00",3127,1643.95058170366,877.463752097824,2410.4374113095,471.710134232218,2816.19102917511
"2018-05-27 19:00:00",2830,1402.27512805346,635.788298447625,2168.7619576593,230.034680582019,2574.51557552491
"2018-05-27 20:00:00",2825,1627.59267543962,861.105845833781,2394.07950504546,455.352227968175,2799.83312291107
"2018-05-27 21:00:00",2656,2794.90337479721,2028.41654519137,3561.39020440305,1622.66292732577,3967.14382226866
"2018-05-27 22:00:00",2565,1189.20737380664,422.720544200798,1955.69420341248,16.9669263351921,2361.44782127808
"2018-05-27 23:00:00",1660,692.504816963446,-73.9820126423931,1458.99164656929,-479.735630507999,1864.74526443489
"2018-05-28 00:00:00",1088,54.0616901673664,-712.425139438473,820.548519773206,-1118.17875730408,1226.30213763881
"2018-05-28 01:00:00",559,-80.6535572917944,-847.140386897634,685.833272314045,-1252.89400476324,1091.58689017965
"2018-05-28 02:00:00",440,-105.374945546283,-871.861775152122,661.111884059556,-1277.61539301773,1066.86550192516
"2018-05-28 03:00:00",332,4.89765783243149,-761.589171773408,771.384487438271,-1167.34278963901,1177.13810530388
"2018-05-28 04:00:00",314,427.164382417047,-339.322447188793,1193.65121202289,-745.076065054399,1599.40482988849
"2018-05-28 05:00:00",488,1886.42535498596,1119.93852538012,2652.9121845918,714.184907514518,3058.66580245741
"2018-05-28 06:00:00",882,4012.68069958355,3246.19386997771,4779.16752918939,2840.4402521121,5184.92114705499
"2018-05-28 07:00:00",989,4611.93053757912,3845.44370797328,5378.41736718496,3439.69009010768,5784.17098505057
"2018-05-28 08:00:00",1294,4112.17498772462,3345.68815811878,4878.66181733046,2939.93454025318,5284.41543519607
"2018-05-28 09:00:00",1873,3694.41416621105,2927.92733660521,4460.90099581689,2522.1737187396,4866.65461368249
"2018-05-28 10:00:00",2576,3275.64818672371,2509.16135711787,4042.13501632955,2103.40773925227,4447.88863419516
"2018-05-28 11:00:00",3037,3509.87716049625,2743.39033089041,4276.36399010209,2337.63671302481,4682.1176079677
"2018-05-28 12:00:00",3375,3799.10119636351,3032.61436675767,4565.58802596935,2626.86074889207,4971.34164383496
"2018-05-28 13:00:00",3611,3760.32040081327,2993.83357120743,4526.80723041911,2588.07995334182,4932.56084828471
"2018-05-28 14:00:00",4032,4037.53487803685,3271.04804843101,4804.02170764269,2865.29443056541,5209.7753255083
"2018-05-28 15:00:00",3812,4592.74472997867,3826.25790037283,5359.23155958451,3420.50428250722,5764.98517745011
"2018-05-28 16:00:00",3810,5438.95005638466,4672.46322677882,6205.4368859905,4266.70960891321,6611.1905038561
"2018-05-28 17:00:00",3822,5218.15095484969,4451.66412524385,5984.63778445553,4045.91050737825,6390.39140232114
"2018-05-28 18:00:00",3749,3712.34752086398,2945.86069125814,4478.83435046982,2540.10707339254,4884.58796833543
"2018-05-28 19:00:00",3145,2630.53984785845,1864.05301825261,3397.02667746429,1458.29940038701,3802.7802953299
"2018-05-28 20:00:00",2611,2207.72802724915,1441.24119764331,2974.21485685499,1035.48757977771,3379.9684747206
"2018-05-28 21:00:00",2338,1751.91214848072,985.425318874876,2518.39897808655,579.67170100927,2924.15259595216
"2018-05-28 22:00:00",1936,1141.09229906887,374.605469463027,1907.57912867471,-31.1481484025787,2313.33274654031
"2018-05-28 23:00:00",1141,630.268564642018,-136.218264963821,1396.75539424786,-541.971882829427,1802.50901211346
"2018-05-29 00:00:00",565,516.175184461601,-250.311645144238,1282.66201406744,-656.065263009844,1688.41563193305
"2018-05-29 01:00:00",347,328.343929543385,-438.142900062454,1094.83075914922,-843.89651792806,1500.58437701483
"2018-05-29 02:00:00",239,263.509035574193,-502.977794031646,1029.99586518003,-908.731411897252,1435.74948304564
"2018-05-29 03:00:00",340,339.670581031523,-426.816248574316,1106.15741063736,-832.569866439922,1511.91102850297
"2018-05-29 04:00:00",828,890.828642700478,124.341813094639,1657.31547230632,-281.411804770967,2063.06909017192
"2018-05-29 05:00:00",2911,2840.98329571026,2074.49646610442,3607.4701253161,1668.74284823882,4013.22374318171
"2018-05-29 06:00:00",5723,5509.13461356989,4742.64778396405,6275.62144317573,4336.89416609844,6681.37506104133
"2018-05-29 07:00:00",6106,6201.28266820312,5434.79583859728,6967.76949780896,5029.04222073167,7373.52311567456
"2018-05-29 08:00:00",5530,5885.42752998265,5118.94070037681,6651.91435958849,4713.18708251121,7057.6679774541
"2018-05-29 09:00:00",5117,5670.56926776358,4904.08243815774,6437.05609736942,4498.32882029214,6842.80971523503
"2018-05-29 10:00:00",4530,4449.70794891611,3683.22111931027,5216.19477852195,3277.46750144466,5621.94839638755
"2018-05-29 11:00:00",4436,4708.84363935757,3942.35680975173,5475.33046896341,3536.60319188612,5881.08408682901
"2018-05-29 12:00:00",4866,4955.97640358377,4189.48957397793,5722.46323318961,3783.73595611232,6128.21685105521
"2018-05-29 13:00:00",4973,4907.10630469963,4140.61947509379,5673.59313430547,3734.86585722819,6079.34675217108
"2018-05-29 14:00:00",5159,5214.23340444922,4447.74657484338,5980.72023405506,4041.99295697777,6386.47385192066
"2018-05-29 15:00:00",6018,5838.35776324503,5071.87093363919,6604.84459285087,4666.11731577359,7010.59821071648
"2018-05-29 16:00:00",6820,6651.47944019677,5884.99261059094,7417.96626980261,5479.23899272533,7823.71988766822
"2018-05-29 17:00:00",5990,6271.59849313942,5505.11166353358,7038.08532274526,5099.35804566797,7443.83894061086
"2018-05-29 18:00:00",4267,4821.7149786607,4055.22814905486,5588.20180826654,3649.47453118926,5993.95542613215
"2018-05-29 19:00:00",3036,3475.82895212803,2709.34212252219,4242.31578173387,2303.58850465659,4648.06939959948
"2018-05-29 20:00:00",2466,2871.94046771479,2105.45363810896,3638.42729732063,1699.70002024335,4044.18091518624
"2018-05-29 21:00:00",2154,3413.0495784261,2646.56274882026,4179.53640803194,2240.80913095466,4585.29002589755
"2018-05-29 22:00:00",1595,3289.156336124,2522.66950651816,4055.64316572984,2116.91588865256,4461.39678359545
"2018-05-29 23:00:00",969,1292.2607915521,525.773961946265,2058.74762115794,120.020344080659,2464.50123902355
"2018-05-30 00:00:00",527,821.362994359725,54.8761647538853,1587.84982396556,-350.877453111721,1993.60344183117
"2018-05-30 01:00:00",351,589.462993125467,-177.023836480373,1355.94982273131,-582.777454345978,1761.70344059691
"2018-05-30 02:00:00",306,426.560835380321,-339.925994225518,1193.04766498616,-745.679612091124,1598.80128285177
"2018-05-30 03:00:00",329,516.656567630254,-249.830261975585,1283.14339723609,-655.583879841191,1688.8970151017
"2018-05-30 04:00:00",893,970.750235378313,204.263405772474,1737.23706498415,-201.490212093132,2142.99068284976
"2018-05-30 05:00:00",3023,2981.84188314625,2215.35505354042,3748.32871275209,1809.60143567481,4154.0823306177
"2018-05-30 06:00:00",6046,5938.93155449571,5172.44472488987,6705.41838410155,4766.69110702426,7111.17200196715
"2018-05-30 07:00:00",6326,6867.01929204888,6100.53246244304,7633.50612165472,5694.77884457743,8039.25973952032
"2018-05-30 08:00:00",5716,6610.10513750881,5843.61830790297,7376.59196711465,5437.86469003737,7782.34558498026
"2018-05-30 09:00:00",5283,5374.1891316792,4607.70230207336,6140.67596128504,4201.94868420776,6546.42957915065
"2018-05-30 10:00:00",4554,4747.27131448381,3980.78448487797,5513.75814408965,3575.03086701236,5919.51176195525
"2018-05-30 11:00:00",4744,4820.35172498541,4053.86489537957,5586.83855459125,3648.11127751396,5992.59217245685
"2018-05-30 12:00:00",4923,5009.43040140438,4242.94357179855,5775.91723101022,3837.18995393294,6181.67084887583
"2018-05-30 13:00:00",4823,5013.50738113688,4247.02055153104,5779.99421074272,3841.26693366543,6185.74782860832
"2018-05-30 14:00:00",5343,5433.58270077257,4667.09587116673,6200.06953037841,4261.34225330112,6605.82314824401
"2018-05-30 15:00:00",6062,5831.65639611207,5065.16956650623,6598.1432257179,4659.41594864062,7003.89684358351
"2018-05-30 16:00:00",7042,7018.72850218393,6252.24167257809,7785.21533178977,5846.48805471248,8190.96894965537
"2018-05-30 17:00:00",6429,6455.79905326131,5689.31222365547,7222.28588286715,5283.55860578986,7628.03950073275
"2018-05-30 18:00:00",4621,4659.86808287824,3893.38125327241,5426.35491248408,3487.6276354068,5832.10853034969
"2018-05-30 19:00:00",3555,3389.9356238456,2623.44879423976,4156.42245345144,2217.69517637416,4562.17607131705
"2018-05-30 20:00:00",2788,3031.00170826666,2264.51487866083,3797.4885378725,1858.76126079522,4203.24215573811
"2018-05-30 21:00:00",2612,2601.0663675524,1834.57953794656,3367.55319715824,1428.82592008096,3773.30681502385
"2018-05-30 22:00:00",1932,1723.1296324364,956.642802830557,2489.61646204224,550.889184964951,2895.37007990784
"2018-05-30 23:00:00",1233,1082.19153298944,315.704703383598,1848.67836259528,-90.0489144820083,2254.43198046088
"2018-05-31 00:00:00",695,558.252098633836,-208.234730972003,1324.73892823968,-613.988348837609,1730.49254610528
"2018-05-31 01:00:00",382,348.311358157398,-418.175471448441,1114.79818776324,-823.929089314047,1520.55180562884
"2018-05-31 02:00:00",307,272.36933972711,-494.11748987873,1038.85616933295,-899.871107744336,1444.60978719856
"2018-05-31 03:00:00",343,358.426070902524,-408.060758703315,1124.91290050836,-813.814376568921,1530.66651837397
"2018-05-31 04:00:00",922,906.481578648864,139.994749043025,1672.9684082547,-265.758868822581,2078.72202612031
"2018-05-31 05:00:00",3013,2882.53588934984,2116.049059744,3649.02271895567,1710.29544187839,4054.77633682128
"2018-05-31 06:00:00",6007,5712.58902882017,4946.10219921433,6479.07585842601,4540.34858134873,6884.82947629162
"2018-05-31 07:00:00",6420,6458.6410223179,5692.15419271206,7225.12785192374,5286.40057484646,7630.88146978934
"2018-05-31 08:00:00",5912,6043.69189455635,5277.20506495051,6810.17872416219,4871.4514470849,7215.9323420278
"2018-05-31 09:00:00",5313,5839.7416697159,5073.25484011006,6606.22849932174,4667.50122224445,7011.98211718734
"2018-05-31 10:00:00",4734,4879.79037145546,4113.30354184962,5646.2772010613,3707.54992398401,6052.03081892691
"2018-05-31 11:00:00",5008,5032.83802292375,4266.35119331791,5799.32485252958,3860.5975754523,6205.07847039519
"2018-05-31 12:00:00",5031,5024.88464677025,4258.39781716441,5791.37147637608,3852.6441992988,6197.12509424169
"2018-05-31 13:00:00",5199,5299.72022626542,4533.23339665958,6066.20705587126,4127.47977879398,6471.96067373687
"2018-05-31 14:00:00",5407,5509.41726481371,4742.93043520787,6275.90409441955,4337.17681734227,6681.65771228516
"2018-05-31 15:00:00",5950,6204.75415099328,5438.26732138744,6971.24098059912,5032.51370352184,7376.99459846473
"2018-05-31 16:00:00",6860,7153.50564935408,6387.01881974824,7919.99247895991,5981.26520188263,8325.74609682552
"2018-05-31 17:00:00",6358,6739.47284503961,5972.98601543377,7505.95967464545,5567.23239756817,7911.71329251106
"2018-05-31 18:00:00",5042,5000.66435718487,4234.17752757903,5767.15118679071,3828.42390971342,6172.90480465631
"2018-05-31 19:00:00",3671,3630.40231443786,2863.91548483202,4396.8891440437,2458.16186696642,4802.64276190931
"2018-05-31 20:00:00",3037,3012.90295590645,2246.41612630061,3779.38978551229,1840.662508435,4185.14340337789
"2018-05-31 21:00:00",3102,2697.02286120973,1930.53603160389,3463.50969081557,1524.78241373829,3869.26330868118
"2018-05-31 22:00:00",2222,1987.76771350505,1221.28088389921,2754.25454311089,815.527266033609,3160.0081609765
"2018-05-31 23:00:00",1446,1103.02632582763,336.539496221786,1869.51315543346,-69.2141216438201,2275.26677329907
"2018-06-01 00:00:00",786,570.422216079059,-196.06461352678,1336.9090456849,-601.818231392386,1742.6626635505
"2018-06-01 01:00:00",497,325.167510272988,-441.319319332851,1091.65433987883,-847.072937198457,1497.40795774443
"2018-06-01 02:00:00",346,245.173139577961,-521.313690027878,1011.6599691838,-927.067307893484,1417.41358704941
"2018-06-01 03:00:00",395,296.849778362414,-469.637051243425,1063.33660796825,-875.390669109031,1469.09022583386
"2018-06-01 04:00:00",872,787.902686272178,21.4158566663385,1554.38951587802,-384.337761199267,1960.14313374362
"2018-06-01 05:00:00",2965,2664.06525079144,1897.5784211856,3430.55208039728,1491.82480331999,3836.30569826288
"2018-06-01 06:00:00",5345,5370.42389337082,4603.93706376498,6136.91072297666,4198.18344589938,6542.66434084227
"2018-06-01 07:00:00",6658,6530.54001687468,5764.05318726884,7297.02684648052,5358.29956940324,7702.78046434613
"2018-06-01 08:00:00",5639,5840.69103143093,5074.20420182509,6607.17786103677,4668.45058395948,7012.93147890237
"2018-06-01 09:00:00",5132,5174.88671008621,4408.39988048037,5941.37353969205,4002.64626261477,6347.12715755766
"2018-06-01 10:00:00",4739,4801.98007794222,4035.49324833638,5568.46690754806,3629.73963047078,5974.22052541367
"2018-06-01 11:00:00",5043,5183.07491220352,4416.58808259768,5949.56174180936,4010.83446473208,6355.31535967497
"2018-06-01 12:00:00",5387,5253.16752179901,4486.68069219317,6019.65435140484,4080.92707432756,6425.40796927045
"2018-06-01 13:00:00",5381,5126.20937697173,4359.72254736589,5892.69620657757,3953.96892950028,6298.44982444317
"2018-06-01 14:00:00",5742,5283.23904668991,4516.75221708407,6049.72587629575,4110.99859921846,6455.47949416135
"2018-06-01 15:00:00",6352,5907.25291379778,5140.76608419194,6673.73974340362,4735.01246632634,7079.49336126923
"2018-06-01 16:00:00",6860,6641.23534475005,5874.74851514422,7407.72217435589,5468.99489727861,7813.4757922215
"2018-06-01 17:00:00",5983,5643.20070275939,4876.71387315355,6409.68753236523,4470.96025528794,6815.44115023083
"2018-06-01 18:00:00",4926,4124.14708644992,3357.66025684408,4890.63391605576,2951.90663897847,5296.38753392136
"2018-06-01 19:00:00",3804,2840.06972219933,2073.58289259349,3606.55655180517,1667.82927472788,4012.31016967077
"2018-06-01 20:00:00",3446,2278.97407298263,1512.48724337679,3045.46090258847,1106.73362551119,3451.21452045408
"2018-06-01 21:00:00",3519,2117.85942191213,1351.37259230629,2884.34625151797,945.618974440685,3290.09986938358
"2018-06-01 22:00:00",2865,1733.72452378206,967.237694176221,2500.2113533879,561.484076310615,2905.96497125351
"2018-06-01 23:00:00",2218,1104.57159046487,338.084760859028,1871.05842007071,-67.6688570065776,2276.81203793631
"2018-06-02 00:00:00",1601,587.400512819129,-179.08631678671,1353.88734242497,-584.839934652316,1759.64096029057
"2018-06-02 01:00:00",830,404.211163825461,-362.275665780378,1170.6979934313,-768.029283645984,1576.45161129691
"2018-06-02 02:00:00",638,361.004568680086,-405.482260925753,1127.49139828593,-811.235878791359,1533.24501615153
"2018-06-02 03:00:00",446,273.780887721555,-492.705941884284,1040.26771732739,-898.45955974989,1446.021335193
"2018-06-02 04:00:00",424,265.540331038632,-500.946498567207,1032.02716064447,-906.700116432813,1437.78077851008
"2018-06-02 05:00:00",746,506.283485114602,-260.203344491238,1272.77031472044,-665.956962356844,1678.52393258605
"2018-06-02 06:00:00",1385,953.010614588331,186.523784982491,1719.49744419417,-219.229832883115,2125.25106205978
"2018-06-02 07:00:00",1928,1278.72201820848,512.235188602644,2045.20884781432,106.481570737039,2450.96246567993
"2018-06-02 08:00:00",2730,1457.41811293746,690.93128333162,2223.9049425433,285.177665466014,2629.6585604089
"2018-06-02 09:00:00",3707,1724.09919438048,957.612364774643,2490.58602398632,551.858746909037,2896.33964185193
"2018-06-02 10:00:00",3864,1947.76557309316,1181.27874348732,2714.252402699,775.525125621717,3120.00602056461
"2018-06-02 11:00:00",4260,2123.41759313683,1356.93076353099,2889.90442274267,951.177145665387,3295.65804060828
"2018-06-02 12:00:00",4671,2118.05555068158,1351.56872107574,2884.54238028742,945.815103210137,3290.29599815303
"2018-06-02 13:00:00",4741,1958.67974552907,1192.19291592323,2725.16657513491,786.439298057622,3130.92019300051
"2018-06-02 14:00:00",4896,1794.29048375791,1027.80365415207,2560.77731336375,622.05003628646,2966.53093122935
"2018-06-02 15:00:00",4509,1853.88805039292,1087.40122078708,2620.37487999876,681.647602921472,3026.12849786436
"2018-06-02 16:00:00",4560,1434.47272869437,667.985899088532,2200.95955830021,262.232281222927,2606.71317616582
"2018-06-02 17:00:00",4221,1452.04479976669,685.557970160851,2218.53162937253,279.804352295245,2624.28524723814
"2018-06-02 18:00:00",4013,1042.60453353327,276.11770392743,1809.09136313911,-129.635913938175,2214.84498100472
"2018-06-02 19:00:00",3480,856.152195927623,89.6653663217839,1622.63902553346,-316.088251543822,2028.39264339907
"2018-06-02 20:00:00",3074,593.688048340901,-172.798781264939,1360.17487794674,-578.552399130544,1765.92849581235
"2018-06-02 21:00:00",2905,683.212344729047,-83.2744848767928,1449.69917433489,-489.028102742399,1855.45279220049
"2018-06-02 22:00:00",2808,570.72533431224,-195.761495293599,1337.21216391808,-601.515113159205,1742.96578178369
"2018-06-02 23:00:00",2103,503.22726128254,-263.259568323299,1269.71409088838,-669.013186188905,1675.46770875399
"2018-06-03 00:00:00",1516,330.718363939388,-435.768465666452,1097.20519354523,-841.522083532058,1502.95881141083
"2018-06-03 01:00:00",905,237.198875735788,-529.287953870052,1003.68570534163,-935.041571735657,1409.43932320723
"2018-06-03 02:00:00",647,176.669025185352,-589.817804420487,943.155854791192,-995.571422286093,1348.9094726568
"2018-06-03 03:00:00",477,130.129035657243,-636.357793948597,896.615865263082,-1042.1114118142,1302.36948312869
"2018-06-03 04:00:00",419,154.579125816918,-611.907703788921,921.065955422758,-1017.66132165453,1326.81957328836
"2018-06-03 05:00:00",643,281.019509637999,-485.46731996784,1047.50633924384,-891.220937833446,1453.25995710944
"2018-06-03 06:00:00",1103,470.45039640554,-296.036433200299,1236.93722601138,-701.790051065905,1642.69084387699
"2018-06-03 07:00:00",1519,614.871990934498,-151.614838671342,1381.35882054034,-557.368456536947,1787.11243840594
"2018-06-03 08:00:00",2380,655.284493627794,-111.202335978045,1421.77132323363,-516.955953843651,1827.52494109924
"2018-06-03 09:00:00",3350,965.688100541424,199.201270935584,1732.17493014726,-206.552346930022,2137.92854801287
"2018-06-03 10:00:00",3820,1476.08300351962,709.596173913776,2242.56983312545,303.84255604817,2648.32345099106
"2018-06-03 11:00:00",4453,1776.46939026988,1009.98256066404,2542.95621987572,604.228942798434,2948.70983774132
"2018-06-03 12:00:00",4858,2019.84744444329,1253.36061483745,2786.33427404913,847.606996971842,3192.08789191473
"2018-06-03 13:00:00",4563,2188.21734573645,1421.73051613061,2954.70417534229,1015.976898265,3360.4577932079
"2018-06-03 14:00:00",4458,2389.57926997048,1623.09244036464,3156.06609957632,1217.33882249904,3561.81971744193
"2018-06-03 15:00:00",4554,2154.93338917204,1388.4465595662,2921.42021877788,982.692941700592,3327.17383664348
"2018-06-03 16:00:00",4547,2093.27987166017,1326.79304205433,2859.76670126601,921.039424188729,3265.52031913162
"2018-06-03 17:00:00",4262,1833.61888212384,1067.132052518,2600.10571172968,661.378434652393,3005.85932959528
"2018-06-03 18:00:00",3972,1643.95058169947,877.463752093633,2410.43741130531,471.710134228028,2816.19102917092
"2018-06-03 19:00:00",3527,1402.27512804936,635.788298443524,2168.7619576552,230.034680577918,2574.51557552081
"2018-06-03 20:00:00",3043,1627.59267543561,861.105845829769,2394.07950504145,455.352227964163,2799.83312290705
"2018-06-03 21:00:00",2490,2794.90337479329,2028.41654518745,3561.39020439913,1622.66292732184,3967.14382226473
"2018-06-03 22:00:00",2051,1189.2073738028,422.720544196957,1955.69420340864,16.9669263313513,2361.44782127424
"2018-06-03 23:00:00",1166,692.504816959688,-73.9820126461511,1458.99164656553,-479.735630511757,1864.74526443113
"2018-06-04 00:00:00",667,54.0616901636895,-712.42513944215,820.548519769529,-1118.17875730776,1226.30213763513
"2018-06-04 01:00:00",377,-80.653557295392,-847.140386901231,685.833272310447,-1252.89400476684,1091.58689017605
"2018-06-04 02:00:00",285,-105.374945549803,-871.861775155643,661.111884056036,-1277.61539302125,1066.86550192164
"2018-06-04 03:00:00",375,4.89765782898734,-761.589171776852,771.384487434827,-1167.34278964246,1177.13810530043
"2018-06-04 04:00:00",928,427.164382413677,-339.322447192163,1193.65121201952,-745.076065057769,1599.40482988512
"2018-06-04 05:00:00",3021,1886.42535498267,1119.93852537683,2652.91218458851,714.184907511221,3058.66580245411
"2018-06-04 06:00:00",5765,4012.68069958032,3246.19386997448,4779.16752918616,2840.44025210888,5184.92114705177
"2018-06-04 07:00:00",6081,4611.93053757597,3845.44370797013,5378.41736718181,3439.69009010452,5784.17098504741
"2018-06-04 08:00:00",5546,4112.17498772153,3345.68815811569,4878.66181732737,2939.93454025009,5284.41543519298
"2018-06-04 09:00:00",5108,3694.41416620803,2927.92733660219,4460.90099581387,2522.17371873658,4866.65461367947
"2018-06-04 10:00:00",4334,3275.64818672076,2509.16135711492,4042.1350163266,2103.40773924931,4447.8886341922
"2018-06-04 11:00:00",4489,3509.87716049336,2743.39033088752,4276.3639900992,2337.63671302191,4682.1176079648
"2018-06-04 12:00:00",4741,3799.10119636068,3032.61436675484,4565.58802596652,2626.86074888923,4971.34164383213
"2018-06-04 13:00:00",4873,3760.3204008105,2993.83357120466,4526.80723041634,2588.07995333905,4932.56084828194
"2018-06-04 14:00:00",5170,4037.53487803414,3271.0480484283,4804.02170763998,2865.2944305627,5209.77532550559
"2018-06-04 15:00:00",5797,4592.74472997602,3826.25790037018,5359.23155958186,3420.50428250457,5764.98517744746
"2018-06-04 16:00:00",7024,5438.95005638206,4672.46322677622,6205.4368859879,4266.70960891062,6611.19050385351
"2018-06-04 17:00:00",6234,5218.15095484715,4451.66412524131,5984.63778445299,4045.91050737571,6390.3914023186
"2018-06-04 18:00:00",4374,3712.3475208615,2945.86069125566,4478.83435046734,2540.10707339005,4884.58796833294
"2018-06-04 19:00:00",3279,2630.53984785602,1864.05301825018,3397.02667746186,1458.29940038458,3802.78029532747
"2018-06-04 20:00:00",2941,2207.72802724678,1441.24119764094,2974.21485685261,1035.48757977533,3379.96847471822
"2018-06-04 21:00:00",2776,1751.91214847839,985.42531887255,2518.39897808423,579.671701006944,2924.15259594983
"2018-06-04 22:00:00",1871,1141.09229906659,374.605469460751,1907.57912867243,-31.1481484048547,2313.33274653804
"2018-06-04 23:00:00",1115,630.268564639791,-136.218264966048,1396.75539424563,-541.971882831654,1802.50901211124
"2018-06-05 00:00:00",635,516.175184459422,-250.311645146417,1282.66201406526,-656.065263012023,1688.41563193087
"2018-06-05 01:00:00",399,328.343929541253,-438.142900064586,1094.83075914709,-843.896517930192,1500.5843770127
"2018-06-05 02:00:00",297,263.509035572107,-502.977794033732,1029.99586517795,-908.731411899338,1435.74948304355
"2018-06-05 03:00:00",355,339.670581029482,-426.816248576357,1106.15741063532,-832.569866441963,1511.91102850093
"2018-06-05 04:00:00",952,890.828642698481,124.341813092642,1657.31547230432,-281.411804772964,2063.06909016993
"2018-06-05 05:00:00",3078,2840.98329570831,2074.49646610247,3607.47012531415,1668.74284823686,4013.22374317975
"2018-06-05 06:00:00",5970,5509.13461356797,4742.64778396213,6275.62144317381,4336.89416609653,6681.37506103942
"2018-06-05 07:00:00",5972,6201.28266820125,5434.79583859541,6967.76949780708,5029.0422207298,7373.52311567269
"2018-06-05 08:00:00",5645,5885.42752998082,5118.94070037498,6651.91435958666,4713.18708250938,7057.66797745227
"2018-06-05 09:00:00",5046,5670.56926776179,4904.08243815595,6437.05609736763,4498.32882029035,6842.80971523324
"2018-06-05 10:00:00",4592,4449.70794891436,3683.22111930852,5216.1947785202,3277.46750144291,5621.9483963858
"2018-06-05 11:00:00",4778,4708.84363935585,3942.35680975001,5475.33046896169,3536.60319188441,5881.0840868273
"2018-06-05 12:00:00",5256,4955.97640358209,4189.48957397625,5722.46323318793,3783.73595611064,6128.21685105353
"2018-06-05 13:00:00",5285,4907.10630469799,4140.61947509215,5673.59313430383,3734.86585722655,6079.34675216944
"2018-06-05 14:00:00",5340,5214.23340444761,4447.74657484177,5980.72023405345,4041.99295697617,6386.47385191906
"2018-06-05 15:00:00",6102,5838.35776324346,5071.87093363762,6604.8445928493,4666.11731577201,7010.59821071491
"2018-06-05 16:00:00",7037,6651.47944019524,5884.9926105894,7417.96626980108,5479.23899272379,7823.71988766668
"2018-06-05 17:00:00",6431,6271.59849313791,5505.11166353207,7038.08532274375,5099.35804566647,7443.83894060936
"2018-06-05 18:00:00",4582,4821.71497865923,4055.22814905339,5588.20180826507,3649.47453118779,5993.95542613068
"2018-06-05 19:00:00",3510,3475.82895212659,2709.34212252075,4242.31578173243,2303.58850465515,4648.06939959804
"2018-06-05 20:00:00",3012,2871.94046771339,2105.45363810755,3638.42729731923,1699.70002024194,4044.18091518483
"2018-06-05 21:00:00",2754,3413.04957842473,2646.56274881889,4179.53640803056,2240.80913095328,4585.29002589617
"2018-06-05 22:00:00",2212,3289.15633612265,2522.66950651681,4055.64316572849,2116.91588865121,4461.3967835941
"2018-06-05 23:00:00",1227,1292.26079155079,525.773961944946,2058.74762115662,120.02034407934,2464.50123902223
"2018-06-06 00:00:00",663,821.362994358433,54.876164752594,1587.84982396427,-350.877453113012,1993.60344182988
"2018-06-06 01:00:00",415,589.462993124203,-177.023836481636,1355.94982273004,-582.777454347242,1761.70344059565
"2018-06-06 02:00:00",318,426.560835379085,-339.925994226754,1193.04766498492,-745.67961209236,1598.80128285053
"2018-06-06 03:00:00",362,516.656567629045,-249.830261976794,1283.14339723488,-655.5838798424,1688.89701510049
"2018-06-06 04:00:00",934,970.75023537713,204.26340577129,1737.23706498297,-201.490212094316,2142.99068284858
"2018-06-06 05:00:00",2980,2981.8418831451,2215.35505353926,3748.32871275094,1809.60143567365,4154.08233061654
"2018-06-06 06:00:00",5195,5938.93155449457,5172.44472488874,6705.41838410041,4766.69110702313,7111.17200196602
"2018-06-06 07:00:00",6083,6867.01929204777,6100.53246244193,7633.50612165361,5694.77884457633,8039.25973951922
"2018-06-06 08:00:00",5301,6610.10513750773,5843.61830790189,7376.59196711357,5437.86469003628,7782.34558497917
"2018-06-06 09:00:00",5324,5374.18913167814,4607.7023020723,6140.67596128398,4201.9486842067,6546.42957914959
"2018-06-06 10:00:00",4621,4747.27131448277,3980.78448487693,5513.75814408861,3575.03086701132,5919.51176195422
"2018-06-06 11:00:00",4915,4820.35172498439,4053.86489537855,5586.83855459023,3648.11127751295,5992.59217245584
"2018-06-06 12:00:00",5098,5009.43040140339,4242.94357179755,5775.91723100923,3837.18995393195,6181.67084887484
"2018-06-06 13:00:00",4799,5013.50738113591,4247.02055153007,5779.99421074175,3841.26693366446,6185.74782860735
"2018-06-06 14:00:00",5226,5433.58270077162,4667.09587116578,6200.06953037746,4261.34225330017,6605.82314824306
"2018-06-06 15:00:00",6264,5831.65639611113,5065.16956650529,6598.14322571697,4659.41594863969,7003.89684358258
"2018-06-06 16:00:00",6925,7018.72850218302,6252.24167257718,7785.21533178886,5846.48805471157,8190.96894965446
"2018-06-06 17:00:00",6637,6455.79905326042,5689.31222365458,7222.28588286626,5283.55860578897,7628.03950073186
"2018-06-06 18:00:00",5055,4659.86808287737,3893.38125327153,5426.35491248321,3487.62763540593,5832.10853034882
"2018-06-06 19:00:00",3648,3389.93562384475,2623.44879423891,4156.42245345059,2217.6951763733,4562.17607131619
"2018-06-06 20:00:00",3157,3031.00170826583,2264.51487865999,3797.48853787167,1858.76126079438,4203.24215573728
"2018-06-06 21:00:00",2723,2601.06636755159,1834.57953794575,3367.55319715743,1428.82592008014,3773.30681502303
"2018-06-06 22:00:00",2224,1723.1296324356,956.642802829757,2489.61646204144,550.889184964151,2895.37007990704
"2018-06-06 23:00:00",1303,1082.19153298865,315.704703382816,1848.67836259449,-90.0489144827905,2254.4319804601
"2018-06-07 00:00:00",685,558.252098633071,-208.234730972769,1324.73892823891,-613.988348838374,1730.49254610452
"2018-06-07 01:00:00",439,348.31135815665,-418.17547144919,1114.79818776249,-823.929089314796,1520.55180562809
"2018-06-07 02:00:00",328,272.369339726377,-494.117489879462,1038.85616933222,-899.871107745068,1444.60978719782
"2018-06-07 03:00:00",380,358.426070901807,-408.060758704032,1124.91290050765,-813.814376569638,1530.66651837325
"2018-06-07 04:00:00",977,906.481578648163,139.994749042323,1672.968408254,-265.758868823283,2078.72202611961
"2018-06-07 05:00:00",3018,2882.53588934915,2116.04905974331,3649.02271895499,1710.2954418777,4054.77633682059
"2018-06-07 06:00:00",5885,5712.5890288195,4946.10219921366,6479.07585842534,4540.34858134805,6884.82947629095
"2018-06-07 07:00:00",6097,6458.64102231724,5692.1541927114,7225.12785192308,5286.4005748458,7630.88146978869
"2018-06-07 08:00:00",5871,6043.69189455571,5277.20506494987,6810.17872416155,4871.45144708426,7215.93234202715
"2018-06-07 09:00:00",5136,5839.74166971527,5073.25484010943,6606.22849932111,4667.50122224382,7011.98211718671
"2018-06-07 10:00:00",4691,4879.79037145484,4113.30354184901,5646.27720106068,3707.5499239834,6052.03081892629
"2018-06-07 11:00:00",5168,5032.83802292314,4266.3511933173,5799.32485252898,3860.5975754517,6205.07847039459
"2018-06-07 12:00:00",5220,5024.88464676966,4258.39781716382,5791.3714763755,3852.64419929821,6197.1250942411
"2018-06-07 13:00:00",5094,5299.72022626485,4533.23339665901,6066.20705587068,4127.4797787934,6471.96067373629
"2018-06-07 14:00:00",5399,5509.41726481315,4742.93043520731,6275.90409441899,4337.1768173417,6681.6577122846
"2018-06-07 15:00:00",6202,6204.75415099273,5438.26732138689,6971.24098059857,5032.51370352129,7376.99459846418
"2018-06-07 16:00:00",6858,7153.50564935353,6387.0188197477,7919.99247895937,5981.26520188209,8325.74609682498
"2018-06-07 17:00:00",6286,6739.47284503908,5972.98601543325,7505.95967464492,5567.23239756764,7911.71329251053
"2018-06-07 18:00:00",4858,5000.66435718435,4234.17752757851,5767.15118679019,3828.42390971291,6172.9048046558
"2018-06-07 19:00:00",3715,3630.40231443736,2863.91548483152,4396.8891440432,2458.16186696591,4802.6427619088
"2018-06-07 20:00:00",3222,3012.90295590595,2246.41612630011,3779.38978551179,1840.66250843451,4185.1434033774
"2018-06-07 21:00:00",2912,2697.02286120925,1930.53603160341,3463.50969081509,1524.7824137378,3869.26330868069
"2018-06-07 22:00:00",2215,1987.76771350458,1221.28088389874,2754.25454311042,815.527266033135,3160.00816097603
"2018-06-07 23:00:00",1398,1103.02632582716,336.539496221322,1869.513155433,-69.2141216442835,2275.26677329861
"2018-06-08 00:00:00",800,570.422216078606,-196.064613527234,1336.90904568445,-601.81823139284,1742.66266355005
"2018-06-08 01:00:00",480,325.167510272544,-441.319319333295,1091.65433987838,-847.072937198901,1497.40795774399
"2018-06-08 02:00:00",354,245.173139577527,-521.313690028313,1011.65996918337,-927.067307893918,1417.41358704897
"2018-06-08 03:00:00",364,296.849778361989,-469.63705124385,1063.33660796783,-875.390669109456,1469.09022583343
"2018-06-08 04:00:00",884,787.902686271762,21.4158566659229,1554.3895158776,-384.337761199683,1960.14313374321
"2018-06-08 05:00:00",2793,2664.06525079103,1897.57842118519,3430.55208039687,1491.82480331959,3836.30569826248
"2018-06-08 06:00:00",5554,5370.42389337042,4603.93706376458,6136.91072297626,4198.18344589898,6542.66434084187
"2018-06-08 07:00:00",6584,6530.54001687429,5764.05318726845,7297.02684648013,5358.29956940285,7702.78046434574
"2018-06-08 08:00:00",5442,5840.69103143055,5074.20420182471,6607.17786103639,4668.4505839591,7012.93147890199
"2018-06-08 09:00:00",5011,5174.88671008584,4408.39988048,5941.37353969168,4002.64626261439,6347.12715755729
"2018-06-08 10:00:00",4681,4801.98007794186,4035.49324833602,5568.4669075477,3629.73963047041,5974.2205254133
"2018-06-08 11:00:00",4996,5183.07491220317,4416.58808259733,5949.56174180901,4010.83446473172,6355.31535967461
"2018-06-08 12:00:00",5415,5253.16752179866,4486.68069219282,6019.6543514045,4080.92707432721,6425.4079692701
"2018-06-08 13:00:00",5563,5126.20937697139,4359.72254736555,5892.69620657723,3953.96892949994,6298.44982444283
"2018-06-08 14:00:00",5936,5283.23904668957,4516.75221708373,6049.72587629541,4110.99859921813,6455.47949416102
"2018-06-08 15:00:00",6290,5907.25291379745,5140.76608419161,6673.73974340329,4735.01246632601,7079.4933612689
"2018-06-08 16:00:00",6727,6641.23534474973,5874.7485151439,7407.72217435557,5468.99489727829,7813.47579222118
"2018-06-08 17:00:00",5865,5643.20070275907,4876.71387315323,6409.68753236491,4470.96025528763,6815.44115023052
"2018-06-08 18:00:00",4959,4124.14708644961,3357.66025684377,4890.63391605545,2951.90663897817,5296.38753392106
"2018-06-08 19:00:00",3792,2840.06972219903,2073.58289259319,3606.55655180487,1667.82927472758,4012.31016967047
"2018-06-08 20:00:00",3251,2278.97407298234,1512.4872433765,3045.46090258818,1106.73362551089,3451.21452045378
"2018-06-08 21:00:00",3050,2117.85942191184,1351.372592306,2884.34625151768,945.618974440398,3290.09986938329
"2018-06-08 22:00:00",3360,1733.72452378178,967.23769417594,2500.21135338762,561.484076310334,2905.96497125322
"2018-06-08 23:00:00",2903,1104.57159046459,338.084760858754,1871.05842007043,-67.6688570068522,2276.81203793604
"2018-06-09 00:00:00",1511,587.400512818861,-179.086316786979,1353.8873424247,-584.839934652585,1759.64096029031
"2018-06-09 01:00:00",1110,404.211163825198,-362.275665780641,1170.69799343104,-768.029283646247,1576.45161129664
"2018-06-09 02:00:00",866,361.004568679829,-405.482260926011,1127.49139828567,-811.235878791617,1533.24501615127
"2018-06-09 03:00:00",614,273.780887721303,-492.705941884536,1040.26771732714,-898.459559750142,1446.02133519275
"2018-06-09 04:00:00",517,265.540331038386,-500.946498567453,1032.02716064423,-906.700116433059,1437.78077850983
"2018-06-09 05:00:00",795,506.283485114361,-260.203344491479,1272.7703147202,-665.956962357085,1678.52393258581
"2018-06-09 06:00:00",1398,953.010614588095,186.523784982256,1719.49744419393,-219.22983288335,2125.25106205954
"2018-06-09 07:00:00",2172,1278.72201820825,512.235188602414,2045.20884781409,106.481570736808,2450.9624656797
"2018-06-09 08:00:00",2686,1457.41811293723,690.931283331394,2223.90494254307,285.177665465788,2629.65856040868
"2018-06-09 09:00:00",3367,1724.09919438026,957.612364774422,2490.5860239861,551.858746908816,2896.33964185171
"2018-06-09 10:00:00",3684,1947.76557309295,1181.27874348711,2714.25240269879,775.525125621501,3120.00602056439
"2018-06-09 11:00:00",4085,2123.41759313662,1356.93076353078,2889.90442274246,951.177145665175,3295.65804060807
"2018-06-09 12:00:00",4257,2118.05555068138,1351.56872107554,2884.54238028722,945.81510320993,3290.29599815282
"2018-06-09 13:00:00",4186,1958.67974552886,1192.19291592303,2725.1665751347,786.439298057419,3130.92019300031
"2018-06-09 14:00:00",4196,1794.29048375771,1027.80365415187,2560.77731336355,622.050036286262,2966.53093122915
"2018-06-09 15:00:00",3957,1853.88805039272,1087.40122078688,2620.37487999856,681.647602921278,3026.12849786417
"2018-06-09 16:00:00",3940,1434.47272869418,667.985899088343,2200.95955830002,262.232281222737,2606.71317616563
"2018-06-09 17:00:00",3589,1452.0447997665,685.557970160665,2218.53162937234,279.804352295059,2624.28524723795
"2018-06-09 18:00:00",3571,1042.60453353309,276.117703927249,1809.09136313893,-129.635913938357,2214.84498100453
"2018-06-09 19:00:00",3128,856.152195927446,89.6653663216064,1622.63902553329,-316.088251544,2028.39264339889
"2018-06-09 20:00:00",2782,593.688048340727,-172.798781265112,1360.17487794657,-578.552399130718,1765.92849581217
"2018-06-09 21:00:00",2835,683.212344728877,-83.2744848769628,1449.69917433472,-489.028102742569,1855.45279220032
"2018-06-09 22:00:00",2863,570.725334312074,-195.761495293765,1337.21216391791,-601.515113159371,1742.96578178352
"2018-06-09 23:00:00",1928,503.227261282377,-263.259568323462,1269.71409088822,-669.013186189068,1675.46770875382
"2018-06-10 00:00:00",1226,330.718363939229,-435.768465666611,1097.20519354507,-841.522083532217,1502.95881141067
"2018-06-10 01:00:00",777,237.198875735632,-529.287953870207,1003.68570534147,-935.041571735813,1409.43932320708
"2018-06-10 02:00:00",570,176.6690251852,-589.81780442064,943.155854791039,-995.571422286245,1348.90947265665
"2018-06-10 03:00:00",350,130.129035657093,-636.357793948746,896.615865262933,-1042.11141181435,1302.36948312854
"2018-06-10 04:00:00",293,154.579125816773,-611.907703789067,921.065955422612,-1017.66132165467,1326.81957328822
"2018-06-10 05:00:00",427,281.019509637857,-485.467319967983,1047.5063392437,-891.220937833589,1453.2599571093
"2018-06-10 06:00:00",808,470.450396405401,-296.036433200439,1236.93722601124,-701.790051066045,1642.69084387685
"2018-06-10 07:00:00",1012,614.871990934361,-151.614838671478,1381.3588205402,-557.368456537084,1787.11243840581
"2018-06-10 08:00:00",1617,655.28449362766,-111.202335978179,1421.7713232335,-516.955953843785,1827.52494109911
"2018-06-10 09:00:00",2417,965.688100541293,199.201270935454,1732.17493014713,-206.552346930153,2137.92854801274
"2018-06-10 10:00:00",3075,1476.08300351949,709.596173913648,2242.56983312533,303.842556048042,2648.32345099093
"2018-06-10 11:00:00",3656,1776.46939026975,1009.98256066391,2542.95621987559,604.228942798308,2948.7098377412
"2018-06-10 12:00:00",3993,2019.84744444317,1253.36061483733,2786.334274049,847.60699697172,3192.08789191461
"2018-06-10 13:00:00",3888,2188.21734573633,1421.73051613049,2954.70417534217,1015.97689826488,3360.45779320778
"2018-06-10 14:00:00",4125,2389.57926997037,1623.09244036453,3156.06609957621,1217.33882249892,3561.81971744181
"2018-06-10 15:00:00",4062,2154.93338917192,1388.44655956608,2921.42021877776,982.692941700476,3327.17383664337
"2018-06-10 16:00:00",3901,2093.27987166006,1326.79304205422,2859.7667012659,921.039424188617,3265.52031913151
"2018-06-10 17:00:00",3584,1833.61888212373,1067.13205251789,2600.10571172957,661.378434652283,3005.85932959517
"2018-06-10 18:00:00",3477,1643.95058169937,877.463752093526,2410.4374113052,471.71013422792,2816.19102917081
"2018-06-10 19:00:00",3010,1402.27512804926,635.788298443419,2168.7619576551,230.034680577813,2574.5155755207
"2018-06-10 20:00:00",2979,1627.59267543551,861.105845829666,2394.07950504134,455.35222796406,2799.83312290695
"2018-06-10 21:00:00",2353,2794.90337479318,2028.41654518735,3561.39020439902,1622.66292732174,3967.14382226463
"2018-06-10 22:00:00",1834,1189.2073738027,422.720544196859,1955.69420340854,16.9669263312526,2361.44782127414
"2018-06-10 23:00:00",1101,692.504816959592,-73.9820126462475,1458.99164656543,-479.735630511854,1864.74526443104
"2018-06-11 00:00:00",642,54.0616901635951,-712.425139442244,820.548519769435,-1118.17875730785,1226.30213763504
"2018-06-11 01:00:00",396,-80.6535572954843,-847.140386901324,685.833272310355,-1252.89400476693,1091.58689017596
"2018-06-11 02:00:00",291,-105.374945549893,-871.861775155733,661.111884055946,-1277.61539302134,1066.86550192155
"2018-06-11 03:00:00",310,4.89765782889895,-761.58917177694,771.384487434738,-1167.34278964255,1177.13810530034
"2018-06-11 04:00:00",873,427.16438241359,-339.322447192249,1193.65121201943,-745.076065057855,1599.40482988504
"2018-06-11 05:00:00",2947,1886.42535498258,1119.93852537674,2652.91218458842,714.184907511136,3058.66580245403
"2018-06-11 06:00:00",5476,4012.68069958024,3246.1938699744,4779.16752918608,2840.4402521088,5184.92114705169
"2018-06-11 07:00:00",6336,4611.93053757588,3845.44370797005,5378.41736718172,3439.69009010444,5784.17098504733
"2018-06-11 08:00:00",5676,4112.17498772145,3345.68815811561,4878.66181732729,2939.93454025001,5284.4154351929
"2018-06-11 09:00:00",4588,3694.41416620795,2927.92733660211,4460.90099581379,2522.1737187365,4866.65461367939
"2018-06-11 10:00:00",4270,3275.64818672068,2509.16135711484,4042.13501632652,2103.40773924923,4447.88863419213
"2018-06-11 11:00:00",4435,3509.87716049329,2743.39033088745,4276.36399009912,2337.63671302184,4682.11760796473
"2018-06-11 12:00:00",4763,3799.10119636061,3032.61436675477,4565.58802596645,2626.86074888916,4971.34164383205
"2018-06-11 13:00:00",4658,3760.32040081043,2993.83357120459,4526.80723041627,2588.07995333898,4932.56084828187
"2018-06-11 14:00:00",4923,4037.53487803407,3271.04804842823,4804.02170763991,2865.29443056263,5209.77532550552
"2018-06-11 15:00:00",5691,4592.74472997595,3826.25790037011,5359.23155958179,3420.5042825045,5764.98517744739
"2018-06-11 16:00:00",6556,5438.950056382,4672.46322677616,6205.43688598784,4266.70960891055,6611.19050385344
"2018-06-11 17:00:00",5922,5218.15095484709,4451.66412524125,5984.63778445293,4045.91050737564,6390.39140231853
"2018-06-11 18:00:00",4512,3712.34752086143,2945.8606912556,4478.83435046727,2540.10707338999,4884.58796833288
"2018-06-11 19:00:00",3078,2630.53984785596,1864.05301825012,3397.0266774618,1458.29940038451,3802.7802953274
"2018-06-11 20:00:00",2611,2207.72802724671,1441.24119764087,2974.21485685255,1035.48757977527,3379.96847471816
"2018-06-11 21:00:00",2240,1751.91214847833,985.42531887249,2518.39897808417,579.671701006884,2924.15259594977
"2018-06-11 22:00:00",1861,1141.09229906653,374.605469460693,1907.57912867237,-31.1481484049132,2313.33274653798
"2018-06-11 23:00:00",1109,630.268564639734,-136.218264966106,1396.75539424557,-541.971882831711,1802.50901211118
"2018-06-12 00:00:00",621,516.175184459366,-250.311645146473,1282.66201406521,-656.065263012079,1688.41563193081
"2018-06-12 01:00:00",396,328.343929541199,-438.142900064641,1094.83075914704,-843.896517930247,1500.58437701264
"2018-06-12 02:00:00",314,263.509035572053,-502.977794033786,1029.99586517789,-908.731411899392,1435.7494830435
"2018-06-12 03:00:00",362,339.67058102943,-426.81624857641,1106.15741063527,-832.569866442015,1511.91102850088
"2018-06-12 04:00:00",912,890.82864269843,124.341813092591,1657.31547230427,-281.411804773015,2063.06909016988
"2018-06-12 05:00:00",3013,2840.98329570826,2074.49646610242,3607.4701253141,1668.74284823681,4013.2237431797
"2018-06-12 06:00:00",5905,5509.13461356793,4742.64778396209,6275.62144317376,4336.89416609648,6681.37506103937
"2018-06-12 07:00:00",6283,6201.2826682012,5434.79583859536,6967.76949780704,5029.04222072975,7373.52311567264
"2018-06-12 08:00:00",5656,5885.42752998078,5118.94070037494,6651.91435958662,4713.18708250933,7057.66797745222
"2018-06-12 09:00:00",4948,5670.56926776175,4904.08243815591,6437.05609736759,4498.3288202903,6842.80971523319
"2018-06-12 10:00:00",4574,4449.70794891431,3683.22111930847,5216.19477852015,3277.46750144287,5621.94839638576
"2018-06-12 11:00:00",4531,4708.84363935581,3942.35680974997,5475.33046896165,3536.60319188436,5881.08408682725
"2018-06-12 12:00:00",4911,4955.97640358205,4189.48957397621,5722.46323318789,3783.7359561106,6128.21685105349
"2018-06-12 13:00:00",4777,4907.10630469795,4140.61947509211,5673.59313430379,3734.8658572265,6079.34675216939
"2018-06-12 14:00:00",5185,5214.23340444757,4447.74657484173,5980.72023405341,4041.99295697612,6386.47385191902
"2018-06-12 15:00:00",6092,5838.35776324342,5071.87093363758,6604.84459284926,4666.11731577197,7010.59821071486
"2018-06-12 16:00:00",6777,6651.4794401952,5884.99261058936,7417.96626980104,5479.23899272375,7823.71988766664
"2018-06-12 17:00:00",6366,6271.59849313788,5505.11166353204,7038.08532274371,5099.35804566643,7443.83894060932
"2018-06-12 18:00:00",4701,4821.71497865919,4055.22814905335,5588.20180826503,3649.47453118775,5993.95542613064
"2018-06-12 19:00:00",3235,3475.82895212656,2709.34212252072,4242.3157817324,2303.58850465511,4648.069399598
"2018-06-12 20:00:00",2975,2871.94046771335,2105.45363810751,3638.42729731919,1699.7000202419,4044.18091518479
"2018-06-12 21:00:00",2990,3413.04957842469,2646.56274881885,4179.53640803053,2240.80913095324,4585.29002589613
"2018-06-12 22:00:00",2332,3289.15633612262,2522.66950651678,4055.64316572846,2116.91588865117,4461.39678359406
"2018-06-12 23:00:00",1250,1292.26079155075,525.773961944912,2058.74762115659,120.020344079306,2464.5012390222
"2018-06-13 00:00:00",684,821.3629943584,54.8761647525608,1587.84982396424,-350.877453113045,1993.60344182985
"2018-06-13 01:00:00",439,589.462993124171,-177.023836481668,1355.94982273001,-582.777454347274,1761.70344059562
"2018-06-13 02:00:00",328,426.560835379054,-339.925994226786,1193.04766498489,-745.679612092392,1598.8012828505
"2018-06-13 03:00:00",387,516.656567629014,-249.830261976825,1283.14339723485,-655.583879842432,1688.89701510046
"2018-06-13 04:00:00",922,970.750235377099,204.26340577126,1737.23706498294,-201.490212094346,2142.99068284854
"2018-06-13 05:00:00",3022,2981.84188314507,2215.35505353923,3748.32871275091,1809.60143567362,4154.08233061651
"2018-06-13 06:00:00",5767,5938.93155449455,5172.44472488871,6705.41838410039,4766.6911070231,7111.17200196599
"2018-06-13 07:00:00",6127,6867.01929204774,6100.5324624419,7633.50612165358,5694.7788445763,8039.25973951919
"2018-06-13 08:00:00",5664,6610.1051375077,5843.61830790186,7376.59196711354,5437.86469003625,7782.34558497914
"2018-06-13 09:00:00",5157,5374.18913167811,4607.70230207227,6140.67596128395,4201.94868420667,6546.42957914956
"2018-06-13 10:00:00",4579,4747.27131448274,3980.7844848769,5513.75814408858,3575.0308670113,5919.51176195419
"2018-06-13 11:00:00",4687,4820.35172498437,4053.86489537853,5586.83855459021,3648.11127751292,5992.59217245581
"2018-06-13 12:00:00",5110,5009.43040140337,4242.94357179753,5775.9172310092,3837.18995393192,6181.67084887481
"2018-06-13 13:00:00",4998,5013.50738113588,4247.02055153004,5779.99421074172,3841.26693366444,6185.74782860733
"2018-06-13 14:00:00",5227,5433.58270077159,4667.09587116575,6200.06953037743,4261.34225330015,6605.82314824304
"2018-06-13 15:00:00",6188,5831.65639611111,5065.16956650527,6598.14322571695,4659.41594863966,7003.89684358256
"2018-06-13 16:00:00",6781,7018.72850218299,6252.24167257715,7785.21533178883,5846.48805471155,8190.96894965444
"2018-06-13 17:00:00",5644,6455.79905326039,5689.31222365456,7222.28588286623,5283.55860578895,7628.03950073184
"2018-06-13 18:00:00",4617,4659.86808287735,3893.38125327151,5426.35491248319,3487.6276354059,5832.1085303488
"2018-06-13 19:00:00",3560,3389.93562384473,2623.44879423889,4156.42245345056,2217.69517637328,4562.17607131617
"2018-06-13 20:00:00",3277,3031.00170826581,2264.51487865997,3797.48853787165,1858.76126079436,4203.24215573725
"2018-06-13 21:00:00",2777,2601.06636755157,1834.57953794573,3367.55319715741,1428.82592008012,3773.30681502301
"2018-06-13 22:00:00",2123,1723.12963243558,956.642802829737,2489.61646204142,550.889184964131,2895.37007990702
"2018-06-13 23:00:00",1283,1082.19153298863,315.704703382795,1848.67836259447,-90.0489144828105,2254.43198046008
"2018-06-14 00:00:00",724,558.252098633051,-208.234730972788,1324.73892823889,-613.988348838394,1730.4925461045
"2018-06-14 01:00:00",424,348.31135815663,-418.175471449209,1114.79818776247,-823.929089314815,1520.55180562808
"2018-06-14 02:00:00",308,272.369339726358,-494.117489879481,1038.8561693322,-899.871107745087,1444.6097871978
"2018-06-14 03:00:00",368,358.426070901789,-408.06075870405,1124.91290050763,-813.814376569656,1530.66651837323
"2018-06-14 04:00:00",928,906.481578648145,139.994749042305,1672.96840825398,-265.758868823301,2078.72202611959
"2018-06-14 05:00:00",3013,2882.53588934913,2116.04905974329,3649.02271895497,1710.29544187769,4054.77633682058
"2018-06-14 06:00:00",5824,5712.58902881948,4946.10219921364,6479.07585842532,4540.34858134804,6884.82947629093
"2018-06-14 07:00:00",6438,6458.64102231723,5692.15419271139,7225.12785192307,5286.40057484578,7630.88146978867
"2018-06-14 08:00:00",5778,6043.69189455569,5277.20506494985,6810.17872416153,4871.45144708425,7215.93234202714
"2018-06-14 09:00:00",4983,5839.74166971525,5073.25484010941,6606.22849932109,4667.50122224381,7011.9821171867
"2018-06-14 10:00:00",4510,4879.79037145483,4113.30354184899,5646.27720106067,3707.54992398338,6052.03081892627
"2018-06-14 11:00:00",4810,5032.83802292313,4266.35119331729,5799.32485252897,3860.59757545168,6205.07847039457
"2018-06-14 12:00:00",5062,5024.88464676964,4258.3978171638,5791.37147637548,3852.6441992982,6197.12509424109
"2018-06-14 13:00:00",5018,5299.72022626483,4533.23339665899,6066.20705587067,4127.47977879338,6471.96067373628
"2018-06-14 14:00:00",5434,5509.41726481314,4742.9304352073,6275.90409441897,4337.17681734169,6681.65771228458
"2018-06-14 15:00:00",6192,6204.75415099272,5438.26732138688,6971.24098059856,5032.51370352127,7376.99459846416
"2018-06-14 16:00:00",6890,7153.50564935352,6387.01881974768,7919.99247895936,5981.26520188208,8325.74609682497
"2018-06-14 17:00:00",6049,6739.47284503907,5972.98601543323,7505.95967464491,5567.23239756763,7911.71329251052
"2018-06-14 18:00:00",4819,5000.66435718434,4234.1775275785,5767.15118679018,3828.42390971289,6172.90480465578
"2018-06-14 19:00:00",3709,3630.40231443734,2863.91548483151,4396.88914404318,2458.1618669659,4802.64276190879
"2018-06-14 20:00:00",3274,3012.90295590594,2246.4161263001,3779.38978551178,1840.6625084345,4185.14340337739
"2018-06-14 21:00:00",2922,2697.02286120924,1930.5360316034,3463.50969081507,1524.78241373779,3869.26330868068
"2018-06-14 22:00:00",2284,1987.76771350457,1221.28088389873,2754.25454311041,815.527266033123,3160.00816097601
"2018-06-14 23:00:00",1388,1103.02632582715,336.539496221311,1869.51315543299,-69.2141216442953,2275.2667732986
"2018-06-15 00:00:00",830,570.422216078594,-196.064613527245,1336.90904568443,-601.818231392851,1742.66266355004
"2018-06-15 01:00:00",500,325.167510272533,-441.319319333306,1091.65433987837,-847.072937198912,1497.40795774398
"2018-06-15 02:00:00",358,245.173139577516,-521.313690028324,1011.65996918336,-927.06730789393,1417.41358704896
"2018-06-15 03:00:00",384,296.849778361978,-469.637051243861,1063.33660796782,-875.390669109467,1469.09022583342
"2018-06-15 04:00:00",866,787.902686271752,21.4158566659122,1554.38951587759,-384.337761199694,1960.1431337432
"2018-06-15 05:00:00",2843,2664.06525079102,1897.57842118518,3430.55208039686,1491.82480331958,3836.30569826247
"2018-06-15 06:00:00",5432,5370.42389337041,4603.93706376457,6136.91072297625,4198.18344589897,6542.66434084186
"2018-06-15 07:00:00",6361,6530.54001687428,5764.05318726844,7297.02684648012,5358.29956940284,7702.78046434573
"2018-06-15 08:00:00",5671,5840.69103143054,5074.2042018247,6607.17786103638,4668.45058395909,7012.93147890198
"2018-06-15 09:00:00",4977,5174.88671008583,4408.39988047999,5941.37353969167,4002.64626261438,6347.12715755728
"2018-06-15 10:00:00",4801,4801.98007794185,4035.49324833601,5568.46690754769,3629.7396304704,5974.22052541329
"2018-06-15 11:00:00",5025,5183.07491220316,4416.58808259732,5949.561741809,4010.83446473171,6355.3153596746
"2018-06-15 12:00:00",5396,5253.16752179865,4486.68069219281,6019.65435140449,4080.9270743272,6425.40796927009
"2018-06-15 13:00:00",5168,5126.20937697138,4359.72254736554,5892.69620657722,3953.96892949993,6298.44982444282
"2018-06-15 14:00:00",5614,5283.23904668957,4516.75221708373,6049.72587629541,4110.99859921812,6455.47949416101
"2018-06-15 15:00:00",5993,5907.25291379745,5140.76608419161,6673.73974340329,4735.012466326,7079.49336126889
"2018-06-15 16:00:00",6333,6641.23534474973,5874.74851514389,7407.72217435557,5468.99489727828,7813.47579222117
"2018-06-15 17:00:00",5165,5643.20070275907,4876.71387315323,6409.68753236491,4470.96025528762,6815.44115023051
"2018-06-15 18:00:00",4369,4124.1470864496,3357.66025684376,4890.63391605544,2951.90663897816,5296.38753392105
"2018-06-15 19:00:00",3688,2840.06972219902,2073.58289259318,3606.55655180486,1667.82927472757,4012.31016967047
"2018-06-15 20:00:00",3123,2278.97407298233,1512.48724337649,3045.46090258817,1106.73362551088,3451.21452045378
"2018-06-15 21:00:00",3118,2117.85942191184,1351.372592306,2884.34625151768,945.618974440391,3290.09986938328
"2018-06-15 22:00:00",2778,1733.72452378177,967.237694175933,2500.21135338761,561.484076310327,2905.96497125322
"2018-06-15 23:00:00",2666,1104.57159046459,338.084760858747,1871.05842007043,-67.6688570068593,2276.81203793603
"2018-06-16 00:00:00",1386,587.400512818854,-179.086316786986,1353.88734242469,-584.839934652592,1759.6409602903
"2018-06-16 01:00:00",825,404.211163825192,-362.275665780648,1170.69799343103,-768.029283646254,1576.45161129664
"2018-06-16 02:00:00",587,361.004568679822,-405.482260926017,1127.49139828566,-811.235878791623,1533.24501615127
"2018-06-16 03:00:00",391,273.780887721297,-492.705941884543,1040.26771732714,-898.459559750149,1446.02133519274
"2018-06-16 04:00:00",402,265.54033103838,-500.94649856746,1032.02716064422,-906.700116433066,1437.78077850983
"2018-06-16 05:00:00",772,506.283485114355,-260.203344491485,1272.77031472019,-665.956962357091,1678.5239325858
"2018-06-16 06:00:00",1196,953.010614588089,186.52378498225,1719.49744419393,-219.229832883356,2125.25106205953
"2018-06-16 07:00:00",1651,1278.72201820825,512.235188602408,2045.20884781409,106.481570736802,2450.96246567969
"2018-06-16 08:00:00",2329,1457.41811293723,690.931283331388,2223.90494254307,285.177665465782,2629.65856040867
"2018-06-16 09:00:00",3017,1724.09919438026,957.612364774417,2490.5860239861,551.858746908811,2896.3396418517
"2018-06-16 10:00:00",3514,1947.76557309294,1181.2787434871,2714.25240269878,775.525125621495,3120.00602056439
"2018-06-16 11:00:00",3907,2123.41759313662,1356.93076353078,2889.90442274245,951.17714566517,3295.65804060806
"2018-06-16 12:00:00",4494,2118.05555068137,1351.56872107553,2884.54238028721,945.815103209925,3290.29599815282
"2018-06-16 13:00:00",4834,1958.67974552886,1192.19291592302,2725.1665751347,786.439298057414,3130.9201930003
"2018-06-16 14:00:00",4900,1794.2904837577,1027.80365415186,2560.77731336354,622.050036286257,2966.53093122915
"2018-06-16 15:00:00",4363,1853.88805039272,1087.40122078688,2620.37487999856,681.647602921273,3026.12849786416
"2018-06-16 16:00:00",4495,1434.47272869418,667.985899088338,2200.95955830002,262.232281222732,2606.71317616562
"2018-06-16 17:00:00",4053,1452.0447997665,685.55797016066,2218.53162937234,279.804352295054,2624.28524723794
"2018-06-16 18:00:00",3987,1042.60453353308,276.117703927244,1809.09136313892,-129.635913938361,2214.84498100453
"2018-06-16 19:00:00",3223,856.152195927441,89.6653663216018,1622.63902553328,-316.088251544004,2028.39264339889
"2018-06-16 20:00:00",2928,593.688048340723,-172.798781265117,1360.17487794656,-578.552399130723,1765.92849581217
"2018-06-16 21:00:00",2887,683.212344728872,-83.2744848769671,1449.69917433471,-489.028102742573,1855.45279220032
"2018-06-16 22:00:00",2606,570.72533431207,-195.76149529377,1337.21216391791,-601.515113159376,1742.96578178352
"2018-06-16 23:00:00",2047,503.227261282373,-263.259568323466,1269.71409088821,-669.013186189072,1675.46770875382
"2018-06-17 00:00:00",1332,330.718363939224,-435.768465666615,1097.20519354506,-841.522083532221,1502.95881141067
"2018-06-17 01:00:00",866,237.198875735628,-529.287953870211,1003.68570534147,-935.041571735817,1409.43932320707
"2018-06-17 02:00:00",659,176.669025185196,-589.817804420643,943.155854791035,-995.571422286249,1348.90947265664
"2018-06-17 03:00:00",413,130.12903565709,-636.35779394875,896.615865262929,-1042.11141181436,1302.36948312853
"2018-06-17 04:00:00",393,154.579125816769,-611.907703789071,921.065955422608,-1017.66132165468,1326.81957328821
"2018-06-17 05:00:00",552,281.019509637853,-485.467319967986,1047.50633924369,-891.220937833592,1453.2599571093
"2018-06-17 06:00:00",885,470.450396405397,-296.036433200442,1236.93722601124,-701.790051066048,1642.69084387684
"2018-06-17 07:00:00",1185,614.871990934358,-151.614838671482,1381.3588205402,-557.368456537088,1787.1124384058
"2018-06-17 08:00:00",1724,655.284493627657,-111.202335978182,1421.7713232335,-516.955953843788,1827.5249410991
"2018-06-17 09:00:00",2723,965.688100541289,199.20127093545,1732.17493014713,-206.552346930156,2137.92854801273
"2018-06-17 10:00:00",3488,1476.08300351948,709.596173913645,2242.56983312532,303.842556048039,2648.32345099093
"2018-06-17 11:00:00",3790,1776.46939026975,1009.98256066391,2542.95621987559,604.228942798305,2948.7098377412
"2018-06-17 12:00:00",4260,2019.84744444316,1253.36061483732,2786.334274049,847.606996971717,3192.08789191461
"2018-06-17 13:00:00",4365,2188.21734573633,1421.73051613049,2954.70417534217,1015.97689826488,3360.45779320777
"2018-06-17 14:00:00",4192,2389.57926997036,1623.09244036452,3156.0660995762,1217.33882249892,3561.81971744181
"2018-06-17 15:00:00",4234,2154.93338917192,1388.44655956608,2921.42021877776,982.692941700473,3327.17383664336
"2018-06-17 16:00:00",4404,2093.27987166006,1326.79304205422,2859.7667012659,921.039424188614,3265.5203191315
"2018-06-17 17:00:00",4175,1833.61888212373,1067.13205251789,2600.10571172956,661.37843465228,3005.85932959517
"2018-06-17 18:00:00",3843,1643.95058169936,877.463752093523,2410.4374113052,471.710134227917,2816.19102917081
"2018-06-17 19:00:00",3613,1402.27512804926,635.788298443416,2168.7619576551,230.03468057781,2574.5155755207
"2018-06-17 20:00:00",3185,1627.5926754355,861.105845829663,2394.07950504134,455.352227964057,2799.83312290695
"2018-06-17 21:00:00",2568,2794.90337479318,2028.41654518734,3561.39020439902,1622.66292732174,3967.14382226463
"2018-06-17 22:00:00",2045,1189.2073738027,422.720544196856,1955.69420340853,16.9669263312501,2361.44782127414
"2018-06-17 23:00:00",1218,692.504816959589,-73.98201264625,1458.99164656543,-479.735630511856,1864.74526443103
"2018-06-18 00:00:00",627,54.0616901635927,-712.425139442247,820.548519769432,-1118.17875730785,1226.30213763504
"2018-06-18 01:00:00",367,-80.6535572954867,-847.140386901326,685.833272310353,-1252.89400476693,1091.58689017596
"2018-06-18 02:00:00",272,-105.374945549896,-871.861775155735,661.111884055944,-1277.61539302134,1066.86550192155
"2018-06-18 03:00:00",365,4.89765782889668,-761.589171776943,771.384487434736,-1167.34278964255,1177.13810530034
"2018-06-18 04:00:00",802,427.164382413588,-339.322447192251,1193.65121201943,-745.076065057857,1599.40482988503
"2018-06-18 05:00:00",2891,1886.42535498258,1119.93852537674,2652.91218458842,714.184907511134,3058.66580245402
"2018-06-18 06:00:00",5541,4012.68069958024,3246.1938699744,4779.16752918608,2840.44025210879,5184.92114705168
"2018-06-18 07:00:00",6386,4611.93053757588,3845.44370797004,5378.41736718172,3439.69009010444,5784.17098504733
"2018-06-18 08:00:00",5765,4112.17498772145,3345.68815811561,4878.66181732729,2939.93454025001,5284.4154351929
"2018-06-18 09:00:00",4767,3694.41416620795,2927.92733660211,4460.90099581379,2522.1737187365,4866.65461367939
"2018-06-18 10:00:00",4161,3275.64818672068,2509.16135711484,4042.13501632652,2103.40773924923,4447.88863419212
"2018-06-18 11:00:00",4435,3509.87716049328,2743.39033088744,4276.36399009912,2337.63671302184,4682.11760796473
"2018-06-18 12:00:00",4829,3799.10119636061,3032.61436675477,4565.58802596645,2626.86074888916,4971.34164383205
"2018-06-18 13:00:00",4743,3760.32040081042,2993.83357120459,4526.80723041626,2588.07995333898,4932.56084828187
"2018-06-18 14:00:00",4935,4037.53487803407,3271.04804842823,4804.02170763991,2865.29443056263,5209.77532550552
"2018-06-18 15:00:00",5558,4592.74472997595,3826.25790037011,5359.23155958179,3420.5042825045,5764.98517744739
"2018-06-18 16:00:00",6757,5438.950056382,4672.46322677616,6205.43688598784,4266.70960891055,6611.19050385344
"2018-06-18 17:00:00",6306,5218.15095484709,4451.66412524125,5984.63778445293,4045.91050737564,6390.39140231853
"2018-06-18 18:00:00",4352,3712.34752086143,2945.86069125559,4478.83435046727,2540.10707338999,4884.58796833288
"2018-06-18 19:00:00",3248,2630.53984785596,1864.05301825012,3397.0266774618,1458.29940038451,3802.7802953274
"2018-06-18 20:00:00",2762,2207.72802724671,1441.24119764087,2974.21485685255,1035.48757977527,3379.96847471816
"2018-06-18 21:00:00",2460,1751.91214847833,985.425318872489,2518.39897808417,579.671701006883,2924.15259594977
"2018-06-18 22:00:00",1710,1141.09229906653,374.605469460691,1907.57912867237,-31.1481484049148,2313.33274653798
"2018-06-18 23:00:00",1012,630.268564639732,-136.218264966107,1396.75539424557,-541.971882831713,1802.50901211118
"2018-06-19 00:00:00",592,516.175184459365,-250.311645146474,1282.6620140652,-656.06526301208,1688.41563193081
"2018-06-19 01:00:00",373,328.343929541197,-438.142900064642,1094.83075914704,-843.896517930248,1500.58437701264
"2018-06-19 02:00:00",269,263.509035572052,-502.977794033787,1029.99586517789,-908.731411899393,1435.7494830435
"2018-06-19 03:00:00",369,339.670581029428,-426.816248576411,1106.15741063527,-832.569866442017,1511.91102850087
"2018-06-19 04:00:00",893,890.828642698429,124.341813092589,1657.31547230427,-281.411804773017,2063.06909016987
"2018-06-19 05:00:00",3038,2840.98329570826,2074.49646610242,3607.4701253141,1668.74284823681,4013.2237431797
"2018-06-19 06:00:00",5483,5509.13461356792,4742.64778396208,6275.62144317376,4336.89416609648,6681.37506103937
"2018-06-19 07:00:00",5506,6201.2826682012,5434.79583859536,6967.76949780704,5029.04222072975,7373.52311567264
"2018-06-19 08:00:00",4851,5885.42752998078,5118.94070037494,6651.91435958661,4713.18708250933,7057.66797745222
"2018-06-19 09:00:00",4792,5670.56926776174,4904.08243815591,6437.05609736758,4498.3288202903,6842.80971523319
"2018-06-19 10:00:00",4244,4449.70794891431,3683.22111930847,5216.19477852015,3277.46750144287,5621.94839638576
"2018-06-19 11:00:00",4346,4708.84363935581,3942.35680974997,5475.33046896165,3536.60319188436,5881.08408682725
"2018-06-19 12:00:00",4585,4955.97640358205,4189.48957397621,5722.46323318788,3783.7359561106,6128.21685105349
"2018-06-19 13:00:00",4728,4907.10630469795,4140.61947509211,5673.59313430379,3734.8658572265,6079.34675216939
"2018-06-19 14:00:00",5109,5214.23340444757,4447.74657484173,5980.72023405341,4041.99295697612,6386.47385191901
"2018-06-19 15:00:00",5852,5838.35776324342,5071.87093363758,6604.84459284926,4666.11731577197,7010.59821071486
"2018-06-19 16:00:00",6821,6651.4794401952,5884.99261058936,7417.96626980104,5479.23899272375,7823.71988766664
"2018-06-19 17:00:00",6085,6271.59849313787,5505.11166353203,7038.08532274371,5099.35804566643,7443.83894060932
"2018-06-19 18:00:00",4546,4821.71497865919,4055.22814905335,5588.20180826503,3649.47453118775,5993.95542613064
"2018-06-19 19:00:00",3263,3475.82895212656,2709.34212252072,4242.31578173239,2303.58850465511,4648.069399598
"2018-06-19 20:00:00",2804,2871.94046771335,2105.45363810751,3638.42729731919,1699.7000202419,4044.18091518479
"2018-06-19 21:00:00",2454,3413.04957842469,2646.56274881885,4179.53640803053,2240.80913095324,4585.29002589613
"2018-06-19 22:00:00",1796,3289.15633612262,2522.66950651678,4055.64316572846,2116.91588865117,4461.39678359406
"2018-06-19 23:00:00",1190,1292.26079155075,525.773961944911,2058.74762115659,120.020344079305,2464.5012390222
"2018-06-20 00:00:00",663,821.362994358399,54.87616475256,1587.84982396424,-350.877453113046,1993.60344182984
"2018-06-20 01:00:00",406,589.46299312417,-177.023836481669,1355.94982273001,-582.777454347275,1761.70344059562
"2018-06-20 02:00:00",301,426.560835379053,-339.925994226787,1193.04766498489,-745.679612092393,1598.8012828505
"2018-06-20 03:00:00",385,516.656567629013,-249.830261976826,1283.14339723485,-655.583879842432,1688.89701510046
"2018-06-20 04:00:00",935,970.750235377098,204.263405771259,1737.23706498294,-201.490212094347,2142.99068284854
"2018-06-20 05:00:00",3134,2981.84188314507,2215.35505353923,3748.32871275091,1809.60143567362,4154.08233061651
"2018-06-20 06:00:00",5769,5938.93155449454,5172.44472488871,6705.41838410038,4766.6911070231,7111.17200196599
"2018-06-20 07:00:00",6295,6867.01929204774,6100.5324624419,7633.50612165358,5694.7788445763,8039.25973951919
"2018-06-20 08:00:00",5540,6610.1051375077,5843.61830790186,7376.59196711354,5437.86469003625,7782.34558497914
"2018-06-20 09:00:00",4890,5374.18913167811,4607.70230207227,6140.67596128395,4201.94868420667,6546.42957914956
"2018-06-20 10:00:00",4544,4747.27131448274,3980.7844848769,5513.75814408858,3575.0308670113,5919.51176195419
"2018-06-20 11:00:00",4675,4820.35172498437,4053.86489537853,5586.8385545902,3648.11127751292,5992.59217245581
"2018-06-20 12:00:00",4824,5009.43040140336,4242.94357179752,5775.9172310092,3837.18995393192,6181.67084887481
"2018-06-20 13:00:00",4941,5013.50738113588,4247.02055153004,5779.99421074172,3841.26693366444,6185.74782860733
"2018-06-20 14:00:00",5161,5433.58270077159,4667.09587116575,6200.06953037743,4261.34225330015,6605.82314824304
"2018-06-20 15:00:00",5864,5831.65639611111,5065.16956650527,6598.14322571695,4659.41594863966,7003.89684358256
"2018-06-20 16:00:00",6811,7018.72850218299,6252.24167257715,7785.21533178883,5846.48805471155,8190.96894965444
"2018-06-20 17:00:00",6439,6455.79905326039,5689.31222365455,7222.28588286623,5283.55860578895,7628.03950073184
"2018-06-20 18:00:00",4622,4659.86808287735,3893.38125327151,5426.35491248319,3487.6276354059,5832.10853034879
"2018-06-20 19:00:00",3418,3389.93562384473,2623.44879423889,4156.42245345056,2217.69517637328,4562.17607131617
"2018-06-20 20:00:00",3024,3031.00170826581,2264.51487865997,3797.48853787165,1858.76126079436,4203.24215573725
"2018-06-20 21:00:00",2758,2601.06636755157,1834.57953794573,3367.55319715741,1428.82592008012,3773.30681502301
"2018-06-20 22:00:00",1956,1723.12963243558,956.642802829736,2489.61646204142,550.88918496413,2895.37007990702
"2018-06-20 23:00:00",1209,1082.19153298863,315.704703382795,1848.67836259447,-90.0489144828109,2254.43198046008
"2018-06-21 00:00:00",634,558.252098633051,-208.234730972789,1324.73892823889,-613.988348838395,1730.4925461045
"2018-06-21 01:00:00",462,348.31135815663,-418.175471449209,1114.79818776247,-823.929089314815,1520.55180562808
"2018-06-21 02:00:00",348,272.369339726358,-494.117489879482,1038.8561693322,-899.871107745088,1444.6097871978
"2018-06-21 03:00:00",426,358.426070901789,-408.060758704051,1124.91290050763,-813.814376569657,1530.66651837323
"2018-06-21 04:00:00",938,906.481578648144,139.994749042305,1672.96840825398,-265.758868823301,2078.72202611959
"2018-06-21 05:00:00",3112,2882.53588934913,2116.04905974329,3649.02271895497,1710.29544187769,4054.77633682058
"2018-06-21 06:00:00",5778,5712.58902881948,4946.10219921364,6479.07585842532,4540.34858134804,6884.82947629093
"2018-06-21 07:00:00",6557,6458.64102231723,5692.15419271139,7225.12785192307,5286.40057484578,7630.88146978867
"2018-06-21 08:00:00",5490,6043.69189455569,5277.20506494985,6810.17872416153,4871.45144708425,7215.93234202714
"2018-06-21 09:00:00",4982,5839.74166971525,5073.25484010941,6606.22849932109,4667.50122224381,7011.9821171867
"2018-06-21 10:00:00",4951,4879.79037145483,4113.30354184899,5646.27720106067,3707.54992398338,6052.03081892627
"2018-06-21 11:00:00",5167,5032.83802292313,4266.35119331729,5799.32485252897,3860.59757545168,6205.07847039457
"2018-06-21 12:00:00",5083,5024.88464676964,4258.3978171638,5791.37147637548,3852.64419929819,6197.12509424109
"2018-06-21 13:00:00",4942,5299.72022626483,4533.23339665899,6066.20705587067,4127.47977879338,6471.96067373628
"2018-06-21 14:00:00",5025,5509.41726481314,4742.9304352073,6275.90409441897,4337.17681734169,6681.65771228458
"2018-06-21 15:00:00",5768,6204.75415099272,5438.26732138688,6971.24098059856,5032.51370352127,7376.99459846416
"2018-06-21 16:00:00",6511,7153.50564935352,6387.01881974768,7919.99247895936,5981.26520188208,8325.74609682497
"2018-06-21 17:00:00",5997,6739.47284503907,5972.98601543323,7505.95967464491,5567.23239756763,7911.71329251052
"2018-06-21 18:00:00",4592,5000.66435718434,4234.1775275785,5767.15118679018,3828.42390971289,6172.90480465578
"2018-06-21 19:00:00",3823,3630.40231443734,2863.9154848315,4396.88914404318,2458.1618669659,4802.64276190879
"2018-06-21 20:00:00",3385,3012.90295590594,2246.4161263001,3779.38978551178,1840.6625084345,4185.14340337739
"2018-06-21 21:00:00",3446,2697.02286120923,1930.5360316034,3463.50969081507,1524.78241373779,3869.26330868068
"2018-06-21 22:00:00",2583,1987.76771350457,1221.28088389873,2754.25454311041,815.527266033123,3160.00816097601
"2018-06-21 23:00:00",1455,1103.02632582715,336.53949622131,1869.51315543299,-69.2141216442956,2275.2667732986
"2018-06-22 00:00:00",805,570.422216078594,-196.064613527246,1336.90904568443,-601.818231392852,1742.66266355004
"2018-06-22 01:00:00",471,325.167510272533,-441.319319333307,1091.65433987837,-847.072937198913,1497.40795774398
"2018-06-22 02:00:00",364,245.173139577515,-521.313690028324,1011.65996918335,-927.06730789393,1417.41358704896
"2018-06-22 03:00:00",384,296.849778361978,-469.637051243861,1063.33660796782,-875.390669109467,1469.09022583342
"2018-06-22 04:00:00",876,787.902686271751,21.415856665912,1554.38951587759,-384.337761199694,1960.1431337432
"2018-06-22 05:00:00",3056,2664.06525079102,1897.57842118518,3430.55208039686,1491.82480331958,3836.30569826247
"2018-06-22 06:00:00",5460,5370.42389337041,4603.93706376457,6136.91072297625,4198.18344589897,6542.66434084186
"2018-06-22 07:00:00",6222,6530.54001687428,5764.05318726844,7297.02684648012,5358.29956940284,7702.78046434573
"2018-06-22 08:00:00",5604,5840.69103143054,5074.2042018247,6607.17786103638,4668.45058395909,7012.93147890198
"2018-06-22 09:00:00",5053,5174.88671008583,4408.39988047999,5941.37353969167,4002.64626261438,6347.12715755727
"2018-06-22 10:00:00",4765,4801.98007794185,4035.49324833601,5568.46690754769,3629.7396304704,5974.22052541329
"2018-06-22 11:00:00",5128,5183.07491220316,4416.58808259732,5949.561741809,4010.83446473171,6355.3153596746
"2018-06-22 12:00:00",5225,5253.16752179865,4486.68069219281,6019.65435140449,4080.9270743272,6425.40796927009
"2018-06-22 13:00:00",5104,5126.20937697138,4359.72254736554,5892.69620657722,3953.96892949993,6298.44982444282
"2018-06-22 14:00:00",5351,5283.23904668957,4516.75221708373,6049.72587629541,4110.99859921812,6455.47949416101
"2018-06-22 15:00:00",5843,5907.25291379745,5140.76608419161,6673.73974340329,4735.012466326,7079.49336126889
"2018-06-22 16:00:00",6010,6641.23534474973,5874.74851514389,7407.72217435557,5468.99489727828,7813.47579222117
"2018-06-22 17:00:00",5120,5643.20070275907,4876.71387315323,6409.68753236491,4470.96025528762,6815.44115023051
"2018-06-22 18:00:00",4676,4124.1470864496,3357.66025684376,4890.63391605544,2951.90663897816,5296.38753392105
"2018-06-22 19:00:00",3976,2840.06972219902,2073.58289259318,3606.55655180486,1667.82927472757,4012.31016967047
"2018-06-22 20:00:00",3535,2278.97407298233,1512.48724337649,3045.46090258817,1106.73362551088,3451.21452045377
"2018-06-22 21:00:00",3473,2117.85942191184,1351.372592306,2884.34625151768,945.61897444039,3290.09986938328
"2018-06-22 22:00:00",3529,1733.72452378177,967.237694175933,2500.21135338761,561.484076310327,2905.96497125322
"2018-06-22 23:00:00",3654,1104.57159046459,338.084760858746,1871.05842007043,-67.6688570068595,2276.81203793603
"2018-06-23 00:00:00",1540,587.400512818853,-179.086316786986,1353.88734242469,-584.839934652592,1759.6409602903
"2018-06-23 01:00:00",872,404.211163825191,-362.275665780648,1170.69799343103,-768.029283646254,1576.45161129664
"2018-06-23 02:00:00",629,361.004568679822,-405.482260926017,1127.49139828566,-811.235878791623,1533.24501615127
"2018-06-23 03:00:00",407,273.780887721297,-492.705941884543,1040.26771732714,-898.459559750149,1446.02133519274
"2018-06-23 04:00:00",513,265.54033103838,-500.94649856746,1032.02716064422,-906.700116433066,1437.78077850982
"2018-06-23 05:00:00",966,506.283485114354,-260.203344491485,1272.77031472019,-665.956962357091,1678.5239325858
"2018-06-23 06:00:00",1495,953.010614588089,186.523784982249,1719.49744419393,-219.229832883357,2125.25106205953
"2018-06-23 07:00:00",2474,1278.72201820825,512.235188602408,2045.20884781409,106.481570736802,2450.96246567969
"2018-06-23 08:00:00",3353,1457.41811293723,690.931283331388,2223.90494254307,285.177665465782,2629.65856040867
"2018-06-23 09:00:00",4065,1724.09919438026,957.612364774417,2490.5860239861,551.85874690881,2896.3396418517
"2018-06-23 10:00:00",4318,1947.76557309294,1181.2787434871,2714.25240269878,775.525125621495,3120.00602056439
"2018-06-23 11:00:00",4621,2123.41759313662,1356.93076353078,2889.90442274245,951.17714566517,3295.65804060806
"2018-06-23 12:00:00",5018,2118.05555068137,1351.56872107553,2884.54238028721,945.815103209925,3290.29599815282
"2018-06-23 13:00:00",4560,1958.67974552886,1192.19291592302,2725.1665751347,786.439298057414,3130.9201930003
"2018-06-23 14:00:00",4620,1794.2904837577,1027.80365415186,2560.77731336354,622.050036286257,2966.53093122915
"2018-06-23 15:00:00",4417,1853.88805039272,1087.40122078688,2620.37487999856,681.647602921273,3026.12849786416
"2018-06-23 16:00:00",4372,1434.47272869418,667.985899088338,2200.95955830002,262.232281222732,2606.71317616562
"2018-06-23 17:00:00",4510,1452.0447997665,685.55797016066,2218.53162937234,279.804352295054,2624.28524723794
"2018-06-23 18:00:00",3945,1042.60453353308,276.117703927244,1809.09136313892,-129.635913938362,2214.84498100453
"2018-06-23 19:00:00",3660,856.152195927441,89.6653663216017,1622.63902553328,-316.088251544004,2028.39264339889
"2018-06-23 20:00:00",3362,593.688048340723,-172.798781265117,1360.17487794656,-578.552399130723,1765.92849581217
"2018-06-23 21:00:00",3504,683.212344728872,-83.2744848769672,1449.69917433471,-489.028102742573,1855.45279220032
"2018-06-23 22:00:00",3572,570.72533431207,-195.76149529377,1337.21216391791,-601.515113159376,1742.96578178352
"2018-06-23 23:00:00",2484,503.227261282373,-263.259568323466,1269.71409088821,-669.013186189072,1675.46770875382
"2018-06-24 00:00:00",1515,330.718363939224,-435.768465666615,1097.20519354506,-841.522083532221,1502.95881141067
"2018-06-24 01:00:00",1016,237.198875735628,-529.287953870211,1003.68570534147,-935.041571735817,1409.43932320707
"2018-06-24 02:00:00",684,176.669025185196,-589.817804420644,943.155854791035,-995.571422286249,1348.90947265664
"2018-06-24 03:00:00",409,130.12903565709,-636.35779394875,896.615865262929,-1042.11141181436,1302.36948312853
"2018-06-24 04:00:00",373,154.579125816769,-611.907703789071,921.065955422608,-1017.66132165468,1326.81957328821
"2018-06-24 05:00:00",614,281.019509637853,-485.467319967986,1047.50633924369,-891.220937833592,1453.2599571093
"2018-06-24 06:00:00",1091,470.450396405397,-296.036433200442,1236.93722601124,-701.790051066048,1642.69084387684
"2018-06-24 07:00:00",1499,614.871990934358,-151.614838671482,1381.3588205402,-557.368456537088,1787.1124384058
"2018-06-24 08:00:00",2362,655.284493627657,-111.202335978183,1421.7713232335,-516.955953843788,1827.5249410991
"2018-06-24 09:00:00",3560,965.688100541289,199.20127093545,1732.17493014713,-206.552346930156,2137.92854801273
"2018-06-24 10:00:00",4187,1476.08300351948,709.596173913645,2242.56983312532,303.842556048039,2648.32345099093
"2018-06-24 11:00:00",4186,1776.46939026975,1009.98256066391,2542.95621987559,604.228942798305,2948.7098377412
"2018-06-24 12:00:00",4302,2019.84744444316,1253.36061483732,2786.334274049,847.606996971717,3192.08789191461
"2018-06-24 13:00:00",4235,2188.21734573633,1421.73051613049,2954.70417534217,1015.97689826488,3360.45779320777
"2018-06-24 14:00:00",4317,2389.57926997036,1623.09244036452,3156.0660995762,1217.33882249892,3561.81971744181
"2018-06-24 15:00:00",4313,2154.93338917192,1388.44655956608,2921.42021877776,982.692941700474,3327.17383664336
"2018-06-24 16:00:00",4256,2093.27987166006,1326.79304205422,2859.7667012659,921.039424188614,3265.5203191315
"2018-06-24 17:00:00",4118,1833.61888212373,1067.13205251789,2600.10571172956,661.37843465228,3005.85932959517
"2018-06-24 18:00:00",4022,1643.95058169936,877.463752093523,2410.4374113052,471.710134227917,2816.19102917081
"2018-06-24 19:00:00",3438,1402.27512804926,635.788298443416,2168.76195765509,230.03468057781,2574.5155755207
"2018-06-24 20:00:00",3187,1627.5926754355,861.105845829663,2394.07950504134,455.352227964057,2799.83312290695
"2018-06-24 21:00:00",2556,2794.90337479318,2028.41654518734,3561.39020439902,1622.66292732174,3967.14382226463
"2018-06-24 22:00:00",1962,1189.2073738027,422.720544196856,1955.69420340853,16.9669263312501,2361.44782127414
"2018-06-24 23:00:00",1209,692.504816959589,-73.9820126462502,1458.99164656543,-479.735630511856,1864.74526443103
"2018-06-25 00:00:00",652,54.0616901635926,-712.425139442247,820.548519769432,-1118.17875730785,1226.30213763504
"2018-06-25 01:00:00",422,-80.6535572954868,-847.140386901326,685.833272310353,-1252.89400476693,1091.58689017596
"2018-06-25 02:00:00",331,-105.374945549896,-871.861775155735,661.111884055944,-1277.61539302134,1066.86550192155
"2018-06-25 03:00:00",406,4.89765782889662,-761.589171776943,771.384487434736,-1167.34278964255,1177.13810530034
"2018-06-25 04:00:00",902,427.164382413588,-339.322447192251,1193.65121201943,-745.076065057857,1599.40482988503
"2018-06-25 05:00:00",2982,1886.42535498258,1119.93852537674,2652.91218458842,714.184907511134,3058.66580245402
"2018-06-25 06:00:00",5588,4012.68069958024,3246.1938699744,4779.16752918608,2840.44025210879,5184.92114705168
"2018-06-25 07:00:00",6146,4611.93053757588,3845.44370797004,5378.41736718172,3439.69009010444,5784.17098504733
"2018-06-25 08:00:00",5383,4112.17498772145,3345.68815811561,4878.66181732729,2939.93454025001,5284.4154351929
"2018-06-25 09:00:00",4654,3694.41416620795,2927.92733660211,4460.90099581379,2522.1737187365,4866.65461367939
"2018-06-25 10:00:00",4310,3275.64818672068,2509.16135711484,4042.13501632652,2103.40773924923,4447.88863419212
"2018-06-25 11:00:00",4530,3509.87716049328,2743.39033088744,4276.36399009912,2337.63671302184,4682.11760796473
"2018-06-25 12:00:00",4748,3799.10119636061,3032.61436675477,4565.58802596645,2626.86074888916,4971.34164383205
"2018-06-25 13:00:00",4673,3760.32040081042,2993.83357120459,4526.80723041626,2588.07995333898,4932.56084828187
"2018-06-25 14:00:00",4877,4037.53487803407,3271.04804842823,4804.02170763991,2865.29443056263,5209.77532550552
"2018-06-25 15:00:00",5605,4592.74472997595,3826.25790037011,5359.23155958179,3420.5042825045,5764.98517744739
"2018-06-25 16:00:00",6232,5438.950056382,4672.46322677616,6205.43688598784,4266.70960891055,6611.19050385344
"2018-06-25 17:00:00",5772,5218.15095484709,4451.66412524125,5984.63778445293,4045.91050737564,6390.39140231853
"2018-06-25 18:00:00",4086,3712.34752086143,2945.86069125559,4478.83435046727,2540.10707338999,4884.58796833288
"2018-06-25 19:00:00",3288,2630.53984785596,1864.05301825012,3397.0266774618,1458.29940038451,3802.7802953274
"2018-06-25 20:00:00",2944,2207.72802724671,1441.24119764087,2974.21485685255,1035.48757977527,3379.96847471816
"2018-06-25 21:00:00",2559,1751.91214847833,985.425318872489,2518.39897808417,579.671701006883,2924.15259594977
"2018-06-25 22:00:00",1974,1141.09229906653,374.605469460691,1907.57912867237,-31.1481484049148,2313.33274653798
"2018-06-25 23:00:00",1136,630.268564639732,-136.218264966107,1396.75539424557,-541.971882831713,1802.50901211118
"2018-06-26 00:00:00",624,516.175184459365,-250.311645146474,1282.6620140652,-656.06526301208,1688.41563193081
"2018-06-26 01:00:00",417,328.343929541197,-438.142900064642,1094.83075914704,-843.896517930248,1500.58437701264
"2018-06-26 02:00:00",297,263.509035572052,-502.977794033787,1029.99586517789,-908.731411899393,1435.7494830435
"2018-06-26 03:00:00",353,339.670581029428,-426.816248576411,1106.15741063527,-832.569866442017,1511.91102850087
"2018-06-26 04:00:00",887,890.828642698429,124.341813092589,1657.31547230427,-281.411804773017,2063.06909016987
"2018-06-26 05:00:00",2973,2840.98329570826,2074.49646610242,3607.4701253141,1668.74284823681,4013.2237431797
"2018-06-26 06:00:00",5381,5509.13461356792,4742.64778396208,6275.62144317376,4336.89416609648,6681.37506103937
"2018-06-26 07:00:00",6350,6201.2826682012,5434.79583859536,6967.76949780704,5029.04222072975,7373.52311567264
"2018-06-26 08:00:00",5756,5885.42752998078,5118.94070037494,6651.91435958661,4713.18708250933,7057.66797745222
"2018-06-26 09:00:00",4872,5670.56926776174,4904.08243815591,6437.05609736758,4498.3288202903,6842.80971523319
"2018-06-26 10:00:00",4452,4449.70794891431,3683.22111930847,5216.19477852015,3277.46750144287,5621.94839638576
"2018-06-26 11:00:00",4713,4708.84363935581,3942.35680974997,5475.33046896165,3536.60319188436,5881.08408682725
"2018-06-26 12:00:00",5083,4955.97640358205,4189.48957397621,5722.46323318788,3783.7359561106,6128.21685105349
"2018-06-26 13:00:00",4849,4907.10630469795,4140.61947509211,5673.59313430379,3734.8658572265,6079.34675216939
"2018-06-26 14:00:00",4905,5214.23340444757,4447.74657484173,5980.72023405341,4041.99295697612,6386.47385191901
"2018-06-26 15:00:00",5875,5838.35776324342,5071.87093363758,6604.84459284926,4666.11731577197,7010.59821071486
"2018-06-26 16:00:00",6765,6651.4794401952,5884.99261058936,7417.96626980104,5479.23899272375,7823.71988766664
"2018-06-26 17:00:00",6054,6271.59849313787,5505.11166353203,7038.08532274371,5099.35804566643,7443.83894060932
"2018-06-26 18:00:00",4473,4821.71497865919,4055.22814905335,5588.20180826503,3649.47453118775,5993.95542613064
"2018-06-26 19:00:00",3316,3475.82895212656,2709.34212252072,4242.31578173239,2303.58850465511,4648.069399598
"2018-06-26 20:00:00",2910,2871.94046771335,2105.45363810751,3638.42729731919,1699.7000202419,4044.18091518479
"2018-06-26 21:00:00",2674,3413.04957842469,2646.56274881885,4179.53640803053,2240.80913095324,4585.29002589613
"2018-06-26 22:00:00",2083,3289.15633612262,2522.66950651678,4055.64316572846,2116.91588865117,4461.39678359406
"2018-06-26 23:00:00",1161,1292.26079155075,525.773961944911,2058.74762115659,120.020344079305,2464.5012390222
"2018-06-27 00:00:00",678,821.362994358399,54.87616475256,1587.84982396424,-350.877453113046,1993.60344182984
"2018-06-27 01:00:00",411,589.46299312417,-177.023836481669,1355.94982273001,-582.777454347275,1761.70344059562
"2018-06-27 02:00:00",313,426.560835379053,-339.925994226787,1193.04766498489,-745.679612092393,1598.8012828505
"2018-06-27 03:00:00",414,516.656567629013,-249.830261976826,1283.14339723485,-655.583879842432,1688.89701510046
"2018-06-27 04:00:00",898,970.750235377098,204.263405771259,1737.23706498294,-201.490212094347,2142.99068284854
"2018-06-27 05:00:00",3151,2981.84188314507,2215.35505353923,3748.32871275091,1809.60143567362,4154.08233061651
"2018-06-27 06:00:00",5883,5938.93155449454,5172.44472488871,6705.41838410038,4766.6911070231,7111.17200196599
"2018-06-27 07:00:00",6414,6867.01929204774,6100.5324624419,7633.50612165358,5694.7788445763,8039.25973951919
"2018-06-27 08:00:00",5717,6610.1051375077,5843.61830790186,7376.59196711354,5437.86469003625,7782.34558497914
"2018-06-27 09:00:00",5134,5374.18913167811,4607.70230207227,6140.67596128395,4201.94868420667,6546.42957914956
"2018-06-27 10:00:00",4614,4747.27131448274,3980.7844848769,5513.75814408858,3575.0308670113,5919.51176195419
"2018-06-27 11:00:00",4964,4820.35172498437,4053.86489537853,5586.8385545902,3648.11127751292,5992.59217245581
"2018-06-27 12:00:00",5102,5009.43040140336,4242.94357179752,5775.9172310092,3837.18995393192,6181.67084887481
"2018-06-27 13:00:00",4901,5013.50738113588,4247.02055153004,5779.99421074172,3841.26693366444,6185.74782860733
"2018-06-27 14:00:00",5036,5433.58270077159,4667.09587116575,6200.06953037743,4261.34225330014,6605.82314824304
"2018-06-27 15:00:00",5867,5831.65639611111,5065.16956650527,6598.14322571695,4659.41594863966,7003.89684358256
"2018-06-27 16:00:00",6666,7018.72850218299,6252.24167257715,7785.21533178883,5846.48805471155,8190.96894965444
"2018-06-27 17:00:00",6095,6455.79905326039,5689.31222365455,7222.28588286623,5283.55860578895,7628.03950073184
"2018-06-27 18:00:00",4563,4659.86808287735,3893.38125327151,5426.35491248319,3487.6276354059,5832.10853034879
"2018-06-27 19:00:00",3497,3389.93562384473,2623.44879423889,4156.42245345056,2217.69517637328,4562.17607131617
"2018-06-27 20:00:00",3126,3031.00170826581,2264.51487865997,3797.48853787165,1858.76126079436,4203.24215573725
"2018-06-27 21:00:00",3116,2601.06636755157,1834.57953794573,3367.55319715741,1428.82592008012,3773.30681502301
"2018-06-27 22:00:00",2292,1723.12963243558,956.642802829736,2489.61646204142,550.88918496413,2895.37007990702
"2018-06-27 23:00:00",1339,1082.19153298863,315.704703382795,1848.67836259447,-90.0489144828109,2254.43198046008
"2018-06-28 00:00:00",778,558.252098633051,-208.234730972789,1324.73892823889,-613.988348838395,1730.4925461045
"2018-06-28 01:00:00",457,348.31135815663,-418.175471449209,1114.79818776247,-823.929089314815,1520.55180562808
"2018-06-28 02:00:00",309,272.369339726358,-494.117489879482,1038.8561693322,-899.871107745088,1444.6097871978
"2018-06-28 03:00:00",365,358.426070901789,-408.060758704051,1124.91290050763,-813.814376569657,1530.66651837323
"2018-06-28 04:00:00",921,906.481578648144,139.994749042305,1672.96840825398,-265.758868823301,2078.72202611959
"2018-06-28 05:00:00",3121,2882.53588934913,2116.04905974329,3649.02271895497,1710.29544187769,4054.77633682058
"2018-06-28 06:00:00",5691,5712.58902881948,4946.10219921364,6479.07585842532,4540.34858134804,6884.82947629093
"2018-06-28 07:00:00",6264,6458.64102231723,5692.15419271139,7225.12785192307,5286.40057484578,7630.88146978867
"2018-06-28 08:00:00",5683,6043.69189455569,5277.20506494985,6810.17872416153,4871.45144708425,7215.93234202714
"2018-06-28 09:00:00",4983,5839.74166971525,5073.25484010941,6606.22849932109,4667.50122224381,7011.9821171867
"2018-06-28 10:00:00",4678,4879.79037145483,4113.30354184899,5646.27720106067,3707.54992398338,6052.03081892627
"2018-06-28 11:00:00",4866,5032.83802292313,4266.35119331729,5799.32485252897,3860.59757545168,6205.07847039457
"2018-06-28 12:00:00",5109,5024.88464676964,4258.3978171638,5791.37147637548,3852.64419929819,6197.12509424109
"2018-06-28 13:00:00",5011,5299.72022626483,4533.23339665899,6066.20705587067,4127.47977879339,6471.96067373628
"2018-06-28 14:00:00",5300,5509.41726481314,4742.9304352073,6275.90409441897,4337.17681734169,6681.65771228458
"2018-06-28 15:00:00",5945,6204.75415099272,5438.26732138688,6971.24098059856,5032.51370352127,7376.99459846416
"2018-06-28 16:00:00",6568,7153.50564935352,6387.01881974768,7919.99247895936,5981.26520188208,8325.74609682497
"2018-06-28 17:00:00",5930,6739.47284503907,5972.98601543323,7505.95967464491,5567.23239756763,7911.71329251052
"2018-06-28 18:00:00",4668,5000.66435718434,4234.1775275785,5767.15118679018,3828.42390971289,6172.90480465578
"2018-06-28 19:00:00",3794,3630.40231443734,2863.9154848315,4396.88914404318,2458.1618669659,4802.64276190879
"2018-06-28 20:00:00",3127,3012.90295590594,2246.4161263001,3779.38978551178,1840.6625084345,4185.14340337739
"2018-06-28 21:00:00",2908,2697.02286120923,1930.5360316034,3463.50969081507,1524.78241373779,3869.26330868068
"2018-06-28 22:00:00",2190,1987.76771350457,1221.28088389873,2754.25454311041,815.527266033123,3160.00816097601
"2018-06-28 23:00:00",1475,1103.02632582715,336.53949622131,1869.51315543299,-69.2141216442956,2275.2667732986
"2018-06-29 00:00:00",841,570.422216078594,-196.064613527246,1336.90904568443,-601.818231392852,1742.66266355004
"2018-06-29 01:00:00",510,325.167510272533,-441.319319333307,1091.65433987837,-847.072937198913,1497.40795774398
"2018-06-29 02:00:00",385,245.173139577515,-521.313690028324,1011.65996918335,-927.06730789393,1417.41358704896
"2018-06-29 03:00:00",453,296.849778361978,-469.637051243861,1063.33660796782,-875.390669109467,1469.09022583342
"2018-06-29 04:00:00",984,787.902686271751,21.415856665912,1554.38951587759,-384.337761199694,1960.1431337432
"2018-06-29 05:00:00",2909,2664.06525079102,1897.57842118518,3430.55208039686,1491.82480331958,3836.30569826247
"2018-06-29 06:00:00",5427,5370.42389337041,4603.93706376457,6136.91072297625,4198.18344589897,6542.66434084186
"2018-06-29 07:00:00",6051,6530.54001687428,5764.05318726844,7297.02684648012,5358.29956940284,7702.78046434573
"2018-06-29 08:00:00",5204,5840.69103143054,5074.2042018247,6607.17786103638,4668.45058395909,7012.93147890198
"2018-06-29 09:00:00",4842,5174.88671008583,4408.39988047999,5941.37353969167,4002.64626261438,6347.12715755728
"2018-06-29 10:00:00",4626,4801.98007794185,4035.49324833601,5568.46690754769,3629.7396304704,5974.22052541329
"2018-06-29 11:00:00",5114,5183.07491220316,4416.58808259732,5949.561741809,4010.83446473171,6355.3153596746
"2018-06-29 12:00:00",5222,5253.16752179865,4486.68069219281,6019.65435140449,4080.9270743272,6425.40796927009
"2018-06-29 13:00:00",5236,5126.20937697138,4359.72254736554,5892.69620657722,3953.96892949993,6298.44982444282
"2018-06-29 14:00:00",5319,5283.23904668957,4516.75221708373,6049.72587629541,4110.99859921812,6455.47949416101
"2018-06-29 15:00:00",5903,5907.25291379745,5140.76608419161,6673.73974340329,4735.012466326,7079.49336126889
"2018-06-29 16:00:00",5902,6641.23534474973,5874.74851514389,7407.72217435557,5468.99489727828,7813.47579222117
"2018-06-29 17:00:00",5314,5643.20070275907,4876.71387315323,6409.68753236491,4470.96025528762,6815.44115023051
"2018-06-29 18:00:00",4798,4124.1470864496,3357.66025684376,4890.63391605544,2951.90663897816,5296.38753392105
"2018-06-29 19:00:00",3705,2840.06972219902,2073.58289259318,3606.55655180486,1667.82927472757,4012.31016967047
"2018-06-29 20:00:00",3340,2278.97407298233,1512.48724337649,3045.46090258817,1106.73362551088,3451.21452045378
"2018-06-29 21:00:00",3247,2117.85942191184,1351.372592306,2884.34625151768,945.618974440391,3290.09986938328
"2018-06-29 22:00:00",2781,1733.72452378177,967.237694175933,2500.21135338761,561.484076310327,2905.96497125322
"2018-06-29 23:00:00",2465,1104.57159046459,338.084760858746,1871.05842007043,-67.6688570068595,2276.81203793603
"2018-06-30 00:00:00",1423,587.400512818853,-179.086316786986,1353.88734242469,-584.839934652592,1759.6409602903
"2018-06-30 01:00:00",869,404.211163825191,-362.275665780648,1170.69799343103,-768.029283646254,1576.45161129664
"2018-06-30 02:00:00",617,361.004568679822,-405.482260926017,1127.49139828566,-811.235878791623,1533.24501615127
"2018-06-30 03:00:00",429,273.780887721297,-492.705941884543,1040.26771732714,-898.459559750149,1446.02133519274
"2018-06-30 04:00:00",429,265.54033103838,-500.94649856746,1032.02716064422,-906.700116433066,1437.78077850982
"2018-06-30 05:00:00",822,506.283485114354,-260.203344491485,1272.77031472019,-665.956962357091,1678.5239325858
"2018-06-30 06:00:00",1489,953.010614588089,186.523784982249,1719.49744419393,-219.229832883356,2125.25106205953
"2018-06-30 07:00:00",2048,1278.72201820825,512.235188602408,2045.20884781409,106.481570736802,2450.96246567969
"2018-06-30 08:00:00",2840,1457.41811293723,690.931283331388,2223.90494254307,285.177665465782,2629.65856040867
"2018-06-30 09:00:00",3627,1724.09919438026,957.612364774416,2490.58602398609,551.85874690881,2896.3396418517
"2018-06-30 10:00:00",3922,1947.76557309294,1181.2787434871,2714.25240269878,775.525125621495,3120.00602056439
"2018-06-30 11:00:00",4253,2123.41759313662,1356.93076353078,2889.90442274245,951.17714566517,3295.65804060806
"2018-06-30 12:00:00",4776,2118.05555068137,1351.56872107553,2884.54238028721,945.815103209925,3290.29599815282
"2018-06-30 13:00:00",4675,1958.67974552886,1192.19291592302,2725.1665751347,786.439298057414,3130.9201930003
"2018-06-30 14:00:00",4533,1794.2904837577,1027.80365415186,2560.77731336354,622.050036286257,2966.53093122915
"2018-06-30 15:00:00",4425,1853.88805039272,1087.40122078688,2620.37487999856,681.647602921273,3026.12849786416
"2018-06-30 16:00:00",4707,1434.47272869418,667.985899088338,2200.95955830002,262.232281222732,2606.71317616562
"2018-06-30 17:00:00",4469,1452.0447997665,685.55797016066,2218.53162937234,279.804352295054,2624.28524723794
"2018-06-30 18:00:00",3871,1042.60453353308,276.117703927244,1809.09136313892,-129.635913938362,2214.84498100453
"2018-06-30 19:00:00",3247,856.152195927441,89.6653663216017,1622.63902553328,-316.088251544004,2028.39264339889
"2018-06-30 20:00:00",2936,593.688048340723,-172.798781265117,1360.17487794656,-578.552399130723,1765.92849581217
"2018-06-30 21:00:00",2700,683.212344728872,-83.2744848769672,1449.69917433471,-489.028102742573,1855.45279220032
"2018-06-30 22:00:00",2760,570.72533431207,-195.76149529377,1337.21216391791,-601.515113159376,1742.96578178352
"2018-06-30 23:00:00",2017,503.227261282373,-263.259568323466,1269.71409088821,-669.013186189072,1675.46770875382
"2018-07-01 00:00:00",1314,330.718363939224,-435.768465666615,1097.20519354506,-841.522083532221,1502.95881141067
"2018-07-01 01:00:00",848,237.198875735628,-529.287953870211,1003.68570534147,-935.041571735817,1409.43932320707
"2018-07-01 02:00:00",703,176.669025185196,-589.817804420644,943.155854791035,-995.57142228625,1348.90947265664
"2018-07-01 03:00:00",419,130.12903565709,-636.35779394875,896.615865262929,-1042.11141181436,1302.36948312853
"2018-07-01 04:00:00",372,154.579125816769,-611.907703789071,921.065955422608,-1017.66132165468,1326.81957328821
"2018-07-01 05:00:00",529,281.019509637853,-485.467319967986,1047.50633924369,-891.220937833592,1453.2599571093
"2018-07-01 06:00:00",979,470.450396405397,-296.036433200442,1236.93722601124,-701.790051066048,1642.69084387684
"2018-07-01 07:00:00",1237,614.871990934358,-151.614838671482,1381.3588205402,-557.368456537088,1787.1124384058
"2018-07-01 08:00:00",1682,655.284493627657,-111.202335978183,1421.7713232335,-516.955953843789,1827.5249410991
"2018-07-01 09:00:00",2495,965.688100541289,199.20127093545,1732.17493014713,-206.552346930156,2137.92854801273
"2018-07-01 10:00:00",2924,1476.08300351948,709.596173913645,2242.56983312532,303.842556048039,2648.32345099093
"2018-07-01 11:00:00",3323,1776.46939026975,1009.98256066391,2542.95621987559,604.228942798305,2948.7098377412
"2018-07-01 12:00:00",3696,2019.84744444316,1253.36061483732,2786.334274049,847.606996971717,3192.08789191461
"2018-07-01 13:00:00",4084,2188.21734573633,1421.73051613049,2954.70417534217,1015.97689826488,3360.45779320777
"2018-07-01 14:00:00",4187,2389.57926997036,1623.09244036452,3156.0660995762,1217.33882249892,3561.81971744181
"2018-07-01 15:00:00",4365,2154.93338917192,1388.44655956608,2921.42021877776,982.692941700474,3327.17383664336
"2018-07-01 16:00:00",4380,2093.27987166006,1326.79304205422,2859.7667012659,921.039424188614,3265.5203191315
"2018-07-01 17:00:00",4049,1833.61888212373,1067.13205251789,2600.10571172956,661.37843465228,3005.85932959517
"2018-07-01 18:00:00",3680,1643.95058169936,877.463752093523,2410.4374113052,471.710134227917,2816.19102917081
"2018-07-01 19:00:00",3404,1402.27512804926,635.788298443416,2168.7619576551,230.03468057781,2574.5155755207
"2018-07-01 20:00:00",3018,1627.5926754355,861.105845829663,2394.07950504134,455.352227964057,2799.83312290695
"2018-07-01 21:00:00",2640,2794.90337479318,2028.41654518734,3561.39020439902,1622.66292732174,3967.14382226463
"2018-07-01 22:00:00",2152,1189.2073738027,422.720544196856,1955.69420340853,16.9669263312501,2361.44782127414
"2018-07-01 23:00:00",3078,692.504816959589,-73.9820126462502,1458.99164656543,-479.735630511856,1864.74526443103
"2018-07-02 00:00:00",1043,54.0616901635926,-712.425139442247,820.548519769432,-1118.17875730785,1226.30213763504
"2018-07-02 01:00:00",523,-80.6535572954868,-847.140386901326,685.833272310353,-1252.89400476693,1091.58689017596
"2018-07-02 02:00:00",425,-105.374945549896,-871.861775155735,661.111884055944,-1277.61539302134,1066.86550192155
"2018-07-02 03:00:00",398,4.89765782889662,-761.589171776943,771.384487434736,-1167.34278964255,1177.13810530034
"2018-07-02 04:00:00",896,427.164382413588,-339.322447192251,1193.65121201943,-745.076065057857,1599.40482988503
"2018-07-02 05:00:00",2931,1886.42535498258,1119.93852537674,2652.91218458842,714.184907511134,3058.66580245402
"2018-07-02 06:00:00",5305,4012.68069958024,3246.1938699744,4779.16752918608,2840.44025210879,5184.92114705168
"2018-07-02 07:00:00",5936,4611.93053757588,3845.44370797004,5378.41736718172,3439.69009010444,5784.17098504733
"2018-07-02 08:00:00",4859,4112.17498772145,3345.68815811561,4878.66181732729,2939.93454025001,5284.4154351929
"2018-07-02 09:00:00",4473,3694.41416620795,2927.92733660211,4460.90099581379,2522.1737187365,4866.65461367939
"2018-07-02 10:00:00",4172,3275.64818672068,2509.16135711484,4042.13501632652,2103.40773924923,4447.88863419212
"2018-07-02 11:00:00",4498,3509.87716049328,2743.39033088744,4276.36399009912,2337.63671302184,4682.11760796473
"2018-07-02 12:00:00",4617,3799.10119636061,3032.61436675477,4565.58802596645,2626.86074888916,4971.34164383205
"2018-07-02 13:00:00",4667,3760.32040081042,2993.83357120459,4526.80723041626,2588.07995333898,4932.56084828187
"2018-07-02 14:00:00",4728,4037.53487803407,3271.04804842823,4804.02170763991,2865.29443056263,5209.77532550552
"2018-07-02 15:00:00",5115,4592.74472997595,3826.25790037011,5359.23155958179,3420.5042825045,5764.98517744739
"2018-07-02 16:00:00",5853,5438.950056382,4672.46322677616,6205.43688598784,4266.70960891055,6611.19050385344
"2018-07-02 17:00:00",5241,5218.15095484709,4451.66412524125,5984.63778445293,4045.91050737564,6390.39140231853
"2018-07-02 18:00:00",3922,3712.34752086143,2945.86069125559,4478.83435046727,2540.10707338999,4884.58796833288
"2018-07-02 19:00:00",3183,2630.53984785596,1864.05301825012,3397.0266774618,1458.29940038451,3802.7802953274
"2018-07-02 20:00:00",2792,2207.72802724671,1441.24119764087,2974.21485685255,1035.48757977527,3379.96847471816
"2018-07-02 21:00:00",2552,1751.91214847833,985.425318872489,2518.39897808417,579.671701006883,2924.15259594977
"2018-07-02 22:00:00",2118,1141.09229906653,374.605469460691,1907.57912867237,-31.1481484049148,2313.33274653798
"2018-07-02 23:00:00",1461,630.268564639732,-136.218264966107,1396.75539424557,-541.971882831713,1802.50901211118
"2018-07-03 00:00:00",722,516.175184459365,-250.311645146474,1282.6620140652,-656.06526301208,1688.41563193081
"2018-07-03 01:00:00",455,328.343929541197,-438.142900064642,1094.83075914704,-843.896517930248,1500.58437701264
"2018-07-03 02:00:00",340,263.509035572052,-502.977794033787,1029.99586517789,-908.731411899393,1435.7494830435
"2018-07-03 03:00:00",391,339.670581029428,-426.816248576411,1106.15741063527,-832.569866442017,1511.91102850087
"2018-07-03 04:00:00",863,890.828642698429,124.341813092589,1657.31547230427,-281.411804773017,2063.06909016987
"2018-07-03 05:00:00",2836,2840.98329570826,2074.49646610242,3607.4701253141,1668.74284823681,4013.2237431797
"2018-07-03 06:00:00",5264,5509.13461356792,4742.64778396208,6275.62144317376,4336.89416609648,6681.37506103937
"2018-07-03 07:00:00",5737,6201.2826682012,5434.79583859536,6967.76949780704,5029.04222072975,7373.52311567264
"2018-07-03 08:00:00",5017,5885.42752998078,5118.94070037494,6651.91435958661,4713.18708250933,7057.66797745222
"2018-07-03 09:00:00",4373,5670.56926776174,4904.08243815591,6437.05609736758,4498.3288202903,6842.80971523319
"2018-07-03 10:00:00",4099,4449.70794891431,3683.22111930847,5216.19477852015,3277.46750144287,5621.94839638576
"2018-07-03 11:00:00",4415,4708.84363935581,3942.35680974997,5475.33046896165,3536.60319188436,5881.08408682725
"2018-07-03 12:00:00",4775,4955.97640358205,4189.48957397621,5722.46323318788,3783.7359561106,6128.21685105349
"2018-07-03 13:00:00",4799,4907.10630469795,4140.61947509211,5673.59313430379,3734.8658572265,6079.34675216939
"2018-07-03 14:00:00",4968,5214.23340444757,4447.74657484173,5980.72023405341,4041.99295697612,6386.47385191901
"2018-07-03 15:00:00",5526,5838.35776324342,5071.87093363758,6604.84459284926,4666.11731577197,7010.59821071486
"2018-07-03 16:00:00",6135,6651.4794401952,5884.99261058936,7417.96626980104,5479.23899272375,7823.71988766664
"2018-07-03 17:00:00",5092,6271.59849313787,5505.11166353203,7038.08532274371,5099.35804566643,7443.83894060932
"2018-07-03 18:00:00",4313,4821.71497865919,4055.22814905335,5588.20180826503,3649.47453118775,5993.95542613064
"2018-07-03 19:00:00",3308,3475.82895212656,2709.34212252072,4242.31578173239,2303.58850465511,4648.069399598
"2018-07-03 20:00:00",3055,2871.94046771335,2105.45363810751,3638.42729731919,1699.7000202419,4044.18091518479
"2018-07-03 21:00:00",2700,3413.04957842469,2646.56274881885,4179.53640803053,2240.80913095324,4585.29002589613
"2018-07-03 22:00:00",2176,3289.15633612262,2522.66950651678,4055.64316572846,2116.91588865117,4461.39678359406
"2018-07-03 23:00:00",1741,1292.26079155075,525.773961944911,2058.74762115659,120.020344079305,2464.5012390222
"2018-07-04 00:00:00",1021,481.628838878774,-284.857990727065,1248.11566848461,-690.611608592671,1653.86928635022
"2018-07-04 01:00:00",605,249.728837644545,-516.757991961294,1016.21566725038,-922.5116098269,1421.96928511599
"2018-07-04 02:00:00",573,86.8266798994277,-679.660149706412,853.313509505267,-1085.41376757202,1259.06712737087
"2018-07-04 03:00:00",353,176.922412149388,-589.564417456451,943.409241755227,-995.318035322057,1349.16285962083
"2018-07-04 04:00:00",354,631.016079897473,-135.470749708366,1397.50290950331,-541.224367573972,1803.25652736892
"2018-07-04 05:00:00",698,2642.10772766544,1875.6208980596,3408.59455727128,1469.867280194,3814.34817513689
"2018-07-04 06:00:00",1141,5599.19739901492,4832.71056940908,6365.68422862076,4426.95695154347,6771.43784648636
"2018-07-04 07:00:00",1128,6527.28513656812,5760.79830696228,7293.77196617396,5355.04468909667,7699.52558403956
"2018-07-04 08:00:00",1275,6270.37098202807,5503.88415242223,7036.85781163391,5098.13053455663,7442.61142949952
"2018-07-04 09:00:00",1687,5034.45497619849,4267.96814659265,5800.94180580433,3862.21452872704,6206.69542366993
"2018-07-04 10:00:00",1920,4407.53715900312,3641.05032939728,5174.02398860896,3235.29671153167,5579.77760647456
"2018-07-04 11:00:00",2603,4480.61756950474,3714.1307398989,5247.10439911058,3308.37712203329,5652.85801697619
"2018-07-04 12:00:00",2761,4669.69624592374,3903.2094163179,5436.18307552958,3497.45579845229,5841.93669339518
"2018-07-04 13:00:00",2929,4673.77322565626,3907.28639605042,5440.2600552621,3501.53277818481,5846.0136731277
"2018-07-04 14:00:00",3318,5093.84854529197,4327.36171568613,5860.33537489781,3921.60809782052,6266.08899276341
"2018-07-04 15:00:00",3070,5491.92224063148,4725.43541102565,6258.40907023732,4319.68179316004,6664.16268810293
"2018-07-04 16:00:00",3224,6678.99434670337,5912.50751709753,7445.48117630921,5506.75389923192,7851.23479417481
"2018-07-04 17:00:00",3045,6116.06489778077,5349.57806817493,6882.55172738661,4943.82445030932,7288.30534525221
"2018-07-04 18:00:00",2664,4320.13392739772,3553.64709779188,5086.62075700356,3147.89347992628,5492.37437486917
"2018-07-04 19:00:00",2596,3050.2014683651,2283.71463875926,3816.68829797094,1877.96102089365,4222.44191583655
"2018-07-04 20:00:00",2503,2691.26755278618,1924.78072318034,3457.75438239202,1519.02710531474,3863.50800025763
"2018-07-04 21:00:00",2582,2261.33221207194,1494.8453824661,3027.81904167778,1089.0917646005,3433.57265954339
"2018-07-04 22:00:00",2030,1383.39547695595,616.908647350111,2149.88230656179,211.155029484505,2555.6359244274
"2018-07-04 23:00:00",1936,742.457377509009,-24.02945209683,1508.94420711485,-429.783069962436,1914.69782498045
"2018-07-05 00:00:00",971,558.252098633051,-208.234730972789,1324.73892823889,-613.988348838395,1730.4925461045
"2018-07-05 01:00:00",476,348.31135815663,-418.175471449209,1114.79818776247,-823.929089314815,1520.55180562808
"2018-07-05 02:00:00",317,272.369339726358,-494.117489879482,1038.8561693322,-899.871107745088,1444.6097871978
"2018-07-05 03:00:00",338,358.426070901789,-408.060758704051,1124.91290050763,-813.814376569657,1530.66651837323
"2018-07-05 04:00:00",754,906.481578648144,139.994749042305,1672.96840825398,-265.758868823301,2078.72202611959
"2018-07-05 05:00:00",2412,2882.53588934913,2116.04905974329,3649.02271895497,1710.29544187769,4054.77633682058
"2018-07-05 06:00:00",4500,5712.58902881948,4946.10219921364,6479.07585842532,4540.34858134804,6884.82947629093
"2018-07-05 07:00:00",4966,6458.64102231723,5692.15419271139,7225.12785192307,5286.40057484578,7630.88146978867
"2018-07-05 08:00:00",4440,6043.69189455569,5277.20506494985,6810.17872416153,4871.45144708425,7215.93234202714
"2018-07-05 09:00:00",4205,5839.74166971525,5073.25484010941,6606.22849932109,4667.50122224381,7011.9821171867
"2018-07-05 10:00:00",4154,4879.79037145483,4113.30354184899,5646.27720106067,3707.54992398338,6052.03081892627
"2018-07-05 11:00:00",4201,5032.83802292313,4266.35119331729,5799.32485252897,3860.59757545168,6205.07847039457
"2018-07-05 12:00:00",4416,5024.88464676964,4258.3978171638,5791.37147637548,3852.64419929819,6197.12509424109
"2018-07-05 13:00:00",4491,5299.72022626483,4533.23339665899,6066.20705587067,4127.47977879339,6471.96067373628
"2018-07-05 14:00:00",4708,5509.41726481314,4742.9304352073,6275.90409441897,4337.17681734169,6681.65771228458
"2018-07-05 15:00:00",5066,6204.75415099272,5438.26732138688,6971.24098059856,5032.51370352127,7376.99459846416
"2018-07-05 16:00:00",5908,7153.50564935352,6387.01881974768,7919.99247895936,5981.26520188208,8325.74609682497
"2018-07-05 17:00:00",5223,6739.47284503907,5972.98601543323,7505.95967464491,5567.23239756763,7911.71329251052
"2018-07-05 18:00:00",4115,5000.66435718434,4234.1775275785,5767.15118679018,3828.42390971289,6172.90480465578
"2018-07-05 19:00:00",3099,3630.40231443734,2863.9154848315,4396.88914404318,2458.1618669659,4802.64276190879
"2018-07-05 20:00:00",2713,3012.90295590594,2246.4161263001,3779.38978551178,1840.6625084345,4185.14340337739
"2018-07-05 21:00:00",2633,2697.02286120923,1930.5360316034,3463.50969081507,1524.78241373779,3869.26330868068
"2018-07-05 22:00:00",2002,1987.76771350457,1221.28088389873,2754.25454311041,815.527266033123,3160.00816097601
"2018-07-05 23:00:00",1287,1103.02632582715,336.53949622131,1869.51315543299,-69.2141216442956,2275.2667732986
"2018-07-06 00:00:00",743,570.422216078594,-196.064613527246,1336.90904568443,-601.818231392852,1742.66266355004
"2018-07-06 01:00:00",435,325.167510272533,-441.319319333307,1091.65433987837,-847.072937198913,1497.40795774398
"2018-07-06 02:00:00",372,245.173139577515,-521.313690028324,1011.65996918335,-927.06730789393,1417.41358704896
"2018-07-06 03:00:00",343,296.849778361978,-469.637051243861,1063.33660796782,-875.390669109467,1469.09022583342
"2018-07-06 04:00:00",752,787.902686271751,21.415856665912,1554.38951587759,-384.337761199694,1960.1431337432
"2018-07-06 05:00:00",2453,2664.06525079102,1897.57842118518,3430.55208039686,1491.82480331958,3836.30569826247
"2018-07-06 06:00:00",4489,5370.42389337041,4603.93706376457,6136.91072297625,4198.18344589897,6542.66434084186
"2018-07-06 07:00:00",5069,6530.54001687428,5764.05318726844,7297.02684648012,5358.29956940284,7702.78046434573
"2018-07-06 08:00:00",4489,5840.69103143054,5074.2042018247,6607.17786103638,4668.45058395909,7012.93147890198
"2018-07-06 09:00:00",4305,5174.88671008583,4408.39988047999,5941.37353969167,4002.64626261438,6347.12715755728
"2018-07-06 10:00:00",4215,4801.98007794185,4035.49324833601,5568.46690754769,3629.7396304704,5974.22052541329
"2018-07-06 11:00:00",4547,5183.07491220316,4416.58808259732,5949.561741809,4010.83446473171,6355.3153596746
"2018-07-06 12:00:00",4684,5253.16752179865,4486.68069219281,6019.65435140449,4080.9270743272,6425.40796927009
"2018-07-06 13:00:00",4594,5126.20937697138,4359.72254736554,5892.69620657722,3953.96892949993,6298.44982444282
"2018-07-06 14:00:00",4818,5283.23904668957,4516.75221708373,6049.72587629541,4110.99859921812,6455.47949416101
"2018-07-06 15:00:00",5182,5907.25291379745,5140.76608419161,6673.73974340329,4735.012466326,7079.49336126889
"2018-07-06 16:00:00",5353,6641.23534474973,5874.74851514389,7407.72217435557,5468.99489727828,7813.47579222117
"2018-07-06 17:00:00",4822,5643.20070275907,4876.71387315323,6409.68753236491,4470.96025528762,6815.44115023051
"2018-07-06 18:00:00",4089,4124.1470864496,3357.66025684376,4890.63391605544,2951.90663897816,5296.38753392105
"2018-07-06 19:00:00",3390,2840.06972219902,2073.58289259318,3606.55655180486,1667.82927472757,4012.31016967047
"2018-07-06 20:00:00",2966,2278.97407298233,1512.48724337649,3045.46090258817,1106.73362551088,3451.21452045378
"2018-07-06 21:00:00",2903,2117.85942191184,1351.372592306,2884.34625151768,945.618974440391,3290.09986938328
"2018-07-06 22:00:00",2533,1733.72452378177,967.237694175933,2500.21135338761,561.484076310327,2905.96497125322
"2018-07-06 23:00:00",2227,1104.57159046459,338.084760858746,1871.05842007043,-67.6688570068595,2276.81203793603
"2018-07-07 00:00:00",1233,587.400512818853,-179.086316786986,1353.88734242469,-584.839934652592,1759.6409602903
"2018-07-07 01:00:00",689,404.211163825191,-362.275665780648,1170.69799343103,-768.029283646254,1576.45161129664
"2018-07-07 02:00:00",604,361.004568679822,-405.482260926017,1127.49139828566,-811.235878791623,1533.24501615127
"2018-07-07 03:00:00",382,273.780887721297,-492.705941884543,1040.26771732714,-898.459559750149,1446.02133519274
"2018-07-07 04:00:00",429,265.54033103838,-500.94649856746,1032.02716064422,-906.700116433066,1437.78077850982
"2018-07-07 05:00:00",769,506.283485114354,-260.203344491485,1272.77031472019,-665.956962357091,1678.5239325858
"2018-07-07 06:00:00",1246,953.010614588089,186.523784982249,1719.49744419393,-219.229832883356,2125.25106205953
"2018-07-07 07:00:00",1710,1278.72201820825,512.235188602408,2045.20884781409,106.481570736802,2450.96246567969
"2018-07-07 08:00:00",2428,1457.41811293723,690.931283331388,2223.90494254307,285.177665465782,2629.65856040867
"2018-07-07 09:00:00",3029,1724.09919438026,957.612364774416,2490.58602398609,551.85874690881,2896.3396418517
"2018-07-07 10:00:00",3386,1947.76557309294,1181.2787434871,2714.25240269878,775.525125621495,3120.00602056439
"2018-07-07 11:00:00",4045,2123.41759313662,1356.93076353078,2889.90442274245,951.17714566517,3295.65804060806
"2018-07-07 12:00:00",4160,2118.05555068137,1351.56872107553,2884.54238028721,945.815103209925,3290.29599815282
"2018-07-07 13:00:00",4118,1958.67974552886,1192.19291592302,2725.1665751347,786.439298057414,3130.9201930003
"2018-07-07 14:00:00",3992,1794.2904837577,1027.80365415186,2560.77731336354,622.050036286257,2966.53093122915
"2018-07-07 15:00:00",4022,1853.88805039272,1087.40122078688,2620.37487999856,681.647602921273,3026.12849786416
"2018-07-07 16:00:00",4289,1434.47272869418,667.985899088338,2200.95955830002,262.232281222732,2606.71317616562
"2018-07-07 17:00:00",4085,1452.0447997665,685.55797016066,2218.53162937234,279.804352295054,2624.28524723794
"2018-07-07 18:00:00",3986,1042.60453353308,276.117703927244,1809.09136313892,-129.635913938362,2214.84498100453
"2018-07-07 19:00:00",3416,856.152195927441,89.6653663216017,1622.63902553328,-316.088251544004,2028.39264339889
"2018-07-07 20:00:00",3191,593.688048340723,-172.798781265117,1360.17487794656,-578.552399130723,1765.92849581217
"2018-07-07 21:00:00",3616,683.212344728872,-83.2744848769672,1449.69917433471,-489.028102742573,1855.45279220032
"2018-07-07 22:00:00",3055,570.72533431207,-195.76149529377,1337.21216391791,-601.515113159376,1742.96578178352
"2018-07-07 23:00:00",2246,503.227261282373,-263.259568323466,1269.71409088821,-669.013186189072,1675.46770875382
"2018-07-08 00:00:00",1423,330.718363939224,-435.768465666615,1097.20519354506,-841.522083532221,1502.95881141067
"2018-07-08 01:00:00",786,237.198875735628,-529.287953870211,1003.68570534147,-935.041571735817,1409.43932320707
"2018-07-08 02:00:00",693,176.669025185196,-589.817804420644,943.155854791035,-995.57142228625,1348.90947265664
"2018-07-08 03:00:00",357,130.12903565709,-636.35779394875,896.615865262929,-1042.11141181436,1302.36948312853
"2018-07-08 04:00:00",327,154.579125816769,-611.907703789071,921.065955422608,-1017.66132165468,1326.81957328821
"2018-07-08 05:00:00",476,281.019509637853,-485.467319967986,1047.50633924369,-891.220937833592,1453.2599571093
"2018-07-08 06:00:00",876,470.450396405397,-296.036433200442,1236.93722601124,-701.790051066048,1642.69084387684
"2018-07-08 07:00:00",1084,614.871990934358,-151.614838671482,1381.3588205402,-557.368456537088,1787.1124384058
"2018-07-08 08:00:00",1920,655.284493627657,-111.202335978183,1421.7713232335,-516.955953843789,1827.5249410991
"2018-07-08 09:00:00",2584,965.688100541289,199.20127093545,1732.17493014713,-206.552346930156,2137.92854801273
"2018-07-08 10:00:00",3236,1476.08300351948,709.596173913645,2242.56983312532,303.842556048039,2648.32345099093
"2018-07-08 11:00:00",3837,1776.46939026975,1009.98256066391,2542.95621987559,604.228942798305,2948.7098377412
"2018-07-08 12:00:00",4075,2019.84744444316,1253.36061483732,2786.334274049,847.606996971717,3192.08789191461
"2018-07-08 13:00:00",4211,2188.21734573633,1421.73051613049,2954.70417534217,1015.97689826488,3360.45779320777
"2018-07-08 14:00:00",4470,2389.57926997036,1623.09244036452,3156.0660995762,1217.33882249892,3561.81971744181
"2018-07-08 15:00:00",4397,2154.93338917192,1388.44655956608,2921.42021877776,982.692941700474,3327.17383664336
"2018-07-08 16:00:00",4514,2093.27987166006,1326.79304205422,2859.7667012659,921.039424188614,3265.5203191315
"2018-07-08 17:00:00",4297,1833.61888212373,1067.13205251789,2600.10571172956,661.37843465228,3005.85932959517
"2018-07-08 18:00:00",3953,1643.95058169936,877.463752093523,2410.4374113052,471.710134227917,2816.19102917081
"2018-07-08 19:00:00",3969,1402.27512804926,635.788298443416,2168.7619576551,230.03468057781,2574.5155755207
"2018-07-08 20:00:00",3571,1627.5926754355,861.105845829663,2394.07950504134,455.352227964057,2799.83312290695
"2018-07-08 21:00:00",2948,2794.90337479318,2028.41654518734,3561.39020439902,1622.66292732174,3967.14382226463
"2018-07-08 22:00:00",2039,1189.2073738027,422.720544196856,1955.69420340853,16.9669263312501,2361.44782127414
"2018-07-08 23:00:00",1339,692.504816959589,-73.9820126462502,1458.99164656543,-479.735630511856,1864.74526443103
"2018-07-09 00:00:00",676,54.0616901635926,-712.425139442247,820.548519769432,-1118.17875730785,1226.30213763504
"2018-07-09 01:00:00",423,-80.6535572954868,-847.140386901326,685.833272310353,-1252.89400476693,1091.58689017596
"2018-07-09 02:00:00",320,-105.374945549896,-871.861775155735,661.111884055944,-1277.61539302134,1066.86550192155
"2018-07-09 03:00:00",348,4.89765782889662,-761.589171776943,771.384487434736,-1167.34278964255,1177.13810530034
"2018-07-09 04:00:00",903,427.164382413588,-339.322447192251,1193.65121201943,-745.076065057857,1599.40482988503
"2018-07-09 05:00:00",2977,1886.42535498258,1119.93852537674,2652.91218458842,714.184907511134,3058.66580245402
"2018-07-09 06:00:00",5679,4012.68069958024,3246.1938699744,4779.16752918608,2840.44025210879,5184.92114705168
"2018-07-09 07:00:00",6178,4611.93053757588,3845.44370797004,5378.41736718172,3439.69009010444,5784.17098504733
"2018-07-09 08:00:00",5656,4112.17498772145,3345.68815811561,4878.66181732729,2939.93454025001,5284.4154351929
"2018-07-09 09:00:00",4586,3694.41416620795,2927.92733660211,4460.90099581379,2522.1737187365,4866.65461367939
"2018-07-09 10:00:00",4266,3275.64818672068,2509.16135711484,4042.13501632652,2103.40773924923,4447.88863419212
"2018-07-09 11:00:00",4448,3509.87716049328,2743.39033088744,4276.36399009912,2337.63671302184,4682.11760796473
"2018-07-09 12:00:00",4689,3799.10119636061,3032.61436675477,4565.58802596645,2626.86074888916,4971.34164383205
"2018-07-09 13:00:00",4621,3760.32040081042,2993.83357120459,4526.80723041626,2588.07995333898,4932.56084828187
"2018-07-09 14:00:00",4836,4037.53487803407,3271.04804842823,4804.02170763991,2865.29443056263,5209.77532550552
"2018-07-09 15:00:00",5429,4592.74472997595,3826.25790037011,5359.23155958179,3420.5042825045,5764.98517744739
"2018-07-09 16:00:00",6311,5438.950056382,4672.46322677616,6205.43688598784,4266.70960891055,6611.19050385344
"2018-07-09 17:00:00",5805,5218.15095484709,4451.66412524125,5984.63778445293,4045.91050737564,6390.39140231853
"2018-07-09 18:00:00",4290,3712.34752086143,2945.86069125559,4478.83435046727,2540.10707338999,4884.58796833288
"2018-07-09 19:00:00",3240,2630.53984785596,1864.05301825012,3397.0266774618,1458.29940038451,3802.7802953274
"2018-07-09 20:00:00",2861,2207.72802724671,1441.24119764087,2974.21485685255,1035.48757977527,3379.96847471816
"2018-07-09 21:00:00",2633,1751.91214847833,985.425318872489,2518.39897808417,579.671701006883,2924.15259594977
"2018-07-09 22:00:00",2071,1141.09229906653,374.605469460691,1907.57912867237,-31.1481484049148,2313.33274653798
"2018-07-09 23:00:00",1189,630.268564639732,-136.218264966107,1396.75539424557,-541.971882831713,1802.50901211118
"2018-07-10 00:00:00",688,516.175184459365,-250.311645146474,1282.6620140652,-656.06526301208,1688.41563193081
"2018-07-10 01:00:00",389,328.343929541197,-438.142900064642,1094.83075914704,-843.896517930248,1500.58437701264
"2018-07-10 02:00:00",295,263.509035572052,-502.977794033787,1029.99586517789,-908.731411899393,1435.7494830435
"2018-07-10 03:00:00",364,339.670581029428,-426.816248576411,1106.15741063527,-832.569866442017,1511.91102850087
"2018-07-10 04:00:00",898,890.828642698429,124.341813092589,1657.31547230427,-281.411804773017,2063.06909016987
"2018-07-10 05:00:00",3137,2840.98329570826,2074.49646610242,3607.4701253141,1668.74284823681,4013.2237431797
"2018-07-10 06:00:00",5886,5509.13461356792,4742.64778396208,6275.62144317376,4336.89416609648,6681.37506103937
"2018-07-10 07:00:00",6134,6201.2826682012,5434.79583859536,6967.76949780704,5029.04222072975,7373.52311567264
"2018-07-10 08:00:00",5786,5885.42752998078,5118.94070037494,6651.91435958661,4713.18708250933,7057.66797745222
"2018-07-10 09:00:00",4843,5670.56926776174,4904.08243815591,6437.05609736758,4498.3288202903,6842.80971523319
"2018-07-10 10:00:00",4442,4449.70794891431,3683.22111930847,5216.19477852015,3277.46750144287,5621.94839638576
"2018-07-10 11:00:00",4586,4708.84363935581,3942.35680974997,5475.33046896165,3536.60319188436,5881.08408682725
"2018-07-10 12:00:00",4865,4955.97640358205,4189.48957397621,5722.46323318788,3783.7359561106,6128.21685105349
"2018-07-10 13:00:00",4719,4907.10630469795,4140.61947509211,5673.59313430379,3734.8658572265,6079.34675216939
"2018-07-10 14:00:00",4789,5214.23340444757,4447.74657484173,5980.72023405341,4041.99295697612,6386.47385191901
"2018-07-10 15:00:00",5681,5838.35776324342,5071.87093363758,6604.84459284926,4666.11731577197,7010.59821071486
"2018-07-10 16:00:00",6566,6651.4794401952,5884.99261058936,7417.96626980104,5479.23899272375,7823.71988766664
"2018-07-10 17:00:00",6081,6271.59849313787,5505.11166353203,7038.08532274371,5099.35804566643,7443.83894060932
"2018-07-10 18:00:00",4404,4821.71497865919,4055.22814905335,5588.20180826503,3649.47453118775,5993.95542613064
"2018-07-10 19:00:00",3219,3475.82895212656,2709.34212252072,4242.31578173239,2303.58850465511,4648.069399598
"2018-07-10 20:00:00",3053,2871.94046771335,2105.45363810751,3638.42729731919,1699.7000202419,4044.18091518479
"2018-07-10 21:00:00",3060,3413.04957842469,2646.56274881885,4179.53640803053,2240.80913095324,4585.29002589613
"2018-07-10 22:00:00",2203,3289.15633612262,2522.66950651678,4055.64316572846,2116.91588865117,4461.39678359406
"2018-07-10 23:00:00",1311,1292.26079155075,525.773961944911,2058.74762115659,120.020344079305,2464.5012390222
"2018-07-11 00:00:00",661,481.628838878774,-284.857990727065,1248.11566848461,-690.611608592671,1653.86928635022
"2018-07-11 01:00:00",401,249.728837644545,-516.757991961294,1016.21566725038,-922.5116098269,1421.96928511599
"2018-07-11 02:00:00",321,86.8266798994277,-679.660149706412,853.313509505267,-1085.41376757202,1259.06712737087
"2018-07-11 03:00:00",384,176.922412149388,-589.564417456451,943.409241755227,-995.318035322057,1349.16285962083
"2018-07-11 04:00:00",948,631.016079897473,-135.470749708366,1397.50290950331,-541.224367573972,1803.25652736892
"2018-07-11 05:00:00",3193,2642.10772766544,1875.6208980596,3408.59455727128,1469.867280194,3814.34817513689
"2018-07-11 06:00:00",5179,5599.19739901492,4832.71056940908,6365.68422862076,4426.95695154347,6771.43784648637
"2018-07-11 07:00:00",6295,6527.28513656812,5760.79830696228,7293.77196617396,5355.04468909667,7699.52558403956
"2018-07-11 08:00:00",5930,6270.37098202807,5503.88415242223,7036.85781163391,5098.13053455663,7442.61142949952
"2018-07-11 09:00:00",5025,5034.45497619849,4267.96814659265,5800.94180580433,3862.21452872704,6206.69542366993
"2018-07-11 10:00:00",4829,4407.53715900312,3641.05032939728,5174.02398860896,3235.29671153167,5579.77760647456
"2018-07-11 11:00:00",5052,4480.61756950474,3714.1307398989,5247.10439911058,3308.3771220333,5652.85801697619
"2018-07-11 12:00:00",4974,4669.69624592374,3903.2094163179,5436.18307552958,3497.45579845229,5841.93669339518
"2018-07-11 13:00:00",4779,4673.77322565626,3907.28639605042,5440.2600552621,3501.53277818481,5846.0136731277
"2018-07-11 14:00:00",4974,5093.84854529197,4327.36171568613,5860.33537489781,3921.60809782052,6266.08899276341
"2018-07-11 15:00:00",5817,5491.92224063148,4725.43541102565,6258.40907023732,4319.68179316004,6664.16268810293
"2018-07-11 16:00:00",6522,6678.99434670337,5912.50751709753,7445.48117630921,5506.75389923192,7851.23479417481
"2018-07-11 17:00:00",5935,6116.06489778077,5349.57806817493,6882.55172738661,4943.82445030932,7288.30534525221
"2018-07-11 18:00:00",4568,4320.13392739772,3553.64709779188,5086.62075700356,3147.89347992628,5492.37437486917
"2018-07-11 19:00:00",3412,3050.2014683651,2283.71463875926,3816.68829797094,1877.96102089366,4222.44191583655
"2018-07-11 20:00:00",3033,2691.26755278618,1924.78072318034,3457.75438239202,1519.02710531474,3863.50800025763
"2018-07-11 21:00:00",2687,2261.33221207194,1494.8453824661,3027.81904167778,1089.0917646005,3433.57265954339
"2018-07-11 22:00:00",1960,1383.39547695595,616.908647350111,2149.88230656179,211.155029484505,2555.6359244274
"2018-07-11 23:00:00",1294,742.457377509009,-24.02945209683,1508.94420711485,-429.783069962436,1914.69782498045
"2018-07-12 00:00:00",699,558.252098633051,-208.234730972789,1324.73892823889,-613.988348838395,1730.4925461045
"2018-07-12 01:00:00",408,348.31135815663,-418.175471449209,1114.79818776247,-823.929089314815,1520.55180562808
"2018-07-12 02:00:00",296,272.369339726358,-494.117489879482,1038.8561693322,-899.871107745088,1444.6097871978
"2018-07-12 03:00:00",364,358.426070901789,-408.060758704051,1124.91290050763,-813.814376569657,1530.66651837323
"2018-07-12 04:00:00",940,906.481578648144,139.994749042305,1672.96840825398,-265.758868823301,2078.72202611959
"2018-07-12 05:00:00",3070,2882.53588934913,2116.04905974329,3649.02271895497,1710.29544187769,4054.77633682058
"2018-07-12 06:00:00",5702,5712.58902881948,4946.10219921364,6479.07585842532,4540.34858134804,6884.82947629093
"2018-07-12 07:00:00",6456,6458.64102231723,5692.15419271139,7225.12785192307,5286.40057484578,7630.88146978867
"2018-07-12 08:00:00",5583,6043.69189455569,5277.20506494985,6810.17872416153,4871.45144708425,7215.93234202714
"2018-07-12 09:00:00",4958,5839.74166971525,5073.25484010941,6606.22849932109,4667.50122224381,7011.9821171867
"2018-07-12 10:00:00",4610,4879.79037145483,4113.30354184899,5646.27720106067,3707.54992398338,6052.03081892627
"2018-07-12 11:00:00",4848,5032.83802292313,4266.35119331729,5799.32485252897,3860.59757545168,6205.07847039457
"2018-07-12 12:00:00",4891,5024.88464676964,4258.3978171638,5791.37147637548,3852.64419929819,6197.12509424109
"2018-07-12 13:00:00",5188,5299.72022626483,4533.23339665899,6066.20705587067,4127.47977879339,6471.96067373628
"2018-07-12 14:00:00",5139,5509.41726481314,4742.9304352073,6275.90409441897,4337.17681734169,6681.65771228458
"2018-07-12 15:00:00",5743,6204.75415099272,5438.26732138688,6971.24098059856,5032.51370352127,7376.99459846416
"2018-07-12 16:00:00",6612,7153.50564935352,6387.01881974768,7919.99247895936,5981.26520188208,8325.74609682497
"2018-07-12 17:00:00",5795,6739.47284503907,5972.98601543323,7505.95967464491,5567.23239756763,7911.71329251052
"2018-07-12 18:00:00",3890,5000.66435718434,4234.1775275785,5767.15118679018,3828.42390971289,6172.90480465578
"2018-07-12 19:00:00",3237,3630.40231443734,2863.9154848315,4396.88914404318,2458.1618669659,4802.64276190879
"2018-07-12 20:00:00",2727,3012.90295590594,2246.4161263001,3779.38978551178,1840.6625084345,4185.14340337739
"2018-07-12 21:00:00",2497,2697.02286120923,1930.5360316034,3463.50969081507,1524.78241373779,3869.26330868068
"2018-07-12 22:00:00",1870,1987.76771350457,1221.28088389873,2754.25454311041,815.527266033123,3160.00816097601
"2018-07-12 23:00:00",1320,1103.02632582715,336.53949622131,1869.51315543299,-69.2141216442956,2275.2667732986
"2018-07-13 00:00:00",705,570.422216078594,-196.064613527246,1336.90904568443,-601.818231392852,1742.66266355004
"2018-07-13 01:00:00",439,325.167510272533,-441.319319333307,1091.65433987837,-847.072937198913,1497.40795774398
"2018-07-13 02:00:00",350,245.173139577515,-521.313690028324,1011.65996918335,-927.06730789393,1417.41358704896
"2018-07-13 03:00:00",373,296.849778361978,-469.637051243861,1063.33660796782,-875.390669109467,1469.09022583342
"2018-07-13 04:00:00",888,787.902686271751,21.415856665912,1554.38951587759,-384.337761199694,1960.1431337432
"2018-07-13 05:00:00",2917,2664.06525079102,1897.57842118518,3430.55208039686,1491.82480331958,3836.30569826247
"2018-07-13 06:00:00",5268,5370.42389337041,4603.93706376457,6136.91072297625,4198.18344589897,6542.66434084186
"2018-07-13 07:00:00",5994,6530.54001687428,5764.05318726844,7297.02684648012,5358.29956940284,7702.78046434573
"2018-07-13 08:00:00",5288,5840.69103143054,5074.2042018247,6607.17786103638,4668.45058395909,7012.93147890198
"2018-07-13 09:00:00",4543,5174.88671008583,4408.39988047999,5941.37353969167,4002.64626261438,6347.12715755728
"2018-07-13 10:00:00",4392,4801.98007794185,4035.49324833601,5568.46690754769,3629.7396304704,5974.22052541329
"2018-07-13 11:00:00",4740,5183.07491220316,4416.58808259732,5949.561741809,4010.83446473171,6355.3153596746
"2018-07-13 12:00:00",5123,5253.16752179865,4486.68069219281,6019.65435140449,4080.9270743272,6425.40796927009
"2018-07-13 13:00:00",5059,5126.20937697138,4359.72254736554,5892.69620657722,3953.96892949993,6298.44982444282
"2018-07-13 14:00:00",5363,5283.23904668957,4516.75221708373,6049.72587629541,4110.99859921812,6455.47949416101
"2018-07-13 15:00:00",5914,5907.25291379745,5140.76608419161,6673.73974340329,4735.012466326,7079.49336126889
"2018-07-13 16:00:00",6153,6641.23534474973,5874.74851514389,7407.72217435557,5468.99489727828,7813.47579222117
"2018-07-13 17:00:00",5257,5643.20070275907,4876.71387315323,6409.68753236491,4470.96025528762,6815.44115023051
"2018-07-13 18:00:00",4664,4124.1470864496,3357.66025684376,4890.63391605544,2951.90663897816,5296.38753392105
"2018-07-13 19:00:00",3664,2840.06972219902,2073.58289259318,3606.55655180486,1667.82927472757,4012.31016967047
"2018-07-13 20:00:00",3260,2278.97407298233,1512.48724337649,3045.46090258817,1106.73362551088,3451.21452045378
"2018-07-13 21:00:00",3064,2117.85942191184,1351.372592306,2884.34625151768,945.618974440391,3290.09986938328
"2018-07-13 22:00:00",2835,1733.72452378177,967.237694175933,2500.21135338761,561.484076310327,2905.96497125322
"2018-07-13 23:00:00",1971,1104.57159046459,338.084760858746,1871.05842007043,-67.6688570068595,2276.81203793603
"2018-07-14 00:00:00",1233,587.400512818853,-179.086316786986,1353.88734242469,-584.839934652592,1759.6409602903
"2018-07-14 01:00:00",696,404.211163825191,-362.275665780648,1170.69799343103,-768.029283646254,1576.45161129664
"2018-07-14 02:00:00",646,361.004568679822,-405.482260926017,1127.49139828566,-811.235878791623,1533.24501615127
"2018-07-14 03:00:00",437,273.780887721297,-492.705941884543,1040.26771732714,-898.459559750149,1446.02133519274
"2018-07-14 04:00:00",444,265.54033103838,-500.94649856746,1032.02716064422,-906.700116433066,1437.78077850982
"2018-07-14 05:00:00",858,506.283485114354,-260.203344491485,1272.77031472019,-665.956962357091,1678.5239325858
"2018-07-14 06:00:00",1422,953.010614588089,186.523784982249,1719.49744419393,-219.229832883356,2125.25106205953
"2018-07-14 07:00:00",1991,1278.72201820825,512.235188602408,2045.20884781409,106.481570736802,2450.96246567969
"2018-07-14 08:00:00",2714,1457.41811293723,690.931283331388,2223.90494254307,285.177665465782,2629.65856040867
"2018-07-14 09:00:00",3471,1724.09919438026,957.612364774416,2490.58602398609,551.85874690881,2896.3396418517
"2018-07-14 10:00:00",3718,1947.76557309294,1181.2787434871,2714.25240269878,775.525125621495,3120.00602056439
"2018-07-14 11:00:00",4213,2123.41759313662,1356.93076353078,2889.90442274245,951.17714566517,3295.65804060806
"2018-07-14 12:00:00",4524,2118.05555068137,1351.56872107553,2884.54238028721,945.815103209925,3290.29599815282
"2018-07-14 13:00:00",4218,1958.67974552886,1192.19291592302,2725.1665751347,786.439298057414,3130.9201930003
"2018-07-14 14:00:00",4242,1794.2904837577,1027.80365415186,2560.77731336354,622.050036286257,2966.53093122915
"2018-07-14 15:00:00",4306,1853.88805039272,1087.40122078688,2620.37487999856,681.647602921273,3026.12849786416
"2018-07-14 16:00:00",4317,1434.47272869418,667.985899088338,2200.95955830002,262.232281222732,2606.71317616562
"2018-07-14 17:00:00",4354,1452.0447997665,685.55797016066,2218.53162937234,279.804352295054,2624.28524723794
"2018-07-14 18:00:00",4109,1042.60453353308,276.117703927244,1809.09136313892,-129.635913938362,2214.84498100453
"2018-07-14 19:00:00",3446,856.152195927441,89.6653663216017,1622.63902553328,-316.088251544004,2028.39264339889
"2018-07-14 20:00:00",3192,593.688048340723,-172.798781265117,1360.17487794656,-578.552399130723,1765.92849581217
"2018-07-14 21:00:00",3272,683.212344728872,-83.2744848769672,1449.69917433471,-489.028102742573,1855.45279220032
"2018-07-14 22:00:00",3074,570.72533431207,-195.76149529377,1337.21216391791,-601.515113159376,1742.96578178352
"2018-07-14 23:00:00",2275,503.227261282373,-263.259568323466,1269.71409088821,-669.013186189072,1675.46770875382
"2018-07-15 00:00:00",1350,330.718363939224,-435.768465666615,1097.20519354506,-841.522083532221,1502.95881141067
"2018-07-15 01:00:00",826,237.198875735628,-529.287953870211,1003.68570534147,-935.041571735817,1409.43932320707
"2018-07-15 02:00:00",699,176.669025185196,-589.817804420644,943.155854791035,-995.57142228625,1348.90947265664
"2018-07-15 03:00:00",435,130.12903565709,-636.35779394875,896.615865262929,-1042.11141181436,1302.36948312853
"2018-07-15 04:00:00",366,154.579125816769,-611.907703789071,921.065955422608,-1017.66132165468,1326.81957328821
"2018-07-15 05:00:00",508,281.019509637853,-485.467319967986,1047.50633924369,-891.220937833592,1453.2599571093
"2018-07-15 06:00:00",933,470.450396405397,-296.036433200442,1236.93722601124,-701.790051066048,1642.69084387684
"2018-07-15 07:00:00",1195,614.871990934358,-151.614838671482,1381.3588205402,-557.368456537088,1787.1124384058
"2018-07-15 08:00:00",1814,655.284493627657,-111.202335978183,1421.7713232335,-516.955953843789,1827.5249410991
"2018-07-15 09:00:00",2911,965.688100541289,199.20127093545,1732.17493014713,-206.552346930156,2137.92854801273
"2018-07-15 10:00:00",3310,1476.08300351948,709.596173913645,2242.56983312532,303.842556048039,2648.32345099093
"2018-07-15 11:00:00",3655,1776.46939026975,1009.98256066391,2542.95621987559,604.228942798305,2948.7098377412
"2018-07-15 12:00:00",4245,2019.84744444316,1253.36061483732,2786.334274049,847.606996971717,3192.08789191461
"2018-07-15 13:00:00",4233,2188.21734573633,1421.73051613049,2954.70417534217,1015.97689826488,3360.45779320777
"2018-07-15 14:00:00",4129,2389.57926997036,1623.09244036452,3156.0660995762,1217.33882249892,3561.81971744181
"2018-07-15 15:00:00",4063,2154.93338917192,1388.44655956608,2921.42021877776,982.692941700474,3327.17383664336
"2018-07-15 16:00:00",4438,2093.27987166006,1326.79304205422,2859.7667012659,921.039424188614,3265.5203191315
"2018-07-15 17:00:00",4321,1833.61888212373,1067.13205251789,2600.10571172956,661.37843465228,3005.85932959517
"2018-07-15 18:00:00",3836,1643.95058169936,877.463752093523,2410.4374113052,471.710134227917,2816.19102917081
"2018-07-15 19:00:00",3535,1402.27512804926,635.788298443416,2168.7619576551,230.03468057781,2574.5155755207
"2018-07-15 20:00:00",3015,1627.5926754355,861.105845829663,2394.07950504134,455.352227964057,2799.83312290695
"2018-07-15 21:00:00",2671,2794.90337479318,2028.41654518734,3561.39020439902,1622.66292732174,3967.14382226463
"2018-07-15 22:00:00",2009,1189.2073738027,422.720544196856,1955.69420340853,16.9669263312501,2361.44782127414
"2018-07-15 23:00:00",1244,692.504816959589,-73.9820126462502,1458.99164656543,-479.735630511856,1864.74526443103
"2018-07-16 00:00:00",721,54.0616901635926,-712.425139442247,820.548519769432,-1118.17875730785,1226.30213763504
"2018-07-16 01:00:00",458,-80.6535572954868,-847.140386901326,685.833272310353,-1252.89400476693,1091.58689017596
"2018-07-16 02:00:00",297,-105.374945549896,-871.861775155735,661.111884055944,-1277.61539302134,1066.86550192155
"2018-07-16 03:00:00",368,4.89765782889662,-761.589171776943,771.384487434736,-1167.34278964255,1177.13810530034
"2018-07-16 04:00:00",935,427.164382413588,-339.322447192251,1193.65121201943,-745.076065057857,1599.40482988503
"2018-07-16 05:00:00",3048,1886.42535498258,1119.93852537674,2652.91218458842,714.184907511134,3058.66580245402
"2018-07-16 06:00:00",5593,4012.68069958024,3246.1938699744,4779.16752918608,2840.44025210879,5184.92114705168
"2018-07-16 07:00:00",5793,4611.93053757588,3845.44370797004,5378.41736718172,3439.69009010444,5784.17098504733
"2018-07-16 08:00:00",5647,4112.17498772145,3345.68815811561,4878.66181732729,2939.93454025001,5284.4154351929
"2018-07-16 09:00:00",4603,3694.41416620795,2927.92733660211,4460.90099581379,2522.1737187365,4866.65461367939
"2018-07-16 10:00:00",4346,3275.64818672068,2509.16135711484,4042.13501632652,2103.40773924923,4447.88863419212
"2018-07-16 11:00:00",4504,3509.87716049328,2743.39033088744,4276.36399009912,2337.63671302184,4682.11760796473
"2018-07-16 12:00:00",4588,3799.10119636061,3032.61436675477,4565.58802596645,2626.86074888916,4971.34164383205
"2018-07-16 13:00:00",4558,3760.32040081042,2993.83357120459,4526.80723041626,2588.07995333898,4932.56084828187
"2018-07-16 14:00:00",4794,4037.53487803407,3271.04804842823,4804.02170763991,2865.29443056263,5209.77532550552
"2018-07-16 15:00:00",5558,4592.74472997595,3826.25790037011,5359.23155958179,3420.5042825045,5764.98517744739
"2018-07-16 16:00:00",6269,5438.950056382,4672.46322677616,6205.43688598784,4266.70960891055,6611.19050385344
"2018-07-16 17:00:00",5708,5218.15095484709,4451.66412524125,5984.63778445293,4045.91050737564,6390.39140231853
"2018-07-16 18:00:00",4203,3712.34752086143,2945.86069125559,4478.83435046727,2540.10707338999,4884.58796833288
"2018-07-16 19:00:00",3277,2630.53984785596,1864.05301825012,3397.0266774618,1458.29940038451,3802.7802953274
"2018-07-16 20:00:00",2900,2207.72802724671,1441.24119764087,2974.21485685255,1035.48757977527,3379.96847471816
"2018-07-16 21:00:00",2424,1751.91214847833,985.425318872489,2518.39897808417,579.671701006883,2924.15259594977
"2018-07-16 22:00:00",1965,1141.09229906653,374.605469460691,1907.57912867237,-31.1481484049148,2313.33274653798
"2018-07-16 23:00:00",1096,630.268564639732,-136.218264966107,1396.75539424557,-541.971882831713,1802.50901211118
"2018-07-17 00:00:00",595,516.175184459365,-250.311645146474,1282.6620140652,-656.06526301208,1688.41563193081
"2018-07-17 01:00:00",407,328.343929541197,-438.142900064642,1094.83075914704,-843.896517930248,1500.58437701264
"2018-07-17 02:00:00",274,263.509035572052,-502.977794033787,1029.99586517789,-908.731411899393,1435.7494830435
"2018-07-17 03:00:00",356,339.670581029428,-426.816248576411,1106.15741063527,-832.569866442017,1511.91102850087
"2018-07-17 04:00:00",930,890.828642698429,124.341813092589,1657.31547230427,-281.411804773017,2063.06909016987
"2018-07-17 05:00:00",3171,2840.98329570826,2074.49646610242,3607.4701253141,1668.74284823681,4013.2237431797
"2018-07-17 06:00:00",5870,5509.13461356792,4742.64778396208,6275.62144317376,4336.89416609648,6681.37506103937
"2018-07-17 07:00:00",6417,6201.2826682012,5434.79583859536,6967.76949780704,5029.04222072975,7373.52311567264
"2018-07-17 08:00:00",5455,5885.42752998078,5118.94070037494,6651.91435958661,4713.18708250933,7057.66797745222
"2018-07-17 09:00:00",5030,5670.56926776174,4904.08243815591,6437.05609736758,4498.3288202903,6842.80971523319
"2018-07-17 10:00:00",4346,4449.70794891431,3683.22111930847,5216.19477852015,3277.46750144287,5621.94839638576
"2018-07-17 11:00:00",4540,4708.84363935581,3942.35680974997,5475.33046896165,3536.60319188436,5881.08408682725
"2018-07-17 12:00:00",4952,4955.97640358205,4189.48957397621,5722.46323318788,3783.7359561106,6128.21685105349
"2018-07-17 13:00:00",4576,4907.10630469795,4140.61947509211,5673.59313430379,3734.8658572265,6079.34675216939
"2018-07-17 14:00:00",5011,5214.23340444757,4447.74657484173,5980.72023405341,4041.99295697612,6386.47385191901
"2018-07-17 15:00:00",5573,5838.35776324342,5071.87093363758,6604.84459284926,4666.11731577197,7010.59821071486
"2018-07-17 16:00:00",6358,6651.4794401952,5884.99261058936,7417.96626980104,5479.23899272375,7823.71988766664
"2018-07-17 17:00:00",5698,6271.59849313787,5505.11166353203,7038.08532274371,5099.35804566643,7443.83894060932
"2018-07-17 18:00:00",4360,4821.71497865919,4055.22814905335,5588.20180826503,3649.47453118775,5993.95542613064
"2018-07-17 19:00:00",3337,3475.82895212656,2709.34212252072,4242.31578173239,2303.58850465511,4648.069399598
"2018-07-17 20:00:00",3113,2871.94046771335,2105.45363810751,3638.42729731919,1699.7000202419,4044.18091518479
"2018-07-17 21:00:00",2754,3413.04957842469,2646.56274881885,4179.53640803053,2240.80913095324,4585.29002589613
"2018-07-17 22:00:00",2209,3289.15633612262,2522.66950651678,4055.64316572846,2116.91588865117,4461.39678359406
"2018-07-17 23:00:00",1242,1292.26079155075,525.773961944911,2058.74762115659,120.020344079305,2464.5012390222
"2018-07-18 00:00:00",657,481.628838878774,-284.857990727065,1248.11566848461,-690.611608592671,1653.86928635022
"2018-07-18 01:00:00",410,249.728837644545,-516.757991961294,1016.21566725038,-922.5116098269,1421.96928511599
"2018-07-18 02:00:00",313,86.8266798994277,-679.660149706412,853.313509505267,-1085.41376757202,1259.06712737087
"2018-07-18 03:00:00",377,176.922412149388,-589.564417456451,943.409241755227,-995.318035322057,1349.16285962083
"2018-07-18 04:00:00",894,631.016079897473,-135.470749708366,1397.50290950331,-541.224367573972,1803.25652736892
"2018-07-18 05:00:00",3189,2642.10772766544,1875.6208980596,3408.59455727128,1469.867280194,3814.34817513689
"2018-07-18 06:00:00",5769,5599.19739901492,4832.71056940908,6365.68422862076,4426.95695154347,6771.43784648637
"2018-07-18 07:00:00",6200,6527.28513656812,5760.79830696228,7293.77196617396,5355.04468909667,7699.52558403956
"2018-07-18 08:00:00",5696,6270.37098202807,5503.88415242223,7036.85781163391,5098.13053455663,7442.61142949952
"2018-07-18 09:00:00",5129,5034.45497619849,4267.96814659265,5800.94180580433,3862.21452872704,6206.69542366993
"2018-07-18 10:00:00",4560,4407.53715900312,3641.05032939728,5174.02398860896,3235.29671153167,5579.77760647456
"2018-07-18 11:00:00",4752,4480.61756950474,3714.1307398989,5247.10439911058,3308.3771220333,5652.85801697619
"2018-07-18 12:00:00",4916,4669.69624592374,3903.2094163179,5436.18307552958,3497.45579845229,5841.93669339518
"2018-07-18 13:00:00",4714,4673.77322565626,3907.28639605042,5440.2600552621,3501.53277818481,5846.0136731277
"2018-07-18 14:00:00",5138,5093.84854529197,4327.36171568613,5860.33537489781,3921.60809782052,6266.08899276341
"2018-07-18 15:00:00",5677,5491.92224063148,4725.43541102565,6258.40907023732,4319.68179316004,6664.16268810293
"2018-07-18 16:00:00",6606,6678.99434670337,5912.50751709753,7445.48117630921,5506.75389923192,7851.23479417481
"2018-07-18 17:00:00",6084,6116.06489778077,5349.57806817493,6882.55172738661,4943.82445030932,7288.30534525221
"2018-07-18 18:00:00",4941,4320.13392739772,3553.64709779188,5086.62075700356,3147.89347992628,5492.37437486917
"2018-07-18 19:00:00",3461,3050.2014683651,2283.71463875926,3816.68829797094,1877.96102089366,4222.44191583655
"2018-07-18 20:00:00",3177,2691.26755278618,1924.78072318034,3457.75438239202,1519.02710531474,3863.50800025763
"2018-07-18 21:00:00",2949,2261.33221207194,1494.8453824661,3027.81904167778,1089.0917646005,3433.57265954339
"2018-07-18 22:00:00",2200,1383.39547695595,616.908647350111,2149.88230656179,211.155029484505,2555.6359244274
"2018-07-18 23:00:00",1271,742.457377509009,-24.02945209683,1508.94420711485,-429.783069962436,1914.69782498045
"2018-07-19 00:00:00",697,558.252098633051,-208.234730972789,1324.73892823889,-613.988348838395,1730.4925461045
"2018-07-19 01:00:00",423,348.31135815663,-418.175471449209,1114.79818776247,-823.929089314815,1520.55180562808
"2018-07-19 02:00:00",303,272.369339726358,-494.117489879482,1038.8561693322,-899.871107745088,1444.6097871978
"2018-07-19 03:00:00",369,358.426070901789,-408.060758704051,1124.91290050763,-813.814376569657,1530.66651837323
"2018-07-19 04:00:00",896,906.481578648144,139.994749042305,1672.96840825398,-265.758868823301,2078.72202611959
"2018-07-19 05:00:00",3110,2882.53588934913,2116.04905974329,3649.02271895497,1710.29544187769,4054.77633682058
"2018-07-19 06:00:00",5752,5712.58902881948,4946.10219921364,6479.07585842532,4540.34858134804,6884.82947629093
"2018-07-19 07:00:00",6246,6458.64102231723,5692.15419271139,7225.12785192307,5286.40057484578,7630.88146978867
"2018-07-19 08:00:00",5702,6043.69189455569,5277.20506494985,6810.17872416153,4871.45144708425,7215.93234202714
"2018-07-19 09:00:00",4855,5839.74166971525,5073.25484010941,6606.22849932109,4667.50122224381,7011.9821171867
"2018-07-19 10:00:00",4492,4879.79037145483,4113.30354184899,5646.27720106067,3707.54992398338,6052.03081892627
"2018-07-19 11:00:00",4677,5032.83802292313,4266.35119331729,5799.32485252897,3860.59757545168,6205.07847039457
"2018-07-19 12:00:00",4861,5024.88464676964,4258.3978171638,5791.37147637548,3852.64419929819,6197.12509424109
"2018-07-19 13:00:00",4734,5299.72022626483,4533.23339665899,6066.20705587067,4127.47977879339,6471.96067373628
"2018-07-19 14:00:00",5135,5509.41726481314,4742.9304352073,6275.90409441897,4337.17681734169,6681.65771228458
"2018-07-19 15:00:00",5704,6204.75415099272,5438.26732138688,6971.24098059856,5032.51370352127,7376.99459846416
"2018-07-19 16:00:00",6459,7153.50564935352,6387.01881974768,7919.99247895936,5981.26520188208,8325.74609682497
"2018-07-19 17:00:00",5872,6739.47284503907,5972.98601543323,7505.95967464491,5567.23239756763,7911.71329251052
"2018-07-19 18:00:00",4497,5000.66435718434,4234.1775275785,5767.15118679018,3828.42390971289,6172.90480465578
"2018-07-19 19:00:00",3419,3630.40231443734,2863.9154848315,4396.88914404318,2458.1618669659,4802.64276190879
"2018-07-19 20:00:00",2991,3012.90295590594,2246.4161263001,3779.38978551178,1840.6625084345,4185.14340337739
"2018-07-19 21:00:00",2613,2697.02286120923,1930.5360316034,3463.50969081507,1524.78241373779,3869.26330868068
"2018-07-19 22:00:00",2282,1987.76771350457,1221.28088389873,2754.25454311041,815.527266033123,3160.00816097601
"2018-07-19 23:00:00",1454,1103.02632582715,336.53949622131,1869.51315543299,-69.2141216442956,2275.2667732986
"2018-07-20 00:00:00",693,570.422216078594,-196.064613527246,1336.90904568443,-601.818231392852,1742.66266355004
"2018-07-20 01:00:00",460,325.167510272533,-441.319319333307,1091.65433987837,-847.072937198913,1497.40795774398
"2018-07-20 02:00:00",360,245.173139577515,-521.313690028324,1011.65996918335,-927.06730789393,1417.41358704896
"2018-07-20 03:00:00",376,296.849778361978,-469.637051243861,1063.33660796782,-875.390669109467,1469.09022583342
"2018-07-20 04:00:00",873,787.902686271751,21.415856665912,1554.38951587759,-384.337761199694,1960.1431337432
"2018-07-20 05:00:00",2822,2664.06525079102,1897.57842118518,3430.55208039686,1491.82480331958,3836.30569826247
"2018-07-20 06:00:00",5266,5370.42389337041,4603.93706376457,6136.91072297625,4198.18344589897,6542.66434084186
"2018-07-20 07:00:00",5821,6530.54001687428,5764.05318726844,7297.02684648012,5358.29956940284,7702.78046434573
"2018-07-20 08:00:00",5339,5840.69103143054,5074.2042018247,6607.17786103638,4668.45058395909,7012.93147890198
"2018-07-20 09:00:00",4816,5174.88671008583,4408.39988047999,5941.37353969167,4002.64626261438,6347.12715755728
"2018-07-20 10:00:00",4592,4801.98007794185,4035.49324833601,5568.46690754769,3629.7396304704,5974.22052541329
"2018-07-20 11:00:00",4823,5183.07491220316,4416.58808259732,5949.561741809,4010.83446473171,6355.3153596746
"2018-07-20 12:00:00",5253,5253.16752179865,4486.68069219281,6019.65435140449,4080.9270743272,6425.40796927009
"2018-07-20 13:00:00",5169,5126.20937697138,4359.72254736554,5892.69620657722,3953.96892949993,6298.44982444282
"2018-07-20 14:00:00",5413,5283.23904668957,4516.75221708373,6049.72587629541,4110.99859921812,6455.47949416101
"2018-07-20 15:00:00",5602,5907.25291379745,5140.76608419161,6673.73974340329,4735.012466326,7079.49336126889
"2018-07-20 16:00:00",6086,6641.23534474973,5874.74851514389,7407.72217435557,5468.99489727828,7813.47579222117
"2018-07-20 17:00:00",4987,5643.20070275907,4876.71387315323,6409.68753236491,4470.96025528762,6815.44115023051
"2018-07-20 18:00:00",4465,4124.1470864496,3357.66025684376,4890.63391605544,2951.90663897816,5296.38753392105
"2018-07-20 19:00:00",3574,2840.06972219902,2073.58289259318,3606.55655180486,1667.82927472757,4012.31016967047
"2018-07-20 20:00:00",3124,2278.97407298233,1512.48724337649,3045.46090258817,1106.73362551088,3451.21452045378
"2018-07-20 21:00:00",3121,2117.85942191184,1351.372592306,2884.34625151768,945.618974440391,3290.09986938328
"2018-07-20 22:00:00",3032,1733.72452378177,967.237694175933,2500.21135338761,561.484076310327,2905.96497125322
"2018-07-20 23:00:00",2030,1104.57159046459,338.084760858746,1871.05842007043,-67.6688570068595,2276.81203793603
"2018-07-21 00:00:00",1235,587.400512818853,-179.086316786986,1353.88734242469,-584.839934652592,1759.6409602903
"2018-07-21 01:00:00",781,404.211163825191,-362.275665780648,1170.69799343103,-768.029283646254,1576.45161129664
"2018-07-21 02:00:00",648,361.004568679822,-405.482260926017,1127.49139828566,-811.235878791623,1533.24501615127
"2018-07-21 03:00:00",418,273.780887721297,-492.705941884543,1040.26771732714,-898.459559750149,1446.02133519274
"2018-07-21 04:00:00",478,265.54033103838,-500.94649856746,1032.02716064422,-906.700116433066,1437.78077850982
"2018-07-21 05:00:00",903,506.283485114354,-260.203344491485,1272.77031472019,-665.956962357091,1678.5239325858
"2018-07-21 06:00:00",1500,953.010614588089,186.523784982249,1719.49744419393,-219.229832883356,2125.25106205953
"2018-07-21 07:00:00",2236,1278.72201820825,512.235188602408,2045.20884781409,106.481570736802,2450.96246567969
"2018-07-21 08:00:00",3031,1457.41811293723,690.931283331388,2223.90494254307,285.177665465782,2629.65856040867
"2018-07-21 09:00:00",3883,1724.09919438026,957.612364774416,2490.58602398609,551.85874690881,2896.3396418517
"2018-07-21 10:00:00",4045,1947.76557309294,1181.2787434871,2714.25240269878,775.525125621495,3120.00602056439
"2018-07-21 11:00:00",4418,2123.41759313662,1356.93076353078,2889.90442274245,951.17714566517,3295.65804060806
"2018-07-21 12:00:00",4505,2118.05555068137,1351.56872107553,2884.54238028721,945.815103209925,3290.29599815282
"2018-07-21 13:00:00",4644,1958.67974552886,1192.19291592302,2725.1665751347,786.439298057414,3130.9201930003
"2018-07-21 14:00:00",4796,1794.2904837577,1027.80365415186,2560.77731336354,622.050036286257,2966.53093122915
"2018-07-21 15:00:00",4674,1853.88805039272,1087.40122078688,2620.37487999856,681.647602921273,3026.12849786416
"2018-07-21 16:00:00",4788,1434.47272869418,667.985899088338,2200.95955830002,262.232281222732,2606.71317616562
"2018-07-21 17:00:00",4562,1452.0447997665,685.55797016066,2218.53162937234,279.804352295054,2624.28524723794
"2018-07-21 18:00:00",4253,1042.60453353308,276.117703927244,1809.09136313892,-129.635913938362,2214.84498100453
"2018-07-21 19:00:00",3815,856.152195927441,89.6653663216017,1622.63902553328,-316.088251544004,2028.39264339889
"2018-07-21 20:00:00",3434,593.688048340723,-172.798781265117,1360.17487794656,-578.552399130723,1765.92849581217
"2018-07-21 21:00:00",3435,683.212344728872,-83.2744848769672,1449.69917433471,-489.028102742573,1855.45279220032
"2018-07-21 22:00:00",3131,570.72533431207,-195.76149529377,1337.21216391791,-601.515113159376,1742.96578178352
"2018-07-21 23:00:00",2292,503.227261282373,-263.259568323466,1269.71409088821,-669.013186189072,1675.46770875382
"2018-07-22 00:00:00",1408,330.718363939224,-435.768465666615,1097.20519354506,-841.522083532221,1502.95881141067
"2018-07-22 01:00:00",969,237.198875735628,-529.287953870211,1003.68570534147,-935.041571735817,1409.43932320707
"2018-07-22 02:00:00",749,176.669025185196,-589.817804420644,943.155854791035,-995.57142228625,1348.90947265664
"2018-07-22 03:00:00",344,130.12903565709,-636.35779394875,896.615865262929,-1042.11141181436,1302.36948312853
"2018-07-22 04:00:00",355,154.579125816769,-611.907703789071,921.065955422608,-1017.66132165468,1326.81957328821
"2018-07-22 05:00:00",525,281.019509637853,-485.467319967986,1047.50633924369,-891.220937833592,1453.2599571093
"2018-07-22 06:00:00",902,470.450396405397,-296.036433200442,1236.93722601124,-701.790051066048,1642.69084387684
"2018-07-22 07:00:00",1297,614.871990934358,-151.614838671482,1381.3588205402,-557.368456537088,1787.1124384058
"2018-07-22 08:00:00",2009,655.284493627657,-111.202335978183,1421.7713232335,-516.955953843789,1827.5249410991
"2018-07-22 09:00:00",2927,965.688100541289,199.20127093545,1732.17493014713,-206.552346930156,2137.92854801273
"2018-07-22 10:00:00",3711,1476.08300351948,709.596173913645,2242.56983312532,303.842556048039,2648.32345099093
"2018-07-22 11:00:00",4021,1776.46939026975,1009.98256066391,2542.95621987559,604.228942798305,2948.7098377412
"2018-07-22 12:00:00",4250,2019.84744444316,1253.36061483732,2786.334274049,847.606996971717,3192.08789191461
"2018-07-22 13:00:00",4491,2188.21734573633,1421.73051613049,2954.70417534217,1015.97689826488,3360.45779320777
"2018-07-22 14:00:00",4463,2389.57926997036,1623.09244036452,3156.0660995762,1217.33882249892,3561.81971744181
"2018-07-22 15:00:00",4657,2154.93338917192,1388.44655956608,2921.42021877776,982.692941700474,3327.17383664336
"2018-07-22 16:00:00",4875,2093.27987166006,1326.79304205422,2859.7667012659,921.039424188614,3265.5203191315
"2018-07-22 17:00:00",4657,1833.61888212373,1067.13205251789,2600.10571172956,661.37843465228,3005.85932959517
"2018-07-22 18:00:00",4098,1643.95058169936,877.463752093523,2410.4374113052,471.710134227917,2816.19102917081
"2018-07-22 19:00:00",3661,1402.27512804926,635.788298443416,2168.7619576551,230.03468057781,2574.5155755207
"2018-07-22 20:00:00",3135,1627.5926754355,861.105845829663,2394.07950504134,455.352227964057,2799.83312290695
"2018-07-22 21:00:00",2803,2794.90337479318,2028.41654518734,3561.39020439902,1622.66292732174,3967.14382226463
"2018-07-22 22:00:00",2224,1189.2073738027,422.720544196856,1955.69420340853,16.9669263312501,2361.44782127414
"2018-07-22 23:00:00",1397,692.504816959589,-73.9820126462502,1458.99164656543,-479.735630511856,1864.74526443103
"2018-07-23 00:00:00",714,54.0616901635926,-712.425139442247,820.548519769432,-1118.17875730785,1226.30213763504
"2018-07-23 01:00:00",402,-80.6535572954868,-847.140386901326,685.833272310353,-1252.89400476693,1091.58689017596
"2018-07-23 02:00:00",354,-105.374945549896,-871.861775155735,661.111884055944,-1277.61539302134,1066.86550192155
"2018-07-23 03:00:00",355,4.89765782889662,-761.589171776943,771.384487434736,-1167.34278964255,1177.13810530034
"2018-07-23 04:00:00",957,427.164382413588,-339.322447192251,1193.65121201943,-745.076065057857,1599.40482988503
"2018-07-23 05:00:00",3008,1886.42535498258,1119.93852537674,2652.91218458842,714.184907511134,3058.66580245402
"2018-07-23 06:00:00",5617,4012.68069958024,3246.1938699744,4779.16752918608,2840.44025210879,5184.92114705168
"2018-07-23 07:00:00",6306,4611.93053757588,3845.44370797004,5378.41736718172,3439.69009010444,5784.17098504733
"2018-07-23 08:00:00",5522,4112.17498772145,3345.68815811561,4878.66181732729,2939.93454025001,5284.4154351929
"2018-07-23 09:00:00",4735,3694.41416620795,2927.92733660211,4460.90099581379,2522.1737187365,4866.65461367939
"2018-07-23 10:00:00",4209,3275.64818672068,2509.16135711484,4042.13501632652,2103.40773924923,4447.88863419212
"2018-07-23 11:00:00",4485,3509.87716049328,2743.39033088744,4276.36399009912,2337.63671302184,4682.11760796473
"2018-07-23 12:00:00",4800,3799.10119636061,3032.61436675477,4565.58802596645,2626.86074888916,4971.34164383205
"2018-07-23 13:00:00",4475,3760.32040081042,2993.83357120459,4526.80723041626,2588.07995333898,4932.56084828187
"2018-07-23 14:00:00",4677,4037.53487803407,3271.04804842823,4804.02170763991,2865.29443056263,5209.77532550552
"2018-07-23 15:00:00",5413,4592.74472997595,3826.25790037011,5359.23155958179,3420.5042825045,5764.98517744739
"2018-07-23 16:00:00",6317,5438.950056382,4672.46322677616,6205.43688598784,4266.70960891055,6611.19050385344
"2018-07-23 17:00:00",5701,5218.15095484709,4451.66412524125,5984.63778445293,4045.91050737564,6390.39140231853
"2018-07-23 18:00:00",4293,3712.34752086143,2945.86069125559,4478.83435046727,2540.10707338999,4884.58796833288
"2018-07-23 19:00:00",3143,2630.53984785596,1864.05301825012,3397.0266774618,1458.29940038451,3802.7802953274
"2018-07-23 20:00:00",2833,2207.72802724671,1441.24119764087,2974.21485685255,1035.48757977527,3379.96847471816
"2018-07-23 21:00:00",2492,1751.91214847833,985.425318872489,2518.39897808417,579.671701006883,2924.15259594977
"2018-07-23 22:00:00",1690,1141.09229906653,374.605469460691,1907.57912867237,-31.1481484049148,2313.33274653798
"2018-07-23 23:00:00",1182,630.268564639732,-136.218264966107,1396.75539424557,-541.971882831713,1802.50901211118
"2018-07-24 00:00:00",638,516.175184459365,-250.311645146474,1282.6620140652,-656.06526301208,1688.41563193081
"2018-07-24 01:00:00",391,328.343929541197,-438.142900064642,1094.83075914704,-843.896517930248,1500.58437701264
"2018-07-24 02:00:00",297,263.509035572052,-502.977794033787,1029.99586517789,-908.731411899393,1435.7494830435
"2018-07-24 03:00:00",390,339.670581029428,-426.816248576411,1106.15741063527,-832.569866442017,1511.91102850087
"2018-07-24 04:00:00",891,890.828642698429,124.341813092589,1657.31547230427,-281.411804773017,2063.06909016987
"2018-07-24 05:00:00",3184,2840.98329570826,2074.49646610242,3607.4701253141,1668.74284823681,4013.2237431797
"2018-07-24 06:00:00",5782,5509.13461356792,4742.64778396208,6275.62144317376,4336.89416609648,6681.37506103937
"2018-07-24 07:00:00",6409,6201.2826682012,5434.79583859536,6967.76949780704,5029.04222072975,7373.52311567264
"2018-07-24 08:00:00",5658,5885.42752998078,5118.94070037494,6651.91435958661,4713.18708250933,7057.66797745222
"2018-07-24 09:00:00",4984,5670.56926776174,4904.08243815591,6437.05609736758,4498.3288202903,6842.80971523319
"2018-07-24 10:00:00",4386,4449.70794891431,3683.22111930847,5216.19477852015,3277.46750144287,5621.94839638576
"2018-07-24 11:00:00",4634,4708.84363935581,3942.35680974997,5475.33046896165,3536.60319188436,5881.08408682725
"2018-07-24 12:00:00",4805,4955.97640358205,4189.48957397621,5722.46323318788,3783.7359561106,6128.21685105349
"2018-07-24 13:00:00",4664,4907.10630469795,4140.61947509211,5673.59313430379,3734.8658572265,6079.34675216939
"2018-07-24 14:00:00",4944,5214.23340444757,4447.74657484173,5980.72023405341,4041.99295697612,6386.47385191901
"2018-07-24 15:00:00",5699,5838.35776324342,5071.87093363758,6604.84459284926,4666.11731577197,7010.59821071486
"2018-07-24 16:00:00",6558,6651.4794401952,5884.99261058936,7417.96626980104,5479.23899272375,7823.71988766664
"2018-07-24 17:00:00",5636,6271.59849313787,5505.11166353203,7038.08532274371,5099.35804566643,7443.83894060932
"2018-07-24 18:00:00",4430,4821.71497865919,4055.22814905335,5588.20180826503,3649.47453118775,5993.95542613064
"2018-07-24 19:00:00",3371,3475.82895212656,2709.34212252072,4242.31578173239,2303.58850465511,4648.069399598
"2018-07-24 20:00:00",3266,2871.94046771335,2105.45363810751,3638.42729731919,1699.7000202419,4044.18091518479
"2018-07-24 21:00:00",2727,3413.04957842469,2646.56274881885,4179.53640803053,2240.80913095324,4585.29002589613
"2018-07-24 22:00:00",2178,3289.15633612262,2522.66950651678,4055.64316572846,2116.91588865117,4461.39678359406
"2018-07-24 23:00:00",1269,1292.26079155075,525.773961944911,2058.74762115659,120.020344079305,2464.5012390222
"2018-07-25 00:00:00",664,481.628838878774,-284.857990727065,1248.11566848461,-690.611608592671,1653.86928635022
"2018-07-25 01:00:00",388,249.728837644545,-516.757991961294,1016.21566725038,-922.5116098269,1421.96928511599
"2018-07-25 02:00:00",290,86.8266798994277,-679.660149706412,853.313509505267,-1085.41376757202,1259.06712737087
"2018-07-25 03:00:00",372,176.922412149388,-589.564417456451,943.409241755227,-995.318035322057,1349.16285962083
"2018-07-25 04:00:00",955,631.016079897473,-135.470749708366,1397.50290950331,-541.224367573972,1803.25652736892
"2018-07-25 05:00:00",3121,2642.10772766544,1875.6208980596,3408.59455727128,1469.867280194,3814.34817513689
"2018-07-25 06:00:00",5926,5599.19739901492,4832.71056940908,6365.68422862076,4426.95695154347,6771.43784648637
"2018-07-25 07:00:00",6595,6527.28513656812,5760.79830696228,7293.77196617396,5355.04468909667,7699.52558403956
"2018-07-25 08:00:00",5651,6270.37098202807,5503.88415242223,7036.85781163391,5098.13053455663,7442.61142949952
"2018-07-25 09:00:00",4974,5034.45497619849,4267.96814659265,5800.94180580433,3862.21452872704,6206.69542366993
"2018-07-25 10:00:00",4545,4407.53715900312,3641.05032939728,5174.02398860896,3235.29671153167,5579.77760647456
"2018-07-25 11:00:00",4879,4480.61756950474,3714.1307398989,5247.10439911058,3308.3771220333,5652.85801697619
"2018-07-25 12:00:00",4799,4669.69624592374,3903.2094163179,5436.18307552958,3497.45579845229,5841.93669339518
"2018-07-25 13:00:00",4860,4673.77322565626,3907.28639605042,5440.2600552621,3501.53277818481,5846.0136731277
"2018-07-25 14:00:00",5032,5093.84854529197,4327.36171568613,5860.33537489781,3921.60809782052,6266.08899276341
"2018-07-25 15:00:00",5826,5491.92224063148,4725.43541102565,6258.40907023732,4319.68179316004,6664.16268810293
"2018-07-25 16:00:00",6668,6678.99434670337,5912.50751709753,7445.48117630921,5506.75389923192,7851.23479417481
"2018-07-25 17:00:00",6108,6116.06489778077,5349.57806817493,6882.55172738661,4943.82445030932,7288.30534525221
"2018-07-25 18:00:00",4459,4320.13392739772,3553.64709779188,5086.62075700356,3147.89347992628,5492.37437486917
"2018-07-25 19:00:00",3473,3050.2014683651,2283.71463875926,3816.68829797094,1877.96102089366,4222.44191583655
"2018-07-25 20:00:00",3053,2691.26755278618,1924.78072318034,3457.75438239202,1519.02710531474,3863.50800025763
"2018-07-25 21:00:00",3072,2261.33221207194,1494.8453824661,3027.81904167778,1089.0917646005,3433.57265954339
"2018-07-25 22:00:00",2422,1383.39547695595,616.908647350111,2149.88230656179,211.155029484505,2555.6359244274
"2018-07-25 23:00:00",1922,742.457377509009,-24.02945209683,1508.94420711485,-429.783069962436,1914.69782498045
"2018-07-26 00:00:00",750,558.252098633051,-208.234730972789,1324.73892823889,-613.988348838395,1730.4925461045
"2018-07-26 01:00:00",411,348.31135815663,-418.175471449209,1114.79818776247,-823.929089314815,1520.55180562808
"2018-07-26 02:00:00",306,272.369339726358,-494.117489879482,1038.8561693322,-899.871107745088,1444.6097871978
"2018-07-26 03:00:00",409,358.426070901789,-408.060758704051,1124.91290050763,-813.814376569657,1530.66651837323
"2018-07-26 04:00:00",911,906.481578648144,139.994749042305,1672.96840825398,-265.758868823301,2078.72202611959
"2018-07-26 05:00:00",3147,2882.53588934913,2116.04905974329,3649.02271895497,1710.29544187769,4054.77633682058
"2018-07-26 06:00:00",5813,5712.58902881948,4946.10219921364,6479.07585842532,4540.34858134804,6884.82947629093
"2018-07-26 07:00:00",6299,6458.64102231723,5692.15419271139,7225.12785192307,5286.40057484578,7630.88146978867
"2018-07-26 08:00:00",5866,6043.69189455569,5277.20506494985,6810.17872416153,4871.45144708425,7215.93234202714
"2018-07-26 09:00:00",4925,5839.74166971525,5073.25484010941,6606.22849932109,4667.50122224381,7011.9821171867
"2018-07-26 10:00:00",4390,4879.79037145483,4113.30354184899,5646.27720106067,3707.54992398338,6052.03081892627
"2018-07-26 11:00:00",4654,5032.83802292313,4266.35119331729,5799.32485252897,3860.59757545168,6205.07847039457
"2018-07-26 12:00:00",4806,5024.88464676964,4258.3978171638,5791.37147637548,3852.64419929819,6197.12509424109
"2018-07-26 13:00:00",5029,5299.72022626483,4533.23339665899,6066.20705587067,4127.47977879339,6471.96067373628
"2018-07-26 14:00:00",5264,5509.41726481314,4742.9304352073,6275.90409441897,4337.17681734169,6681.65771228458
"2018-07-26 15:00:00",5752,6204.75415099272,5438.26732138688,6971.24098059856,5032.51370352127,7376.99459846416
"2018-07-26 16:00:00",6566,7153.50564935352,6387.01881974768,7919.99247895936,5981.26520188208,8325.74609682497
"2018-07-26 17:00:00",5905,6739.47284503907,5972.98601543323,7505.95967464491,5567.23239756763,7911.71329251052
"2018-07-26 18:00:00",4555,5000.66435718434,4234.1775275785,5767.15118679018,3828.42390971289,6172.90480465578
"2018-07-26 19:00:00",3707,3630.40231443734,2863.9154848315,4396.88914404318,2458.1618669659,4802.64276190879
"2018-07-26 20:00:00",3154,3012.90295590594,2246.4161263001,3779.38978551178,1840.6625084345,4185.14340337739
"2018-07-26 21:00:00",3206,2697.02286120923,1930.5360316034,3463.50969081507,1524.78241373779,3869.26330868068
"2018-07-26 22:00:00",2959,1987.76771350457,1221.28088389873,2754.25454311041,815.527266033123,3160.00816097601
"2018-07-26 23:00:00",1412,1103.02632582715,336.53949622131,1869.51315543299,-69.2141216442956,2275.2667732986
"2018-07-27 00:00:00",774,570.422216078594,-196.064613527246,1336.90904568443,-601.818231392852,1742.66266355004
"2018-07-27 01:00:00",456,325.167510272533,-441.319319333307,1091.65433987837,-847.072937198913,1497.40795774398
"2018-07-27 02:00:00",344,245.173139577515,-521.313690028324,1011.65996918335,-927.06730789393,1417.41358704896
"2018-07-27 03:00:00",390,296.849778361978,-469.637051243861,1063.33660796782,-875.390669109467,1469.09022583342
"2018-07-27 04:00:00",836,787.902686271751,21.415856665912,1554.38951587759,-384.337761199694,1960.1431337432
"2018-07-27 05:00:00",2945,2664.06525079102,1897.57842118518,3430.55208039686,1491.82480331958,3836.30569826247
"2018-07-27 06:00:00",5353,5370.42389337041,4603.93706376457,6136.91072297625,4198.18344589897,6542.66434084186
"2018-07-27 07:00:00",5950,6530.54001687428,5764.05318726844,7297.02684648012,5358.29956940284,7702.78046434573
"2018-07-27 08:00:00",5232,5840.69103143054,5074.2042018247,6607.17786103638,4668.45058395909,7012.93147890198
"2018-07-27 09:00:00",4674,5174.88671008583,4408.39988047999,5941.37353969167,4002.64626261438,6347.12715755728
"2018-07-27 10:00:00",4571,4801.98007794185,4035.49324833601,5568.46690754769,3629.7396304704,5974.22052541329
"2018-07-27 11:00:00",4813,5183.07491220316,4416.58808259732,5949.561741809,4010.83446473171,6355.3153596746
"2018-07-27 12:00:00",5121,5253.16752179865,4486.68069219281,6019.65435140449,4080.9270743272,6425.40796927009
"2018-07-27 13:00:00",5228,5126.20937697138,4359.72254736554,5892.69620657722,3953.96892949993,6298.44982444282
"2018-07-27 14:00:00",5400,5283.23904668957,4516.75221708373,6049.72587629541,4110.99859921812,6455.47949416101
"2018-07-27 15:00:00",5795,5907.25291379745,5140.76608419161,6673.73974340329,4735.012466326,7079.49336126889
"2018-07-27 16:00:00",6254,6641.23534474973,5874.74851514389,7407.72217435557,5468.99489727828,7813.47579222117
"2018-07-27 17:00:00",5160,5643.20070275907,4876.71387315323,6409.68753236491,4470.96025528762,6815.44115023051
"2018-07-27 18:00:00",4303,4124.1470864496,3357.66025684376,4890.63391605544,2951.90663897816,5296.38753392105
"2018-07-27 19:00:00",3506,2840.06972219902,2073.58289259318,3606.55655180486,1667.82927472757,4012.31016967047
"2018-07-27 20:00:00",3184,2278.97407298233,1512.48724337649,3045.46090258817,1106.73362551088,3451.21452045378
"2018-07-27 21:00:00",3191,2117.85942191184,1351.372592306,2884.34625151768,945.618974440391,3290.09986938328
"2018-07-27 22:00:00",3112,1733.72452378177,967.237694175933,2500.21135338761,561.484076310327,2905.96497125322
"2018-07-27 23:00:00",2048,1104.57159046459,338.084760858746,1871.05842007043,-67.6688570068595,2276.81203793603
"2018-07-28 00:00:00",1225,587.400512818853,-179.086316786986,1353.88734242469,-584.839934652592,1759.6409602903
"2018-07-28 01:00:00",871,404.211163825191,-362.275665780648,1170.69799343103,-768.029283646254,1576.45161129664
"2018-07-28 02:00:00",581,361.004568679822,-405.482260926017,1127.49139828566,-811.235878791623,1533.24501615127
"2018-07-28 03:00:00",384,273.780887721297,-492.705941884543,1040.26771732714,-898.459559750149,1446.02133519274
"2018-07-28 04:00:00",451,265.54033103838,-500.94649856746,1032.02716064422,-906.700116433066,1437.78077850982
"2018-07-28 05:00:00",902,506.283485114354,-260.203344491485,1272.77031472019,-665.956962357091,1678.5239325858
"2018-07-28 06:00:00",1530,953.010614588089,186.523784982249,1719.49744419393,-219.229832883356,2125.25106205953
"2018-07-28 07:00:00",1974,1278.72201820825,512.235188602408,2045.20884781409,106.481570736802,2450.96246567969
"2018-07-28 08:00:00",2713,1457.41811293723,690.931283331388,2223.90494254307,285.177665465782,2629.65856040867
"2018-07-28 09:00:00",3457,1724.09919438026,957.612364774416,2490.58602398609,551.85874690881,2896.3396418517
"2018-07-28 10:00:00",3639,1947.76557309294,1181.2787434871,2714.25240269878,775.525125621495,3120.00602056439
"2018-07-28 11:00:00",4009,2123.41759313662,1356.93076353078,2889.90442274245,951.17714566517,3295.65804060806
"2018-07-28 12:00:00",4158,2118.05555068137,1351.56872107553,2884.54238028721,945.815103209925,3290.29599815282
"2018-07-28 13:00:00",4229,1958.67974552886,1192.19291592302,2725.1665751347,786.439298057414,3130.9201930003
"2018-07-28 14:00:00",4175,1794.2904837577,1027.80365415186,2560.77731336354,622.050036286257,2966.53093122915
"2018-07-28 15:00:00",3948,1853.88805039272,1087.40122078688,2620.37487999856,681.647602921273,3026.12849786416
"2018-07-28 16:00:00",3974,1434.47272869418,667.985899088338,2200.95955830002,262.232281222732,2606.71317616562
"2018-07-28 17:00:00",4007,1452.0447997665,685.55797016066,2218.53162937234,279.804352295054,2624.28524723794
"2018-07-28 18:00:00",3657,1042.60453353308,276.117703927244,1809.09136313892,-129.635913938362,2214.84498100453
"2018-07-28 19:00:00",3247,856.152195927441,89.6653663216017,1622.63902553328,-316.088251544004,2028.39264339889
"2018-07-28 20:00:00",2937,593.688048340723,-172.798781265117,1360.17487794656,-578.552399130723,1765.92849581217
"2018-07-28 21:00:00",3001,683.212344728872,-83.2744848769672,1449.69917433471,-489.028102742573,1855.45279220032
"2018-07-28 22:00:00",3005,570.72533431207,-195.76149529377,1337.21216391791,-601.515113159376,1742.96578178352
"2018-07-28 23:00:00",1968,503.227261282373,-263.259568323466,1269.71409088821,-669.013186189072,1675.46770875382
"2018-07-29 00:00:00",1487,330.718363939224,-435.768465666615,1097.20519354506,-841.522083532221,1502.95881141067
"2018-07-29 01:00:00",924,237.198875735628,-529.287953870211,1003.68570534147,-935.041571735817,1409.43932320707
"2018-07-29 02:00:00",869,176.669025185196,-589.817804420644,943.155854791035,-995.57142228625,1348.90947265664
"2018-07-29 03:00:00",546,130.12903565709,-636.35779394875,896.615865262929,-1042.11141181436,1302.36948312853
"2018-07-29 04:00:00",378,154.579125816769,-611.907703789071,921.065955422608,-1017.66132165468,1326.81957328821
"2018-07-29 05:00:00",657,281.019509637853,-485.467319967986,1047.50633924369,-891.220937833592,1453.2599571093
"2018-07-29 06:00:00",1210,470.450396405397,-296.036433200442,1236.93722601124,-701.790051066048,1642.69084387684
"2018-07-29 07:00:00",1286,614.871990934358,-151.614838671482,1381.3588205402,-557.368456537088,1787.1124384058
"2018-07-29 08:00:00",1866,655.284493627657,-111.202335978183,1421.7713232335,-516.955953843789,1827.5249410991
"2018-07-29 09:00:00",2855,965.688100541289,199.20127093545,1732.17493014713,-206.552346930156,2137.92854801273
"2018-07-29 10:00:00",3500,1476.08300351948,709.596173913645,2242.56983312532,303.842556048039,2648.32345099093
"2018-07-29 11:00:00",3824,1776.46939026975,1009.98256066391,2542.95621987559,604.228942798305,2948.7098377412
"2018-07-29 12:00:00",4016,2019.84744444316,1253.36061483732,2786.334274049,847.606996971717,3192.08789191461
"2018-07-29 13:00:00",4489,2188.21734573633,1421.73051613049,2954.70417534217,1015.97689826488,3360.45779320777
"2018-07-29 14:00:00",4435,2389.57926997036,1623.09244036452,3156.0660995762,1217.33882249892,3561.81971744181
"2018-07-29 15:00:00",4412,2154.93338917192,1388.44655956608,2921.42021877776,982.692941700474,3327.17383664336
"2018-07-29 16:00:00",4485,2093.27987166006,1326.79304205422,2859.7667012659,921.039424188614,3265.5203191315
"2018-07-29 17:00:00",4146,1833.61888212373,1067.13205251789,2600.10571172956,661.37843465228,3005.85932959517
"2018-07-29 18:00:00",3947,1643.95058169936,877.463752093523,2410.4374113052,471.710134227917,2816.19102917081
"2018-07-29 19:00:00",3604,1402.27512804926,635.788298443416,2168.7619576551,230.03468057781,2574.5155755207
"2018-07-29 20:00:00",3344,1627.5926754355,861.105845829663,2394.07950504134,455.352227964057,2799.83312290695
"2018-07-29 21:00:00",2794,2794.90337479318,2028.41654518734,3561.39020439902,1622.66292732174,3967.14382226463
"2018-07-29 22:00:00",2084,1189.2073738027,422.720544196856,1955.69420340853,16.9669263312501,2361.44782127414
"2018-07-29 23:00:00",1224,692.504816959589,-73.9820126462502,1458.99164656543,-479.735630511856,1864.74526443103
"2018-07-30 00:00:00",640,54.0616901635926,-712.425139442247,820.548519769432,-1118.17875730785,1226.30213763504
"2018-07-30 01:00:00",384,-80.6535572954868,-847.140386901326,685.833272310353,-1252.89400476693,1091.58689017596
"2018-07-30 02:00:00",317,-105.374945549896,-871.861775155735,661.111884055944,-1277.61539302134,1066.86550192155
"2018-07-30 03:00:00",333,4.89765782889662,-761.589171776943,771.384487434736,-1167.34278964255,1177.13810530034
"2018-07-30 04:00:00",915,427.164382413588,-339.322447192251,1193.65121201943,-745.076065057857,1599.40482988503
"2018-07-30 05:00:00",3051,1886.42535498258,1119.93852537674,2652.91218458842,714.184907511134,3058.66580245402
"2018-07-30 06:00:00",5560,4012.68069958024,3246.1938699744,4779.16752918608,2840.44025210879,5184.92114705168
"2018-07-30 07:00:00",6313,4611.93053757588,3845.44370797004,5378.41736718172,3439.69009010444,5784.17098504733
"2018-07-30 08:00:00",5427,4112.17498772145,3345.68815811561,4878.66181732729,2939.93454025001,5284.4154351929
"2018-07-30 09:00:00",4638,3694.41416620795,2927.92733660211,4460.90099581379,2522.1737187365,4866.65461367939
"2018-07-30 10:00:00",4233,3275.64818672068,2509.16135711484,4042.13501632652,2103.40773924923,4447.88863419212
"2018-07-30 11:00:00",4491,3509.87716049328,2743.39033088744,4276.36399009912,2337.63671302184,4682.11760796473
"2018-07-30 12:00:00",4522,3799.10119636061,3032.61436675477,4565.58802596645,2626.86074888916,4971.34164383205
"2018-07-30 13:00:00",4625,3760.32040081042,2993.83357120459,4526.80723041626,2588.07995333898,4932.56084828187
"2018-07-30 14:00:00",4808,4037.53487803407,3271.04804842823,4804.02170763991,2865.29443056263,5209.77532550552
"2018-07-30 15:00:00",5483,4592.74472997595,3826.25790037011,5359.23155958179,3420.5042825045,5764.98517744739
"2018-07-30 16:00:00",5632,5438.950056382,4672.46322677616,6205.43688598784,4266.70960891055,6611.19050385344
"2018-07-30 17:00:00",5590,5218.15095484709,4451.66412524125,5984.63778445293,4045.91050737564,6390.39140231853
"2018-07-30 18:00:00",4288,3712.34752086143,2945.86069125559,4478.83435046727,2540.10707338999,4884.58796833288
"2018-07-30 19:00:00",3190,2630.53984785596,1864.05301825012,3397.0266774618,1458.29940038451,3802.7802953274
"2018-07-30 20:00:00",2911,2207.72802724671,1441.24119764087,2974.21485685255,1035.48757977527,3379.96847471816
"2018-07-30 21:00:00",2431,1751.91214847833,985.425318872489,2518.39897808417,579.671701006883,2924.15259594977
"2018-07-30 22:00:00",1742,1141.09229906653,374.605469460691,1907.57912867237,-31.1481484049148,2313.33274653798
"2018-07-30 23:00:00",1116,630.268564639732,-136.218264966107,1396.75539424557,-541.971882831713,1802.50901211118
"2018-07-31 00:00:00",625,516.175184459365,-250.311645146474,1282.6620140652,-656.06526301208,1688.41563193081
"2018-07-31 01:00:00",368,328.343929541197,-438.142900064642,1094.83075914704,-843.896517930248,1500.58437701264
"2018-07-31 02:00:00",299,263.509035572052,-502.977794033787,1029.99586517789,-908.731411899393,1435.7494830435
"2018-07-31 03:00:00",352,339.670581029428,-426.816248576411,1106.15741063527,-832.569866442017,1511.91102850087
"2018-07-31 04:00:00",819,890.828642698429,124.341813092589,1657.31547230427,-281.411804773017,2063.06909016987
"2018-07-31 05:00:00",2764,2840.98329570826,2074.49646610242,3607.4701253141,1668.74284823681,4013.2237431797
"2018-07-31 06:00:00",4240,5509.13461356792,4742.64778396208,6275.62144317376,4336.89416609648,6681.37506103937
"2018-07-31 07:00:00",5655,6201.2826682012,5434.79583859536,6967.76949780704,5029.04222072975,7373.52311567264
"2018-07-31 08:00:00",5960,5885.42752998078,5118.94070037494,6651.91435958661,4713.18708250933,7057.66797745222
"2018-07-31 09:00:00",4925,5670.56926776174,4904.08243815591,6437.05609736758,4498.3288202903,6842.80971523319
"2018-07-31 10:00:00",4455,4449.70794891431,3683.22111930847,5216.19477852015,3277.46750144287,5621.94839638576
"2018-07-31 11:00:00",4727,4708.84363935581,3942.35680974997,5475.33046896165,3536.60319188436,5881.08408682725
"2018-07-31 12:00:00",4998,4955.97640358205,4189.48957397621,5722.46323318788,3783.7359561106,6128.21685105349
"2018-07-31 13:00:00",4875,4907.10630469795,4140.61947509211,5673.59313430379,3734.8658572265,6079.34675216939
"2018-07-31 14:00:00",4922,5214.23340444757,4447.74657484173,5980.72023405341,4041.99295697612,6386.47385191901
"2018-07-31 15:00:00",5722,5838.35776324342,5071.87093363758,6604.84459284926,4666.11731577197,7010.59821071486
"2018-07-31 16:00:00",6357,6651.4794401952,5884.99261058936,7417.96626980104,5479.23899272375,7823.71988766664
"2018-07-31 17:00:00",5912,6271.59849313787,5505.11166353203,7038.08532274371,5099.35804566643,7443.83894060932
"2018-07-31 18:00:00",4740,4821.71497865919,4055.22814905335,5588.20180826503,3649.47453118775,5993.95542613064
"2018-07-31 19:00:00",3288,3475.82895212656,2709.34212252072,4242.31578173239,2303.58850465511,4648.069399598
"2018-07-31 20:00:00",3076,2871.94046771335,2105.45363810751,3638.42729731919,1699.7000202419,4044.18091518479
"2018-07-31 21:00:00",2686,3413.04957842469,2646.56274881885,4179.53640803053,2240.80913095324,4585.29002589613
"2018-07-31 22:00:00",2152,3289.15633612262,2522.66950651678,4055.64316572846,2116.91588865117,4461.39678359406
"2018-07-31 23:00:00",1263,1292.26079155075,525.773961944911,2058.74762115659,120.020344079305,2464.5012390222
"2018-08-01 00:00:00",662,481.628838878774,-284.857990727065,1248.11566848461,-690.611608592671,1653.86928635022
"2018-08-01 01:00:00",398,249.728837644545,-516.757991961294,1016.21566725038,-922.5116098269,1421.96928511599
"2018-08-01 02:00:00",352,86.8266798994277,-679.660149706412,853.313509505267,-1085.41376757202,1259.06712737087
"2018-08-01 03:00:00",409,176.922412149388,-589.564417456451,943.409241755227,-995.318035322057,1349.16285962083
"2018-08-01 04:00:00",908,631.016079897473,-135.470749708366,1397.50290950331,-541.224367573972,1803.25652736892
"2018-08-01 05:00:00",3063,2642.10772766544,1875.6208980596,3408.59455727128,1469.867280194,3814.34817513689
"2018-08-01 06:00:00",5431,5599.19739901492,4832.71056940908,6365.68422862076,4426.95695154347,6771.43784648637
"2018-08-01 07:00:00",5853,6527.28513656812,5760.79830696228,7293.77196617396,5355.04468909667,7699.52558403956
"2018-08-01 08:00:00",5873,6270.37098202807,5503.88415242223,7036.85781163391,5098.13053455663,7442.61142949952
"2018-08-01 09:00:00",5068,5034.45497619849,4267.96814659265,5800.94180580433,3862.21452872704,6206.69542366993
"2018-08-01 10:00:00",4665,4407.53715900312,3641.05032939728,5174.02398860896,3235.29671153167,5579.77760647456
"2018-08-01 11:00:00",4986,4480.61756950474,3714.1307398989,5247.10439911058,3308.3771220333,5652.85801697619
"2018-08-01 12:00:00",5141,4669.69624592374,3903.2094163179,5436.18307552958,3497.45579845229,5841.93669339518
"2018-08-01 13:00:00",4874,4673.77322565626,3907.28639605042,5440.2600552621,3501.53277818481,5846.0136731277
"2018-08-01 14:00:00",5044,5093.84854529197,4327.36171568613,5860.33537489781,3921.60809782052,6266.08899276341
"2018-08-01 15:00:00",5655,5491.92224063148,4725.43541102565,6258.40907023732,4319.68179316004,6664.16268810293
"2018-08-01 16:00:00",6455,6678.99434670337,5912.50751709753,7445.48117630921,5506.75389923192,7851.23479417481
"2018-08-01 17:00:00",5773,6116.06489778077,5349.57806817493,6882.55172738661,4943.82445030932,7288.30534525221
"2018-08-01 18:00:00",4500,4320.13392739772,3553.64709779188,5086.62075700356,3147.89347992628,5492.37437486917
"2018-08-01 19:00:00",3389,3050.2014683651,2283.71463875926,3816.68829797094,1877.96102089366,4222.44191583655
"2018-08-01 20:00:00",2992,2691.26755278618,1924.78072318034,3457.75438239202,1519.02710531474,3863.50800025763
"2018-08-01 21:00:00",2559,2261.33221207194,1494.8453824661,3027.81904167778,1089.0917646005,3433.57265954339
"2018-08-01 22:00:00",2344,1383.39547695595,616.908647350111,2149.88230656179,211.155029484505,2555.6359244274
"2018-08-01 23:00:00",1320,742.457377509009,-24.02945209683,1508.94420711485,-429.783069962436,1914.69782498045
"2018-08-02 00:00:00",709,558.252098633051,-208.234730972789,1324.73892823889,-613.988348838395,1730.4925461045
"2018-08-02 01:00:00",413,348.31135815663,-418.175471449209,1114.79818776247,-823.929089314815,1520.55180562808
"2018-08-02 02:00:00",324,272.369339726358,-494.117489879482,1038.8561693322,-899.871107745088,1444.6097871978
"2018-08-02 03:00:00",403,358.426070901789,-408.060758704051,1124.91290050763,-813.814376569657,1530.66651837323
"2018-08-02 04:00:00",887,906.481578648144,139.994749042305,1672.96840825398,-265.758868823301,2078.72202611959
"2018-08-02 05:00:00",3091,2882.53588934913,2116.04905974329,3649.02271895497,1710.29544187769,4054.77633682058
"2018-08-02 06:00:00",5589,5712.58902881948,4946.10219921364,6479.07585842532,4540.34858134804,6884.82947629093
"2018-08-02 07:00:00",6435,6458.64102231723,5692.15419271139,7225.12785192307,5286.40057484578,7630.88146978867
"2018-08-02 08:00:00",5736,6043.69189455569,5277.20506494985,6810.17872416153,4871.45144708425,7215.93234202714
"2018-08-02 09:00:00",4976,5839.74166971525,5073.25484010941,6606.22849932109,4667.50122224381,7011.9821171867
"2018-08-02 10:00:00",4388,4879.79037145483,4113.30354184899,5646.27720106067,3707.54992398338,6052.03081892627
"2018-08-02 11:00:00",4652,5032.83802292313,4266.35119331729,5799.32485252897,3860.59757545168,6205.07847039457
"2018-08-02 12:00:00",4977,5024.88464676964,4258.3978171638,5791.37147637548,3852.64419929819,6197.12509424109
"2018-08-02 13:00:00",4931,5299.72022626483,4533.23339665899,6066.20705587067,4127.47977879339,6471.96067373628
"2018-08-02 14:00:00",5104,5509.41726481314,4742.9304352073,6275.90409441897,4337.17681734169,6681.65771228458
"2018-08-02 15:00:00",5707,6204.75415099272,5438.26732138688,6971.24098059856,5032.51370352127,7376.99459846416
"2018-08-02 16:00:00",6303,7153.50564935352,6387.01881974768,7919.99247895936,5981.26520188208,8325.74609682497
"2018-08-02 17:00:00",5783,6739.47284503907,5972.98601543323,7505.95967464491,5567.23239756763,7911.71329251052
"2018-08-02 18:00:00",4569,5000.66435718434,4234.1775275785,5767.15118679018,3828.42390971289,6172.90480465578
"2018-08-02 19:00:00",3570,3630.40231443734,2863.9154848315,4396.88914404318,2458.1618669659,4802.64276190879
"2018-08-02 20:00:00",3103,3012.90295590594,2246.4161263001,3779.38978551178,1840.6625084345,4185.14340337739
"2018-08-02 21:00:00",3023,2697.02286120923,1930.5360316034,3463.50969081507,1524.78241373779,3869.26330868068
"2018-08-02 22:00:00",2303,1987.76771350457,1221.28088389873,2754.25454311041,815.527266033123,3160.00816097601
"2018-08-02 23:00:00",1379,1103.02632582715,336.53949622131,1869.51315543299,-69.2141216442956,2275.2667732986
"2018-08-03 00:00:00",778,570.422216078594,-196.064613527246,1336.90904568443,-601.818231392852,1742.66266355004
"2018-08-03 01:00:00",435,325.167510272533,-441.319319333307,1091.65433987837,-847.072937198913,1497.40795774398
"2018-08-03 02:00:00",371,245.173139577515,-521.313690028324,1011.65996918335,-927.06730789393,1417.41358704896
"2018-08-03 03:00:00",398,296.849778361978,-469.637051243861,1063.33660796782,-875.390669109467,1469.09022583342
"2018-08-03 04:00:00",853,787.902686271751,21.415856665912,1554.38951587759,-384.337761199694,1960.1431337432
"2018-08-03 05:00:00",2900,2664.06525079102,1897.57842118518,3430.55208039686,1491.82480331958,3836.30569826247
"2018-08-03 06:00:00",5265,5370.42389337041,4603.93706376457,6136.91072297625,4198.18344589897,6542.66434084186
"2018-08-03 07:00:00",5783,6530.54001687428,5764.05318726844,7297.02684648012,5358.29956940284,7702.78046434573
"2018-08-03 08:00:00",5213,5840.69103143054,5074.2042018247,6607.17786103638,4668.45058395909,7012.93147890198
"2018-08-03 09:00:00",4577,5174.88671008583,4408.39988047999,5941.37353969167,4002.64626261438,6347.12715755728
"2018-08-03 10:00:00",4384,4801.98007794185,4035.49324833601,5568.46690754769,3629.7396304704,5974.22052541329
"2018-08-03 11:00:00",4820,5183.07491220316,4416.58808259732,5949.561741809,4010.83446473171,6355.3153596746
"2018-08-03 12:00:00",5073,5253.16752179865,4486.68069219281,6019.65435140449,4080.9270743272,6425.40796927009
"2018-08-03 13:00:00",5067,5126.20937697138,4359.72254736554,5892.69620657722,3953.96892949993,6298.44982444282
"2018-08-03 14:00:00",5456,5283.23904668957,4516.75221708373,6049.72587629541,4110.99859921812,6455.47949416101
"2018-08-03 15:00:00",5646,5907.25291379745,5140.76608419161,6673.73974340329,4735.012466326,7079.49336126889
"2018-08-03 16:00:00",5888,6641.23534474973,5874.74851514389,7407.72217435557,5468.99489727828,7813.47579222117
"2018-08-03 17:00:00",5135,5643.20070275907,4876.71387315323,6409.68753236491,4470.96025528762,6815.44115023051
"2018-08-03 18:00:00",4753,4124.1470864496,3357.66025684376,4890.63391605544,2951.90663897816,5296.38753392105
"2018-08-03 19:00:00",3767,2840.06972219902,2073.58289259318,3606.55655180486,1667.82927472757,4012.31016967047
"2018-08-03 20:00:00",3461,2278.97407298233,1512.48724337649,3045.46090258817,1106.73362551088,3451.21452045378
"2018-08-03 21:00:00",2632,2117.85942191184,1351.372592306,2884.34625151768,945.618974440391,3290.09986938328
"2018-08-03 22:00:00",2594,1733.72452378177,967.237694175933,2500.21135338761,561.484076310327,2905.96497125322
"2018-08-03 23:00:00",1833,1104.57159046459,338.084760858746,1871.05842007043,-67.6688570068595,2276.81203793603
"2018-08-04 00:00:00",1078,587.400512818853,-179.086316786986,1353.88734242469,-584.839934652592,1759.6409602903
"2018-08-04 01:00:00",668,404.211163825191,-362.275665780648,1170.69799343103,-768.029283646254,1576.45161129664
"2018-08-04 02:00:00",519,361.004568679822,-405.482260926017,1127.49139828566,-811.235878791623,1533.24501615127
"2018-08-04 03:00:00",362,273.780887721297,-492.705941884543,1040.26771732714,-898.459559750149,1446.02133519274
"2018-08-04 04:00:00",423,265.54033103838,-500.94649856746,1032.02716064422,-906.700116433066,1437.78077850982
"2018-08-04 05:00:00",850,506.283485114354,-260.203344491485,1272.77031472019,-665.956962357091,1678.5239325858
"2018-08-04 06:00:00",1427,953.010614588089,186.523784982249,1719.49744419393,-219.229832883356,2125.25106205953
"2018-08-04 07:00:00",1817,1278.72201820825,512.235188602408,2045.20884781409,106.481570736802,2450.96246567969
"2018-08-04 08:00:00",2559,1457.41811293723,690.931283331388,2223.90494254307,285.177665465782,2629.65856040867
"2018-08-04 09:00:00",3477,1724.09919438026,957.612364774416,2490.58602398609,551.85874690881,2896.3396418517
"2018-08-04 10:00:00",3962,1947.76557309294,1181.2787434871,2714.25240269878,775.525125621495,3120.00602056439
"2018-08-04 11:00:00",4236,2123.41759313662,1356.93076353078,2889.90442274245,951.17714566517,3295.65804060806
"2018-08-04 12:00:00",4263,2118.05555068137,1351.56872107553,2884.54238028721,945.815103209925,3290.29599815282
"2018-08-04 13:00:00",4552,1958.67974552886,1192.19291592302,2725.1665751347,786.439298057414,3130.9201930003
"2018-08-04 14:00:00",4379,1794.2904837577,1027.80365415186,2560.77731336354,622.050036286257,2966.53093122915
"2018-08-04 15:00:00",4493,1853.88805039272,1087.40122078688,2620.37487999856,681.647602921273,3026.12849786416
"2018-08-04 16:00:00",4300,1434.47272869418,667.985899088338,2200.95955830002,262.232281222732,2606.71317616562
"2018-08-04 17:00:00",4602,1452.0447997665,685.55797016066,2218.53162937234,279.804352295054,2624.28524723794
"2018-08-04 18:00:00",4087,1042.60453353308,276.117703927244,1809.09136313892,-129.635913938362,2214.84498100453
"2018-08-04 19:00:00",3237,856.152195927441,89.6653663216017,1622.63902553328,-316.088251544004,2028.39264339889
"2018-08-04 20:00:00",2962,593.688048340723,-172.798781265117,1360.17487794656,-578.552399130723,1765.92849581217
"2018-08-04 21:00:00",2938,683.212344728872,-83.2744848769672,1449.69917433471,-489.028102742573,1855.45279220032
"2018-08-04 22:00:00",2573,570.72533431207,-195.76149529377,1337.21216391791,-601.515113159376,1742.96578178352
"2018-08-04 23:00:00",2015,503.227261282373,-263.259568323466,1269.71409088821,-669.013186189072,1675.46770875382
"2018-08-05 00:00:00",1323,330.718363939224,-435.768465666615,1097.20519354506,-841.522083532221,1502.95881141067
"2018-08-05 01:00:00",812,237.198875735628,-529.287953870211,1003.68570534147,-935.041571735817,1409.43932320707
"2018-08-05 02:00:00",689,176.669025185196,-589.817804420644,943.155854791035,-995.57142228625,1348.90947265664
"2018-08-05 03:00:00",396,130.12903565709,-636.35779394875,896.615865262929,-1042.11141181436,1302.36948312853
"2018-08-05 04:00:00",356,154.579125816769,-611.907703789071,921.065955422608,-1017.66132165468,1326.81957328821
"2018-08-05 05:00:00",504,281.019509637853,-485.467319967986,1047.50633924369,-891.220937833592,1453.2599571093
"2018-08-05 06:00:00",962,470.450396405397,-296.036433200442,1236.93722601124,-701.790051066048,1642.69084387684
"2018-08-05 07:00:00",1210,614.871990934358,-151.614838671482,1381.3588205402,-557.368456537088,1787.1124384058
"2018-08-05 08:00:00",1903,655.284493627657,-111.202335978183,1421.7713232335,-516.955953843789,1827.5249410991
"2018-08-05 09:00:00",3030,965.688100541289,199.20127093545,1732.17493014713,-206.552346930156,2137.92854801273
"2018-08-05 10:00:00",3735,1476.08300351948,709.596173913645,2242.56983312532,303.842556048039,2648.32345099093
"2018-08-05 11:00:00",4072,1776.46939026975,1009.98256066391,2542.95621987559,604.228942798305,2948.7098377412
"2018-08-05 12:00:00",4454,2019.84744444316,1253.36061483732,2786.334274049,847.606996971717,3192.08789191461
"2018-08-05 13:00:00",4507,2188.21734573633,1421.73051613049,2954.70417534217,1015.97689826488,3360.45779320777
"2018-08-05 14:00:00",4396,2389.57926997036,1623.09244036452,3156.0660995762,1217.33882249892,3561.81971744181
"2018-08-05 15:00:00",4595,2154.93338917192,1388.44655956608,2921.42021877776,982.692941700474,3327.17383664336
"2018-08-05 16:00:00",4875,2093.27987166006,1326.79304205422,2859.7667012659,921.039424188614,3265.5203191315
"2018-08-05 17:00:00",4555,1833.61888212373,1067.13205251789,2600.10571172956,661.37843465228,3005.85932959517
"2018-08-05 18:00:00",4229,1643.95058169936,877.463752093523,2410.4374113052,471.710134227917,2816.19102917081
"2018-08-05 19:00:00",3684,1402.27512804926,635.788298443416,2168.7619576551,230.03468057781,2574.5155755207
"2018-08-05 20:00:00",3316,1627.5926754355,861.105845829663,2394.07950504134,455.352227964057,2799.83312290695
"2018-08-05 21:00:00",2735,2794.90337479318,2028.41654518734,3561.39020439902,1622.66292732174,3967.14382226463
"2018-08-05 22:00:00",2109,1189.2073738027,422.720544196856,1955.69420340853,16.9669263312501,2361.44782127414
"2018-08-05 23:00:00",1560,692.504816959589,-73.9820126462502,1458.99164656543,-479.735630511856,1864.74526443103
"2018-08-06 00:00:00",703,54.0616901635926,-712.425139442247,820.548519769432,-1118.17875730785,1226.30213763504
"2018-08-06 01:00:00",421,-80.6535572954868,-847.140386901326,685.833272310353,-1252.89400476693,1091.58689017596
"2018-08-06 02:00:00",327,-105.374945549896,-871.861775155735,661.111884055944,-1277.61539302134,1066.86550192155
"2018-08-06 03:00:00",375,4.89765782889662,-761.589171776943,771.384487434736,-1167.34278964255,1177.13810530034
"2018-08-06 04:00:00",890,427.164382413588,-339.322447192251,1193.65121201943,-745.076065057857,1599.40482988503
"2018-08-06 05:00:00",3047,1886.42535498258,1119.93852537674,2652.91218458842,714.184907511134,3058.66580245402
"2018-08-06 06:00:00",5580,4012.68069958024,3246.1938699744,4779.16752918608,2840.44025210879,5184.92114705168
"2018-08-06 07:00:00",6280,4611.93053757588,3845.44370797004,5378.41736718172,3439.69009010444,5784.17098504733
"2018-08-06 08:00:00",5582,4112.17498772145,3345.68815811561,4878.66181732729,2939.93454025001,5284.4154351929
"2018-08-06 09:00:00",4694,3694.41416620795,2927.92733660211,4460.90099581379,2522.1737187365,4866.65461367939
"2018-08-06 10:00:00",4357,3275.64818672068,2509.16135711484,4042.13501632652,2103.40773924923,4447.88863419212
"2018-08-06 11:00:00",4432,3509.87716049328,2743.39033088744,4276.36399009912,2337.63671302184,4682.11760796473
"2018-08-06 12:00:00",4606,3799.10119636061,3032.61436675477,4565.58802596645,2626.86074888916,4971.34164383205
"2018-08-06 13:00:00",4669,3760.32040081042,2993.83357120459,4526.80723041626,2588.07995333898,4932.56084828187
"2018-08-06 14:00:00",4814,4037.53487803407,3271.04804842823,4804.02170763991,2865.29443056263,5209.77532550552
"2018-08-06 15:00:00",5395,4592.74472997595,3826.25790037011,5359.23155958179,3420.5042825045,5764.98517744739
"2018-08-06 16:00:00",6651,5438.950056382,4672.46322677616,6205.43688598784,4266.70960891055,6611.19050385344
"2018-08-06 17:00:00",5590,5218.15095484709,4451.66412524125,5984.63778445293,4045.91050737564,6390.39140231853
"2018-08-06 18:00:00",4308,3712.34752086143,2945.86069125559,4478.83435046727,2540.10707338999,4884.58796833288
"2018-08-06 19:00:00",3314,2630.53984785596,1864.05301825012,3397.0266774618,1458.29940038451,3802.7802953274
"2018-08-06 20:00:00",2795,2207.72802724671,1441.24119764087,2974.21485685255,1035.48757977527,3379.96847471816
"2018-08-06 21:00:00",2330,1751.91214847833,985.425318872489,2518.39897808417,579.671701006883,2924.15259594977
"2018-08-06 22:00:00",1723,1141.09229906653,374.605469460691,1907.57912867237,-31.1481484049148,2313.33274653798
"2018-08-06 23:00:00",1148,630.268564639732,-136.218264966107,1396.75539424557,-541.971882831713,1802.50901211118
"2018-08-07 00:00:00",606,516.175184459365,-250.311645146474,1282.6620140652,-656.06526301208,1688.41563193081
"2018-08-07 01:00:00",376,328.343929541197,-438.142900064642,1094.83075914704,-843.896517930248,1500.58437701264
"2018-08-07 02:00:00",288,263.509035572052,-502.977794033787,1029.99586517789,-908.731411899393,1435.7494830435
"2018-08-07 03:00:00",362,339.670581029428,-426.816248576411,1106.15741063527,-832.569866442017,1511.91102850087
"2018-08-07 04:00:00",912,890.828642698429,124.341813092589,1657.31547230427,-281.411804773017,2063.06909016987
"2018-08-07 05:00:00",3153,2840.98329570826,2074.49646610242,3607.4701253141,1668.74284823681,4013.2237431797
"2018-08-07 06:00:00",5814,5509.13461356792,4742.64778396208,6275.62144317376,4336.89416609648,6681.37506103937
"2018-08-07 07:00:00",5655,6201.2826682012,5434.79583859536,6967.76949780704,5029.04222072975,7373.52311567264
"2018-08-07 08:00:00",5960,5885.42752998078,5118.94070037494,6651.91435958661,4713.18708250933,7057.66797745222
"2018-08-07 09:00:00",4925,5670.56926776174,4904.08243815591,6437.05609736758,4498.3288202903,6842.80971523319
"2018-08-07 10:00:00",4416,4449.70794891431,3683.22111930847,5216.19477852015,3277.46750144287,5621.94839638576
"2018-08-07 11:00:00",4515,4708.84363935581,3942.35680974997,5475.33046896165,3536.60319188436,5881.08408682725
"2018-08-07 12:00:00",4940,4955.97640358205,4189.48957397621,5722.46323318788,3783.7359561106,6128.21685105349
"2018-08-07 13:00:00",4726,4907.10630469795,4140.61947509211,5673.59313430379,3734.8658572265,6079.34675216939
"2018-08-07 14:00:00",5040,5214.23340444757,4447.74657484173,5980.72023405341,4041.99295697612,6386.47385191901
"2018-08-07 15:00:00",5555,5838.35776324342,5071.87093363758,6604.84459284926,4666.11731577197,7010.59821071486
"2018-08-07 16:00:00",6471,6651.4794401952,5884.99261058936,7417.96626980104,5479.23899272375,7823.71988766664
"2018-08-07 17:00:00",5656,6271.59849313787,5505.11166353203,7038.08532274371,5099.35804566643,7443.83894060932
"2018-08-07 18:00:00",4121,4821.71497865919,4055.22814905335,5588.20180826503,3649.47453118775,5993.95542613064
"2018-08-07 19:00:00",3272,3475.82895212656,2709.34212252072,4242.31578173239,2303.58850465511,4648.069399598
"2018-08-07 20:00:00",2888,2871.94046771335,2105.45363810751,3638.42729731919,1699.7000202419,4044.18091518479
"2018-08-07 21:00:00",2532,3413.04957842469,2646.56274881885,4179.53640803053,2240.80913095324,4585.29002589613
"2018-08-07 22:00:00",1771,3289.15633612262,2522.66950651678,4055.64316572846,2116.91588865117,4461.39678359406
"2018-08-07 23:00:00",1168,1292.26079155075,525.773961944911,2058.74762115659,120.020344079305,2464.5012390222
"2018-08-08 00:00:00",643,481.628838878774,-284.857990727065,1248.11566848461,-690.611608592671,1653.86928635022
"2018-08-08 01:00:00",393,249.728837644545,-516.757991961294,1016.21566725038,-922.5116098269,1421.96928511599
"2018-08-08 02:00:00",295,86.8266798994277,-679.660149706412,853.313509505267,-1085.41376757202,1259.06712737087
"2018-08-08 03:00:00",374,176.922412149388,-589.564417456451,943.409241755227,-995.318035322057,1349.16285962083
"2018-08-08 04:00:00",912,631.016079897473,-135.470749708366,1397.50290950331,-541.224367573972,1803.25652736892
"2018-08-08 05:00:00",3119,2642.10772766544,1875.6208980596,3408.59455727128,1469.867280194,3814.34817513689
"2018-08-08 06:00:00",5730,5599.19739901492,4832.71056940908,6365.68422862076,4426.95695154347,6771.43784648637
"2018-08-08 07:00:00",6430,6527.28513656812,5760.79830696228,7293.77196617396,5355.04468909667,7699.52558403956
"2018-08-08 08:00:00",5864,6270.37098202807,5503.88415242223,7036.85781163391,5098.13053455663,7442.61142949952
"2018-08-08 09:00:00",4902,5034.45497619849,4267.96814659265,5800.94180580433,3862.21452872704,6206.69542366993
"2018-08-08 10:00:00",4610,4407.53715900312,3641.05032939728,5174.02398860896,3235.29671153167,5579.77760647456
"2018-08-08 11:00:00",4838,4480.61756950474,3714.1307398989,5247.10439911058,3308.3771220333,5652.85801697619
"2018-08-08 12:00:00",5004,4669.69624592374,3903.2094163179,5436.18307552958,3497.45579845229,5841.93669339518
"2018-08-08 13:00:00",4741,4673.77322565626,3907.28639605042,5440.2600552621,3501.53277818481,5846.0136731277
"2018-08-08 14:00:00",5128,5093.84854529197,4327.36171568613,5860.33537489781,3921.60809782052,6266.08899276341
"2018-08-08 15:00:00",5798,5491.92224063148,4725.43541102565,6258.40907023732,4319.68179316004,6664.16268810293
"2018-08-08 16:00:00",6652,6678.99434670337,5912.50751709753,7445.48117630921,5506.75389923192,7851.23479417481
"2018-08-08 17:00:00",6043,6116.06489778077,5349.57806817493,6882.55172738661,4943.82445030932,7288.30534525221
"2018-08-08 18:00:00",4806,4320.13392739772,3553.64709779188,5086.62075700356,3147.89347992628,5492.37437486917
"2018-08-08 19:00:00",3655,3050.2014683651,2283.71463875926,3816.68829797094,1877.96102089366,4222.44191583655
"2018-08-08 20:00:00",3130,2691.26755278618,1924.78072318034,3457.75438239202,1519.02710531474,3863.50800025763
"2018-08-08 21:00:00",3267,2261.33221207194,1494.8453824661,3027.81904167778,1089.0917646005,3433.57265954339
"2018-08-08 22:00:00",2711,1383.39547695595,616.908647350111,2149.88230656179,211.155029484505,2555.6359244274
"2018-08-08 23:00:00",1478,742.457377509009,-24.02945209683,1508.94420711485,-429.783069962436,1914.69782498045
"2018-08-09 00:00:00",801,558.252098633051,-208.234730972789,1324.73892823889,-613.988348838395,1730.4925461045
"2018-08-09 01:00:00",482,348.31135815663,-418.175471449209,1114.79818776247,-823.929089314815,1520.55180562808
"2018-08-09 02:00:00",336,272.369339726358,-494.117489879482,1038.8561693322,-899.871107745088,1444.6097871978
"2018-08-09 03:00:00",379,358.426070901789,-408.060758704051,1124.91290050763,-813.814376569657,1530.66651837323
"2018-08-09 04:00:00",936,906.481578648144,139.994749042305,1672.96840825398,-265.758868823301,2078.72202611959
"2018-08-09 05:00:00",3022,2882.53588934913,2116.04905974329,3649.02271895497,1710.29544187769,4054.77633682058
"2018-08-09 06:00:00",5423,5712.58902881948,4946.10219921364,6479.07585842532,4540.34858134804,6884.82947629093
"2018-08-09 07:00:00",6313,6458.64102231723,5692.15419271139,7225.12785192307,5286.40057484578,7630.88146978867
"2018-08-09 08:00:00",5908,6043.69189455569,5277.20506494985,6810.17872416153,4871.45144708425,7215.93234202714
"2018-08-09 09:00:00",4788,5839.74166971525,5073.25484010941,6606.22849932109,4667.50122224381,7011.9821171867
"2018-08-09 10:00:00",4517,4879.79037145483,4113.30354184899,5646.27720106067,3707.54992398338,6052.03081892627
"2018-08-09 11:00:00",4675,5032.83802292313,4266.35119331729,5799.32485252897,3860.59757545168,6205.07847039457
"2018-08-09 12:00:00",4927,5024.88464676964,4258.3978171638,5791.37147637548,3852.64419929819,6197.12509424109
"2018-08-09 13:00:00",4990,5299.72022626483,4533.23339665899,6066.20705587067,4127.47977879339,6471.96067373628
"2018-08-09 14:00:00",5155,5509.41726481314,4742.9304352073,6275.90409441897,4337.17681734169,6681.65771228458
"2018-08-09 15:00:00",5654,6204.75415099272,5438.26732138688,6971.24098059856,5032.51370352127,7376.99459846416
"2018-08-09 16:00:00",6532,7153.50564935352,6387.01881974768,7919.99247895936,5981.26520188208,8325.74609682497
"2018-08-09 17:00:00",5871,6739.47284503907,5972.98601543323,7505.95967464491,5567.23239756763,7911.71329251052
"2018-08-09 18:00:00",4426,5000.66435718434,4234.1775275785,5767.15118679018,3828.42390971289,6172.90480465578
"2018-08-09 19:00:00",3530,3630.40231443734,2863.9154848315,4396.88914404318,2458.1618669659,4802.64276190879
"2018-08-09 20:00:00",3290,3012.90295590594,2246.4161263001,3779.38978551178,1840.6625084345,4185.14340337739
"2018-08-09 21:00:00",3176,2697.02286120923,1930.5360316034,3463.50969081507,1524.78241373779,3869.26330868068
"2018-08-09 22:00:00",2420,1987.76771350457,1221.28088389873,2754.25454311041,815.527266033123,3160.00816097601
"2018-08-09 23:00:00",1406,1103.02632582715,336.53949622131,1869.51315543299,-69.2141216442956,2275.2667732986
"2018-08-10 00:00:00",731,570.422216078594,-196.064613527246,1336.90904568443,-601.818231392852,1742.66266355004
"2018-08-10 01:00:00",471,325.167510272533,-441.319319333307,1091.65433987837,-847.072937198913,1497.40795774398
"2018-08-10 02:00:00",374,245.173139577515,-521.313690028324,1011.65996918335,-927.06730789393,1417.41358704896
"2018-08-10 03:00:00",404,296.849778361978,-469.637051243861,1063.33660796782,-875.390669109467,1469.09022583342
"2018-08-10 04:00:00",818,787.902686271751,21.415856665912,1554.38951587759,-384.337761199694,1960.1431337432
"2018-08-10 05:00:00",2854,2664.06525079102,1897.57842118518,3430.55208039686,1491.82480331958,3836.30569826247
"2018-08-10 06:00:00",5227,5370.42389337041,4603.93706376457,6136.91072297625,4198.18344589897,6542.66434084186
"2018-08-10 07:00:00",5950,6530.54001687428,5764.05318726844,7297.02684648012,5358.29956940284,7702.78046434573
"2018-08-10 08:00:00",5211,5840.69103143054,5074.2042018247,6607.17786103638,4668.45058395909,7012.93147890198
"2018-08-10 09:00:00",4584,5174.88671008583,4408.39988047999,5941.37353969167,4002.64626261438,6347.12715755728
"2018-08-10 10:00:00",4512,4801.98007794185,4035.49324833601,5568.46690754769,3629.7396304704,5974.22052541329
"2018-08-10 11:00:00",4796,5183.07491220316,4416.58808259732,5949.561741809,4010.83446473171,6355.3153596746
"2018-08-10 12:00:00",4941,5253.16752179865,4486.68069219281,6019.65435140449,4080.9270743272,6425.40796927009
"2018-08-10 13:00:00",5053,5126.20937697138,4359.72254736554,5892.69620657722,3953.96892949993,6298.44982444282
"2018-08-10 14:00:00",5367,5283.23904668957,4516.75221708373,6049.72587629541,4110.99859921812,6455.47949416101
"2018-08-10 15:00:00",5684,5907.25291379745,5140.76608419161,6673.73974340329,4735.012466326,7079.49336126889
"2018-08-10 16:00:00",5868,6641.23534474973,5874.74851514389,7407.72217435557,5468.99489727828,7813.47579222117
"2018-08-10 17:00:00",5309,5643.20070275907,4876.71387315323,6409.68753236491,4470.96025528762,6815.44115023051
"2018-08-10 18:00:00",4616,4124.1470864496,3357.66025684376,4890.63391605544,2951.90663897816,5296.38753392105
"2018-08-10 19:00:00",3713,2840.06972219902,2073.58289259318,3606.55655180486,1667.82927472757,4012.31016967047
"2018-08-10 20:00:00",3344,2278.97407298233,1512.48724337649,3045.46090258817,1106.73362551088,3451.21452045378
"2018-08-10 21:00:00",3374,2117.85942191184,1351.372592306,2884.34625151768,945.618974440391,3290.09986938328
"2018-08-10 22:00:00",3117,1733.72452378177,967.237694175933,2500.21135338761,561.484076310327,2905.96497125322
"2018-08-10 23:00:00",2271,1104.57159046459,338.084760858746,1871.05842007043,-67.6688570068595,2276.81203793603
"2018-08-11 00:00:00",1412,587.400512818853,-179.086316786986,1353.88734242469,-584.839934652592,1759.6409602903
"2018-08-11 01:00:00",831,404.211163825191,-362.275665780648,1170.69799343103,-768.029283646254,1576.45161129664
"2018-08-11 02:00:00",665,361.004568679822,-405.482260926017,1127.49139828566,-811.235878791623,1533.24501615127
"2018-08-11 03:00:00",423,273.780887721297,-492.705941884543,1040.26771732714,-898.459559750149,1446.02133519274
"2018-08-11 04:00:00",459,265.54033103838,-500.94649856746,1032.02716064422,-906.700116433066,1437.78077850982
"2018-08-11 05:00:00",876,506.283485114354,-260.203344491485,1272.77031472019,-665.956962357091,1678.5239325858
"2018-08-11 06:00:00",1560,953.010614588089,186.523784982249,1719.49744419393,-219.229832883356,2125.25106205953
"2018-08-11 07:00:00",2004,1278.72201820825,512.235188602408,2045.20884781409,106.481570736802,2450.96246567969
"2018-08-11 08:00:00",2806,1457.41811293723,690.931283331388,2223.90494254307,285.177665465782,2629.65856040867
"2018-08-11 09:00:00",3514,1724.09919438026,957.612364774416,2490.58602398609,551.85874690881,2896.3396418517
"2018-08-11 10:00:00",3971,1947.76557309294,1181.2787434871,2714.25240269878,775.525125621495,3120.00602056439
"2018-08-11 11:00:00",4198,2123.41759313662,1356.93076353078,2889.90442274245,951.17714566517,3295.65804060806
"2018-08-11 12:00:00",4310,2118.05555068137,1351.56872107553,2884.54238028721,945.815103209925,3290.29599815282
"2018-08-11 13:00:00",4262,1958.67974552886,1192.19291592302,2725.1665751347,786.439298057414,3130.9201930003
"2018-08-11 14:00:00",4280,1794.2904837577,1027.80365415186,2560.77731336354,622.050036286257,2966.53093122915
"2018-08-11 15:00:00",4188,1853.88805039272,1087.40122078688,2620.37487999856,681.647602921273,3026.12849786416
"2018-08-11 16:00:00",4305,1434.47272869418,667.985899088338,2200.95955830002,262.232281222732,2606.71317616562
"2018-08-11 17:00:00",4134,1452.0447997665,685.55797016066,2218.53162937234,279.804352295054,2624.28524723794
"2018-08-11 18:00:00",3920,1042.60453353308,276.117703927244,1809.09136313892,-129.635913938362,2214.84498100453
"2018-08-11 19:00:00",3567,856.152195927441,89.6653663216017,1622.63902553328,-316.088251544004,2028.39264339889
"2018-08-11 20:00:00",3362,593.688048340723,-172.798781265117,1360.17487794656,-578.552399130723,1765.92849581217
"2018-08-11 21:00:00",3378,683.212344728872,-83.2744848769672,1449.69917433471,-489.028102742573,1855.45279220032
"2018-08-11 22:00:00",3167,570.72533431207,-195.76149529377,1337.21216391791,-601.515113159376,1742.96578178352
"2018-08-11 23:00:00",2511,503.227261282373,-263.259568323466,1269.71409088821,-669.013186189072,1675.46770875382
"2018-08-12 00:00:00",1406,330.718363939224,-435.768465666615,1097.20519354506,-841.522083532221,1502.95881141067
"2018-08-12 01:00:00",868,237.198875735628,-529.287953870211,1003.68570534147,-935.041571735817,1409.43932320707
"2018-08-12 02:00:00",678,176.669025185196,-589.817804420644,943.155854791035,-995.57142228625,1348.90947265664
"2018-08-12 03:00:00",392,130.12903565709,-636.35779394875,896.615865262929,-1042.11141181436,1302.36948312853
"2018-08-12 04:00:00",365,154.579125816769,-611.907703789071,921.065955422608,-1017.66132165468,1326.81957328821
"2018-08-12 05:00:00",529,281.019509637853,-485.467319967986,1047.50633924369,-891.220937833592,1453.2599571093
"2018-08-12 06:00:00",984,470.450396405397,-296.036433200442,1236.93722601124,-701.790051066048,1642.69084387684
"2018-08-12 07:00:00",1196,614.871990934358,-151.614838671482,1381.3588205402,-557.368456537088,1787.1124384058
"2018-08-12 08:00:00",1850,655.284493627657,-111.202335978183,1421.7713232335,-516.955953843789,1827.5249410991
"2018-08-12 09:00:00",2713,965.688100541289,199.20127093545,1732.17493014713,-206.552346930156,2137.92854801273
"2018-08-12 10:00:00",3534,1476.08300351948,709.596173913645,2242.56983312532,303.842556048039,2648.32345099093
"2018-08-12 11:00:00",3856,1776.46939026975,1009.98256066391,2542.95621987559,604.228942798305,2948.7098377412
"2018-08-12 12:00:00",4037,2019.84744444316,1253.36061483732,2786.334274049,847.606996971717,3192.08789191461
"2018-08-12 13:00:00",4522,2188.21734573633,1421.73051613049,2954.70417534217,1015.97689826488,3360.45779320777
"2018-08-12 14:00:00",4468,2389.57926997036,1623.09244036452,3156.0660995762,1217.33882249892,3561.81971744181
"2018-08-12 15:00:00",4351,2154.93338917192,1388.44655956608,2921.42021877776,982.692941700474,3327.17383664336
"2018-08-12 16:00:00",4466,2093.27987166006,1326.79304205422,2859.7667012659,921.039424188614,3265.5203191315
"2018-08-12 17:00:00",4313,1833.61888212373,1067.13205251789,2600.10571172956,661.37843465228,3005.85932959517
"2018-08-12 18:00:00",4012,1643.95058169936,877.463752093523,2410.4374113052,471.710134227917,2816.19102917081
"2018-08-12 19:00:00",3658,1402.27512804926,635.788298443416,2168.7619576551,230.03468057781,2574.5155755207
"2018-08-12 20:00:00",3151,1627.5926754355,861.105845829663,2394.07950504134,455.352227964057,2799.83312290695
"2018-08-12 21:00:00",2708,2794.90337479318,2028.41654518734,3561.39020439902,1622.66292732174,3967.14382226463
"2018-08-12 22:00:00",1930,1189.2073738027,422.720544196856,1955.69420340853,16.9669263312501,2361.44782127414
"2018-08-12 23:00:00",1282,692.504816959589,-73.9820126462502,1458.99164656543,-479.735630511856,1864.74526443103
"2018-08-13 00:00:00",651,54.0616901635926,-712.425139442247,820.548519769432,-1118.17875730785,1226.30213763504
"2018-08-13 01:00:00",434,-80.6535572954868,-847.140386901326,685.833272310353,-1252.89400476693,1091.58689017596
"2018-08-13 02:00:00",355,-105.374945549896,-871.861775155735,661.111884055944,-1277.61539302134,1066.86550192155
"2018-08-13 03:00:00",348,4.89765782889662,-761.589171776943,771.384487434736,-1167.34278964255,1177.13810530034
"2018-08-13 04:00:00",924,427.164382413588,-339.322447192251,1193.65121201943,-745.076065057857,1599.40482988503
"2018-08-13 05:00:00",3025,1886.42535498258,1119.93852537674,2652.91218458842,714.184907511134,3058.66580245402
"2018-08-13 06:00:00",5546,4012.68069958024,3246.1938699744,4779.16752918608,2840.44025210879,5184.92114705168
"2018-08-13 07:00:00",6383,4611.93053757588,3845.44370797004,5378.41736718172,3439.69009010444,5784.17098504733
"2018-08-13 08:00:00",5642,4112.17498772145,3345.68815811561,4878.66181732729,2939.93454025001,5284.4154351929
"2018-08-13 09:00:00",4714,3694.41416620795,2927.92733660211,4460.90099581379,2522.1737187365,4866.65461367939
"2018-08-13 10:00:00",4216,3275.64818672068,2509.16135711484,4042.13501632652,2103.40773924923,4447.88863419212
"2018-08-13 11:00:00",4440,3509.87716049328,2743.39033088744,4276.36399009912,2337.63671302184,4682.11760796473
"2018-08-13 12:00:00",4673,3799.10119636061,3032.61436675477,4565.58802596645,2626.86074888916,4971.34164383205
"2018-08-13 13:00:00",4494,3760.32040081042,2993.83357120459,4526.80723041626,2588.07995333898,4932.56084828187
"2018-08-13 14:00:00",4811,4037.53487803407,3271.04804842823,4804.02170763991,2865.29443056263,5209.77532550552
"2018-08-13 15:00:00",5245,4592.74472997595,3826.25790037011,5359.23155958179,3420.5042825045,5764.98517744739
"2018-08-13 16:00:00",6163,5438.950056382,4672.46322677616,6205.43688598784,4266.70960891055,6611.19050385344
"2018-08-13 17:00:00",5603,5218.15095484709,4451.66412524125,5984.63778445293,4045.91050737564,6390.39140231853
"2018-08-13 18:00:00",4077,3712.34752086143,2945.86069125559,4478.83435046727,2540.10707338999,4884.58796833288
"2018-08-13 19:00:00",3247,2630.53984785596,1864.05301825012,3397.0266774618,1458.29940038451,3802.7802953274
"2018-08-13 20:00:00",2835,2207.72802724671,1441.24119764087,2974.21485685255,1035.48757977527,3379.96847471816
"2018-08-13 21:00:00",2615,1751.91214847833,985.425318872489,2518.39897808417,579.671701006883,2924.15259594977
"2018-08-13 22:00:00",1823,1141.09229906653,374.605469460691,1907.57912867237,-31.1481484049148,2313.33274653798
"2018-08-13 23:00:00",1117,630.268564639732,-136.218264966107,1396.75539424557,-541.971882831713,1802.50901211118
"2018-08-14 00:00:00",571,516.175184459365,-250.311645146474,1282.6620140652,-656.06526301208,1688.41563193081
"2018-08-14 01:00:00",394,328.343929541197,-438.142900064642,1094.83075914704,-843.896517930248,1500.58437701264
"2018-08-14 02:00:00",284,263.509035572052,-502.977794033787,1029.99586517789,-908.731411899393,1435.7494830435
"2018-08-14 03:00:00",340,339.670581029428,-426.816248576411,1106.15741063527,-832.569866442017,1511.91102850087
"2018-08-14 04:00:00",940,890.828642698429,124.341813092589,1657.31547230427,-281.411804773017,2063.06909016987
"2018-08-14 05:00:00",3184,2840.98329570826,2074.49646610242,3607.4701253141,1668.74284823681,4013.2237431797
"2018-08-14 06:00:00",5702,5509.13461356792,4742.64778396208,6275.62144317376,4336.89416609648,6681.37506103937
"2018-08-14 07:00:00",6573,6201.2826682012,5434.79583859536,6967.76949780704,5029.04222072975,7373.52311567264
"2018-08-14 08:00:00",5841,5885.42752998078,5118.94070037494,6651.91435958661,4713.18708250933,7057.66797745222
"2018-08-14 09:00:00",4766,5670.56926776174,4904.08243815591,6437.05609736758,4498.3288202903,6842.80971523319
"2018-08-14 10:00:00",4478,4449.70794891431,3683.22111930847,5216.19477852015,3277.46750144287,5621.94839638576
"2018-08-14 11:00:00",4741,4708.84363935581,3942.35680974997,5475.33046896165,3536.60319188436,5881.08408682725
"2018-08-14 12:00:00",4996,4955.97640358205,4189.48957397621,5722.46323318788,3783.7359561106,6128.21685105349
"2018-08-14 13:00:00",4832,4907.10630469795,4140.61947509211,5673.59313430379,3734.8658572265,6079.34675216939
"2018-08-14 14:00:00",4985,5214.23340444757,4447.74657484173,5980.72023405341,4041.99295697612,6386.47385191901
"2018-08-14 15:00:00",5672,5838.35776324342,5071.87093363758,6604.84459284926,4666.11731577197,7010.59821071486
"2018-08-14 16:00:00",6373,6651.4794401952,5884.99261058936,7417.96626980104,5479.23899272375,7823.71988766664
"2018-08-14 17:00:00",6014,6271.59849313787,5505.11166353203,7038.08532274371,5099.35804566643,7443.83894060932
"2018-08-14 18:00:00",4525,4821.71497865919,4055.22814905335,5588.20180826503,3649.47453118775,5993.95542613064
"2018-08-14 19:00:00",3423,3475.82895212656,2709.34212252072,4242.31578173239,2303.58850465511,4648.069399598
"2018-08-14 20:00:00",3046,2871.94046771335,2105.45363810751,3638.42729731919,1699.7000202419,4044.18091518479
"2018-08-14 21:00:00",2784,3413.04957842469,2646.56274881885,4179.53640803053,2240.80913095324,4585.29002589613
"2018-08-14 22:00:00",2287,3289.15633612262,2522.66950651678,4055.64316572846,2116.91588865117,4461.39678359406
"2018-08-14 23:00:00",2772,1292.26079155075,525.773961944911,2058.74762115659,120.020344079305,2464.5012390222
"2018-08-15 00:00:00",793,481.628838878774,-284.857990727065,1248.11566848461,-690.611608592671,1653.86928635022
"2018-08-15 01:00:00",492,249.728837644545,-516.757991961294,1016.21566725038,-922.5116098269,1421.96928511599
"2018-08-15 02:00:00",335,86.8266798994277,-679.660149706412,853.313509505267,-1085.41376757202,1259.06712737087
"2018-08-15 03:00:00",403,176.922412149388,-589.564417456451,943.409241755227,-995.318035322057,1349.16285962083
"2018-08-15 04:00:00",948,631.016079897473,-135.470749708366,1397.50290950331,-541.224367573972,1803.25652736892
"2018-08-15 05:00:00",3181,2642.10772766544,1875.6208980596,3408.59455727128,1469.867280194,3814.34817513689
"2018-08-15 06:00:00",5767,5599.19739901492,4832.71056940908,6365.68422862076,4426.95695154347,6771.43784648637
"2018-08-15 07:00:00",6561,6527.28513656812,5760.79830696228,7293.77196617396,5355.04468909667,7699.52558403956
"2018-08-15 08:00:00",5930,6270.37098202807,5503.88415242223,7036.85781163391,5098.13053455663,7442.61142949952
"2018-08-15 09:00:00",4672,5034.45497619849,4267.96814659265,5800.94180580433,3862.21452872704,6206.69542366993
"2018-08-15 10:00:00",4638,4407.53715900312,3641.05032939728,5174.02398860896,3235.29671153167,5579.77760647456
"2018-08-15 11:00:00",4979,4480.61756950474,3714.1307398989,5247.10439911058,3308.3771220333,5652.85801697619
"2018-08-15 12:00:00",5016,4669.69624592374,3903.2094163179,5436.18307552958,3497.45579845229,5841.93669339518
"2018-08-15 13:00:00",4841,4673.77322565626,3907.28639605042,5440.2600552621,3501.53277818481,5846.0136731277
"2018-08-15 14:00:00",4968,5093.84854529197,4327.36171568613,5860.33537489781,3921.60809782052,6266.08899276341
"2018-08-15 15:00:00",5428,5491.92224063148,4725.43541102565,6258.40907023732,4319.68179316004,6664.16268810293
"2018-08-15 16:00:00",5541,6678.99434670337,5912.50751709753,7445.48117630921,5506.75389923192,7851.23479417481
"2018-08-15 17:00:00",5920,6116.06489778077,5349.57806817493,6882.55172738661,4943.82445030932,7288.30534525221
"2018-08-15 18:00:00",4545,4320.13392739772,3553.64709779188,5086.62075700356,3147.89347992628,5492.37437486917
"2018-08-15 19:00:00",3358,3050.2014683651,2283.71463875926,3816.68829797094,1877.96102089366,4222.44191583655
"2018-08-15 20:00:00",3133,2691.26755278618,1924.78072318034,3457.75438239202,1519.02710531474,3863.50800025763
"2018-08-15 21:00:00",2687,2261.33221207194,1494.8453824661,3027.81904167778,1089.0917646005,3433.57265954339
"2018-08-15 22:00:00",1742,1383.39547695595,616.908647350111,2149.88230656179,211.155029484505,2555.6359244274
"2018-08-15 23:00:00",1051,742.457377509009,-24.02945209683,1508.94420711485,-429.783069962436,1914.69782498045
"2018-08-16 00:00:00",652,558.252098633051,-208.234730972789,1324.73892823889,-613.988348838395,1730.4925461045
"2018-08-16 01:00:00",399,348.31135815663,-418.175471449209,1114.79818776247,-823.929089314815,1520.55180562808
"2018-08-16 02:00:00",300,272.369339726358,-494.117489879482,1038.8561693322,-899.871107745088,1444.6097871978
"2018-08-16 03:00:00",412,358.426070901789,-408.060758704051,1124.91290050763,-813.814376569657,1530.66651837323
"2018-08-16 04:00:00",977,906.481578648144,139.994749042305,1672.96840825398,-265.758868823301,2078.72202611959
"2018-08-16 05:00:00",3150,2882.53588934913,2116.04905974329,3649.02271895497,1710.29544187769,4054.77633682058
"2018-08-16 06:00:00",5386,5712.58902881948,4946.10219921364,6479.07585842532,4540.34858134804,6884.82947629093
"2018-08-16 07:00:00",6494,6458.64102231723,5692.15419271139,7225.12785192307,5286.40057484578,7630.88146978867
"2018-08-16 08:00:00",5847,6043.69189455569,5277.20506494985,6810.17872416153,4871.45144708425,7215.93234202714
"2018-08-16 09:00:00",4976,5839.74166971525,5073.25484010941,6606.22849932109,4667.50122224381,7011.9821171867
"2018-08-16 10:00:00",4466,4879.79037145483,4113.30354184899,5646.27720106067,3707.54992398338,6052.03081892627
"2018-08-16 11:00:00",4574,5032.83802292313,4266.35119331729,5799.32485252897,3860.59757545168,6205.07847039457
"2018-08-16 12:00:00",4961,5024.88464676964,4258.3978171638,5791.37147637548,3852.64419929819,6197.12509424109
"2018-08-16 13:00:00",4785,5299.72022626483,4533.23339665899,6066.20705587067,4127.47977879339,6471.96067373628
"2018-08-16 14:00:00",4927,5509.41726481314,4742.9304352073,6275.90409441897,4337.17681734169,6681.65771228458
"2018-08-16 15:00:00",5729,6204.75415099272,5438.26732138688,6971.24098059856,5032.51370352127,7376.99459846416
"2018-08-16 16:00:00",6272,7153.50564935352,6387.01881974768,7919.99247895936,5981.26520188208,8325.74609682497
"2018-08-16 17:00:00",5928,6739.47284503907,5972.98601543323,7505.95967464491,5567.23239756763,7911.71329251052
"2018-08-16 18:00:00",4580,5000.66435718434,4234.1775275785,5767.15118679018,3828.42390971289,6172.90480465578
"2018-08-16 19:00:00",3725,3630.40231443734,2863.9154848315,4396.88914404318,2458.1618669659,4802.64276190879
"2018-08-16 20:00:00",3205,3012.90295590594,2246.4161263001,3779.38978551178,1840.6625084345,4185.14340337739
"2018-08-16 21:00:00",3090,2697.02286120923,1930.5360316034,3463.50969081507,1524.78241373779,3869.26330868068
"2018-08-16 22:00:00",2377,1987.76771350457,1221.28088389873,2754.25454311041,815.527266033123,3160.00816097601
"2018-08-16 23:00:00",1380,1103.02632582715,336.53949622131,1869.51315543299,-69.2141216442956,2275.2667732986
"2018-08-17 00:00:00",809,570.422216078594,-196.064613527246,1336.90904568443,-601.818231392852,1742.66266355004
"2018-08-17 01:00:00",449,325.167510272533,-441.319319333307,1091.65433987837,-847.072937198913,1497.40795774398
"2018-08-17 02:00:00",363,245.173139577515,-521.313690028324,1011.65996918335,-927.06730789393,1417.41358704896
"2018-08-17 03:00:00",408,296.849778361978,-469.637051243861,1063.33660796782,-875.390669109467,1469.09022583342
"2018-08-17 04:00:00",899,787.902686271751,21.415856665912,1554.38951587759,-384.337761199694,1960.1431337432
"2018-08-17 05:00:00",2821,2664.06525079102,1897.57842118518,3430.55208039686,1491.82480331958,3836.30569826247
"2018-08-17 06:00:00",5243,5370.42389337041,4603.93706376457,6136.91072297625,4198.18344589897,6542.66434084186
"2018-08-17 07:00:00",5994,6530.54001687428,5764.05318726844,7297.02684648012,5358.29956940284,7702.78046434573
"2018-08-17 08:00:00",5406,5840.69103143054,5074.2042018247,6607.17786103638,4668.45058395909,7012.93147890198
"2018-08-17 09:00:00",4719,5174.88671008583,4408.39988047999,5941.37353969167,4002.64626261438,6347.12715755728
"2018-08-17 10:00:00",4510,4801.98007794185,4035.49324833601,5568.46690754769,3629.7396304704,5974.22052541329
"2018-08-17 11:00:00",4948,5183.07491220316,4416.58808259732,5949.561741809,4010.83446473171,6355.3153596746
"2018-08-17 12:00:00",5076,5253.16752179865,4486.68069219281,6019.65435140449,4080.9270743272,6425.40796927009
"2018-08-17 13:00:00",5027,5126.20937697138,4359.72254736554,5892.69620657722,3953.96892949993,6298.44982444282
"2018-08-17 14:00:00",5289,5283.23904668957,4516.75221708373,6049.72587629541,4110.99859921812,6455.47949416101
"2018-08-17 15:00:00",5581,5907.25291379745,5140.76608419161,6673.73974340329,4735.012466326,7079.49336126889
"2018-08-17 16:00:00",5734,6641.23534474973,5874.74851514389,7407.72217435557,5468.99489727828,7813.47579222117
"2018-08-17 17:00:00",5141,5643.20070275907,4876.71387315323,6409.68753236491,4470.96025528762,6815.44115023051
"2018-08-17 18:00:00",4536,4124.1470864496,3357.66025684376,4890.63391605544,2951.90663897816,5296.38753392105
"2018-08-17 19:00:00",3703,2840.06972219902,2073.58289259318,3606.55655180486,1667.82927472757,4012.31016967047
"2018-08-17 20:00:00",3279,2278.97407298233,1512.48724337649,3045.46090258817,1106.73362551088,3451.21452045378
"2018-08-17 21:00:00",3177,2117.85942191184,1351.372592306,2884.34625151768,945.618974440391,3290.09986938328
"2018-08-17 22:00:00",2903,1733.72452378177,967.237694175933,2500.21135338761,561.484076310327,2905.96497125322
"2018-08-17 23:00:00",2126,1104.57159046459,338.084760858746,1871.05842007043,-67.6688570068595,2276.81203793603
"2018-08-18 00:00:00",1569,587.400512818853,-179.086316786986,1353.88734242469,-584.839934652592,1759.6409602903
"2018-08-18 01:00:00",806,404.211163825191,-362.275665780648,1170.69799343103,-768.029283646254,1576.45161129664
"2018-08-18 02:00:00",598,361.004568679822,-405.482260926017,1127.49139828566,-811.235878791623,1533.24501615127
"2018-08-18 03:00:00",448,273.780887721297,-492.705941884543,1040.26771732714,-898.459559750149,1446.02133519274
"2018-08-18 04:00:00",523,265.54033103838,-500.94649856746,1032.02716064422,-906.700116433066,1437.78077850982
"2018-08-18 05:00:00",940,506.283485114354,-260.203344491485,1272.77031472019,-665.956962357091,1678.5239325858
"2018-08-18 06:00:00",1648,953.010614588089,186.523784982249,1719.49744419393,-219.229832883356,2125.25106205953
"2018-08-18 07:00:00",2229,1278.72201820825,512.235188602408,2045.20884781409,106.481570736802,2450.96246567969
"2018-08-18 08:00:00",2987,1457.41811293723,690.931283331388,2223.90494254307,285.177665465782,2629.65856040867
"2018-08-18 09:00:00",3922,1724.09919438026,957.612364774416,2490.58602398609,551.85874690881,2896.3396418517
"2018-08-18 10:00:00",5146,1947.76557309294,1181.2787434871,2714.25240269878,775.525125621495,3120.00602056439
"2018-08-18 11:00:00",4916,2123.41759313662,1356.93076353078,2889.90442274245,951.17714566517,3295.65804060806
"2018-08-18 12:00:00",4448,2118.05555068137,1351.56872107553,2884.54238028721,945.815103209925,3290.29599815282
"2018-08-18 13:00:00",4438,1958.67974552886,1192.19291592302,2725.1665751347,786.439298057414,3130.9201930003
"2018-08-18 14:00:00",4710,1794.2904837577,1027.80365415186,2560.77731336354,622.050036286257,2966.53093122915
"2018-08-18 15:00:00",4893,1853.88805039272,1087.40122078688,2620.37487999856,681.647602921273,3026.12849786416
"2018-08-18 16:00:00",4897,1434.47272869418,667.985899088338,2200.95955830002,262.232281222732,2606.71317616562
"2018-08-18 17:00:00",4664,1452.0447997665,685.55797016066,2218.53162937234,279.804352295054,2624.28524723794
"2018-08-18 18:00:00",4157,1042.60453353308,276.117703927244,1809.09136313892,-129.635913938362,2214.84498100453
"2018-08-18 19:00:00",3619,856.152195927441,89.6653663216017,1622.63902553328,-316.088251544004,2028.39264339889
"2018-08-18 20:00:00",3543,593.688048340723,-172.798781265117,1360.17487794656,-578.552399130723,1765.92849581217
"2018-08-18 21:00:00",3442,683.212344728872,-83.2744848769672,1449.69917433471,-489.028102742573,1855.45279220032
"2018-08-18 22:00:00",3128,570.72533431207,-195.76149529377,1337.21216391791,-601.515113159376,1742.96578178352
"2018-08-18 23:00:00",2044,503.227261282373,-263.259568323466,1269.71409088821,-669.013186189072,1675.46770875382
"2018-08-19 00:00:00",1346,330.718363939224,-435.768465666615,1097.20519354506,-841.522083532221,1502.95881141067
"2018-08-19 01:00:00",997,237.198875735628,-529.287953870211,1003.68570534147,-935.041571735817,1409.43932320707
"2018-08-19 02:00:00",726,176.669025185196,-589.817804420644,943.155854791035,-995.57142228625,1348.90947265664
"2018-08-19 03:00:00",386,130.12903565709,-636.35779394875,896.615865262929,-1042.11141181436,1302.36948312853
"2018-08-19 04:00:00",388,154.579125816769,-611.907703789071,921.065955422608,-1017.66132165468,1326.81957328821
"2018-08-19 05:00:00",552,281.019509637853,-485.467319967986,1047.50633924369,-891.220937833592,1453.2599571093
"2018-08-19 06:00:00",994,470.450396405397,-296.036433200442,1236.93722601124,-701.790051066048,1642.69084387684
"2018-08-19 07:00:00",1277,614.871990934358,-151.614838671482,1381.3588205402,-557.368456537088,1787.1124384058
"2018-08-19 08:00:00",1971,655.284493627657,-111.202335978183,1421.7713232335,-516.955953843789,1827.5249410991
"2018-08-19 09:00:00",2895,965.688100541289,199.20127093545,1732.17493014713,-206.552346930156,2137.92854801273
"2018-08-19 10:00:00",3766,1476.08300351948,709.596173913645,2242.56983312532,303.842556048039,2648.32345099093
"2018-08-19 11:00:00",4384,1776.46939026975,1009.98256066391,2542.95621987559,604.228942798305,2948.7098377412
"2018-08-19 12:00:00",4624,2019.84744444316,1253.36061483732,2786.334274049,847.606996971717,3192.08789191461
"2018-08-19 13:00:00",4596,2188.21734573633,1421.73051613049,2954.70417534217,1015.97689826488,3360.45779320777
"2018-08-19 14:00:00",4742,2389.57926997036,1623.09244036452,3156.0660995762,1217.33882249892,3561.81971744181
"2018-08-19 15:00:00",4779,2154.93338917192,1388.44655956608,2921.42021877776,982.692941700474,3327.17383664336
"2018-08-19 16:00:00",4989,2093.27987166006,1326.79304205422,2859.7667012659,921.039424188614,3265.5203191315
"2018-08-19 17:00:00",4870,1833.61888212373,1067.13205251789,2600.10571172956,661.37843465228,3005.85932959517
"2018-08-19 18:00:00",4287,1643.95058169936,877.463752093523,2410.4374113052,471.710134227917,2816.19102917081
"2018-08-19 19:00:00",3792,1402.27512804926,635.788298443416,2168.7619576551,230.03468057781,2574.5155755207
"2018-08-19 20:00:00",3213,1627.5926754355,861.105845829663,2394.07950504134,455.352227964057,2799.83312290695
"2018-08-19 21:00:00",2682,2794.90337479318,2028.41654518734,3561.39020439902,1622.66292732174,3967.14382226463
"2018-08-19 22:00:00",1973,1189.2073738027,422.720544196856,1955.69420340853,16.9669263312501,2361.44782127414
"2018-08-19 23:00:00",2369,692.504816959589,-73.9820126462502,1458.99164656543,-479.735630511856,1864.74526443103
"2018-08-20 00:00:00",922,54.0616901635926,-712.425139442247,820.548519769432,-1118.17875730785,1226.30213763504
"2018-08-20 01:00:00",473,-80.6535572954868,-847.140386901326,685.833272310353,-1252.89400476693,1091.58689017596
"2018-08-20 02:00:00",346,-105.374945549896,-871.861775155735,661.111884055944,-1277.61539302134,1066.86550192155
"2018-08-20 03:00:00",369,4.89765782889662,-761.589171776943,771.384487434736,-1167.34278964255,1177.13810530034
"2018-08-20 04:00:00",941,427.164382413588,-339.322447192251,1193.65121201943,-745.076065057857,1599.40482988503
"2018-08-20 05:00:00",3005,1886.42535498258,1119.93852537674,2652.91218458842,714.184907511134,3058.66580245402
"2018-08-20 06:00:00",5352,4012.68069958024,3246.1938699744,4779.16752918608,2840.44025210879,5184.92114705168
"2018-08-20 07:00:00",6077,4611.93053757588,3845.44370797004,5378.41736718172,3439.69009010444,5784.17098504733
"2018-08-20 08:00:00",5349,4112.17498772145,3345.68815811561,4878.66181732729,2939.93454025001,5284.4154351929
"2018-08-20 09:00:00",4777,3694.41416620795,2927.92733660211,4460.90099581379,2522.1737187365,4866.65461367939
"2018-08-20 10:00:00",4375,3275.64818672068,2509.16135711484,4042.13501632652,2103.40773924923,4447.88863419212
"2018-08-20 11:00:00",4532,3509.87716049328,2743.39033088744,4276.36399009912,2337.63671302184,4682.11760796473
"2018-08-20 12:00:00",4842,3799.10119636061,3032.61436675477,4565.58802596645,2626.86074888916,4971.34164383205
"2018-08-20 13:00:00",4690,3760.32040081042,2993.83357120459,4526.80723041626,2588.07995333898,4932.56084828187
"2018-08-20 14:00:00",5001,4037.53487803407,3271.04804842823,4804.02170763991,2865.29443056263,5209.77532550552
"2018-08-20 15:00:00",5388,4592.74472997595,3826.25790037011,5359.23155958179,3420.5042825045,5764.98517744739
"2018-08-20 16:00:00",6423,5438.950056382,4672.46322677616,6205.43688598784,4266.70960891055,6611.19050385344
"2018-08-20 17:00:00",5848,5218.15095484709,4451.66412524125,5984.63778445293,4045.91050737564,6390.39140231853
"2018-08-20 18:00:00",4285,3712.34752086143,2945.86069125559,4478.83435046727,2540.10707338999,4884.58796833288
"2018-08-20 19:00:00",3231,2630.53984785596,1864.05301825012,3397.0266774618,1458.29940038451,3802.7802953274
"2018-08-20 20:00:00",2726,2207.72802724671,1441.24119764087,2974.21485685255,1035.48757977527,3379.96847471816
"2018-08-20 21:00:00",2240,1751.91214847833,985.425318872489,2518.39897808417,579.671701006883,2924.15259594977
"2018-08-20 22:00:00",1617,1141.09229906653,374.605469460691,1907.57912867237,-31.1481484049148,2313.33274653798
"2018-08-20 23:00:00",1005,630.268564639732,-136.218264966107,1396.75539424557,-541.971882831713,1802.50901211118
"2018-08-21 00:00:00",659,516.175184459365,-250.311645146474,1282.6620140652,-656.06526301208,1688.41563193081
"2018-08-21 01:00:00",416,328.343929541197,-438.142900064642,1094.83075914704,-843.896517930248,1500.58437701264
"2018-08-21 02:00:00",316,263.509035572052,-502.977794033787,1029.99586517789,-908.731411899393,1435.7494830435
"2018-08-21 03:00:00",336,339.670581029428,-426.816248576411,1106.15741063527,-832.569866442017,1511.91102850087
"2018-08-21 04:00:00",996,890.828642698429,124.341813092589,1657.31547230427,-281.411804773017,2063.06909016987
"2018-08-21 05:00:00",3136,2840.98329570826,2074.49646610242,3607.4701253141,1668.74284823681,4013.2237431797
"2018-08-21 06:00:00",5701,5509.13461356792,4742.64778396208,6275.62144317376,4336.89416609648,6681.37506103937
"2018-08-21 07:00:00",6837,6201.2826682012,5434.79583859536,6967.76949780704,5029.04222072975,7373.52311567264
"2018-08-21 08:00:00",6123,5885.42752998078,5118.94070037494,6651.91435958661,4713.18708250933,7057.66797745222
"2018-08-21 09:00:00",5053,5670.56926776174,4904.08243815591,6437.05609736758,4498.3288202903,6842.80971523319
"2018-08-21 10:00:00",4540,4449.70794891431,3683.22111930847,5216.19477852015,3277.46750144287,5621.94839638576
"2018-08-21 11:00:00",4652,4708.84363935581,3942.35680974997,5475.33046896165,3536.60319188436,5881.08408682725
"2018-08-21 12:00:00",4794,4955.97640358205,4189.48957397621,5722.46323318788,3783.7359561106,6128.21685105349
"2018-08-21 13:00:00",4762,4907.10630469795,4140.61947509211,5673.59313430379,3734.8658572265,6079.34675216939
"2018-08-21 14:00:00",4994,5214.23340444757,4447.74657484173,5980.72023405341,4041.99295697612,6386.47385191901
"2018-08-21 15:00:00",5660,5838.35776324342,5071.87093363758,6604.84459284926,4666.11731577197,7010.59821071486
"2018-08-21 16:00:00",6229,6651.4794401952,5884.99261058936,7417.96626980104,5479.23899272375,7823.71988766664
"2018-08-21 17:00:00",5875,6271.59849313787,5505.11166353203,7038.08532274371,5099.35804566643,7443.83894060932
"2018-08-21 18:00:00",4435,4821.71497865919,4055.22814905335,5588.20180826503,3649.47453118775,5993.95542613064
"2018-08-21 19:00:00",3410,3475.82895212656,2709.34212252072,4242.31578173239,2303.58850465511,4648.069399598
"2018-08-21 20:00:00",3003,2871.94046771335,2105.45363810751,3638.42729731919,1699.7000202419,4044.18091518479
"2018-08-21 21:00:00",2504,3413.04957842469,2646.56274881885,4179.53640803053,2240.80913095324,4585.29002589613
"2018-08-21 22:00:00",1747,3289.15633612262,2522.66950651678,4055.64316572846,2116.91588865117,4461.39678359406
"2018-08-21 23:00:00",1117,1292.26079155075,525.773961944911,2058.74762115659,120.020344079305,2464.5012390222
"2018-08-22 00:00:00",635,481.628838878774,-284.857990727065,1248.11566848461,-690.611608592671,1653.86928635022
"2018-08-22 01:00:00",425,249.728837644545,-516.757991961294,1016.21566725038,-922.5116098269,1421.96928511599
"2018-08-22 02:00:00",279,86.8266798994277,-679.660149706412,853.313509505267,-1085.41376757202,1259.06712737087
"2018-08-22 03:00:00",393,176.922412149388,-589.564417456451,943.409241755227,-995.318035322057,1349.16285962083
"2018-08-22 04:00:00",994,631.016079897473,-135.470749708366,1397.50290950331,-541.224367573972,1803.25652736892
"2018-08-22 05:00:00",3163,2642.10772766544,1875.6208980596,3408.59455727128,1469.867280194,3814.34817513689
"2018-08-22 06:00:00",5766,5599.19739901492,4832.71056940908,6365.68422862076,4426.95695154347,6771.43784648637
"2018-08-22 07:00:00",6589,6527.28513656812,5760.79830696228,7293.77196617396,5355.04468909667,7699.52558403956
"2018-08-22 08:00:00",6056,6270.37098202807,5503.88415242223,7036.85781163391,5098.13053455663,7442.61142949952
"2018-08-22 09:00:00",5116,5034.45497619849,4267.96814659265,5800.94180580433,3862.21452872704,6206.69542366993
"2018-08-22 10:00:00",4583,4407.53715900312,3641.05032939728,5174.02398860896,3235.29671153167,5579.77760647456
"2018-08-22 11:00:00",4734,4480.61756950474,3714.1307398989,5247.10439911058,3308.3771220333,5652.85801697619
"2018-08-22 12:00:00",5043,4669.69624592374,3903.2094163179,5436.18307552958,3497.45579845229,5841.93669339518
"2018-08-22 13:00:00",4938,4673.77322565626,3907.28639605042,5440.2600552621,3501.53277818481,5846.0136731277
"2018-08-22 14:00:00",5216,5093.84854529197,4327.36171568613,5860.33537489781,3921.60809782052,6266.08899276341
"2018-08-22 15:00:00",5707,5491.92224063148,4725.43541102565,6258.40907023732,4319.68179316004,6664.16268810293
"2018-08-22 16:00:00",6470,6678.99434670337,5912.50751709753,7445.48117630921,5506.75389923192,7851.23479417481
"2018-08-22 17:00:00",5819,6116.06489778077,5349.57806817493,6882.55172738661,4943.82445030932,7288.30534525221
"2018-08-22 18:00:00",4446,4320.13392739772,3553.64709779188,5086.62075700356,3147.89347992628,5492.37437486917
"2018-08-22 19:00:00",3444,3050.2014683651,2283.71463875926,3816.68829797094,1877.96102089366,4222.44191583655
"2018-08-22 20:00:00",3154,2691.26755278618,1924.78072318034,3457.75438239202,1519.02710531474,3863.50800025763
"2018-08-22 21:00:00",2627,2261.33221207194,1494.8453824661,3027.81904167778,1089.0917646005,3433.57265954339
"2018-08-22 22:00:00",1928,1383.39547695595,616.908647350111,2149.88230656179,211.155029484505,2555.6359244274
"2018-08-22 23:00:00",1169,742.457377509009,-24.02945209683,1508.94420711485,-429.783069962436,1914.69782498045
"2018-08-23 00:00:00",596,218.517943153426,-547.968886452414,985.004772759265,-953.72250431802,1390.75839062487
"2018-08-23 01:00:00",402,8.57720267700489,-757.909626928835,775.064032282844,-1163.66324479444,1180.81765014845
"2018-08-23 02:00:00",392,-67.3648157532672,-833.851645359107,699.122013852572,-1239.60526322471,1104.87563171818
"2018-08-23 03:00:00",381,18.6919154221636,-747.794914183676,785.178745028003,-1153.54853204928,1190.93236289361
"2018-08-23 04:00:00",976,566.747423168519,-199.73940643732,1333.23425277436,-605.493024302926,1738.98787063996
"2018-08-23 05:00:00",3163,2542.80173386951,1776.31490426367,3309.28856347535,1370.56128639806,3715.04218134095
"2018-08-23 06:00:00",5860,5372.85487333986,4606.36804373402,6139.3417029457,4200.61442586841,6545.0953208113
"2018-08-23 07:00:00",6815,6118.9068668376,5352.42003723176,6885.39369644344,4946.66641936616,7291.14731430905
"2018-08-23 08:00:00",6162,5703.95773907607,4937.47090947023,6470.44456868191,4531.71729160462,6876.19818654751
"2018-08-23 09:00:00",5583,5500.00751423563,4733.52068462979,6266.49434384147,4327.76706676418,6672.24796170707
"2018-08-23 10:00:00",4837,4540.0562159752,3773.56938636937,5306.54304558104,3367.81576850376,5712.29666344665
"2018-08-23 11:00:00",5015,4693.1038674435,3926.61703783766,5459.59069704934,3520.86341997206,5865.34431491495
"2018-08-23 12:00:00",5136,4685.15049129002,3918.66366168418,5451.63732089585,3512.91004381857,5857.39093876146
"2018-08-23 13:00:00",5051,4959.98607078521,4193.49924117937,5726.47290039105,3787.74562331376,6132.22651825665
"2018-08-23 14:00:00",5312,5169.68310933351,4403.19627972767,5936.16993893935,3997.44266186206,6341.92355680496
"2018-08-23 15:00:00",5848,5865.01999551309,5098.53316590725,6631.50682511893,4692.77954804165,7037.26044298454
"2018-08-23 16:00:00",6586,6813.7714938739,6047.28466426806,7580.25832347974,5641.53104640245,7986.01194134534
"2018-08-23 17:00:00",5780,6399.73868955945,5633.25185995361,7166.22551916529,5227.498242088,7571.97913703089
"2018-08-23 18:00:00",4750,4660.93020170471,3894.44337209887,5427.41703131055,3488.68975423327,5833.17064917616
"2018-08-23 19:00:00",3519,3290.66815895772,2524.18132935188,4057.15498856356,2118.42771148627,4462.90860642916
"2018-08-23 20:00:00",2996,2673.16880042632,1906.68197082048,3439.65563003215,1500.92835295487,3845.40924789776
"2018-08-23 21:00:00",2717,2357.28870572961,1590.80187612377,3123.77553533545,1185.04825825816,3529.52915320106
"2018-08-23 22:00:00",2107,1648.03355802494,881.546728419104,2414.52038763078,475.793110553498,2820.27400549639
"2018-08-23 23:00:00",1904,763.292170347525,-3.19465925831469,1529.77899995336,-408.948277123921,1935.53261781897
"2018-08-24 00:00:00",790,570.422216078594,-196.064613527246,1336.90904568443,-601.818231392852,1742.66266355004
"2018-08-24 01:00:00",505,325.167510272533,-441.319319333307,1091.65433987837,-847.072937198913,1497.40795774398
"2018-08-24 02:00:00",387,245.173139577515,-521.313690028324,1011.65996918335,-927.06730789393,1417.41358704896
"2018-08-24 03:00:00",424,296.849778361978,-469.637051243861,1063.33660796782,-875.390669109467,1469.09022583342
"2018-08-24 04:00:00",916,787.902686271751,21.415856665912,1554.38951587759,-384.337761199694,1960.1431337432
"2018-08-24 05:00:00",2950,2664.06525079102,1897.57842118518,3430.55208039686,1491.82480331958,3836.30569826247
"2018-08-24 06:00:00",5259,5370.42389337041,4603.93706376457,6136.91072297625,4198.18344589897,6542.66434084186
"2018-08-24 07:00:00",6243,6530.54001687428,5764.05318726844,7297.02684648012,5358.29956940284,7702.78046434573
"2018-08-24 08:00:00",5687,5840.69103143054,5074.2042018247,6607.17786103638,4668.45058395909,7012.93147890198
"2018-08-24 09:00:00",4971,5174.88671008583,4408.39988047999,5941.37353969167,4002.64626261438,6347.12715755728
"2018-08-24 10:00:00",4539,4801.98007794185,4035.49324833601,5568.46690754769,3629.7396304704,5974.22052541329
"2018-08-24 11:00:00",4391,5183.07491220316,4416.58808259732,5949.561741809,4010.83446473171,6355.3153596746
"2018-08-24 12:00:00",4971,5253.16752179865,4486.68069219281,6019.65435140449,4080.9270743272,6425.40796927009
"2018-08-24 13:00:00",5149,5126.20937697138,4359.72254736554,5892.69620657722,3953.96892949993,6298.44982444282
"2018-08-24 14:00:00",5499,5283.23904668957,4516.75221708373,6049.72587629541,4110.99859921812,6455.47949416101
"2018-08-24 15:00:00",5879,5907.25291379745,5140.76608419161,6673.73974340329,4735.012466326,7079.49336126889
"2018-08-24 16:00:00",6088,6641.23534474973,5874.74851514389,7407.72217435557,5468.99489727828,7813.47579222117
"2018-08-24 17:00:00",5750,5643.20070275907,4876.71387315323,6409.68753236491,4470.96025528762,6815.44115023051
"2018-08-24 18:00:00",4755,4124.1470864496,3357.66025684376,4890.63391605544,2951.90663897816,5296.38753392105
"2018-08-24 19:00:00",3467,2840.06972219902,2073.58289259318,3606.55655180486,1667.82927472757,4012.31016967047
"2018-08-24 20:00:00",3076,2278.97407298233,1512.48724337649,3045.46090258817,1106.73362551088,3451.21452045378
"2018-08-24 21:00:00",3164,2117.85942191184,1351.372592306,2884.34625151768,945.618974440391,3290.09986938328
"2018-08-24 22:00:00",2435,1733.72452378177,967.237694175933,2500.21135338761,561.484076310327,2905.96497125322
"2018-08-24 23:00:00",1860,1104.57159046459,338.084760858746,1871.05842007043,-67.6688570068595,2276.81203793603
"2018-08-25 00:00:00",1089,587.400512818853,-179.086316786986,1353.88734242469,-584.839934652592,1759.6409602903
"2018-08-25 01:00:00",725,404.211163825191,-362.275665780648,1170.69799343103,-768.029283646254,1576.45161129664
"2018-08-25 02:00:00",495,361.004568679822,-405.482260926017,1127.49139828566,-811.235878791623,1533.24501615127
"2018-08-25 03:00:00",366,273.780887721297,-492.705941884543,1040.26771732714,-898.459559750149,1446.02133519274
"2018-08-25 04:00:00",500,265.54033103838,-500.94649856746,1032.02716064422,-906.700116433066,1437.78077850982
"2018-08-25 05:00:00",875,506.283485114354,-260.203344491485,1272.77031472019,-665.956962357091,1678.5239325858
"2018-08-25 06:00:00",1837,953.010614588089,186.523784982249,1719.49744419393,-219.229832883356,2125.25106205953
"2018-08-25 07:00:00",2672,1278.72201820825,512.235188602408,2045.20884781409,106.481570736802,2450.96246567969
"2018-08-25 08:00:00",3503,1457.41811293723,690.931283331388,2223.90494254307,285.177665465782,2629.65856040867
"2018-08-25 09:00:00",4100,1724.09919438026,957.612364774416,2490.58602398609,551.85874690881,2896.3396418517
"2018-08-25 10:00:00",4509,1947.76557309294,1181.2787434871,2714.25240269878,775.525125621495,3120.00602056439
"2018-08-25 11:00:00",4647,2123.41759313662,1356.93076353078,2889.90442274245,951.17714566517,3295.65804060806
"2018-08-25 12:00:00",4846,2118.05555068137,1351.56872107553,2884.54238028721,945.815103209925,3290.29599815282
"2018-08-25 13:00:00",4585,1958.67974552886,1192.19291592302,2725.1665751347,786.439298057414,3130.9201930003
"2018-08-25 14:00:00",4696,1794.2904837577,1027.80365415186,2560.77731336354,622.050036286257,2966.53093122915
"2018-08-25 15:00:00",5015,1853.88805039272,1087.40122078688,2620.37487999856,681.647602921273,3026.12849786416
"2018-08-25 16:00:00",4677,1434.47272869418,667.985899088338,2200.95955830002,262.232281222732,2606.71317616562
"2018-08-25 17:00:00",4541,1452.0447997665,685.55797016066,2218.53162937234,279.804352295054,2624.28524723794
"2018-08-25 18:00:00",3914,1042.60453353308,276.117703927244,1809.09136313892,-129.635913938362,2214.84498100453
"2018-08-25 19:00:00",3371,856.152195927441,89.6653663216017,1622.63902553328,-316.088251544004,2028.39264339889
"2018-08-25 20:00:00",3071,593.688048340723,-172.798781265117,1360.17487794656,-578.552399130723,1765.92849581217
"2018-08-25 21:00:00",3156,683.212344728872,-83.2744848769672,1449.69917433471,-489.028102742573,1855.45279220032
"2018-08-25 22:00:00",2713,570.72533431207,-195.76149529377,1337.21216391791,-601.515113159376,1742.96578178352
"2018-08-25 23:00:00",2134,503.227261282373,-263.259568323466,1269.71409088821,-669.013186189072,1675.46770875382
"2018-08-26 00:00:00",1375,330.718363939224,-435.768465666615,1097.20519354506,-841.522083532221,1502.95881141067
"2018-08-26 01:00:00",855,237.198875735628,-529.287953870211,1003.68570534147,-935.041571735817,1409.43932320707
"2018-08-26 02:00:00",614,176.669025185196,-589.817804420644,943.155854791035,-995.57142228625,1348.90947265664
"2018-08-26 03:00:00",382,130.12903565709,-636.35779394875,896.615865262929,-1042.11141181436,1302.36948312853
"2018-08-26 04:00:00",325,154.579125816769,-611.907703789071,921.065955422608,-1017.66132165468,1326.81957328821
"2018-08-26 05:00:00",551,281.019509637853,-485.467319967986,1047.50633924369,-891.220937833592,1453.2599571093
"2018-08-26 06:00:00",1106,470.450396405397,-296.036433200442,1236.93722601124,-701.790051066048,1642.69084387684
"2018-08-26 07:00:00",1657,614.871990934358,-151.614838671482,1381.3588205402,-557.368456537088,1787.1124384058
"2018-08-26 08:00:00",2467,655.284493627657,-111.202335978183,1421.7713232335,-516.955953843789,1827.5249410991
"2018-08-26 09:00:00",3408,965.688100541289,199.20127093545,1732.17493014713,-206.552346930156,2137.92854801273
"2018-08-26 10:00:00",4017,1476.08300351948,709.596173913645,2242.56983312532,303.842556048039,2648.32345099093
"2018-08-26 11:00:00",4394,1776.46939026975,1009.98256066391,2542.95621987559,604.228942798305,2948.7098377412
"2018-08-26 12:00:00",4638,2019.84744444316,1253.36061483732,2786.334274049,847.606996971717,3192.08789191461
"2018-08-26 13:00:00",4494,2188.21734573633,1421.73051613049,2954.70417534217,1015.97689826488,3360.45779320777
"2018-08-26 14:00:00",4565,2389.57926997036,1623.09244036452,3156.0660995762,1217.33882249892,3561.81971744181
"2018-08-26 15:00:00",4289,2154.93338917192,1388.44655956608,2921.42021877776,982.692941700474,3327.17383664336
"2018-08-26 16:00:00",4259,2093.27987166006,1326.79304205422,2859.7667012659,921.039424188614,3265.5203191315
"2018-08-26 17:00:00",3998,1833.61888212373,1067.13205251789,2600.10571172956,661.37843465228,3005.85932959517
"2018-08-26 18:00:00",3688,1643.95058169936,877.463752093523,2410.4374113052,471.710134227917,2816.19102917081
"2018-08-26 19:00:00",3165,1402.27512804926,635.788298443416,2168.7619576551,230.03468057781,2574.5155755207
"2018-08-26 20:00:00",2840,1627.5926754355,861.105845829663,2394.07950504134,455.352227964057,2799.83312290695
"2018-08-26 21:00:00",2330,2794.90337479318,2028.41654518734,3561.39020439902,1622.66292732174,3967.14382226463
"2018-08-26 22:00:00",1913,1189.2073738027,422.720544196856,1955.69420340853,16.9669263312501,2361.44782127414
"2018-08-26 23:00:00",1208,692.504816959589,-73.9820126462502,1458.99164656543,-479.735630511856,1864.74526443103
"2018-08-27 00:00:00",666,54.0616901635926,-712.425139442247,820.548519769432,-1118.17875730785,1226.30213763504
"2018-08-27 01:00:00",337,-80.6535572954868,-847.140386901326,685.833272310353,-1252.89400476693,1091.58689017596
"2018-08-27 02:00:00",292,-105.374945549896,-871.861775155735,661.111884055944,-1277.61539302134,1066.86550192155
"2018-08-27 03:00:00",358,4.89765782889662,-761.589171776943,771.384487434736,-1167.34278964255,1177.13810530034
"2018-08-27 04:00:00",933,427.164382413588,-339.322447192251,1193.65121201943,-745.076065057857,1599.40482988503
"2018-08-27 05:00:00",3129,1886.42535498258,1119.93852537674,2652.91218458842,714.184907511134,3058.66580245402
"2018-08-27 06:00:00",5575,4012.68069958024,3246.1938699744,4779.16752918608,2840.44025210879,5184.92114705168
"2018-08-27 07:00:00",6493,4611.93053757588,3845.44370797004,5378.41736718172,3439.69009010444,5784.17098504733
"2018-08-27 08:00:00",6125,4112.17498772145,3345.68815811561,4878.66181732729,2939.93454025001,5284.4154351929
"2018-08-27 09:00:00",5094,3694.41416620795,2927.92733660211,4460.90099581379,2522.1737187365,4866.65461367939
"2018-08-27 10:00:00",4672,3275.64818672068,2509.16135711484,4042.13501632652,2103.40773924923,4447.88863419212
"2018-08-27 11:00:00",4775,3509.87716049328,2743.39033088744,4276.36399009912,2337.63671302184,4682.11760796473
"2018-08-27 12:00:00",4880,3799.10119636061,3032.61436675477,4565.58802596645,2626.86074888916,4971.34164383205
"2018-08-27 13:00:00",4890,3760.32040081042,2993.83357120459,4526.80723041626,2588.07995333898,4932.56084828187
"2018-08-27 14:00:00",5048,4037.53487803407,3271.04804842823,4804.02170763991,2865.29443056263,5209.77532550552
"2018-08-27 15:00:00",5661,4592.74472997595,3826.25790037011,5359.23155958179,3420.5042825045,5764.98517744739
"2018-08-27 16:00:00",6535,5438.950056382,4672.46322677616,6205.43688598784,4266.70960891055,6611.19050385344
"2018-08-27 17:00:00",5298,5218.15095484709,4451.66412524125,5984.63778445293,4045.91050737564,6390.39140231853
"2018-08-27 18:00:00",3629,3712.34752086143,2945.86069125559,4478.83435046727,2540.10707338999,4884.58796833288
"2018-08-27 19:00:00",2922,2630.53984785596,1864.05301825012,3397.0266774618,1458.29940038451,3802.7802953274
"2018-08-27 20:00:00",2536,2207.72802724671,1441.24119764087,2974.21485685255,1035.48757977527,3379.96847471816
"2018-08-27 21:00:00",2139,1751.91214847833,985.425318872489,2518.39897808417,579.671701006883,2924.15259594977
"2018-08-27 22:00:00",1503,1141.09229906653,374.605469460691,1907.57912867237,-31.1481484049148,2313.33274653798
"2018-08-27 23:00:00",1014,630.268564639732,-136.218264966107,1396.75539424557,-541.971882831713,1802.50901211118
"2018-08-28 00:00:00",576,516.175184459365,-250.311645146474,1282.6620140652,-656.06526301208,1688.41563193081
"2018-08-28 01:00:00",364,328.343929541197,-438.142900064642,1094.83075914704,-843.896517930248,1500.58437701264
"2018-08-28 02:00:00",234,263.509035572052,-502.977794033787,1029.99586517789,-908.731411899393,1435.7494830435
"2018-08-28 03:00:00",367,339.670581029428,-426.816248576411,1106.15741063527,-832.569866442017,1511.91102850087
"2018-08-28 04:00:00",986,890.828642698429,124.341813092589,1657.31547230427,-281.411804773017,2063.06909016987
"2018-08-28 05:00:00",3161,2840.98329570826,2074.49646610242,3607.4701253141,1668.74284823681,4013.2237431797
"2018-08-28 06:00:00",5611,5509.13461356792,4742.64778396208,6275.62144317376,4336.89416609648,6681.37506103937
"2018-08-28 07:00:00",6147,6201.2826682012,5434.79583859536,6967.76949780704,5029.04222072975,7373.52311567264
"2018-08-28 08:00:00",5692,5885.42752998078,5118.94070037494,6651.91435958661,4713.18708250933,7057.66797745222
"2018-08-28 09:00:00",5153,5670.56926776174,4904.08243815591,6437.05609736758,4498.3288202903,6842.80971523319
"2018-08-28 10:00:00",4624,4449.70794891431,3683.22111930847,5216.19477852015,3277.46750144287,5621.94839638576
"2018-08-28 11:00:00",4678,4708.84363935581,3942.35680974997,5475.33046896165,3536.60319188436,5881.08408682725
"2018-08-28 12:00:00",4954,4955.97640358205,4189.48957397621,5722.46323318788,3783.7359561106,6128.21685105349
"2018-08-28 13:00:00",5032,4907.10630469795,4140.61947509211,5673.59313430379,3734.8658572265,6079.34675216939
"2018-08-28 14:00:00",5273,5214.23340444757,4447.74657484173,5980.72023405341,4041.99295697612,6386.47385191901
"2018-08-28 15:00:00",5865,5838.35776324342,5071.87093363758,6604.84459284926,4666.11731577197,7010.59821071486
"2018-08-28 16:00:00",6657,6651.4794401952,5884.99261058936,7417.96626980104,5479.23899272375,7823.71988766664
"2018-08-28 17:00:00",5716,6271.59849313787,5505.11166353203,7038.08532274371,5099.35804566643,7443.83894060932
"2018-08-28 18:00:00",4363,4821.71497865919,4055.22814905335,5588.20180826503,3649.47453118775,5993.95542613064
"2018-08-28 19:00:00",3406,3475.82895212656,2709.34212252072,4242.31578173239,2303.58850465511,4648.069399598
"2018-08-28 20:00:00",2896,2871.94046771335,2105.45363810751,3638.42729731919,1699.7000202419,4044.18091518479
"2018-08-28 21:00:00",2576,3413.04957842469,2646.56274881885,4179.53640803053,2240.80913095324,4585.29002589613
"2018-08-28 22:00:00",1733,3289.15633612262,2522.66950651678,4055.64316572846,2116.91588865117,4461.39678359406
"2018-08-28 23:00:00",1153,1292.26079155075,525.773961944911,2058.74762115659,120.020344079305,2464.5012390222
"2018-08-29 00:00:00",623,481.628838878774,-284.857990727065,1248.11566848461,-690.611608592671,1653.86928635022
"2018-08-29 01:00:00",335,249.728837644545,-516.757991961294,1016.21566725038,-922.5116098269,1421.96928511599
"2018-08-29 02:00:00",299,86.8266798994277,-679.660149706412,853.313509505267,-1085.41376757202,1259.06712737087
"2018-08-29 03:00:00",372,176.922412149388,-589.564417456451,943.409241755227,-995.318035322057,1349.16285962083
"2018-08-29 04:00:00",981,631.016079897473,-135.470749708366,1397.50290950331,-541.224367573972,1803.25652736892
"2018-08-29 05:00:00",3103,2642.10772766544,1875.6208980596,3408.59455727128,1469.867280194,3814.34817513689
"2018-08-29 06:00:00",5902,5599.19739901492,4832.71056940908,6365.68422862076,4426.95695154347,6771.43784648637
"2018-08-29 07:00:00",6775,6527.28513656812,5760.79830696228,7293.77196617396,5355.04468909667,7699.52558403956
"2018-08-29 08:00:00",6164,6270.37098202807,5503.88415242223,7036.85781163391,5098.13053455663,7442.61142949952
"2018-08-29 09:00:00",5421,5034.45497619849,4267.96814659265,5800.94180580433,3862.21452872704,6206.69542366993
"2018-08-29 10:00:00",4871,4407.53715900312,3641.05032939728,5174.02398860896,3235.29671153167,5579.77760647456
"2018-08-29 11:00:00",4969,4480.61756950474,3714.1307398989,5247.10439911058,3308.3771220333,5652.85801697619
"2018-08-29 12:00:00",5134,4669.69624592374,3903.2094163179,5436.18307552958,3497.45579845229,5841.93669339518
"2018-08-29 13:00:00",4999,4673.77322565626,3907.28639605042,5440.2600552621,3501.53277818481,5846.0136731277
"2018-08-29 14:00:00",5349,5093.84854529197,4327.36171568613,5860.33537489781,3921.60809782052,6266.08899276341
"2018-08-29 15:00:00",5814,5491.92224063148,4725.43541102565,6258.40907023732,4319.68179316004,6664.16268810293
"2018-08-29 16:00:00",6578,6678.99434670337,5912.50751709753,7445.48117630921,5506.75389923192,7851.23479417481
"2018-08-29 17:00:00",5860,6116.06489778077,5349.57806817493,6882.55172738661,4943.82445030932,7288.30534525221
"2018-08-29 18:00:00",4554,4320.13392739772,3553.64709779188,5086.62075700356,3147.89347992628,5492.37437486917
"2018-08-29 19:00:00",3487,3050.2014683651,2283.71463875926,3816.68829797094,1877.96102089366,4222.44191583655
"2018-08-29 20:00:00",3205,2691.26755278618,1924.78072318034,3457.75438239202,1519.02710531474,3863.50800025763
"2018-08-29 21:00:00",2800,2261.33221207194,1494.8453824661,3027.81904167778,1089.0917646005,3433.57265954339
"2018-08-29 22:00:00",2106,1383.39547695595,616.908647350111,2149.88230656179,211.155029484505,2555.6359244274
"2018-08-29 23:00:00",1272,742.457377509009,-24.02945209683,1508.94420711485,-429.783069962436,1914.69782498045
"2018-08-30 00:00:00",670,218.517943153426,-547.968886452414,985.004772759265,-953.72250431802,1390.75839062487
"2018-08-30 01:00:00",456,8.57720267700489,-757.909626928835,775.064032282844,-1163.66324479444,1180.81765014845
"2018-08-30 02:00:00",326,-67.3648157532672,-833.851645359107,699.122013852572,-1239.60526322471,1104.87563171818
"2018-08-30 03:00:00",388,18.6919154221636,-747.794914183676,785.178745028003,-1153.54853204928,1190.93236289361
"2018-08-30 04:00:00",1008,566.747423168519,-199.73940643732,1333.23425277436,-605.493024302926,1738.98787063996
"2018-08-30 05:00:00",3070,2542.80173386951,1776.31490426367,3309.28856347535,1370.56128639806,3715.04218134095
"2018-08-30 06:00:00",5886,5372.85487333986,4606.36804373402,6139.3417029457,4200.61442586841,6545.0953208113
"2018-08-30 07:00:00",6466,6118.9068668376,5352.42003723176,6885.39369644344,4946.66641936616,7291.14731430905
"2018-08-30 08:00:00",5995,5703.95773907607,4937.47090947023,6470.44456868191,4531.71729160462,6876.19818654751
"2018-08-30 09:00:00",5467,5500.00751423563,4733.52068462979,6266.49434384147,4327.76706676418,6672.24796170707
"2018-08-30 10:00:00",4911,4540.0562159752,3773.56938636937,5306.54304558104,3367.81576850376,5712.29666344665
"2018-08-30 11:00:00",5095,4693.1038674435,3926.61703783766,5459.59069704934,3520.86341997206,5865.34431491495
"2018-08-30 12:00:00",5308,4685.15049129002,3918.66366168418,5451.63732089585,3512.91004381857,5857.39093876146
"2018-08-30 13:00:00",5213,4959.98607078521,4193.49924117937,5726.47290039105,3787.74562331376,6132.22651825665
"2018-08-30 14:00:00",5680,5169.68310933351,4403.19627972767,5936.16993893935,3997.44266186207,6341.92355680496
"2018-08-30 15:00:00",6238,5865.01999551309,5098.53316590725,6631.50682511893,4692.77954804165,7037.26044298454
"2018-08-30 16:00:00",6453,6813.7714938739,6047.28466426806,7580.25832347974,5641.53104640245,7986.01194134534
"2018-08-30 17:00:00",5775,6399.73868955945,5633.25185995361,7166.22551916529,5227.498242088,7571.97913703089
"2018-08-30 18:00:00",4531,4660.93020170471,3894.44337209887,5427.41703131055,3488.68975423327,5833.17064917616
"2018-08-30 19:00:00",3884,3290.66815895772,2524.18132935188,4057.15498856356,2118.42771148627,4462.90860642916
"2018-08-30 20:00:00",3332,2673.16880042632,1906.68197082048,3439.65563003215,1500.92835295487,3845.40924789776
"2018-08-30 21:00:00",3049,2357.28870572961,1590.80187612377,3123.77553533545,1185.04825825816,3529.52915320106
"2018-08-30 22:00:00",2221,1648.03355802494,881.546728419104,2414.52038763078,475.793110553498,2820.27400549639
"2018-08-30 23:00:00",1396,763.292170347525,-3.19465925831469,1529.77899995336,-408.948277123921,1935.53261781897
"2018-08-31 00:00:00",764,570.422216078594,-196.064613527246,1336.90904568443,-601.818231392852,1742.66266355004
"2018-08-31 01:00:00",456,325.167510272533,-441.319319333307,1091.65433987837,-847.072937198913,1497.40795774398
"2018-08-31 02:00:00",358,245.173139577515,-521.313690028324,1011.65996918335,-927.06730789393,1417.41358704896
"2018-08-31 03:00:00",378,296.849778361978,-469.637051243861,1063.33660796782,-875.390669109467,1469.09022583342
"2018-08-31 04:00:00",851,787.902686271751,21.415856665912,1554.38951587759,-384.337761199694,1960.1431337432
"2018-08-31 05:00:00",2754,2664.06525079102,1897.57842118518,3430.55208039686,1491.82480331958,3836.30569826247
"2018-08-31 06:00:00",5200,5370.42389337041,4603.93706376457,6136.91072297625,4198.18344589897,6542.66434084186
"2018-08-31 07:00:00",6270,6530.54001687428,5764.05318726844,7297.02684648012,5358.29956940284,7702.78046434573
"2018-08-31 08:00:00",5687,5840.69103143054,5074.2042018247,6607.17786103638,4668.45058395909,7012.93147890198
"2018-08-31 09:00:00",5328,5174.88671008583,4408.39988047999,5941.37353969167,4002.64626261438,6347.12715755728
"2018-08-31 10:00:00",5102,4801.98007794185,4035.49324833601,5568.46690754769,3629.7396304704,5974.22052541329
"2018-08-31 11:00:00",5359,5183.07491220316,4416.58808259732,5949.561741809,4010.83446473171,6355.3153596746
"2018-08-31 12:00:00",5587,5253.16752179865,4486.68069219281,6019.65435140449,4080.9270743272,6425.40796927009
"2018-08-31 13:00:00",5400,5126.20937697138,4359.72254736554,5892.69620657722,3953.96892949993,6298.44982444282
"2018-08-31 14:00:00",5705,5283.23904668957,4516.75221708373,6049.72587629541,4110.99859921812,6455.47949416101
"2018-08-31 15:00:00",5998,5907.25291379745,5140.76608419161,6673.73974340329,4735.012466326,7079.49336126889
"2018-08-31 16:00:00",5925,6641.23534474973,5874.74851514389,7407.72217435557,5468.99489727828,7813.47579222117
"2018-08-31 17:00:00",5418,5643.20070275907,4876.71387315323,6409.68753236491,4470.96025528762,6815.44115023051
"2018-08-31 18:00:00",4935,4124.1470864496,3357.66025684376,4890.63391605544,2951.90663897816,5296.38753392105
"2018-08-31 19:00:00",3945,2840.06972219902,2073.58289259318,3606.55655180486,1667.82927472757,4012.31016967047
"2018-08-31 20:00:00",3233,2278.97407298233,1512.48724337649,3045.46090258817,1106.73362551088,3451.21452045378
"2018-08-31 21:00:00",2910,2117.85942191184,1351.372592306,2884.34625151768,945.618974440391,3290.09986938328
"2018-08-31 22:00:00",2830,1733.72452378177,967.237694175933,2500.21135338761,561.484076310327,2905.96497125322
"2018-08-31 23:00:00",2147,1104.57159046459,338.084760858746,1871.05842007043,-67.6688570068595,2276.81203793603
"2018-09-01 00:00:00",1335,587.400512818853,-179.086316786986,1353.88734242469,-584.839934652592,1759.6409602903
"2018-09-01 01:00:00",785,404.211163825191,-362.275665780648,1170.69799343103,-768.029283646254,1576.45161129664
"2018-09-01 02:00:00",569,361.004568679822,-405.482260926017,1127.49139828566,-811.235878791623,1533.24501615127
"2018-09-01 03:00:00",425,273.780887721297,-492.705941884543,1040.26771732714,-898.459559750149,1446.02133519274
"2018-09-01 04:00:00",419,265.54033103838,-500.94649856746,1032.02716064422,-906.700116433066,1437.78077850982
"2018-09-01 05:00:00",741,506.283485114354,-260.203344491485,1272.77031472019,-665.956962357091,1678.5239325858
"2018-09-01 06:00:00",1529,953.010614588089,186.523784982249,1719.49744419393,-219.229832883356,2125.25106205953
"2018-09-01 07:00:00",2477,1278.72201820825,512.235188602408,2045.20884781409,106.481570736802,2450.96246567969
"2018-09-01 08:00:00",3476,1457.41811293723,690.931283331388,2223.90494254307,285.177665465782,2629.65856040867
"2018-09-01 09:00:00",4212,1724.09919438026,957.612364774416,2490.58602398609,551.85874690881,2896.3396418517
"2018-09-01 10:00:00",4578,1947.76557309294,1181.2787434871,2714.25240269878,775.525125621495,3120.00602056439
"2018-09-01 11:00:00",4897,2123.41759313662,1356.93076353078,2889.90442274245,951.17714566517,3295.65804060806
"2018-09-01 12:00:00",4854,2118.05555068137,1351.56872107553,2884.54238028721,945.815103209925,3290.29599815282
"2018-09-01 13:00:00",4972,1958.67974552886,1192.19291592302,2725.1665751347,786.439298057414,3130.9201930003
"2018-09-01 14:00:00",5056,1794.2904837577,1027.80365415186,2560.77731336354,622.050036286257,2966.53093122915
"2018-09-01 15:00:00",4719,1853.88805039272,1087.40122078688,2620.37487999856,681.647602921273,3026.12849786416
"2018-09-01 16:00:00",4649,1434.47272869418,667.985899088338,2200.95955830002,262.232281222732,2606.71317616562
"2018-09-01 17:00:00",4622,1452.0447997665,685.55797016066,2218.53162937234,279.804352295054,2624.28524723794
"2018-09-01 18:00:00",4261,1042.60453353308,276.117703927244,1809.09136313892,-129.635913938362,2214.84498100453
"2018-09-01 19:00:00",3518,856.152195927441,89.6653663216017,1622.63902553328,-316.088251544004,2028.39264339889
"2018-09-01 20:00:00",3196,593.688048340723,-172.798781265117,1360.17487794656,-578.552399130723,1765.92849581217
"2018-09-01 21:00:00",2880,683.212344728872,-83.2744848769672,1449.69917433471,-489.028102742573,1855.45279220032
"2018-09-01 22:00:00",2815,570.72533431207,-195.76149529377,1337.21216391791,-601.515113159376,1742.96578178352
"2018-09-01 23:00:00",1945,503.227261282373,-263.259568323466,1269.71409088821,-669.013186189072,1675.46770875382
"2018-09-02 00:00:00",1273,330.718363939224,-435.768465666615,1097.20519354506,-841.522083532221,1502.95881141067
"2018-09-02 01:00:00",801,237.198875735628,-529.287953870211,1003.68570534147,-935.041571735817,1409.43932320707
"2018-09-02 02:00:00",565,176.669025185196,-589.817804420644,943.155854791035,-995.57142228625,1348.90947265664
"2018-09-02 03:00:00",386,130.12903565709,-636.35779394875,896.615865262929,-1042.11141181436,1302.36948312853
"2018-09-02 04:00:00",316,154.579125816769,-611.907703789071,921.065955422608,-1017.66132165468,1326.81957328821
"2018-09-02 05:00:00",532,281.019509637853,-485.467319967986,1047.50633924369,-891.220937833592,1453.2599571093
"2018-09-02 06:00:00",1003,470.450396405397,-296.036433200442,1236.93722601124,-701.790051066048,1642.69084387684
"2018-09-02 07:00:00",1607,614.871990934358,-151.614838671482,1381.3588205402,-557.368456537088,1787.1124384058
"2018-09-02 08:00:00",2334,655.284493627657,-111.202335978183,1421.7713232335,-516.955953843789,1827.5249410991
"2018-09-02 09:00:00",2929,965.688100541289,199.20127093545,1732.17493014713,-206.552346930156,2137.92854801273
"2018-09-02 10:00:00",3571,1476.08300351948,709.596173913645,2242.56983312532,303.842556048039,2648.32345099093
"2018-09-02 11:00:00",4040,1776.46939026975,1009.98256066391,2542.95621987559,604.228942798305,2948.7098377412
"2018-09-02 12:00:00",4549,2019.84744444316,1253.36061483732,2786.334274049,847.606996971717,3192.08789191461
"2018-09-02 13:00:00",4414,2188.21734573633,1421.73051613049,2954.70417534217,1015.97689826488,3360.45779320777
"2018-09-02 14:00:00",4299,2389.57926997036,1623.09244036452,3156.0660995762,1217.33882249892,3561.81971744181
"2018-09-02 15:00:00",4330,2154.93338917192,1388.44655956608,2921.42021877776,982.692941700474,3327.17383664336
"2018-09-02 16:00:00",4197,2093.27987166006,1326.79304205422,2859.7667012659,921.039424188614,3265.5203191315
"2018-09-02 17:00:00",3833,1833.61888212373,1067.13205251789,2600.10571172956,661.37843465228,3005.85932959517
"2018-09-02 18:00:00",3601,1643.95058169936,877.463752093523,2410.4374113052,471.710134227917,2816.19102917081
"2018-09-02 19:00:00",3098,1402.27512804926,635.788298443416,2168.7619576551,230.03468057781,2574.5155755207
"2018-09-02 20:00:00",3115,1627.5926754355,861.105845829663,2394.07950504134,455.352227964057,2799.83312290695
"2018-09-02 21:00:00",2669,2794.90337479318,2028.41654518734,3561.39020439902,1622.66292732174,3967.14382226463
"2018-09-02 22:00:00",2066,1189.2073738027,422.720544196856,1955.69420340853,16.9669263312501,2361.44782127414
"2018-09-02 23:00:00",1475,692.504816959589,-73.9820126462502,1458.99164656543,-479.735630511856,1864.74526443103
"2018-09-03 00:00:00",962,-285.672465316032,-1052.15929492187,480.814364289807,-1457.91291278748,886.567982155413
"2018-09-03 01:00:00",694,-420.387712775112,-1186.87454238095,346.099116830728,-1592.62816024656,751.852734696334
"2018-09-03 02:00:00",421,-445.109101029521,-1211.59593063536,321.377728576319,-1617.34954850097,727.131346441924
"2018-09-03 03:00:00",310,-334.836497650728,-1101.32332725657,431.650331955111,-1507.07694512217,837.403949820717
"2018-09-03 04:00:00",325,87.430226933963,-679.056602671876,853.917056539802,-1084.81022053748,1259.67067440541
"2018-09-03 05:00:00",590,1546.69119950295,780.204369897115,2313.17802910879,374.450752031509,2718.9316469744
"2018-09-03 06:00:00",1141,3672.94654410061,2906.45971449477,4439.43337370645,2500.70609662917,4845.18699157206
"2018-09-03 07:00:00",1556,4272.19638209626,3505.70955249042,5038.6832117021,3099.95593462481,5444.4368295677
"2018-09-03 08:00:00",1995,3772.44083224183,3005.95400263599,4538.92766184767,2600.20038477038,4944.68127971327
"2018-09-03 09:00:00",2524,3354.68001072832,2588.19318112248,4121.16684033416,2182.43956325688,4526.92045819977
"2018-09-03 10:00:00",3050,2935.91403124105,2169.42720163521,3702.40086084689,1763.67358376961,4108.1544787125
"2018-09-03 11:00:00",3616,3170.14300501366,2403.65617540782,3936.6298346195,1997.90255754221,4342.3834524851
"2018-09-03 12:00:00",3901,3459.36704088098,2692.88021127514,4225.85387048682,2287.12659340954,4631.60748835243
"2018-09-03 13:00:00",4110,3420.5862453308,2654.09941572496,4187.07307493664,2248.34579785935,4592.82669280224
"2018-09-03 14:00:00",4446,3697.80072255445,2931.31389294861,4464.28755216029,2525.560275083,4870.04117002589
"2018-09-03 15:00:00",4411,4253.01057449632,3486.52374489048,5019.49740410216,3080.77012702488,5425.25102196777
"2018-09-03 16:00:00",4017,5099.21590090237,4332.72907129653,5865.70273050821,3926.97545343092,6271.45634837382
"2018-09-03 17:00:00",3900,4878.41679936746,4111.92996976162,5644.9036289733,3706.17635189602,6050.65724683891
"2018-09-03 18:00:00",3487,3372.61336538181,2606.12653577597,4139.10019498765,2200.37291791036,4544.85381285325
"2018-09-03 19:00:00",3006,2290.80569237633,1524.31886277049,3057.29252198217,1118.56524490489,3463.04613984778
"2018-09-03 20:00:00",2627,1867.99387176709,1101.50704216125,2634.48070137293,695.753424295642,3040.23431923853
"2018-09-03 21:00:00",2081,1412.1779929987,645.691163392863,2178.66482260454,239.937545527257,2584.41844047015
"2018-09-03 22:00:00",1588,801.358143586905,34.8713139810661,1567.84497319274,-370.88230388454,1973.59859105835
"2018-09-03 23:00:00",1012,290.534409160107,-475.952420445732,1057.02123876595,-881.706038311338,1462.77485663155
"2018-09-04 00:00:00",528,516.175184459365,-250.311645146474,1282.6620140652,-656.06526301208,1688.41563193081
"2018-09-04 01:00:00",321,328.343929541197,-438.142900064642,1094.83075914704,-843.896517930248,1500.58437701264
"2018-09-04 02:00:00",254,263.509035572052,-502.977794033787,1029.99586517789,-908.731411899393,1435.7494830435
"2018-09-04 03:00:00",332,339.670581029428,-426.816248576411,1106.15741063527,-832.569866442017,1511.91102850087
"2018-09-04 04:00:00",901,890.828642698429,124.341813092589,1657.31547230427,-281.411804773017,2063.06909016987
"2018-09-04 05:00:00",2863,2840.98329570826,2074.49646610242,3607.4701253141,1668.74284823681,4013.2237431797
"2018-09-04 06:00:00",5280,5509.13461356792,4742.64778396208,6275.62144317376,4336.89416609648,6681.37506103937
"2018-09-04 07:00:00",6379,6201.2826682012,5434.79583859536,6967.76949780704,5029.04222072975,7373.52311567264
"2018-09-04 08:00:00",5856,5885.42752998078,5118.94070037494,6651.91435958661,4713.18708250933,7057.66797745222
"2018-09-04 09:00:00",5242,5670.56926776174,4904.08243815591,6437.05609736758,4498.3288202903,6842.80971523319
"2018-09-04 10:00:00",4403,4449.70794891431,3683.22111930847,5216.19477852015,3277.46750144287,5621.94839638576
"2018-09-04 11:00:00",4477,4708.84363935581,3942.35680974997,5475.33046896165,3536.60319188436,5881.08408682725
"2018-09-04 12:00:00",4583,4955.97640358205,4189.48957397621,5722.46323318788,3783.7359561106,6128.21685105349
"2018-09-04 13:00:00",4652,4907.10630469795,4140.61947509211,5673.59313430379,3734.8658572265,6079.34675216939
"2018-09-04 14:00:00",4785,5214.23340444757,4447.74657484173,5980.72023405341,4041.99295697612,6386.47385191901
"2018-09-04 15:00:00",5436,5838.35776324342,5071.87093363758,6604.84459284926,4666.11731577197,7010.59821071486
"2018-09-04 16:00:00",5667,6651.4794401952,5884.99261058936,7417.96626980104,5479.23899272375,7823.71988766664
"2018-09-04 17:00:00",5494,6271.59849313787,5505.11166353203,7038.08532274371,5099.35804566643,7443.83894060932
"2018-09-04 18:00:00",4383,4821.71497865919,4055.22814905335,5588.20180826503,3649.47453118775,5993.95542613064
"2018-09-04 19:00:00",3017,3475.82895212656,2709.34212252072,4242.31578173239,2303.58850465511,4648.069399598
"2018-09-04 20:00:00",2385,2871.94046771335,2105.45363810751,3638.42729731919,1699.7000202419,4044.18091518479
"2018-09-04 21:00:00",2105,3413.04957842469,2646.56274881885,4179.53640803053,2240.80913095324,4585.29002589613
"2018-09-04 22:00:00",1351,3289.15633612262,2522.66950651678,4055.64316572846,2116.91588865117,4461.39678359406
"2018-09-04 23:00:00",921,1292.26079155075,525.773961944911,2058.74762115659,120.020344079305,2464.5012390222
"2018-09-05 00:00:00",522,481.628838878774,-284.857990727065,1248.11566848461,-690.611608592671,1653.86928635022
"2018-09-05 01:00:00",304,249.728837644545,-516.757991961294,1016.21566725038,-922.5116098269,1421.96928511599
"2018-09-05 02:00:00",254,86.8266798994277,-679.660149706412,853.313509505267,-1085.41376757202,1259.06712737087
"2018-09-05 03:00:00",323,176.922412149388,-589.564417456451,943.409241755227,-995.318035322057,1349.16285962083
"2018-09-05 04:00:00",882,631.016079897473,-135.470749708366,1397.50290950331,-541.224367573972,1803.25652736892
"2018-09-05 05:00:00",3013,2642.10772766544,1875.6208980596,3408.59455727128,1469.867280194,3814.34817513689
"2018-09-05 06:00:00",5633,5599.19739901492,4832.71056940908,6365.68422862076,4426.95695154347,6771.43784648637
"2018-09-05 07:00:00",6668,6527.28513656812,5760.79830696228,7293.77196617396,5355.04468909667,7699.52558403956
"2018-09-05 08:00:00",6327,6270.37098202807,5503.88415242223,7036.85781163391,5098.13053455663,7442.61142949952
"2018-09-05 09:00:00",5237,5034.45497619849,4267.96814659265,5800.94180580433,3862.21452872704,6206.69542366993
"2018-09-05 10:00:00",4599,4407.53715900312,3641.05032939728,5174.02398860896,3235.29671153167,5579.77760647456
"2018-09-05 11:00:00",4635,4480.61756950474,3714.1307398989,5247.10439911058,3308.3771220333,5652.85801697619
"2018-09-05 12:00:00",5001,4669.69624592374,3903.2094163179,5436.18307552958,3497.45579845229,5841.93669339518
"2018-09-05 13:00:00",4781,4673.77322565626,3907.28639605042,5440.2600552621,3501.53277818481,5846.0136731277
"2018-09-05 14:00:00",4816,5093.84854529197,4327.36171568613,5860.33537489781,3921.60809782052,6266.08899276341
"2018-09-05 15:00:00",5661,5491.92224063148,4725.43541102565,6258.40907023732,4319.68179316004,6664.16268810293
"2018-09-05 16:00:00",6555,6678.99434670337,5912.50751709753,7445.48117630921,5506.75389923192,7851.23479417481
"2018-09-05 17:00:00",5938,6116.06489778077,5349.57806817493,6882.55172738661,4943.82445030932,7288.30534525221
"2018-09-05 18:00:00",4426,4320.13392739772,3553.64709779188,5086.62075700356,3147.89347992628,5492.37437486917
"2018-09-05 19:00:00",3414,3050.2014683651,2283.71463875926,3816.68829797094,1877.96102089366,4222.44191583655
"2018-09-05 20:00:00",3130,2691.26755278618,1924.78072318034,3457.75438239202,1519.02710531474,3863.50800025763
"2018-09-05 21:00:00",2532,2261.33221207194,1494.8453824661,3027.81904167778,1089.0917646005,3433.57265954339
"2018-09-05 22:00:00",1629,1383.39547695595,616.908647350111,2149.88230656179,211.155029484505,2555.6359244274
"2018-09-05 23:00:00",993,742.457377509009,-24.02945209683,1508.94420711485,-429.783069962436,1914.69782498045
"2018-09-06 00:00:00",570,218.517943153426,-547.968886452414,985.004772759265,-953.72250431802,1390.75839062487
"2018-09-06 01:00:00",350,8.57720267700489,-757.909626928835,775.064032282844,-1163.66324479444,1180.81765014845
"2018-09-06 02:00:00",281,-67.3648157532672,-833.851645359107,699.122013852572,-1239.60526322471,1104.87563171818
"2018-09-06 03:00:00",337,18.6919154221636,-747.794914183676,785.178745028003,-1153.54853204928,1190.93236289361
"2018-09-06 04:00:00",909,566.747423168519,-199.73940643732,1333.23425277436,-605.493024302926,1738.98787063996
"2018-09-06 05:00:00",3036,2542.80173386951,1776.31490426367,3309.28856347535,1370.56128639806,3715.04218134095
"2018-09-06 06:00:00",5868,5372.85487333986,4606.36804373402,6139.3417029457,4200.61442586841,6545.0953208113
"2018-09-06 07:00:00",6526,6118.9068668376,5352.42003723176,6885.39369644344,4946.66641936616,7291.14731430905
"2018-09-06 08:00:00",5996,5703.95773907607,4937.47090947023,6470.44456868191,4531.71729160462,6876.19818654751
"2018-09-06 09:00:00",5328,5500.00751423563,4733.52068462979,6266.49434384147,4327.76706676418,6672.24796170707
"2018-09-06 10:00:00",4579,4540.0562159752,3773.56938636937,5306.54304558104,3367.81576850376,5712.29666344665
"2018-09-06 11:00:00",4727,4693.1038674435,3926.61703783766,5459.59069704934,3520.86341997206,5865.34431491495
"2018-09-06 12:00:00",4765,4685.15049129002,3918.66366168418,5451.63732089585,3512.91004381857,5857.39093876146
"2018-09-06 13:00:00",4853,4959.98607078521,4193.49924117937,5726.47290039105,3787.74562331376,6132.22651825665
"2018-09-06 14:00:00",4947,5169.68310933351,4403.19627972767,5936.16993893935,3997.44266186207,6341.92355680496
"2018-09-06 15:00:00",5786,5865.01999551309,5098.53316590725,6631.50682511893,4692.77954804165,7037.26044298454
"2018-09-06 16:00:00",6396,6813.7714938739,6047.28466426806,7580.25832347974,5641.53104640245,7986.01194134534
"2018-09-06 17:00:00",6008,6399.73868955945,5633.25185995361,7166.22551916529,5227.498242088,7571.97913703089
"2018-09-06 18:00:00",4373,4660.93020170471,3894.44337209887,5427.41703131055,3488.68975423327,5833.17064917616
"2018-09-06 19:00:00",3382,3290.66815895772,2524.18132935188,4057.15498856356,2118.42771148627,4462.90860642916
"2018-09-06 20:00:00",3223,2673.16880042632,1906.68197082048,3439.65563003215,1500.92835295487,3845.40924789776
"2018-09-06 21:00:00",2712,2357.28870572961,1590.80187612377,3123.77553533545,1185.04825825816,3529.52915320106
"2018-09-06 22:00:00",2096,1648.03355802494,881.546728419104,2414.52038763078,475.793110553498,2820.27400549639
"2018-09-06 23:00:00",1248,763.292170347525,-3.19465925831469,1529.77899995336,-408.948277123921,1935.53261781897
"2018-09-07 00:00:00",550,570.422216078594,-196.064613527246,1336.90904568443,-601.818231392852,1742.66266355004
"2018-09-07 01:00:00",417,325.167510272533,-441.319319333307,1091.65433987837,-847.072937198913,1497.40795774398
"2018-09-07 02:00:00",307,245.173139577515,-521.313690028324,1011.65996918335,-927.06730789393,1417.41358704896
"2018-09-07 03:00:00",338,296.849778361978,-469.637051243861,1063.33660796782,-875.390669109467,1469.09022583342
"2018-09-07 04:00:00",892,787.902686271751,21.415856665912,1554.38951587759,-384.337761199694,1960.1431337432
"2018-09-07 05:00:00",2942,2664.06525079102,1897.57842118518,3430.55208039686,1491.82480331958,3836.30569826247
"2018-09-07 06:00:00",5542,5370.42389337041,4603.93706376457,6136.91072297625,4198.18344589897,6542.66434084186
"2018-09-07 07:00:00",6675,6530.54001687428,5764.05318726844,7297.02684648012,5358.29956940284,7702.78046434573
"2018-09-07 08:00:00",5923,5840.69103143054,5074.2042018247,6607.17786103638,4668.45058395909,7012.93147890198
"2018-09-07 09:00:00",5061,5174.88671008583,4408.39988047999,5941.37353969167,4002.64626261438,6347.12715755728
"2018-09-07 10:00:00",4720,4801.98007794185,4035.49324833601,5568.46690754769,3629.7396304704,5974.22052541329
"2018-09-07 11:00:00",4700,5183.07491220316,4416.58808259732,5949.561741809,4010.83446473171,6355.3153596746
"2018-09-07 12:00:00",5073,5253.16752179865,4486.68069219281,6019.65435140449,4080.9270743272,6425.40796927009
"2018-09-07 13:00:00",4832,5126.20937697138,4359.72254736554,5892.69620657722,3953.96892949993,6298.44982444282
"2018-09-07 14:00:00",5163,5283.23904668957,4516.75221708373,6049.72587629541,4110.99859921812,6455.47949416101
"2018-09-07 15:00:00",4831,5907.25291379745,5140.76608419161,6673.73974340329,4735.012466326,7079.49336126889
"2018-09-07 16:00:00",6148,6641.23534474973,5874.74851514389,7407.72217435557,5468.99489727828,7813.47579222117
"2018-09-07 17:00:00",5426,5643.20070275907,4876.71387315323,6409.68753236491,4470.96025528762,6815.44115023051
"2018-09-07 18:00:00",4699,4124.1470864496,3357.66025684376,4890.63391605544,2951.90663897816,5296.38753392105
"2018-09-07 19:00:00",3734,2840.06972219902,2073.58289259318,3606.55655180486,1667.82927472757,4012.31016967047
"2018-09-07 20:00:00",3360,2278.97407298233,1512.48724337649,3045.46090258817,1106.73362551088,3451.21452045378
"2018-09-07 21:00:00",2803,2117.85942191184,1351.372592306,2884.34625151768,945.618974440391,3290.09986938328
"2018-09-07 22:00:00",2669,1733.72452378177,967.237694175933,2500.21135338761,561.484076310327,2905.96497125322
"2018-09-07 23:00:00",1957,1104.57159046459,338.084760858746,1871.05842007043,-67.6688570068595,2276.81203793603
"2018-09-08 00:00:00",1131,587.400512818853,-179.086316786986,1353.88734242469,-584.839934652592,1759.6409602903
"2018-09-08 01:00:00",690,404.211163825191,-362.275665780648,1170.69799343103,-768.029283646254,1576.45161129664
"2018-09-08 02:00:00",488,361.004568679822,-405.482260926017,1127.49139828566,-811.235878791623,1533.24501615127
"2018-09-08 03:00:00",393,273.780887721297,-492.705941884543,1040.26771732714,-898.459559750149,1446.02133519274
"2018-09-08 04:00:00",459,265.54033103838,-500.94649856746,1032.02716064422,-906.700116433066,1437.78077850982
"2018-09-08 05:00:00",830,506.283485114354,-260.203344491485,1272.77031472019,-665.956962357091,1678.5239325858
"2018-09-08 06:00:00",1504,953.010614588089,186.523784982249,1719.49744419393,-219.229832883356,2125.25106205953
"2018-09-08 07:00:00",2063,1278.72201820825,512.235188602408,2045.20884781409,106.481570736802,2450.96246567969
"2018-09-08 08:00:00",3043,1457.41811293723,690.931283331388,2223.90494254307,285.177665465782,2629.65856040867
"2018-09-08 09:00:00",3588,1724.09919438026,957.612364774416,2490.58602398609,551.85874690881,2896.3396418517
"2018-09-08 10:00:00",4039,1947.76557309294,1181.2787434871,2714.25240269878,775.525125621495,3120.00602056439
"2018-09-08 11:00:00",4249,2123.41759313662,1356.93076353078,2889.90442274245,951.17714566517,3295.65804060806
"2018-09-08 12:00:00",4690,2118.05555068137,1351.56872107553,2884.54238028721,945.815103209925,3290.29599815282
"2018-09-08 13:00:00",4550,1958.67974552886,1192.19291592302,2725.1665751347,786.439298057414,3130.9201930003
"2018-09-08 14:00:00",4612,1794.2904837577,1027.80365415186,2560.77731336354,622.050036286257,2966.53093122915
"2018-09-08 15:00:00",4756,1853.88805039272,1087.40122078688,2620.37487999856,681.647602921273,3026.12849786416
"2018-09-08 16:00:00",4848,1434.47272869418,667.985899088338,2200.95955830002,262.232281222732,2606.71317616562
"2018-09-08 17:00:00",4125,1452.0447997665,685.55797016066,2218.53162937234,279.804352295054,2624.28524723794
"2018-09-08 18:00:00",3745,1042.60453353308,276.117703927244,1809.09136313892,-129.635913938362,2214.84498100453
"2018-09-08 19:00:00",3399,856.152195927441,89.6653663216017,1622.63902553328,-316.088251544004,2028.39264339889
"2018-09-08 20:00:00",3245,593.688048340723,-172.798781265117,1360.17487794656,-578.552399130723,1765.92849581217
"2018-09-08 21:00:00",2814,683.212344728872,-83.2744848769672,1449.69917433471,-489.028102742573,1855.45279220032
"2018-09-08 22:00:00",2478,570.72533431207,-195.76149529377,1337.21216391791,-601.515113159376,1742.96578178352
"2018-09-08 23:00:00",1916,503.227261282373,-263.259568323466,1269.71409088821,-669.013186189072,1675.46770875382
"2018-09-09 00:00:00",1286,330.718363939224,-435.768465666615,1097.20519354506,-841.522083532221,1502.95881141067
"2018-09-09 01:00:00",794,237.198875735628,-529.287953870211,1003.68570534147,-935.041571735817,1409.43932320707
"2018-09-09 02:00:00",620,176.669025185196,-589.817804420644,943.155854791035,-995.57142228625,1348.90947265664
"2018-09-09 03:00:00",345,130.12903565709,-636.35779394875,896.615865262929,-1042.11141181436,1302.36948312853
"2018-09-09 04:00:00",353,154.579125816769,-611.907703789071,921.065955422608,-1017.66132165468,1326.81957328821
"2018-09-09 05:00:00",541,281.019509637853,-485.467319967986,1047.50633924369,-891.220937833592,1453.2599571093
"2018-09-09 06:00:00",1140,470.450396405397,-296.036433200442,1236.93722601124,-701.790051066048,1642.69084387684
"2018-09-09 07:00:00",1806,614.871990934358,-151.614838671482,1381.3588205402,-557.368456537088,1787.1124384058
"2018-09-09 08:00:00",2224,655.284493627657,-111.202335978183,1421.7713232335,-516.955953843789,1827.5249410991
"2018-09-09 09:00:00",3449,965.688100541289,199.20127093545,1732.17493014713,-206.552346930156,2137.92854801273
"2018-09-09 10:00:00",4322,1476.08300351948,709.596173913645,2242.56983312532,303.842556048039,2648.32345099093
"2018-09-09 11:00:00",4273,1776.46939026975,1009.98256066391,2542.95621987559,604.228942798305,2948.7098377412
"2018-09-09 12:00:00",3990,2019.84744444316,1253.36061483732,2786.334274049,847.606996971717,3192.08789191461
"2018-09-09 13:00:00",3993,2188.21734573633,1421.73051613049,2954.70417534217,1015.97689826488,3360.45779320777
"2018-09-09 14:00:00",3852,2389.57926997036,1623.09244036452,3156.0660995762,1217.33882249892,3561.81971744181
"2018-09-09 15:00:00",3888,2154.93338917192,1388.44655956608,2921.42021877776,982.692941700474,3327.17383664336
"2018-09-09 16:00:00",4126,2093.27987166006,1326.79304205422,2859.7667012659,921.039424188614,3265.5203191315
"2018-09-09 17:00:00",3959,1833.61888212373,1067.13205251789,2600.10571172956,661.37843465228,3005.85932959517
"2018-09-09 18:00:00",3692,1643.95058169936,877.463752093523,2410.4374113052,471.710134227917,2816.19102917081
"2018-09-09 19:00:00",3258,1402.27512804926,635.788298443416,2168.7619576551,230.03468057781,2574.5155755207
"2018-09-09 20:00:00",2755,1627.5926754355,861.105845829663,2394.07950504134,455.352227964057,2799.83312290695
"2018-09-09 21:00:00",2140,2794.90337479318,2028.41654518734,3561.39020439902,1622.66292732174,3967.14382226463
"2018-09-09 22:00:00",1534,1189.2073738027,422.720544196856,1955.69420340853,16.9669263312501,2361.44782127414
"2018-09-09 23:00:00",996,692.504816959589,-73.9820126462502,1458.99164656543,-479.735630511856,1864.74526443103
"2018-09-10 00:00:00",534,-285.672465316032,-1052.15929492187,480.814364289807,-1457.91291278748,886.567982155413
"2018-09-10 01:00:00",303,-420.387712775112,-1186.87454238095,346.099116830728,-1592.62816024656,751.852734696334
"2018-09-10 02:00:00",286,-445.109101029521,-1211.59593063536,321.377728576319,-1617.34954850097,727.131346441925
"2018-09-10 03:00:00",329,-334.836497650728,-1101.32332725657,431.650331955111,-1507.07694512217,837.403949820717
"2018-09-10 04:00:00",861,87.430226933963,-679.056602671876,853.917056539802,-1084.81022053748,1259.67067440541
"2018-09-10 05:00:00",2963,1546.69119950295,780.204369897115,2313.17802910879,374.450752031509,2718.9316469744
"2018-09-10 06:00:00",5721,3672.94654410061,2906.45971449477,4439.43337370645,2500.70609662917,4845.18699157206
"2018-09-10 07:00:00",6561,4272.19638209626,3505.70955249042,5038.6832117021,3099.95593462481,5444.4368295677
"2018-09-10 08:00:00",6009,3772.44083224183,3005.95400263599,4538.92766184767,2600.20038477038,4944.68127971327
"2018-09-10 09:00:00",5236,3354.68001072832,2588.19318112248,4121.16684033416,2182.43956325688,4526.92045819977
"2018-09-10 10:00:00",4201,2935.91403124105,2169.42720163521,3702.40086084689,1763.67358376961,4108.1544787125
"2018-09-10 11:00:00",4498,3170.14300501366,2403.65617540782,3936.6298346195,1997.90255754221,4342.3834524851
"2018-09-10 12:00:00",4724,3459.36704088098,2692.88021127514,4225.85387048682,2287.12659340954,4631.60748835243
"2018-09-10 13:00:00",4462,3420.5862453308,2654.09941572496,4187.07307493664,2248.34579785935,4592.82669280225
"2018-09-10 14:00:00",5016,3697.80072255445,2931.31389294861,4464.28755216029,2525.560275083,4870.04117002589
"2018-09-10 15:00:00",5688,4253.01057449632,3486.52374489048,5019.49740410216,3080.77012702488,5425.25102196777
"2018-09-10 16:00:00",6344,5099.21590090237,4332.72907129653,5865.70273050821,3926.97545343093,6271.45634837382
"2018-09-10 17:00:00",5857,4878.41679936746,4111.92996976162,5644.9036289733,3706.17635189602,6050.65724683891
"2018-09-10 18:00:00",4245,3372.61336538181,2606.12653577597,4139.10019498765,2200.37291791036,4544.85381285325
"2018-09-10 19:00:00",3184,2290.80569237633,1524.31886277049,3057.29252198217,1118.56524490489,3463.04613984778
"2018-09-10 20:00:00",2732,1867.99387176709,1101.50704216125,2634.48070137293,695.753424295642,3040.23431923853
"2018-09-10 21:00:00",2235,1412.1779929987,645.691163392863,2178.66482260454,239.937545527257,2584.41844047015
"2018-09-10 22:00:00",1389,801.358143586905,34.8713139810661,1567.84497319274,-370.88230388454,1973.59859105835
"2018-09-10 23:00:00",887,290.534409160107,-475.952420445732,1057.02123876595,-881.706038311338,1462.77485663155
"2018-09-11 00:00:00",516,516.175184459365,-250.311645146474,1282.6620140652,-656.06526301208,1688.41563193081
"2018-09-11 01:00:00",330,328.343929541197,-438.142900064642,1094.83075914704,-843.896517930248,1500.58437701264
"2018-09-11 02:00:00",265,263.509035572052,-502.977794033787,1029.99586517789,-908.731411899393,1435.7494830435
"2018-09-11 03:00:00",332,339.670581029428,-426.816248576411,1106.15741063527,-832.569866442017,1511.91102850087
"2018-09-11 04:00:00",891,890.828642698429,124.341813092589,1657.31547230427,-281.411804773017,2063.06909016987
"2018-09-11 05:00:00",3055,2840.98329570826,2074.49646610242,3607.4701253141,1668.74284823681,4013.2237431797
"2018-09-11 06:00:00",5927,5509.13461356792,4742.64778396208,6275.62144317376,4336.89416609648,6681.37506103937
"2018-09-11 07:00:00",6496,6201.2826682012,5434.79583859536,6967.76949780704,5029.04222072975,7373.52311567264
"2018-09-11 08:00:00",6123,5885.42752998078,5118.94070037494,6651.91435958661,4713.18708250933,7057.66797745222
"2018-09-11 09:00:00",5471,5670.56926776174,4904.08243815591,6437.05609736758,4498.3288202903,6842.80971523319
"2018-09-11 10:00:00",4257,4449.70794891431,3683.22111930847,5216.19477852015,3277.46750144287,5621.94839638576
"2018-09-11 11:00:00",5074,4708.84363935581,3942.35680974997,5475.33046896165,3536.60319188436,5881.08408682725
"2018-09-11 12:00:00",4734,4955.97640358205,4189.48957397621,5722.46323318788,3783.7359561106,6128.21685105349
"2018-09-11 13:00:00",4875,4907.10630469795,4140.61947509211,5673.59313430379,3734.8658572265,6079.34675216939
"2018-09-11 14:00:00",4922,5214.23340444757,4447.74657484173,5980.72023405341,4041.99295697612,6386.47385191901
"2018-09-11 15:00:00",5636,5838.35776324342,5071.87093363758,6604.84459284926,4666.11731577197,7010.59821071486
"2018-09-11 16:00:00",6601,6651.4794401952,5884.99261058936,7417.96626980104,5479.23899272375,7823.71988766664
"2018-09-11 17:00:00",5859,6271.59849313787,5505.11166353203,7038.08532274371,5099.35804566643,7443.83894060932
"2018-09-11 18:00:00",4372,4821.71497865919,4055.22814905335,5588.20180826503,3649.47453118775,5993.95542613064
"2018-09-11 19:00:00",3427,3475.82895212656,2709.34212252072,4242.31578173239,2303.58850465511,4648.069399598
"2018-09-11 20:00:00",3114,2871.94046771335,2105.45363810751,3638.42729731919,1699.7000202419,4044.18091518479
"2018-09-11 21:00:00",2501,3413.04957842469,2646.56274881885,4179.53640803053,2240.80913095324,4585.29002589613
"2018-09-11 22:00:00",1860,3289.15633612262,2522.66950651678,4055.64316572846,2116.91588865117,4461.39678359406
"2018-09-11 23:00:00",2682,1292.26079155075,525.773961944911,2058.74762115659,120.020344079305,2464.5012390222
"2018-09-12 00:00:00",750,481.628838878774,-284.857990727065,1248.11566848461,-690.611608592671,1653.86928635022
"2018-09-12 01:00:00",344,249.728837644545,-516.757991961294,1016.21566725038,-922.5116098269,1421.96928511599
"2018-09-12 02:00:00",314,86.8266798994277,-679.660149706412,853.313509505267,-1085.41376757202,1259.06712737087
"2018-09-12 03:00:00",371,176.922412149388,-589.564417456451,943.409241755227,-995.318035322057,1349.16285962083
"2018-09-12 04:00:00",937,631.016079897473,-135.470749708366,1397.50290950331,-541.224367573972,1803.25652736892
"2018-09-12 05:00:00",3085,2642.10772766544,1875.6208980596,3408.59455727128,1469.867280194,3814.34817513689
"2018-09-12 06:00:00",5908,5599.19739901492,4832.71056940908,6365.68422862076,4426.95695154347,6771.43784648637
"2018-09-12 07:00:00",6677,6527.28513656812,5760.79830696228,7293.77196617396,5355.04468909667,7699.52558403956
"2018-09-12 08:00:00",6297,6270.37098202807,5503.88415242223,7036.85781163391,5098.13053455663,7442.61142949952
"2018-09-12 09:00:00",5551,5034.45497619849,4267.96814659265,5800.94180580433,3862.21452872704,6206.69542366993
"2018-09-12 10:00:00",4499,4407.53715900312,3641.05032939728,5174.02398860896,3235.29671153167,5579.77760647456
"2018-09-12 11:00:00",4598,4480.61756950474,3714.1307398989,5247.10439911058,3308.3771220333,5652.85801697619
"2018-09-12 12:00:00",4759,4669.69624592374,3903.2094163179,5436.18307552958,3497.45579845229,5841.93669339518
"2018-09-12 13:00:00",4733,4673.77322565626,3907.28639605042,5440.2600552621,3501.53277818481,5846.0136731277
"2018-09-12 14:00:00",5056,5093.84854529197,4327.36171568613,5860.33537489781,3921.60809782052,6266.08899276341
"2018-09-12 15:00:00",5739,5491.92224063148,4725.43541102565,6258.40907023732,4319.68179316004,6664.16268810293
"2018-09-12 16:00:00",6450,6678.99434670337,5912.50751709753,7445.48117630921,5506.75389923192,7851.23479417481
"2018-09-12 17:00:00",6245,6116.06489778077,5349.57806817493,6882.55172738661,4943.82445030932,7288.30534525221
"2018-09-12 18:00:00",4668,4320.13392739772,3553.64709779188,5086.62075700356,3147.89347992628,5492.37437486917
"2018-09-12 19:00:00",3510,3050.2014683651,2283.71463875926,3816.68829797094,1877.96102089366,4222.44191583655
"2018-09-12 20:00:00",3064,2691.26755278618,1924.78072318034,3457.75438239202,1519.02710531474,3863.50800025763
"2018-09-12 21:00:00",2705,2261.33221207194,1494.8453824661,3027.81904167778,1089.0917646005,3433.57265954339
"2018-09-12 22:00:00",1813,1383.39547695595,616.908647350111,2149.88230656179,211.155029484505,2555.6359244274
"2018-09-12 23:00:00",2842,742.457377509009,-24.02945209683,1508.94420711485,-429.783069962436,1914.69782498045
"2018-09-13 00:00:00",699,218.517943153426,-547.968886452414,985.004772759265,-953.72250431802,1390.75839062487
"2018-09-13 01:00:00",413,8.57720267700489,-757.909626928835,775.064032282844,-1163.66324479444,1180.81765014845
"2018-09-13 02:00:00",332,-67.3648157532672,-833.851645359107,699.122013852572,-1239.60526322471,1104.87563171818
"2018-09-13 03:00:00",383,18.6919154221636,-747.794914183676,785.178745028003,-1153.54853204928,1190.93236289361
"2018-09-13 04:00:00",914,566.747423168519,-199.73940643732,1333.23425277436,-605.493024302926,1738.98787063996
"2018-09-13 05:00:00",3052,2542.80173386951,1776.31490426367,3309.28856347535,1370.56128639806,3715.04218134095
"2018-09-13 06:00:00",5830,5372.85487333986,4606.36804373402,6139.3417029457,4200.61442586841,6545.0953208113
"2018-09-13 07:00:00",6433,6118.9068668376,5352.42003723176,6885.39369644344,4946.66641936616,7291.14731430905
"2018-09-13 08:00:00",6162,5703.95773907607,4937.47090947023,6470.44456868191,4531.71729160462,6876.19818654751
"2018-09-13 09:00:00",5092,5500.00751423563,4733.52068462979,6266.49434384147,4327.76706676418,6672.24796170707
"2018-09-13 10:00:00",4584,4540.0562159752,3773.56938636937,5306.54304558104,3367.81576850376,5712.29666344665
"2018-09-13 11:00:00",4767,4693.1038674435,3926.61703783766,5459.59069704934,3520.86341997206,5865.34431491495
"2018-09-13 12:00:00",4851,4685.15049129002,3918.66366168418,5451.63732089585,3512.91004381857,5857.39093876146
"2018-09-13 13:00:00",4826,4959.98607078521,4193.49924117937,5726.47290039105,3787.74562331376,6132.22651825665
"2018-09-13 14:00:00",5014,5169.68310933351,4403.19627972767,5936.16993893935,3997.44266186207,6341.92355680496
"2018-09-13 15:00:00",5617,5865.01999551309,5098.53316590725,6631.50682511893,4692.77954804165,7037.26044298454
"2018-09-13 16:00:00",6514,6813.7714938739,6047.28466426806,7580.25832347974,5641.53104640245,7986.01194134534
"2018-09-13 17:00:00",5701,6399.73868955945,5633.25185995361,7166.22551916529,5227.498242088,7571.97913703089
"2018-09-13 18:00:00",4443,4660.93020170471,3894.44337209887,5427.41703131055,3488.68975423327,5833.17064917616
"2018-09-13 19:00:00",3669,3290.66815895772,2524.18132935188,4057.15498856356,2118.42771148627,4462.90860642916
"2018-09-13 20:00:00",3282,2673.16880042632,1906.68197082048,3439.65563003215,1500.92835295487,3845.40924789776
"2018-09-13 21:00:00",2676,2357.28870572961,1590.80187612377,3123.77553533545,1185.04825825816,3529.52915320106
"2018-09-13 22:00:00",1921,1648.03355802494,881.546728419104,2414.52038763078,475.793110553498,2820.27400549639
"2018-09-13 23:00:00",1167,763.292170347525,-3.19465925831469,1529.77899995336,-408.948277123921,1935.53261781897
"2018-09-14 00:00:00",603,570.422216078594,-196.064613527246,1336.90904568443,-601.818231392852,1742.66266355004
"2018-09-14 01:00:00",376,325.167510272533,-441.319319333307,1091.65433987837,-847.072937198913,1497.40795774398
"2018-09-14 02:00:00",333,245.173139577515,-521.313690028324,1011.65996918335,-927.06730789393,1417.41358704896
"2018-09-14 03:00:00",377,296.849778361978,-469.637051243861,1063.33660796782,-875.390669109467,1469.09022583342
"2018-09-14 04:00:00",892,787.902686271751,21.415856665912,1554.38951587759,-384.337761199694,1960.1431337432
"2018-09-14 05:00:00",2899,2664.06525079102,1897.57842118518,3430.55208039686,1491.82480331958,3836.30569826247
"2018-09-14 06:00:00",5569,5370.42389337041,4603.93706376457,6136.91072297625,4198.18344589897,6542.66434084186
"2018-09-14 07:00:00",6728,6530.54001687428,5764.05318726844,7297.02684648012,5358.29956940284,7702.78046434573
"2018-09-14 08:00:00",5934,5840.69103143054,5074.2042018247,6607.17786103638,4668.45058395909,7012.93147890198
"2018-09-14 09:00:00",5025,5174.88671008583,4408.39988047999,5941.37353969167,4002.64626261438,6347.12715755728
"2018-09-14 10:00:00",4566,4801.98007794185,4035.49324833601,5568.46690754769,3629.7396304704,5974.22052541329
"2018-09-14 11:00:00",4836,5183.07491220316,4416.58808259732,5949.561741809,4010.83446473171,6355.3153596746
"2018-09-14 12:00:00",5019,5253.16752179865,4486.68069219281,6019.65435140449,4080.9270743272,6425.40796927009
"2018-09-14 13:00:00",4830,5126.20937697138,4359.72254736554,5892.69620657722,3953.96892949993,6298.44982444282
"2018-09-14 14:00:00",5231,5283.23904668957,4516.75221708373,6049.72587629541,4110.99859921812,6455.47949416101
"2018-09-14 15:00:00",5953,5907.25291379745,5140.76608419161,6673.73974340329,4735.012466326,7079.49336126889
"2018-09-14 16:00:00",6196,6641.23534474973,5874.74851514389,7407.72217435557,5468.99489727828,7813.47579222117
"2018-09-14 17:00:00",5358,5643.20070275907,4876.71387315323,6409.68753236491,4470.96025528762,6815.44115023051
"2018-09-14 18:00:00",4687,4124.1470864496,3357.66025684376,4890.63391605544,2951.90663897816,5296.38753392105
"2018-09-14 19:00:00",3880,2840.06972219902,2073.58289259318,3606.55655180486,1667.82927472757,4012.31016967047
"2018-09-14 20:00:00",3329,2278.97407298233,1512.48724337649,3045.46090258817,1106.73362551088,3451.21452045378
"2018-09-14 21:00:00",3169,2117.85942191184,1351.372592306,2884.34625151768,945.618974440391,3290.09986938328
"2018-09-14 22:00:00",2810,1733.72452378177,967.237694175933,2500.21135338761,561.484076310327,2905.96497125322
"2018-09-14 23:00:00",2024,1104.57159046459,338.084760858746,1871.05842007043,-67.6688570068595,2276.81203793603
"2018-09-15 00:00:00",1179,587.400512818853,-179.086316786986,1353.88734242469,-584.839934652592,1759.6409602903
"2018-09-15 01:00:00",808,404.211163825191,-362.275665780648,1170.69799343103,-768.029283646254,1576.45161129664
"2018-09-15 02:00:00",584,361.004568679822,-405.482260926017,1127.49139828566,-811.235878791623,1533.24501615127
"2018-09-15 03:00:00",428,273.780887721297,-492.705941884543,1040.26771732714,-898.459559750149,1446.02133519274
"2018-09-15 04:00:00",502,265.54033103838,-500.94649856746,1032.02716064422,-906.700116433066,1437.78077850982
"2018-09-15 05:00:00",871,506.283485114354,-260.203344491485,1272.77031472019,-665.956962357091,1678.5239325858
"2018-09-15 06:00:00",1469,953.010614588089,186.523784982249,1719.49744419393,-219.229832883356,2125.25106205953
"2018-09-15 07:00:00",2117,1278.72201820825,512.235188602408,2045.20884781409,106.481570736802,2450.96246567969
"2018-09-15 08:00:00",3442,1457.41811293723,690.931283331388,2223.90494254307,285.177665465782,2629.65856040867
"2018-09-15 09:00:00",3999,1724.09919438026,957.612364774416,2490.58602398609,551.85874690881,2896.3396418517
"2018-09-15 10:00:00",4448,1947.76557309294,1181.2787434871,2714.25240269878,775.525125621495,3120.00602056439
"2018-09-15 11:00:00",4772,2123.41759313662,1356.93076353078,2889.90442274245,951.17714566517,3295.65804060806
"2018-09-15 12:00:00",4990,2118.05555068137,1351.56872107553,2884.54238028721,945.815103209925,3290.29599815282
"2018-09-15 13:00:00",4848,1958.67974552886,1192.19291592302,2725.1665751347,786.439298057414,3130.9201930003
"2018-09-15 14:00:00",4343,1794.2904837577,1027.80365415186,2560.77731336354,622.050036286257,2966.53093122915
"2018-09-15 15:00:00",4296,1853.88805039272,1087.40122078688,2620.37487999856,681.647602921273,3026.12849786416
"2018-09-15 16:00:00",4219,1434.47272869418,667.985899088338,2200.95955830002,262.232281222732,2606.71317616562
"2018-09-15 17:00:00",3953,1452.0447997665,685.55797016066,2218.53162937234,279.804352295054,2624.28524723794
"2018-09-15 18:00:00",3826,1042.60453353308,276.117703927244,1809.09136313892,-129.635913938362,2214.84498100453
"2018-09-15 19:00:00",3455,856.152195927441,89.6653663216017,1622.63902553328,-316.088251544004,2028.39264339889
"2018-09-15 20:00:00",3208,593.688048340723,-172.798781265117,1360.17487794656,-578.552399130723,1765.92849581217
"2018-09-15 21:00:00",3055,683.212344728872,-83.2744848769672,1449.69917433471,-489.028102742573,1855.45279220032
"2018-09-15 22:00:00",2741,570.72533431207,-195.76149529377,1337.21216391791,-601.515113159376,1742.96578178352
"2018-09-15 23:00:00",2123,503.227261282373,-263.259568323466,1269.71409088821,-669.013186189072,1675.46770875382
"2018-09-16 00:00:00",1353,330.718363939224,-435.768465666615,1097.20519354506,-841.522083532221,1502.95881141067
"2018-09-16 01:00:00",786,237.198875735628,-529.287953870211,1003.68570534147,-935.041571735817,1409.43932320707
"2018-09-16 02:00:00",607,176.669025185196,-589.817804420644,943.155854791035,-995.57142228625,1348.90947265664
"2018-09-16 03:00:00",401,130.12903565709,-636.35779394875,896.615865262929,-1042.11141181436,1302.36948312853
"2018-09-16 04:00:00",313,154.579125816769,-611.907703789071,921.065955422608,-1017.66132165468,1326.81957328821
"2018-09-16 05:00:00",467,281.019509637853,-485.467319967986,1047.50633924369,-891.220937833592,1453.2599571093
"2018-09-16 06:00:00",850,470.450396405397,-296.036433200442,1236.93722601124,-701.790051066048,1642.69084387684
"2018-09-16 07:00:00",1302,614.871990934358,-151.614838671482,1381.3588205402,-557.368456537088,1787.1124384058
"2018-09-16 08:00:00",2090,655.284493627657,-111.202335978183,1421.7713232335,-516.955953843789,1827.5249410991
"2018-09-16 09:00:00",3039,965.688100541289,199.20127093545,1732.17493014713,-206.552346930156,2137.92854801273
"2018-09-16 10:00:00",3278,1476.08300351948,709.596173913645,2242.56983312532,303.842556048039,2648.32345099093
"2018-09-16 11:00:00",4352,1776.46939026975,1009.98256066391,2542.95621987559,604.228942798305,2948.7098377412
"2018-09-16 12:00:00",3978,2019.84744444316,1253.36061483732,2786.334274049,847.606996971717,3192.08789191461
"2018-09-16 13:00:00",3935,2188.21734573633,1421.73051613049,2954.70417534217,1015.97689826488,3360.45779320777
"2018-09-16 14:00:00",3829,2389.57926997036,1623.09244036452,3156.0660995762,1217.33882249892,3561.81971744181
"2018-09-16 15:00:00",4101,2154.93338917192,1388.44655956608,2921.42021877776,982.692941700474,3327.17383664336
"2018-09-16 16:00:00",4539,2093.27987166006,1326.79304205422,2859.7667012659,921.039424188614,3265.5203191315
"2018-09-16 17:00:00",4154,1833.61888212373,1067.13205251789,2600.10571172956,661.37843465228,3005.85932959517
"2018-09-16 18:00:00",3701,1643.95058169936,877.463752093523,2410.4374113052,471.710134227917,2816.19102917081
"2018-09-16 19:00:00",3400,1402.27512804926,635.788298443416,2168.7619576551,230.03468057781,2574.5155755207
"2018-09-16 20:00:00",3092,1627.5926754355,861.105845829663,2394.07950504134,455.352227964057,2799.83312290695
"2018-09-16 21:00:00",2623,2794.90337479318,2028.41654518734,3561.39020439902,1622.66292732174,3967.14382226463
"2018-09-16 22:00:00",1725,1189.2073738027,422.720544196856,1955.69420340853,16.9669263312501,2361.44782127414
"2018-09-16 23:00:00",1088,692.504816959589,-73.9820126462502,1458.99164656543,-479.735630511856,1864.74526443103
"2018-09-17 00:00:00",550,-285.672465316032,-1052.15929492187,480.814364289807,-1457.91291278748,886.567982155413
"2018-09-17 01:00:00",280,-420.387712775112,-1186.87454238095,346.099116830728,-1592.62816024656,751.852734696334
"2018-09-17 02:00:00",260,-445.109101029521,-1211.59593063536,321.377728576319,-1617.34954850097,727.131346441925
"2018-09-17 03:00:00",344,-334.836497650728,-1101.32332725657,431.650331955111,-1507.07694512217,837.403949820717
"2018-09-17 04:00:00",880,87.430226933963,-679.056602671876,853.917056539802,-1084.81022053748,1259.67067440541
"2018-09-17 05:00:00",2965,1546.69119950295,780.204369897115,2313.17802910879,374.450752031509,2718.9316469744
"2018-09-17 06:00:00",5667,3672.94654410061,2906.45971449477,4439.43337370645,2500.70609662917,4845.18699157206
"2018-09-17 07:00:00",6533,4272.19638209626,3505.70955249042,5038.6832117021,3099.95593462481,5444.4368295677
"2018-09-17 08:00:00",6070,3772.44083224183,3005.95400263599,4538.92766184767,2600.20038477038,4944.68127971327
"2018-09-17 09:00:00",5145,3354.68001072832,2588.19318112248,4121.16684033416,2182.43956325688,4526.92045819977
"2018-09-17 10:00:00",4201,2935.91403124105,2169.42720163521,3702.40086084689,1763.67358376961,4108.1544787125
"2018-09-17 11:00:00",4371,3170.14300501366,2403.65617540782,3936.6298346195,1997.90255754221,4342.3834524851
"2018-09-17 12:00:00",4533,3459.36704088098,2692.88021127514,4225.85387048682,2287.12659340954,4631.60748835243
"2018-09-17 13:00:00",4680,3420.5862453308,2654.09941572496,4187.07307493664,2248.34579785935,4592.82669280225
"2018-09-17 14:00:00",4930,3697.80072255445,2931.31389294861,4464.28755216029,2525.560275083,4870.04117002589
"2018-09-17 15:00:00",5327,4253.01057449632,3486.52374489048,5019.49740410216,3080.77012702488,5425.25102196777
"2018-09-17 16:00:00",6354,5099.21590090237,4332.72907129653,5865.70273050821,3926.97545343093,6271.45634837382
"2018-09-17 17:00:00",5412,4878.41679936746,4111.92996976162,5644.9036289733,3706.17635189602,6050.65724683891
"2018-09-17 18:00:00",4000,3372.61336538181,2606.12653577597,4139.10019498765,2200.37291791036,4544.85381285325
"2018-09-17 19:00:00",2897,2290.80569237633,1524.31886277049,3057.29252198217,1118.56524490489,3463.04613984778
"2018-09-17 20:00:00",2466,1867.99387176709,1101.50704216125,2634.48070137293,695.753424295642,3040.23431923853
"2018-09-17 21:00:00",2090,1412.1779929987,645.691163392863,2178.66482260454,239.937545527257,2584.41844047015
"2018-09-17 22:00:00",1434,801.358143586905,34.8713139810661,1567.84497319274,-370.88230388454,1973.59859105835
"2018-09-17 23:00:00",869,290.534409160107,-475.952420445732,1057.02123876595,-881.706038311338,1462.77485663155
"2018-09-18 00:00:00",536,516.175184459365,-250.311645146474,1282.6620140652,-656.06526301208,1688.41563193081
"2018-09-18 01:00:00",351,328.343929541197,-438.142900064642,1094.83075914704,-843.896517930248,1500.58437701264
"2018-09-18 02:00:00",227,263.509035572052,-502.977794033787,1029.99586517789,-908.731411899393,1435.7494830435
"2018-09-18 03:00:00",340,339.670581029428,-426.816248576411,1106.15741063527,-832.569866442017,1511.91102850087
"2018-09-18 04:00:00",858,890.828642698429,124.341813092589,1657.31547230427,-281.411804773017,2063.06909016987
"2018-09-18 05:00:00",3027,2840.98329570826,2074.49646610242,3607.4701253141,1668.74284823681,4013.2237431797
"2018-09-18 06:00:00",5642,5509.13461356792,4742.64778396208,6275.62144317376,4336.89416609648,6681.37506103937
"2018-09-18 07:00:00",6516,6201.2826682012,5434.79583859536,6967.76949780704,5029.04222072975,7373.52311567264
"2018-09-18 08:00:00",5873,5885.42752998078,5118.94070037494,6651.91435958661,4713.18708250933,7057.66797745222
"2018-09-18 09:00:00",5123,5670.56926776174,4904.08243815591,6437.05609736758,4498.3288202903,6842.80971523319
"2018-09-18 10:00:00",4527,4449.70794891431,3683.22111930847,5216.19477852015,3277.46750144287,5621.94839638576
"2018-09-18 11:00:00",4593,4708.84363935581,3942.35680974997,5475.33046896165,3536.60319188436,5881.08408682725
"2018-09-18 12:00:00",4725,4955.97640358205,4189.48957397621,5722.46323318788,3783.7359561106,6128.21685105349
"2018-09-18 13:00:00",4737,4907.10630469795,4140.61947509211,5673.59313430379,3734.8658572265,6079.34675216939
"2018-09-18 14:00:00",4931,5214.23340444757,4447.74657484173,5980.72023405341,4041.99295697612,6386.47385191901
"2018-09-18 15:00:00",5623,5838.35776324342,5071.87093363758,6604.84459284926,4666.11731577197,7010.59821071486
"2018-09-18 16:00:00",6623,6651.4794401952,5884.99261058936,7417.96626980104,5479.23899272375,7823.71988766664
"2018-09-18 17:00:00",5916,6271.59849313787,5505.11166353203,7038.08532274371,5099.35804566643,7443.83894060932
"2018-09-18 18:00:00",4423,4821.71497865919,4055.22814905335,5588.20180826503,3649.47453118775,5993.95542613064
"2018-09-18 19:00:00",3309,3475.82895212656,2709.34212252072,4242.31578173239,2303.58850465511,4648.069399598
"2018-09-18 20:00:00",2805,2871.94046771335,2105.45363810751,3638.42729731919,1699.7000202419,4044.18091518479
"2018-09-18 21:00:00",2400,3413.04957842469,2646.56274881885,4179.53640803053,2240.80913095324,4585.29002589613
"2018-09-18 22:00:00",2631,3289.15633612262,2522.66950651678,4055.64316572846,2116.91588865117,4461.39678359406
"2018-09-18 23:00:00",1501,1292.26079155075,525.773961944911,2058.74762115659,120.020344079305,2464.5012390222
"2018-09-19 00:00:00",617,481.628838878774,-284.857990727065,1248.11566848461,-690.611608592671,1653.86928635022
"2018-09-19 01:00:00",401,249.728837644545,-516.757991961294,1016.21566725038,-922.5116098269,1421.96928511599
"2018-09-19 02:00:00",282,86.8266798994277,-679.660149706412,853.313509505267,-1085.41376757202,1259.06712737087
"2018-09-19 03:00:00",358,176.922412149388,-589.564417456451,943.409241755227,-995.318035322057,1349.16285962083
"2018-09-19 04:00:00",913,631.016079897473,-135.470749708366,1397.50290950331,-541.224367573972,1803.25652736892
"2018-09-19 05:00:00",3074,2642.10772766544,1875.6208980596,3408.59455727128,1469.867280194,3814.34817513689
"2018-09-19 06:00:00",5803,5599.19739901492,4832.71056940908,6365.68422862076,4426.95695154347,6771.43784648637
"2018-09-19 07:00:00",6510,6527.28513656812,5760.79830696228,7293.77196617396,5355.04468909667,7699.52558403956
"2018-09-19 08:00:00",6101,6270.37098202807,5503.88415242223,7036.85781163391,5098.13053455663,7442.61142949952
"2018-09-19 09:00:00",5331,5034.45497619849,4267.96814659265,5800.94180580433,3862.21452872704,6206.69542366993
"2018-09-19 10:00:00",4266,4407.53715900312,3641.05032939728,5174.02398860896,3235.29671153167,5579.77760647456
"2018-09-19 11:00:00",4567,4480.61756950474,3714.1307398989,5247.10439911058,3308.3771220333,5652.85801697619
"2018-09-19 12:00:00",4734,4669.69624592374,3903.2094163179,5436.18307552958,3497.45579845229,5841.93669339518
"2018-09-19 13:00:00",4675,4673.77322565626,3907.28639605042,5440.2600552621,3501.53277818481,5846.0136731277
"2018-09-19 14:00:00",4980,5093.84854529197,4327.36171568613,5860.33537489781,3921.60809782052,6266.08899276341
"2018-09-19 15:00:00",5718,5491.92224063148,4725.43541102565,6258.40907023732,4319.68179316004,6664.16268810293
"2018-09-19 16:00:00",6382,6678.99434670337,5912.50751709753,7445.48117630921,5506.75389923192,7851.23479417481
"2018-09-19 17:00:00",5647,6116.06489778077,5349.57806817493,6882.55172738661,4943.82445030932,7288.30534525221
"2018-09-19 18:00:00",4469,4320.13392739772,3553.64709779188,5086.62075700356,3147.89347992628,5492.37437486917
"2018-09-19 19:00:00",3460,3050.2014683651,2283.71463875926,3816.68829797094,1877.96102089366,4222.44191583655
"2018-09-19 20:00:00",2865,2691.26755278618,1924.78072318034,3457.75438239202,1519.02710531474,3863.50800025763
"2018-09-19 21:00:00",2576,2261.33221207194,1494.8453824661,3027.81904167778,1089.0917646005,3433.57265954339
"2018-09-19 22:00:00",1693,1383.39547695595,616.908647350111,2149.88230656179,211.155029484505,2555.6359244274
"2018-09-19 23:00:00",994,742.457377509009,-24.02945209683,1508.94420711485,-429.783069962436,1914.69782498045
"2018-09-20 00:00:00",583,218.517943153426,-547.968886452414,985.004772759265,-953.72250431802,1390.75839062487
"2018-09-20 01:00:00",349,8.57720267700489,-757.909626928835,775.064032282844,-1163.66324479444,1180.81765014845
"2018-09-20 02:00:00",265,-67.3648157532672,-833.851645359107,699.122013852572,-1239.60526322471,1104.87563171818
"2018-09-20 03:00:00",344,18.6919154221636,-747.794914183676,785.178745028003,-1153.54853204928,1190.93236289361
"2018-09-20 04:00:00",914,566.747423168519,-199.73940643732,1333.23425277436,-605.493024302926,1738.98787063996
"2018-09-20 05:00:00",2924,2542.80173386951,1776.31490426367,3309.28856347535,1370.56128639806,3715.04218134095
"2018-09-20 06:00:00",5417,5372.85487333986,4606.36804373402,6139.3417029457,4200.61442586841,6545.0953208113
"2018-09-20 07:00:00",5766,6118.9068668376,5352.42003723176,6885.39369644344,4946.66641936616,7291.14731430905
"2018-09-20 08:00:00",5331,5703.95773907607,4937.47090947023,6470.44456868191,4531.71729160462,6876.19818654751
"2018-09-20 09:00:00",5264,5500.00751423563,4733.52068462979,6266.49434384147,4327.76706676418,6672.24796170707
"2018-09-20 10:00:00",4326,4540.0562159752,3773.56938636937,5306.54304558104,3367.81576850376,5712.29666344665
"2018-09-20 11:00:00",4592,4693.1038674435,3926.61703783766,5459.59069704934,3520.86341997206,5865.34431491495
"2018-09-20 12:00:00",4695,4685.15049129002,3918.66366168418,5451.63732089585,3512.91004381857,5857.39093876146
"2018-09-20 13:00:00",4459,4959.98607078521,4193.49924117937,5726.47290039105,3787.74562331376,6132.22651825665
"2018-09-20 14:00:00",4517,5169.68310933351,4403.19627972767,5936.16993893935,3997.44266186207,6341.92355680496
"2018-09-20 15:00:00",5257,5865.01999551309,5098.53316590725,6631.50682511893,4692.77954804165,7037.26044298454
"2018-09-20 16:00:00",6331,6813.7714938739,6047.28466426806,7580.25832347974,5641.53104640245,7986.01194134534
"2018-09-20 17:00:00",5065,6399.73868955945,5633.25185995361,7166.22551916529,5227.498242088,7571.97913703089
"2018-09-20 18:00:00",3898,4660.93020170471,3894.44337209887,5427.41703131055,3488.68975423327,5833.17064917616
"2018-09-20 19:00:00",2957,3290.66815895772,2524.18132935188,4057.15498856356,2118.42771148627,4462.90860642916
"2018-09-20 20:00:00",2740,2673.16880042632,1906.68197082048,3439.65563003215,1500.92835295487,3845.40924789776
"2018-09-20 21:00:00",3497,2357.28870572961,1590.80187612377,3123.77553533545,1185.04825825816,3529.52915320106
"2018-09-20 22:00:00",2356,1648.03355802494,881.546728419104,2414.52038763078,475.793110553498,2820.27400549639
"2018-09-20 23:00:00",1633,763.292170347525,-3.19465925831469,1529.77899995336,-408.948277123921,1935.53261781897
"2018-09-21 00:00:00",698,570.422216078594,-196.064613527246,1336.90904568443,-601.818231392852,1742.66266355004
"2018-09-21 01:00:00",407,325.167510272533,-441.319319333307,1091.65433987837,-847.072937198913,1497.40795774398
"2018-09-21 02:00:00",304,245.173139577515,-521.313690028324,1011.65996918335,-927.06730789393,1417.41358704896
"2018-09-21 03:00:00",377,296.849778361978,-469.637051243861,1063.33660796782,-875.390669109467,1469.09022583342
"2018-09-21 04:00:00",867,787.902686271751,21.415856665912,1554.38951587759,-384.337761199694,1960.1431337432
"2018-09-21 05:00:00",2919,2664.06525079102,1897.57842118518,3430.55208039686,1491.82480331958,3836.30569826247
"2018-09-21 06:00:00",5457,5370.42389337041,4603.93706376457,6136.91072297625,4198.18344589897,6542.66434084186
"2018-09-21 07:00:00",6539,6530.54001687428,5764.05318726844,7297.02684648012,5358.29956940284,7702.78046434573
"2018-09-21 08:00:00",5653,5840.69103143054,5074.2042018247,6607.17786103638,4668.45058395909,7012.93147890198
"2018-09-21 09:00:00",4981,5174.88671008583,4408.39988047999,5941.37353969167,4002.64626261438,6347.12715755728
"2018-09-21 10:00:00",4548,4801.98007794185,4035.49324833601,5568.46690754769,3629.7396304704,5974.22052541329
"2018-09-21 11:00:00",4937,5183.07491220316,4416.58808259732,5949.561741809,4010.83446473171,6355.3153596746
"2018-09-21 12:00:00",5039,5253.16752179865,4486.68069219281,6019.65435140449,4080.9270743272,6425.40796927009
"2018-09-21 13:00:00",4901,5126.20937697138,4359.72254736554,5892.69620657722,3953.96892949993,6298.44982444282
"2018-09-21 14:00:00",5185,5283.23904668957,4516.75221708373,6049.72587629541,4110.99859921812,6455.47949416101
"2018-09-21 15:00:00",5973,5907.25291379745,5140.76608419161,6673.73974340329,4735.012466326,7079.49336126889
"2018-09-21 16:00:00",6007,6641.23534474973,5874.74851514389,7407.72217435557,5468.99489727828,7813.47579222117
"2018-09-21 17:00:00",5489,5643.20070275907,4876.71387315323,6409.68753236491,4470.96025528762,6815.44115023051
"2018-09-21 18:00:00",4607,4124.1470864496,3357.66025684376,4890.63391605544,2951.90663897816,5296.38753392105
"2018-09-21 19:00:00",3958,2840.06972219902,2073.58289259318,3606.55655180486,1667.82927472757,4012.31016967047
"2018-09-21 20:00:00",3255,2278.97407298233,1512.48724337649,3045.46090258817,1106.73362551088,3451.21452045378
"2018-09-21 21:00:00",2931,2117.85942191184,1351.372592306,2884.34625151768,945.618974440391,3290.09986938328
"2018-09-21 22:00:00",2570,1733.72452378177,967.237694175933,2500.21135338761,561.484076310327,2905.96497125322
"2018-09-21 23:00:00",2179,1104.57159046459,338.084760858746,1871.05842007043,-67.6688570068595,2276.81203793603
"2018-09-22 00:00:00",1516,587.400512818853,-179.086316786986,1353.88734242469,-584.839934652592,1759.6409602903
"2018-09-22 01:00:00",1273,404.211163825191,-362.275665780648,1170.69799343103,-768.029283646254,1576.45161129664
"2018-09-22 02:00:00",1207,361.004568679822,-405.482260926017,1127.49139828566,-811.235878791623,1533.24501615127
"2018-09-22 03:00:00",611,273.780887721297,-492.705941884543,1040.26771732714,-898.459559750149,1446.02133519274
"2018-09-22 04:00:00",647,265.54033103838,-500.94649856746,1032.02716064422,-906.700116433066,1437.78077850982
"2018-09-22 05:00:00",960,506.283485114354,-260.203344491485,1272.77031472019,-665.956962357091,1678.5239325858
"2018-09-22 06:00:00",1635,953.010614588089,186.523784982249,1719.49744419393,-219.229832883356,2125.25106205953
"2018-09-22 07:00:00",2445,1278.72201820825,512.235188602408,2045.20884781409,106.481570736802,2450.96246567969
"2018-09-22 08:00:00",3415,1457.41811293723,690.931283331388,2223.90494254307,285.177665465782,2629.65856040867
"2018-09-22 09:00:00",3770,1724.09919438026,957.612364774416,2490.58602398609,551.85874690881,2896.3396418517
"2018-09-22 10:00:00",4308,1947.76557309294,1181.2787434871,2714.25240269878,775.525125621495,3120.00602056439
"2018-09-22 11:00:00",4638,2123.41759313662,1356.93076353078,2889.90442274245,951.17714566517,3295.65804060806
"2018-09-22 12:00:00",4831,2118.05555068137,1351.56872107553,2884.54238028721,945.815103209925,3290.29599815282
"2018-09-22 13:00:00",4565,1958.67974552886,1192.19291592302,2725.1665751347,786.439298057414,3130.9201930003
"2018-09-22 14:00:00",4654,1794.2904837577,1027.80365415186,2560.77731336354,622.050036286257,2966.53093122915
"2018-09-22 15:00:00",4589,1853.88805039272,1087.40122078688,2620.37487999856,681.647602921273,3026.12849786416
"2018-09-22 16:00:00",4582,1434.47272869418,667.985899088338,2200.95955830002,262.232281222732,2606.71317616562
"2018-09-22 17:00:00",4847,1452.0447997665,685.55797016066,2218.53162937234,279.804352295054,2624.28524723794
"2018-09-22 18:00:00",4620,1042.60453353308,276.117703927244,1809.09136313892,-129.635913938362,2214.84498100453
"2018-09-22 19:00:00",4347,856.152195927441,89.6653663216017,1622.63902553328,-316.088251544004,2028.39264339889
"2018-09-22 20:00:00",3602,593.688048340723,-172.798781265117,1360.17487794656,-578.552399130723,1765.92849581217
"2018-09-22 21:00:00",2985,683.212344728872,-83.2744848769672,1449.69917433471,-489.028102742573,1855.45279220032
"2018-09-22 22:00:00",2480,570.72533431207,-195.76149529377,1337.21216391791,-601.515113159376,1742.96578178352
"2018-09-22 23:00:00",1871,503.227261282373,-263.259568323466,1269.71409088821,-669.013186189072,1675.46770875382
"2018-09-23 00:00:00",1249,330.718363939224,-435.768465666615,1097.20519354506,-841.522083532221,1502.95881141067
"2018-09-23 01:00:00",690,237.198875735628,-529.287953870211,1003.68570534147,-935.041571735817,1409.43932320707
"2018-09-23 02:00:00",565,176.669025185196,-589.817804420644,943.155854791035,-995.57142228625,1348.90947265664
"2018-09-23 03:00:00",319,130.12903565709,-636.35779394875,896.615865262929,-1042.11141181436,1302.36948312853
"2018-09-23 04:00:00",339,154.579125816769,-611.907703789071,921.065955422608,-1017.66132165468,1326.81957328821
"2018-09-23 05:00:00",514,281.019509637853,-485.467319967986,1047.50633924369,-891.220937833592,1453.2599571093
"2018-09-23 06:00:00",910,470.450396405397,-296.036433200442,1236.93722601124,-701.790051066048,1642.69084387684
"2018-09-23 07:00:00",1402,614.871990934358,-151.614838671482,1381.3588205402,-557.368456537088,1787.1124384058
"2018-09-23 08:00:00",2203,655.284493627657,-111.202335978183,1421.7713232335,-516.955953843789,1827.5249410991
"2018-09-23 09:00:00",3562,965.688100541289,199.20127093545,1732.17493014713,-206.552346930156,2137.92854801273
"2018-09-23 10:00:00",4594,1476.08300351948,709.596173913645,2242.56983312532,303.842556048039,2648.32345099093
"2018-09-23 11:00:00",4252,1776.46939026975,1009.98256066391,2542.95621987559,604.228942798305,2948.7098377412
"2018-09-23 12:00:00",3945,2019.84744444316,1253.36061483732,2786.334274049,847.606996971717,3192.08789191461
"2018-09-23 13:00:00",4107,2188.21734573633,1421.73051613049,2954.70417534217,1015.97689826488,3360.45779320777
"2018-09-23 14:00:00",4091,2389.57926997036,1623.09244036452,3156.0660995762,1217.33882249892,3561.81971744181
"2018-09-23 15:00:00",4195,2154.93338917192,1388.44655956608,2921.42021877776,982.692941700474,3327.17383664336
"2018-09-23 16:00:00",4413,2093.27987166006,1326.79304205422,2859.7667012659,921.039424188614,3265.5203191315
"2018-09-23 17:00:00",4117,1833.61888212373,1067.13205251789,2600.10571172956,661.37843465228,3005.85932959517
"2018-09-23 18:00:00",3997,1643.95058169936,877.463752093523,2410.4374113052,471.710134227917,2816.19102917081
"2018-09-23 19:00:00",3516,1402.27512804926,635.788298443416,2168.7619576551,230.03468057781,2574.5155755207
"2018-09-23 20:00:00",2846,1627.5926754355,861.105845829663,2394.07950504134,455.352227964057,2799.83312290695
"2018-09-23 21:00:00",2346,2794.90337479318,2028.41654518734,3561.39020439902,1622.66292732174,3967.14382226463
"2018-09-23 22:00:00",1635,1189.2073738027,422.720544196856,1955.69420340853,16.9669263312501,2361.44782127414
"2018-09-23 23:00:00",934,692.504816959589,-73.9820126462502,1458.99164656543,-479.735630511856,1864.74526443103
"2018-09-24 00:00:00",509,-285.672465316032,-1052.15929492187,480.814364289807,-1457.91291278748,886.567982155413
"2018-09-24 01:00:00",344,-420.387712775112,-1186.87454238095,346.099116830728,-1592.62816024656,751.852734696334
"2018-09-24 02:00:00",219,-445.109101029521,-1211.59593063536,321.377728576319,-1617.34954850097,727.131346441925
"2018-09-24 03:00:00",328,-334.836497650728,-1101.32332725657,431.650331955111,-1507.07694512217,837.403949820717
"2018-09-24 04:00:00",888,87.430226933963,-679.056602671876,853.917056539802,-1084.81022053748,1259.67067440541
"2018-09-24 05:00:00",2954,1546.69119950295,780.204369897115,2313.17802910879,374.450752031509,2718.9316469744
"2018-09-24 06:00:00",5747,3672.94654410061,2906.45971449477,4439.43337370645,2500.70609662917,4845.18699157206
"2018-09-24 07:00:00",6591,4272.19638209626,3505.70955249042,5038.6832117021,3099.95593462481,5444.4368295677
"2018-09-24 08:00:00",5900,3772.44083224183,3005.95400263599,4538.92766184767,2600.20038477038,4944.68127971327
"2018-09-24 09:00:00",4936,3354.68001072832,2588.19318112248,4121.16684033416,2182.43956325688,4526.92045819977
"2018-09-24 10:00:00",4351,2935.91403124105,2169.42720163521,3702.40086084689,1763.67358376961,4108.1544787125
"2018-09-24 11:00:00",4468,3170.14300501366,2403.65617540782,3936.6298346195,1997.90255754221,4342.3834524851
"2018-09-24 12:00:00",4531,3459.36704088098,2692.88021127514,4225.85387048682,2287.12659340954,4631.60748835243
"2018-09-24 13:00:00",4433,3420.5862453308,2654.09941572496,4187.07307493664,2248.34579785935,4592.82669280225
"2018-09-24 14:00:00",4816,3697.80072255445,2931.31389294861,4464.28755216029,2525.560275083,4870.04117002589
"2018-09-24 15:00:00",5443,4253.01057449632,3486.52374489048,5019.49740410216,3080.77012702488,5425.25102196777
"2018-09-24 16:00:00",6307,5099.21590090237,4332.72907129653,5865.70273050821,3926.97545343093,6271.45634837382
"2018-09-24 17:00:00",5562,4878.41679936746,4111.92996976162,5644.9036289733,3706.17635189602,6050.65724683891
"2018-09-24 18:00:00",4167,3372.61336538181,2606.12653577597,4139.10019498765,2200.37291791036,4544.85381285325
"2018-09-24 19:00:00",3253,2290.80569237633,1524.31886277049,3057.29252198217,1118.56524490489,3463.04613984778
"2018-09-24 20:00:00",2559,1867.99387176709,1101.50704216125,2634.48070137293,695.753424295642,3040.23431923853
"2018-09-24 21:00:00",2084,1412.1779929987,645.691163392863,2178.66482260454,239.937545527257,2584.41844047015
"2018-09-24 22:00:00",1392,801.358143586905,34.8713139810661,1567.84497319274,-370.88230388454,1973.59859105835
"2018-09-24 23:00:00",826,290.534409160107,-475.952420445732,1057.02123876595,-881.706038311338,1462.77485663155
"2018-09-25 00:00:00",527,516.175184459365,-250.311645146474,1282.6620140652,-656.06526301208,1688.41563193081
"2018-09-25 01:00:00",302,328.343929541197,-438.142900064642,1094.83075914704,-843.896517930248,1500.58437701264
"2018-09-25 02:00:00",234,263.509035572052,-502.977794033787,1029.99586517789,-908.731411899393,1435.7494830435
"2018-09-25 03:00:00",366,339.670581029428,-426.816248576411,1106.15741063527,-832.569866442017,1511.91102850087
"2018-09-25 04:00:00",880,890.828642698429,124.341813092589,1657.31547230427,-281.411804773017,2063.06909016987
"2018-09-25 05:00:00",3063,2840.98329570826,2074.49646610242,3607.4701253141,1668.74284823681,4013.2237431797
"2018-09-25 06:00:00",5833,5509.13461356792,4742.64778396208,6275.62144317376,4336.89416609648,6681.37506103937
"2018-09-25 07:00:00",6568,6201.2826682012,5434.79583859536,6967.76949780704,5029.04222072975,7373.52311567264
"2018-09-25 08:00:00",6080,5885.42752998078,5118.94070037494,6651.91435958661,4713.18708250933,7057.66797745222
"2018-09-25 09:00:00",5083,5670.56926776174,4904.08243815591,6437.05609736758,4498.3288202903,6842.80971523319
"2018-09-25 10:00:00",4385,4449.70794891431,3683.22111930847,5216.19477852015,3277.46750144287,5621.94839638576
"2018-09-25 11:00:00",4458,4708.84363935581,3942.35680974997,5475.33046896165,3536.60319188436,5881.08408682725
"2018-09-25 12:00:00",4580,4955.97640358205,4189.48957397621,5722.46323318788,3783.7359561106,6128.21685105349
"2018-09-25 13:00:00",4716,4907.10630469795,4140.61947509211,5673.59313430379,3734.8658572265,6079.34675216939
"2018-09-25 14:00:00",4973,5214.23340444757,4447.74657484173,5980.72023405341,4041.99295697612,6386.47385191901
"2018-09-25 15:00:00",5748,5838.35776324342,5071.87093363758,6604.84459284926,4666.11731577197,7010.59821071486
"2018-09-25 16:00:00",6597,6651.4794401952,5884.99261058936,7417.96626980104,5479.23899272375,7823.71988766664
"2018-09-25 17:00:00",5734,6271.59849313787,5505.11166353203,7038.08532274371,5099.35804566643,7443.83894060932
"2018-09-25 18:00:00",4320,4821.71497865919,4055.22814905335,5588.20180826503,3649.47453118775,5993.95542613064
"2018-09-25 19:00:00",3058,3475.82895212656,2709.34212252072,4242.31578173239,2303.58850465511,4648.069399598
"2018-09-25 20:00:00",2765,2871.94046771335,2105.45363810751,3638.42729731919,1699.7000202419,4044.18091518479
"2018-09-25 21:00:00",2282,3413.04957842469,2646.56274881885,4179.53640803053,2240.80913095324,4585.29002589613
"2018-09-25 22:00:00",1571,3289.15633612262,2522.66950651678,4055.64316572846,2116.91588865117,4461.39678359406
"2018-09-25 23:00:00",924,1292.26079155075,525.773961944911,2058.74762115659,120.020344079305,2464.5012390222
"2018-09-26 00:00:00",543,481.628838878774,-284.857990727065,1248.11566848461,-690.611608592671,1653.86928635022
"2018-09-26 01:00:00",358,249.728837644545,-516.757991961294,1016.21566725038,-922.5116098269,1421.96928511599
"2018-09-26 02:00:00",227,86.8266798994277,-679.660149706412,853.313509505267,-1085.41376757202,1259.06712737087
"2018-09-26 03:00:00",358,176.922412149388,-589.564417456451,943.409241755227,-995.318035322057,1349.16285962083
"2018-09-26 04:00:00",890,631.016079897473,-135.470749708366,1397.50290950331,-541.224367573972,1803.25652736892
"2018-09-26 05:00:00",3052,2642.10772766544,1875.6208980596,3408.59455727128,1469.867280194,3814.34817513689
"2018-09-26 06:00:00",5930,5599.19739901492,4832.71056940908,6365.68422862076,4426.95695154347,6771.43784648637
"2018-09-26 07:00:00",6193,6527.28513656812,5760.79830696228,7293.77196617396,5355.04468909667,7699.52558403956
"2018-09-26 08:00:00",6032,6270.37098202807,5503.88415242223,7036.85781163391,5098.13053455663,7442.61142949952
"2018-09-26 09:00:00",5320,5034.45497619849,4267.96814659265,5800.94180580433,3862.21452872704,6206.69542366993
"2018-09-26 10:00:00",4523,4407.53715900312,3641.05032939728,5174.02398860896,3235.29671153167,5579.77760647456
"2018-09-26 11:00:00",4721,4480.61756950474,3714.1307398989,5247.10439911058,3308.3771220333,5652.85801697619
"2018-09-26 12:00:00",4793,4669.69624592374,3903.2094163179,5436.18307552958,3497.45579845229,5841.93669339518
"2018-09-26 13:00:00",4624,4673.77322565626,3907.28639605042,5440.2600552621,3501.53277818481,5846.0136731277
"2018-09-26 14:00:00",4928,5093.84854529197,4327.36171568613,5860.33537489781,3921.60809782052,6266.08899276341
"2018-09-26 15:00:00",5693,5491.92224063148,4725.43541102565,6258.40907023732,4319.68179316004,6664.16268810293
"2018-09-26 16:00:00",6334,6678.99434670337,5912.50751709753,7445.48117630921,5506.75389923192,7851.23479417481
"2018-09-26 17:00:00",5954,6116.06489778077,5349.57806817493,6882.55172738661,4943.82445030932,7288.30534525221
"2018-09-26 18:00:00",4661,4320.13392739772,3553.64709779188,5086.62075700356,3147.89347992628,5492.37437486917
"2018-09-26 19:00:00",3639,3050.2014683651,2283.71463875926,3816.68829797094,1877.96102089366,4222.44191583655
"2018-09-26 20:00:00",3197,2691.26755278618,1924.78072318034,3457.75438239202,1519.02710531474,3863.50800025763
"2018-09-26 21:00:00",3475,2261.33221207194,1494.8453824661,3027.81904167778,1089.0917646005,3433.57265954339
"2018-09-26 22:00:00",1973,1383.39547695595,616.908647350111,2149.88230656179,211.155029484505,2555.6359244274
"2018-09-26 23:00:00",1209,742.457377509009,-24.02945209683,1508.94420711485,-429.783069962436,1914.69782498045
"2018-09-27 00:00:00",654,218.517943153426,-547.968886452414,985.004772759265,-953.72250431802,1390.75839062487
"2018-09-27 01:00:00",421,8.57720267700489,-757.909626928835,775.064032282844,-1163.66324479444,1180.81765014845
"2018-09-27 02:00:00",312,-67.3648157532672,-833.851645359107,699.122013852572,-1239.60526322471,1104.87563171818
"2018-09-27 03:00:00",373,18.6919154221636,-747.794914183676,785.178745028003,-1153.54853204928,1190.93236289361
"2018-09-27 04:00:00",919,566.747423168519,-199.73940643732,1333.23425277436,-605.493024302926,1738.98787063996
"2018-09-27 05:00:00",3002,2542.80173386951,1776.31490426367,3309.28856347535,1370.56128639806,3715.04218134095
"2018-09-27 06:00:00",5685,5372.85487333986,4606.36804373402,6139.3417029457,4200.61442586841,6545.0953208113
"2018-09-27 07:00:00",6589,6118.9068668376,5352.42003723176,6885.39369644344,4946.66641936616,7291.14731430905
"2018-09-27 08:00:00",5946,5703.95773907607,4937.47090947023,6470.44456868191,4531.71729160462,6876.19818654751
"2018-09-27 09:00:00",5181,5500.00751423563,4733.52068462979,6266.49434384147,4327.76706676418,6672.24796170707
"2018-09-27 10:00:00",4500,4540.0562159752,3773.56938636937,5306.54304558104,3367.81576850376,5712.29666344665
"2018-09-27 11:00:00",4670,4693.1038674435,3926.61703783766,5459.59069704934,3520.86341997206,5865.34431491495
"2018-09-27 12:00:00",4849,4685.15049129002,3918.66366168418,5451.63732089585,3512.91004381857,5857.39093876146
"2018-09-27 13:00:00",4787,4959.98607078521,4193.49924117937,5726.47290039105,3787.74562331376,6132.22651825665
"2018-09-27 14:00:00",4943,5169.68310933351,4403.19627972767,5936.16993893935,3997.44266186207,6341.92355680496
"2018-09-27 15:00:00",5892,5865.01999551309,5098.53316590725,6631.50682511893,4692.77954804165,7037.26044298454
"2018-09-27 16:00:00",6451,6813.7714938739,6047.28466426806,7580.25832347974,5641.53104640245,7986.01194134534
"2018-09-27 17:00:00",5968,6399.73868955945,5633.25185995361,7166.22551916529,5227.498242088,7571.97913703089
"2018-09-27 18:00:00",4498,4660.93020170471,3894.44337209887,5427.41703131055,3488.68975423327,5833.17064917616
"2018-09-27 19:00:00",3419,3290.66815895772,2524.18132935188,4057.15498856356,2118.42771148627,4462.90860642916
"2018-09-27 20:00:00",2856,2673.16880042632,1906.68197082048,3439.65563003215,1500.92835295487,3845.40924789776
"2018-09-27 21:00:00",2649,2357.28870572961,1590.80187612377,3123.77553533545,1185.04825825816,3529.52915320106
"2018-09-27 22:00:00",2003,1648.03355802494,881.546728419104,2414.52038763078,475.793110553498,2820.27400549639
"2018-09-27 23:00:00",1278,763.292170347525,-3.19465925831469,1529.77899995336,-408.948277123921,1935.53261781897
"2018-09-28 00:00:00",699,570.422216078594,-196.064613527246,1336.90904568443,-601.818231392852,1742.66266355004
"2018-09-28 01:00:00",461,325.167510272533,-441.319319333307,1091.65433987837,-847.072937198913,1497.40795774398
"2018-09-28 02:00:00",301,245.173139577515,-521.313690028324,1011.65996918335,-927.06730789393,1417.41358704896
"2018-09-28 03:00:00",367,296.849778361978,-469.637051243861,1063.33660796782,-875.390669109467,1469.09022583342
"2018-09-28 04:00:00",870,787.902686271751,21.415856665912,1554.38951587759,-384.337761199694,1960.1431337432
"2018-09-28 05:00:00",2751,2664.06525079102,1897.57842118518,3430.55208039686,1491.82480331958,3836.30569826247
"2018-09-28 06:00:00",5521,5370.42389337041,4603.93706376457,6136.91072297625,4198.18344589897,6542.66434084186
"2018-09-28 07:00:00",6401,6530.54001687428,5764.05318726844,7297.02684648012,5358.29956940284,7702.78046434573
"2018-09-28 08:00:00",5798,5840.69103143054,5074.2042018247,6607.17786103638,4668.45058395909,7012.93147890198
"2018-09-28 09:00:00",4791,5174.88671008583,4408.39988047999,5941.37353969167,4002.64626261438,6347.12715755728
"2018-09-28 10:00:00",4574,4801.98007794185,4035.49324833601,5568.46690754769,3629.7396304704,5974.22052541329
"2018-09-28 11:00:00",4863,5183.07491220316,4416.58808259732,5949.561741809,4010.83446473171,6355.3153596746
"2018-09-28 12:00:00",5066,5253.16752179865,4486.68069219281,6019.65435140449,4080.9270743272,6425.40796927009
"2018-09-28 13:00:00",4898,5126.20937697138,4359.72254736554,5892.69620657722,3953.96892949993,6298.44982444282
"2018-09-28 14:00:00",5193,5283.23904668957,4516.75221708373,6049.72587629541,4110.99859921812,6455.47949416101
"2018-09-28 15:00:00",5838,5907.25291379745,5140.76608419161,6673.73974340329,4735.012466326,7079.49336126889
"2018-09-28 16:00:00",6188,6641.23534474973,5874.74851514389,7407.72217435557,5468.99489727828,7813.47579222117
"2018-09-28 17:00:00",5695,5643.20070275907,4876.71387315323,6409.68753236491,4470.96025528762,6815.44115023051
"2018-09-28 18:00:00",5104,4124.1470864496,3357.66025684376,4890.63391605544,2951.90663897816,5296.38753392105
"2018-09-28 19:00:00",4286,2840.06972219902,2073.58289259318,3606.55655180486,1667.82927472757,4012.31016967047
"2018-09-28 20:00:00",3538,2278.97407298233,1512.48724337649,3045.46090258817,1106.73362551088,3451.21452045378
"2018-09-28 21:00:00",3058,2117.85942191184,1351.372592306,2884.34625151768,945.618974440391,3290.09986938328
"2018-09-28 22:00:00",2713,1733.72452378177,967.237694175933,2500.21135338761,561.484076310327,2905.96497125322
"2018-09-28 23:00:00",3544,1104.57159046459,338.084760858746,1871.05842007043,-67.6688570068595,2276.81203793603
"2018-09-29 00:00:00",1733,587.400512818853,-179.086316786986,1353.88734242469,-584.839934652592,1759.6409602903
"2018-09-29 01:00:00",867,404.211163825191,-362.275665780648,1170.69799343103,-768.029283646254,1576.45161129664
"2018-09-29 02:00:00",524,361.004568679822,-405.482260926017,1127.49139828566,-811.235878791623,1533.24501615127
"2018-09-29 03:00:00",359,273.780887721297,-492.705941884543,1040.26771732714,-898.459559750149,1446.02133519274
"2018-09-29 04:00:00",425,265.54033103838,-500.94649856746,1032.02716064422,-906.700116433066,1437.78077850982
"2018-09-29 05:00:00",743,506.283485114354,-260.203344491485,1272.77031472019,-665.956962357091,1678.5239325858
"2018-09-29 06:00:00",1359,953.010614588089,186.523784982249,1719.49744419393,-219.229832883356,2125.25106205953
"2018-09-29 07:00:00",2036,1278.72201820825,512.235188602408,2045.20884781409,106.481570736802,2450.96246567969
"2018-09-29 08:00:00",3073,1457.41811293723,690.931283331388,2223.90494254307,285.177665465782,2629.65856040867
"2018-09-29 09:00:00",3725,1724.09919438026,957.612364774416,2490.58602398609,551.85874690881,2896.3396418517
"2018-09-29 10:00:00",4059,1947.76557309294,1181.2787434871,2714.25240269878,775.525125621495,3120.00602056439
"2018-09-29 11:00:00",4378,2123.41759313662,1356.93076353078,2889.90442274245,951.17714566517,3295.65804060806
"2018-09-29 12:00:00",4657,2118.05555068137,1351.56872107553,2884.54238028721,945.815103209925,3290.29599815282
"2018-09-29 13:00:00",4553,1958.67974552886,1192.19291592302,2725.1665751347,786.439298057414,3130.9201930003
"2018-09-29 14:00:00",4618,1794.2904837577,1027.80365415186,2560.77731336354,622.050036286257,2966.53093122915
"2018-09-29 15:00:00",4564,1853.88805039272,1087.40122078688,2620.37487999856,681.647602921273,3026.12849786416
"2018-09-29 16:00:00",4735,1434.47272869418,667.985899088338,2200.95955830002,262.232281222732,2606.71317616562
"2018-09-29 17:00:00",4878,1452.0447997665,685.55797016066,2218.53162937234,279.804352295054,2624.28524723794
"2018-09-29 18:00:00",4569,1042.60453353308,276.117703927244,1809.09136313892,-129.635913938362,2214.84498100453
"2018-09-29 19:00:00",3818,856.152195927441,89.6653663216017,1622.63902553328,-316.088251544004,2028.39264339889
"2018-09-29 20:00:00",3338,593.688048340723,-172.798781265117,1360.17487794656,-578.552399130723,1765.92849581217
"2018-09-29 21:00:00",2950,683.212344728872,-83.2744848769672,1449.69917433471,-489.028102742573,1855.45279220032
"2018-09-29 22:00:00",2607,570.72533431207,-195.76149529377,1337.21216391791,-601.515113159376,1742.96578178352
"2018-09-29 23:00:00",3856,503.227261282373,-263.259568323466,1269.71409088821,-669.013186189072,1675.46770875382
"2018-09-30 00:00:00",1826,330.718363939224,-435.768465666615,1097.20519354506,-841.522083532221,1502.95881141067
"2018-09-30 01:00:00",920,237.198875735628,-529.287953870211,1003.68570534147,-935.041571735817,1409.43932320707
"2018-09-30 02:00:00",696,176.669025185196,-589.817804420644,943.155854791035,-995.57142228625,1348.90947265664
"2018-09-30 03:00:00",364,130.12903565709,-636.35779394875,896.615865262929,-1042.11141181436,1302.36948312853
"2018-09-30 04:00:00",335,154.579125816769,-611.907703789071,921.065955422608,-1017.66132165468,1326.81957328821
"2018-09-30 05:00:00",444,281.019509637853,-485.467319967986,1047.50633924369,-891.220937833592,1453.2599571093
"2018-09-30 06:00:00",802,470.450396405397,-296.036433200442,1236.93722601124,-701.790051066048,1642.69084387684
"2018-09-30 07:00:00",1175,614.871990934358,-151.614838671482,1381.3588205402,-557.368456537088,1787.1124384058
"2018-09-30 08:00:00",2002,655.284493627657,-111.202335978183,1421.7713232335,-516.955953843789,1827.5249410991
"2018-09-30 09:00:00",2882,965.688100541289,199.20127093545,1732.17493014713,-206.552346930156,2137.92854801273
"2018-09-30 10:00:00",3701,1476.08300351948,709.596173913645,2242.56983312532,303.842556048039,2648.32345099093
"2018-09-30 11:00:00",4049,1776.46939026975,1009.98256066391,2542.95621987559,604.228942798305,2948.7098377412
"2018-09-30 12:00:00",4429,2019.84744444316,1253.36061483732,2786.334274049,847.606996971717,3192.08789191461
"2018-09-30 13:00:00",4547,2188.21734573633,1421.73051613049,2954.70417534217,1015.97689826488,3360.45779320777
"2018-09-30 14:00:00",4380,2389.57926997036,1623.09244036452,3156.0660995762,1217.33882249892,3561.81971744181
"2018-09-30 15:00:00",4302,2154.93338917192,1388.44655956608,2921.42021877776,982.692941700474,3327.17383664336
"2018-09-30 16:00:00",4283,2093.27987166006,1326.79304205422,2859.7667012659,921.039424188614,3265.5203191315
"2018-09-30 17:00:00",4132,1833.61888212373,1067.13205251789,2600.10571172956,661.37843465228,3005.85932959517
"2018-09-30 18:00:00",3947,1643.95058169936,877.463752093523,2410.4374113052,471.710134227917,2816.19102917081
"2018-09-30 19:00:00",3543,1402.27512804926,635.788298443416,2168.7619576551,230.03468057781,2574.5155755207
"2018-09-30 20:00:00",2781,1627.5926754355,861.105845829663,2394.07950504134,455.352227964057,2799.83312290695
"2018-09-30 21:00:00",2159,2794.90337479318,2028.41654518734,3561.39020439902,1622.66292732174,3967.14382226463
"2018-09-30 22:00:00",1450,1189.2073738027,422.720544196856,1955.69420340853,16.9669263312501,2361.44782127414
"2018-09-30 23:00:00",954,692.504816959589,-73.9820126462502,1458.99164656543,-479.735630511856,1864.74526443103
