"date_time","actual","forecast","lo80","hi80","lo95","hi95"
"2018-04-19 13:00:00",5110,5326.18604282048,4836.29094113607,5816.08114450489,4576.95613953837,6075.41594610259
"2018-04-19 14:00:00",5444,5568.83901632232,4939.18631198968,6198.49172065495,4605.86830453845,6531.80972810618
"2018-04-19 15:00:00",6188,6247.84327705668,5562.58743782029,6933.09911629306,5199.83490875639,7295.85164535697
"2018-04-19 16:00:00",6851,7209.65212162901,6490.62273459962,7928.6815086584,6109.99156930107,8309.31267395696
"2018-04-19 17:00:00",6368,6808.30357549932,6068.18930786059,7548.41784313805,5676.39648099258,7940.21067000605
"2018-04-19 18:00:00",4978,5061.82826486443,4308.35189467713,5815.30463505173,3909.48559799601,6214.17093173286
"2018-04-19 19:00:00",3676,3695.25085645904,2933.23190793541,4457.26980498266,2529.84344344659,4860.65826947148
"2018-04-19 20:00:00",3471,3080.59121718999,2313.08162612901,3848.10080825097,1906.7865910536,4254.39584332638
"2018-04-19 21:00:00",3451,2760.86534812077,1989.81493987637,3531.91575636518,1581.64550940774,3940.08518683381
"2018-04-19 22:00:00",2148,2052.0861367147,1278.74750510198,2825.42476832742,869.36676235202,3234.80551107738
"2018-04-19 23:00:00",1273,1167.26396270124,392.444597141933,1942.08332826055,-17.7199988103464,2352.24792421283
"2018-04-20 00:00:00",712,632.407186048637,-143.371205437016,1408.18557753429,-554.043479048207,1818.85785114548
"2018-04-20 01:00:00",417,386.522539983335,-389.877328543155,1162.92240850983,-800.878592226975,1573.92367219365
"2018-04-20 02:00:00",322,305.615447532925,-471.187301039506,1082.41819610536,-882.401836536868,1493.63273160272
"2018-04-20 03:00:00",393,355.690276473899,-421.373704648474,1132.75425759627,-832.726528304417,1544.10708125221
"2018-04-20 04:00:00",830,845.750544669886,68.5171515627982,1622.98393777697,-342.925353380615,2034.42644272039
"2018-04-20 05:00:00",2691,2720.79908545371,1943.45581623394,3498.14235467348,1531.95514638995,3909.64302451747
"2018-04-20 06:00:00",5492,5425.83818082823,4648.42364437996,6203.25271727651,4236.88524794409,6614.79111371238
"2018-04-20 07:00:00",6626,6584.86966874806,5807.40890545652,7362.3304320396,5395.84603800802,7773.89329948811
"2018-04-20 08:00:00",6126,5893.89502952557,5116.40428081399,6671.38577823715,4704.82554004294,7082.9645190082
"2018-04-20 09:00:00",5141,5226.91545542349,4449.40525608892,6004.42565475805,4037.81621878004,6416.01469206693
"2018-04-20 10:00:00",4670,4852.9319067056,4075.40909020711,5630.4547232041,3663.81337377509,6042.05043963612
"2018-04-20 11:00:00",5200,5232.9451567808,4455.41415576404,6010.47615779757,4043.81410670977,6422.07620685184
"2018-04-20 12:00:00",5433,5301.95582856259,4524.41951837694,6079.49213874823,4112.81665881844,6491.09499830673
"2018-04-20 13:00:00",5370,5173.96442375353,4396.42466958265,5951.50417792441,3984.81998688848,6363.10886061858
"2018-04-20 14:00:00",5803,5329.97134643138,4552.42935818996,6107.51333467281,4140.82349285029,6519.11920001248
"2018-04-20 15:00:00",6383,5952.97692204558,5175.43348458843,6730.52035950273,4763.82685208029,7142.12699201087
"2018-04-20 16:00:00",6900,6685.9814127173,5908.43703516988,7463.52579026472,5496.82990500801,7875.13292042659
"2018-04-20 17:00:00",6268,5686.98502956233,4909.44004218839,6464.53001693628,4497.83258920386,6876.13746992081
"2018-04-20 18:00:00",4959,4166.98794261606,3389.44255965401,4944.5333255781,2977.83489725779,5356.14098797432
"2018-04-20 19:00:00",4091,2881.99028882717,2104.4446492512,3659.53592840314,1692.83685101177,4071.14372664256
"2018-04-20 20:00:00",3552,2319.99217849592,1542.44637245711,3097.53798453472,1130.83848609758,3509.14587089425
"2018-04-20 21:00:00",3538,2157.99370045954,1380.44778643798,2935.5396144811,968.83984291584,3347.14755800325
"2018-04-20 22:00:00",2842,1772.99492626871,995.448942199833,2550.5409103376,583.840961596877,2962.14889094055
"2018-04-20 23:00:00",1977,1142.99591355126,365.449884043387,1920.54194305913,-46.1581206135174,2332.14994771604
"2018-04-21 00:00:00",1291,624.996708721381,-152.549350262309,1402.54276770507,-564.157370522769,1814.15078796553
"2018-04-21 01:00:00",732,440.997349161671,-336.548728942686,1218.54342726603,-748.156759325015,1630.15145764836
"2018-04-21 02:00:00",526,396.997864980556,-380.548225527185,1174.5439554883,-792.156262475469,1586.15199243658
"2018-04-21 03:00:00",386,308.998280427752,-468.547818125941,1086.54437898144,-880.155859333494,1498.152420189
"2018-04-21 04:00:00",369,299.998615034291,-477.547488738729,1077.54471880731,-889.155532709228,1489.15276277781
"2018-04-21 05:00:00",683,539.998884530722,-237.547222628024,1317.54499168947,-649.155268390817,1729.15303745226
"2018-04-21 06:00:00",1418,985.999101586629,208.452992231598,1763.54521094166,-203.15505469384,2175.1532578671
"2018-04-21 07:00:00",2307,1310.99927640626,533.453165626522,2088.545387186,121.845117946889,2500.15343486564
"2018-04-21 08:00:00",3392,1488.99941720825,711.453305504319,2266.54552891219,299.845257335447,2678.15357708106
"2018-04-21 09:00:00",4153,1754.999530612,977.453418308546,2532.54564291545,565.84536982231,2944.15369140168
"2018-04-21 10:00:00",4464,1977.99962194884,1200.45350925649,2755.54573464119,788.845460564379,3167.15378333329
"2018-04-21 11:00:00",4985,2152.99969551271,1375.45358256808,2930.54580845733,963.845533742429,3342.15385728299
"2018-04-21 12:00:00",5263,2146.999754762,1369.45364165373,2924.54586787027,957.845592741443,3336.15391678256
"2018-04-21 13:00:00",5307,1986.99980248215,1209.45368926772,2764.54591569658,797.845640299235,3176.15396466506
"2018-04-21 14:00:00",5296,1821.99984091657,1044.45372763327,2599.54595419986,632.84567862834,3011.1540032048
"2018-04-21 15:00:00",5340,1880.99987187215,1103.45375854418,2658.54598520011,691.845709515602,3070.15403422869
"2018-04-21 16:00:00",5027,1460.99989680417,683.45378344723,2238.54601016112,271.845734403309,2650.15405920504
"2018-04-21 17:00:00",5007,1477.99991688475,700.453803509007,2255.54603026049,288.845754455136,2667.15407931436
"2018-04-21 18:00:00",4541,1067.9999330579,290.453819669968,1845.54604644584,-121.154229390359,2257.15409550616
"2018-04-21 19:00:00",3892,880.999946083969,103.453832688125,1658.54605947981,-308.154216376389,2070.15410854433
"2018-04-21 20:00:00",3346,617.999956575332,-159.546156825643,1395.54606997631,-571.154205892873,1807.15411904354
"2018-04-21 21:00:00",3199,706.999965025211,-70.546148379092,1484.54607842951,-482.154197448084,1896.15412749851
"2018-04-21 22:00:00",3814,593.999971830853,-183.546141575609,1371.54608523732,-595.154190645744,1783.15413430745
"2018-04-21 23:00:00",2760,525.999977312205,-251.546136095658,1303.54609072007,-663.154185166534,1715.15413979094
"2018-04-22 00:00:00",1447,352.999981726957,-424.546131681815,1130.54609513573,-836.154180753172,1542.15414420709
"2018-04-22 01:00:00",945,258.999985282655,-518.546128126706,1036.54609869202,-930.154177198375,1448.15414776369
"2018-04-22 02:00:00",671,197.99998814646,-579.546125263283,975.546101556203,-991.154174335155,1387.15415062808
"2018-04-22 03:00:00",465,150.999990453006,-626.546122956985,928.546103862997,-1038.15417202899,1340.154152935
"2018-04-22 04:00:00",368,174.999992310727,-602.546121099424,952.546105720879,-1014.15417017151,1364.15415479297
"2018-04-22 05:00:00",563,300.999993806961,-476.546119603296,1078.54610721722,-888.15416867544,1490.15415628936
"2018-04-22 06:00:00",904,489.999995012046,-287.546118398278,1267.54610842237,-699.154167470458,1679.15415749455
"2018-04-22 07:00:00",1289,633.999995982637,-143.546117427731,1411.54610939301,-555.154166499934,1823.15415846521
"2018-04-22 08:00:00",2200,673.999996764364,-103.546116646032,1451.54611017476,-515.15416571825,1863.15415924698
"2018-04-22 09:00:00",3219,983.999997393977,206.453883983562,1761.54611080439,-205.154165088665,2173.15415987662
"2018-04-22 10:00:00",4088,1493.99999790108,716.453884490649,2271.5461113115,304.845835418415,2683.15416038374
"2018-04-22 11:00:00",4541,1793.9999983095,1016.45388489906,2571.54611171993,604.845835826826,2983.15416079217
"2018-04-22 12:00:00",4781,2036.99999863845,1259.45388522801,2814.54611204889,847.845836155768,3226.15416112113
"2018-04-22 13:00:00",4761,2204.99999890339,1427.45388549295,2982.54611231383,1015.8458364207,3394.15416138607
"2018-04-22 14:00:00",4753,2405.99999911678,1628.45388570633,3183.54611252722,1216.84583663409,3595.15416159946
"2018-04-22 15:00:00",4866,2170.99999928864,1393.45388587819,2948.54611269909,981.845836805949,3360.15416177133
"2018-04-22 16:00:00",4713,2108.99999942706,1331.45388601661,2886.54611283751,919.845836944369,3298.15416190975
"2018-04-22 17:00:00",4303,1848.99999953855,1071.4538861281,2626.546112949,659.845837055855,3038.15416202124
"2018-04-22 18:00:00",3787,1658.99999962834,881.453886217892,2436.54611303879,469.845837145647,2848.15416211103
"2018-04-22 19:00:00",3228,1416.99999970066,639.453886290212,2194.54611311111,227.845837217966,2606.15416218335
"2018-04-22 20:00:00",3139,1641.99999975891,864.453886348459,2419.54611316936,452.845837276214,2831.1541622416
"2018-04-22 21:00:00",2412,2808.99999980582,2031.45388639537,3586.54611321627,1619.84583732313,3998.15416228852
"2018-04-22 22:00:00",1906,1202.99999984361,425.453886433157,1980.54611325405,13.8458373609114,2392.1541623263
"2018-04-22 23:00:00",1356,705.999999874038,-71.5461135364106,1483.54611328449,-483.154162608656,1895.15416235673
"2018-04-23 00:00:00",614,406.999999898549,-370.5461135119,1184.546113309,-782.154162584146,1596.15416238124
"2018-04-23 01:00:00",349,271.99999991829,-505.546113492159,1049.54611332874,-917.154162564405,1461.15416240098
"2018-04-23 02:00:00",259,246.99999993419,-530.546113476259,1024.54611334464,-942.154162548505,1436.15416241688
"2018-04-23 03:00:00",373,356.999999946996,-420.546113463453,1134.54611335744,-832.154162535699,1546.15416242969
"2018-04-23 04:00:00",900,778.999999957309,1.45388654686053,1556.54611336776,-410.154162525385,1968.15416244
"2018-04-23 05:00:00",2864,2237.99999996562,1460.45388655517,3015.54611337607,1048.84583748292,3427.15416244831
"2018-04-23 06:00:00",5769,4363.99999997231,3586.45388656186,5141.54611338276,3174.84583748961,5553.154162455
"2018-04-23 07:00:00",6574,4962.9999999777,4185.45388656725,5740.54611338814,3773.845837495,6152.15416246039
"2018-04-23 08:00:00",5970,4462.99999998204,3685.45388657159,5240.54611339248,3273.84583749934,5652.15416246473
"2018-04-23 09:00:00",5325,4044.99999998553,3267.45388657508,4822.54611339598,2855.84583750284,5234.15416246823
"2018-04-23 10:00:00",4547,3625.99999998835,2848.4538865779,4403.5461133988,2436.84583750565,4815.15416247104
"2018-04-23 11:00:00",4577,3859.99999999061,3082.45388658017,4637.54611340106,2670.84583750792,5049.15416247331
"2018-04-23 12:00:00",4739,4148.99999999244,3371.45388658199,4926.54611340289,2959.84583750975,5338.15416247514
"2018-04-23 13:00:00",4803,4109.99999999391,3332.45388658346,4887.54611340436,2920.84583751122,5299.15416247661
"2018-04-23 14:00:00",5243,4386.9999999951,3609.45388658465,5164.54611340554,3197.8458375124,5576.15416247779
"2018-04-23 15:00:00",5852,4941.99999999605,4164.4538865856,5719.5461134065,3752.84583751336,6131.15416247875
"2018-04-23 16:00:00",6883,5787.99999999682,5010.45388658637,6565.54611340727,4598.84583751412,6977.15416247951
"2018-04-23 17:00:00",6188,5566.99999999744,4789.45388658699,6344.54611340789,4377.84583751474,6756.15416248013
"2018-04-23 18:00:00",4660,4060.99999999794,3283.45388658749,4838.54611340839,2871.84583751524,5250.15416248063
"2018-04-23 19:00:00",3243,2978.99999999834,2201.45388658789,3756.54611340879,1789.84583751564,4168.15416248103
"2018-04-23 20:00:00",2759,2555.99999999866,1778.45388658821,3333.54611340911,1366.84583751597,3745.15416248136
"2018-04-23 21:00:00",2183,2099.99999999892,1322.45388658847,2877.54611340937,910.845837516227,3289.15416248162
"2018-04-23 22:00:00",1537,1488.99999999913,711.453886588683,2266.54611340958,299.845837516437,2678.15416248183
"2018-04-23 23:00:00",963,977.999999999301,200.453886588852,1755.54611340975,-211.154162483394,2167.154162482
"2018-04-24 00:00:00",530,523.999999999437,-253.546113411012,1301.54611340989,-665.154162483258,1713.15416248213
"2018-04-24 01:00:00",330,335.999999999546,-441.546113410903,1113.54611341,-853.154162483148,1525.15416248224
"2018-04-24 02:00:00",248,270.999999999635,-506.546113410814,1048.54611341008,-918.15416248306,1460.15416248233
"2018-04-24 03:00:00",346,346.999999999706,-430.546113410743,1124.54611341015,-842.154162482989,1536.1541624824
"2018-04-24 04:00:00",911,897.999999999763,120.453886589314,1675.54611341021,-291.154162482931,2087.15416248246
"2018-04-24 05:00:00",2936,2847.99999999981,2070.45388658936,3625.54611341026,1658.84583751711,4037.1541624825
"2018-04-24 06:00:00",5886,5515.99999999985,4738.4538865894,6293.5461134103,4326.84583751715,6705.15416248254
"2018-04-24 07:00:00",6535,6207.99999999988,5430.45388658943,6985.54611341033,5018.84583751718,7397.15416248257
"2018-04-24 08:00:00",5905,5891.9999999999,5114.45388658945,6669.54611341035,4702.84583751721,7081.15416248259
"2018-04-24 09:00:00",5509,5676.99999999992,4899.45388658947,6454.54611341037,4487.84583751722,6866.15416248261
"2018-04-24 10:00:00",4540,4455.99999999994,3678.45388658949,5233.54611341038,3266.84583751724,5645.15416248263
"2018-04-24 11:00:00",4957,4714.99999999995,3937.4538865895,5492.5461134104,3525.84583751725,5904.15416248264
"2018-04-24 12:00:00",4881,4961.99999999996,4184.45388658951,5739.54611341041,3772.84583751726,6151.15416248265
"2018-04-24 13:00:00",4960,4912.99999999997,4135.45388658952,5690.54611341042,3723.84583751727,6102.15416248266
"2018-04-24 14:00:00",5353,5219.99999999997,4442.45388658952,5997.54611341042,4030.84583751728,6409.15416248267
"2018-04-24 15:00:00",6010,5843.99999999998,5066.45388658953,6621.54611341043,4654.84583751728,7033.15416248267
"2018-04-24 16:00:00",7149,6656.99999999998,5879.45388658953,7434.54611341043,5467.84583751729,7846.15416248268
"2018-04-24 17:00:00",6253,6276.99999999999,5499.45388658954,7054.54611341043,5087.84583751729,7466.15416248268
"2018-04-24 18:00:00",4513,4826.99999999999,4049.45388658954,5604.54611341044,3637.84583751729,6016.15416248268
"2018-04-24 19:00:00",3325,3480.99999999999,2703.45388658954,4258.54611341044,2291.8458375173,4670.15416248269
"2018-04-24 20:00:00",3115,2876.99999999999,2099.45388658954,3654.54611341044,1687.8458375173,4066.15416248269
"2018-04-24 21:00:00",2497,3417.99999999999,2640.45388658955,4195.54611341044,2228.8458375173,4607.15416248269
"2018-04-24 22:00:00",1589,3293.99999999999,2516.45388658955,4071.54611341044,2104.8458375173,4483.15416248269
"2018-04-24 23:00:00",988,1297,519.453886589547,2074.54611341045,107.845837517302,2486.15416248269
"2018-04-25 00:00:00",532,825.999999999997,48.4538865895479,1603.54611341045,-363.154162482698,2015.15416248269
"2018-04-25 01:00:00",310,593.999999999997,-183.546113410451,1371.54611341045,-595.154162482697,1783.15416248269
"2018-04-25 02:00:00",237,430.999999999998,-346.546113410451,1208.54611341045,-758.154162482697,1620.15416248269
"2018-04-25 03:00:00",341,520.999999999998,-256.546113410451,1298.54611341045,-668.154162482696,1710.15416248269
"2018-04-25 04:00:00",904,974.999999999999,197.45388658955,1752.54611341045,-214.154162482696,2164.15416248269
"2018-04-25 05:00:00",2917,2986,2208.45388658955,3763.54611341045,1796.8458375173,4175.15416248269
"2018-04-25 06:00:00",5866,5943,5165.45388658955,6720.54611341045,4753.8458375173,7132.15416248269
"2018-04-25 07:00:00",6303,6871,6093.45388658955,7648.54611341045,5681.8458375173,8060.15416248269
"2018-04-25 08:00:00",5850,6614,5836.45388658955,7391.54611341045,5424.8458375173,7803.15416248269
"2018-04-25 09:00:00",5455,5378,4600.45388658955,6155.54611341045,4188.8458375173,6567.15416248269
"2018-04-25 10:00:00",4524,4751,3973.45388658955,5528.54611341045,3561.8458375173,5940.15416248269
"2018-04-25 11:00:00",4891,4824,4046.45388658955,5601.54611341045,3634.8458375173,6013.15416248269
"2018-04-25 12:00:00",5067,5013,4235.45388658955,5790.54611341045,3823.8458375173,6202.15416248269
"2018-04-25 13:00:00",5020,5017,4239.45388658955,5794.54611341045,3827.8458375173,6206.15416248269
"2018-04-25 14:00:00",5276,5437,4659.45388658955,6214.54611341045,4247.8458375173,6626.15416248269
"2018-04-25 15:00:00",6002,5835,5057.45388658955,6612.54611341045,4645.8458375173,7024.15416248269
"2018-04-25 16:00:00",6816,7022,6244.45388658955,7799.54611341045,5832.8458375173,8211.1541624827
"2018-04-25 17:00:00",6420,6459,5681.45388658955,7236.54611341045,5269.8458375173,7648.1541624827
"2018-04-25 18:00:00",4695,4663,3885.45388658955,5440.54611341045,3473.84583751731,5852.1541624827
"2018-04-25 19:00:00",3543,3393,2615.45388658955,4170.54611341045,2203.84583751731,4582.1541624827
"2018-04-25 20:00:00",3225,3034,2256.45388658955,3811.54611341045,1844.84583751731,4223.1541624827
"2018-04-25 21:00:00",2560,2604,1826.45388658955,3381.54611341045,1414.84583751731,3793.15416248269
"2018-04-25 22:00:00",1618,1726,948.453886589551,2503.54611341045,536.845837517305,2915.15416248269
"2018-04-25 23:00:00",1023,1085,307.453886589551,1862.54611341045,-104.154162482695,2274.15416248269
"2018-04-26 00:00:00",551,561,-216.546113410449,1338.54611341045,-628.154162482695,1750.15416248269
"2018-04-26 01:00:00",358,351,-426.546113410449,1128.54611341045,-838.154162482695,1540.15416248269
"2018-04-26 02:00:00",255,275,-502.546113410449,1052.54611341045,-914.154162482695,1464.15416248269
"2018-04-26 03:00:00",350,361,-416.546113410449,1138.54611341045,-828.154162482695,1550.15416248269
"2018-04-26 04:00:00",899,909,131.453886589551,1686.54611341045,-280.154162482695,2098.15416248269
"2018-04-26 05:00:00",2953,2885,2107.45388658955,3662.54611341045,1695.84583751731,4074.15416248269
"2018-04-26 06:00:00",5813,5715,4937.45388658955,6492.54611341045,4525.8458375173,6904.1541624827
"2018-04-26 07:00:00",6493,6461,5683.45388658955,7238.54611341045,5271.8458375173,7650.1541624827
"2018-04-26 08:00:00",5890,6046,5268.45388658955,6823.54611341045,4856.8458375173,7235.1541624827
"2018-04-26 09:00:00",5495,5842,5064.45388658955,6619.54611341045,4652.8458375173,7031.1541624827
"2018-04-26 10:00:00",4675,4882,4104.45388658955,5659.54611341045,3692.84583751731,6071.1541624827
"2018-04-26 11:00:00",5110,5035,4257.45388658955,5812.54611341045,3845.84583751731,6224.1541624827
"2018-04-26 12:00:00",5078,5027,4249.45388658955,5804.54611341045,3837.84583751731,6216.1541624827
"2018-04-26 13:00:00",5281,5326.18604282048,4548.63992941003,6103.73215623093,4137.03188033778,6515.34020530317
"2018-04-26 14:00:00",5661,5568.83901632232,4791.29290291187,6346.38512973276,4379.68485383962,6757.99317880501
"2018-04-26 15:00:00",6257,6247.84327705668,5470.29716364623,7025.38939046713,5058.68911457398,7436.99743953937
"2018-04-26 16:00:00",7139,7209.65212162901,6432.10600821856,7987.19823503946,6020.49795914632,8398.80628411171
"2018-04-26 17:00:00",6372,6808.30357549932,6030.75746208887,7585.84968890977,5619.14941301662,7997.45773798201
"2018-04-26 18:00:00",5068,5061.82826486443,4284.28215145398,5839.37437827488,3872.67410238174,6250.98242734713
"2018-04-26 19:00:00",3813,3695.25085645904,2917.70474304859,4472.79696986949,2506.09669397634,4884.40501894173
"2018-04-26 20:00:00",3338,3080.59121718999,2303.04510377954,3858.13733060044,1891.43705470729,4269.74537967268
"2018-04-26 21:00:00",3058,2760.86534812077,1983.31923471033,3538.41146153122,1571.71118563808,3950.01951060347
"2018-04-26 22:00:00",2171,2052.0861367147,1274.54002330425,2829.63225012515,862.931974232007,3241.2402991974
"2018-04-26 23:00:00",1253,1167.26396270124,389.717849290793,1944.81007611169,-21.890199781453,2356.41812518394
"2018-04-27 00:00:00",683,632.407186048637,-145.138927361812,1409.95329945909,-556.746976434058,1821.56134853133
"2018-04-27 01:00:00",422,386.522539983335,-391.023573427114,1164.06865339378,-802.631622499359,1575.67670246603
"2018-04-27 02:00:00",328,305.615447532925,-471.930665877524,1083.16156094337,-883.53871494977,1494.76961001562
"2018-04-27 03:00:00",380,355.690276473899,-421.85583693655,1133.23638988435,-833.463886008796,1544.84443895659
"2018-04-27 04:00:00",849,845.750544669886,68.2044312594369,1623.29665808033,-343.403617812809,2034.90470715258
"2018-04-27 05:00:00",2744,2720.79908545371,1943.25297204326,3498.34519886416,1531.64492297101,3909.9532479364
"2018-04-27 06:00:00",5573,5425.83818082823,4648.29206741779,6203.38429423868,4236.68401834554,6614.99234331093
"2018-04-27 07:00:00",6712,6584.86966874806,5807.32355533761,7362.41578215851,5395.71550626537,7774.02383123076
"2018-04-27 08:00:00",6109,5893.89502952557,5116.34891611512,6671.44114293602,4704.74086704288,7083.04919200827
"2018-04-27 09:00:00",5414,5226.91545542349,4449.36934201304,6004.46156883393,4037.76129294079,6416.06961790618
"2018-04-27 10:00:00",4946,4852.9319067056,4075.38579329516,5630.47802011605,3663.77774422291,6042.0860691883
"2018-04-27 11:00:00",5365,5232.9451567808,4455.39904337036,6010.49127019125,4043.79099429811,6422.0993192635
"2018-04-27 12:00:00",5622,5301.95582856259,4524.40971515214,6079.50194197304,4112.80166607989,6491.10999104528
"2018-04-27 13:00:00",5487,5173.96442375353,4396.41831034308,5951.51053716398,3984.81026127084,6363.11858623623
"2018-04-27 14:00:00",6005,5329.97134643138,4552.42523302094,6107.51745984183,4140.81718394869,6519.12550891408
"2018-04-27 15:00:00",6560,5952.97692204558,5175.43080863513,6730.52303545603,4763.82275956289,7142.13108452828
"2018-04-27 16:00:00",6471,6685.9814127173,5908.43529930685,7463.52752612775,5496.82725023461,7875.1355752
"2018-04-27 17:00:00",6459,5686.98502956233,4909.43891615188,6464.53114297278,4497.83086707964,6876.13919204503
"2018-04-27 18:00:00",5355,4166.98794261606,3389.44182920561,4944.53405602651,2977.83378013336,5356.14210509875
"2018-04-27 19:00:00",4083,2881.99028882717,2104.44417541672,3659.53640223762,1692.83612634447,4071.14445130986
"2018-04-27 20:00:00",3319,2319.99217849592,1542.44606508547,3097.53829190636,1130.83801601322,3509.14634097861
"2018-04-27 21:00:00",3384,2157.99370045954,1380.44758704909,2935.53981386999,968.839537976848,3347.14786294224
"2018-04-27 22:00:00",2709,1772.99492626871,995.448812858265,2550.54103967916,583.84076378602,2962.14908875141
"2018-04-27 23:00:00",1942,1142.99591355126,365.449800140812,1920.54202696171,-46.1582489314339,2332.15007603395
"2018-04-28 00:00:00",1097,624.996708721381,-152.549404689068,1402.54282213183,-564.157453761314,1814.15087120408
"2018-04-28 01:00:00",725,440.997349161671,-336.548764248778,1218.54346257212,-748.156813321024,1630.15151164437
"2018-04-28 02:00:00",531,396.997864980556,-380.548248429893,1174.54397839101,-792.156297502139,1586.15202746325
"2018-04-28 03:00:00",382,308.998280427752,-468.547832982697,1086.5443938382,-880.155882054943,1498.15244291045
"2018-04-28 04:00:00",365,299.998615034291,-477.547498376158,1077.54472844474,-889.155547448403,1489.15277751699
"2018-04-28 05:00:00",744,539.998884530722,-237.547228879727,1317.54499794117,-649.155277951973,1729.15304701342
"2018-04-28 06:00:00",1366,985.999101586629,208.45298817618,1763.54521499708,-203.155060896065,2175.15326406932
"2018-04-28 07:00:00",2330,1310.99927640626,533.453162995813,2088.54538981671,121.845113923568,2500.15343888896
"2018-04-28 08:00:00",3737,1488.99941720825,711.453303797804,2266.5455306187,299.845254725559,2678.15357969095
"2018-04-28 09:00:00",4509,1754.999530612,977.453417201548,2532.54564402245,565.845368129302,2944.15369309469
"2018-04-28 10:00:00",4752,1977.99962194884,1200.45350853839,2755.54573535929,788.845459466142,3167.15378443153
"2018-04-28 11:00:00",5130,2152.99969551271,1375.45358210226,2930.54580892316,963.845533030013,3342.1538579954
"2018-04-28 12:00:00",5453,2146.999754762,1369.45364135155,2924.54586817245,957.845592279306,3336.1539172447
"2018-04-28 13:00:00",5529,1986.99980248215,1209.4536890717,2764.5459158926,797.845639999452,3176.15396496484
"2018-04-28 14:00:00",5191,1821.99984091657,1044.45372750612,2599.54595432702,632.845678433874,3011.15400339926
"2018-04-28 15:00:00",4925,1880.99987187215,1103.4537584617,2658.5459852826,691.845709389454,3070.15403435484
"2018-04-28 16:00:00",5034,1460.99989680417,683.453783393724,2238.54601021462,271.845734321478,2650.15405928687
"2018-04-28 17:00:00",4991,1477.99991688475,700.453803474298,2255.5460302952,288.845754402053,2667.15407936744
"2018-04-28 18:00:00",4300,1067.9999330579,290.453819647453,1845.54604646835,-121.154229424793,2257.1540955406
"2018-04-28 19:00:00",3764,880.999946083969,103.45383267352,1658.54605949442,-308.154216398726,2070.15410856666
"2018-04-28 20:00:00",3189,617.999956575332,-159.546156835117,1395.54606998578,-571.154205907363,1807.15411905803
"2018-04-28 21:00:00",3076,706.999965025211,-70.5461483852379,1484.54607843566,-482.154197457484,1896.15412750791
"2018-04-28 22:00:00",2900,593.999971830853,-183.546141579596,1371.5460852413,-595.154190651842,1783.15413431355
"2018-04-28 23:00:00",3360,525.999977312205,-251.546136098244,1303.54609072265,-663.15418517049,1715.1541397949
"2018-04-29 00:00:00",1532,352.999981726957,-424.546131683492,1130.54609513741,-836.154180755738,1542.15414420965
"2018-04-29 01:00:00",821,258.999985282655,-518.546128127794,1036.5460986931,-930.15417720004,1448.15414776535
"2018-04-29 02:00:00",601,197.99998814646,-579.546125263989,975.546101556909,-991.154174336235,1387.15415062915
"2018-04-29 03:00:00",347,150.999990453006,-626.546122957443,928.546103863455,-1038.15417202969,1340.1541529357
"2018-04-29 04:00:00",280,174.999992310727,-602.546121099721,952.546105721176,-1014.15417017197,1364.15415479342
"2018-04-29 05:00:00",427,300.999993806961,-476.546119603488,1078.54610721741,-888.154168675734,1490.15415628966
"2018-04-29 06:00:00",839,489.999995012046,-287.546118398403,1267.54610842249,-699.154167470649,1679.15415749474
"2018-04-29 07:00:00",1397,633.999995982637,-143.546117427812,1411.54610939309,-555.154166500057,1823.15415846533
"2018-04-29 08:00:00",2153,673.999996764364,-103.546116646085,1451.54611017481,-515.15416571833,1863.15415924706
"2018-04-29 09:00:00",3258,983.999997393977,206.453883983528,1761.54611080443,-205.154165088717,2173.15415987667
"2018-04-29 10:00:00",3848,1493.99999790108,716.453884490627,2271.54611131152,304.845835418381,2683.15416038377
"2018-04-29 11:00:00",4381,1793.9999983095,1016.45388489905,2571.54611171995,604.845835826804,2983.15416079219
"2018-04-29 12:00:00",4886,2036.99999863845,1259.453885228,2814.5461120489,847.845836155754,3226.15416112114
"2018-04-29 13:00:00",4828,2204.99999890339,1427.45388549294,2982.54611231384,1015.84583642069,3394.15416138608
"2018-04-29 14:00:00",4715,2405.99999911678,1628.45388570633,3183.54611252722,1216.84583663408,3595.15416159947
"2018-04-29 15:00:00",4570,2170.99999928864,1393.45388587819,2948.54611269909,981.845836805945,3360.15416177133
"2018-04-29 16:00:00",4886,2108.99999942706,1331.45388601661,2886.54611283751,919.845836944367,3298.15416190976
"2018-04-29 17:00:00",4390,1848.99999953855,1071.4538861281,2626.546112949,659.845837055853,3038.15416202124
"2018-04-29 18:00:00",3903,1658.99999962834,881.453886217891,2436.54611303879,469.845837145646,2848.15416211103
"2018-04-29 19:00:00",3351,1416.99999970066,639.453886290212,2194.54611311111,227.845837217966,2606.15416218335
"2018-04-29 20:00:00",3026,1641.99999975891,864.453886348459,2419.54611316936,452.845837276213,2831.1541622416
"2018-04-29 21:00:00",2367,2808.99999980582,2031.45388639537,3586.54611321627,1619.84583732313,3998.15416228852
"2018-04-29 22:00:00",1703,1202.99999984361,425.453886433157,1980.54611325405,13.8458373609114,2392.1541623263
"2018-04-29 23:00:00",1035,705.999999874038,-71.5461135364106,1483.54611328449,-483.154162608656,1895.15416235673
"2018-04-30 00:00:00",541,406.999999898549,-370.5461135119,1184.546113309,-782.154162584146,1596.15416238124
"2018-04-30 01:00:00",327,271.99999991829,-505.546113492159,1049.54611332874,-917.154162564405,1461.15416240098
"2018-04-30 02:00:00",275,246.99999993419,-530.546113476259,1024.54611334464,-942.154162548505,1436.15416241688
"2018-04-30 03:00:00",355,356.999999946996,-420.546113463453,1134.54611335744,-832.154162535699,1546.15416242969
"2018-04-30 04:00:00",891,778.999999957309,1.45388654686053,1556.54611336776,-410.154162525385,1968.15416244
"2018-04-30 05:00:00",2871,2237.99999996562,1460.45388655517,3015.54611337607,1048.84583748292,3427.15416244831
"2018-04-30 06:00:00",5730,4363.99999997231,3586.45388656186,5141.54611338276,3174.84583748961,5553.154162455
"2018-04-30 07:00:00",6633,4962.9999999777,4185.45388656725,5740.54611338814,3773.845837495,6152.15416246039
"2018-04-30 08:00:00",5724,4462.99999998204,3685.45388657159,5240.54611339248,3273.84583749934,5652.15416246473
"2018-04-30 09:00:00",5171,4044.99999998553,3267.45388657508,4822.54611339598,2855.84583750284,5234.15416246823
"2018-04-30 10:00:00",4523,3625.99999998835,2848.4538865779,4403.5461133988,2436.84583750565,4815.15416247104
"2018-04-30 11:00:00",4619,3859.99999999061,3082.45388658017,4637.54611340106,2670.84583750792,5049.15416247331
"2018-04-30 12:00:00",4825,4148.99999999244,3371.45388658199,4926.54611340289,2959.84583750975,5338.15416247514
"2018-04-30 13:00:00",4837,4109.99999999391,3332.45388658346,4887.54611340436,2920.84583751122,5299.15416247661
"2018-04-30 14:00:00",5147,4386.9999999951,3609.45388658465,5164.54611340554,3197.8458375124,5576.15416247779
"2018-04-30 15:00:00",5792,4941.99999999605,4164.4538865856,5719.5461134065,3752.84583751336,6131.15416247875
"2018-04-30 16:00:00",6901,5787.99999999682,5010.45388658637,6565.54611340727,4598.84583751413,6977.15416247951
"2018-04-30 17:00:00",6184,5566.99999999744,4789.45388658699,6344.54611340789,4377.84583751474,6756.15416248013
"2018-04-30 18:00:00",4568,4060.99999999794,3283.45388658749,4838.54611340839,2871.84583751524,5250.15416248063
"2018-04-30 19:00:00",3259,2978.99999999834,2201.45388658789,3756.54611340879,1789.84583751564,4168.15416248103
"2018-04-30 20:00:00",2673,2555.99999999866,1778.45388658821,3333.54611340911,1366.84583751597,3745.15416248136
"2018-04-30 21:00:00",2329,2099.99999999892,1322.45388658847,2877.54611340937,910.845837516227,3289.15416248162
"2018-04-30 22:00:00",1594,1488.99999999913,711.453886588683,2266.54611340958,299.845837516437,2678.15416248183
"2018-04-30 23:00:00",1061,977.999999999301,200.453886588852,1755.54611340975,-211.154162483394,2167.154162482
"2018-05-01 00:00:00",576,523.999999999437,-253.546113411012,1301.54611340989,-665.154162483258,1713.15416248213
"2018-05-01 01:00:00",395,335.999999999546,-441.546113410903,1113.54611341,-853.154162483148,1525.15416248224
"2018-05-01 02:00:00",275,270.999999999635,-506.546113410814,1048.54611341008,-918.15416248306,1460.15416248233
"2018-05-01 03:00:00",370,346.999999999706,-430.546113410743,1124.54611341015,-842.154162482989,1536.1541624824
"2018-05-01 04:00:00",916,897.999999999763,120.453886589314,1675.54611341021,-291.154162482932,2087.15416248246
"2018-05-01 05:00:00",2893,2847.99999999981,2070.45388658936,3625.54611341026,1658.84583751711,4037.1541624825
"2018-05-01 06:00:00",5653,5515.99999999985,4738.4538865894,6293.5461134103,4326.84583751715,6705.15416248254
"2018-05-01 07:00:00",6046,6207.99999999988,5430.45388658943,6985.54611341033,5018.84583751718,7397.15416248257
"2018-05-01 08:00:00",6140,5891.9999999999,5114.45388658945,6669.54611341035,4702.8458375172,7081.15416248259
"2018-05-01 09:00:00",5420,5676.99999999992,4899.45388658947,6454.54611341037,4487.84583751722,6866.15416248261
"2018-05-01 10:00:00",4468,4455.99999999994,3678.45388658949,5233.54611341038,3266.84583751724,5645.15416248263
"2018-05-01 11:00:00",4473,4714.99999999995,3937.4538865895,5492.5461134104,3525.84583751725,5904.15416248264
"2018-05-01 12:00:00",5111,4961.99999999996,4184.45388658951,5739.54611341041,3772.84583751726,6151.15416248265
"2018-05-01 13:00:00",4988,4912.99999999997,4135.45388658952,5690.54611341042,3723.84583751727,6102.15416248266
"2018-05-01 14:00:00",4926,5219.99999999997,4442.45388658952,5997.54611341042,4030.84583751728,6409.15416248267
"2018-05-01 15:00:00",5802,5843.99999999998,5066.45388658953,6621.54611341043,4654.84583751728,7033.15416248267
"2018-05-01 16:00:00",6900,6656.99999999998,5879.45388658953,7434.54611341043,5467.84583751729,7846.15416248268
"2018-05-01 17:00:00",6410,6276.99999999999,5499.45388658954,7054.54611341043,5087.84583751729,7466.15416248268
"2018-05-01 18:00:00",4866,4826.99999999999,4049.45388658954,5604.54611341044,3637.84583751729,6016.15416248268
"2018-05-01 19:00:00",3411,3480.99999999999,2703.45388658954,4258.54611341044,2291.8458375173,4670.15416248269
"2018-05-01 20:00:00",2907,2876.99999999999,2099.45388658954,3654.54611341044,1687.8458375173,4066.15416248269
"2018-05-01 21:00:00",2287,3417.99999999999,2640.45388658955,4195.54611341044,2228.8458375173,4607.15416248269
"2018-05-01 22:00:00",1438,3293.99999999999,2516.45388658955,4071.54611341044,2104.8458375173,4483.15416248269
"2018-05-01 23:00:00",1093,1297,519.453886589547,2074.54611341045,107.845837517302,2486.15416248269
"2018-05-02 00:00:00",517,825.999999999997,48.4538865895479,1603.54611341045,-363.154162482698,2015.15416248269
"2018-05-02 01:00:00",324,593.999999999997,-183.546113410451,1371.54611341045,-595.154162482697,1783.15416248269
"2018-05-02 02:00:00",253,430.999999999998,-346.546113410451,1208.54611341045,-758.154162482697,1620.15416248269
"2018-05-02 03:00:00",351,520.999999999998,-256.546113410451,1298.54611341045,-668.154162482696,1710.15416248269
"2018-05-02 04:00:00",915,974.999999999999,197.45388658955,1752.54611341045,-214.154162482696,2164.15416248269
"2018-05-02 05:00:00",2959,2986,2208.45388658955,3763.54611341045,1796.8458375173,4175.15416248269
"2018-05-02 06:00:00",5910,5943,5165.45388658955,6720.54611341045,4753.8458375173,7132.15416248269
"2018-05-02 07:00:00",6606,6871,6093.45388658955,7648.54611341045,5681.8458375173,8060.15416248269
"2018-05-02 08:00:00",5676,6614,5836.45388658955,7391.54611341045,5424.8458375173,7803.15416248269
"2018-05-02 09:00:00",5638,5378,4600.45388658955,6155.54611341045,4188.8458375173,6567.1541624827
"2018-05-02 10:00:00",4815,4751,3973.45388658955,5528.54611341045,3561.84583751731,5940.1541624827
"2018-05-02 11:00:00",4999,4824,4046.45388658955,5601.54611341045,3634.84583751731,6013.1541624827
"2018-05-02 12:00:00",5088,5013,4235.45388658955,5790.54611341045,3823.84583751731,6202.1541624827
"2018-05-02 13:00:00",5034,5017,4239.45388658955,5794.54611341045,3827.84583751731,6206.1541624827
"2018-05-02 14:00:00",5179,5437,4659.45388658955,6214.54611341045,4247.8458375173,6626.1541624827
"2018-05-02 15:00:00",5913,5835,5057.45388658955,6612.54611341045,4645.8458375173,7024.1541624827
"2018-05-02 16:00:00",6935,7022,6244.45388658955,7799.54611341045,5832.8458375173,8211.1541624827
"2018-05-02 17:00:00",6291,6459,5681.45388658955,7236.54611341045,5269.8458375173,7648.1541624827
"2018-05-02 18:00:00",4763,4663,3885.45388658955,5440.54611341045,3473.84583751731,5852.1541624827
"2018-05-02 19:00:00",3518,3393,2615.45388658955,4170.54611341045,2203.84583751731,4582.1541624827
"2018-05-02 20:00:00",3114,3034,2256.45388658955,3811.54611341045,1844.84583751731,4223.1541624827
"2018-05-02 21:00:00",2634,2604,1826.45388658955,3381.54611341045,1414.84583751731,3793.15416248269
"2018-05-02 22:00:00",1721,1726,948.453886589551,2503.54611341045,536.845837517305,2915.15416248269
"2018-05-02 23:00:00",1074,1085,307.453886589551,1862.54611341045,-104.154162482695,2274.15416248269
"2018-05-03 00:00:00",591,561,-216.546113410449,1338.54611341045,-628.154162482695,1750.15416248269
"2018-05-03 01:00:00",373,351,-426.546113410449,1128.54611341045,-838.154162482695,1540.15416248269
"2018-05-03 02:00:00",259,275,-502.546113410449,1052.54611341045,-914.154162482695,1464.15416248269
"2018-05-03 03:00:00",345,361,-416.546113410449,1138.54611341045,-828.154162482695,1550.15416248269
"2018-05-03 04:00:00",937,909,131.453886589551,1686.54611341045,-280.154162482695,2098.15416248269
"2018-05-03 05:00:00",3025,2885,2107.45388658955,3662.54611341045,1695.84583751731,4074.15416248269
"2018-05-03 06:00:00",5893,5715,4937.45388658955,6492.54611341045,4525.8458375173,6904.1541624827
"2018-05-03 07:00:00",6457,6461,5683.45388658955,7238.54611341045,5271.8458375173,7650.1541624827
"2018-05-03 08:00:00",6084,6046,5268.45388658955,6823.54611341045,4856.8458375173,7235.1541624827
"2018-05-03 09:00:00",5289,5842,5064.45388658955,6619.54611341045,4652.8458375173,7031.1541624827
"2018-05-03 10:00:00",4763,4882,4104.45388658955,5659.54611341045,3692.84583751731,6071.1541624827
"2018-05-03 11:00:00",4987,5035,4257.45388658955,5812.54611341045,3845.84583751731,6224.1541624827
"2018-05-03 12:00:00",5210,5027,4249.45388658955,5804.54611341045,3837.84583751731,6216.1541624827
"2018-05-03 13:00:00",5332,5326.18604282048,4548.63992941003,6103.73215623093,4137.03188033778,6515.34020530317
"2018-05-03 14:00:00",5462,5568.83901632232,4791.29290291187,6346.38512973276,4379.68485383962,6757.99317880501
"2018-05-03 15:00:00",6103,6247.84327705668,5470.29716364623,7025.38939046713,5058.68911457398,7436.99743953937
"2018-05-03 16:00:00",6977,7209.65212162901,6432.10600821856,7987.19823503946,6020.49795914632,8398.80628411171
"2018-05-03 17:00:00",6630,6808.30357549932,6030.75746208887,7585.84968890977,5619.14941301662,7997.45773798201
"2018-05-03 18:00:00",5019,5061.82826486443,4284.28215145398,5839.37437827488,3872.67410238174,6250.98242734713
"2018-05-03 19:00:00",3664,3695.25085645904,2917.70474304859,4472.79696986949,2506.09669397634,4884.40501894173
"2018-05-03 20:00:00",3325,3080.59121718999,2303.04510377954,3858.13733060044,1891.43705470729,4269.74537967268
"2018-05-03 21:00:00",2716,2760.86534812077,1983.31923471033,3538.41146153122,1571.71118563808,3950.01951060347
"2018-05-03 22:00:00",1918,2052.0861367147,1274.54002330425,2829.63225012515,862.931974232007,3241.2402991974
"2018-05-03 23:00:00",1308,1167.26396270124,389.717849290793,1944.81007611169,-21.890199781453,2356.41812518394
"2018-05-04 00:00:00",655,632.407186048637,-145.138927361812,1409.95329945909,-556.746976434058,1821.56134853133
"2018-05-04 01:00:00",393,386.522539983335,-391.023573427114,1164.06865339378,-802.631622499359,1575.67670246603
"2018-05-04 02:00:00",338,305.615447532925,-471.930665877524,1083.16156094337,-883.53871494977,1494.76961001562
"2018-05-04 03:00:00",409,355.690276473899,-421.85583693655,1133.23638988435,-833.463886008796,1544.84443895659
"2018-05-04 04:00:00",882,845.750544669886,68.2044312594369,1623.29665808033,-343.403617812809,2034.90470715258
"2018-05-04 05:00:00",2841,2720.79908545371,1943.25297204326,3498.34519886416,1531.64492297101,3909.9532479364
"2018-05-04 06:00:00",5503,5425.83818082823,4648.29206741779,6203.38429423868,4236.68401834554,6614.99234331093
"2018-05-04 07:00:00",6587,6584.86966874806,5807.32355533761,7362.41578215851,5395.71550626537,7774.02383123076
"2018-05-04 08:00:00",5771,5893.89502952557,5116.34891611512,6671.44114293602,4704.74086704288,7083.04919200827
"2018-05-04 09:00:00",5156,5226.91545542349,4449.36934201304,6004.46156883393,4037.76129294079,6416.06961790618
"2018-05-04 10:00:00",4982,4852.9319067056,4075.38579329516,5630.47802011605,3663.77774422291,6042.0860691883
"2018-05-04 11:00:00",5275,5232.9451567808,4455.39904337036,6010.49127019125,4043.79099429811,6422.0993192635
"2018-05-04 12:00:00",5528,5301.95582856259,4524.40971515214,6079.50194197304,4112.80166607989,6491.10999104528
"2018-05-04 13:00:00",5557,5173.96442375353,4396.41831034308,5951.51053716398,3984.81026127084,6363.11858623623
"2018-05-04 14:00:00",5869,5329.97134643138,4552.42523302094,6107.51745984183,4140.81718394869,6519.12550891408
"2018-05-04 15:00:00",6262,5952.97692204558,5175.43080863513,6730.52303545603,4763.82275956289,7142.13108452828
"2018-05-04 16:00:00",6662,6685.9814127173,5908.43529930685,7463.52752612775,5496.82725023461,7875.1355752
"2018-05-04 17:00:00",6014,5686.98502956233,4909.43891615188,6464.53114297278,4497.83086707964,6876.13919204503
"2018-05-04 18:00:00",5024,4166.98794261606,3389.44182920561,4944.53405602651,2977.83378013336,5356.14210509875
"2018-05-04 19:00:00",4000,2881.99028882717,2104.44417541672,3659.53640223762,1692.83612634447,4071.14445130986
"2018-05-04 20:00:00",3541,2319.99217849592,1542.44606508547,3097.53829190636,1130.83801601322,3509.14634097861
"2018-05-04 21:00:00",3323,2157.99370045954,1380.44758704909,2935.53981386999,968.839537976848,3347.14786294224
"2018-05-04 22:00:00",2718,1772.99492626871,995.448812858265,2550.54103967916,583.84076378602,2962.14908875141
"2018-05-04 23:00:00",2103,1142.99591355126,365.449800140812,1920.54202696171,-46.1582489314339,2332.15007603395
"2018-05-05 00:00:00",1446,624.996708721381,-152.549404689068,1402.54282213183,-564.157453761314,1814.15087120408
"2018-05-05 01:00:00",691,440.997349161671,-336.548764248778,1218.54346257212,-748.156813321024,1630.15151164437
"2018-05-05 02:00:00",518,396.997864980556,-380.548248429893,1174.54397839101,-792.156297502139,1586.15202746325
"2018-05-05 03:00:00",345,308.998280427752,-468.547832982697,1086.5443938382,-880.155882054943,1498.15244291045
"2018-05-05 04:00:00",399,299.998615034291,-477.547498376158,1077.54472844474,-889.155547448403,1489.15277751699
"2018-05-05 05:00:00",687,539.998884530722,-237.547228879727,1317.54499794117,-649.155277951973,1729.15304701342
"2018-05-05 06:00:00",1382,985.999101586629,208.45298817618,1763.54521499708,-203.155060896065,2175.15326406932
"2018-05-05 07:00:00",2248,1310.99927640626,533.453162995813,2088.54538981671,121.845113923568,2500.15343888896
"2018-05-05 08:00:00",3095,1488.99941720825,711.453303797804,2266.5455306187,299.845254725559,2678.15357969095
"2018-05-05 09:00:00",3848,1754.999530612,977.453417201548,2532.54564402245,565.845368129302,2944.15369309469
"2018-05-05 10:00:00",3915,1977.99962194884,1200.45350853839,2755.54573535929,788.845459466142,3167.15378443153
"2018-05-05 11:00:00",4280,2152.99969551271,1375.45358210226,2930.54580892316,963.845533030013,3342.1538579954
"2018-05-05 12:00:00",4775,2146.999754762,1369.45364135155,2924.54586817245,957.845592279306,3336.1539172447
"2018-05-05 13:00:00",4730,1986.99980248215,1209.4536890717,2764.5459158926,797.845639999452,3176.15396496484
"2018-05-05 14:00:00",4394,1821.99984091657,1044.45372750612,2599.54595432702,632.845678433874,3011.15400339926
"2018-05-05 15:00:00",4699,1880.99987187215,1103.4537584617,2658.5459852826,691.845709389454,3070.15403435484
"2018-05-05 16:00:00",4580,1460.99989680417,683.453783393724,2238.54601021462,271.845734321478,2650.15405928687
"2018-05-05 17:00:00",4539,1477.99991688475,700.453803474298,2255.5460302952,288.845754402053,2667.15407936744
"2018-05-05 18:00:00",4156,1067.9999330579,290.453819647453,1845.54604646835,-121.154229424793,2257.1540955406
"2018-05-05 19:00:00",3146,880.999946083969,103.45383267352,1658.54605949442,-308.154216398726,2070.15410856666
"2018-05-05 20:00:00",2767,617.999956575332,-159.546156835117,1395.54606998578,-571.154205907363,1807.15411905803
"2018-05-05 21:00:00",2922,706.999965025211,-70.5461483852379,1484.54607843566,-482.154197457484,1896.15412750791
"2018-05-05 22:00:00",3145,593.999971830853,-183.546141579596,1371.5460852413,-595.154190651842,1783.15413431355
"2018-05-05 23:00:00",2432,525.999977312205,-251.546136098244,1303.54609072265,-663.15418517049,1715.1541397949
"2018-05-06 00:00:00",1674,352.999981726957,-424.546131683492,1130.54609513741,-836.154180755738,1542.15414420965
"2018-05-06 01:00:00",784,258.999985282655,-518.546128127794,1036.5460986931,-930.15417720004,1448.15414776535
"2018-05-06 02:00:00",509,197.99998814646,-579.546125263989,975.546101556909,-991.154174336235,1387.15415062915
"2018-05-06 03:00:00",346,150.999990453006,-626.546122957443,928.546103863455,-1038.15417202969,1340.1541529357
"2018-05-06 04:00:00",269,174.999992310727,-602.546121099721,952.546105721176,-1014.15417017197,1364.15415479342
"2018-05-06 05:00:00",459,300.999993806961,-476.546119603488,1078.54610721741,-888.154168675734,1490.15415628966
"2018-05-06 06:00:00",998,489.999995012046,-287.546118398403,1267.54610842249,-699.154167470649,1679.15415749474
"2018-05-06 07:00:00",1332,633.999995982637,-143.546117427812,1411.54610939309,-555.154166500057,1823.15415846533
"2018-05-06 08:00:00",2390,673.999996764364,-103.546116646085,1451.54611017481,-515.15416571833,1863.15415924706
"2018-05-06 09:00:00",3000,983.999997393977,206.453883983528,1761.54611080443,-205.154165088717,2173.15415987667
"2018-05-06 10:00:00",3568,1493.99999790108,716.453884490627,2271.54611131152,304.845835418381,2683.15416038377
"2018-05-06 11:00:00",3914,1793.9999983095,1016.45388489905,2571.54611171995,604.845835826804,2983.15416079219
"2018-05-06 12:00:00",4053,2036.99999863845,1259.453885228,2814.5461120489,847.845836155754,3226.15416112114
"2018-05-06 13:00:00",4237,2204.99999890339,1427.45388549294,2982.54611231384,1015.84583642069,3394.15416138608
"2018-05-06 14:00:00",4295,2405.99999911678,1628.45388570633,3183.54611252722,1216.84583663408,3595.15416159947
"2018-05-06 15:00:00",4332,2170.99999928864,1393.45388587819,2948.54611269909,981.845836805945,3360.15416177133
"2018-05-06 16:00:00",4181,2108.99999942706,1331.45388601661,2886.54611283751,919.845836944367,3298.15416190976
"2018-05-06 17:00:00",3739,1848.99999953855,1071.4538861281,2626.546112949,659.845837055853,3038.15416202124
"2018-05-06 18:00:00",3778,1658.99999962834,881.453886217891,2436.54611303879,469.845837145646,2848.15416211103
"2018-05-06 19:00:00",3041,1416.99999970066,639.453886290212,2194.54611311111,227.845837217966,2606.15416218335
"2018-05-06 20:00:00",2658,1641.99999975891,864.453886348459,2419.54611316936,452.845837276213,2831.1541622416
"2018-05-06 21:00:00",2350,2808.99999980582,2031.45388639537,3586.54611321627,1619.84583732313,3998.15416228852
"2018-05-06 22:00:00",1717,1202.99999984361,425.453886433157,1980.54611325405,13.8458373609114,2392.1541623263
"2018-05-06 23:00:00",1248,705.999999874038,-71.5461135364106,1483.54611328449,-483.154162608656,1895.15416235673
"2018-05-07 00:00:00",597,406.999999898549,-370.5461135119,1184.546113309,-782.154162584146,1596.15416238124
"2018-05-07 01:00:00",353,271.99999991829,-505.546113492159,1049.54611332874,-917.154162564405,1461.15416240098
"2018-05-07 02:00:00",244,246.99999993419,-530.546113476259,1024.54611334464,-942.154162548505,1436.15416241688
"2018-05-07 03:00:00",326,356.999999946996,-420.546113463453,1134.54611335744,-832.154162535699,1546.15416242969
"2018-05-07 04:00:00",875,778.999999957309,1.45388654686053,1556.54611336776,-410.154162525385,1968.15416244
"2018-05-07 05:00:00",2729,2237.99999996562,1460.45388655517,3015.54611337607,1048.84583748292,3427.15416244831
"2018-05-07 06:00:00",5780,4363.99999997231,3586.45388656186,5141.54611338276,3174.84583748961,5553.154162455
"2018-05-07 07:00:00",6339,4962.9999999777,4185.45388656725,5740.54611338814,3773.845837495,6152.15416246039
"2018-05-07 08:00:00",5793,4462.99999998204,3685.45388657159,5240.54611339248,3273.84583749934,5652.15416246473
"2018-05-07 09:00:00",4932,4044.99999998553,3267.45388657508,4822.54611339598,2855.84583750284,5234.15416246823
"2018-05-07 10:00:00",4369,3625.99999998835,2848.4538865779,4403.5461133988,2436.84583750565,4815.15416247104
"2018-05-07 11:00:00",4608,3859.99999999061,3082.45388658017,4637.54611340106,2670.84583750792,5049.15416247331
"2018-05-07 12:00:00",4792,4148.99999999244,3371.45388658199,4926.54611340289,2959.84583750975,5338.15416247514
"2018-05-07 13:00:00",4815,4109.99999999391,3332.45388658346,4887.54611340436,2920.84583751122,5299.15416247661
"2018-05-07 14:00:00",4969,4386.9999999951,3609.45388658465,5164.54611340554,3197.8458375124,5576.15416247779
"2018-05-07 15:00:00",5799,4941.99999999605,4164.4538865856,5719.5461134065,3752.84583751336,6131.15416247875
"2018-05-07 16:00:00",6663,5787.99999999682,5010.45388658637,6565.54611340727,4598.84583751413,6977.15416247951
"2018-05-07 17:00:00",6197,5566.99999999744,4789.45388658699,6344.54611340789,4377.84583751474,6756.15416248013
"2018-05-07 18:00:00",4502,4060.99999999794,3283.45388658749,4838.54611340839,2871.84583751524,5250.15416248063
"2018-05-07 19:00:00",3292,2978.99999999834,2201.45388658789,3756.54611340879,1789.84583751564,4168.15416248103
"2018-05-07 20:00:00",2791,2555.99999999866,1778.45388658821,3333.54611340911,1366.84583751597,3745.15416248136
"2018-05-07 21:00:00",2494,2099.99999999892,1322.45388658847,2877.54611340937,910.845837516227,3289.15416248162
"2018-05-07 22:00:00",1591,1488.99999999913,711.453886588683,2266.54611340958,299.845837516437,2678.15416248183
"2018-05-07 23:00:00",1010,977.999999999301,200.453886588852,1755.54611340975,-211.154162483394,2167.154162482
"2018-05-08 00:00:00",585,523.999999999437,-253.546113411012,1301.54611340989,-665.154162483258,1713.15416248213
"2018-05-08 01:00:00",356,335.999999999546,-441.546113410903,1113.54611341,-853.154162483148,1525.15416248224
"2018-05-08 02:00:00",264,270.999999999635,-506.546113410814,1048.54611341008,-918.15416248306,1460.15416248233
"2018-05-08 03:00:00",331,346.999999999706,-430.546113410743,1124.54611341015,-842.154162482989,1536.1541624824
"2018-05-08 04:00:00",868,897.999999999763,120.453886589314,1675.54611341021,-291.154162482932,2087.15416248246
"2018-05-08 05:00:00",2849,2847.99999999981,2070.45388658936,3625.54611341026,1658.84583751711,4037.1541624825
"2018-05-08 06:00:00",5958,5515.99999999985,4738.4538865894,6293.5461134103,4326.84583751715,6705.15416248254
"2018-05-08 07:00:00",6651,6207.99999999988,5430.45388658943,6985.54611341033,5018.84583751718,7397.15416248257
"2018-05-08 08:00:00",6203,5891.9999999999,5114.45388658945,6669.54611341035,4702.8458375172,7081.15416248259
"2018-05-08 09:00:00",5428,5676.99999999992,4899.45388658947,6454.54611341037,4487.84583751722,6866.15416248261
"2018-05-08 10:00:00",4500,4455.99999999994,3678.45388658949,5233.54611341038,3266.84583751724,5645.15416248263
"2018-05-08 11:00:00",4614,4714.99999999995,3937.4538865895,5492.5461134104,3525.84583751725,5904.15416248264
"2018-05-08 12:00:00",4601,4961.99999999996,4184.45388658951,5739.54611341041,3772.84583751726,6151.15416248265
"2018-05-08 13:00:00",4583,4912.99999999997,4135.45388658952,5690.54611341042,3723.84583751727,6102.15416248266
"2018-05-08 14:00:00",5196,5219.99999999997,4442.45388658952,5997.54611341042,4030.84583751728,6409.15416248267
"2018-05-08 15:00:00",5855,5843.99999999998,5066.45388658953,6621.54611341043,4654.84583751728,7033.15416248267
"2018-05-08 16:00:00",6578,6656.99999999998,5879.45388658953,7434.54611341043,5467.84583751729,7846.15416248268
"2018-05-08 17:00:00",6279,6276.99999999999,5499.45388658954,7054.54611341043,5087.84583751729,7466.15416248268
"2018-05-08 18:00:00",4545,4826.99999999999,4049.45388658954,5604.54611341044,3637.84583751729,6016.15416248268
"2018-05-08 19:00:00",3274,3480.99999999999,2703.45388658954,4258.54611341044,2291.8458375173,4670.15416248269
"2018-05-08 20:00:00",3044,2876.99999999999,2099.45388658954,3654.54611341044,1687.8458375173,4066.15416248269
"2018-05-08 21:00:00",2334,3417.99999999999,2640.45388658955,4195.54611341044,2228.8458375173,4607.15416248269
"2018-05-08 22:00:00",1513,3293.99999999999,2516.45388658955,4071.54611341044,2104.8458375173,4483.15416248269
"2018-05-08 23:00:00",1027,1297,519.453886589547,2074.54611341045,107.845837517302,2486.15416248269
"2018-05-09 00:00:00",516,825.999999999997,48.4538865895479,1603.54611341045,-363.154162482698,2015.15416248269
"2018-05-09 01:00:00",319,593.999999999997,-183.546113410451,1371.54611341045,-595.154162482697,1783.15416248269
"2018-05-09 02:00:00",261,430.999999999998,-346.546113410451,1208.54611341045,-758.154162482697,1620.15416248269
"2018-05-09 03:00:00",340,520.999999999998,-256.546113410451,1298.54611341045,-668.154162482696,1710.15416248269
"2018-05-09 04:00:00",885,974.999999999999,197.45388658955,1752.54611341045,-214.154162482696,2164.15416248269
"2018-05-09 05:00:00",2881,2986,2208.45388658955,3763.54611341045,1796.8458375173,4175.15416248269
"2018-05-09 06:00:00",6008,5943,5165.45388658955,6720.54611341045,4753.8458375173,7132.15416248269
"2018-05-09 07:00:00",6523,6871,6093.45388658955,7648.54611341045,5681.8458375173,8060.15416248269
"2018-05-09 08:00:00",6254,6614,5836.45388658955,7391.54611341045,5424.8458375173,7803.15416248269
"2018-05-09 09:00:00",5210,5378,4600.45388658955,6155.54611341045,4188.8458375173,6567.1541624827
"2018-05-09 10:00:00",4720,4751,3973.45388658955,5528.54611341045,3561.84583751731,5940.1541624827
"2018-05-09 11:00:00",4693,4824,4046.45388658955,5601.54611341045,3634.84583751731,6013.1541624827
"2018-05-09 12:00:00",4840,5013,4235.45388658955,5790.54611341045,3823.84583751731,6202.1541624827
"2018-05-09 13:00:00",4933,5017,4239.45388658955,5794.54611341045,3827.84583751731,6206.1541624827
"2018-05-09 14:00:00",5109,5437,4659.45388658955,6214.54611341045,4247.8458375173,6626.1541624827
"2018-05-09 15:00:00",6159,5835,5057.45388658955,6612.54611341045,4645.8458375173,7024.1541624827
"2018-05-09 16:00:00",6844,7022,6244.45388658955,7799.54611341045,5832.8458375173,8211.1541624827
"2018-05-09 17:00:00",6436,6459,5681.45388658955,7236.54611341045,5269.8458375173,7648.1541624827
"2018-05-09 18:00:00",4768,4663,3885.45388658955,5440.54611341045,3473.84583751731,5852.1541624827
"2018-05-09 19:00:00",3511,3393,2615.45388658955,4170.54611341045,2203.84583751731,4582.1541624827
"2018-05-09 20:00:00",3287,3034,2256.45388658955,3811.54611341045,1844.84583751731,4223.1541624827
"2018-05-09 21:00:00",2734,2604,1826.45388658955,3381.54611341045,1414.84583751731,3793.15416248269
"2018-05-09 22:00:00",1736,1726,948.453886589551,2503.54611341045,536.845837517305,2915.15416248269
"2018-05-09 23:00:00",1466,1085,307.453886589551,1862.54611341045,-104.154162482695,2274.15416248269
"2018-05-10 00:00:00",633,561,-216.546113410449,1338.54611341045,-628.154162482695,1750.15416248269
"2018-05-10 01:00:00",364,351,-426.546113410449,1128.54611341045,-838.154162482695,1540.15416248269
"2018-05-10 02:00:00",270,275,-502.546113410449,1052.54611341045,-914.154162482695,1464.15416248269
"2018-05-10 03:00:00",374,361,-416.546113410449,1138.54611341045,-828.154162482695,1550.15416248269
"2018-05-10 04:00:00",928,909,131.453886589551,1686.54611341045,-280.154162482695,2098.15416248269
"2018-05-10 05:00:00",2881,2885,2107.45388658955,3662.54611341045,1695.84583751731,4074.15416248269
"2018-05-10 06:00:00",5840,5715,4937.45388658955,6492.54611341045,4525.8458375173,6904.1541624827
"2018-05-10 07:00:00",6197,6461,5683.45388658955,7238.54611341045,5271.8458375173,7650.1541624827
"2018-05-10 08:00:00",5690,6046,5268.45388658955,6823.54611341045,4856.8458375173,7235.1541624827
"2018-05-10 09:00:00",5568,5842,5064.45388658955,6619.54611341045,4652.8458375173,7031.1541624827
"2018-05-10 10:00:00",4691,4882,4104.45388658955,5659.54611341045,3692.84583751731,6071.1541624827
"2018-05-10 11:00:00",5120,5035,4257.45388658955,5812.54611341045,3845.84583751731,6224.1541624827
"2018-05-10 12:00:00",5268,5027,4249.45388658955,5804.54611341045,3837.84583751731,6216.1541624827
"2018-05-10 13:00:00",5140,5326.18604282048,4548.63992941003,6103.73215623093,4137.03188033778,6515.34020530317
"2018-05-10 14:00:00",5599,5568.83901632232,4791.29290291187,6346.38512973276,4379.68485383962,6757.99317880501
"2018-05-10 15:00:00",6364,6247.84327705668,5470.29716364623,7025.38939046713,5058.68911457398,7436.99743953937
"2018-05-10 16:00:00",7074,7209.65212162901,6432.10600821856,7987.19823503946,6020.49795914632,8398.80628411171
"2018-05-10 17:00:00",6722,6808.30357549932,6030.75746208887,7585.84968890977,5619.14941301662,7997.45773798201
"2018-05-10 18:00:00",5110,5061.82826486443,4284.28215145398,5839.37437827488,3872.67410238174,6250.98242734713
"2018-05-10 19:00:00",3824,3695.25085645904,2917.70474304859,4472.79696986949,2506.09669397634,4884.40501894173
"2018-05-10 20:00:00",3310,3080.59121718999,2303.04510377954,3858.13733060044,1891.43705470729,4269.74537967268
"2018-05-10 21:00:00",2906,2760.86534812077,1983.31923471033,3538.41146153122,1571.71118563808,3950.01951060347
"2018-05-10 22:00:00",2014,2052.0861367147,1274.54002330425,2829.63225012515,862.931974232007,3241.2402991974
"2018-05-10 23:00:00",1287,1167.26396270124,389.717849290793,1944.81007611169,-21.890199781453,2356.41812518394
"2018-05-11 00:00:00",660,632.407186048637,-145.138927361812,1409.95329945909,-556.746976434058,1821.56134853133
"2018-05-11 01:00:00",379,386.522539983335,-391.023573427114,1164.06865339378,-802.631622499359,1575.67670246603
"2018-05-11 02:00:00",302,305.615447532925,-471.930665877524,1083.16156094337,-883.53871494977,1494.76961001562
"2018-05-11 03:00:00",342,355.690276473899,-421.85583693655,1133.23638988435,-833.463886008796,1544.84443895659
"2018-05-11 04:00:00",814,845.750544669886,68.2044312594369,1623.29665808033,-343.403617812809,2034.90470715258
"2018-05-11 05:00:00",2640,2720.79908545371,1943.25297204326,3498.34519886416,1531.64492297101,3909.9532479364
"2018-05-11 06:00:00",5561,5425.83818082823,4648.29206741779,6203.38429423868,4236.68401834554,6614.99234331093
"2018-05-11 07:00:00",6472,6584.86966874806,5807.32355533761,7362.41578215851,5395.71550626537,7774.02383123076
"2018-05-11 08:00:00",5594,5893.89502952557,5116.34891611512,6671.44114293602,4704.74086704288,7083.04919200827
"2018-05-11 09:00:00",5189,5226.91545542349,4449.36934201304,6004.46156883393,4037.76129294079,6416.06961790618
"2018-05-11 10:00:00",4978,4852.9319067056,4075.38579329516,5630.47802011605,3663.77774422291,6042.0860691883
"2018-05-11 11:00:00",5292,5232.9451567808,4455.39904337036,6010.49127019125,4043.79099429811,6422.0993192635
"2018-05-11 12:00:00",5530,5301.95582856259,4524.40971515214,6079.50194197304,4112.80166607989,6491.10999104528
"2018-05-11 13:00:00",5323,5173.96442375353,4396.41831034308,5951.51053716398,3984.81026127084,6363.11858623623
"2018-05-11 14:00:00",5648,5329.97134643138,4552.42523302094,6107.51745984183,4140.81718394869,6519.12550891408
"2018-05-11 15:00:00",6354,5952.97692204558,5175.43080863513,6730.52303545603,4763.82275956289,7142.13108452828
"2018-05-11 16:00:00",6858,6685.9814127173,5908.43529930685,7463.52752612775,5496.82725023461,7875.1355752
"2018-05-11 17:00:00",5773,5686.98502956233,4909.43891615188,6464.53114297278,4497.83086707964,6876.13919204503
"2018-05-11 18:00:00",5138,4166.98794261606,3389.44182920561,4944.53405602651,2977.83378013336,5356.14210509875
"2018-05-11 19:00:00",3863,2881.99028882717,2104.44417541672,3659.53640223762,1692.83612634447,4071.14445130986
"2018-05-11 20:00:00",3108,2319.99217849592,1542.44606508547,3097.53829190636,1130.83801601322,3509.14634097861
"2018-05-11 21:00:00",3134,2157.99370045954,1380.44758704909,2935.53981386999,968.839537976848,3347.14786294224
"2018-05-11 22:00:00",2436,1772.99492626871,995.448812858265,2550.54103967916,583.84076378602,2962.14908875141
"2018-05-11 23:00:00",1740,1142.99591355126,365.449800140812,1920.54202696171,-46.1582489314339,2332.15007603395
"2018-05-12 00:00:00",1107,624.996708721381,-152.549404689068,1402.54282213183,-564.157453761314,1814.15087120408
"2018-05-12 01:00:00",642,440.997349161671,-336.548764248778,1218.54346257212,-748.156813321024,1630.15151164437
"2018-05-12 02:00:00",427,396.997864980556,-380.548248429893,1174.54397839101,-792.156297502139,1586.15202746325
"2018-05-12 03:00:00",482,308.998280427752,-468.547832982697,1086.5443938382,-880.155882054943,1498.15244291045
"2018-05-12 04:00:00",440,299.998615034291,-477.547498376158,1077.54472844474,-889.155547448403,1489.15277751699
"2018-05-12 05:00:00",809,539.998884530722,-237.547228879727,1317.54499794117,-649.155277951973,1729.15304701342
"2018-05-12 06:00:00",1428,985.999101586629,208.45298817618,1763.54521499708,-203.155060896065,2175.15326406932
"2018-05-12 07:00:00",2113,1310.99927640626,533.453162995813,2088.54538981671,121.845113923568,2500.15343888896
"2018-05-12 08:00:00",3110,1488.99941720825,711.453303797804,2266.5455306187,299.845254725559,2678.15357969095
"2018-05-12 09:00:00",3792,1754.999530612,977.453417201548,2532.54564402245,565.845368129302,2944.15369309469
"2018-05-12 10:00:00",4455,1977.99962194884,1200.45350853839,2755.54573535929,788.845459466142,3167.15378443153
"2018-05-12 11:00:00",4818,2152.99969551271,1375.45358210226,2930.54580892316,963.845533030013,3342.1538579954
"2018-05-12 12:00:00",5167,2146.999754762,1369.45364135155,2924.54586817245,957.845592279306,3336.1539172447
"2018-05-12 13:00:00",4769,1986.99980248215,1209.4536890717,2764.5459158926,797.845639999452,3176.15396496484
"2018-05-12 14:00:00",4631,1821.99984091657,1044.45372750612,2599.54595432702,632.845678433874,3011.15400339926
"2018-05-12 15:00:00",4283,1880.99987187215,1103.4537584617,2658.5459852826,691.845709389454,3070.15403435484
"2018-05-12 16:00:00",4148,1460.99989680417,683.453783393724,2238.54601021462,271.845734321478,2650.15405928687
"2018-05-12 17:00:00",3972,1477.99991688475,700.453803474298,2255.5460302952,288.845754402053,2667.15407936744
"2018-05-12 18:00:00",3736,1067.9999330579,290.453819647453,1845.54604646835,-121.154229424793,2257.1540955406
"2018-05-12 19:00:00",3060,880.999946083969,103.45383267352,1658.54605949442,-308.154216398726,2070.15410856666
"2018-05-12 20:00:00",2718,617.999956575332,-159.546156835117,1395.54606998578,-571.154205907363,1807.15411905803
"2018-05-12 21:00:00",2727,706.999965025211,-70.5461483852379,1484.54607843566,-482.154197457484,1896.15412750791
"2018-05-12 22:00:00",2527,593.999971830853,-183.546141579596,1371.5460852413,-595.154190651842,1783.15413431355
"2018-05-12 23:00:00",2033,525.999977312205,-251.546136098244,1303.54609072265,-663.15418517049,1715.1541397949
"2018-05-13 00:00:00",1191,352.999981726957,-424.546131683492,1130.54609513741,-836.154180755738,1542.15414420965
"2018-05-13 01:00:00",756,258.999985282655,-518.546128127794,1036.5460986931,-930.15417720004,1448.15414776535
"2018-05-13 02:00:00",622,197.99998814646,-579.546125263989,975.546101556909,-991.154174336235,1387.15415062915
"2018-05-13 03:00:00",353,150.999990453006,-626.546122957443,928.546103863455,-1038.15417202969,1340.1541529357
"2018-05-13 04:00:00",342,174.999992310727,-602.546121099721,952.546105721176,-1014.15417017197,1364.15415479342
"2018-05-13 05:00:00",460,300.999993806961,-476.546119603488,1078.54610721741,-888.154168675734,1490.15415628966
"2018-05-13 06:00:00",868,489.999995012046,-287.546118398403,1267.54610842249,-699.154167470649,1679.15415749474
"2018-05-13 07:00:00",1304,633.999995982637,-143.546117427812,1411.54610939309,-555.154166500057,1823.15415846533
"2018-05-13 08:00:00",1965,673.999996764364,-103.546116646085,1451.54611017481,-515.15416571833,1863.15415924706
"2018-05-13 09:00:00",3117,983.999997393977,206.453883983528,1761.54611080443,-205.154165088717,2173.15415987667
"2018-05-13 10:00:00",3725,1493.99999790108,716.453884490627,2271.54611131152,304.845835418381,2683.15416038377
"2018-05-13 11:00:00",3983,1793.9999983095,1016.45388489905,2571.54611171995,604.845835826804,2983.15416079219
"2018-05-13 12:00:00",4088,2036.99999863845,1259.453885228,2814.5461120489,847.845836155754,3226.15416112114
"2018-05-13 13:00:00",4184,2204.99999890339,1427.45388549294,2982.54611231384,1015.84583642069,3394.15416138608
"2018-05-13 14:00:00",4091,2405.99999911678,1628.45388570633,3183.54611252722,1216.84583663408,3595.15416159947
"2018-05-13 15:00:00",4072,2170.99999928864,1393.45388587819,2948.54611269909,981.845836805945,3360.15416177133
"2018-05-13 16:00:00",4169,2108.99999942706,1331.45388601661,2886.54611283751,919.845836944367,3298.15416190976
"2018-05-13 17:00:00",3827,1848.99999953855,1071.4538861281,2626.546112949,659.845837055853,3038.15416202124
"2018-05-13 18:00:00",3555,1658.99999962834,881.453886217891,2436.54611303879,469.845837145646,2848.15416211103
"2018-05-13 19:00:00",3256,1416.99999970066,639.453886290212,2194.54611311111,227.845837217966,2606.15416218335
"2018-05-13 20:00:00",3049,1641.99999975891,864.453886348459,2419.54611316936,452.845837276213,2831.1541622416
"2018-05-13 21:00:00",2586,2808.99999980582,2031.45388639537,3586.54611321627,1619.84583732313,3998.15416228852
"2018-05-13 22:00:00",1759,1202.99999984361,425.453886433157,1980.54611325405,13.8458373609114,2392.1541623263
"2018-05-13 23:00:00",1077,705.999999874038,-71.5461135364106,1483.54611328449,-483.154162608656,1895.15416235673
"2018-05-14 00:00:00",598,406.999999898549,-370.5461135119,1184.546113309,-782.154162584146,1596.15416238124
"2018-05-14 01:00:00",366,271.99999991829,-505.546113492159,1049.54611332874,-917.154162564405,1461.15416240098
"2018-05-14 02:00:00",243,246.99999993419,-530.546113476259,1024.54611334464,-942.154162548505,1436.15416241688
"2018-05-14 03:00:00",308,356.999999946996,-420.546113463453,1134.54611335744,-832.154162535699,1546.15416242969
"2018-05-14 04:00:00",875,778.999999957309,1.45388654686053,1556.54611336776,-410.154162525385,1968.15416244
"2018-05-14 05:00:00",2816,2237.99999996562,1460.45388655517,3015.54611337607,1048.84583748292,3427.15416244831
"2018-05-14 06:00:00",5792,4363.99999997231,3586.45388656186,5141.54611338276,3174.84583748961,5553.154162455
"2018-05-14 07:00:00",6559,4962.9999999777,4185.45388656725,5740.54611338814,3773.845837495,6152.15416246039
"2018-05-14 08:00:00",5870,4462.99999998204,3685.45388657159,5240.54611339248,3273.84583749934,5652.15416246473
"2018-05-14 09:00:00",5052,4044.99999998553,3267.45388657508,4822.54611339598,2855.84583750284,5234.15416246823
"2018-05-14 10:00:00",4392,3625.99999998835,2848.4538865779,4403.5461133988,2436.84583750565,4815.15416247104
"2018-05-14 11:00:00",4573,3859.99999999061,3082.45388658017,4637.54611340106,2670.84583750792,5049.15416247331
"2018-05-14 12:00:00",4794,4148.99999999244,3371.45388658199,4926.54611340289,2959.84583750975,5338.15416247514
"2018-05-14 13:00:00",4831,4109.99999999391,3332.45388658346,4887.54611340436,2920.84583751122,5299.15416247661
"2018-05-14 14:00:00",5025,4386.9999999951,3609.45388658465,5164.54611340554,3197.8458375124,5576.15416247779
"2018-05-14 15:00:00",5598,4941.99999999605,4164.4538865856,5719.5461134065,3752.84583751336,6131.15416247875
"2018-05-14 16:00:00",6463,5787.99999999682,5010.45388658637,6565.54611340727,4598.84583751413,6977.15416247951
"2018-05-14 17:00:00",5971,5566.99999999744,4789.45388658699,6344.54611340789,4377.84583751474,6756.15416248013
"2018-05-14 18:00:00",4545,4060.99999999794,3283.45388658749,4838.54611340839,2871.84583751524,5250.15416248063
"2018-05-14 19:00:00",3113,2978.99999999834,2201.45388658789,3756.54611340879,1789.84583751564,4168.15416248103
"2018-05-14 20:00:00",2681,2555.99999999866,1778.45388658821,3333.54611340911,1366.84583751597,3745.15416248136
"2018-05-14 21:00:00",2293,2099.99999999892,1322.45388658847,2877.54611340937,910.845837516227,3289.15416248162
"2018-05-14 22:00:00",2107,1488.99999999913,711.453886588683,2266.54611340958,299.845837516437,2678.15416248183
"2018-05-14 23:00:00",1022,977.999999999301,200.453886588852,1755.54611340975,-211.154162483394,2167.154162482
"2018-05-15 00:00:00",555,523.999999999437,-253.546113411012,1301.54611340989,-665.154162483258,1713.15416248213
"2018-05-15 01:00:00",309,335.999999999546,-441.546113410903,1113.54611341,-853.154162483148,1525.15416248224
"2018-05-15 02:00:00",248,270.999999999635,-506.546113410814,1048.54611341008,-918.15416248306,1460.15416248233
"2018-05-15 03:00:00",349,346.999999999706,-430.546113410743,1124.54611341015,-842.154162482989,1536.1541624824
"2018-05-15 04:00:00",934,897.999999999763,120.453886589314,1675.54611341021,-291.154162482932,2087.15416248246
"2018-05-15 05:00:00",3020,2847.99999999981,2070.45388658936,3625.54611341026,1658.84583751711,4037.1541624825
"2018-05-15 06:00:00",5914,5515.99999999985,4738.4538865894,6293.5461134103,4326.84583751715,6705.15416248254
"2018-05-15 07:00:00",6264,6207.99999999988,5430.45388658943,6985.54611341033,5018.84583751718,7397.15416248257
"2018-05-15 08:00:00",5433,5891.9999999999,5114.45388658945,6669.54611341035,4702.8458375172,7081.15416248259
"2018-05-15 09:00:00",5399,5676.99999999992,4899.45388658947,6454.54611341037,4487.84583751722,6866.15416248261
"2018-05-15 10:00:00",4528,4455.99999999994,3678.45388658949,5233.54611341038,3266.84583751724,5645.15416248263
"2018-05-15 11:00:00",4808,4714.99999999995,3937.4538865895,5492.5461134104,3525.84583751725,5904.15416248264
"2018-05-15 12:00:00",4967,4961.99999999996,4184.45388658951,5739.54611341041,3772.84583751726,6151.15416248265
"2018-05-15 13:00:00",5017,4912.99999999997,4135.45388658952,5690.54611341042,3723.84583751727,6102.15416248266
"2018-05-15 14:00:00",5380,5219.99999999997,4442.45388658952,5997.54611341042,4030.84583751728,6409.15416248267
"2018-05-15 15:00:00",6033,5843.99999999998,5066.45388658953,6621.54611341043,4654.84583751728,7033.15416248267
"2018-05-15 16:00:00",6888,6656.99999999998,5879.45388658953,7434.54611341043,5467.84583751729,7846.15416248268
"2018-05-15 17:00:00",6548,6276.99999999999,5499.45388658954,7054.54611341043,5087.84583751729,7466.15416248268
"2018-05-15 18:00:00",4953,4826.99999999999,4049.45388658954,5604.54611341044,3637.84583751729,6016.15416248268
"2018-05-15 19:00:00",3602,3480.99999999999,2703.45388658954,4258.54611341044,2291.8458375173,4670.15416248269
"2018-05-15 20:00:00",3050,2876.99999999999,2099.45388658954,3654.54611341044,1687.8458375173,4066.15416248269
"2018-05-15 21:00:00",2773,3417.99999999999,2640.45388658955,4195.54611341044,2228.8458375173,4607.15416248269
"2018-05-15 22:00:00",3335,3293.99999999999,2516.45388658955,4071.54611341044,2104.8458375173,4483.15416248269
"2018-05-15 23:00:00",2286,1297,519.453886589547,2074.54611341045,107.845837517302,2486.15416248269
"2018-05-16 00:00:00",720,825.999999999997,48.4538865895479,1603.54611341045,-363.154162482698,2015.15416248269
"2018-05-16 01:00:00",442,593.999999999997,-183.546113410451,1371.54611341045,-595.154162482697,1783.15416248269
"2018-05-16 02:00:00",352,430.999999999998,-346.546113410451,1208.54611341045,-758.154162482697,1620.15416248269
"2018-05-16 03:00:00",367,520.999999999998,-256.546113410451,1298.54611341045,-668.154162482696,1710.15416248269
"2018-05-16 04:00:00",895,974.999999999999,197.45388658955,1752.54611341045,-214.154162482696,2164.15416248269
"2018-05-16 05:00:00",3014,2986,2208.45388658955,3763.54611341045,1796.8458375173,4175.15416248269
"2018-05-16 06:00:00",5844,5943,5165.45388658955,6720.54611341045,4753.8458375173,7132.15416248269
"2018-05-16 07:00:00",5988,6871,6093.45388658955,7648.54611341045,5681.8458375173,8060.15416248269
"2018-05-16 08:00:00",5293,6614,5836.45388658955,7391.54611341045,5424.8458375173,7803.15416248269
"2018-05-16 09:00:00",5122,5378,4600.45388658955,6155.54611341045,4188.8458375173,6567.1541624827
"2018-05-16 10:00:00",4941,4751,3973.45388658955,5528.54611341045,3561.84583751731,5940.1541624827
"2018-05-16 11:00:00",5110,4824,4046.45388658955,5601.54611341045,3634.84583751731,6013.1541624827
"2018-05-16 12:00:00",5042,5013,4235.45388658955,5790.54611341045,3823.84583751731,6202.1541624827
"2018-05-16 13:00:00",4952,5017,4239.45388658955,5794.54611341045,3827.84583751731,6206.1541624827
"2018-05-16 14:00:00",5286,5437,4659.45388658955,6214.54611341045,4247.8458375173,6626.1541624827
"2018-05-16 15:00:00",5871,5835,5057.45388658955,6612.54611341045,4645.8458375173,7024.1541624827
"2018-05-16 16:00:00",6775,7022,6244.45388658955,7799.54611341045,5832.8458375173,8211.1541624827
"2018-05-16 17:00:00",6123,6459,5681.45388658955,7236.54611341045,5269.8458375173,7648.1541624827
"2018-05-16 18:00:00",4717,4663,3885.45388658955,5440.54611341045,3473.84583751731,5852.1541624827
"2018-05-16 19:00:00",3697,3393,2615.45388658955,4170.54611341045,2203.84583751731,4582.1541624827
"2018-05-16 20:00:00",3387,3034,2256.45388658955,3811.54611341045,1844.84583751731,4223.1541624827
"2018-05-16 21:00:00",3187,2604,1826.45388658955,3381.54611341045,1414.84583751731,3793.15416248269
"2018-05-16 22:00:00",2443,1726,948.453886589551,2503.54611341045,536.845837517305,2915.15416248269
"2018-05-16 23:00:00",2291,1085,307.453886589551,1862.54611341045,-104.154162482695,2274.15416248269
"2018-05-17 00:00:00",684,561,-216.546113410449,1338.54611341045,-628.154162482695,1750.15416248269
"2018-05-17 01:00:00",495,351,-426.546113410449,1128.54611341045,-838.154162482695,1540.15416248269
"2018-05-17 02:00:00",294,275,-502.546113410449,1052.54611341045,-914.154162482695,1464.15416248269
"2018-05-17 03:00:00",364,361,-416.546113410449,1138.54611341045,-828.154162482695,1550.15416248269
"2018-05-17 04:00:00",929,909,131.453886589551,1686.54611341045,-280.154162482695,2098.15416248269
"2018-05-17 05:00:00",2935,2885,2107.45388658955,3662.54611341045,1695.84583751731,4074.15416248269
"2018-05-17 06:00:00",5846,5715,4937.45388658955,6492.54611341045,4525.8458375173,6904.1541624827
"2018-05-17 07:00:00",6323,6461,5683.45388658955,7238.54611341045,5271.8458375173,7650.1541624827
"2018-05-17 08:00:00",5494,6046,5268.45388658955,6823.54611341045,4856.8458375173,7235.1541624827
"2018-05-17 09:00:00",5299,5842,5064.45388658955,6619.54611341045,4652.8458375173,7031.1541624827
"2018-05-17 10:00:00",4444,4882,4104.45388658955,5659.54611341045,3692.84583751731,6071.1541624827
"2018-05-17 11:00:00",4913,5035,4257.45388658955,5812.54611341045,3845.84583751731,6224.1541624827
"2018-05-17 12:00:00",5120,5027,4249.45388658955,5804.54611341045,3837.84583751731,6216.1541624827
"2018-05-17 13:00:00",5096,5326.18604282048,4548.63992941003,6103.73215623093,4137.03188033778,6515.34020530317
"2018-05-17 14:00:00",5480,5568.83901632232,4791.29290291187,6346.38512973276,4379.68485383962,6757.99317880501
"2018-05-17 15:00:00",6289,6247.84327705668,5470.29716364623,7025.38939046713,5058.68911457398,7436.99743953937
"2018-05-17 16:00:00",6594,7209.65212162901,6432.10600821856,7987.19823503946,6020.49795914632,8398.80628411171
"2018-05-17 17:00:00",6171,6808.30357549932,6030.75746208887,7585.84968890977,5619.14941301662,7997.45773798201
"2018-05-17 18:00:00",4989,5061.82826486443,4284.28215145398,5839.37437827488,3872.67410238174,6250.98242734713
"2018-05-17 19:00:00",3647,3695.25085645904,2917.70474304859,4472.79696986949,2506.09669397634,4884.40501894173
"2018-05-17 20:00:00",3400,3080.59121718999,2303.04510377954,3858.13733060044,1891.43705470729,4269.74537967268
"2018-05-17 21:00:00",3238,2760.86534812077,1983.31923471033,3538.41146153122,1571.71118563808,3950.01951060347
"2018-05-17 22:00:00",2677,2052.0861367147,1274.54002330425,2829.63225012515,862.931974232007,3241.2402991974
"2018-05-17 23:00:00",1852,1167.26396270124,389.717849290793,1944.81007611169,-21.890199781453,2356.41812518394
"2018-05-18 00:00:00",736,632.407186048637,-145.138927361812,1409.95329945909,-556.746976434058,1821.56134853133
"2018-05-18 01:00:00",453,386.522539983335,-391.023573427114,1164.06865339378,-802.631622499359,1575.67670246603
"2018-05-18 02:00:00",365,305.615447532925,-471.930665877524,1083.16156094337,-883.53871494977,1494.76961001562
"2018-05-18 03:00:00",351,355.690276473899,-421.85583693655,1133.23638988435,-833.463886008796,1544.84443895659
"2018-05-18 04:00:00",846,845.750544669886,68.2044312594369,1623.29665808033,-343.403617812809,2034.90470715258
"2018-05-18 05:00:00",2786,2720.79908545371,1943.25297204326,3498.34519886416,1531.64492297101,3909.9532479364
"2018-05-18 06:00:00",5552,5425.83818082823,4648.29206741779,6203.38429423868,4236.68401834554,6614.99234331093
"2018-05-18 07:00:00",6583,6584.86966874806,5807.32355533761,7362.41578215851,5395.71550626537,7774.02383123076
"2018-05-18 08:00:00",5321,5893.89502952557,5116.34891611512,6671.44114293602,4704.74086704288,7083.04919200827
"2018-05-18 09:00:00",4984,5226.91545542349,4449.36934201304,6004.46156883393,4037.76129294079,6416.06961790618
"2018-05-18 10:00:00",4736,4852.9319067056,4075.38579329516,5630.47802011605,3663.77774422291,6042.0860691883
"2018-05-18 11:00:00",5133,5232.9451567808,4455.39904337036,6010.49127019125,4043.79099429811,6422.0993192635
"2018-05-18 12:00:00",5337,5301.95582856259,4524.40971515214,6079.50194197304,4112.80166607989,6491.10999104528
"2018-05-18 13:00:00",5316,5173.96442375353,4396.41831034308,5951.51053716398,3984.81026127084,6363.11858623623
"2018-05-18 14:00:00",5810,5329.97134643138,4552.42523302094,6107.51745984183,4140.81718394869,6519.12550891408
"2018-05-18 15:00:00",6400,5952.97692204558,5175.43080863513,6730.52303545603,4763.82275956289,7142.13108452828
"2018-05-18 16:00:00",6496,6685.9814127173,5908.43529930685,7463.52752612775,5496.82725023461,7875.1355752
"2018-05-18 17:00:00",6197,5686.98502956233,4909.43891615188,6464.53114297278,4497.83086707964,6876.13919204503
"2018-05-18 18:00:00",5241,4166.98794261606,3389.44182920561,4944.53405602651,2977.83378013336,5356.14210509875
"2018-05-18 19:00:00",3850,2881.99028882717,2104.44417541672,3659.53640223762,1692.83612634447,4071.14445130986
"2018-05-18 20:00:00",3441,2319.99217849592,1542.44606508547,3097.53829190636,1130.83801601322,3509.14634097861
"2018-05-18 21:00:00",3196,2157.99370045954,1380.44758704909,2935.53981386999,968.839537976848,3347.14786294224
"2018-05-18 22:00:00",2728,1772.99492626871,995.448812858265,2550.54103967916,583.84076378602,2962.14908875141
"2018-05-18 23:00:00",1797,1142.99591355126,365.449800140812,1920.54202696171,-46.1582489314339,2332.15007603395
"2018-05-19 00:00:00",1420,624.996708721381,-152.549404689068,1402.54282213183,-564.157453761314,1814.15087120408
"2018-05-19 01:00:00",855,440.997349161671,-336.548764248778,1218.54346257212,-748.156813321024,1630.15151164437
"2018-05-19 02:00:00",639,396.997864980556,-380.548248429893,1174.54397839101,-792.156297502139,1586.15202746325
"2018-05-19 03:00:00",494,308.998280427752,-468.547832982697,1086.5443938382,-880.155882054943,1498.15244291045
"2018-05-19 04:00:00",477,299.998615034291,-477.547498376158,1077.54472844474,-889.155547448403,1489.15277751699
"2018-05-19 05:00:00",806,539.998884530722,-237.547228879727,1317.54499794117,-649.155277951973,1729.15304701342
"2018-05-19 06:00:00",1430,985.999101586629,208.45298817618,1763.54521499708,-203.155060896065,2175.15326406932
"2018-05-19 07:00:00",2062,1310.99927640626,533.453162995813,2088.54538981671,121.845113923568,2500.15343888896
"2018-05-19 08:00:00",3277,1488.99941720825,711.453303797804,2266.5455306187,299.845254725559,2678.15357969095
"2018-05-19 09:00:00",3569,1754.999530612,977.453417201548,2532.54564402245,565.845368129302,2944.15369309469
"2018-05-19 10:00:00",3857,1977.99962194884,1200.45350853839,2755.54573535929,788.845459466142,3167.15378443153
"2018-05-19 11:00:00",4112,2152.99969551271,1375.45358210226,2930.54580892316,963.845533030013,3342.1538579954
"2018-05-19 12:00:00",4259,2146.999754762,1369.45364135155,2924.54586817245,957.845592279306,3336.1539172447
"2018-05-19 13:00:00",4542,1986.99980248215,1209.4536890717,2764.5459158926,797.845639999452,3176.15396496484
"2018-05-19 14:00:00",4802,1821.99984091657,1044.45372750612,2599.54595432702,632.845678433874,3011.15400339926
"2018-05-19 15:00:00",4598,1880.99987187215,1103.4537584617,2658.5459852826,691.845709389454,3070.15403435484
"2018-05-19 16:00:00",4398,1460.99989680417,683.453783393724,2238.54601021462,271.845734321478,2650.15405928687
"2018-05-19 17:00:00",4133,1477.99991688475,700.453803474298,2255.5460302952,288.845754402053,2667.15407936744
"2018-05-19 18:00:00",3640,1067.9999330579,290.453819647453,1845.54604646835,-121.154229424793,2257.1540955406
"2018-05-19 19:00:00",2979,880.999946083969,103.45383267352,1658.54605949442,-308.154216398726,2070.15410856666
"2018-05-19 20:00:00",2706,617.999956575332,-159.546156835117,1395.54606998578,-571.154205907363,1807.15411905803
"2018-05-19 21:00:00",2705,706.999965025211,-70.5461483852379,1484.54607843566,-482.154197457484,1896.15412750791
"2018-05-19 22:00:00",2714,593.999971830853,-183.546141579596,1371.5460852413,-595.154190651842,1783.15413431355
"2018-05-19 23:00:00",2047,525.999977312205,-251.546136098244,1303.54609072265,-663.15418517049,1715.1541397949
"2018-05-20 00:00:00",1216,352.999981726957,-424.546131683492,1130.54609513741,-836.154180755738,1542.15414420965
"2018-05-20 01:00:00",761,258.999985282655,-518.546128127794,1036.5460986931,-930.15417720004,1448.15414776535
"2018-05-20 02:00:00",525,197.99998814646,-579.546125263989,975.546101556909,-991.154174336235,1387.15415062915
"2018-05-20 03:00:00",324,150.999990453006,-626.546122957443,928.546103863455,-1038.15417202969,1340.1541529357
"2018-05-20 04:00:00",273,174.999992310727,-602.546121099721,952.546105721176,-1014.15417017197,1364.15415479342
"2018-05-20 05:00:00",433,300.999993806961,-476.546119603488,1078.54610721741,-888.154168675734,1490.15415628966
"2018-05-20 06:00:00",850,489.999995012046,-287.546118398403,1267.54610842249,-699.154167470649,1679.15415749474
"2018-05-20 07:00:00",1242,633.999995982637,-143.546117427812,1411.54610939309,-555.154166500057,1823.15415846533
"2018-05-20 08:00:00",1829,673.999996764364,-103.546116646085,1451.54611017481,-515.15416571833,1863.15415924706
"2018-05-20 09:00:00",2638,983.999997393977,206.453883983528,1761.54611080443,-205.154165088717,2173.15415987667
"2018-05-20 10:00:00",3501,1493.99999790108,716.453884490627,2271.54611131152,304.845835418381,2683.15416038377
"2018-05-20 11:00:00",4300,1793.9999983095,1016.45388489905,2571.54611171995,604.845835826804,2983.15416079219
"2018-05-20 12:00:00",4661,2036.99999863845,1259.453885228,2814.5461120489,847.845836155754,3226.15416112114
"2018-05-20 13:00:00",3956,2204.99999890339,1427.45388549294,2982.54611231384,1015.84583642069,3394.15416138608
"2018-05-20 14:00:00",3932,2405.99999911678,1628.45388570633,3183.54611252722,1216.84583663408,3595.15416159947
"2018-05-20 15:00:00",3920,2170.99999928864,1393.45388587819,2948.54611269909,981.845836805945,3360.15416177133
"2018-05-20 16:00:00",3938,2108.99999942706,1331.45388601661,2886.54611283751,919.845836944367,3298.15416190976
"2018-05-20 17:00:00",3768,1848.99999953855,1071.4538861281,2626.546112949,659.845837055853,3038.15416202124
"2018-05-20 18:00:00",3378,1658.99999962834,881.453886217891,2436.54611303879,469.845837145646,2848.15416211103
"2018-05-20 19:00:00",2842,1416.99999970066,639.453886290212,2194.54611311111,227.845837217966,2606.15416218335
"2018-05-20 20:00:00",2692,1641.99999975891,864.453886348459,2419.54611316936,452.845837276213,2831.1541622416
"2018-05-20 21:00:00",2194,2808.99999980582,2031.45388639537,3586.54611321627,1619.84583732313,3998.15416228852
"2018-05-20 22:00:00",1696,1202.99999984361,425.453886433157,1980.54611325405,13.8458373609114,2392.1541623263
"2018-05-20 23:00:00",1107,705.999999874038,-71.5461135364106,1483.54611328449,-483.154162608656,1895.15416235673
"2018-05-21 00:00:00",652,406.999999898549,-370.5461135119,1184.546113309,-782.154162584146,1596.15416238124
"2018-05-21 01:00:00",350,271.99999991829,-505.546113492159,1049.54611332874,-917.154162564405,1461.15416240098
"2018-05-21 02:00:00",321,246.99999993419,-530.546113476259,1024.54611334464,-942.154162548505,1436.15416241688
"2018-05-21 03:00:00",333,356.999999946996,-420.546113463453,1134.54611335744,-832.154162535699,1546.15416242969
"2018-05-21 04:00:00",860,778.999999957309,1.45388654686053,1556.54611336776,-410.154162525385,1968.15416244
"2018-05-21 05:00:00",2796,2237.99999996562,1460.45388655517,3015.54611337607,1048.84583748292,3427.15416244831
"2018-05-21 06:00:00",5721,4363.99999997231,3586.45388656186,5141.54611338276,3174.84583748961,5553.154162455
"2018-05-21 07:00:00",6799,4962.9999999777,4185.45388656725,5740.54611338814,3773.845837495,6152.15416246039
"2018-05-21 08:00:00",5726,4462.99999998204,3685.45388657159,5240.54611339248,3273.84583749934,5652.15416246473
"2018-05-21 09:00:00",4865,4044.99999998553,3267.45388657508,4822.54611339598,2855.84583750284,5234.15416246823
"2018-05-21 10:00:00",4254,3625.99999998835,2848.4538865779,4403.5461133988,2436.84583750565,4815.15416247104
"2018-05-21 11:00:00",4454,3859.99999999061,3082.45388658017,4637.54611340106,2670.84583750792,5049.15416247331
"2018-05-21 12:00:00",4810,4148.99999999244,3371.45388658199,4926.54611340289,2959.84583750975,5338.15416247514
"2018-05-21 13:00:00",2040,4109.99999999391,3332.45388658346,4887.54611340436,2920.84583751122,5299.15416247661
"2018-05-21 14:00:00",4224,4386.9999999951,3609.45388658465,5164.54611340554,3197.8458375124,5576.15416247779
"2018-05-21 15:00:00",5895,4941.99999999605,4164.4538865856,5719.5461134065,3752.84583751336,6131.15416247875
"2018-05-21 16:00:00",6968,5787.99999999682,5010.45388658637,6565.54611340727,4598.84583751413,6977.15416247951
"2018-05-21 17:00:00",6134,5566.99999999744,4789.45388658699,6344.54611340789,4377.84583751474,6756.15416248013
"2018-05-21 18:00:00",4586,4060.99999999794,3283.45388658749,4838.54611340839,2871.84583751524,5250.15416248063
"2018-05-21 19:00:00",3249,2978.99999999834,2201.45388658789,3756.54611340879,1789.84583751564,4168.15416248103
"2018-05-21 20:00:00",2699,2555.99999999866,1778.45388658821,3333.54611340911,1366.84583751597,3745.15416248136
"2018-05-21 21:00:00",2318,2099.99999999892,1322.45388658847,2877.54611340937,910.845837516227,3289.15416248162
"2018-05-21 22:00:00",1668,1488.99999999913,711.453886588683,2266.54611340958,299.845837516437,2678.15416248183
"2018-05-21 23:00:00",1060,977.999999999301,200.453886588852,1755.54611340975,-211.154162483394,2167.154162482
"2018-05-22 00:00:00",554,523.999999999437,-253.546113411012,1301.54611340989,-665.154162483258,1713.15416248213
"2018-05-22 01:00:00",333,335.999999999546,-441.546113410903,1113.54611341,-853.154162483148,1525.15416248224
"2018-05-22 02:00:00",249,270.999999999635,-506.546113410814,1048.54611341008,-918.15416248306,1460.15416248233
"2018-05-22 03:00:00",337,346.999999999706,-430.546113410743,1124.54611341015,-842.154162482989,1536.1541624824
"2018-05-22 04:00:00",886,897.999999999763,120.453886589314,1675.54611341021,-291.154162482932,2087.15416248246
"2018-05-22 05:00:00",3026,2847.99999999981,2070.45388658936,3625.54611341026,1658.84583751711,4037.1541624825
"2018-05-22 06:00:00",5875,5515.99999999985,4738.4538865894,6293.5461134103,4326.84583751715,6705.15416248254
"2018-05-22 07:00:00",6019,6207.99999999988,5430.45388658943,6985.54611341033,5018.84583751718,7397.15416248257
"2018-05-22 08:00:00",5752,5891.9999999999,5114.45388658945,6669.54611341035,4702.8458375172,7081.15416248259
"2018-05-22 09:00:00",5085,5676.99999999992,4899.45388658947,6454.54611341037,4487.84583751722,6866.15416248261
"2018-05-22 10:00:00",4450,4455.99999999994,3678.45388658949,5233.54611341038,3266.84583751724,5645.15416248263
"2018-05-22 11:00:00",4631,4714.99999999995,3937.4538865895,5492.5461134104,3525.84583751725,5904.15416248264
"2018-05-22 12:00:00",4760,4961.99999999996,4184.45388658951,5739.54611341041,3772.84583751726,6151.15416248265
"2018-05-22 13:00:00",4840,4912.99999999997,4135.45388658952,5690.54611341042,3723.84583751727,6102.15416248266
"2018-05-22 14:00:00",5197,5219.99999999997,4442.45388658952,5997.54611341042,4030.84583751728,6409.15416248267
"2018-05-22 15:00:00",5901,5843.99999999998,5066.45388658953,6621.54611341043,4654.84583751728,7033.15416248267
"2018-05-22 16:00:00",6907,6656.99999999998,5879.45388658953,7434.54611341043,5467.84583751729,7846.15416248268
"2018-05-22 17:00:00",6371,6276.99999999999,5499.45388658954,7054.54611341043,5087.84583751729,7466.15416248268
"2018-05-22 18:00:00",4649,4826.99999999999,4049.45388658954,5604.54611341044,3637.84583751729,6016.15416248268
"2018-05-22 19:00:00",3367,3480.99999999999,2703.45388658954,4258.54611341044,2291.8458375173,4670.15416248269
"2018-05-22 20:00:00",3028,2876.99999999999,2099.45388658954,3654.54611341044,1687.8458375173,4066.15416248269
"2018-05-22 21:00:00",3047,3417.99999999999,2640.45388658955,4195.54611341044,2228.8458375173,4607.15416248269
"2018-05-22 22:00:00",1953,3293.99999999999,2516.45388658955,4071.54611341044,2104.8458375173,4483.15416248269
"2018-05-22 23:00:00",1084,1297,519.453886589547,2074.54611341045,107.845837517302,2486.15416248269
"2018-05-23 00:00:00",599,825.999999999997,48.4538865895479,1603.54611341045,-363.154162482698,2015.15416248269
"2018-05-23 01:00:00",363,593.999999999997,-183.546113410451,1371.54611341045,-595.154162482697,1783.15416248269
"2018-05-23 02:00:00",303,430.999999999998,-346.546113410451,1208.54611341045,-758.154162482697,1620.15416248269
"2018-05-23 03:00:00",349,520.999999999998,-256.546113410451,1298.54611341045,-668.154162482696,1710.15416248269
"2018-05-23 04:00:00",919,974.999999999999,197.45388658955,1752.54611341045,-214.154162482696,2164.15416248269
"2018-05-23 05:00:00",2989,2986,2208.45388658955,3763.54611341045,1796.8458375173,4175.15416248269
"2018-05-23 06:00:00",5979,5943,5165.45388658955,6720.54611341045,4753.8458375173,7132.15416248269
"2018-05-23 07:00:00",6641,6871,6093.45388658955,7648.54611341045,5681.8458375173,8060.15416248269
"2018-05-23 08:00:00",5557,6614,5836.45388658955,7391.54611341045,5424.8458375173,7803.15416248269
"2018-05-23 09:00:00",5217,5378,4600.45388658955,6155.54611341045,4188.8458375173,6567.1541624827
"2018-05-23 10:00:00",4728,4751,3973.45388658955,5528.54611341045,3561.84583751731,5940.1541624827
"2018-05-23 11:00:00",4956,4824,4046.45388658955,5601.54611341045,3634.84583751731,6013.1541624827
"2018-05-23 12:00:00",4760,5013,4235.45388658955,5790.54611341045,3823.84583751731,6202.1541624827
"2018-05-23 13:00:00",4912,5017,4239.45388658955,5794.54611341045,3827.84583751731,6206.1541624827
"2018-05-23 14:00:00",5221,5437,4659.45388658955,6214.54611341045,4247.8458375173,6626.1541624827
"2018-05-23 15:00:00",5959,5835,5057.45388658955,6612.54611341045,4645.8458375173,7024.1541624827
"2018-05-23 16:00:00",6897,7022,6244.45388658955,7799.54611341045,5832.8458375173,8211.1541624827
"2018-05-23 17:00:00",6228,6459,5681.45388658955,7236.54611341045,5269.8458375173,7648.1541624827
"2018-05-23 18:00:00",4632,4663,3885.45388658955,5440.54611341045,3473.84583751731,5852.1541624827
"2018-05-23 19:00:00",3359,3393,2615.45388658955,4170.54611341045,2203.84583751731,4582.1541624827
"2018-05-23 20:00:00",2993,3034,2256.45388658955,3811.54611341045,1844.84583751731,4223.1541624827
"2018-05-23 21:00:00",2888,2604,1826.45388658955,3381.54611341045,1414.84583751731,3793.15416248269
"2018-05-23 22:00:00",2028,1726,948.453886589551,2503.54611341045,536.845837517305,2915.15416248269
"2018-05-23 23:00:00",1215,1085,307.453886589551,1862.54611341045,-104.154162482695,2274.15416248269
"2018-05-24 00:00:00",628,561,-216.546113410449,1338.54611341045,-628.154162482695,1750.15416248269
"2018-05-24 01:00:00",356,351,-426.546113410449,1128.54611341045,-838.154162482695,1540.15416248269
"2018-05-24 02:00:00",261,275,-502.546113410449,1052.54611341045,-914.154162482695,1464.15416248269
"2018-05-24 03:00:00",363,361,-416.546113410449,1138.54611341045,-828.154162482695,1550.15416248269
"2018-05-24 04:00:00",883,909,131.453886589551,1686.54611341045,-280.154162482695,2098.15416248269
"2018-05-24 05:00:00",3012,2885,2107.45388658955,3662.54611341045,1695.84583751731,4074.15416248269
"2018-05-24 06:00:00",5763,5715,4937.45388658955,6492.54611341045,4525.8458375173,6904.1541624827
"2018-05-24 07:00:00",6298,6461,5683.45388658955,7238.54611341045,5271.8458375173,7650.1541624827
"2018-05-24 08:00:00",5695,6046,5268.45388658955,6823.54611341045,4856.8458375173,7235.1541624827
"2018-05-24 09:00:00",5232,5842,5064.45388658955,6619.54611341045,4652.8458375173,7031.1541624827
"2018-05-24 10:00:00",4532,4882,4104.45388658955,5659.54611341045,3692.84583751731,6071.1541624827
"2018-05-24 11:00:00",4923,5035,4257.45388658955,5812.54611341045,3845.84583751731,6224.1541624827
"2018-05-24 12:00:00",4969,5027,4249.45388658955,5804.54611341045,3837.84583751731,6216.1541624827
"2018-05-24 13:00:00",5036,5326.18604282048,4548.63992941003,6103.73215623093,4137.03188033778,6515.34020530317
"2018-05-24 14:00:00",5414,5568.83901632232,4791.29290291187,6346.38512973276,4379.68485383962,6757.99317880501
"2018-05-24 15:00:00",6184,6247.84327705668,5470.29716364623,7025.38939046713,5058.68911457398,7436.99743953937
"2018-05-24 16:00:00",6193,7209.65212162901,6432.10600821856,7987.19823503946,6020.49795914632,8398.80628411171
"2018-05-24 17:00:00",6107,6808.30357549932,6030.75746208887,7585.84968890977,5619.14941301662,7997.45773798201
"2018-05-24 18:00:00",4787,5061.82826486443,4284.28215145398,5839.37437827488,3872.67410238174,6250.98242734713
"2018-05-24 19:00:00",3746,3695.25085645904,2917.70474304859,4472.79696986949,2506.09669397634,4884.40501894173
"2018-05-24 20:00:00",2938,3080.59121718999,2303.04510377954,3858.13733060044,1891.43705470729,4269.74537967268
"2018-05-24 21:00:00",2626,2760.86534812077,1983.31923471033,3538.41146153122,1571.71118563808,3950.01951060347
"2018-05-24 22:00:00",1938,2052.0861367147,1274.54002330425,2829.63225012515,862.931974232007,3241.2402991974
"2018-05-24 23:00:00",1261,1167.26396270124,389.717849290793,1944.81007611169,-21.890199781453,2356.41812518394
"2018-05-25 00:00:00",648,632.407186048637,-145.138927361812,1409.95329945909,-556.746976434058,1821.56134853133
"2018-05-25 01:00:00",430,386.522539983335,-391.023573427114,1164.06865339378,-802.631622499359,1575.67670246603
"2018-05-25 02:00:00",300,305.615447532925,-471.930665877524,1083.16156094337,-883.53871494977,1494.76961001562
"2018-05-25 03:00:00",329,355.690276473899,-421.85583693655,1133.23638988435,-833.463886008796,1544.84443895659
"2018-05-25 04:00:00",788,845.750544669886,68.2044312594369,1623.29665808033,-343.403617812809,2034.90470715258
"2018-05-25 05:00:00",2645,2720.79908545371,1943.25297204326,3498.34519886416,1531.64492297101,3909.9532479364
"2018-05-25 06:00:00",5111,5425.83818082823,4648.29206741779,6203.38429423868,4236.68401834554,6614.99234331093
"2018-05-25 07:00:00",6075,6584.86966874806,5807.32355533761,7362.41578215851,5395.71550626537,7774.02383123076
"2018-05-25 08:00:00",5206,5893.89502952557,5116.34891611512,6671.44114293602,4704.74086704288,7083.04919200827
"2018-05-25 09:00:00",4859,5226.91545542349,4449.36934201304,6004.46156883393,4037.76129294079,6416.06961790618
"2018-05-25 10:00:00",4534,4852.9319067056,4075.38579329516,5630.47802011605,3663.77774422291,6042.0860691883
"2018-05-25 11:00:00",4928,5232.9451567808,4455.39904337036,6010.49127019125,4043.79099429811,6422.0993192635
"2018-05-25 12:00:00",5139,5301.95582856259,4524.40971515214,6079.50194197304,4112.80166607989,6491.10999104528
"2018-05-25 13:00:00",5148,5173.96442375353,4396.41831034308,5951.51053716398,3984.81026127084,6363.11858623623
"2018-05-25 14:00:00",5403,5329.97134643138,4552.42523302094,6107.51745984183,4140.81718394869,6519.12550891408
"2018-05-25 15:00:00",6083,5952.97692204558,5175.43080863513,6730.52303545603,4763.82275956289,7142.13108452828
"2018-05-25 16:00:00",5753,6685.9814127173,5908.43529930685,7463.52752612775,5496.82725023461,7875.1355752
"2018-05-25 17:00:00",4904,5686.98502956233,4909.43891615188,6464.53114297278,4497.83086707964,6876.13919204503
"2018-05-25 18:00:00",4023,4166.98794261606,3389.44182920561,4944.53405602651,2977.83378013336,5356.14210509875
"2018-05-25 19:00:00",3334,2881.99028882717,2104.44417541672,3659.53640223762,1692.83612634447,4071.14445130986
"2018-05-25 20:00:00",3026,2319.99217849592,1542.44606508547,3097.53829190636,1130.83801601322,3509.14634097861
"2018-05-25 21:00:00",2953,2157.99370045954,1380.44758704909,2935.53981386999,968.839537976848,3347.14786294224
"2018-05-25 22:00:00",2863,1772.99492626871,995.448812858265,2550.54103967916,583.84076378602,2962.14908875141
"2018-05-25 23:00:00",1828,1142.99591355126,365.449800140812,1920.54202696171,-46.1582489314339,2332.15007603395
"2018-05-26 00:00:00",1300,624.996708721381,-152.549404689068,1402.54282213183,-564.157453761314,1814.15087120408
"2018-05-26 01:00:00",719,440.997349161671,-336.548764248778,1218.54346257212,-748.156813321024,1630.15151164437
"2018-05-26 02:00:00",579,396.997864980556,-380.548248429893,1174.54397839101,-792.156297502139,1586.15202746325
"2018-05-26 03:00:00",363,308.998280427752,-468.547832982697,1086.5443938382,-880.155882054943,1498.15244291045
"2018-05-26 04:00:00",376,299.998615034291,-477.547498376158,1077.54472844474,-889.155547448403,1489.15277751699
"2018-05-26 05:00:00",649,539.998884530722,-237.547228879727,1317.54499794117,-649.155277951973,1729.15304701342
"2018-05-26 06:00:00",1263,985.999101586629,208.45298817618,1763.54521499708,-203.155060896065,2175.15326406932
"2018-05-26 07:00:00",1690,1310.99927640626,533.453162995813,2088.54538981671,121.845113923568,2500.15343888896
"2018-05-26 08:00:00",2392,1488.99941720825,711.453303797804,2266.5455306187,299.845254725559,2678.15357969095
"2018-05-26 09:00:00",3360,1754.999530612,977.453417201548,2532.54564402245,565.845368129302,2944.15369309469
"2018-05-26 10:00:00",3540,1977.99962194884,1200.45350853839,2755.54573535929,788.845459466142,3167.15378443153
"2018-05-26 11:00:00",3937,2152.99969551271,1375.45358210226,2930.54580892316,963.845533030013,3342.1538579954
"2018-05-26 12:00:00",4176,2146.999754762,1369.45364135155,2924.54586817245,957.845592279306,3336.1539172447
"2018-05-26 13:00:00",4130,1986.99980248215,1209.4536890717,2764.5459158926,797.845639999452,3176.15396496484
"2018-05-26 14:00:00",3887,1821.99984091657,1044.45372750612,2599.54595432702,632.845678433874,3011.15400339926
"2018-05-26 15:00:00",3761,1880.99987187215,1103.4537584617,2658.5459852826,691.845709389454,3070.15403435484
"2018-05-26 16:00:00",3970,1460.99989680417,683.453783393724,2238.54601021462,271.845734321478,2650.15405928687
"2018-05-26 17:00:00",3858,1477.99991688475,700.453803474298,2255.5460302952,288.845754402053,2667.15407936744
"2018-05-26 18:00:00",3714,1067.9999330579,290.453819647453,1845.54604646835,-121.154229424793,2257.1540955406
"2018-05-26 19:00:00",2965,880.999946083969,103.45383267352,1658.54605949442,-308.154216398726,2070.15410856666
"2018-05-26 20:00:00",2855,617.999956575332,-159.546156835117,1395.54606998578,-571.154205907363,1807.15411905803
"2018-05-26 21:00:00",2956,706.999965025211,-70.5461483852379,1484.54607843566,-482.154197457484,1896.15412750791
"2018-05-26 22:00:00",3036,593.999971830853,-183.546141579596,1371.5460852413,-595.154190651842,1783.15413431355
"2018-05-26 23:00:00",2141,525.999977312205,-251.546136098244,1303.54609072265,-663.15418517049,1715.1541397949
"2018-05-27 00:00:00",1633,352.999981726957,-424.546131683492,1130.54609513741,-836.154180755738,1542.15414420965
"2018-05-27 01:00:00",829,258.999985282655,-518.546128127794,1036.5460986931,-930.15417720004,1448.15414776535
"2018-05-27 02:00:00",712,197.99998814646,-579.546125263989,975.546101556909,-991.154174336235,1387.15415062915
"2018-05-27 03:00:00",486,150.999990453006,-626.546122957443,928.546103863455,-1038.15417202969,1340.1541529357
"2018-05-27 04:00:00",401,174.999992310727,-602.546121099721,952.546105721176,-1014.15417017197,1364.15415479342
"2018-05-27 05:00:00",844,300.999993806961,-476.546119603488,1078.54610721741,-888.154168675734,1490.15415628966
"2018-05-27 06:00:00",1192,489.999995012046,-287.546118398403,1267.54610842249,-699.154167470649,1679.15415749474
"2018-05-27 07:00:00",1205,633.999995982637,-143.546117427812,1411.54610939309,-555.154166500057,1823.15415846533
"2018-05-27 08:00:00",1819,673.999996764364,-103.546116646085,1451.54611017481,-515.15416571833,1863.15415924706
"2018-05-27 09:00:00",2660,983.999997393977,206.453883983528,1761.54611080443,-205.154165088717,2173.15415987667
"2018-05-27 10:00:00",3431,1493.99999790108,716.453884490627,2271.54611131152,304.845835418381,2683.15416038377
"2018-05-27 11:00:00",3782,1793.9999983095,1016.45388489905,2571.54611171995,604.845835826804,2983.15416079219
"2018-05-27 12:00:00",4190,2036.99999863845,1259.453885228,2814.5461120489,847.845836155754,3226.15416112114
"2018-05-27 13:00:00",4139,2204.99999890339,1427.45388549294,2982.54611231384,1015.84583642069,3394.15416138608
"2018-05-27 14:00:00",3963,2405.99999911678,1628.45388570633,3183.54611252722,1216.84583663408,3595.15416159947
"2018-05-27 15:00:00",3821,2170.99999928864,1393.45388587819,2948.54611269909,981.845836805945,3360.15416177133
"2018-05-27 16:00:00",3739,2108.99999942706,1331.45388601661,2886.54611283751,919.845836944367,3298.15416190976
"2018-05-27 17:00:00",3266,1848.99999953855,1071.4538861281,2626.546112949,659.845837055853,3038.15416202124
"2018-05-27 18:00:00",3127,1658.99999962834,881.453886217891,2436.54611303879,469.845837145646,2848.15416211103
"2018-05-27 19:00:00",2830,1416.99999970066,639.453886290212,2194.54611311111,227.845837217966,2606.15416218335
"2018-05-27 20:00:00",2825,1641.99999975891,864.453886348459,2419.54611316936,452.845837276213,2831.1541622416
"2018-05-27 21:00:00",2656,2808.99999980582,2031.45388639537,3586.54611321627,1619.84583732313,3998.15416228852
"2018-05-27 22:00:00",2565,1202.99999984361,425.453886433157,1980.54611325405,13.8458373609114,2392.1541623263
"2018-05-27 23:00:00",1660,705.999999874038,-71.5461135364106,1483.54611328449,-483.154162608656,1895.15416235673
"2018-05-28 00:00:00",1088,406.999999898549,-370.5461135119,1184.546113309,-782.154162584146,1596.15416238124
"2018-05-28 01:00:00",559,271.99999991829,-505.546113492159,1049.54611332874,-917.154162564405,1461.15416240098
"2018-05-28 02:00:00",440,246.99999993419,-530.546113476259,1024.54611334464,-942.154162548505,1436.15416241688
"2018-05-28 03:00:00",332,356.999999946996,-420.546113463453,1134.54611335744,-832.154162535699,1546.15416242969
"2018-05-28 04:00:00",314,778.999999957309,1.45388654686053,1556.54611336776,-410.154162525385,1968.15416244
"2018-05-28 05:00:00",488,2237.99999996562,1460.45388655517,3015.54611337607,1048.84583748292,3427.15416244831
"2018-05-28 06:00:00",882,4363.99999997231,3586.45388656186,5141.54611338276,3174.84583748961,5553.154162455
"2018-05-28 07:00:00",989,4962.9999999777,4185.45388656725,5740.54611338814,3773.845837495,6152.15416246039
"2018-05-28 08:00:00",1294,4462.99999998204,3685.45388657159,5240.54611339248,3273.84583749934,5652.15416246473
"2018-05-28 09:00:00",1873,4044.99999998553,3267.45388657508,4822.54611339598,2855.84583750284,5234.15416246823
"2018-05-28 10:00:00",2576,3625.99999998835,2848.4538865779,4403.5461133988,2436.84583750565,4815.15416247104
"2018-05-28 11:00:00",3037,3859.99999999061,3082.45388658017,4637.54611340106,2670.84583750792,5049.15416247331
"2018-05-28 12:00:00",3375,4148.99999999244,3371.45388658199,4926.54611340289,2959.84583750975,5338.15416247514
"2018-05-28 13:00:00",3611,4109.99999999391,3332.45388658346,4887.54611340436,2920.84583751122,5299.15416247661
"2018-05-28 14:00:00",4032,4386.9999999951,3609.45388658465,5164.54611340554,3197.8458375124,5576.15416247779
"2018-05-28 15:00:00",3812,4941.99999999605,4164.4538865856,5719.5461134065,3752.84583751336,6131.15416247875
"2018-05-28 16:00:00",3810,5787.99999999682,5010.45388658637,6565.54611340727,4598.84583751413,6977.15416247951
"2018-05-28 17:00:00",3822,5566.99999999744,4789.45388658699,6344.54611340789,4377.84583751474,6756.15416248013
"2018-05-28 18:00:00",3749,4060.99999999794,3283.45388658749,4838.54611340839,2871.84583751524,5250.15416248063
"2018-05-28 19:00:00",3145,2978.99999999834,2201.45388658789,3756.54611340879,1789.84583751564,4168.15416248103
"2018-05-28 20:00:00",2611,2555.99999999866,1778.45388658821,3333.54611340911,1366.84583751597,3745.15416248136
"2018-05-28 21:00:00",2338,2099.99999999892,1322.45388658847,2877.54611340937,910.845837516227,3289.15416248162
"2018-05-28 22:00:00",1936,1488.99999999913,711.453886588683,2266.54611340958,299.845837516437,2678.15416248183
"2018-05-28 23:00:00",1141,977.999999999301,200.453886588852,1755.54611340975,-211.154162483394,2167.154162482
"2018-05-29 00:00:00",565,523.999999999437,-253.546113411012,1301.54611340989,-665.154162483258,1713.15416248213
"2018-05-29 01:00:00",347,335.999999999546,-441.546113410903,1113.54611341,-853.154162483148,1525.15416248224
"2018-05-29 02:00:00",239,270.999999999635,-506.546113410814,1048.54611341008,-918.15416248306,1460.15416248233
"2018-05-29 03:00:00",340,346.999999999706,-430.546113410743,1124.54611341015,-842.154162482989,1536.1541624824
"2018-05-29 04:00:00",828,897.999999999763,120.453886589314,1675.54611341021,-291.154162482932,2087.15416248246
"2018-05-29 05:00:00",2911,2847.99999999981,2070.45388658936,3625.54611341026,1658.84583751711,4037.1541624825
"2018-05-29 06:00:00",5723,5515.99999999985,4738.4538865894,6293.5461134103,4326.84583751715,6705.15416248254
"2018-05-29 07:00:00",6106,6207.99999999988,5430.45388658943,6985.54611341033,5018.84583751718,7397.15416248257
"2018-05-29 08:00:00",5530,5891.9999999999,5114.45388658945,6669.54611341035,4702.8458375172,7081.15416248259
"2018-05-29 09:00:00",5117,5676.99999999992,4899.45388658947,6454.54611341037,4487.84583751722,6866.15416248261
"2018-05-29 10:00:00",4530,4455.99999999994,3678.45388658949,5233.54611341038,3266.84583751724,5645.15416248263
"2018-05-29 11:00:00",4436,4714.99999999995,3937.4538865895,5492.5461134104,3525.84583751725,5904.15416248264
"2018-05-29 12:00:00",4866,4961.99999999996,4184.45388658951,5739.54611341041,3772.84583751726,6151.15416248265
"2018-05-29 13:00:00",4973,4912.99999999997,4135.45388658952,5690.54611341042,3723.84583751727,6102.15416248266
"2018-05-29 14:00:00",5159,5219.99999999997,4442.45388658952,5997.54611341042,4030.84583751728,6409.15416248267
"2018-05-29 15:00:00",6018,5843.99999999998,5066.45388658953,6621.54611341043,4654.84583751728,7033.15416248267
"2018-05-29 16:00:00",6820,6656.99999999998,5879.45388658953,7434.54611341043,5467.84583751729,7846.15416248268
"2018-05-29 17:00:00",5990,6276.99999999999,5499.45388658954,7054.54611341043,5087.84583751729,7466.15416248268
"2018-05-29 18:00:00",4267,4826.99999999999,4049.45388658954,5604.54611341044,3637.84583751729,6016.15416248268
"2018-05-29 19:00:00",3036,3480.99999999999,2703.45388658954,4258.54611341044,2291.8458375173,4670.15416248269
"2018-05-29 20:00:00",2466,2876.99999999999,2099.45388658954,3654.54611341044,1687.8458375173,4066.15416248269
"2018-05-29 21:00:00",2154,3417.99999999999,2640.45388658955,4195.54611341044,2228.8458375173,4607.15416248269
"2018-05-29 22:00:00",1595,3293.99999999999,2516.45388658955,4071.54611341044,2104.8458375173,4483.15416248269
"2018-05-29 23:00:00",969,1297,519.453886589547,2074.54611341045,107.845837517302,2486.15416248269
"2018-05-30 00:00:00",527,825.999999999997,48.4538865895479,1603.54611341045,-363.154162482698,2015.15416248269
"2018-05-30 01:00:00",351,593.999999999997,-183.546113410451,1371.54611341045,-595.154162482697,1783.15416248269
"2018-05-30 02:00:00",306,430.999999999998,-346.546113410451,1208.54611341045,-758.154162482697,1620.15416248269
"2018-05-30 03:00:00",329,520.999999999998,-256.546113410451,1298.54611341045,-668.154162482696,1710.15416248269
"2018-05-30 04:00:00",893,974.999999999999,197.45388658955,1752.54611341045,-214.154162482696,2164.15416248269
"2018-05-30 05:00:00",3023,2986,2208.45388658955,3763.54611341045,1796.8458375173,4175.15416248269
"2018-05-30 06:00:00",6046,5943,5165.45388658955,6720.54611341045,4753.8458375173,7132.15416248269
"2018-05-30 07:00:00",6326,6871,6093.45388658955,7648.54611341045,5681.8458375173,8060.15416248269
"2018-05-30 08:00:00",5716,6614,5836.45388658955,7391.54611341045,5424.8458375173,7803.15416248269
"2018-05-30 09:00:00",5283,5378,4600.45388658955,6155.54611341045,4188.8458375173,6567.1541624827
"2018-05-30 10:00:00",4554,4751,3973.45388658955,5528.54611341045,3561.84583751731,5940.1541624827
"2018-05-30 11:00:00",4744,4824,4046.45388658955,5601.54611341045,3634.84583751731,6013.1541624827
"2018-05-30 12:00:00",4923,5013,4235.45388658955,5790.54611341045,3823.84583751731,6202.1541624827
"2018-05-30 13:00:00",4823,5017,4239.45388658955,5794.54611341045,3827.84583751731,6206.1541624827
"2018-05-30 14:00:00",5343,5437,4659.45388658955,6214.54611341045,4247.8458375173,6626.1541624827
"2018-05-30 15:00:00",6062,5835,5057.45388658955,6612.54611341045,4645.8458375173,7024.1541624827
"2018-05-30 16:00:00",7042,7022,6244.45388658955,7799.54611341045,5832.8458375173,8211.1541624827
"2018-05-30 17:00:00",6429,6459,5681.45388658955,7236.54611341045,5269.8458375173,7648.1541624827
"2018-05-30 18:00:00",4621,4663,3885.45388658955,5440.54611341045,3473.84583751731,5852.1541624827
"2018-05-30 19:00:00",3555,3393,2615.45388658955,4170.54611341045,2203.84583751731,4582.1541624827
"2018-05-30 20:00:00",2788,3034,2256.45388658955,3811.54611341045,1844.84583751731,4223.1541624827
"2018-05-30 21:00:00",2612,2604,1826.45388658955,3381.54611341045,1414.84583751731,3793.15416248269
"2018-05-30 22:00:00",1932,1726,948.453886589551,2503.54611341045,536.845837517305,2915.15416248269
"2018-05-30 23:00:00",1233,1085,307.453886589551,1862.54611341045,-104.154162482695,2274.15416248269
"2018-05-31 00:00:00",695,561,-216.546113410449,1338.54611341045,-628.154162482695,1750.15416248269
"2018-05-31 01:00:00",382,351,-426.546113410449,1128.54611341045,-838.154162482695,1540.15416248269
"2018-05-31 02:00:00",307,275,-502.546113410449,1052.54611341045,-914.154162482695,1464.15416248269
"2018-05-31 03:00:00",343,361,-416.546113410449,1138.54611341045,-828.154162482695,1550.15416248269
"2018-05-31 04:00:00",922,909,131.453886589551,1686.54611341045,-280.154162482695,2098.15416248269
"2018-05-31 05:00:00",3013,2885,2107.45388658955,3662.54611341045,1695.84583751731,4074.15416248269
"2018-05-31 06:00:00",6007,5715,4937.45388658955,6492.54611341045,4525.8458375173,6904.1541624827
"2018-05-31 07:00:00",6420,6461,5683.45388658955,7238.54611341045,5271.8458375173,7650.1541624827
"2018-05-31 08:00:00",5912,6046,5268.45388658955,6823.54611341045,4856.8458375173,7235.1541624827
"2018-05-31 09:00:00",5313,5842,5064.45388658955,6619.54611341045,4652.8458375173,7031.1541624827
"2018-05-31 10:00:00",4734,4882,4104.45388658955,5659.54611341045,3692.84583751731,6071.1541624827
"2018-05-31 11:00:00",5008,5035,4257.45388658955,5812.54611341045,3845.84583751731,6224.1541624827
"2018-05-31 12:00:00",5031,5027,4249.45388658955,5804.54611341045,3837.84583751731,6216.1541624827
"2018-05-31 13:00:00",5199,5326.18604282048,4548.63992941003,6103.73215623093,4137.03188033778,6515.34020530317
"2018-05-31 14:00:00",5407,5568.83901632232,4791.29290291187,6346.38512973276,4379.68485383962,6757.99317880501
"2018-05-31 15:00:00",5950,6247.84327705668,5470.29716364623,7025.38939046713,5058.68911457398,7436.99743953937
"2018-05-31 16:00:00",6860,7209.65212162901,6432.10600821856,7987.19823503946,6020.49795914632,8398.80628411171
"2018-05-31 17:00:00",6358,6808.30357549932,6030.75746208887,7585.84968890977,5619.14941301662,7997.45773798201
"2018-05-31 18:00:00",5042,5061.82826486443,4284.28215145398,5839.37437827488,3872.67410238174,6250.98242734713
"2018-05-31 19:00:00",3671,3695.25085645904,2917.70474304859,4472.79696986949,2506.09669397634,4884.40501894173
"2018-05-31 20:00:00",3037,3080.59121718999,2303.04510377954,3858.13733060044,1891.43705470729,4269.74537967268
"2018-05-31 21:00:00",3102,2760.86534812077,1983.31923471033,3538.41146153122,1571.71118563808,3950.01951060347
"2018-05-31 22:00:00",2222,2052.0861367147,1274.54002330425,2829.63225012515,862.931974232007,3241.2402991974
"2018-05-31 23:00:00",1446,1167.26396270124,389.717849290793,1944.81007611169,-21.890199781453,2356.41812518394
"2018-06-01 00:00:00",786,632.407186048637,-145.138927361812,1409.95329945909,-556.746976434058,1821.56134853133
"2018-06-01 01:00:00",497,386.522539983335,-391.023573427114,1164.06865339378,-802.631622499359,1575.67670246603
"2018-06-01 02:00:00",346,305.615447532925,-471.930665877524,1083.16156094337,-883.53871494977,1494.76961001562
"2018-06-01 03:00:00",395,355.690276473899,-421.85583693655,1133.23638988435,-833.463886008796,1544.84443895659
"2018-06-01 04:00:00",872,845.750544669886,68.2044312594369,1623.29665808033,-343.403617812809,2034.90470715258
"2018-06-01 05:00:00",2965,2720.79908545371,1943.25297204326,3498.34519886416,1531.64492297101,3909.9532479364
"2018-06-01 06:00:00",5345,5425.83818082823,4648.29206741779,6203.38429423868,4236.68401834554,6614.99234331093
"2018-06-01 07:00:00",6658,6584.86966874806,5807.32355533761,7362.41578215851,5395.71550626537,7774.02383123076
"2018-06-01 08:00:00",5639,5893.89502952557,5116.34891611512,6671.44114293602,4704.74086704288,7083.04919200827
"2018-06-01 09:00:00",5132,5226.91545542349,4449.36934201304,6004.46156883393,4037.76129294079,6416.06961790618
"2018-06-01 10:00:00",4739,4852.9319067056,4075.38579329516,5630.47802011605,3663.77774422291,6042.0860691883
"2018-06-01 11:00:00",5043,5232.9451567808,4455.39904337036,6010.49127019125,4043.79099429811,6422.0993192635
"2018-06-01 12:00:00",5387,5301.95582856259,4524.40971515214,6079.50194197304,4112.80166607989,6491.10999104528
"2018-06-01 13:00:00",5381,5173.96442375353,4396.41831034308,5951.51053716398,3984.81026127084,6363.11858623623
"2018-06-01 14:00:00",5742,5329.97134643138,4552.42523302094,6107.51745984183,4140.81718394869,6519.12550891408
"2018-06-01 15:00:00",6352,5952.97692204558,5175.43080863513,6730.52303545603,4763.82275956289,7142.13108452828
"2018-06-01 16:00:00",6860,6685.9814127173,5908.43529930685,7463.52752612775,5496.82725023461,7875.1355752
"2018-06-01 17:00:00",5983,5686.98502956233,4909.43891615188,6464.53114297278,4497.83086707964,6876.13919204503
"2018-06-01 18:00:00",4926,4166.98794261606,3389.44182920561,4944.53405602651,2977.83378013336,5356.14210509875
"2018-06-01 19:00:00",3804,2881.99028882717,2104.44417541672,3659.53640223762,1692.83612634447,4071.14445130986
"2018-06-01 20:00:00",3446,2319.99217849592,1542.44606508547,3097.53829190636,1130.83801601322,3509.14634097861
"2018-06-01 21:00:00",3519,2157.99370045954,1380.44758704909,2935.53981386999,968.839537976848,3347.14786294224
"2018-06-01 22:00:00",2865,1772.99492626871,995.448812858265,2550.54103967916,583.84076378602,2962.14908875141
"2018-06-01 23:00:00",2218,1142.99591355126,365.449800140812,1920.54202696171,-46.1582489314339,2332.15007603395
"2018-06-02 00:00:00",1601,624.996708721381,-152.549404689068,1402.54282213183,-564.157453761314,1814.15087120408
"2018-06-02 01:00:00",830,440.997349161671,-336.548764248778,1218.54346257212,-748.156813321024,1630.15151164437
"2018-06-02 02:00:00",638,396.997864980556,-380.548248429893,1174.54397839101,-792.156297502139,1586.15202746325
"2018-06-02 03:00:00",446,308.998280427752,-468.547832982697,1086.5443938382,-880.155882054943,1498.15244291045
"2018-06-02 04:00:00",424,299.998615034291,-477.547498376158,1077.54472844474,-889.155547448403,1489.15277751699
"2018-06-02 05:00:00",746,539.998884530722,-237.547228879727,1317.54499794117,-649.155277951973,1729.15304701342
"2018-06-02 06:00:00",1385,985.999101586629,208.45298817618,1763.54521499708,-203.155060896065,2175.15326406932
"2018-06-02 07:00:00",1928,1310.99927640626,533.453162995813,2088.54538981671,121.845113923568,2500.15343888896
"2018-06-02 08:00:00",2730,1488.99941720825,711.453303797804,2266.5455306187,299.845254725559,2678.15357969095
"2018-06-02 09:00:00",3707,1754.999530612,977.453417201548,2532.54564402245,565.845368129302,2944.15369309469
"2018-06-02 10:00:00",3864,1977.99962194884,1200.45350853839,2755.54573535929,788.845459466142,3167.15378443153
"2018-06-02 11:00:00",4260,2152.99969551271,1375.45358210226,2930.54580892316,963.845533030013,3342.1538579954
"2018-06-02 12:00:00",4671,2146.999754762,1369.45364135155,2924.54586817245,957.845592279306,3336.1539172447
"2018-06-02 13:00:00",4741,1986.99980248215,1209.4536890717,2764.5459158926,797.845639999452,3176.15396496484
"2018-06-02 14:00:00",4896,1821.99984091657,1044.45372750612,2599.54595432702,632.845678433874,3011.15400339926
"2018-06-02 15:00:00",4509,1880.99987187215,1103.4537584617,2658.5459852826,691.845709389454,3070.15403435484
"2018-06-02 16:00:00",4560,1460.99989680417,683.453783393724,2238.54601021462,271.845734321478,2650.15405928687
"2018-06-02 17:00:00",4221,1477.99991688475,700.453803474298,2255.5460302952,288.845754402053,2667.15407936744
"2018-06-02 18:00:00",4013,1067.9999330579,290.453819647453,1845.54604646835,-121.154229424793,2257.1540955406
"2018-06-02 19:00:00",3480,880.999946083969,103.45383267352,1658.54605949442,-308.154216398726,2070.15410856666
"2018-06-02 20:00:00",3074,617.999956575332,-159.546156835117,1395.54606998578,-571.154205907363,1807.15411905803
"2018-06-02 21:00:00",2905,706.999965025211,-70.5461483852379,1484.54607843566,-482.154197457484,1896.15412750791
"2018-06-02 22:00:00",2808,593.999971830853,-183.546141579596,1371.5460852413,-595.154190651842,1783.15413431355
"2018-06-02 23:00:00",2103,525.999977312205,-251.546136098244,1303.54609072265,-663.15418517049,1715.1541397949
"2018-06-03 00:00:00",1516,352.999981726957,-424.546131683492,1130.54609513741,-836.154180755738,1542.15414420965
"2018-06-03 01:00:00",905,258.999985282655,-518.546128127794,1036.5460986931,-930.15417720004,1448.15414776535
"2018-06-03 02:00:00",647,197.99998814646,-579.546125263989,975.546101556909,-991.154174336235,1387.15415062915
"2018-06-03 03:00:00",477,150.999990453006,-626.546122957443,928.546103863455,-1038.15417202969,1340.1541529357
"2018-06-03 04:00:00",419,174.999992310727,-602.546121099721,952.546105721176,-1014.15417017197,1364.15415479342
"2018-06-03 05:00:00",643,300.999993806961,-476.546119603488,1078.54610721741,-888.154168675734,1490.15415628966
"2018-06-03 06:00:00",1103,489.999995012046,-287.546118398403,1267.54610842249,-699.154167470649,1679.15415749474
"2018-06-03 07:00:00",1519,633.999995982637,-143.546117427812,1411.54610939309,-555.154166500057,1823.15415846533
"2018-06-03 08:00:00",2380,673.999996764364,-103.546116646085,1451.54611017481,-515.15416571833,1863.15415924706
"2018-06-03 09:00:00",3350,983.999997393977,206.453883983528,1761.54611080443,-205.154165088717,2173.15415987667
"2018-06-03 10:00:00",3820,1493.99999790108,716.453884490627,2271.54611131152,304.845835418381,2683.15416038377
"2018-06-03 11:00:00",4453,1793.9999983095,1016.45388489905,2571.54611171995,604.845835826804,2983.15416079219
"2018-06-03 12:00:00",4858,2036.99999863845,1259.453885228,2814.5461120489,847.845836155754,3226.15416112114
"2018-06-03 13:00:00",4563,2204.99999890339,1427.45388549294,2982.54611231384,1015.84583642069,3394.15416138608
"2018-06-03 14:00:00",4458,2405.99999911678,1628.45388570633,3183.54611252722,1216.84583663408,3595.15416159947
"2018-06-03 15:00:00",4554,2170.99999928864,1393.45388587819,2948.54611269909,981.845836805945,3360.15416177133
"2018-06-03 16:00:00",4547,2108.99999942706,1331.45388601661,2886.54611283751,919.845836944367,3298.15416190976
"2018-06-03 17:00:00",4262,1848.99999953855,1071.4538861281,2626.546112949,659.845837055853,3038.15416202124
"2018-06-03 18:00:00",3972,1658.99999962834,881.453886217891,2436.54611303879,469.845837145646,2848.15416211103
"2018-06-03 19:00:00",3527,1416.99999970066,639.453886290212,2194.54611311111,227.845837217966,2606.15416218335
"2018-06-03 20:00:00",3043,1641.99999975891,864.453886348459,2419.54611316936,452.845837276213,2831.1541622416
"2018-06-03 21:00:00",2490,2808.99999980582,2031.45388639537,3586.54611321627,1619.84583732313,3998.15416228852
"2018-06-03 22:00:00",2051,1202.99999984361,425.453886433157,1980.54611325405,13.8458373609114,2392.1541623263
"2018-06-03 23:00:00",1166,705.999999874038,-71.5461135364106,1483.54611328449,-483.154162608656,1895.15416235673
"2018-06-04 00:00:00",667,406.999999898549,-370.5461135119,1184.546113309,-782.154162584146,1596.15416238124
"2018-06-04 01:00:00",377,271.99999991829,-505.546113492159,1049.54611332874,-917.154162564405,1461.15416240098
"2018-06-04 02:00:00",285,246.99999993419,-530.546113476259,1024.54611334464,-942.154162548505,1436.15416241688
"2018-06-04 03:00:00",375,356.999999946996,-420.546113463453,1134.54611335744,-832.154162535699,1546.15416242969
"2018-06-04 04:00:00",928,778.999999957309,1.45388654686053,1556.54611336776,-410.154162525385,1968.15416244
"2018-06-04 05:00:00",3021,2237.99999996562,1460.45388655517,3015.54611337607,1048.84583748292,3427.15416244831
"2018-06-04 06:00:00",5765,4363.99999997231,3586.45388656186,5141.54611338276,3174.84583748961,5553.154162455
"2018-06-04 07:00:00",6081,4962.9999999777,4185.45388656725,5740.54611338814,3773.845837495,6152.15416246039
"2018-06-04 08:00:00",5546,4462.99999998204,3685.45388657159,5240.54611339248,3273.84583749934,5652.15416246473
"2018-06-04 09:00:00",5108,4044.99999998553,3267.45388657508,4822.54611339598,2855.84583750284,5234.15416246823
"2018-06-04 10:00:00",4334,3625.99999998835,2848.4538865779,4403.5461133988,2436.84583750565,4815.15416247104
"2018-06-04 11:00:00",4489,3859.99999999061,3082.45388658017,4637.54611340106,2670.84583750792,5049.15416247331
"2018-06-04 12:00:00",4741,4148.99999999244,3371.45388658199,4926.54611340289,2959.84583750975,5338.15416247514
"2018-06-04 13:00:00",4873,4109.99999999391,3332.45388658346,4887.54611340436,2920.84583751122,5299.15416247661
"2018-06-04 14:00:00",5170,4386.9999999951,3609.45388658465,5164.54611340554,3197.8458375124,5576.15416247779
"2018-06-04 15:00:00",5797,4941.99999999605,4164.4538865856,5719.5461134065,3752.84583751336,6131.15416247875
"2018-06-04 16:00:00",7024,5787.99999999682,5010.45388658637,6565.54611340727,4598.84583751413,6977.15416247951
"2018-06-04 17:00:00",6234,5566.99999999744,4789.45388658699,6344.54611340789,4377.84583751474,6756.15416248013
"2018-06-04 18:00:00",4374,4060.99999999794,3283.45388658749,4838.54611340839,2871.84583751524,5250.15416248063
"2018-06-04 19:00:00",3279,2978.99999999834,2201.45388658789,3756.54611340879,1789.84583751564,4168.15416248103
"2018-06-04 20:00:00",2941,2555.99999999866,1778.45388658821,3333.54611340911,1366.84583751597,3745.15416248136
"2018-06-04 21:00:00",2776,2099.99999999892,1322.45388658847,2877.54611340937,910.845837516227,3289.15416248162
"2018-06-04 22:00:00",1871,1488.99999999913,711.453886588683,2266.54611340958,299.845837516437,2678.15416248183
"2018-06-04 23:00:00",1115,977.999999999301,200.453886588852,1755.54611340975,-211.154162483394,2167.154162482
"2018-06-05 00:00:00",635,523.999999999437,-253.546113411012,1301.54611340989,-665.154162483258,1713.15416248213
"2018-06-05 01:00:00",399,335.999999999546,-441.546113410903,1113.54611341,-853.154162483148,1525.15416248224
"2018-06-05 02:00:00",297,270.999999999635,-506.546113410814,1048.54611341008,-918.15416248306,1460.15416248233
"2018-06-05 03:00:00",355,346.999999999706,-430.546113410743,1124.54611341015,-842.154162482989,1536.1541624824
"2018-06-05 04:00:00",952,897.999999999763,120.453886589314,1675.54611341021,-291.154162482932,2087.15416248246
"2018-06-05 05:00:00",3078,2847.99999999981,2070.45388658936,3625.54611341026,1658.84583751711,4037.1541624825
"2018-06-05 06:00:00",5970,5515.99999999985,4738.4538865894,6293.5461134103,4326.84583751715,6705.15416248254
"2018-06-05 07:00:00",5972,6207.99999999988,5430.45388658943,6985.54611341033,5018.84583751718,7397.15416248257
"2018-06-05 08:00:00",5645,5891.9999999999,5114.45388658945,6669.54611341035,4702.8458375172,7081.15416248259
"2018-06-05 09:00:00",5046,5676.99999999992,4899.45388658947,6454.54611341037,4487.84583751722,6866.15416248261
"2018-06-05 10:00:00",4592,4455.99999999994,3678.45388658949,5233.54611341038,3266.84583751724,5645.15416248263
"2018-06-05 11:00:00",4778,4714.99999999995,3937.4538865895,5492.5461134104,3525.84583751725,5904.15416248264
"2018-06-05 12:00:00",5256,4961.99999999996,4184.45388658951,5739.54611341041,3772.84583751726,6151.15416248265
"2018-06-05 13:00:00",5285,4912.99999999997,4135.45388658952,5690.54611341042,3723.84583751727,6102.15416248266
"2018-06-05 14:00:00",5340,5219.99999999997,4442.45388658952,5997.54611341042,4030.84583751728,6409.15416248267
"2018-06-05 15:00:00",6102,5843.99999999998,5066.45388658953,6621.54611341043,4654.84583751728,7033.15416248267
"2018-06-05 16:00:00",7037,6656.99999999998,5879.45388658953,7434.54611341043,5467.84583751729,7846.15416248268
"2018-06-05 17:00:00",6431,6276.99999999999,5499.45388658954,7054.54611341043,5087.84583751729,7466.15416248268
"2018-06-05 18:00:00",4582,4826.99999999999,4049.45388658954,5604.54611341044,3637.84583751729,6016.15416248268
"2018-06-05 19:00:00",3510,3480.99999999999,2703.45388658954,4258.54611341044,2291.8458375173,4670.15416248269
"2018-06-05 20:00:00",3012,2876.99999999999,2099.45388658954,3654.54611341044,1687.8458375173,4066.15416248269
"2018-06-05 21:00:00",2754,3417.99999999999,2640.45388658955,4195.54611341044,2228.8458375173,4607.15416248269
"2018-06-05 22:00:00",2212,3293.99999999999,2516.45388658955,4071.54611341044,2104.8458375173,4483.15416248269
"2018-06-05 23:00:00",1227,1297,519.453886589547,2074.54611341045,107.845837517302,2486.15416248269
"2018-06-06 00:00:00",663,825.999999999997,48.4538865895479,1603.54611341045,-363.154162482698,2015.15416248269
"2018-06-06 01:00:00",415,593.999999999997,-183.546113410451,1371.54611341045,-595.154162482697,1783.15416248269
"2018-06-06 02:00:00",318,430.999999999998,-346.546113410451,1208.54611341045,-758.154162482697,1620.15416248269
"2018-06-06 03:00:00",362,520.999999999998,-256.546113410451,1298.54611341045,-668.154162482696,1710.15416248269
"2018-06-06 04:00:00",934,974.999999999999,197.45388658955,1752.54611341045,-214.154162482696,2164.15416248269
"2018-06-06 05:00:00",2980,2986,2208.45388658955,3763.54611341045,1796.8458375173,4175.15416248269
"2018-06-06 06:00:00",5195,5943,5165.45388658955,6720.54611341045,4753.8458375173,7132.15416248269
"2018-06-06 07:00:00",6083,6871,6093.45388658955,7648.54611341045,5681.8458375173,8060.15416248269
"2018-06-06 08:00:00",5301,6614,5836.45388658955,7391.54611341045,5424.8458375173,7803.15416248269
"2018-06-06 09:00:00",5324,5378,4600.45388658955,6155.54611341045,4188.8458375173,6567.1541624827
"2018-06-06 10:00:00",4621,4751,3973.45388658955,5528.54611341045,3561.84583751731,5940.1541624827
"2018-06-06 11:00:00",4915,4824,4046.45388658955,5601.54611341045,3634.84583751731,6013.1541624827
"2018-06-06 12:00:00",5098,5013,4235.45388658955,5790.54611341045,3823.84583751731,6202.1541624827
"2018-06-06 13:00:00",4799,5017,4239.45388658955,5794.54611341045,3827.84583751731,6206.1541624827
"2018-06-06 14:00:00",5226,5437,4659.45388658955,6214.54611341045,4247.8458375173,6626.1541624827
"2018-06-06 15:00:00",6264,5835,5057.45388658955,6612.54611341045,4645.8458375173,7024.1541624827
"2018-06-06 16:00:00",6925,7022,6244.45388658955,7799.54611341045,5832.8458375173,8211.1541624827
"2018-06-06 17:00:00",6637,6459,5681.45388658955,7236.54611341045,5269.8458375173,7648.1541624827
"2018-06-06 18:00:00",5055,4663,3885.45388658955,5440.54611341045,3473.84583751731,5852.1541624827
"2018-06-06 19:00:00",3648,3393,2615.45388658955,4170.54611341045,2203.84583751731,4582.1541624827
"2018-06-06 20:00:00",3157,3034,2256.45388658955,3811.54611341045,1844.84583751731,4223.1541624827
"2018-06-06 21:00:00",2723,2604,1826.45388658955,3381.54611341045,1414.84583751731,3793.15416248269
"2018-06-06 22:00:00",2224,1726,948.453886589551,2503.54611341045,536.845837517305,2915.15416248269
"2018-06-06 23:00:00",1303,1085,307.453886589551,1862.54611341045,-104.154162482695,2274.15416248269
"2018-06-07 00:00:00",685,561,-216.546113410449,1338.54611341045,-628.154162482695,1750.15416248269
"2018-06-07 01:00:00",439,351,-426.546113410449,1128.54611341045,-838.154162482695,1540.15416248269
"2018-06-07 02:00:00",328,275,-502.546113410449,1052.54611341045,-914.154162482695,1464.15416248269
"2018-06-07 03:00:00",380,361,-416.546113410449,1138.54611341045,-828.154162482695,1550.15416248269
"2018-06-07 04:00:00",977,909,131.453886589551,1686.54611341045,-280.154162482695,2098.15416248269
"2018-06-07 05:00:00",3018,2885,2107.45388658955,3662.54611341045,1695.84583751731,4074.15416248269
"2018-06-07 06:00:00",5885,5715,4937.45388658955,6492.54611341045,4525.8458375173,6904.1541624827
"2018-06-07 07:00:00",6097,6461,5683.45388658955,7238.54611341045,5271.8458375173,7650.1541624827
"2018-06-07 08:00:00",5871,6046,5268.45388658955,6823.54611341045,4856.8458375173,7235.1541624827
"2018-06-07 09:00:00",5136,5842,5064.45388658955,6619.54611341045,4652.8458375173,7031.1541624827
"2018-06-07 10:00:00",4691,4882,4104.45388658955,5659.54611341045,3692.84583751731,6071.1541624827
"2018-06-07 11:00:00",5168,5035,4257.45388658955,5812.54611341045,3845.84583751731,6224.1541624827
"2018-06-07 12:00:00",5220,5027,4249.45388658955,5804.54611341045,3837.84583751731,6216.1541624827
"2018-06-07 13:00:00",5094,5326.18604282048,4548.63992941003,6103.73215623093,4137.03188033778,6515.34020530317
"2018-06-07 14:00:00",5399,5568.83901632232,4791.29290291187,6346.38512973276,4379.68485383962,6757.99317880501
"2018-06-07 15:00:00",6202,6247.84327705668,5470.29716364623,7025.38939046713,5058.68911457398,7436.99743953937
"2018-06-07 16:00:00",6858,7209.65212162901,6432.10600821856,7987.19823503946,6020.49795914632,8398.80628411171
"2018-06-07 17:00:00",6286,6808.30357549932,6030.75746208887,7585.84968890977,5619.14941301662,7997.45773798201
"2018-06-07 18:00:00",4858,5061.82826486443,4284.28215145398,5839.37437827488,3872.67410238174,6250.98242734713
"2018-06-07 19:00:00",3715,3695.25085645904,2917.70474304859,4472.79696986949,2506.09669397634,4884.40501894173
"2018-06-07 20:00:00",3222,3080.59121718999,2303.04510377954,3858.13733060044,1891.43705470729,4269.74537967268
"2018-06-07 21:00:00",2912,2760.86534812077,1983.31923471033,3538.41146153122,1571.71118563808,3950.01951060347
"2018-06-07 22:00:00",2215,2052.0861367147,1274.54002330425,2829.63225012515,862.931974232007,3241.2402991974
"2018-06-07 23:00:00",1398,1167.26396270124,389.717849290793,1944.81007611169,-21.890199781453,2356.41812518394
"2018-06-08 00:00:00",800,632.407186048637,-145.138927361812,1409.95329945909,-556.746976434058,1821.56134853133
"2018-06-08 01:00:00",480,386.522539983335,-391.023573427114,1164.06865339378,-802.631622499359,1575.67670246603
"2018-06-08 02:00:00",354,305.615447532925,-471.930665877524,1083.16156094337,-883.53871494977,1494.76961001562
"2018-06-08 03:00:00",364,355.690276473899,-421.85583693655,1133.23638988435,-833.463886008796,1544.84443895659
"2018-06-08 04:00:00",884,845.750544669886,68.2044312594369,1623.29665808033,-343.403617812809,2034.90470715258
"2018-06-08 05:00:00",2793,2720.79908545371,1943.25297204326,3498.34519886416,1531.64492297101,3909.9532479364
"2018-06-08 06:00:00",5554,5425.83818082823,4648.29206741779,6203.38429423868,4236.68401834554,6614.99234331093
"2018-06-08 07:00:00",6584,6584.86966874806,5807.32355533761,7362.41578215851,5395.71550626537,7774.02383123076
"2018-06-08 08:00:00",5442,5893.89502952557,5116.34891611512,6671.44114293602,4704.74086704288,7083.04919200827
"2018-06-08 09:00:00",5011,5226.91545542349,4449.36934201304,6004.46156883393,4037.76129294079,6416.06961790618
"2018-06-08 10:00:00",4681,4852.9319067056,4075.38579329516,5630.47802011605,3663.77774422291,6042.0860691883
"2018-06-08 11:00:00",4996,5232.9451567808,4455.39904337036,6010.49127019125,4043.79099429811,6422.0993192635
"2018-06-08 12:00:00",5415,5301.95582856259,4524.40971515214,6079.50194197304,4112.80166607989,6491.10999104528
"2018-06-08 13:00:00",5563,5173.96442375353,4396.41831034308,5951.51053716398,3984.81026127084,6363.11858623623
"2018-06-08 14:00:00",5936,5329.97134643138,4552.42523302094,6107.51745984183,4140.81718394869,6519.12550891408
"2018-06-08 15:00:00",6290,5952.97692204558,5175.43080863513,6730.52303545603,4763.82275956289,7142.13108452828
"2018-06-08 16:00:00",6727,6685.9814127173,5908.43529930685,7463.52752612775,5496.82725023461,7875.1355752
"2018-06-08 17:00:00",5865,5686.98502956233,4909.43891615188,6464.53114297278,4497.83086707964,6876.13919204503
"2018-06-08 18:00:00",4959,4166.98794261606,3389.44182920561,4944.53405602651,2977.83378013336,5356.14210509875
"2018-06-08 19:00:00",3792,2881.99028882717,2104.44417541672,3659.53640223762,1692.83612634447,4071.14445130986
"2018-06-08 20:00:00",3251,2319.99217849592,1542.44606508547,3097.53829190636,1130.83801601322,3509.14634097861
"2018-06-08 21:00:00",3050,2157.99370045954,1380.44758704909,2935.53981386999,968.839537976848,3347.14786294224
"2018-06-08 22:00:00",3360,1772.99492626871,995.448812858265,2550.54103967916,583.84076378602,2962.14908875141
"2018-06-08 23:00:00",2903,1142.99591355126,365.449800140812,1920.54202696171,-46.1582489314339,2332.15007603395
"2018-06-09 00:00:00",1511,624.996708721381,-152.549404689068,1402.54282213183,-564.157453761314,1814.15087120408
"2018-06-09 01:00:00",1110,440.997349161671,-336.548764248778,1218.54346257212,-748.156813321024,1630.15151164437
"2018-06-09 02:00:00",866,396.997864980556,-380.548248429893,1174.54397839101,-792.156297502139,1586.15202746325
"2018-06-09 03:00:00",614,308.998280427752,-468.547832982697,1086.5443938382,-880.155882054943,1498.15244291045
"2018-06-09 04:00:00",517,299.998615034291,-477.547498376158,1077.54472844474,-889.155547448403,1489.15277751699
"2018-06-09 05:00:00",795,539.998884530722,-237.547228879727,1317.54499794117,-649.155277951973,1729.15304701342
"2018-06-09 06:00:00",1398,985.999101586629,208.45298817618,1763.54521499708,-203.155060896065,2175.15326406932
"2018-06-09 07:00:00",2172,1310.99927640626,533.453162995813,2088.54538981671,121.845113923568,2500.15343888896
"2018-06-09 08:00:00",2686,1488.99941720825,711.453303797804,2266.5455306187,299.845254725559,2678.15357969095
"2018-06-09 09:00:00",3367,1754.999530612,977.453417201548,2532.54564402245,565.845368129302,2944.15369309469
"2018-06-09 10:00:00",3684,1977.99962194884,1200.45350853839,2755.54573535929,788.845459466142,3167.15378443153
"2018-06-09 11:00:00",4085,2152.99969551271,1375.45358210226,2930.54580892316,963.845533030013,3342.1538579954
"2018-06-09 12:00:00",4257,2146.999754762,1369.45364135155,2924.54586817245,957.845592279306,3336.1539172447
"2018-06-09 13:00:00",4186,1986.99980248215,1209.4536890717,2764.5459158926,797.845639999452,3176.15396496484
"2018-06-09 14:00:00",4196,1821.99984091657,1044.45372750612,2599.54595432702,632.845678433874,3011.15400339926
"2018-06-09 15:00:00",3957,1880.99987187215,1103.4537584617,2658.5459852826,691.845709389454,3070.15403435484
"2018-06-09 16:00:00",3940,1460.99989680417,683.453783393724,2238.54601021462,271.845734321478,2650.15405928687
"2018-06-09 17:00:00",3589,1477.99991688475,700.453803474298,2255.5460302952,288.845754402053,2667.15407936744
"2018-06-09 18:00:00",3571,1067.9999330579,290.453819647453,1845.54604646835,-121.154229424793,2257.1540955406
"2018-06-09 19:00:00",3128,880.999946083969,103.45383267352,1658.54605949442,-308.154216398726,2070.15410856666
"2018-06-09 20:00:00",2782,617.999956575332,-159.546156835117,1395.54606998578,-571.154205907363,1807.15411905803
"2018-06-09 21:00:00",2835,706.999965025211,-70.5461483852379,1484.54607843566,-482.154197457484,1896.15412750791
"2018-06-09 22:00:00",2863,593.999971830853,-183.546141579596,1371.5460852413,-595.154190651842,1783.15413431355
"2018-06-09 23:00:00",1928,525.999977312205,-251.546136098244,1303.54609072265,-663.15418517049,1715.1541397949
"2018-06-10 00:00:00",1226,352.999981726957,-424.546131683492,1130.54609513741,-836.154180755738,1542.15414420965
"2018-06-10 01:00:00",777,258.999985282655,-518.546128127794,1036.5460986931,-930.15417720004,1448.15414776535
"2018-06-10 02:00:00",570,197.99998814646,-579.546125263989,975.546101556909,-991.154174336235,1387.15415062915
"2018-06-10 03:00:00",350,150.999990453006,-626.546122957443,928.546103863455,-1038.15417202969,1340.1541529357
"2018-06-10 04:00:00",293,174.999992310727,-602.546121099721,952.546105721176,-1014.15417017197,1364.15415479342
"2018-06-10 05:00:00",427,300.999993806961,-476.546119603488,1078.54610721741,-888.154168675734,1490.15415628966
"2018-06-10 06:00:00",808,489.999995012046,-287.546118398403,1267.54610842249,-699.154167470649,1679.15415749474
"2018-06-10 07:00:00",1012,633.999995982637,-143.546117427812,1411.54610939309,-555.154166500057,1823.15415846533
"2018-06-10 08:00:00",1617,673.999996764364,-103.546116646085,1451.54611017481,-515.15416571833,1863.15415924706
"2018-06-10 09:00:00",2417,983.999997393977,206.453883983528,1761.54611080443,-205.154165088717,2173.15415987667
"2018-06-10 10:00:00",3075,1493.99999790108,716.453884490627,2271.54611131152,304.845835418381,2683.15416038377
"2018-06-10 11:00:00",3656,1793.9999983095,1016.45388489905,2571.54611171995,604.845835826804,2983.15416079219
"2018-06-10 12:00:00",3993,2036.99999863845,1259.453885228,2814.5461120489,847.845836155754,3226.15416112114
"2018-06-10 13:00:00",3888,2204.99999890339,1427.45388549294,2982.54611231384,1015.84583642069,3394.15416138608
"2018-06-10 14:00:00",4125,2405.99999911678,1628.45388570633,3183.54611252722,1216.84583663408,3595.15416159947
"2018-06-10 15:00:00",4062,2170.99999928864,1393.45388587819,2948.54611269909,981.845836805945,3360.15416177133
"2018-06-10 16:00:00",3901,2108.99999942706,1331.45388601661,2886.54611283751,919.845836944367,3298.15416190976
"2018-06-10 17:00:00",3584,1848.99999953855,1071.4538861281,2626.546112949,659.845837055853,3038.15416202124
"2018-06-10 18:00:00",3477,1658.99999962834,881.453886217891,2436.54611303879,469.845837145646,2848.15416211103
"2018-06-10 19:00:00",3010,1416.99999970066,639.453886290212,2194.54611311111,227.845837217966,2606.15416218335
"2018-06-10 20:00:00",2979,1641.99999975891,864.453886348459,2419.54611316936,452.845837276213,2831.1541622416
"2018-06-10 21:00:00",2353,2808.99999980582,2031.45388639537,3586.54611321627,1619.84583732313,3998.15416228852
"2018-06-10 22:00:00",1834,1202.99999984361,425.453886433157,1980.54611325405,13.8458373609114,2392.1541623263
"2018-06-10 23:00:00",1101,705.999999874038,-71.5461135364106,1483.54611328449,-483.154162608656,1895.15416235673
"2018-06-11 00:00:00",642,406.999999898549,-370.5461135119,1184.546113309,-782.154162584146,1596.15416238124
"2018-06-11 01:00:00",396,271.99999991829,-505.546113492159,1049.54611332874,-917.154162564405,1461.15416240098
"2018-06-11 02:00:00",291,246.99999993419,-530.546113476259,1024.54611334464,-942.154162548505,1436.15416241688
"2018-06-11 03:00:00",310,356.999999946996,-420.546113463453,1134.54611335744,-832.154162535699,1546.15416242969
"2018-06-11 04:00:00",873,778.999999957309,1.45388654686053,1556.54611336776,-410.154162525385,1968.15416244
"2018-06-11 05:00:00",2947,2237.99999996562,1460.45388655517,3015.54611337607,1048.84583748292,3427.15416244831
"2018-06-11 06:00:00",5476,4363.99999997231,3586.45388656186,5141.54611338276,3174.84583748961,5553.154162455
"2018-06-11 07:00:00",6336,4962.9999999777,4185.45388656725,5740.54611338814,3773.845837495,6152.15416246039
"2018-06-11 08:00:00",5676,4462.99999998204,3685.45388657159,5240.54611339248,3273.84583749934,5652.15416246473
"2018-06-11 09:00:00",4588,4044.99999998553,3267.45388657508,4822.54611339598,2855.84583750284,5234.15416246823
"2018-06-11 10:00:00",4270,3625.99999998835,2848.4538865779,4403.5461133988,2436.84583750565,4815.15416247104
"2018-06-11 11:00:00",4435,3859.99999999061,3082.45388658017,4637.54611340106,2670.84583750792,5049.15416247331
"2018-06-11 12:00:00",4763,4148.99999999244,3371.45388658199,4926.54611340289,2959.84583750975,5338.15416247514
"2018-06-11 13:00:00",4658,4109.99999999391,3332.45388658346,4887.54611340436,2920.84583751122,5299.15416247661
"2018-06-11 14:00:00",4923,4386.9999999951,3609.45388658465,5164.54611340554,3197.8458375124,5576.15416247779
"2018-06-11 15:00:00",5691,4941.99999999605,4164.4538865856,5719.5461134065,3752.84583751336,6131.15416247875
"2018-06-11 16:00:00",6556,5787.99999999682,5010.45388658637,6565.54611340727,4598.84583751413,6977.15416247951
"2018-06-11 17:00:00",5922,5566.99999999744,4789.45388658699,6344.54611340789,4377.84583751474,6756.15416248013
"2018-06-11 18:00:00",4512,4060.99999999794,3283.45388658749,4838.54611340839,2871.84583751524,5250.15416248063
"2018-06-11 19:00:00",3078,2978.99999999834,2201.45388658789,3756.54611340879,1789.84583751564,4168.15416248103
"2018-06-11 20:00:00",2611,2555.99999999866,1778.45388658821,3333.54611340911,1366.84583751597,3745.15416248136
"2018-06-11 21:00:00",2240,2099.99999999892,1322.45388658847,2877.54611340937,910.845837516227,3289.15416248162
"2018-06-11 22:00:00",1861,1488.99999999913,711.453886588683,2266.54611340958,299.845837516437,2678.15416248183
"2018-06-11 23:00:00",1109,977.999999999301,200.453886588852,1755.54611340975,-211.154162483394,2167.154162482
"2018-06-12 00:00:00",621,523.999999999437,-253.546113411012,1301.54611340989,-665.154162483258,1713.15416248213
"2018-06-12 01:00:00",396,335.999999999546,-441.546113410903,1113.54611341,-853.154162483148,1525.15416248224
"2018-06-12 02:00:00",314,270.999999999635,-506.546113410814,1048.54611341008,-918.15416248306,1460.15416248233
"2018-06-12 03:00:00",362,346.999999999706,-430.546113410743,1124.54611341015,-842.154162482989,1536.1541624824
"2018-06-12 04:00:00",912,897.999999999763,120.453886589314,1675.54611341021,-291.154162482932,2087.15416248246
"2018-06-12 05:00:00",3013,2847.99999999981,2070.45388658936,3625.54611341026,1658.84583751711,4037.1541624825
"2018-06-12 06:00:00",5905,5515.99999999985,4738.4538865894,6293.5461134103,4326.84583751715,6705.15416248254
"2018-06-12 07:00:00",6283,6207.99999999988,5430.45388658943,6985.54611341033,5018.84583751718,7397.15416248257
"2018-06-12 08:00:00",5656,5891.9999999999,5114.45388658945,6669.54611341035,4702.8458375172,7081.15416248259
"2018-06-12 09:00:00",4948,5676.99999999992,4899.45388658947,6454.54611341037,4487.84583751722,6866.15416248261
"2018-06-12 10:00:00",4574,4455.99999999994,3678.45388658949,5233.54611341038,3266.84583751724,5645.15416248263
"2018-06-12 11:00:00",4531,4714.99999999995,3937.4538865895,5492.5461134104,3525.84583751725,5904.15416248264
"2018-06-12 12:00:00",4911,4961.99999999996,4184.45388658951,5739.54611341041,3772.84583751726,6151.15416248265
"2018-06-12 13:00:00",4777,4912.99999999997,4135.45388658952,5690.54611341042,3723.84583751727,6102.15416248266
"2018-06-12 14:00:00",5185,5219.99999999997,4442.45388658952,5997.54611341042,4030.84583751728,6409.15416248267
"2018-06-12 15:00:00",6092,5843.99999999998,5066.45388658953,6621.54611341043,4654.84583751728,7033.15416248267
"2018-06-12 16:00:00",6777,6656.99999999998,5879.45388658953,7434.54611341043,5467.84583751729,7846.15416248268
"2018-06-12 17:00:00",6366,6276.99999999999,5499.45388658954,7054.54611341043,5087.84583751729,7466.15416248268
"2018-06-12 18:00:00",4701,4826.99999999999,4049.45388658954,5604.54611341044,3637.84583751729,6016.15416248268
"2018-06-12 19:00:00",3235,3480.99999999999,2703.45388658954,4258.54611341044,2291.8458375173,4670.15416248269
"2018-06-12 20:00:00",2975,2876.99999999999,2099.45388658954,3654.54611341044,1687.8458375173,4066.15416248269
"2018-06-12 21:00:00",2990,3417.99999999999,2640.45388658955,4195.54611341044,2228.8458375173,4607.15416248269
"2018-06-12 22:00:00",2332,3293.99999999999,2516.45388658955,4071.54611341044,2104.8458375173,4483.15416248269
"2018-06-12 23:00:00",1250,1297,519.453886589547,2074.54611341045,107.845837517302,2486.15416248269
"2018-06-13 00:00:00",684,825.999999999997,48.4538865895479,1603.54611341045,-363.154162482698,2015.15416248269
"2018-06-13 01:00:00",439,593.999999999997,-183.546113410451,1371.54611341045,-595.154162482697,1783.15416248269
"2018-06-13 02:00:00",328,430.999999999998,-346.546113410451,1208.54611341045,-758.154162482697,1620.15416248269
"2018-06-13 03:00:00",387,520.999999999998,-256.546113410451,1298.54611341045,-668.154162482696,1710.15416248269
"2018-06-13 04:00:00",922,974.999999999999,197.45388658955,1752.54611341045,-214.154162482696,2164.15416248269
"2018-06-13 05:00:00",3022,2986,2208.45388658955,3763.54611341045,1796.8458375173,4175.15416248269
"2018-06-13 06:00:00",5767,5943,5165.45388658955,6720.54611341045,4753.8458375173,7132.15416248269
"2018-06-13 07:00:00",6127,6871,6093.45388658955,7648.54611341045,5681.8458375173,8060.15416248269
"2018-06-13 08:00:00",5664,6614,5836.45388658955,7391.54611341045,5424.8458375173,7803.15416248269
"2018-06-13 09:00:00",5157,5378,4600.45388658955,6155.54611341045,4188.8458375173,6567.1541624827
"2018-06-13 10:00:00",4579,4751,3973.45388658955,5528.54611341045,3561.84583751731,5940.1541624827
"2018-06-13 11:00:00",4687,4824,4046.45388658955,5601.54611341045,3634.84583751731,6013.1541624827
"2018-06-13 12:00:00",5110,5013,4235.45388658955,5790.54611341045,3823.84583751731,6202.1541624827
"2018-06-13 13:00:00",4998,5017,4239.45388658955,5794.54611341045,3827.84583751731,6206.1541624827
"2018-06-13 14:00:00",5227,5437,4659.45388658955,6214.54611341045,4247.8458375173,6626.1541624827
"2018-06-13 15:00:00",6188,5835,5057.45388658955,6612.54611341045,4645.8458375173,7024.1541624827
"2018-06-13 16:00:00",6781,7022,6244.45388658955,7799.54611341045,5832.8458375173,8211.1541624827
"2018-06-13 17:00:00",5644,6459,5681.45388658955,7236.54611341045,5269.8458375173,7648.1541624827
"2018-06-13 18:00:00",4617,4663,3885.45388658955,5440.54611341045,3473.84583751731,5852.1541624827
"2018-06-13 19:00:00",3560,3393,2615.45388658955,4170.54611341045,2203.84583751731,4582.1541624827
"2018-06-13 20:00:00",3277,3034,2256.45388658955,3811.54611341045,1844.84583751731,4223.1541624827
"2018-06-13 21:00:00",2777,2604,1826.45388658955,3381.54611341045,1414.84583751731,3793.15416248269
"2018-06-13 22:00:00",2123,1726,948.453886589551,2503.54611341045,536.845837517305,2915.15416248269
"2018-06-13 23:00:00",1283,1085,307.453886589551,1862.54611341045,-104.154162482695,2274.15416248269
"2018-06-14 00:00:00",724,561,-216.546113410449,1338.54611341045,-628.154162482695,1750.15416248269
"2018-06-14 01:00:00",424,351,-426.546113410449,1128.54611341045,-838.154162482695,1540.15416248269
"2018-06-14 02:00:00",308,275,-502.546113410449,1052.54611341045,-914.154162482695,1464.15416248269
"2018-06-14 03:00:00",368,361,-416.546113410449,1138.54611341045,-828.154162482695,1550.15416248269
"2018-06-14 04:00:00",928,909,131.453886589551,1686.54611341045,-280.154162482695,2098.15416248269
"2018-06-14 05:00:00",3013,2885,2107.45388658955,3662.54611341045,1695.84583751731,4074.15416248269
"2018-06-14 06:00:00",5824,5715,4937.45388658955,6492.54611341045,4525.8458375173,6904.1541624827
"2018-06-14 07:00:00",6438,6461,5683.45388658955,7238.54611341045,5271.8458375173,7650.1541624827
"2018-06-14 08:00:00",5778,6046,5268.45388658955,6823.54611341045,4856.8458375173,7235.1541624827
"2018-06-14 09:00:00",4983,5842,5064.45388658955,6619.54611341045,4652.8458375173,7031.1541624827
"2018-06-14 10:00:00",4510,4882,4104.45388658955,5659.54611341045,3692.84583751731,6071.1541624827
"2018-06-14 11:00:00",4810,5035,4257.45388658955,5812.54611341045,3845.84583751731,6224.1541624827
"2018-06-14 12:00:00",5062,5027,4249.45388658955,5804.54611341045,3837.84583751731,6216.1541624827
"2018-06-14 13:00:00",5018,5326.18604282048,4548.63992941003,6103.73215623093,4137.03188033778,6515.34020530317
"2018-06-14 14:00:00",5434,5568.83901632232,4791.29290291187,6346.38512973276,4379.68485383962,6757.99317880501
"2018-06-14 15:00:00",6192,6247.84327705668,5470.29716364623,7025.38939046713,5058.68911457398,7436.99743953937
"2018-06-14 16:00:00",6890,7209.65212162901,6432.10600821856,7987.19823503946,6020.49795914632,8398.80628411171
"2018-06-14 17:00:00",6049,6808.30357549932,6030.75746208887,7585.84968890977,5619.14941301662,7997.45773798201
"2018-06-14 18:00:00",4819,5061.82826486443,4284.28215145398,5839.37437827488,3872.67410238174,6250.98242734713
"2018-06-14 19:00:00",3709,3695.25085645904,2917.70474304859,4472.79696986949,2506.09669397634,4884.40501894173
"2018-06-14 20:00:00",3274,3080.59121718999,2303.04510377954,3858.13733060044,1891.43705470729,4269.74537967268
"2018-06-14 21:00:00",2922,2760.86534812077,1983.31923471033,3538.41146153122,1571.71118563808,3950.01951060347
"2018-06-14 22:00:00",2284,2052.0861367147,1274.54002330425,2829.63225012515,862.931974232007,3241.2402991974
"2018-06-14 23:00:00",1388,1167.26396270124,389.717849290793,1944.81007611169,-21.890199781453,2356.41812518394
"2018-06-15 00:00:00",830,632.407186048637,-145.138927361812,1409.95329945909,-556.746976434058,1821.56134853133
"2018-06-15 01:00:00",500,386.522539983335,-391.023573427114,1164.06865339378,-802.631622499359,1575.67670246603
"2018-06-15 02:00:00",358,305.615447532925,-471.930665877524,1083.16156094337,-883.53871494977,1494.76961001562
"2018-06-15 03:00:00",384,355.690276473899,-421.85583693655,1133.23638988435,-833.463886008796,1544.84443895659
"2018-06-15 04:00:00",866,845.750544669886,68.2044312594369,1623.29665808033,-343.403617812809,2034.90470715258
"2018-06-15 05:00:00",2843,2720.79908545371,1943.25297204326,3498.34519886416,1531.64492297101,3909.9532479364
"2018-06-15 06:00:00",5432,5425.83818082823,4648.29206741779,6203.38429423868,4236.68401834554,6614.99234331093
"2018-06-15 07:00:00",6361,6584.86966874806,5807.32355533761,7362.41578215851,5395.71550626537,7774.02383123076
"2018-06-15 08:00:00",5671,5893.89502952557,5116.34891611512,6671.44114293602,4704.74086704288,7083.04919200827
"2018-06-15 09:00:00",4977,5226.91545542349,4449.36934201304,6004.46156883393,4037.76129294079,6416.06961790618
"2018-06-15 10:00:00",4801,4852.9319067056,4075.38579329516,5630.47802011605,3663.77774422291,6042.0860691883
"2018-06-15 11:00:00",5025,5232.9451567808,4455.39904337036,6010.49127019125,4043.79099429811,6422.0993192635
"2018-06-15 12:00:00",5396,5301.95582856259,4524.40971515214,6079.50194197304,4112.80166607989,6491.10999104528
"2018-06-15 13:00:00",5168,5173.96442375353,4396.41831034308,5951.51053716398,3984.81026127084,6363.11858623623
"2018-06-15 14:00:00",5614,5329.97134643138,4552.42523302094,6107.51745984183,4140.81718394869,6519.12550891408
"2018-06-15 15:00:00",5993,5952.97692204558,5175.43080863513,6730.52303545603,4763.82275956289,7142.13108452828
"2018-06-15 16:00:00",6333,6685.9814127173,5908.43529930685,7463.52752612775,5496.82725023461,7875.1355752
"2018-06-15 17:00:00",5165,5686.98502956233,4909.43891615188,6464.53114297278,4497.83086707964,6876.13919204503
"2018-06-15 18:00:00",4369,4166.98794261606,3389.44182920561,4944.53405602651,2977.83378013336,5356.14210509875
"2018-06-15 19:00:00",3688,2881.99028882717,2104.44417541672,3659.53640223762,1692.83612634447,4071.14445130986
"2018-06-15 20:00:00",3123,2319.99217849592,1542.44606508547,3097.53829190636,1130.83801601322,3509.14634097861
"2018-06-15 21:00:00",3118,2157.99370045954,1380.44758704909,2935.53981386999,968.839537976848,3347.14786294224
"2018-06-15 22:00:00",2778,1772.99492626871,995.448812858265,2550.54103967916,583.84076378602,2962.14908875141
"2018-06-15 23:00:00",2666,1142.99591355126,365.449800140812,1920.54202696171,-46.1582489314339,2332.15007603395
"2018-06-16 00:00:00",1386,624.996708721381,-152.549404689068,1402.54282213183,-564.157453761314,1814.15087120408
"2018-06-16 01:00:00",825,440.997349161671,-336.548764248778,1218.54346257212,-748.156813321024,1630.15151164437
"2018-06-16 02:00:00",587,396.997864980556,-380.548248429893,1174.54397839101,-792.156297502139,1586.15202746325
"2018-06-16 03:00:00",391,308.998280427752,-468.547832982697,1086.5443938382,-880.155882054943,1498.15244291045
"2018-06-16 04:00:00",402,299.998615034291,-477.547498376158,1077.54472844474,-889.155547448403,1489.15277751699
"2018-06-16 05:00:00",772,539.998884530722,-237.547228879727,1317.54499794117,-649.155277951973,1729.15304701342
"2018-06-16 06:00:00",1196,985.999101586629,208.45298817618,1763.54521499708,-203.155060896065,2175.15326406932
"2018-06-16 07:00:00",1651,1310.99927640626,533.453162995813,2088.54538981671,121.845113923568,2500.15343888896
"2018-06-16 08:00:00",2329,1488.99941720825,711.453303797804,2266.5455306187,299.845254725559,2678.15357969095
"2018-06-16 09:00:00",3017,1754.999530612,977.453417201548,2532.54564402245,565.845368129302,2944.15369309469
"2018-06-16 10:00:00",3514,1977.99962194884,1200.45350853839,2755.54573535929,788.845459466142,3167.15378443153
"2018-06-16 11:00:00",3907,2152.99969551271,1375.45358210226,2930.54580892316,963.845533030013,3342.1538579954
"2018-06-16 12:00:00",4494,2146.999754762,1369.45364135155,2924.54586817245,957.845592279306,3336.1539172447
"2018-06-16 13:00:00",4834,1986.99980248215,1209.4536890717,2764.5459158926,797.845639999452,3176.15396496484
"2018-06-16 14:00:00",4900,1821.99984091657,1044.45372750612,2599.54595432702,632.845678433874,3011.15400339926
"2018-06-16 15:00:00",4363,1880.99987187215,1103.4537584617,2658.5459852826,691.845709389454,3070.15403435484
"2018-06-16 16:00:00",4495,1460.99989680417,683.453783393724,2238.54601021462,271.845734321478,2650.15405928687
"2018-06-16 17:00:00",4053,1477.99991688475,700.453803474298,2255.5460302952,288.845754402053,2667.15407936744
"2018-06-16 18:00:00",3987,1067.9999330579,290.453819647453,1845.54604646835,-121.154229424793,2257.1540955406
"2018-06-16 19:00:00",3223,880.999946083969,103.45383267352,1658.54605949442,-308.154216398726,2070.15410856666
"2018-06-16 20:00:00",2928,617.999956575332,-159.546156835117,1395.54606998578,-571.154205907363,1807.15411905803
"2018-06-16 21:00:00",2887,706.999965025211,-70.5461483852379,1484.54607843566,-482.154197457484,1896.15412750791
"2018-06-16 22:00:00",2606,593.999971830853,-183.546141579596,1371.5460852413,-595.154190651842,1783.15413431355
"2018-06-16 23:00:00",2047,525.999977312205,-251.546136098244,1303.54609072265,-663.15418517049,1715.1541397949
"2018-06-17 00:00:00",1332,352.999981726957,-424.546131683492,1130.54609513741,-836.154180755738,1542.15414420965
"2018-06-17 01:00:00",866,258.999985282655,-518.546128127794,1036.5460986931,-930.15417720004,1448.15414776535
"2018-06-17 02:00:00",659,197.99998814646,-579.546125263989,975.546101556909,-991.154174336235,1387.15415062915
"2018-06-17 03:00:00",413,150.999990453006,-626.546122957443,928.546103863455,-1038.15417202969,1340.1541529357
"2018-06-17 04:00:00",393,174.999992310727,-602.546121099721,952.546105721176,-1014.15417017197,1364.15415479342
"2018-06-17 05:00:00",552,300.999993806961,-476.546119603488,1078.54610721741,-888.154168675734,1490.15415628966
"2018-06-17 06:00:00",885,489.999995012046,-287.546118398403,1267.54610842249,-699.154167470649,1679.15415749474
"2018-06-17 07:00:00",1185,633.999995982637,-143.546117427812,1411.54610939309,-555.154166500057,1823.15415846533
"2018-06-17 08:00:00",1724,673.999996764364,-103.546116646085,1451.54611017481,-515.15416571833,1863.15415924706
"2018-06-17 09:00:00",2723,983.999997393977,206.453883983528,1761.54611080443,-205.154165088717,2173.15415987667
"2018-06-17 10:00:00",3488,1493.99999790108,716.453884490627,2271.54611131152,304.845835418381,2683.15416038377
"2018-06-17 11:00:00",3790,1793.9999983095,1016.45388489905,2571.54611171995,604.845835826804,2983.15416079219
"2018-06-17 12:00:00",4260,2036.99999863845,1259.453885228,2814.5461120489,847.845836155754,3226.15416112114
"2018-06-17 13:00:00",4365,2204.99999890339,1427.45388549294,2982.54611231384,1015.84583642069,3394.15416138608
"2018-06-17 14:00:00",4192,2405.99999911678,1628.45388570633,3183.54611252722,1216.84583663408,3595.15416159947
"2018-06-17 15:00:00",4234,2170.99999928864,1393.45388587819,2948.54611269909,981.845836805945,3360.15416177133
"2018-06-17 16:00:00",4404,2108.99999942706,1331.45388601661,2886.54611283751,919.845836944367,3298.15416190976
"2018-06-17 17:00:00",4175,1848.99999953855,1071.4538861281,2626.546112949,659.845837055853,3038.15416202124
"2018-06-17 18:00:00",3843,1658.99999962834,881.453886217891,2436.54611303879,469.845837145646,2848.15416211103
"2018-06-17 19:00:00",3613,1416.99999970066,639.453886290212,2194.54611311111,227.845837217966,2606.15416218335
"2018-06-17 20:00:00",3185,1641.99999975891,864.453886348459,2419.54611316936,452.845837276213,2831.1541622416
"2018-06-17 21:00:00",2568,2808.99999980582,2031.45388639537,3586.54611321627,1619.84583732313,3998.15416228852
"2018-06-17 22:00:00",2045,1202.99999984361,425.453886433157,1980.54611325405,13.8458373609114,2392.1541623263
"2018-06-17 23:00:00",1218,705.999999874038,-71.5461135364106,1483.54611328449,-483.154162608656,1895.15416235673
"2018-06-18 00:00:00",627,406.999999898549,-370.5461135119,1184.546113309,-782.154162584146,1596.15416238124
"2018-06-18 01:00:00",367,271.99999991829,-505.546113492159,1049.54611332874,-917.154162564405,1461.15416240098
"2018-06-18 02:00:00",272,246.99999993419,-530.546113476259,1024.54611334464,-942.154162548505,1436.15416241688
"2018-06-18 03:00:00",365,356.999999946996,-420.546113463453,1134.54611335744,-832.154162535699,1546.15416242969
"2018-06-18 04:00:00",802,778.999999957309,1.45388654686053,1556.54611336776,-410.154162525385,1968.15416244
"2018-06-18 05:00:00",2891,2237.99999996562,1460.45388655517,3015.54611337607,1048.84583748292,3427.15416244831
"2018-06-18 06:00:00",5541,4363.99999997231,3586.45388656186,5141.54611338276,3174.84583748961,5553.154162455
"2018-06-18 07:00:00",6386,4962.9999999777,4185.45388656725,5740.54611338814,3773.845837495,6152.15416246039
"2018-06-18 08:00:00",5765,4462.99999998204,3685.45388657159,5240.54611339248,3273.84583749934,5652.15416246473
"2018-06-18 09:00:00",4767,4044.99999998553,3267.45388657508,4822.54611339598,2855.84583750284,5234.15416246823
"2018-06-18 10:00:00",4161,3625.99999998835,2848.4538865779,4403.5461133988,2436.84583750565,4815.15416247104
"2018-06-18 11:00:00",4435,3859.99999999061,3082.45388658017,4637.54611340106,2670.84583750792,5049.15416247331
"2018-06-18 12:00:00",4829,4148.99999999244,3371.45388658199,4926.54611340289,2959.84583750975,5338.15416247514
"2018-06-18 13:00:00",4743,4109.99999999391,3332.45388658346,4887.54611340436,2920.84583751122,5299.15416247661
"2018-06-18 14:00:00",4935,4386.9999999951,3609.45388658465,5164.54611340554,3197.8458375124,5576.15416247779
"2018-06-18 15:00:00",5558,4941.99999999605,4164.4538865856,5719.5461134065,3752.84583751336,6131.15416247875
"2018-06-18 16:00:00",6757,5787.99999999682,5010.45388658637,6565.54611340727,4598.84583751413,6977.15416247951
"2018-06-18 17:00:00",6306,5566.99999999744,4789.45388658699,6344.54611340789,4377.84583751474,6756.15416248013
"2018-06-18 18:00:00",4352,4060.99999999794,3283.45388658749,4838.54611340839,2871.84583751524,5250.15416248063
"2018-06-18 19:00:00",3248,2978.99999999834,2201.45388658789,3756.54611340879,1789.84583751564,4168.15416248103
"2018-06-18 20:00:00",2762,2555.99999999866,1778.45388658821,3333.54611340911,1366.84583751597,3745.15416248136
"2018-06-18 21:00:00",2460,2099.99999999892,1322.45388658847,2877.54611340937,910.845837516227,3289.15416248162
"2018-06-18 22:00:00",1710,1488.99999999913,711.453886588683,2266.54611340958,299.845837516437,2678.15416248183
"2018-06-18 23:00:00",1012,977.999999999301,200.453886588852,1755.54611340975,-211.154162483394,2167.154162482
"2018-06-19 00:00:00",592,523.999999999437,-253.546113411012,1301.54611340989,-665.154162483258,1713.15416248213
"2018-06-19 01:00:00",373,335.999999999546,-441.546113410903,1113.54611341,-853.154162483148,1525.15416248224
"2018-06-19 02:00:00",269,270.999999999635,-506.546113410814,1048.54611341008,-918.15416248306,1460.15416248233
"2018-06-19 03:00:00",369,346.999999999706,-430.546113410743,1124.54611341015,-842.154162482989,1536.1541624824
"2018-06-19 04:00:00",893,897.999999999763,120.453886589314,1675.54611341021,-291.154162482932,2087.15416248246
"2018-06-19 05:00:00",3038,2847.99999999981,2070.45388658936,3625.54611341026,1658.84583751711,4037.1541624825
"2018-06-19 06:00:00",5483,5515.99999999985,4738.4538865894,6293.5461134103,4326.84583751715,6705.15416248254
"2018-06-19 07:00:00",5506,6207.99999999988,5430.45388658943,6985.54611341033,5018.84583751718,7397.15416248257
"2018-06-19 08:00:00",4851,5891.9999999999,5114.45388658945,6669.54611341035,4702.8458375172,7081.15416248259
"2018-06-19 09:00:00",4792,5676.99999999992,4899.45388658947,6454.54611341037,4487.84583751722,6866.15416248261
"2018-06-19 10:00:00",4244,4455.99999999994,3678.45388658949,5233.54611341038,3266.84583751724,5645.15416248263
"2018-06-19 11:00:00",4346,4714.99999999995,3937.4538865895,5492.5461134104,3525.84583751725,5904.15416248264
"2018-06-19 12:00:00",4585,4961.99999999996,4184.45388658951,5739.54611341041,3772.84583751726,6151.15416248265
"2018-06-19 13:00:00",4728,4912.99999999997,4135.45388658952,5690.54611341042,3723.84583751727,6102.15416248266
"2018-06-19 14:00:00",5109,5219.99999999997,4442.45388658952,5997.54611341042,4030.84583751728,6409.15416248267
"2018-06-19 15:00:00",5852,5843.99999999998,5066.45388658953,6621.54611341043,4654.84583751728,7033.15416248267
"2018-06-19 16:00:00",6821,6656.99999999998,5879.45388658953,7434.54611341043,5467.84583751729,7846.15416248268
"2018-06-19 17:00:00",6085,6276.99999999999,5499.45388658954,7054.54611341043,5087.84583751729,7466.15416248268
"2018-06-19 18:00:00",4546,4826.99999999999,4049.45388658954,5604.54611341044,3637.84583751729,6016.15416248268
"2018-06-19 19:00:00",3263,3480.99999999999,2703.45388658954,4258.54611341044,2291.8458375173,4670.15416248269
"2018-06-19 20:00:00",2804,2876.99999999999,2099.45388658954,3654.54611341044,1687.8458375173,4066.15416248269
"2018-06-19 21:00:00",2454,3417.99999999999,2640.45388658955,4195.54611341044,2228.8458375173,4607.15416248269
"2018-06-19 22:00:00",1796,3293.99999999999,2516.45388658955,4071.54611341044,2104.8458375173,4483.15416248269
"2018-06-19 23:00:00",1190,1297,519.453886589547,2074.54611341045,107.845837517302,2486.15416248269
"2018-06-20 00:00:00",663,825.999999999997,48.4538865895479,1603.54611341045,-363.154162482698,2015.15416248269
"2018-06-20 01:00:00",406,593.999999999997,-183.546113410451,1371.54611341045,-595.154162482697,1783.15416248269
"2018-06-20 02:00:00",301,430.999999999998,-346.546113410451,1208.54611341045,-758.154162482697,1620.15416248269
"2018-06-20 03:00:00",385,520.999999999998,-256.546113410451,1298.54611341045,-668.154162482696,1710.15416248269
"2018-06-20 04:00:00",935,974.999999999999,197.45388658955,1752.54611341045,-214.154162482696,2164.15416248269
"2018-06-20 05:00:00",3134,2986,2208.45388658955,3763.54611341045,1796.8458375173,4175.15416248269
"2018-06-20 06:00:00",5769,5943,5165.45388658955,6720.54611341045,4753.8458375173,7132.15416248269
"2018-06-20 07:00:00",6295,6871,6093.45388658955,7648.54611341045,5681.8458375173,8060.15416248269
"2018-06-20 08:00:00",5540,6614,5836.45388658955,7391.54611341045,5424.8458375173,7803.15416248269
"2018-06-20 09:00:00",4890,5378,4600.45388658955,6155.54611341045,4188.8458375173,6567.1541624827
"2018-06-20 10:00:00",4544,4751,3973.45388658955,5528.54611341045,3561.84583751731,5940.1541624827
"2018-06-20 11:00:00",4675,4824,4046.45388658955,5601.54611341045,3634.84583751731,6013.1541624827
"2018-06-20 12:00:00",4824,5013,4235.45388658955,5790.54611341045,3823.84583751731,6202.1541624827
"2018-06-20 13:00:00",4941,5017,4239.45388658955,5794.54611341045,3827.84583751731,6206.1541624827
"2018-06-20 14:00:00",5161,5437,4659.45388658955,6214.54611341045,4247.8458375173,6626.1541624827
"2018-06-20 15:00:00",5864,5835,5057.45388658955,6612.54611341045,4645.8458375173,7024.1541624827
"2018-06-20 16:00:00",6811,7022,6244.45388658955,7799.54611341045,5832.8458375173,8211.1541624827
"2018-06-20 17:00:00",6439,6459,5681.45388658955,7236.54611341045,5269.8458375173,7648.1541624827
"2018-06-20 18:00:00",4622,4663,3885.45388658955,5440.54611341045,3473.84583751731,5852.1541624827
"2018-06-20 19:00:00",3418,3393,2615.45388658955,4170.54611341045,2203.84583751731,4582.1541624827
"2018-06-20 20:00:00",3024,3034,2256.45388658955,3811.54611341045,1844.84583751731,4223.1541624827
"2018-06-20 21:00:00",2758,2604,1826.45388658955,3381.54611341045,1414.84583751731,3793.15416248269
"2018-06-20 22:00:00",1956,1726,948.453886589551,2503.54611341045,536.845837517305,2915.15416248269
"2018-06-20 23:00:00",1209,1085,307.453886589551,1862.54611341045,-104.154162482695,2274.15416248269
"2018-06-21 00:00:00",634,561,-216.546113410449,1338.54611341045,-628.154162482695,1750.15416248269
"2018-06-21 01:00:00",462,351,-426.546113410449,1128.54611341045,-838.154162482695,1540.15416248269
"2018-06-21 02:00:00",348,275,-502.546113410449,1052.54611341045,-914.154162482695,1464.15416248269
"2018-06-21 03:00:00",426,361,-416.546113410449,1138.54611341045,-828.154162482695,1550.15416248269
"2018-06-21 04:00:00",938,909,131.453886589551,1686.54611341045,-280.154162482695,2098.15416248269
"2018-06-21 05:00:00",3112,2885,2107.45388658955,3662.54611341045,1695.84583751731,4074.15416248269
"2018-06-21 06:00:00",5778,5715,4937.45388658955,6492.54611341045,4525.8458375173,6904.1541624827
"2018-06-21 07:00:00",6557,6461,5683.45388658955,7238.54611341045,5271.8458375173,7650.1541624827
"2018-06-21 08:00:00",5490,6046,5268.45388658955,6823.54611341045,4856.8458375173,7235.1541624827
"2018-06-21 09:00:00",4982,5842,5064.45388658955,6619.54611341045,4652.8458375173,7031.1541624827
"2018-06-21 10:00:00",4951,4882,4104.45388658955,5659.54611341045,3692.84583751731,6071.1541624827
"2018-06-21 11:00:00",5167,5035,4257.45388658955,5812.54611341045,3845.84583751731,6224.1541624827
"2018-06-21 12:00:00",5083,5027,4249.45388658955,5804.54611341045,3837.84583751731,6216.1541624827
"2018-06-21 13:00:00",4942,5326.18604282048,4548.63992941003,6103.73215623093,4137.03188033778,6515.34020530317
"2018-06-21 14:00:00",5025,5568.83901632232,4791.29290291187,6346.38512973276,4379.68485383962,6757.99317880501
"2018-06-21 15:00:00",5768,6247.84327705668,5470.29716364623,7025.38939046713,5058.68911457398,7436.99743953937
"2018-06-21 16:00:00",6511,7209.65212162901,6432.10600821856,7987.19823503946,6020.49795914632,8398.80628411171
"2018-06-21 17:00:00",5997,6808.30357549932,6030.75746208887,7585.84968890977,5619.14941301662,7997.45773798201
"2018-06-21 18:00:00",4592,5061.82826486443,4284.28215145398,5839.37437827488,3872.67410238174,6250.98242734713
"2018-06-21 19:00:00",3823,3695.25085645904,2917.70474304859,4472.79696986949,2506.09669397634,4884.40501894173
"2018-06-21 20:00:00",3385,3080.59121718999,2303.04510377954,3858.13733060044,1891.43705470729,4269.74537967268
"2018-06-21 21:00:00",3446,2760.86534812077,1983.31923471033,3538.41146153122,1571.71118563808,3950.01951060347
"2018-06-21 22:00:00",2583,2052.0861367147,1274.54002330425,2829.63225012515,862.931974232007,3241.2402991974
"2018-06-21 23:00:00",1455,1167.26396270124,389.717849290793,1944.81007611169,-21.890199781453,2356.41812518394
"2018-06-22 00:00:00",805,632.407186048637,-145.138927361812,1409.95329945909,-556.746976434058,1821.56134853133
"2018-06-22 01:00:00",471,386.522539983335,-391.023573427114,1164.06865339378,-802.631622499359,1575.67670246603
"2018-06-22 02:00:00",364,305.615447532925,-471.930665877524,1083.16156094337,-883.53871494977,1494.76961001562
"2018-06-22 03:00:00",384,355.690276473899,-421.85583693655,1133.23638988435,-833.463886008796,1544.84443895659
"2018-06-22 04:00:00",876,845.750544669886,68.2044312594369,1623.29665808033,-343.403617812809,2034.90470715258
"2018-06-22 05:00:00",3056,2720.79908545371,1943.25297204326,3498.34519886416,1531.64492297101,3909.9532479364
"2018-06-22 06:00:00",5460,5425.83818082823,4648.29206741779,6203.38429423868,4236.68401834554,6614.99234331093
"2018-06-22 07:00:00",6222,6584.86966874806,5807.32355533761,7362.41578215851,5395.71550626537,7774.02383123076
"2018-06-22 08:00:00",5604,5893.89502952557,5116.34891611512,6671.44114293602,4704.74086704288,7083.04919200827
"2018-06-22 09:00:00",5053,5226.91545542349,4449.36934201304,6004.46156883393,4037.76129294079,6416.06961790618
"2018-06-22 10:00:00",4765,4852.9319067056,4075.38579329516,5630.47802011605,3663.77774422291,6042.0860691883
"2018-06-22 11:00:00",5128,5232.9451567808,4455.39904337036,6010.49127019125,4043.79099429811,6422.0993192635
"2018-06-22 12:00:00",5225,5301.95582856259,4524.40971515214,6079.50194197304,4112.80166607989,6491.10999104528
"2018-06-22 13:00:00",5104,5173.96442375353,4396.41831034308,5951.51053716398,3984.81026127084,6363.11858623623
"2018-06-22 14:00:00",5351,5329.97134643138,4552.42523302094,6107.51745984183,4140.81718394869,6519.12550891408
"2018-06-22 15:00:00",5843,5952.97692204558,5175.43080863513,6730.52303545603,4763.82275956289,7142.13108452828
"2018-06-22 16:00:00",6010,6685.9814127173,5908.43529930685,7463.52752612775,5496.82725023461,7875.1355752
"2018-06-22 17:00:00",5120,5686.98502956233,4909.43891615188,6464.53114297278,4497.83086707964,6876.13919204503
"2018-06-22 18:00:00",4676,4166.98794261606,3389.44182920561,4944.53405602651,2977.83378013336,5356.14210509875
"2018-06-22 19:00:00",3976,2881.99028882717,2104.44417541672,3659.53640223762,1692.83612634447,4071.14445130986
"2018-06-22 20:00:00",3535,2319.99217849592,1542.44606508547,3097.53829190636,1130.83801601322,3509.14634097861
"2018-06-22 21:00:00",3473,2157.99370045954,1380.44758704909,2935.53981386999,968.839537976848,3347.14786294224
"2018-06-22 22:00:00",3529,1772.99492626871,995.448812858265,2550.54103967916,583.84076378602,2962.14908875141
"2018-06-22 23:00:00",3654,1142.99591355126,365.449800140812,1920.54202696171,-46.1582489314339,2332.15007603395
"2018-06-23 00:00:00",1540,624.996708721381,-152.549404689068,1402.54282213183,-564.157453761314,1814.15087120408
"2018-06-23 01:00:00",872,440.997349161671,-336.548764248778,1218.54346257212,-748.156813321024,1630.15151164437
"2018-06-23 02:00:00",629,396.997864980556,-380.548248429893,1174.54397839101,-792.156297502139,1586.15202746325
"2018-06-23 03:00:00",407,308.998280427752,-468.547832982697,1086.5443938382,-880.155882054943,1498.15244291045
"2018-06-23 04:00:00",513,299.998615034291,-477.547498376158,1077.54472844474,-889.155547448403,1489.15277751699
"2018-06-23 05:00:00",966,539.998884530722,-237.547228879727,1317.54499794117,-649.155277951973,1729.15304701342
"2018-06-23 06:00:00",1495,985.999101586629,208.45298817618,1763.54521499708,-203.155060896065,2175.15326406932
"2018-06-23 07:00:00",2474,1310.99927640626,533.453162995813,2088.54538981671,121.845113923568,2500.15343888896
"2018-06-23 08:00:00",3353,1488.99941720825,711.453303797804,2266.5455306187,299.845254725559,2678.15357969095
"2018-06-23 09:00:00",4065,1754.999530612,977.453417201548,2532.54564402245,565.845368129302,2944.15369309469
"2018-06-23 10:00:00",4318,1977.99962194884,1200.45350853839,2755.54573535929,788.845459466142,3167.15378443153
"2018-06-23 11:00:00",4621,2152.99969551271,1375.45358210226,2930.54580892316,963.845533030013,3342.1538579954
"2018-06-23 12:00:00",5018,2146.999754762,1369.45364135155,2924.54586817245,957.845592279306,3336.1539172447
"2018-06-23 13:00:00",4560,1986.99980248215,1209.4536890717,2764.5459158926,797.845639999452,3176.15396496484
"2018-06-23 14:00:00",4620,1821.99984091657,1044.45372750612,2599.54595432702,632.845678433874,3011.15400339926
"2018-06-23 15:00:00",4417,1880.99987187215,1103.4537584617,2658.5459852826,691.845709389454,3070.15403435484
"2018-06-23 16:00:00",4372,1460.99989680417,683.453783393724,2238.54601021462,271.845734321478,2650.15405928687
"2018-06-23 17:00:00",4510,1477.99991688475,700.453803474298,2255.5460302952,288.845754402053,2667.15407936744
"2018-06-23 18:00:00",3945,1067.9999330579,290.453819647453,1845.54604646835,-121.154229424793,2257.1540955406
"2018-06-23 19:00:00",3660,880.999946083969,103.45383267352,1658.54605949442,-308.154216398726,2070.15410856666
"2018-06-23 20:00:00",3362,617.999956575332,-159.546156835117,1395.54606998578,-571.154205907363,1807.15411905803
"2018-06-23 21:00:00",3504,706.999965025211,-70.5461483852379,1484.54607843566,-482.154197457484,1896.15412750791
"2018-06-23 22:00:00",3572,593.999971830853,-183.546141579596,1371.5460852413,-595.154190651842,1783.15413431355
"2018-06-23 23:00:00",2484,525.999977312205,-251.546136098244,1303.54609072265,-663.15418517049,1715.1541397949
"2018-06-24 00:00:00",1515,352.999981726957,-424.546131683492,1130.54609513741,-836.154180755738,1542.15414420965
"2018-06-24 01:00:00",1016,258.999985282655,-518.546128127794,1036.5460986931,-930.15417720004,1448.15414776535
"2018-06-24 02:00:00",684,197.99998814646,-579.546125263989,975.546101556909,-991.154174336235,1387.15415062915
"2018-06-24 03:00:00",409,150.999990453006,-626.546122957443,928.546103863455,-1038.15417202969,1340.1541529357
"2018-06-24 04:00:00",373,174.999992310727,-602.546121099721,952.546105721176,-1014.15417017197,1364.15415479342
"2018-06-24 05:00:00",614,300.999993806961,-476.546119603488,1078.54610721741,-888.154168675734,1490.15415628966
"2018-06-24 06:00:00",1091,489.999995012046,-287.546118398403,1267.54610842249,-699.154167470649,1679.15415749474
"2018-06-24 07:00:00",1499,633.999995982637,-143.546117427812,1411.54610939309,-555.154166500057,1823.15415846533
"2018-06-24 08:00:00",2362,673.999996764364,-103.546116646085,1451.54611017481,-515.15416571833,1863.15415924706
"2018-06-24 09:00:00",3560,983.999997393977,206.453883983528,1761.54611080443,-205.154165088717,2173.15415987667
"2018-06-24 10:00:00",4187,1493.99999790108,716.453884490627,2271.54611131152,304.845835418381,2683.15416038377
"2018-06-24 11:00:00",4186,1793.9999983095,1016.45388489905,2571.54611171995,604.845835826804,2983.15416079219
"2018-06-24 12:00:00",4302,2036.99999863845,1259.453885228,2814.5461120489,847.845836155754,3226.15416112114
"2018-06-24 13:00:00",4235,2204.99999890339,1427.45388549294,2982.54611231384,1015.84583642069,3394.15416138608
"2018-06-24 14:00:00",4317,2405.99999911678,1628.45388570633,3183.54611252722,1216.84583663408,3595.15416159947
"2018-06-24 15:00:00",4313,2170.99999928864,1393.45388587819,2948.54611269909,981.845836805945,3360.15416177133
"2018-06-24 16:00:00",4256,2108.99999942706,1331.45388601661,2886.54611283751,919.845836944367,3298.15416190976
"2018-06-24 17:00:00",4118,1848.99999953855,1071.4538861281,2626.546112949,659.845837055853,3038.15416202124
"2018-06-24 18:00:00",4022,1658.99999962834,881.453886217891,2436.54611303879,469.845837145646,2848.15416211103
"2018-06-24 19:00:00",3438,1416.99999970066,639.453886290212,2194.54611311111,227.845837217966,2606.15416218335
"2018-06-24 20:00:00",3187,1641.99999975891,864.453886348459,2419.54611316936,452.845837276213,2831.1541622416
"2018-06-24 21:00:00",2556,2808.99999980582,2031.45388639537,3586.54611321627,1619.84583732313,3998.15416228852
"2018-06-24 22:00:00",1962,1202.99999984361,425.453886433157,1980.54611325405,13.8458373609114,2392.1541623263
"2018-06-24 23:00:00",1209,705.999999874038,-71.5461135364106,1483.54611328449,-483.154162608656,1895.15416235673
"2018-06-25 00:00:00",652,406.999999898549,-370.5461135119,1184.546113309,-782.154162584146,1596.15416238124
"2018-06-25 01:00:00",422,271.99999991829,-505.546113492159,1049.54611332874,-917.154162564405,1461.15416240098
"2018-06-25 02:00:00",331,246.99999993419,-530.546113476259,1024.54611334464,-942.154162548505,1436.15416241688
"2018-06-25 03:00:00",406,356.999999946996,-420.546113463453,1134.54611335744,-832.154162535699,1546.15416242969
"2018-06-25 04:00:00",902,778.999999957309,1.45388654686053,1556.54611336776,-410.154162525385,1968.15416244
"2018-06-25 05:00:00",2982,2237.99999996562,1460.45388655517,3015.54611337607,1048.84583748292,3427.15416244831
"2018-06-25 06:00:00",5588,4363.99999997231,3586.45388656186,5141.54611338276,3174.84583748961,5553.154162455
"2018-06-25 07:00:00",6146,4962.9999999777,4185.45388656725,5740.54611338814,3773.845837495,6152.15416246039
"2018-06-25 08:00:00",5383,4462.99999998204,3685.45388657159,5240.54611339248,3273.84583749934,5652.15416246473
"2018-06-25 09:00:00",4654,4044.99999998553,3267.45388657508,4822.54611339598,2855.84583750284,5234.15416246823
"2018-06-25 10:00:00",4310,3625.99999998835,2848.4538865779,4403.5461133988,2436.84583750565,4815.15416247104
"2018-06-25 11:00:00",4530,3859.99999999061,3082.45388658017,4637.54611340106,2670.84583750792,5049.15416247331
"2018-06-25 12:00:00",4748,4148.99999999244,3371.45388658199,4926.54611340289,2959.84583750975,5338.15416247514
"2018-06-25 13:00:00",4673,4109.99999999391,3332.45388658346,4887.54611340436,2920.84583751122,5299.15416247661
"2018-06-25 14:00:00",4877,4386.9999999951,3609.45388658465,5164.54611340554,3197.8458375124,5576.15416247779
"2018-06-25 15:00:00",5605,4941.99999999605,4164.4538865856,5719.5461134065,3752.84583751336,6131.15416247875
"2018-06-25 16:00:00",6232,5787.99999999682,5010.45388658637,6565.54611340727,4598.84583751413,6977.15416247951
"2018-06-25 17:00:00",5772,5566.99999999744,4789.45388658699,6344.54611340789,4377.84583751474,6756.15416248013
"2018-06-25 18:00:00",4086,4060.99999999794,3283.45388658749,4838.54611340839,2871.84583751524,5250.15416248063
"2018-06-25 19:00:00",3288,2978.99999999834,2201.45388658789,3756.54611340879,1789.84583751564,4168.15416248103
"2018-06-25 20:00:00",2944,2555.99999999866,1778.45388658821,3333.54611340911,1366.84583751597,3745.15416248136
"2018-06-25 21:00:00",2559,2099.99999999892,1322.45388658847,2877.54611340937,910.845837516227,3289.15416248162
"2018-06-25 22:00:00",1974,1488.99999999913,711.453886588683,2266.54611340958,299.845837516437,2678.15416248183
"2018-06-25 23:00:00",1136,977.999999999301,200.453886588852,1755.54611340975,-211.154162483394,2167.154162482
"2018-06-26 00:00:00",624,523.999999999437,-253.546113411012,1301.54611340989,-665.154162483258,1713.15416248213
"2018-06-26 01:00:00",417,335.999999999546,-441.546113410903,1113.54611341,-853.154162483148,1525.15416248224
"2018-06-26 02:00:00",297,270.999999999635,-506.546113410814,1048.54611341008,-918.15416248306,1460.15416248233
"2018-06-26 03:00:00",353,346.999999999706,-430.546113410743,1124.54611341015,-842.154162482989,1536.1541624824
"2018-06-26 04:00:00",887,897.999999999763,120.453886589314,1675.54611341021,-291.154162482932,2087.15416248246
"2018-06-26 05:00:00",2973,2847.99999999981,2070.45388658936,3625.54611341026,1658.84583751711,4037.1541624825
"2018-06-26 06:00:00",5381,5515.99999999985,4738.4538865894,6293.5461134103,4326.84583751715,6705.15416248254
"2018-06-26 07:00:00",6350,6207.99999999988,5430.45388658943,6985.54611341033,5018.84583751718,7397.15416248257
"2018-06-26 08:00:00",5756,5891.9999999999,5114.45388658945,6669.54611341035,4702.8458375172,7081.15416248259
"2018-06-26 09:00:00",4872,5676.99999999992,4899.45388658947,6454.54611341037,4487.84583751722,6866.15416248261
"2018-06-26 10:00:00",4452,4455.99999999994,3678.45388658949,5233.54611341038,3266.84583751724,5645.15416248263
"2018-06-26 11:00:00",4713,4714.99999999995,3937.4538865895,5492.5461134104,3525.84583751725,5904.15416248264
"2018-06-26 12:00:00",5083,4961.99999999996,4184.45388658951,5739.54611341041,3772.84583751726,6151.15416248265
"2018-06-26 13:00:00",4849,4912.99999999997,4135.45388658952,5690.54611341042,3723.84583751727,6102.15416248266
"2018-06-26 14:00:00",4905,5219.99999999997,4442.45388658952,5997.54611341042,4030.84583751728,6409.15416248267
"2018-06-26 15:00:00",5875,5843.99999999998,5066.45388658953,6621.54611341043,4654.84583751728,7033.15416248267
"2018-06-26 16:00:00",6765,6656.99999999998,5879.45388658953,7434.54611341043,5467.84583751729,7846.15416248268
"2018-06-26 17:00:00",6054,6276.99999999999,5499.45388658954,7054.54611341043,5087.84583751729,7466.15416248268
"2018-06-26 18:00:00",4473,4826.99999999999,4049.45388658954,5604.54611341044,3637.84583751729,6016.15416248268
"2018-06-26 19:00:00",3316,3480.99999999999,2703.45388658954,4258.54611341044,2291.8458375173,4670.15416248269
"2018-06-26 20:00:00",2910,2876.99999999999,2099.45388658954,3654.54611341044,1687.8458375173,4066.15416248269
"2018-06-26 21:00:00",2674,3417.99999999999,2640.45388658955,4195.54611341044,2228.8458375173,4607.15416248269
"2018-06-26 22:00:00",2083,3293.99999999999,2516.45388658955,4071.54611341044,2104.8458375173,4483.15416248269
"2018-06-26 23:00:00",1161,1297,519.453886589547,2074.54611341045,107.845837517302,2486.15416248269
"2018-06-27 00:00:00",678,825.999999999997,48.4538865895479,1603.54611341045,-363.154162482698,2015.15416248269
"2018-06-27 01:00:00",411,593.999999999997,-183.546113410451,1371.54611341045,-595.154162482697,1783.15416248269
"2018-06-27 02:00:00",313,430.999999999998,-346.546113410451,1208.54611341045,-758.154162482697,1620.15416248269
"2018-06-27 03:00:00",414,520.999999999998,-256.546113410451,1298.54611341045,-668.154162482696,1710.15416248269
"2018-06-27 04:00:00",898,974.999999999999,197.45388658955,1752.54611341045,-214.154162482696,2164.15416248269
"2018-06-27 05:00:00",3151,2986,2208.45388658955,3763.54611341045,1796.8458375173,4175.15416248269
"2018-06-27 06:00:00",5883,5943,5165.45388658955,6720.54611341045,4753.8458375173,7132.15416248269
"2018-06-27 07:00:00",6414,6871,6093.45388658955,7648.54611341045,5681.8458375173,8060.15416248269
"2018-06-27 08:00:00",5717,6614,5836.45388658955,7391.54611341045,5424.8458375173,7803.15416248269
"2018-06-27 09:00:00",5134,5378,4600.45388658955,6155.54611341045,4188.8458375173,6567.1541624827
"2018-06-27 10:00:00",4614,4751,3973.45388658955,5528.54611341045,3561.84583751731,5940.1541624827
"2018-06-27 11:00:00",4964,4824,4046.45388658955,5601.54611341045,3634.84583751731,6013.1541624827
"2018-06-27 12:00:00",5102,5013,4235.45388658955,5790.54611341045,3823.84583751731,6202.1541624827
"2018-06-27 13:00:00",4901,5017,4239.45388658955,5794.54611341045,3827.84583751731,6206.1541624827
"2018-06-27 14:00:00",5036,5437,4659.45388658955,6214.54611341045,4247.8458375173,6626.1541624827
"2018-06-27 15:00:00",5867,5835,5057.45388658955,6612.54611341045,4645.8458375173,7024.1541624827
"2018-06-27 16:00:00",6666,7022,6244.45388658955,7799.54611341045,5832.8458375173,8211.1541624827
"2018-06-27 17:00:00",6095,6459,5681.45388658955,7236.54611341045,5269.8458375173,7648.1541624827
"2018-06-27 18:00:00",4563,4663,3885.45388658955,5440.54611341045,3473.84583751731,5852.1541624827
"2018-06-27 19:00:00",3497,3393,2615.45388658955,4170.54611341045,2203.84583751731,4582.1541624827
"2018-06-27 20:00:00",3126,3034,2256.45388658955,3811.54611341045,1844.84583751731,4223.1541624827
"2018-06-27 21:00:00",3116,2604,1826.45388658955,3381.54611341045,1414.84583751731,3793.15416248269
"2018-06-27 22:00:00",2292,1726,948.453886589551,2503.54611341045,536.845837517305,2915.15416248269
"2018-06-27 23:00:00",1339,1085,307.453886589551,1862.54611341045,-104.154162482695,2274.15416248269
"2018-06-28 00:00:00",778,561,-216.546113410449,1338.54611341045,-628.154162482695,1750.15416248269
"2018-06-28 01:00:00",457,351,-426.546113410449,1128.54611341045,-838.154162482695,1540.15416248269
"2018-06-28 02:00:00",309,275,-502.546113410449,1052.54611341045,-914.154162482695,1464.15416248269
"2018-06-28 03:00:00",365,361,-416.546113410449,1138.54611341045,-828.154162482695,1550.15416248269
"2018-06-28 04:00:00",921,909,131.453886589551,1686.54611341045,-280.154162482695,2098.15416248269
"2018-06-28 05:00:00",3121,2885,2107.45388658955,3662.54611341045,1695.84583751731,4074.15416248269
"2018-06-28 06:00:00",5691,5715,4937.45388658955,6492.54611341045,4525.8458375173,6904.1541624827
"2018-06-28 07:00:00",6264,6461,5683.45388658955,7238.54611341045,5271.8458375173,7650.1541624827
"2018-06-28 08:00:00",5683,6046,5268.45388658955,6823.54611341045,4856.8458375173,7235.1541624827
"2018-06-28 09:00:00",4983,5842,5064.45388658955,6619.54611341045,4652.8458375173,7031.1541624827
"2018-06-28 10:00:00",4678,4882,4104.45388658955,5659.54611341045,3692.84583751731,6071.1541624827
"2018-06-28 11:00:00",4866,5035,4257.45388658955,5812.54611341045,3845.84583751731,6224.1541624827
"2018-06-28 12:00:00",5109,5027,4249.45388658955,5804.54611341045,3837.84583751731,6216.1541624827
"2018-06-28 13:00:00",5011,5326.18604282048,4548.63992941003,6103.73215623093,4137.03188033778,6515.34020530317
"2018-06-28 14:00:00",5300,5568.83901632232,4791.29290291187,6346.38512973276,4379.68485383962,6757.99317880501
"2018-06-28 15:00:00",5945,6247.84327705668,5470.29716364623,7025.38939046713,5058.68911457398,7436.99743953937
"2018-06-28 16:00:00",6568,7209.65212162901,6432.10600821856,7987.19823503946,6020.49795914632,8398.80628411171
"2018-06-28 17:00:00",5930,6808.30357549932,6030.75746208887,7585.84968890977,5619.14941301662,7997.45773798201
"2018-06-28 18:00:00",4668,5061.82826486443,4284.28215145398,5839.37437827488,3872.67410238174,6250.98242734713
"2018-06-28 19:00:00",3794,3695.25085645904,2917.70474304859,4472.79696986949,2506.09669397634,4884.40501894173
"2018-06-28 20:00:00",3127,3080.59121718999,2303.04510377954,3858.13733060044,1891.43705470729,4269.74537967268
"2018-06-28 21:00:00",2908,2760.86534812077,1983.31923471033,3538.41146153122,1571.71118563808,3950.01951060347
"2018-06-28 22:00:00",2190,2052.0861367147,1274.54002330425,2829.63225012515,862.931974232007,3241.2402991974
"2018-06-28 23:00:00",1475,1167.26396270124,389.717849290793,1944.81007611169,-21.890199781453,2356.41812518394
"2018-06-29 00:00:00",841,632.407186048637,-145.138927361812,1409.95329945909,-556.746976434058,1821.56134853133
"2018-06-29 01:00:00",510,386.522539983335,-391.023573427114,1164.06865339378,-802.631622499359,1575.67670246603
"2018-06-29 02:00:00",385,305.615447532925,-471.930665877524,1083.16156094337,-883.53871494977,1494.76961001562
"2018-06-29 03:00:00",453,355.690276473899,-421.85583693655,1133.23638988435,-833.463886008796,1544.84443895659
"2018-06-29 04:00:00",984,845.750544669886,68.2044312594369,1623.29665808033,-343.403617812809,2034.90470715258
"2018-06-29 05:00:00",2909,2720.79908545371,1943.25297204326,3498.34519886416,1531.64492297101,3909.9532479364
"2018-06-29 06:00:00",5427,5425.83818082823,4648.29206741779,6203.38429423868,4236.68401834554,6614.99234331093
"2018-06-29 07:00:00",6051,6584.86966874806,5807.32355533761,7362.41578215851,5395.71550626537,7774.02383123076
"2018-06-29 08:00:00",5204,5893.89502952557,5116.34891611512,6671.44114293602,4704.74086704288,7083.04919200827
"2018-06-29 09:00:00",4842,5226.91545542349,4449.36934201304,6004.46156883393,4037.76129294079,6416.06961790618
"2018-06-29 10:00:00",4626,4852.9319067056,4075.38579329516,5630.47802011605,3663.77774422291,6042.0860691883
"2018-06-29 11:00:00",5114,5232.9451567808,4455.39904337036,6010.49127019125,4043.79099429811,6422.0993192635
"2018-06-29 12:00:00",5222,5301.95582856259,4524.40971515214,6079.50194197304,4112.80166607989,6491.10999104528
"2018-06-29 13:00:00",5236,5173.96442375353,4396.41831034308,5951.51053716398,3984.81026127084,6363.11858623623
"2018-06-29 14:00:00",5319,5329.97134643138,4552.42523302094,6107.51745984183,4140.81718394869,6519.12550891408
"2018-06-29 15:00:00",5903,5952.97692204558,5175.43080863513,6730.52303545603,4763.82275956289,7142.13108452828
"2018-06-29 16:00:00",5902,6685.9814127173,5908.43529930685,7463.52752612775,5496.82725023461,7875.1355752
"2018-06-29 17:00:00",5314,5686.98502956233,4909.43891615188,6464.53114297278,4497.83086707964,6876.13919204503
"2018-06-29 18:00:00",4798,4166.98794261606,3389.44182920561,4944.53405602651,2977.83378013336,5356.14210509875
"2018-06-29 19:00:00",3705,2881.99028882717,2104.44417541672,3659.53640223762,1692.83612634447,4071.14445130986
"2018-06-29 20:00:00",3340,2319.99217849592,1542.44606508547,3097.53829190636,1130.83801601322,3509.14634097861
"2018-06-29 21:00:00",3247,2157.99370045954,1380.44758704909,2935.53981386999,968.839537976848,3347.14786294224
"2018-06-29 22:00:00",2781,1772.99492626871,995.448812858265,2550.54103967916,583.84076378602,2962.14908875141
"2018-06-29 23:00:00",2465,1142.99591355126,365.449800140812,1920.54202696171,-46.1582489314339,2332.15007603395
"2018-06-30 00:00:00",1423,624.996708721381,-152.549404689068,1402.54282213183,-564.157453761314,1814.15087120408
"2018-06-30 01:00:00",869,440.997349161671,-336.548764248778,1218.54346257212,-748.156813321024,1630.15151164437
"2018-06-30 02:00:00",617,396.997864980556,-380.548248429893,1174.54397839101,-792.156297502139,1586.15202746325
"2018-06-30 03:00:00",429,308.998280427752,-468.547832982697,1086.5443938382,-880.155882054943,1498.15244291045
"2018-06-30 04:00:00",429,299.998615034291,-477.547498376158,1077.54472844474,-889.155547448403,1489.15277751699
"2018-06-30 05:00:00",822,539.998884530722,-237.547228879727,1317.54499794117,-649.155277951973,1729.15304701342
"2018-06-30 06:00:00",1489,985.999101586629,208.45298817618,1763.54521499708,-203.155060896065,2175.15326406932
"2018-06-30 07:00:00",2048,1310.99927640626,533.453162995813,2088.54538981671,121.845113923568,2500.15343888896
"2018-06-30 08:00:00",2840,1488.99941720825,711.453303797804,2266.5455306187,299.845254725559,2678.15357969095
"2018-06-30 09:00:00",3627,1754.999530612,977.453417201548,2532.54564402245,565.845368129302,2944.15369309469
"2018-06-30 10:00:00",3922,1977.99962194884,1200.45350853839,2755.54573535929,788.845459466142,3167.15378443153
"2018-06-30 11:00:00",4253,2152.99969551271,1375.45358210226,2930.54580892316,963.845533030013,3342.1538579954
"2018-06-30 12:00:00",4776,2146.999754762,1369.45364135155,2924.54586817245,957.845592279306,3336.1539172447
"2018-06-30 13:00:00",4675,1986.99980248215,1209.4536890717,2764.5459158926,797.845639999452,3176.15396496484
"2018-06-30 14:00:00",4533,1821.99984091657,1044.45372750612,2599.54595432702,632.845678433874,3011.15400339926
"2018-06-30 15:00:00",4425,1880.99987187215,1103.4537584617,2658.5459852826,691.845709389454,3070.15403435484
"2018-06-30 16:00:00",4707,1460.99989680417,683.453783393724,2238.54601021462,271.845734321478,2650.15405928687
"2018-06-30 17:00:00",4469,1477.99991688475,700.453803474298,2255.5460302952,288.845754402053,2667.15407936744
"2018-06-30 18:00:00",3871,1067.9999330579,290.453819647453,1845.54604646835,-121.154229424793,2257.1540955406
"2018-06-30 19:00:00",3247,880.999946083969,103.45383267352,1658.54605949442,-308.154216398726,2070.15410856666
"2018-06-30 20:00:00",2936,617.999956575332,-159.546156835117,1395.54606998578,-571.154205907363,1807.15411905803
"2018-06-30 21:00:00",2700,706.999965025211,-70.5461483852379,1484.54607843566,-482.154197457484,1896.15412750791
"2018-06-30 22:00:00",2760,593.999971830853,-183.546141579596,1371.5460852413,-595.154190651842,1783.15413431355
"2018-06-30 23:00:00",2017,525.999977312205,-251.546136098244,1303.54609072265,-663.15418517049,1715.1541397949
"2018-07-01 00:00:00",1314,352.999981726957,-424.546131683492,1130.54609513741,-836.154180755738,1542.15414420965
"2018-07-01 01:00:00",848,258.999985282655,-518.546128127794,1036.5460986931,-930.15417720004,1448.15414776535
"2018-07-01 02:00:00",703,197.99998814646,-579.546125263989,975.546101556909,-991.154174336235,1387.15415062915
"2018-07-01 03:00:00",419,150.999990453006,-626.546122957443,928.546103863455,-1038.15417202969,1340.1541529357
"2018-07-01 04:00:00",372,174.999992310727,-602.546121099721,952.546105721176,-1014.15417017197,1364.15415479342
"2018-07-01 05:00:00",529,300.999993806961,-476.546119603488,1078.54610721741,-888.154168675734,1490.15415628966
"2018-07-01 06:00:00",979,489.999995012046,-287.546118398403,1267.54610842249,-699.154167470649,1679.15415749474
"2018-07-01 07:00:00",1237,633.999995982637,-143.546117427812,1411.54610939309,-555.154166500057,1823.15415846533
"2018-07-01 08:00:00",1682,673.999996764364,-103.546116646085,1451.54611017481,-515.15416571833,1863.15415924706
"2018-07-01 09:00:00",2495,983.999997393977,206.453883983528,1761.54611080443,-205.154165088717,2173.15415987667
"2018-07-01 10:00:00",2924,1493.99999790108,716.453884490627,2271.54611131152,304.845835418381,2683.15416038377
"2018-07-01 11:00:00",3323,1793.9999983095,1016.45388489905,2571.54611171995,604.845835826804,2983.15416079219
"2018-07-01 12:00:00",3696,2036.99999863845,1259.453885228,2814.5461120489,847.845836155754,3226.15416112114
"2018-07-01 13:00:00",4084,2204.99999890339,1427.45388549294,2982.54611231384,1015.84583642069,3394.15416138608
"2018-07-01 14:00:00",4187,2405.99999911678,1628.45388570633,3183.54611252722,1216.84583663408,3595.15416159947
"2018-07-01 15:00:00",4365,2170.99999928864,1393.45388587819,2948.54611269909,981.845836805945,3360.15416177133
"2018-07-01 16:00:00",4380,2108.99999942706,1331.45388601661,2886.54611283751,919.845836944367,3298.15416190976
"2018-07-01 17:00:00",4049,1848.99999953855,1071.4538861281,2626.546112949,659.845837055853,3038.15416202124
"2018-07-01 18:00:00",3680,1658.99999962834,881.453886217891,2436.54611303879,469.845837145646,2848.15416211103
"2018-07-01 19:00:00",3404,1416.99999970066,639.453886290212,2194.54611311111,227.845837217966,2606.15416218335
"2018-07-01 20:00:00",3018,1641.99999975891,864.453886348459,2419.54611316936,452.845837276213,2831.1541622416
"2018-07-01 21:00:00",2640,2808.99999980582,2031.45388639537,3586.54611321627,1619.84583732313,3998.15416228852
"2018-07-01 22:00:00",2152,1202.99999984361,425.453886433157,1980.54611325405,13.8458373609114,2392.1541623263
"2018-07-01 23:00:00",3078,705.999999874038,-71.5461135364106,1483.54611328449,-483.154162608656,1895.15416235673
"2018-07-02 00:00:00",1043,406.999999898549,-370.5461135119,1184.546113309,-782.154162584146,1596.15416238124
"2018-07-02 01:00:00",523,271.99999991829,-505.546113492159,1049.54611332874,-917.154162564405,1461.15416240098
"2018-07-02 02:00:00",425,246.99999993419,-530.546113476259,1024.54611334464,-942.154162548505,1436.15416241688
"2018-07-02 03:00:00",398,356.999999946996,-420.546113463453,1134.54611335744,-832.154162535699,1546.15416242969
"2018-07-02 04:00:00",896,778.999999957309,1.45388654686053,1556.54611336776,-410.154162525385,1968.15416244
"2018-07-02 05:00:00",2931,2237.99999996562,1460.45388655517,3015.54611337607,1048.84583748292,3427.15416244831
"2018-07-02 06:00:00",5305,4363.99999997231,3586.45388656186,5141.54611338276,3174.84583748961,5553.154162455
"2018-07-02 07:00:00",5936,4962.9999999777,4185.45388656725,5740.54611338814,3773.845837495,6152.15416246039
"2018-07-02 08:00:00",4859,4462.99999998204,3685.45388657159,5240.54611339248,3273.84583749934,5652.15416246473
"2018-07-02 09:00:00",4473,4044.99999998553,3267.45388657508,4822.54611339598,2855.84583750284,5234.15416246823
"2018-07-02 10:00:00",4172,3625.99999998835,2848.4538865779,4403.5461133988,2436.84583750565,4815.15416247104
"2018-07-02 11:00:00",4498,3859.99999999061,3082.45388658017,4637.54611340106,2670.84583750792,5049.15416247331
"2018-07-02 12:00:00",4617,4148.99999999244,3371.45388658199,4926.54611340289,2959.84583750975,5338.15416247514
"2018-07-02 13:00:00",4667,4109.99999999391,3332.45388658346,4887.54611340436,2920.84583751122,5299.15416247661
"2018-07-02 14:00:00",4728,4386.9999999951,3609.45388658465,5164.54611340554,3197.8458375124,5576.15416247779
"2018-07-02 15:00:00",5115,4941.99999999605,4164.4538865856,5719.5461134065,3752.84583751336,6131.15416247875
"2018-07-02 16:00:00",5853,5787.99999999682,5010.45388658637,6565.54611340727,4598.84583751413,6977.15416247951
"2018-07-02 17:00:00",5241,5566.99999999744,4789.45388658699,6344.54611340789,4377.84583751474,6756.15416248013
"2018-07-02 18:00:00",3922,4060.99999999794,3283.45388658749,4838.54611340839,2871.84583751524,5250.15416248063
"2018-07-02 19:00:00",3183,2978.99999999834,2201.45388658789,3756.54611340879,1789.84583751564,4168.15416248103
"2018-07-02 20:00:00",2792,2555.99999999866,1778.45388658821,3333.54611340911,1366.84583751597,3745.15416248136
"2018-07-02 21:00:00",2552,2099.99999999892,1322.45388658847,2877.54611340937,910.845837516227,3289.15416248162
"2018-07-02 22:00:00",2118,1488.99999999913,711.453886588683,2266.54611340958,299.845837516437,2678.15416248183
"2018-07-02 23:00:00",1461,977.999999999301,200.453886588852,1755.54611340975,-211.154162483394,2167.154162482
"2018-07-03 00:00:00",722,523.999999999437,-253.546113411012,1301.54611340989,-665.154162483258,1713.15416248213
"2018-07-03 01:00:00",455,335.999999999546,-441.546113410903,1113.54611341,-853.154162483148,1525.15416248224
"2018-07-03 02:00:00",340,270.999999999635,-506.546113410814,1048.54611341008,-918.15416248306,1460.15416248233
"2018-07-03 03:00:00",391,346.999999999706,-430.546113410743,1124.54611341015,-842.154162482989,1536.1541624824
"2018-07-03 04:00:00",863,897.999999999763,120.453886589314,1675.54611341021,-291.154162482932,2087.15416248246
"2018-07-03 05:00:00",2836,2847.99999999981,2070.45388658936,3625.54611341026,1658.84583751711,4037.1541624825
"2018-07-03 06:00:00",5264,5515.99999999985,4738.4538865894,6293.5461134103,4326.84583751715,6705.15416248254
"2018-07-03 07:00:00",5737,6207.99999999988,5430.45388658943,6985.54611341033,5018.84583751718,7397.15416248257
"2018-07-03 08:00:00",5017,5891.9999999999,5114.45388658945,6669.54611341035,4702.8458375172,7081.15416248259
"2018-07-03 09:00:00",4373,5676.99999999992,4899.45388658947,6454.54611341037,4487.84583751722,6866.15416248261
"2018-07-03 10:00:00",4099,4455.99999999994,3678.45388658949,5233.54611341038,3266.84583751724,5645.15416248263
"2018-07-03 11:00:00",4415,4714.99999999995,3937.4538865895,5492.5461134104,3525.84583751725,5904.15416248264
"2018-07-03 12:00:00",4775,4961.99999999996,4184.45388658951,5739.54611341041,3772.84583751726,6151.15416248265
"2018-07-03 13:00:00",4799,4912.99999999997,4135.45388658952,5690.54611341042,3723.84583751727,6102.15416248266
"2018-07-03 14:00:00",4968,5219.99999999997,4442.45388658952,5997.54611341042,4030.84583751728,6409.15416248267
"2018-07-03 15:00:00",5526,5843.99999999998,5066.45388658953,6621.54611341043,4654.84583751728,7033.15416248267
"2018-07-03 16:00:00",6135,6656.99999999998,5879.45388658953,7434.54611341043,5467.84583751729,7846.15416248268
"2018-07-03 17:00:00",5092,6276.99999999999,5499.45388658954,7054.54611341043,5087.84583751729,7466.15416248268
"2018-07-03 18:00:00",4313,4826.99999999999,4049.45388658954,5604.54611341044,3637.84583751729,6016.15416248268
"2018-07-03 19:00:00",3308,3480.99999999999,2703.45388658954,4258.54611341044,2291.8458375173,4670.15416248269
"2018-07-03 20:00:00",3055,2876.99999999999,2099.45388658954,3654.54611341044,1687.8458375173,4066.15416248269
"2018-07-03 21:00:00",2700,3417.99999999999,2640.45388658955,4195.54611341044,2228.8458375173,4607.15416248269
"2018-07-03 22:00:00",2176,3293.99999999999,2516.45388658955,4071.54611341044,2104.8458375173,4483.15416248269
"2018-07-03 23:00:00",1741,1297,519.453886589547,2074.54611341045,107.845837517302,2486.15416248269
"2018-07-04 00:00:00",1021,825.999999999997,48.4538865895479,1603.54611341045,-363.154162482698,2015.15416248269
"2018-07-04 01:00:00",605,593.999999999997,-183.546113410451,1371.54611341045,-595.154162482697,1783.15416248269
"2018-07-04 02:00:00",573,430.999999999998,-346.546113410451,1208.54611341045,-758.154162482697,1620.15416248269
"2018-07-04 03:00:00",353,520.999999999998,-256.546113410451,1298.54611341045,-668.154162482696,1710.15416248269
"2018-07-04 04:00:00",354,974.999999999999,197.45388658955,1752.54611341045,-214.154162482696,2164.15416248269
"2018-07-04 05:00:00",698,2986,2208.45388658955,3763.54611341045,1796.8458375173,4175.15416248269
"2018-07-04 06:00:00",1141,5943,5165.45388658955,6720.54611341045,4753.8458375173,7132.15416248269
"2018-07-04 07:00:00",1128,6871,6093.45388658955,7648.54611341045,5681.8458375173,8060.15416248269
"2018-07-04 08:00:00",1275,6614,5836.45388658955,7391.54611341045,5424.8458375173,7803.15416248269
"2018-07-04 09:00:00",1687,5378,4600.45388658955,6155.54611341045,4188.8458375173,6567.1541624827
"2018-07-04 10:00:00",1920,4751,3973.45388658955,5528.54611341045,3561.84583751731,5940.1541624827
"2018-07-04 11:00:00",2603,4824,4046.45388658955,5601.54611341045,3634.84583751731,6013.1541624827
"2018-07-04 12:00:00",2761,5013,4235.45388658955,5790.54611341045,3823.84583751731,6202.1541624827
"2018-07-04 13:00:00",2929,5017,4239.45388658955,5794.54611341045,3827.84583751731,6206.1541624827
"2018-07-04 14:00:00",3318,5437,4659.45388658955,6214.54611341045,4247.8458375173,6626.1541624827
"2018-07-04 15:00:00",3070,5835,5057.45388658955,6612.54611341045,4645.8458375173,7024.1541624827
"2018-07-04 16:00:00",3224,7022,6244.45388658955,7799.54611341045,5832.8458375173,8211.1541624827
"2018-07-04 17:00:00",3045,6459,5681.45388658955,7236.54611341045,5269.8458375173,7648.1541624827
"2018-07-04 18:00:00",2664,4663,3885.45388658955,5440.54611341045,3473.84583751731,5852.1541624827
"2018-07-04 19:00:00",2596,3393,2615.45388658955,4170.54611341045,2203.84583751731,4582.1541624827
"2018-07-04 20:00:00",2503,3034,2256.45388658955,3811.54611341045,1844.84583751731,4223.1541624827
"2018-07-04 21:00:00",2582,2604,1826.45388658955,3381.54611341045,1414.84583751731,3793.15416248269
"2018-07-04 22:00:00",2030,1726,948.453886589551,2503.54611341045,536.845837517305,2915.15416248269
"2018-07-04 23:00:00",1936,1085,307.453886589551,1862.54611341045,-104.154162482695,2274.15416248269
"2018-07-05 00:00:00",971,561,-216.546113410449,1338.54611341045,-628.154162482695,1750.15416248269
"2018-07-05 01:00:00",476,351,-426.546113410449,1128.54611341045,-838.154162482695,1540.15416248269
"2018-07-05 02:00:00",317,275,-502.546113410449,1052.54611341045,-914.154162482695,1464.15416248269
"2018-07-05 03:00:00",338,361,-416.546113410449,1138.54611341045,-828.154162482695,1550.15416248269
"2018-07-05 04:00:00",754,909,131.453886589551,1686.54611341045,-280.154162482695,2098.15416248269
"2018-07-05 05:00:00",2412,2885,2107.45388658955,3662.54611341045,1695.84583751731,4074.15416248269
"2018-07-05 06:00:00",4500,5715,4937.45388658955,6492.54611341045,4525.8458375173,6904.1541624827
"2018-07-05 07:00:00",4966,6461,5683.45388658955,7238.54611341045,5271.8458375173,7650.1541624827
"2018-07-05 08:00:00",4440,6046,5268.45388658955,6823.54611341045,4856.8458375173,7235.1541624827
"2018-07-05 09:00:00",4205,5842,5064.45388658955,6619.54611341045,4652.8458375173,7031.1541624827
"2018-07-05 10:00:00",4154,4882,4104.45388658955,5659.54611341045,3692.84583751731,6071.1541624827
"2018-07-05 11:00:00",4201,5035,4257.45388658955,5812.54611341045,3845.84583751731,6224.1541624827
"2018-07-05 12:00:00",4416,5027,4249.45388658955,5804.54611341045,3837.84583751731,6216.1541624827
"2018-07-05 13:00:00",4491,5326.18604282048,4548.63992941003,6103.73215623093,4137.03188033778,6515.34020530317
"2018-07-05 14:00:00",4708,5568.83901632232,4791.29290291187,6346.38512973276,4379.68485383962,6757.99317880501
"2018-07-05 15:00:00",5066,6247.84327705668,5470.29716364623,7025.38939046713,5058.68911457398,7436.99743953937
"2018-07-05 16:00:00",5908,7209.65212162901,6432.10600821856,7987.19823503946,6020.49795914632,8398.80628411171
"2018-07-05 17:00:00",5223,6808.30357549932,6030.75746208887,7585.84968890977,5619.14941301662,7997.45773798201
"2018-07-05 18:00:00",4115,5061.82826486443,4284.28215145398,5839.37437827488,3872.67410238174,6250.98242734713
"2018-07-05 19:00:00",3099,3695.25085645904,2917.70474304859,4472.79696986949,2506.09669397634,4884.40501894173
"2018-07-05 20:00:00",2713,3080.59121718999,2303.04510377954,3858.13733060044,1891.43705470729,4269.74537967268
"2018-07-05 21:00:00",2633,2760.86534812077,1983.31923471033,3538.41146153122,1571.71118563808,3950.01951060347
"2018-07-05 22:00:00",2002,2052.0861367147,1274.54002330425,2829.63225012515,862.931974232007,3241.2402991974
"2018-07-05 23:00:00",1287,1167.26396270124,389.717849290793,1944.81007611169,-21.890199781453,2356.41812518394
"2018-07-06 00:00:00",743,632.407186048637,-145.138927361812,1409.95329945909,-556.746976434058,1821.56134853133
"2018-07-06 01:00:00",435,386.522539983335,-391.023573427114,1164.06865339378,-802.631622499359,1575.67670246603
"2018-07-06 02:00:00",372,305.615447532925,-471.930665877524,1083.16156094337,-883.53871494977,1494.76961001562
"2018-07-06 03:00:00",343,355.690276473899,-421.85583693655,1133.23638988435,-833.463886008796,1544.84443895659
"2018-07-06 04:00:00",752,845.750544669886,68.2044312594369,1623.29665808033,-343.403617812809,2034.90470715258
"2018-07-06 05:00:00",2453,2720.79908545371,1943.25297204326,3498.34519886416,1531.64492297101,3909.9532479364
"2018-07-06 06:00:00",4489,5425.83818082823,4648.29206741779,6203.38429423868,4236.68401834554,6614.99234331093
"2018-07-06 07:00:00",5069,6584.86966874806,5807.32355533761,7362.41578215851,5395.71550626537,7774.02383123076
"2018-07-06 08:00:00",4489,5893.89502952557,5116.34891611512,6671.44114293602,4704.74086704288,7083.04919200827
"2018-07-06 09:00:00",4305,5226.91545542349,4449.36934201304,6004.46156883393,4037.76129294079,6416.06961790618
"2018-07-06 10:00:00",4215,4852.9319067056,4075.38579329516,5630.47802011605,3663.77774422291,6042.0860691883
"2018-07-06 11:00:00",4547,5232.9451567808,4455.39904337036,6010.49127019125,4043.79099429811,6422.0993192635
"2018-07-06 12:00:00",4684,5301.95582856259,4524.40971515214,6079.50194197304,4112.80166607989,6491.10999104528
"2018-07-06 13:00:00",4594,5173.96442375353,4396.41831034308,5951.51053716398,3984.81026127084,6363.11858623623
"2018-07-06 14:00:00",4818,5329.97134643138,4552.42523302094,6107.51745984183,4140.81718394869,6519.12550891408
"2018-07-06 15:00:00",5182,5952.97692204558,5175.43080863513,6730.52303545603,4763.82275956289,7142.13108452828
"2018-07-06 16:00:00",5353,6685.9814127173,5908.43529930685,7463.52752612775,5496.82725023461,7875.1355752
"2018-07-06 17:00:00",4822,5686.98502956233,4909.43891615188,6464.53114297278,4497.83086707964,6876.13919204503
"2018-07-06 18:00:00",4089,4166.98794261606,3389.44182920561,4944.53405602651,2977.83378013336,5356.14210509875
"2018-07-06 19:00:00",3390,2881.99028882717,2104.44417541672,3659.53640223762,1692.83612634447,4071.14445130986
"2018-07-06 20:00:00",2966,2319.99217849592,1542.44606508547,3097.53829190636,1130.83801601322,3509.14634097861
"2018-07-06 21:00:00",2903,2157.99370045954,1380.44758704909,2935.53981386999,968.839537976848,3347.14786294224
"2018-07-06 22:00:00",2533,1772.99492626871,995.448812858265,2550.54103967916,583.84076378602,2962.14908875141
"2018-07-06 23:00:00",2227,1142.99591355126,365.449800140812,1920.54202696171,-46.1582489314339,2332.15007603395
"2018-07-07 00:00:00",1233,624.996708721381,-152.549404689068,1402.54282213183,-564.157453761314,1814.15087120408
"2018-07-07 01:00:00",689,440.997349161671,-336.548764248778,1218.54346257212,-748.156813321024,1630.15151164437
"2018-07-07 02:00:00",604,396.997864980556,-380.548248429893,1174.54397839101,-792.156297502139,1586.15202746325
"2018-07-07 03:00:00",382,308.998280427752,-468.547832982697,1086.5443938382,-880.155882054943,1498.15244291045
"2018-07-07 04:00:00",429,299.998615034291,-477.547498376158,1077.54472844474,-889.155547448403,1489.15277751699
"2018-07-07 05:00:00",769,539.998884530722,-237.547228879727,1317.54499794117,-649.155277951973,1729.15304701342
"2018-07-07 06:00:00",1246,985.999101586629,208.45298817618,1763.54521499708,-203.155060896065,2175.15326406932
"2018-07-07 07:00:00",1710,1310.99927640626,533.453162995813,2088.54538981671,121.845113923568,2500.15343888896
"2018-07-07 08:00:00",2428,1488.99941720825,711.453303797804,2266.5455306187,299.845254725559,2678.15357969095
"2018-07-07 09:00:00",3029,1754.999530612,977.453417201548,2532.54564402245,565.845368129302,2944.15369309469
"2018-07-07 10:00:00",3386,1977.99962194884,1200.45350853839,2755.54573535929,788.845459466142,3167.15378443153
"2018-07-07 11:00:00",4045,2152.99969551271,1375.45358210226,2930.54580892316,963.845533030013,3342.1538579954
"2018-07-07 12:00:00",4160,2146.999754762,1369.45364135155,2924.54586817245,957.845592279306,3336.1539172447
"2018-07-07 13:00:00",4118,1986.99980248215,1209.4536890717,2764.5459158926,797.845639999452,3176.15396496484
"2018-07-07 14:00:00",3992,1821.99984091657,1044.45372750612,2599.54595432702,632.845678433874,3011.15400339926
"2018-07-07 15:00:00",4022,1880.99987187215,1103.4537584617,2658.5459852826,691.845709389454,3070.15403435484
"2018-07-07 16:00:00",4289,1460.99989680417,683.453783393724,2238.54601021462,271.845734321478,2650.15405928687
"2018-07-07 17:00:00",4085,1477.99991688475,700.453803474298,2255.5460302952,288.845754402053,2667.15407936744
"2018-07-07 18:00:00",3986,1067.9999330579,290.453819647453,1845.54604646835,-121.154229424793,2257.1540955406
"2018-07-07 19:00:00",3416,880.999946083969,103.45383267352,1658.54605949442,-308.154216398726,2070.15410856666
"2018-07-07 20:00:00",3191,617.999956575332,-159.546156835117,1395.54606998578,-571.154205907363,1807.15411905803
"2018-07-07 21:00:00",3616,706.999965025211,-70.5461483852379,1484.54607843566,-482.154197457484,1896.15412750791
"2018-07-07 22:00:00",3055,593.999971830853,-183.546141579596,1371.5460852413,-595.154190651842,1783.15413431355
"2018-07-07 23:00:00",2246,525.999977312205,-251.546136098244,1303.54609072265,-663.15418517049,1715.1541397949
"2018-07-08 00:00:00",1423,352.999981726957,-424.546131683492,1130.54609513741,-836.154180755738,1542.15414420965
"2018-07-08 01:00:00",786,258.999985282655,-518.546128127794,1036.5460986931,-930.15417720004,1448.15414776535
"2018-07-08 02:00:00",693,197.99998814646,-579.546125263989,975.546101556909,-991.154174336235,1387.15415062915
"2018-07-08 03:00:00",357,150.999990453006,-626.546122957443,928.546103863455,-1038.15417202969,1340.1541529357
"2018-07-08 04:00:00",327,174.999992310727,-602.546121099721,952.546105721176,-1014.15417017197,1364.15415479342
"2018-07-08 05:00:00",476,300.999993806961,-476.546119603488,1078.54610721741,-888.154168675734,1490.15415628966
"2018-07-08 06:00:00",876,489.999995012046,-287.546118398403,1267.54610842249,-699.154167470649,1679.15415749474
"2018-07-08 07:00:00",1084,633.999995982637,-143.546117427812,1411.54610939309,-555.154166500057,1823.15415846533
"2018-07-08 08:00:00",1920,673.999996764364,-103.546116646085,1451.54611017481,-515.15416571833,1863.15415924706
"2018-07-08 09:00:00",2584,983.999997393977,206.453883983528,1761.54611080443,-205.154165088717,2173.15415987667
"2018-07-08 10:00:00",3236,1493.99999790108,716.453884490627,2271.54611131152,304.845835418381,2683.15416038377
"2018-07-08 11:00:00",3837,1793.9999983095,1016.45388489905,2571.54611171995,604.845835826804,2983.15416079219
"2018-07-08 12:00:00",4075,2036.99999863845,1259.453885228,2814.5461120489,847.845836155754,3226.15416112114
"2018-07-08 13:00:00",4211,2204.99999890339,1427.45388549294,2982.54611231384,1015.84583642069,3394.15416138608
"2018-07-08 14:00:00",4470,2405.99999911678,1628.45388570633,3183.54611252722,1216.84583663408,3595.15416159947
"2018-07-08 15:00:00",4397,2170.99999928864,1393.45388587819,2948.54611269909,981.845836805945,3360.15416177133
"2018-07-08 16:00:00",4514,2108.99999942706,1331.45388601661,2886.54611283751,919.845836944367,3298.15416190976
"2018-07-08 17:00:00",4297,1848.99999953855,1071.4538861281,2626.546112949,659.845837055853,3038.15416202124
"2018-07-08 18:00:00",3953,1658.99999962834,881.453886217891,2436.54611303879,469.845837145646,2848.15416211103
"2018-07-08 19:00:00",3969,1416.99999970066,639.453886290212,2194.54611311111,227.845837217966,2606.15416218335
"2018-07-08 20:00:00",3571,1641.99999975891,864.453886348459,2419.54611316936,452.845837276213,2831.1541622416
"2018-07-08 21:00:00",2948,2808.99999980582,2031.45388639537,3586.54611321627,1619.84583732313,3998.15416228852
"2018-07-08 22:00:00",2039,1202.99999984361,425.453886433157,1980.54611325405,13.8458373609114,2392.1541623263
"2018-07-08 23:00:00",1339,705.999999874038,-71.5461135364106,1483.54611328449,-483.154162608656,1895.15416235673
"2018-07-09 00:00:00",676,406.999999898549,-370.5461135119,1184.546113309,-782.154162584146,1596.15416238124
"2018-07-09 01:00:00",423,271.99999991829,-505.546113492159,1049.54611332874,-917.154162564405,1461.15416240098
"2018-07-09 02:00:00",320,246.99999993419,-530.546113476259,1024.54611334464,-942.154162548505,1436.15416241688
"2018-07-09 03:00:00",348,356.999999946996,-420.546113463453,1134.54611335744,-832.154162535699,1546.15416242969
"2018-07-09 04:00:00",903,778.999999957309,1.45388654686053,1556.54611336776,-410.154162525385,1968.15416244
"2018-07-09 05:00:00",2977,2237.99999996562,1460.45388655517,3015.54611337607,1048.84583748292,3427.15416244831
"2018-07-09 06:00:00",5679,4363.99999997231,3586.45388656186,5141.54611338276,3174.84583748961,5553.154162455
"2018-07-09 07:00:00",6178,4962.9999999777,4185.45388656725,5740.54611338814,3773.845837495,6152.15416246039
"2018-07-09 08:00:00",5656,4462.99999998204,3685.45388657159,5240.54611339248,3273.84583749934,5652.15416246473
"2018-07-09 09:00:00",4586,4044.99999998553,3267.45388657508,4822.54611339598,2855.84583750284,5234.15416246823
"2018-07-09 10:00:00",4266,3625.99999998835,2848.4538865779,4403.5461133988,2436.84583750565,4815.15416247104
"2018-07-09 11:00:00",4448,3859.99999999061,3082.45388658017,4637.54611340106,2670.84583750792,5049.15416247331
"2018-07-09 12:00:00",4689,4148.99999999244,3371.45388658199,4926.54611340289,2959.84583750975,5338.15416247514
"2018-07-09 13:00:00",4621,4109.99999999391,3332.45388658346,4887.54611340436,2920.84583751122,5299.15416247661
"2018-07-09 14:00:00",4836,4386.9999999951,3609.45388658465,5164.54611340554,3197.8458375124,5576.15416247779
"2018-07-09 15:00:00",5429,4941.99999999605,4164.4538865856,5719.5461134065,3752.84583751336,6131.15416247875
"2018-07-09 16:00:00",6311,5787.99999999682,5010.45388658637,6565.54611340727,4598.84583751413,6977.15416247951
"2018-07-09 17:00:00",5805,5566.99999999744,4789.45388658699,6344.54611340789,4377.84583751474,6756.15416248013
"2018-07-09 18:00:00",4290,4060.99999999794,3283.45388658749,4838.54611340839,2871.84583751524,5250.15416248063
"2018-07-09 19:00:00",3240,2978.99999999834,2201.45388658789,3756.54611340879,1789.84583751564,4168.15416248103
"2018-07-09 20:00:00",2861,2555.99999999866,1778.45388658821,3333.54611340911,1366.84583751597,3745.15416248136
"2018-07-09 21:00:00",2633,2099.99999999892,1322.45388658847,2877.54611340937,910.845837516227,3289.15416248162
"2018-07-09 22:00:00",2071,1488.99999999913,711.453886588683,2266.54611340958,299.845837516437,2678.15416248183
"2018-07-09 23:00:00",1189,977.999999999301,200.453886588852,1755.54611340975,-211.154162483394,2167.154162482
"2018-07-10 00:00:00",688,523.999999999437,-253.546113411012,1301.54611340989,-665.154162483258,1713.15416248213
"2018-07-10 01:00:00",389,335.999999999546,-441.546113410903,1113.54611341,-853.154162483148,1525.15416248224
"2018-07-10 02:00:00",295,270.999999999635,-506.546113410814,1048.54611341008,-918.15416248306,1460.15416248233
"2018-07-10 03:00:00",364,346.999999999706,-430.546113410743,1124.54611341015,-842.154162482989,1536.1541624824
"2018-07-10 04:00:00",898,897.999999999763,120.453886589314,1675.54611341021,-291.154162482932,2087.15416248246
"2018-07-10 05:00:00",3137,2847.99999999981,2070.45388658936,3625.54611341026,1658.84583751711,4037.1541624825
"2018-07-10 06:00:00",5886,5515.99999999985,4738.4538865894,6293.5461134103,4326.84583751715,6705.15416248254
"2018-07-10 07:00:00",6134,6207.99999999988,5430.45388658943,6985.54611341033,5018.84583751718,7397.15416248257
"2018-07-10 08:00:00",5786,5891.9999999999,5114.45388658945,6669.54611341035,4702.8458375172,7081.15416248259
"2018-07-10 09:00:00",4843,5676.99999999992,4899.45388658947,6454.54611341037,4487.84583751722,6866.15416248261
"2018-07-10 10:00:00",4442,4455.99999999994,3678.45388658949,5233.54611341038,3266.84583751724,5645.15416248263
"2018-07-10 11:00:00",4586,4714.99999999995,3937.4538865895,5492.5461134104,3525.84583751725,5904.15416248264
"2018-07-10 12:00:00",4865,4961.99999999996,4184.45388658951,5739.54611341041,3772.84583751726,6151.15416248265
"2018-07-10 13:00:00",4719,4912.99999999997,4135.45388658952,5690.54611341042,3723.84583751727,6102.15416248266
"2018-07-10 14:00:00",4789,5219.99999999997,4442.45388658952,5997.54611341042,4030.84583751728,6409.15416248267
"2018-07-10 15:00:00",5681,5843.99999999998,5066.45388658953,6621.54611341043,4654.84583751728,7033.15416248267
"2018-07-10 16:00:00",6566,6656.99999999998,5879.45388658953,7434.54611341043,5467.84583751729,7846.15416248268
"2018-07-10 17:00:00",6081,6276.99999999999,5499.45388658954,7054.54611341043,5087.84583751729,7466.15416248268
"2018-07-10 18:00:00",4404,4826.99999999999,4049.45388658954,5604.54611341044,3637.84583751729,6016.15416248268
"2018-07-10 19:00:00",3219,3480.99999999999,2703.45388658954,4258.54611341044,2291.8458375173,4670.15416248269
"2018-07-10 20:00:00",3053,2876.99999999999,2099.45388658954,3654.54611341044,1687.8458375173,4066.15416248269
"2018-07-10 21:00:00",3060,3417.99999999999,2640.45388658955,4195.54611341044,2228.8458375173,4607.15416248269
"2018-07-10 22:00:00",2203,3293.99999999999,2516.45388658955,4071.54611341044,2104.8458375173,4483.15416248269
"2018-07-10 23:00:00",1311,1297,519.453886589547,2074.54611341045,107.845837517302,2486.15416248269
"2018-07-11 00:00:00",661,825.999999999997,48.4538865895479,1603.54611341045,-363.154162482698,2015.15416248269
"2018-07-11 01:00:00",401,593.999999999997,-183.546113410451,1371.54611341045,-595.154162482697,1783.15416248269
"2018-07-11 02:00:00",321,430.999999999998,-346.546113410451,1208.54611341045,-758.154162482697,1620.15416248269
"2018-07-11 03:00:00",384,520.999999999998,-256.546113410451,1298.54611341045,-668.154162482696,1710.15416248269
"2018-07-11 04:00:00",948,974.999999999999,197.45388658955,1752.54611341045,-214.154162482696,2164.15416248269
"2018-07-11 05:00:00",3193,2986,2208.45388658955,3763.54611341045,1796.8458375173,4175.15416248269
"2018-07-11 06:00:00",5179,5943,5165.45388658955,6720.54611341045,4753.8458375173,7132.15416248269
"2018-07-11 07:00:00",6295,6871,6093.45388658955,7648.54611341045,5681.8458375173,8060.15416248269
"2018-07-11 08:00:00",5930,6614,5836.45388658955,7391.54611341045,5424.8458375173,7803.15416248269
"2018-07-11 09:00:00",5025,5378,4600.45388658955,6155.54611341045,4188.8458375173,6567.1541624827
"2018-07-11 10:00:00",4829,4751,3973.45388658955,5528.54611341045,3561.84583751731,5940.1541624827
"2018-07-11 11:00:00",5052,4824,4046.45388658955,5601.54611341045,3634.84583751731,6013.1541624827
"2018-07-11 12:00:00",4974,5013,4235.45388658955,5790.54611341045,3823.84583751731,6202.1541624827
"2018-07-11 13:00:00",4779,5017,4239.45388658955,5794.54611341045,3827.84583751731,6206.1541624827
"2018-07-11 14:00:00",4974,5437,4659.45388658955,6214.54611341045,4247.8458375173,6626.1541624827
"2018-07-11 15:00:00",5817,5835,5057.45388658955,6612.54611341045,4645.8458375173,7024.1541624827
"2018-07-11 16:00:00",6522,7022,6244.45388658955,7799.54611341045,5832.8458375173,8211.1541624827
"2018-07-11 17:00:00",5935,6459,5681.45388658955,7236.54611341045,5269.8458375173,7648.1541624827
"2018-07-11 18:00:00",4568,4663,3885.45388658955,5440.54611341045,3473.84583751731,5852.1541624827
"2018-07-11 19:00:00",3412,3393,2615.45388658955,4170.54611341045,2203.84583751731,4582.1541624827
"2018-07-11 20:00:00",3033,3034,2256.45388658955,3811.54611341045,1844.84583751731,4223.1541624827
"2018-07-11 21:00:00",2687,2604,1826.45388658955,3381.54611341045,1414.84583751731,3793.15416248269
"2018-07-11 22:00:00",1960,1726,948.453886589551,2503.54611341045,536.845837517305,2915.15416248269
"2018-07-11 23:00:00",1294,1085,307.453886589551,1862.54611341045,-104.154162482695,2274.15416248269
"2018-07-12 00:00:00",699,561,-216.546113410449,1338.54611341045,-628.154162482695,1750.15416248269
"2018-07-12 01:00:00",408,351,-426.546113410449,1128.54611341045,-838.154162482695,1540.15416248269
"2018-07-12 02:00:00",296,275,-502.546113410449,1052.54611341045,-914.154162482695,1464.15416248269
"2018-07-12 03:00:00",364,361,-416.546113410449,1138.54611341045,-828.154162482695,1550.15416248269
"2018-07-12 04:00:00",940,909,131.453886589551,1686.54611341045,-280.154162482695,2098.15416248269
"2018-07-12 05:00:00",3070,2885,2107.45388658955,3662.54611341045,1695.84583751731,4074.15416248269
"2018-07-12 06:00:00",5702,5715,4937.45388658955,6492.54611341045,4525.8458375173,6904.1541624827
"2018-07-12 07:00:00",6456,6461,5683.45388658955,7238.54611341045,5271.8458375173,7650.1541624827
"2018-07-12 08:00:00",5583,6046,5268.45388658955,6823.54611341045,4856.8458375173,7235.1541624827
"2018-07-12 09:00:00",4958,5842,5064.45388658955,6619.54611341045,4652.8458375173,7031.1541624827
"2018-07-12 10:00:00",4610,4882,4104.45388658955,5659.54611341045,3692.84583751731,6071.1541624827
"2018-07-12 11:00:00",4848,5035,4257.45388658955,5812.54611341045,3845.84583751731,6224.1541624827
"2018-07-12 12:00:00",4891,5027,4249.45388658955,5804.54611341045,3837.84583751731,6216.1541624827
"2018-07-12 13:00:00",5188,5326.18604282048,4548.63992941003,6103.73215623093,4137.03188033778,6515.34020530317
"2018-07-12 14:00:00",5139,5568.83901632232,4791.29290291187,6346.38512973276,4379.68485383962,6757.99317880501
"2018-07-12 15:00:00",5743,6247.84327705668,5470.29716364623,7025.38939046713,5058.68911457398,7436.99743953937
"2018-07-12 16:00:00",6612,7209.65212162901,6432.10600821856,7987.19823503946,6020.49795914632,8398.80628411171
"2018-07-12 17:00:00",5795,6808.30357549932,6030.75746208887,7585.84968890977,5619.14941301662,7997.45773798201
"2018-07-12 18:00:00",3890,5061.82826486443,4284.28215145398,5839.37437827488,3872.67410238174,6250.98242734713
"2018-07-12 19:00:00",3237,3695.25085645904,2917.70474304859,4472.79696986949,2506.09669397634,4884.40501894173
"2018-07-12 20:00:00",2727,3080.59121718999,2303.04510377954,3858.13733060044,1891.43705470729,4269.74537967268
"2018-07-12 21:00:00",2497,2760.86534812077,1983.31923471033,3538.41146153122,1571.71118563808,3950.01951060347
"2018-07-12 22:00:00",1870,2052.0861367147,1274.54002330425,2829.63225012515,862.931974232007,3241.2402991974
"2018-07-12 23:00:00",1320,1167.26396270124,389.717849290793,1944.81007611169,-21.890199781453,2356.41812518394
"2018-07-13 00:00:00",705,632.407186048637,-145.138927361812,1409.95329945909,-556.746976434058,1821.56134853133
"2018-07-13 01:00:00",439,386.522539983335,-391.023573427114,1164.06865339378,-802.631622499359,1575.67670246603
"2018-07-13 02:00:00",350,305.615447532925,-471.930665877524,1083.16156094337,-883.53871494977,1494.76961001562
"2018-07-13 03:00:00",373,355.690276473899,-421.85583693655,1133.23638988435,-833.463886008796,1544.84443895659
"2018-07-13 04:00:00",888,845.750544669886,68.2044312594369,1623.29665808033,-343.403617812809,2034.90470715258
"2018-07-13 05:00:00",2917,2720.79908545371,1943.25297204326,3498.34519886416,1531.64492297101,3909.9532479364
"2018-07-13 06:00:00",5268,5425.83818082823,4648.29206741779,6203.38429423868,4236.68401834554,6614.99234331093
"2018-07-13 07:00:00",5994,6584.86966874806,5807.32355533761,7362.41578215851,5395.71550626537,7774.02383123076
"2018-07-13 08:00:00",5288,5893.89502952557,5116.34891611512,6671.44114293602,4704.74086704288,7083.04919200827
"2018-07-13 09:00:00",4543,5226.91545542349,4449.36934201304,6004.46156883393,4037.76129294079,6416.06961790618
"2018-07-13 10:00:00",4392,4852.9319067056,4075.38579329516,5630.47802011605,3663.77774422291,6042.0860691883
"2018-07-13 11:00:00",4740,5232.9451567808,4455.39904337036,6010.49127019125,4043.79099429811,6422.0993192635
"2018-07-13 12:00:00",5123,5301.95582856259,4524.40971515214,6079.50194197304,4112.80166607989,6491.10999104528
"2018-07-13 13:00:00",5059,5173.96442375353,4396.41831034308,5951.51053716398,3984.81026127084,6363.11858623623
"2018-07-13 14:00:00",5363,5329.97134643138,4552.42523302094,6107.51745984183,4140.81718394869,6519.12550891408
"2018-07-13 15:00:00",5914,5952.97692204558,5175.43080863513,6730.52303545603,4763.82275956289,7142.13108452828
"2018-07-13 16:00:00",6153,6685.9814127173,5908.43529930685,7463.52752612775,5496.82725023461,7875.1355752
"2018-07-13 17:00:00",5257,5686.98502956233,4909.43891615188,6464.53114297278,4497.83086707964,6876.13919204503
"2018-07-13 18:00:00",4664,4166.98794261606,3389.44182920561,4944.53405602651,2977.83378013336,5356.14210509875
"2018-07-13 19:00:00",3664,2881.99028882717,2104.44417541672,3659.53640223762,1692.83612634447,4071.14445130986
"2018-07-13 20:00:00",3260,2319.99217849592,1542.44606508547,3097.53829190636,1130.83801601322,3509.14634097861
"2018-07-13 21:00:00",3064,2157.99370045954,1380.44758704909,2935.53981386999,968.839537976848,3347.14786294224
"2018-07-13 22:00:00",2835,1772.99492626871,995.448812858265,2550.54103967916,583.84076378602,2962.14908875141
"2018-07-13 23:00:00",1971,1142.99591355126,365.449800140812,1920.54202696171,-46.1582489314339,2332.15007603395
"2018-07-14 00:00:00",1233,624.996708721381,-152.549404689068,1402.54282213183,-564.157453761314,1814.15087120408
"2018-07-14 01:00:00",696,440.997349161671,-336.548764248778,1218.54346257212,-748.156813321024,1630.15151164437
"2018-07-14 02:00:00",646,396.997864980556,-380.548248429893,1174.54397839101,-792.156297502139,1586.15202746325
"2018-07-14 03:00:00",437,308.998280427752,-468.547832982697,1086.5443938382,-880.155882054943,1498.15244291045
"2018-07-14 04:00:00",444,299.998615034291,-477.547498376158,1077.54472844474,-889.155547448403,1489.15277751699
"2018-07-14 05:00:00",858,539.998884530722,-237.547228879727,1317.54499794117,-649.155277951973,1729.15304701342
"2018-07-14 06:00:00",1422,985.999101586629,208.45298817618,1763.54521499708,-203.155060896065,2175.15326406932
"2018-07-14 07:00:00",1991,1310.99927640626,533.453162995813,2088.54538981671,121.845113923568,2500.15343888896
"2018-07-14 08:00:00",2714,1488.99941720825,711.453303797804,2266.5455306187,299.845254725559,2678.15357969095
"2018-07-14 09:00:00",3471,1754.999530612,977.453417201548,2532.54564402245,565.845368129302,2944.15369309469
"2018-07-14 10:00:00",3718,1977.99962194884,1200.45350853839,2755.54573535929,788.845459466142,3167.15378443153
"2018-07-14 11:00:00",4213,2152.99969551271,1375.45358210226,2930.54580892316,963.845533030013,3342.1538579954
"2018-07-14 12:00:00",4524,2146.999754762,1369.45364135155,2924.54586817245,957.845592279306,3336.1539172447
"2018-07-14 13:00:00",4218,1986.99980248215,1209.4536890717,2764.5459158926,797.845639999452,3176.15396496484
"2018-07-14 14:00:00",4242,1821.99984091657,1044.45372750612,2599.54595432702,632.845678433874,3011.15400339926
"2018-07-14 15:00:00",4306,1880.99987187215,1103.4537584617,2658.5459852826,691.845709389454,3070.15403435484
"2018-07-14 16:00:00",4317,1460.99989680417,683.453783393724,2238.54601021462,271.845734321478,2650.15405928687
"2018-07-14 17:00:00",4354,1477.99991688475,700.453803474298,2255.5460302952,288.845754402053,2667.15407936744
"2018-07-14 18:00:00",4109,1067.9999330579,290.453819647453,1845.54604646835,-121.154229424793,2257.1540955406
"2018-07-14 19:00:00",3446,880.999946083969,103.45383267352,1658.54605949442,-308.154216398726,2070.15410856666
"2018-07-14 20:00:00",3192,617.999956575332,-159.546156835117,1395.54606998578,-571.154205907363,1807.15411905803
"2018-07-14 21:00:00",3272,706.999965025211,-70.5461483852379,1484.54607843566,-482.154197457484,1896.15412750791
"2018-07-14 22:00:00",3074,593.999971830853,-183.546141579596,1371.5460852413,-595.154190651842,1783.15413431355
"2018-07-14 23:00:00",2275,525.999977312205,-251.546136098244,1303.54609072265,-663.15418517049,1715.1541397949
"2018-07-15 00:00:00",1350,352.999981726957,-424.546131683492,1130.54609513741,-836.154180755738,1542.15414420965
"2018-07-15 01:00:00",826,258.999985282655,-518.546128127794,1036.5460986931,-930.15417720004,1448.15414776535
"2018-07-15 02:00:00",699,197.99998814646,-579.546125263989,975.546101556909,-991.154174336235,1387.15415062915
"2018-07-15 03:00:00",435,150.999990453006,-626.546122957443,928.546103863455,-1038.15417202969,1340.1541529357
"2018-07-15 04:00:00",366,174.999992310727,-602.546121099721,952.546105721176,-1014.15417017197,1364.15415479342
"2018-07-15 05:00:00",508,300.999993806961,-476.546119603488,1078.54610721741,-888.154168675734,1490.15415628966
"2018-07-15 06:00:00",933,489.999995012046,-287.546118398403,1267.54610842249,-699.154167470649,1679.15415749474
"2018-07-15 07:00:00",1195,633.999995982637,-143.546117427812,1411.54610939309,-555.154166500057,1823.15415846533
"2018-07-15 08:00:00",1814,673.999996764364,-103.546116646085,1451.54611017481,-515.15416571833,1863.15415924706
"2018-07-15 09:00:00",2911,983.999997393977,206.453883983528,1761.54611080443,-205.154165088717,2173.15415987667
"2018-07-15 10:00:00",3310,1493.99999790108,716.453884490627,2271.54611131152,304.845835418381,2683.15416038377
"2018-07-15 11:00:00",3655,1793.9999983095,1016.45388489905,2571.54611171995,604.845835826804,2983.15416079219
"2018-07-15 12:00:00",4245,2036.99999863845,1259.453885228,2814.5461120489,847.845836155754,3226.15416112114
"2018-07-15 13:00:00",4233,2204.99999890339,1427.45388549294,2982.54611231384,1015.84583642069,3394.15416138608
"2018-07-15 14:00:00",4129,2405.99999911678,1628.45388570633,3183.54611252722,1216.84583663408,3595.15416159947
"2018-07-15 15:00:00",4063,2170.99999928864,1393.45388587819,2948.54611269909,981.845836805945,3360.15416177133
"2018-07-15 16:00:00",4438,2108.99999942706,1331.45388601661,2886.54611283751,919.845836944367,3298.15416190976
"2018-07-15 17:00:00",4321,1848.99999953855,1071.4538861281,2626.546112949,659.845837055853,3038.15416202124
"2018-07-15 18:00:00",3836,1658.99999962834,881.453886217891,2436.54611303879,469.845837145646,2848.15416211103
"2018-07-15 19:00:00",3535,1416.99999970066,639.453886290212,2194.54611311111,227.845837217966,2606.15416218335
"2018-07-15 20:00:00",3015,1641.99999975891,864.453886348459,2419.54611316936,452.845837276213,2831.1541622416
"2018-07-15 21:00:00",2671,2808.99999980582,2031.45388639537,3586.54611321627,1619.84583732313,3998.15416228852
"2018-07-15 22:00:00",2009,1202.99999984361,425.453886433157,1980.54611325405,13.8458373609114,2392.1541623263
"2018-07-15 23:00:00",1244,705.999999874038,-71.5461135364106,1483.54611328449,-483.154162608656,1895.15416235673
"2018-07-16 00:00:00",721,406.999999898549,-370.5461135119,1184.546113309,-782.154162584146,1596.15416238124
"2018-07-16 01:00:00",458,271.99999991829,-505.546113492159,1049.54611332874,-917.154162564405,1461.15416240098
"2018-07-16 02:00:00",297,246.99999993419,-530.546113476259,1024.54611334464,-942.154162548505,1436.15416241688
"2018-07-16 03:00:00",368,356.999999946996,-420.546113463453,1134.54611335744,-832.154162535699,1546.15416242969
"2018-07-16 04:00:00",935,778.999999957309,1.45388654686053,1556.54611336776,-410.154162525385,1968.15416244
"2018-07-16 05:00:00",3048,2237.99999996562,1460.45388655517,3015.54611337607,1048.84583748292,3427.15416244831
"2018-07-16 06:00:00",5593,4363.99999997231,3586.45388656186,5141.54611338276,3174.84583748961,5553.154162455
"2018-07-16 07:00:00",5793,4962.9999999777,4185.45388656725,5740.54611338814,3773.845837495,6152.15416246039
"2018-07-16 08:00:00",5647,4462.99999998204,3685.45388657159,5240.54611339248,3273.84583749934,5652.15416246473
"2018-07-16 09:00:00",4603,4044.99999998553,3267.45388657508,4822.54611339598,2855.84583750284,5234.15416246823
"2018-07-16 10:00:00",4346,3625.99999998835,2848.4538865779,4403.5461133988,2436.84583750565,4815.15416247104
"2018-07-16 11:00:00",4504,3859.99999999061,3082.45388658017,4637.54611340106,2670.84583750792,5049.15416247331
"2018-07-16 12:00:00",4588,4148.99999999244,3371.45388658199,4926.54611340289,2959.84583750975,5338.15416247514
"2018-07-16 13:00:00",4558,4109.99999999391,3332.45388658346,4887.54611340436,2920.84583751122,5299.15416247661
"2018-07-16 14:00:00",4794,4386.9999999951,3609.45388658465,5164.54611340554,3197.8458375124,5576.15416247779
"2018-07-16 15:00:00",5558,4941.99999999605,4164.4538865856,5719.5461134065,3752.84583751336,6131.15416247875
"2018-07-16 16:00:00",6269,5787.99999999682,5010.45388658637,6565.54611340727,4598.84583751413,6977.15416247951
"2018-07-16 17:00:00",5708,5566.99999999744,4789.45388658699,6344.54611340789,4377.84583751474,6756.15416248013
"2018-07-16 18:00:00",4203,4060.99999999794,3283.45388658749,4838.54611340839,2871.84583751524,5250.15416248063
"2018-07-16 19:00:00",3277,2978.99999999834,2201.45388658789,3756.54611340879,1789.84583751564,4168.15416248103
"2018-07-16 20:00:00",2900,2555.99999999866,1778.45388658821,3333.54611340911,1366.84583751597,3745.15416248136
"2018-07-16 21:00:00",2424,2099.99999999892,1322.45388658847,2877.54611340937,910.845837516227,3289.15416248162
"2018-07-16 22:00:00",1965,1488.99999999913,711.453886588683,2266.54611340958,299.845837516437,2678.15416248183
"2018-07-16 23:00:00",1096,977.999999999301,200.453886588852,1755.54611340975,-211.154162483394,2167.154162482
"2018-07-17 00:00:00",595,523.999999999437,-253.546113411012,1301.54611340989,-665.154162483258,1713.15416248213
"2018-07-17 01:00:00",407,335.999999999546,-441.546113410903,1113.54611341,-853.154162483148,1525.15416248224
"2018-07-17 02:00:00",274,270.999999999635,-506.546113410814,1048.54611341008,-918.15416248306,1460.15416248233
"2018-07-17 03:00:00",356,346.999999999706,-430.546113410743,1124.54611341015,-842.154162482989,1536.1541624824
"2018-07-17 04:00:00",930,897.999999999763,120.453886589314,1675.54611341021,-291.154162482932,2087.15416248246
"2018-07-17 05:00:00",3171,2847.99999999981,2070.45388658936,3625.54611341026,1658.84583751711,4037.1541624825
"2018-07-17 06:00:00",5870,5515.99999999985,4738.4538865894,6293.5461134103,4326.84583751715,6705.15416248254
"2018-07-17 07:00:00",6417,6207.99999999988,5430.45388658943,6985.54611341033,5018.84583751718,7397.15416248257
"2018-07-17 08:00:00",5455,5891.9999999999,5114.45388658945,6669.54611341035,4702.8458375172,7081.15416248259
"2018-07-17 09:00:00",5030,5676.99999999992,4899.45388658947,6454.54611341037,4487.84583751722,6866.15416248261
"2018-07-17 10:00:00",4346,4455.99999999994,3678.45388658949,5233.54611341038,3266.84583751724,5645.15416248263
"2018-07-17 11:00:00",4540,4714.99999999995,3937.4538865895,5492.5461134104,3525.84583751725,5904.15416248264
"2018-07-17 12:00:00",4952,4961.99999999996,4184.45388658951,5739.54611341041,3772.84583751726,6151.15416248265
"2018-07-17 13:00:00",4576,4912.99999999997,4135.45388658952,5690.54611341042,3723.84583751727,6102.15416248266
"2018-07-17 14:00:00",5011,5219.99999999997,4442.45388658952,5997.54611341042,4030.84583751728,6409.15416248267
"2018-07-17 15:00:00",5573,5843.99999999998,5066.45388658953,6621.54611341043,4654.84583751728,7033.15416248267
"2018-07-17 16:00:00",6358,6656.99999999998,5879.45388658953,7434.54611341043,5467.84583751729,7846.15416248268
"2018-07-17 17:00:00",5698,6276.99999999999,5499.45388658954,7054.54611341043,5087.84583751729,7466.15416248268
"2018-07-17 18:00:00",4360,4826.99999999999,4049.45388658954,5604.54611341044,3637.84583751729,6016.15416248268
"2018-07-17 19:00:00",3337,3480.99999999999,2703.45388658954,4258.54611341044,2291.8458375173,4670.15416248269
"2018-07-17 20:00:00",3113,2876.99999999999,2099.45388658954,3654.54611341044,1687.8458375173,4066.15416248269
"2018-07-17 21:00:00",2754,3417.99999999999,2640.45388658955,4195.54611341044,2228.8458375173,4607.15416248269
"2018-07-17 22:00:00",2209,3293.99999999999,2516.45388658955,4071.54611341044,2104.8458375173,4483.15416248269
"2018-07-17 23:00:00",1242,1297,519.453886589547,2074.54611341045,107.845837517302,2486.15416248269
"2018-07-18 00:00:00",657,825.999999999997,48.4538865895479,1603.54611341045,-363.154162482698,2015.15416248269
"2018-07-18 01:00:00",410,593.999999999997,-183.546113410451,1371.54611341045,-595.154162482697,1783.15416248269
"2018-07-18 02:00:00",313,430.999999999998,-346.546113410451,1208.54611341045,-758.154162482697,1620.15416248269
"2018-07-18 03:00:00",377,520.999999999998,-256.546113410451,1298.54611341045,-668.154162482696,1710.15416248269
"2018-07-18 04:00:00",894,974.999999999999,197.45388658955,1752.54611341045,-214.154162482696,2164.15416248269
"2018-07-18 05:00:00",3189,2986,2208.45388658955,3763.54611341045,1796.8458375173,4175.15416248269
"2018-07-18 06:00:00",5769,5943,5165.45388658955,6720.54611341045,4753.8458375173,7132.15416248269
"2018-07-18 07:00:00",6200,6871,6093.45388658955,7648.54611341045,5681.8458375173,8060.15416248269
"2018-07-18 08:00:00",5696,6614,5836.45388658955,7391.54611341045,5424.8458375173,7803.15416248269
"2018-07-18 09:00:00",5129,5378,4600.45388658955,6155.54611341045,4188.8458375173,6567.1541624827
"2018-07-18 10:00:00",4560,4751,3973.45388658955,5528.54611341045,3561.84583751731,5940.1541624827
"2018-07-18 11:00:00",4752,4824,4046.45388658955,5601.54611341045,3634.84583751731,6013.1541624827
"2018-07-18 12:00:00",4916,5013,4235.45388658955,5790.54611341045,3823.84583751731,6202.1541624827
"2018-07-18 13:00:00",4714,5017,4239.45388658955,5794.54611341045,3827.84583751731,6206.1541624827
"2018-07-18 14:00:00",5138,5437,4659.45388658955,6214.54611341045,4247.8458375173,6626.1541624827
"2018-07-18 15:00:00",5677,5835,5057.45388658955,6612.54611341045,4645.8458375173,7024.1541624827
"2018-07-18 16:00:00",6606,7022,6244.45388658955,7799.54611341045,5832.8458375173,8211.1541624827
"2018-07-18 17:00:00",6084,6459,5681.45388658955,7236.54611341045,5269.8458375173,7648.1541624827
"2018-07-18 18:00:00",4941,4663,3885.45388658955,5440.54611341045,3473.84583751731,5852.1541624827
"2018-07-18 19:00:00",3461,3393,2615.45388658955,4170.54611341045,2203.84583751731,4582.1541624827
"2018-07-18 20:00:00",3177,3034,2256.45388658955,3811.54611341045,1844.84583751731,4223.1541624827
"2018-07-18 21:00:00",2949,2604,1826.45388658955,3381.54611341045,1414.84583751731,3793.15416248269
"2018-07-18 22:00:00",2200,1726,948.453886589551,2503.54611341045,536.845837517305,2915.15416248269
"2018-07-18 23:00:00",1271,1085,307.453886589551,1862.54611341045,-104.154162482695,2274.15416248269
"2018-07-19 00:00:00",697,561,-216.546113410449,1338.54611341045,-628.154162482695,1750.15416248269
"2018-07-19 01:00:00",423,351,-426.546113410449,1128.54611341045,-838.154162482695,1540.15416248269
"2018-07-19 02:00:00",303,275,-502.546113410449,1052.54611341045,-914.154162482695,1464.15416248269
"2018-07-19 03:00:00",369,361,-416.546113410449,1138.54611341045,-828.154162482695,1550.15416248269
"2018-07-19 04:00:00",896,909,131.453886589551,1686.54611341045,-280.154162482695,2098.15416248269
"2018-07-19 05:00:00",3110,2885,2107.45388658955,3662.54611341045,1695.84583751731,4074.15416248269
"2018-07-19 06:00:00",5752,5715,4937.45388658955,6492.54611341045,4525.8458375173,6904.1541624827
"2018-07-19 07:00:00",6246,6461,5683.45388658955,7238.54611341045,5271.8458375173,7650.1541624827
"2018-07-19 08:00:00",5702,6046,5268.45388658955,6823.54611341045,4856.8458375173,7235.1541624827
"2018-07-19 09:00:00",4855,5842,5064.45388658955,6619.54611341045,4652.8458375173,7031.1541624827
"2018-07-19 10:00:00",4492,4882,4104.45388658955,5659.54611341045,3692.84583751731,6071.1541624827
"2018-07-19 11:00:00",4677,5035,4257.45388658955,5812.54611341045,3845.84583751731,6224.1541624827
"2018-07-19 12:00:00",4861,5027,4249.45388658955,5804.54611341045,3837.84583751731,6216.1541624827
"2018-07-19 13:00:00",4734,5326.18604282048,4548.63992941003,6103.73215623093,4137.03188033778,6515.34020530317
"2018-07-19 14:00:00",5135,5568.83901632232,4791.29290291187,6346.38512973276,4379.68485383962,6757.99317880501
"2018-07-19 15:00:00",5704,6247.84327705668,5470.29716364623,7025.38939046713,5058.68911457398,7436.99743953937
"2018-07-19 16:00:00",6459,7209.65212162901,6432.10600821856,7987.19823503946,6020.49795914632,8398.80628411171
"2018-07-19 17:00:00",5872,6808.30357549932,6030.75746208887,7585.84968890977,5619.14941301662,7997.45773798201
"2018-07-19 18:00:00",4497,5061.82826486443,4284.28215145398,5839.37437827488,3872.67410238174,6250.98242734713
"2018-07-19 19:00:00",3419,3695.25085645904,2917.70474304859,4472.79696986949,2506.09669397634,4884.40501894173
"2018-07-19 20:00:00",2991,3080.59121718999,2303.04510377954,3858.13733060044,1891.43705470729,4269.74537967268
"2018-07-19 21:00:00",2613,2760.86534812077,1983.31923471033,3538.41146153122,1571.71118563808,3950.01951060347
"2018-07-19 22:00:00",2282,2052.0861367147,1274.54002330425,2829.63225012515,862.931974232007,3241.2402991974
"2018-07-19 23:00:00",1454,1167.26396270124,389.717849290793,1944.81007611169,-21.890199781453,2356.41812518394
"2018-07-20 00:00:00",693,632.407186048637,-145.138927361812,1409.95329945909,-556.746976434058,1821.56134853133
"2018-07-20 01:00:00",460,386.522539983335,-391.023573427114,1164.06865339378,-802.631622499359,1575.67670246603
"2018-07-20 02:00:00",360,305.615447532925,-471.930665877524,1083.16156094337,-883.53871494977,1494.76961001562
"2018-07-20 03:00:00",376,355.690276473899,-421.85583693655,1133.23638988435,-833.463886008796,1544.84443895659
"2018-07-20 04:00:00",873,845.750544669886,68.2044312594369,1623.29665808033,-343.403617812809,2034.90470715258
"2018-07-20 05:00:00",2822,2720.79908545371,1943.25297204326,3498.34519886416,1531.64492297101,3909.9532479364
"2018-07-20 06:00:00",5266,5425.83818082823,4648.29206741779,6203.38429423868,4236.68401834554,6614.99234331093
"2018-07-20 07:00:00",5821,6584.86966874806,5807.32355533761,7362.41578215851,5395.71550626537,7774.02383123076
"2018-07-20 08:00:00",5339,5893.89502952557,5116.34891611512,6671.44114293602,4704.74086704288,7083.04919200827
"2018-07-20 09:00:00",4816,5226.91545542349,4449.36934201304,6004.46156883393,4037.76129294079,6416.06961790618
"2018-07-20 10:00:00",4592,4852.9319067056,4075.38579329516,5630.47802011605,3663.77774422291,6042.0860691883
"2018-07-20 11:00:00",4823,5232.9451567808,4455.39904337036,6010.49127019125,4043.79099429811,6422.0993192635
"2018-07-20 12:00:00",5253,5301.95582856259,4524.40971515214,6079.50194197304,4112.80166607989,6491.10999104528
"2018-07-20 13:00:00",5169,5173.96442375353,4396.41831034308,5951.51053716398,3984.81026127084,6363.11858623623
"2018-07-20 14:00:00",5413,5329.97134643138,4552.42523302094,6107.51745984183,4140.81718394869,6519.12550891408
"2018-07-20 15:00:00",5602,5952.97692204558,5175.43080863513,6730.52303545603,4763.82275956289,7142.13108452828
"2018-07-20 16:00:00",6086,6685.9814127173,5908.43529930685,7463.52752612775,5496.82725023461,7875.1355752
"2018-07-20 17:00:00",4987,5686.98502956233,4909.43891615188,6464.53114297278,4497.83086707964,6876.13919204503
"2018-07-20 18:00:00",4465,4166.98794261606,3389.44182920561,4944.53405602651,2977.83378013336,5356.14210509875
"2018-07-20 19:00:00",3574,2881.99028882717,2104.44417541672,3659.53640223762,1692.83612634447,4071.14445130986
"2018-07-20 20:00:00",3124,2319.99217849592,1542.44606508547,3097.53829190636,1130.83801601322,3509.14634097861
"2018-07-20 21:00:00",3121,2157.99370045954,1380.44758704909,2935.53981386999,968.839537976848,3347.14786294224
"2018-07-20 22:00:00",3032,1772.99492626871,995.448812858265,2550.54103967916,583.84076378602,2962.14908875141
"2018-07-20 23:00:00",2030,1142.99591355126,365.449800140812,1920.54202696171,-46.1582489314339,2332.15007603395
"2018-07-21 00:00:00",1235,624.996708721381,-152.549404689068,1402.54282213183,-564.157453761314,1814.15087120408
"2018-07-21 01:00:00",781,440.997349161671,-336.548764248778,1218.54346257212,-748.156813321024,1630.15151164437
"2018-07-21 02:00:00",648,396.997864980556,-380.548248429893,1174.54397839101,-792.156297502139,1586.15202746325
"2018-07-21 03:00:00",418,308.998280427752,-468.547832982697,1086.5443938382,-880.155882054943,1498.15244291045
"2018-07-21 04:00:00",478,299.998615034291,-477.547498376158,1077.54472844474,-889.155547448403,1489.15277751699
"2018-07-21 05:00:00",903,539.998884530722,-237.547228879727,1317.54499794117,-649.155277951973,1729.15304701342
"2018-07-21 06:00:00",1500,985.999101586629,208.45298817618,1763.54521499708,-203.155060896065,2175.15326406932
"2018-07-21 07:00:00",2236,1310.99927640626,533.453162995813,2088.54538981671,121.845113923568,2500.15343888896
"2018-07-21 08:00:00",3031,1488.99941720825,711.453303797804,2266.5455306187,299.845254725559,2678.15357969095
"2018-07-21 09:00:00",3883,1754.999530612,977.453417201548,2532.54564402245,565.845368129302,2944.15369309469
"2018-07-21 10:00:00",4045,1977.99962194884,1200.45350853839,2755.54573535929,788.845459466142,3167.15378443153
"2018-07-21 11:00:00",4418,2152.99969551271,1375.45358210226,2930.54580892316,963.845533030013,3342.1538579954
"2018-07-21 12:00:00",4505,2146.999754762,1369.45364135155,2924.54586817245,957.845592279306,3336.1539172447
"2018-07-21 13:00:00",4644,1986.99980248215,1209.4536890717,2764.5459158926,797.845639999452,3176.15396496484
"2018-07-21 14:00:00",4796,1821.99984091657,1044.45372750612,2599.54595432702,632.845678433874,3011.15400339926
"2018-07-21 15:00:00",4674,1880.99987187215,1103.4537584617,2658.5459852826,691.845709389454,3070.15403435484
"2018-07-21 16:00:00",4788,1460.99989680417,683.453783393724,2238.54601021462,271.845734321478,2650.15405928687
"2018-07-21 17:00:00",4562,1477.99991688475,700.453803474298,2255.5460302952,288.845754402053,2667.15407936744
"2018-07-21 18:00:00",4253,1067.9999330579,290.453819647453,1845.54604646835,-121.154229424793,2257.1540955406
"2018-07-21 19:00:00",3815,880.999946083969,103.45383267352,1658.54605949442,-308.154216398726,2070.15410856666
"2018-07-21 20:00:00",3434,617.999956575332,-159.546156835117,1395.54606998578,-571.154205907363,1807.15411905803
"2018-07-21 21:00:00",3435,706.999965025211,-70.5461483852379,1484.54607843566,-482.154197457484,1896.15412750791
"2018-07-21 22:00:00",3131,593.999971830853,-183.546141579596,1371.5460852413,-595.154190651842,1783.15413431355
"2018-07-21 23:00:00",2292,525.999977312205,-251.546136098244,1303.54609072265,-663.15418517049,1715.1541397949
"2018-07-22 00:00:00",1408,352.999981726957,-424.546131683492,1130.54609513741,-836.154180755738,1542.15414420965
"2018-07-22 01:00:00",969,258.999985282655,-518.546128127794,1036.5460986931,-930.15417720004,1448.15414776535
"2018-07-22 02:00:00",749,197.99998814646,-579.546125263989,975.546101556909,-991.154174336235,1387.15415062915
"2018-07-22 03:00:00",344,150.999990453006,-626.546122957443,928.546103863455,-1038.15417202969,1340.1541529357
"2018-07-22 04:00:00",355,174.999992310727,-602.546121099721,952.546105721176,-1014.15417017197,1364.15415479342
"2018-07-22 05:00:00",525,300.999993806961,-476.546119603488,1078.54610721741,-888.154168675734,1490.15415628966
"2018-07-22 06:00:00",902,489.999995012046,-287.546118398403,1267.54610842249,-699.154167470649,1679.15415749474
"2018-07-22 07:00:00",1297,633.999995982637,-143.546117427812,1411.54610939309,-555.154166500057,1823.15415846533
"2018-07-22 08:00:00",2009,673.999996764364,-103.546116646085,1451.54611017481,-515.15416571833,1863.15415924706
"2018-07-22 09:00:00",2927,983.999997393977,206.453883983528,1761.54611080443,-205.154165088717,2173.15415987667
"2018-07-22 10:00:00",3711,1493.99999790108,716.453884490627,2271.54611131152,304.845835418381,2683.15416038377
"2018-07-22 11:00:00",4021,1793.9999983095,1016.45388489905,2571.54611171995,604.845835826804,2983.15416079219
"2018-07-22 12:00:00",4250,2036.99999863845,1259.453885228,2814.5461120489,847.845836155754,3226.15416112114
"2018-07-22 13:00:00",4491,2204.99999890339,1427.45388549294,2982.54611231384,1015.84583642069,3394.15416138608
"2018-07-22 14:00:00",4463,2405.99999911678,1628.45388570633,3183.54611252722,1216.84583663408,3595.15416159947
"2018-07-22 15:00:00",4657,2170.99999928864,1393.45388587819,2948.54611269909,981.845836805945,3360.15416177133
"2018-07-22 16:00:00",4875,2108.99999942706,1331.45388601661,2886.54611283751,919.845836944367,3298.15416190976
"2018-07-22 17:00:00",4657,1848.99999953855,1071.4538861281,2626.546112949,659.845837055853,3038.15416202124
"2018-07-22 18:00:00",4098,1658.99999962834,881.453886217891,2436.54611303879,469.845837145646,2848.15416211103
"2018-07-22 19:00:00",3661,1416.99999970066,639.453886290212,2194.54611311111,227.845837217966,2606.15416218335
"2018-07-22 20:00:00",3135,1641.99999975891,864.453886348459,2419.54611316936,452.845837276213,2831.1541622416
"2018-07-22 21:00:00",2803,2808.99999980582,2031.45388639537,3586.54611321627,1619.84583732313,3998.15416228852
"2018-07-22 22:00:00",2224,1202.99999984361,425.453886433157,1980.54611325405,13.8458373609114,2392.1541623263
"2018-07-22 23:00:00",1397,705.999999874038,-71.5461135364106,1483.54611328449,-483.154162608656,1895.15416235673
"2018-07-23 00:00:00",714,406.999999898549,-370.5461135119,1184.546113309,-782.154162584146,1596.15416238124
"2018-07-23 01:00:00",402,271.99999991829,-505.546113492159,1049.54611332874,-917.154162564405,1461.15416240098
"2018-07-23 02:00:00",354,246.99999993419,-530.546113476259,1024.54611334464,-942.154162548505,1436.15416241688
"2018-07-23 03:00:00",355,356.999999946996,-420.546113463453,1134.54611335744,-832.154162535699,1546.15416242969
"2018-07-23 04:00:00",957,778.999999957309,1.45388654686053,1556.54611336776,-410.154162525385,1968.15416244
"2018-07-23 05:00:00",3008,2237.99999996562,1460.45388655517,3015.54611337607,1048.84583748292,3427.15416244831
"2018-07-23 06:00:00",5617,4363.99999997231,3586.45388656186,5141.54611338276,3174.84583748961,5553.154162455
"2018-07-23 07:00:00",6306,4962.9999999777,4185.45388656725,5740.54611338814,3773.845837495,6152.15416246039
"2018-07-23 08:00:00",5522,4462.99999998204,3685.45388657159,5240.54611339248,3273.84583749934,5652.15416246473
"2018-07-23 09:00:00",4735,4044.99999998553,3267.45388657508,4822.54611339598,2855.84583750284,5234.15416246823
"2018-07-23 10:00:00",4209,3625.99999998835,2848.4538865779,4403.5461133988,2436.84583750565,4815.15416247104
"2018-07-23 11:00:00",4485,3859.99999999061,3082.45388658017,4637.54611340106,2670.84583750792,5049.15416247331
"2018-07-23 12:00:00",4800,4148.99999999244,3371.45388658199,4926.54611340289,2959.84583750975,5338.15416247514
"2018-07-23 13:00:00",4475,4109.99999999391,3332.45388658346,4887.54611340436,2920.84583751122,5299.15416247661
"2018-07-23 14:00:00",4677,4386.9999999951,3609.45388658465,5164.54611340554,3197.8458375124,5576.15416247779
"2018-07-23 15:00:00",5413,4941.99999999605,4164.4538865856,5719.5461134065,3752.84583751336,6131.15416247875
"2018-07-23 16:00:00",6317,5787.99999999682,5010.45388658637,6565.54611340727,4598.84583751413,6977.15416247951
"2018-07-23 17:00:00",5701,5566.99999999744,4789.45388658699,6344.54611340789,4377.84583751474,6756.15416248013
"2018-07-23 18:00:00",4293,4060.99999999794,3283.45388658749,4838.54611340839,2871.84583751524,5250.15416248063
"2018-07-23 19:00:00",3143,2978.99999999834,2201.45388658789,3756.54611340879,1789.84583751564,4168.15416248103
"2018-07-23 20:00:00",2833,2555.99999999866,1778.45388658821,3333.54611340911,1366.84583751597,3745.15416248136
"2018-07-23 21:00:00",2492,2099.99999999892,1322.45388658847,2877.54611340937,910.845837516227,3289.15416248162
"2018-07-23 22:00:00",1690,1488.99999999913,711.453886588683,2266.54611340958,299.845837516437,2678.15416248183
"2018-07-23 23:00:00",1182,977.999999999301,200.453886588852,1755.54611340975,-211.154162483394,2167.154162482
"2018-07-24 00:00:00",638,523.999999999437,-253.546113411012,1301.54611340989,-665.154162483258,1713.15416248213
"2018-07-24 01:00:00",391,335.999999999546,-441.546113410903,1113.54611341,-853.154162483148,1525.15416248224
"2018-07-24 02:00:00",297,270.999999999635,-506.546113410814,1048.54611341008,-918.15416248306,1460.15416248233
"2018-07-24 03:00:00",390,346.999999999706,-430.546113410743,1124.54611341015,-842.154162482989,1536.1541624824
"2018-07-24 04:00:00",891,897.999999999763,120.453886589314,1675.54611341021,-291.154162482932,2087.15416248246
"2018-07-24 05:00:00",3184,2847.99999999981,2070.45388658936,3625.54611341026,1658.84583751711,4037.1541624825
"2018-07-24 06:00:00",5782,5515.99999999985,4738.4538865894,6293.5461134103,4326.84583751715,6705.15416248254
"2018-07-24 07:00:00",6409,6207.99999999988,5430.45388658943,6985.54611341033,5018.84583751718,7397.15416248257
"2018-07-24 08:00:00",5658,5891.9999999999,5114.45388658945,6669.54611341035,4702.8458375172,7081.15416248259
"2018-07-24 09:00:00",4984,5676.99999999992,4899.45388658947,6454.54611341037,4487.84583751722,6866.15416248261
"2018-07-24 10:00:00",4386,4455.99999999994,3678.45388658949,5233.54611341038,3266.84583751724,5645.15416248263
"2018-07-24 11:00:00",4634,4714.99999999995,3937.4538865895,5492.5461134104,3525.84583751725,5904.15416248264
"2018-07-24 12:00:00",4805,4961.99999999996,4184.45388658951,5739.54611341041,3772.84583751726,6151.15416248265
"2018-07-24 13:00:00",4664,4912.99999999997,4135.45388658952,5690.54611341042,3723.84583751727,6102.15416248266
"2018-07-24 14:00:00",4944,5219.99999999997,4442.45388658952,5997.54611341042,4030.84583751728,6409.15416248267
"2018-07-24 15:00:00",5699,5843.99999999998,5066.45388658953,6621.54611341043,4654.84583751728,7033.15416248267
"2018-07-24 16:00:00",6558,6656.99999999998,5879.45388658953,7434.54611341043,5467.84583751729,7846.15416248268
"2018-07-24 17:00:00",5636,6276.99999999999,5499.45388658954,7054.54611341043,5087.84583751729,7466.15416248268
"2018-07-24 18:00:00",4430,4826.99999999999,4049.45388658954,5604.54611341044,3637.84583751729,6016.15416248268
"2018-07-24 19:00:00",3371,3480.99999999999,2703.45388658954,4258.54611341044,2291.8458375173,4670.15416248269
"2018-07-24 20:00:00",3266,2876.99999999999,2099.45388658954,3654.54611341044,1687.8458375173,4066.15416248269
"2018-07-24 21:00:00",2727,3417.99999999999,2640.45388658955,4195.54611341044,2228.8458375173,4607.15416248269
"2018-07-24 22:00:00",2178,3293.99999999999,2516.45388658955,4071.54611341044,2104.8458375173,4483.15416248269
"2018-07-24 23:00:00",1269,1297,519.453886589547,2074.54611341045,107.845837517302,2486.15416248269
"2018-07-25 00:00:00",664,825.999999999997,48.4538865895479,1603.54611341045,-363.154162482698,2015.15416248269
"2018-07-25 01:00:00",388,593.999999999997,-183.546113410451,1371.54611341045,-595.154162482697,1783.15416248269
"2018-07-25 02:00:00",290,430.999999999998,-346.546113410451,1208.54611341045,-758.154162482697,1620.15416248269
"2018-07-25 03:00:00",372,520.999999999998,-256.546113410451,1298.54611341045,-668.154162482696,1710.15416248269
"2018-07-25 04:00:00",955,974.999999999999,197.45388658955,1752.54611341045,-214.154162482696,2164.15416248269
"2018-07-25 05:00:00",3121,2986,2208.45388658955,3763.54611341045,1796.8458375173,4175.15416248269
"2018-07-25 06:00:00",5926,5943,5165.45388658955,6720.54611341045,4753.8458375173,7132.15416248269
"2018-07-25 07:00:00",6595,6871,6093.45388658955,7648.54611341045,5681.8458375173,8060.15416248269
"2018-07-25 08:00:00",5651,6614,5836.45388658955,7391.54611341045,5424.8458375173,7803.15416248269
"2018-07-25 09:00:00",4974,5378,4600.45388658955,6155.54611341045,4188.8458375173,6567.1541624827
"2018-07-25 10:00:00",4545,4751,3973.45388658955,5528.54611341045,3561.84583751731,5940.1541624827
"2018-07-25 11:00:00",4879,4824,4046.45388658955,5601.54611341045,3634.84583751731,6013.1541624827
"2018-07-25 12:00:00",4799,5013,4235.45388658955,5790.54611341045,3823.84583751731,6202.1541624827
"2018-07-25 13:00:00",4860,5017,4239.45388658955,5794.54611341045,3827.84583751731,6206.1541624827
"2018-07-25 14:00:00",5032,5437,4659.45388658955,6214.54611341045,4247.8458375173,6626.1541624827
"2018-07-25 15:00:00",5826,5835,5057.45388658955,6612.54611341045,4645.8458375173,7024.1541624827
"2018-07-25 16:00:00",6668,7022,6244.45388658955,7799.54611341045,5832.8458375173,8211.1541624827
"2018-07-25 17:00:00",6108,6459,5681.45388658955,7236.54611341045,5269.8458375173,7648.1541624827
"2018-07-25 18:00:00",4459,4663,3885.45388658955,5440.54611341045,3473.84583751731,5852.1541624827
"2018-07-25 19:00:00",3473,3393,2615.45388658955,4170.54611341045,2203.84583751731,4582.1541624827
"2018-07-25 20:00:00",3053,3034,2256.45388658955,3811.54611341045,1844.84583751731,4223.1541624827
"2018-07-25 21:00:00",3072,2604,1826.45388658955,3381.54611341045,1414.84583751731,3793.15416248269
"2018-07-25 22:00:00",2422,1726,948.453886589551,2503.54611341045,536.845837517305,2915.15416248269
"2018-07-25 23:00:00",1922,1085,307.453886589551,1862.54611341045,-104.154162482695,2274.15416248269
"2018-07-26 00:00:00",750,561,-216.546113410449,1338.54611341045,-628.154162482695,1750.15416248269
"2018-07-26 01:00:00",411,351,-426.546113410449,1128.54611341045,-838.154162482695,1540.15416248269
"2018-07-26 02:00:00",306,275,-502.546113410449,1052.54611341045,-914.154162482695,1464.15416248269
"2018-07-26 03:00:00",409,361,-416.546113410449,1138.54611341045,-828.154162482695,1550.15416248269
"2018-07-26 04:00:00",911,909,131.453886589551,1686.54611341045,-280.154162482695,2098.15416248269
"2018-07-26 05:00:00",3147,2885,2107.45388658955,3662.54611341045,1695.84583751731,4074.15416248269
"2018-07-26 06:00:00",5813,5715,4937.45388658955,6492.54611341045,4525.8458375173,6904.1541624827
"2018-07-26 07:00:00",6299,6461,5683.45388658955,7238.54611341045,5271.8458375173,7650.1541624827
"2018-07-26 08:00:00",5866,6046,5268.45388658955,6823.54611341045,4856.8458375173,7235.1541624827
"2018-07-26 09:00:00",4925,5842,5064.45388658955,6619.54611341045,4652.8458375173,7031.1541624827
"2018-07-26 10:00:00",4390,4882,4104.45388658955,5659.54611341045,3692.84583751731,6071.1541624827
"2018-07-26 11:00:00",4654,5035,4257.45388658955,5812.54611341045,3845.84583751731,6224.1541624827
"2018-07-26 12:00:00",4806,5027,4249.45388658955,5804.54611341045,3837.84583751731,6216.1541624827
"2018-07-26 13:00:00",5029,5326.18604282048,4548.63992941003,6103.73215623093,4137.03188033778,6515.34020530317
"2018-07-26 14:00:00",5264,5568.83901632232,4791.29290291187,6346.38512973276,4379.68485383962,6757.99317880501
"2018-07-26 15:00:00",5752,6247.84327705668,5470.29716364623,7025.38939046713,5058.68911457398,7436.99743953937
"2018-07-26 16:00:00",6566,7209.65212162901,6432.10600821856,7987.19823503946,6020.49795914632,8398.80628411171
"2018-07-26 17:00:00",5905,6808.30357549932,6030.75746208887,7585.84968890977,5619.14941301662,7997.45773798201
"2018-07-26 18:00:00",4555,5061.82826486443,4284.28215145398,5839.37437827488,3872.67410238174,6250.98242734713
"2018-07-26 19:00:00",3707,3695.25085645904,2917.70474304859,4472.79696986949,2506.09669397634,4884.40501894173
"2018-07-26 20:00:00",3154,3080.59121718999,2303.04510377954,3858.13733060044,1891.43705470729,4269.74537967268
"2018-07-26 21:00:00",3206,2760.86534812077,1983.31923471033,3538.41146153122,1571.71118563808,3950.01951060347
"2018-07-26 22:00:00",2959,2052.0861367147,1274.54002330425,2829.63225012515,862.931974232007,3241.2402991974
"2018-07-26 23:00:00",1412,1167.26396270124,389.717849290793,1944.81007611169,-21.890199781453,2356.41812518394
"2018-07-27 00:00:00",774,632.407186048637,-145.138927361812,1409.95329945909,-556.746976434058,1821.56134853133
"2018-07-27 01:00:00",456,386.522539983335,-391.023573427114,1164.06865339378,-802.631622499359,1575.67670246603
"2018-07-27 02:00:00",344,305.615447532925,-471.930665877524,1083.16156094337,-883.53871494977,1494.76961001562
"2018-07-27 03:00:00",390,355.690276473899,-421.85583693655,1133.23638988435,-833.463886008796,1544.84443895659
"2018-07-27 04:00:00",836,845.750544669886,68.2044312594369,1623.29665808033,-343.403617812809,2034.90470715258
"2018-07-27 05:00:00",2945,2720.79908545371,1943.25297204326,3498.34519886416,1531.64492297101,3909.9532479364
"2018-07-27 06:00:00",5353,5425.83818082823,4648.29206741779,6203.38429423868,4236.68401834554,6614.99234331093
"2018-07-27 07:00:00",5950,6584.86966874806,5807.32355533761,7362.41578215851,5395.71550626537,7774.02383123076
"2018-07-27 08:00:00",5232,5893.89502952557,5116.34891611512,6671.44114293602,4704.74086704288,7083.04919200827
"2018-07-27 09:00:00",4674,5226.91545542349,4449.36934201304,6004.46156883393,4037.76129294079,6416.06961790618
"2018-07-27 10:00:00",4571,4852.9319067056,4075.38579329516,5630.47802011605,3663.77774422291,6042.0860691883
"2018-07-27 11:00:00",4813,5232.9451567808,4455.39904337036,6010.49127019125,4043.79099429811,6422.0993192635
"2018-07-27 12:00:00",5121,5301.95582856259,4524.40971515214,6079.50194197304,4112.80166607989,6491.10999104528
"2018-07-27 13:00:00",5228,5173.96442375353,4396.41831034308,5951.51053716398,3984.81026127084,6363.11858623623
"2018-07-27 14:00:00",5400,5329.97134643138,4552.42523302094,6107.51745984183,4140.81718394869,6519.12550891408
"2018-07-27 15:00:00",5795,5952.97692204558,5175.43080863513,6730.52303545603,4763.82275956289,7142.13108452828
"2018-07-27 16:00:00",6254,6685.9814127173,5908.43529930685,7463.52752612775,5496.82725023461,7875.1355752
"2018-07-27 17:00:00",5160,5686.98502956233,4909.43891615188,6464.53114297278,4497.83086707964,6876.13919204503
"2018-07-27 18:00:00",4303,4166.98794261606,3389.44182920561,4944.53405602651,2977.83378013336,5356.14210509875
"2018-07-27 19:00:00",3506,2881.99028882717,2104.44417541672,3659.53640223762,1692.83612634447,4071.14445130986
"2018-07-27 20:00:00",3184,2319.99217849592,1542.44606508547,3097.53829190636,1130.83801601322,3509.14634097861
"2018-07-27 21:00:00",3191,2157.99370045954,1380.44758704909,2935.53981386999,968.839537976848,3347.14786294224
"2018-07-27 22:00:00",3112,1772.99492626871,995.448812858265,2550.54103967916,583.84076378602,2962.14908875141
"2018-07-27 23:00:00",2048,1142.99591355126,365.449800140812,1920.54202696171,-46.1582489314339,2332.15007603395
"2018-07-28 00:00:00",1225,624.996708721381,-152.549404689068,1402.54282213183,-564.157453761314,1814.15087120408
"2018-07-28 01:00:00",871,440.997349161671,-336.548764248778,1218.54346257212,-748.156813321024,1630.15151164437
"2018-07-28 02:00:00",581,396.997864980556,-380.548248429893,1174.54397839101,-792.156297502139,1586.15202746325
"2018-07-28 03:00:00",384,308.998280427752,-468.547832982697,1086.5443938382,-880.155882054943,1498.15244291045
"2018-07-28 04:00:00",451,299.998615034291,-477.547498376158,1077.54472844474,-889.155547448403,1489.15277751699
"2018-07-28 05:00:00",902,539.998884530722,-237.547228879727,1317.54499794117,-649.155277951973,1729.15304701342
"2018-07-28 06:00:00",1530,985.999101586629,208.45298817618,1763.54521499708,-203.155060896065,2175.15326406932
"2018-07-28 07:00:00",1974,1310.99927640626,533.453162995813,2088.54538981671,121.845113923568,2500.15343888896
"2018-07-28 08:00:00",2713,1488.99941720825,711.453303797804,2266.5455306187,299.845254725559,2678.15357969095
"2018-07-28 09:00:00",3457,1754.999530612,977.453417201548,2532.54564402245,565.845368129302,2944.15369309469
"2018-07-28 10:00:00",3639,1977.99962194884,1200.45350853839,2755.54573535929,788.845459466142,3167.15378443153
"2018-07-28 11:00:00",4009,2152.99969551271,1375.45358210226,2930.54580892316,963.845533030013,3342.1538579954
"2018-07-28 12:00:00",4158,2146.999754762,1369.45364135155,2924.54586817245,957.845592279306,3336.1539172447
"2018-07-28 13:00:00",4229,1986.99980248215,1209.4536890717,2764.5459158926,797.845639999452,3176.15396496484
"2018-07-28 14:00:00",4175,1821.99984091657,1044.45372750612,2599.54595432702,632.845678433874,3011.15400339926
"2018-07-28 15:00:00",3948,1880.99987187215,1103.4537584617,2658.5459852826,691.845709389454,3070.15403435484
"2018-07-28 16:00:00",3974,1460.99989680417,683.453783393724,2238.54601021462,271.845734321478,2650.15405928687
"2018-07-28 17:00:00",4007,1477.99991688475,700.453803474298,2255.5460302952,288.845754402053,2667.15407936744
"2018-07-28 18:00:00",3657,1067.9999330579,290.453819647453,1845.54604646835,-121.154229424793,2257.1540955406
"2018-07-28 19:00:00",3247,880.999946083969,103.45383267352,1658.54605949442,-308.154216398726,2070.15410856666
"2018-07-28 20:00:00",2937,617.999956575332,-159.546156835117,1395.54606998578,-571.154205907363,1807.15411905803
"2018-07-28 21:00:00",3001,706.999965025211,-70.5461483852379,1484.54607843566,-482.154197457484,1896.15412750791
"2018-07-28 22:00:00",3005,593.999971830853,-183.546141579596,1371.5460852413,-595.154190651842,1783.15413431355
"2018-07-28 23:00:00",1968,525.999977312205,-251.546136098244,1303.54609072265,-663.15418517049,1715.1541397949
"2018-07-29 00:00:00",1487,352.999981726957,-424.546131683492,1130.54609513741,-836.154180755738,1542.15414420965
"2018-07-29 01:00:00",924,258.999985282655,-518.546128127794,1036.5460986931,-930.15417720004,1448.15414776535
"2018-07-29 02:00:00",869,197.99998814646,-579.546125263989,975.546101556909,-991.154174336235,1387.15415062915
"2018-07-29 03:00:00",546,150.999990453006,-626.546122957443,928.546103863455,-1038.15417202969,1340.1541529357
"2018-07-29 04:00:00",378,174.999992310727,-602.546121099721,952.546105721176,-1014.15417017197,1364.15415479342
"2018-07-29 05:00:00",657,300.999993806961,-476.546119603488,1078.54610721741,-888.154168675734,1490.15415628966
"2018-07-29 06:00:00",1210,489.999995012046,-287.546118398403,1267.54610842249,-699.154167470649,1679.15415749474
"2018-07-29 07:00:00",1286,633.999995982637,-143.546117427812,1411.54610939309,-555.154166500057,1823.15415846533
"2018-07-29 08:00:00",1866,673.999996764364,-103.546116646085,1451.54611017481,-515.15416571833,1863.15415924706
"2018-07-29 09:00:00",2855,983.999997393977,206.453883983528,1761.54611080443,-205.154165088717,2173.15415987667
"2018-07-29 10:00:00",3500,1493.99999790108,716.453884490627,2271.54611131152,304.845835418381,2683.15416038377
"2018-07-29 11:00:00",3824,1793.9999983095,1016.45388489905,2571.54611171995,604.845835826804,2983.15416079219
"2018-07-29 12:00:00",4016,2036.99999863845,1259.453885228,2814.5461120489,847.845836155754,3226.15416112114
"2018-07-29 13:00:00",4489,2204.99999890339,1427.45388549294,2982.54611231384,1015.84583642069,3394.15416138608
"2018-07-29 14:00:00",4435,2405.99999911678,1628.45388570633,3183.54611252722,1216.84583663408,3595.15416159947
"2018-07-29 15:00:00",4412,2170.99999928864,1393.45388587819,2948.54611269909,981.845836805945,3360.15416177133
"2018-07-29 16:00:00",4485,2108.99999942706,1331.45388601661,2886.54611283751,919.845836944367,3298.15416190976
"2018-07-29 17:00:00",4146,1848.99999953855,1071.4538861281,2626.546112949,659.845837055853,3038.15416202124
"2018-07-29 18:00:00",3947,1658.99999962834,881.453886217891,2436.54611303879,469.845837145646,2848.15416211103
"2018-07-29 19:00:00",3604,1416.99999970066,639.453886290212,2194.54611311111,227.845837217966,2606.15416218335
"2018-07-29 20:00:00",3344,1641.99999975891,864.453886348459,2419.54611316936,452.845837276213,2831.1541622416
"2018-07-29 21:00:00",2794,2808.99999980582,2031.45388639537,3586.54611321627,1619.84583732313,3998.15416228852
"2018-07-29 22:00:00",2084,1202.99999984361,425.453886433157,1980.54611325405,13.8458373609114,2392.1541623263
"2018-07-29 23:00:00",1224,705.999999874038,-71.5461135364106,1483.54611328449,-483.154162608656,1895.15416235673
"2018-07-30 00:00:00",640,406.999999898549,-370.5461135119,1184.546113309,-782.154162584146,1596.15416238124
"2018-07-30 01:00:00",384,271.99999991829,-505.546113492159,1049.54611332874,-917.154162564405,1461.15416240098
"2018-07-30 02:00:00",317,246.99999993419,-530.546113476259,1024.54611334464,-942.154162548505,1436.15416241688
"2018-07-30 03:00:00",333,356.999999946996,-420.546113463453,1134.54611335744,-832.154162535699,1546.15416242969
"2018-07-30 04:00:00",915,778.999999957309,1.45388654686053,1556.54611336776,-410.154162525385,1968.15416244
"2018-07-30 05:00:00",3051,2237.99999996562,1460.45388655517,3015.54611337607,1048.84583748292,3427.15416244831
"2018-07-30 06:00:00",5560,4363.99999997231,3586.45388656186,5141.54611338276,3174.84583748961,5553.154162455
"2018-07-30 07:00:00",6313,4962.9999999777,4185.45388656725,5740.54611338814,3773.845837495,6152.15416246039
"2018-07-30 08:00:00",5427,4462.99999998204,3685.45388657159,5240.54611339248,3273.84583749934,5652.15416246473
"2018-07-30 09:00:00",4638,4044.99999998553,3267.45388657508,4822.54611339598,2855.84583750284,5234.15416246823
"2018-07-30 10:00:00",4233,3625.99999998835,2848.4538865779,4403.5461133988,2436.84583750565,4815.15416247104
"2018-07-30 11:00:00",4491,3859.99999999061,3082.45388658017,4637.54611340106,2670.84583750792,5049.15416247331
"2018-07-30 12:00:00",4522,4148.99999999244,3371.45388658199,4926.54611340289,2959.84583750975,5338.15416247514
"2018-07-30 13:00:00",4625,4109.99999999391,3332.45388658346,4887.54611340436,2920.84583751122,5299.15416247661
"2018-07-30 14:00:00",4808,4386.9999999951,3609.45388658465,5164.54611340554,3197.8458375124,5576.15416247779
"2018-07-30 15:00:00",5483,4941.99999999605,4164.4538865856,5719.5461134065,3752.84583751336,6131.15416247875
"2018-07-30 16:00:00",5632,5787.99999999682,5010.45388658637,6565.54611340727,4598.84583751413,6977.15416247951
"2018-07-30 17:00:00",5590,5566.99999999744,4789.45388658699,6344.54611340789,4377.84583751474,6756.15416248013
"2018-07-30 18:00:00",4288,4060.99999999794,3283.45388658749,4838.54611340839,2871.84583751524,5250.15416248063
"2018-07-30 19:00:00",3190,2978.99999999834,2201.45388658789,3756.54611340879,1789.84583751564,4168.15416248103
"2018-07-30 20:00:00",2911,2555.99999999866,1778.45388658821,3333.54611340911,1366.84583751597,3745.15416248136
"2018-07-30 21:00:00",2431,2099.99999999892,1322.45388658847,2877.54611340937,910.845837516227,3289.15416248162
"2018-07-30 22:00:00",1742,1488.99999999913,711.453886588683,2266.54611340958,299.845837516437,2678.15416248183
"2018-07-30 23:00:00",1116,977.999999999301,200.453886588852,1755.54611340975,-211.154162483394,2167.154162482
"2018-07-31 00:00:00",625,523.999999999437,-253.546113411012,1301.54611340989,-665.154162483258,1713.15416248213
"2018-07-31 01:00:00",368,335.999999999546,-441.546113410903,1113.54611341,-853.154162483148,1525.15416248224
"2018-07-31 02:00:00",299,270.999999999635,-506.546113410814,1048.54611341008,-918.15416248306,1460.15416248233
"2018-07-31 03:00:00",352,346.999999999706,-430.546113410743,1124.54611341015,-842.154162482989,1536.1541624824
"2018-07-31 04:00:00",819,897.999999999763,120.453886589314,1675.54611341021,-291.154162482932,2087.15416248246
"2018-07-31 05:00:00",2764,2847.99999999981,2070.45388658936,3625.54611341026,1658.84583751711,4037.1541624825
"2018-07-31 06:00:00",4240,5515.99999999985,4738.4538865894,6293.5461134103,4326.84583751715,6705.15416248254
"2018-07-31 07:00:00",5655,6207.99999999988,5430.45388658943,6985.54611341033,5018.84583751718,7397.15416248257
"2018-07-31 08:00:00",5960,5891.9999999999,5114.45388658945,6669.54611341035,4702.8458375172,7081.15416248259
"2018-07-31 09:00:00",4925,5676.99999999992,4899.45388658947,6454.54611341037,4487.84583751722,6866.15416248261
"2018-07-31 10:00:00",4455,4455.99999999994,3678.45388658949,5233.54611341038,3266.84583751724,5645.15416248263
"2018-07-31 11:00:00",4727,4714.99999999995,3937.4538865895,5492.5461134104,3525.84583751725,5904.15416248264
"2018-07-31 12:00:00",4998,4961.99999999996,4184.45388658951,5739.54611341041,3772.84583751726,6151.15416248265
"2018-07-31 13:00:00",4875,4912.99999999997,4135.45388658952,5690.54611341042,3723.84583751727,6102.15416248266
"2018-07-31 14:00:00",4922,5219.99999999997,4442.45388658952,5997.54611341042,4030.84583751728,6409.15416248267
"2018-07-31 15:00:00",5722,5843.99999999998,5066.45388658953,6621.54611341043,4654.84583751728,7033.15416248267
"2018-07-31 16:00:00",6357,6656.99999999998,5879.45388658953,7434.54611341043,5467.84583751729,7846.15416248268
"2018-07-31 17:00:00",5912,6276.99999999999,5499.45388658954,7054.54611341043,5087.84583751729,7466.15416248268
"2018-07-31 18:00:00",4740,4826.99999999999,4049.45388658954,5604.54611341044,3637.84583751729,6016.15416248268
"2018-07-31 19:00:00",3288,3480.99999999999,2703.45388658954,4258.54611341044,2291.8458375173,4670.15416248269
"2018-07-31 20:00:00",3076,2876.99999999999,2099.45388658954,3654.54611341044,1687.8458375173,4066.15416248269
"2018-07-31 21:00:00",2686,3417.99999999999,2640.45388658955,4195.54611341044,2228.8458375173,4607.15416248269
"2018-07-31 22:00:00",2152,3293.99999999999,2516.45388658955,4071.54611341044,2104.8458375173,4483.15416248269
"2018-07-31 23:00:00",1263,1297,519.453886589547,2074.54611341045,107.845837517302,2486.15416248269
"2018-08-01 00:00:00",662,825.999999999997,48.4538865895479,1603.54611341045,-363.154162482698,2015.15416248269
"2018-08-01 01:00:00",398,593.999999999997,-183.546113410451,1371.54611341045,-595.154162482697,1783.15416248269
"2018-08-01 02:00:00",352,430.999999999998,-346.546113410451,1208.54611341045,-758.154162482697,1620.15416248269
"2018-08-01 03:00:00",409,520.999999999998,-256.546113410451,1298.54611341045,-668.154162482696,1710.15416248269
"2018-08-01 04:00:00",908,974.999999999999,197.45388658955,1752.54611341045,-214.154162482696,2164.15416248269
"2018-08-01 05:00:00",3063,2986,2208.45388658955,3763.54611341045,1796.8458375173,4175.15416248269
"2018-08-01 06:00:00",5431,5943,5165.45388658955,6720.54611341045,4753.8458375173,7132.15416248269
"2018-08-01 07:00:00",5853,6871,6093.45388658955,7648.54611341045,5681.8458375173,8060.15416248269
"2018-08-01 08:00:00",5873,6614,5836.45388658955,7391.54611341045,5424.8458375173,7803.15416248269
"2018-08-01 09:00:00",5068,5378,4600.45388658955,6155.54611341045,4188.8458375173,6567.1541624827
"2018-08-01 10:00:00",4665,4751,3973.45388658955,5528.54611341045,3561.84583751731,5940.1541624827
"2018-08-01 11:00:00",4986,4824,4046.45388658955,5601.54611341045,3634.84583751731,6013.1541624827
"2018-08-01 12:00:00",5141,5013,4235.45388658955,5790.54611341045,3823.84583751731,6202.1541624827
"2018-08-01 13:00:00",4874,5017,4239.45388658955,5794.54611341045,3827.84583751731,6206.1541624827
"2018-08-01 14:00:00",5044,5437,4659.45388658955,6214.54611341045,4247.8458375173,6626.1541624827
"2018-08-01 15:00:00",5655,5835,5057.45388658955,6612.54611341045,4645.8458375173,7024.1541624827
"2018-08-01 16:00:00",6455,7022,6244.45388658955,7799.54611341045,5832.8458375173,8211.1541624827
"2018-08-01 17:00:00",5773,6459,5681.45388658955,7236.54611341045,5269.8458375173,7648.1541624827
"2018-08-01 18:00:00",4500,4663,3885.45388658955,5440.54611341045,3473.84583751731,5852.1541624827
"2018-08-01 19:00:00",3389,3393,2615.45388658955,4170.54611341045,2203.84583751731,4582.1541624827
"2018-08-01 20:00:00",2992,3034,2256.45388658955,3811.54611341045,1844.84583751731,4223.1541624827
"2018-08-01 21:00:00",2559,2604,1826.45388658955,3381.54611341045,1414.84583751731,3793.15416248269
"2018-08-01 22:00:00",2344,1726,948.453886589551,2503.54611341045,536.845837517305,2915.15416248269
"2018-08-01 23:00:00",1320,1085,307.453886589551,1862.54611341045,-104.154162482695,2274.15416248269
"2018-08-02 00:00:00",709,561,-216.546113410449,1338.54611341045,-628.154162482695,1750.15416248269
"2018-08-02 01:00:00",413,351,-426.546113410449,1128.54611341045,-838.154162482695,1540.15416248269
"2018-08-02 02:00:00",324,275,-502.546113410449,1052.54611341045,-914.154162482695,1464.15416248269
"2018-08-02 03:00:00",403,361,-416.546113410449,1138.54611341045,-828.154162482695,1550.15416248269
"2018-08-02 04:00:00",887,909,131.453886589551,1686.54611341045,-280.154162482695,2098.15416248269
"2018-08-02 05:00:00",3091,2885,2107.45388658955,3662.54611341045,1695.84583751731,4074.15416248269
"2018-08-02 06:00:00",5589,5715,4937.45388658955,6492.54611341045,4525.8458375173,6904.1541624827
"2018-08-02 07:00:00",6435,6461,5683.45388658955,7238.54611341045,5271.8458375173,7650.1541624827
"2018-08-02 08:00:00",5736,6046,5268.45388658955,6823.54611341045,4856.8458375173,7235.1541624827
"2018-08-02 09:00:00",4976,5842,5064.45388658955,6619.54611341045,4652.8458375173,7031.1541624827
"2018-08-02 10:00:00",4388,4882,4104.45388658955,5659.54611341045,3692.84583751731,6071.1541624827
"2018-08-02 11:00:00",4652,5035,4257.45388658955,5812.54611341045,3845.84583751731,6224.1541624827
"2018-08-02 12:00:00",4977,5027,4249.45388658955,5804.54611341045,3837.84583751731,6216.1541624827
"2018-08-02 13:00:00",4931,5326.18604282048,4548.63992941003,6103.73215623093,4137.03188033778,6515.34020530317
"2018-08-02 14:00:00",5104,5568.83901632232,4791.29290291187,6346.38512973276,4379.68485383962,6757.99317880501
"2018-08-02 15:00:00",5707,6247.84327705668,5470.29716364623,7025.38939046713,5058.68911457398,7436.99743953937
"2018-08-02 16:00:00",6303,7209.65212162901,6432.10600821856,7987.19823503946,6020.49795914632,8398.80628411171
"2018-08-02 17:00:00",5783,6808.30357549932,6030.75746208887,7585.84968890977,5619.14941301662,7997.45773798201
"2018-08-02 18:00:00",4569,5061.82826486443,4284.28215145398,5839.37437827488,3872.67410238174,6250.98242734713
"2018-08-02 19:00:00",3570,3695.25085645904,2917.70474304859,4472.79696986949,2506.09669397634,4884.40501894173
"2018-08-02 20:00:00",3103,3080.59121718999,2303.04510377954,3858.13733060044,1891.43705470729,4269.74537967268
"2018-08-02 21:00:00",3023,2760.86534812077,1983.31923471033,3538.41146153122,1571.71118563808,3950.01951060347
"2018-08-02 22:00:00",2303,2052.0861367147,1274.54002330425,2829.63225012515,862.931974232007,3241.2402991974
"2018-08-02 23:00:00",1379,1167.26396270124,389.717849290793,1944.81007611169,-21.890199781453,2356.41812518394
"2018-08-03 00:00:00",778,632.407186048637,-145.138927361812,1409.95329945909,-556.746976434058,1821.56134853133
"2018-08-03 01:00:00",435,386.522539983335,-391.023573427114,1164.06865339378,-802.631622499359,1575.67670246603
"2018-08-03 02:00:00",371,305.615447532925,-471.930665877524,1083.16156094337,-883.53871494977,1494.76961001562
"2018-08-03 03:00:00",398,355.690276473899,-421.85583693655,1133.23638988435,-833.463886008796,1544.84443895659
"2018-08-03 04:00:00",853,845.750544669886,68.2044312594369,1623.29665808033,-343.403617812809,2034.90470715258
"2018-08-03 05:00:00",2900,2720.79908545371,1943.25297204326,3498.34519886416,1531.64492297101,3909.9532479364
"2018-08-03 06:00:00",5265,5425.83818082823,4648.29206741779,6203.38429423868,4236.68401834554,6614.99234331093
"2018-08-03 07:00:00",5783,6584.86966874806,5807.32355533761,7362.41578215851,5395.71550626537,7774.02383123076
"2018-08-03 08:00:00",5213,5893.89502952557,5116.34891611512,6671.44114293602,4704.74086704288,7083.04919200827
"2018-08-03 09:00:00",4577,5226.91545542349,4449.36934201304,6004.46156883393,4037.76129294079,6416.06961790618
"2018-08-03 10:00:00",4384,4852.9319067056,4075.38579329516,5630.47802011605,3663.77774422291,6042.0860691883
"2018-08-03 11:00:00",4820,5232.9451567808,4455.39904337036,6010.49127019125,4043.79099429811,6422.0993192635
"2018-08-03 12:00:00",5073,5301.95582856259,4524.40971515214,6079.50194197304,4112.80166607989,6491.10999104528
"2018-08-03 13:00:00",5067,5173.96442375353,4396.41831034308,5951.51053716398,3984.81026127084,6363.11858623623
"2018-08-03 14:00:00",5456,5329.97134643138,4552.42523302094,6107.51745984183,4140.81718394869,6519.12550891408
"2018-08-03 15:00:00",5646,5952.97692204558,5175.43080863513,6730.52303545603,4763.82275956289,7142.13108452828
"2018-08-03 16:00:00",5888,6685.9814127173,5908.43529930685,7463.52752612775,5496.82725023461,7875.1355752
"2018-08-03 17:00:00",5135,5686.98502956233,4909.43891615188,6464.53114297278,4497.83086707964,6876.13919204503
"2018-08-03 18:00:00",4753,4166.98794261606,3389.44182920561,4944.53405602651,2977.83378013336,5356.14210509875
"2018-08-03 19:00:00",3767,2881.99028882717,2104.44417541672,3659.53640223762,1692.83612634447,4071.14445130986
"2018-08-03 20:00:00",3461,2319.99217849592,1542.44606508547,3097.53829190636,1130.83801601322,3509.14634097861
"2018-08-03 21:00:00",2632,2157.99370045954,1380.44758704909,2935.53981386999,968.839537976848,3347.14786294224
"2018-08-03 22:00:00",2594,1772.99492626871,995.448812858265,2550.54103967916,583.84076378602,2962.14908875141
"2018-08-03 23:00:00",1833,1142.99591355126,365.449800140812,1920.54202696171,-46.1582489314339,2332.15007603395
"2018-08-04 00:00:00",1078,624.996708721381,-152.549404689068,1402.54282213183,-564.157453761314,1814.15087120408
"2018-08-04 01:00:00",668,440.997349161671,-336.548764248778,1218.54346257212,-748.156813321024,1630.15151164437
"2018-08-04 02:00:00",519,396.997864980556,-380.548248429893,1174.54397839101,-792.156297502139,1586.15202746325
"2018-08-04 03:00:00",362,308.998280427752,-468.547832982697,1086.5443938382,-880.155882054943,1498.15244291045
"2018-08-04 04:00:00",423,299.998615034291,-477.547498376158,1077.54472844474,-889.155547448403,1489.15277751699
"2018-08-04 05:00:00",850,539.998884530722,-237.547228879727,1317.54499794117,-649.155277951973,1729.15304701342
"2018-08-04 06:00:00",1427,985.999101586629,208.45298817618,1763.54521499708,-203.155060896065,2175.15326406932
"2018-08-04 07:00:00",1817,1310.99927640626,533.453162995813,2088.54538981671,121.845113923568,2500.15343888896
"2018-08-04 08:00:00",2559,1488.99941720825,711.453303797804,2266.5455306187,299.845254725559,2678.15357969095
"2018-08-04 09:00:00",3477,1754.999530612,977.453417201548,2532.54564402245,565.845368129302,2944.15369309469
"2018-08-04 10:00:00",3962,1977.99962194884,1200.45350853839,2755.54573535929,788.845459466142,3167.15378443153
"2018-08-04 11:00:00",4236,2152.99969551271,1375.45358210226,2930.54580892316,963.845533030013,3342.1538579954
"2018-08-04 12:00:00",4263,2146.999754762,1369.45364135155,2924.54586817245,957.845592279306,3336.1539172447
"2018-08-04 13:00:00",4552,1986.99980248215,1209.4536890717,2764.5459158926,797.845639999452,3176.15396496484
"2018-08-04 14:00:00",4379,1821.99984091657,1044.45372750612,2599.54595432702,632.845678433874,3011.15400339926
"2018-08-04 15:00:00",4493,1880.99987187215,1103.4537584617,2658.5459852826,691.845709389454,3070.15403435484
"2018-08-04 16:00:00",4300,1460.99989680417,683.453783393724,2238.54601021462,271.845734321478,2650.15405928687
"2018-08-04 17:00:00",4602,1477.99991688475,700.453803474298,2255.5460302952,288.845754402053,2667.15407936744
"2018-08-04 18:00:00",4087,1067.9999330579,290.453819647453,1845.54604646835,-121.154229424793,2257.1540955406
"2018-08-04 19:00:00",3237,880.999946083969,103.45383267352,1658.54605949442,-308.154216398726,2070.15410856666
"2018-08-04 20:00:00",2962,617.999956575332,-159.546156835117,1395.54606998578,-571.154205907363,1807.15411905803
"2018-08-04 21:00:00",2938,706.999965025211,-70.5461483852379,1484.54607843566,-482.154197457484,1896.15412750791
"2018-08-04 22:00:00",2573,593.999971830853,-183.546141579596,1371.5460852413,-595.154190651842,1783.15413431355
"2018-08-04 23:00:00",2015,525.999977312205,-251.546136098244,1303.54609072265,-663.15418517049,1715.1541397949
"2018-08-05 00:00:00",1323,352.999981726957,-424.546131683492,1130.54609513741,-836.154180755738,1542.15414420965
"2018-08-05 01:00:00",812,258.999985282655,-518.546128127794,1036.5460986931,-930.15417720004,1448.15414776535
"2018-08-05 02:00:00",689,197.99998814646,-579.546125263989,975.546101556909,-991.154174336235,1387.15415062915
"2018-08-05 03:00:00",396,150.999990453006,-626.546122957443,928.546103863455,-1038.15417202969,1340.1541529357
"2018-08-05 04:00:00",356,174.999992310727,-602.546121099721,952.546105721176,-1014.15417017197,1364.15415479342
"2018-08-05 05:00:00",504,300.999993806961,-476.546119603488,1078.54610721741,-888.154168675734,1490.15415628966
"2018-08-05 06:00:00",962,489.999995012046,-287.546118398403,1267.54610842249,-699.154167470649,1679.15415749474
"2018-08-05 07:00:00",1210,633.999995982637,-143.546117427812,1411.54610939309,-555.154166500057,1823.15415846533
"2018-08-05 08:00:00",1903,673.999996764364,-103.546116646085,1451.54611017481,-515.15416571833,1863.15415924706
"2018-08-05 09:00:00",3030,983.999997393977,206.453883983528,1761.54611080443,-205.154165088717,2173.15415987667
"2018-08-05 10:00:00",3735,1493.99999790108,716.453884490627,2271.54611131152,304.845835418381,2683.15416038377
"2018-08-05 11:00:00",4072,1793.9999983095,1016.45388489905,2571.54611171995,604.845835826804,2983.15416079219
"2018-08-05 12:00:00",4454,2036.99999863845,1259.453885228,2814.5461120489,847.845836155754,3226.15416112114
"2018-08-05 13:00:00",4507,2204.99999890339,1427.45388549294,2982.54611231384,1015.84583642069,3394.15416138608
"2018-08-05 14:00:00",4396,2405.99999911678,1628.45388570633,3183.54611252722,1216.84583663408,3595.15416159947
"2018-08-05 15:00:00",4595,2170.99999928864,1393.45388587819,2948.54611269909,981.845836805945,3360.15416177133
"2018-08-05 16:00:00",4875,2108.99999942706,1331.45388601661,2886.54611283751,919.845836944367,3298.15416190976
"2018-08-05 17:00:00",4555,1848.99999953855,1071.4538861281,2626.546112949,659.845837055853,3038.15416202124
"2018-08-05 18:00:00",4229,1658.99999962834,881.453886217891,2436.54611303879,469.845837145646,2848.15416211103
"2018-08-05 19:00:00",3684,1416.99999970066,639.453886290212,2194.54611311111,227.845837217966,2606.15416218335
"2018-08-05 20:00:00",3316,1641.99999975891,864.453886348459,2419.54611316936,452.845837276213,2831.1541622416
"2018-08-05 21:00:00",2735,2808.99999980582,2031.45388639537,3586.54611321627,1619.84583732313,3998.15416228852
"2018-08-05 22:00:00",2109,1202.99999984361,425.453886433157,1980.54611325405,13.8458373609114,2392.1541623263
"2018-08-05 23:00:00",1560,705.999999874038,-71.5461135364106,1483.54611328449,-483.154162608656,1895.15416235673
"2018-08-06 00:00:00",703,406.999999898549,-370.5461135119,1184.546113309,-782.154162584146,1596.15416238124
"2018-08-06 01:00:00",421,271.99999991829,-505.546113492159,1049.54611332874,-917.154162564405,1461.15416240098
"2018-08-06 02:00:00",327,246.99999993419,-530.546113476259,1024.54611334464,-942.154162548505,1436.15416241688
"2018-08-06 03:00:00",375,356.999999946996,-420.546113463453,1134.54611335744,-832.154162535699,1546.15416242969
"2018-08-06 04:00:00",890,778.999999957309,1.45388654686053,1556.54611336776,-410.154162525385,1968.15416244
"2018-08-06 05:00:00",3047,2237.99999996562,1460.45388655517,3015.54611337607,1048.84583748292,3427.15416244831
"2018-08-06 06:00:00",5580,4363.99999997231,3586.45388656186,5141.54611338276,3174.84583748961,5553.154162455
"2018-08-06 07:00:00",6280,4962.9999999777,4185.45388656725,5740.54611338814,3773.845837495,6152.15416246039
"2018-08-06 08:00:00",5582,4462.99999998204,3685.45388657159,5240.54611339248,3273.84583749934,5652.15416246473
"2018-08-06 09:00:00",4694,4044.99999998553,3267.45388657508,4822.54611339598,2855.84583750284,5234.15416246823
"2018-08-06 10:00:00",4357,3625.99999998835,2848.4538865779,4403.5461133988,2436.84583750565,4815.15416247104
"2018-08-06 11:00:00",4432,3859.99999999061,3082.45388658017,4637.54611340106,2670.84583750792,5049.15416247331
"2018-08-06 12:00:00",4606,4148.99999999244,3371.45388658199,4926.54611340289,2959.84583750975,5338.15416247514
"2018-08-06 13:00:00",4669,4109.99999999391,3332.45388658346,4887.54611340436,2920.84583751122,5299.15416247661
"2018-08-06 14:00:00",4814,4386.9999999951,3609.45388658465,5164.54611340554,3197.8458375124,5576.15416247779
"2018-08-06 15:00:00",5395,4941.99999999605,4164.4538865856,5719.5461134065,3752.84583751336,6131.15416247875
"2018-08-06 16:00:00",6651,5787.99999999682,5010.45388658637,6565.54611340727,4598.84583751413,6977.15416247951
"2018-08-06 17:00:00",5590,5566.99999999744,4789.45388658699,6344.54611340789,4377.84583751474,6756.15416248013
"2018-08-06 18:00:00",4308,4060.99999999794,3283.45388658749,4838.54611340839,2871.84583751524,5250.15416248063
"2018-08-06 19:00:00",3314,2978.99999999834,2201.45388658789,3756.54611340879,1789.84583751564,4168.15416248103
"2018-08-06 20:00:00",2795,2555.99999999866,1778.45388658821,3333.54611340911,1366.84583751597,3745.15416248136
"2018-08-06 21:00:00",2330,2099.99999999892,1322.45388658847,2877.54611340937,910.845837516227,3289.15416248162
"2018-08-06 22:00:00",1723,1488.99999999913,711.453886588683,2266.54611340958,299.845837516437,2678.15416248183
"2018-08-06 23:00:00",1148,977.999999999301,200.453886588852,1755.54611340975,-211.154162483394,2167.154162482
"2018-08-07 00:00:00",606,523.999999999437,-253.546113411012,1301.54611340989,-665.154162483258,1713.15416248213
"2018-08-07 01:00:00",376,335.999999999546,-441.546113410903,1113.54611341,-853.154162483148,1525.15416248224
"2018-08-07 02:00:00",288,270.999999999635,-506.546113410814,1048.54611341008,-918.15416248306,1460.15416248233
"2018-08-07 03:00:00",362,346.999999999706,-430.546113410743,1124.54611341015,-842.154162482989,1536.1541624824
"2018-08-07 04:00:00",912,897.999999999763,120.453886589314,1675.54611341021,-291.154162482932,2087.15416248246
"2018-08-07 05:00:00",3153,2847.99999999981,2070.45388658936,3625.54611341026,1658.84583751711,4037.1541624825
"2018-08-07 06:00:00",5814,5515.99999999985,4738.4538865894,6293.5461134103,4326.84583751715,6705.15416248254
"2018-08-07 07:00:00",5655,6207.99999999988,5430.45388658943,6985.54611341033,5018.84583751718,7397.15416248257
"2018-08-07 08:00:00",5960,5891.9999999999,5114.45388658945,6669.54611341035,4702.8458375172,7081.15416248259
"2018-08-07 09:00:00",4925,5676.99999999992,4899.45388658947,6454.54611341037,4487.84583751722,6866.15416248261
"2018-08-07 10:00:00",4416,4455.99999999994,3678.45388658949,5233.54611341038,3266.84583751724,5645.15416248263
"2018-08-07 11:00:00",4515,4714.99999999995,3937.4538865895,5492.5461134104,3525.84583751725,5904.15416248264
"2018-08-07 12:00:00",4940,4961.99999999996,4184.45388658951,5739.54611341041,3772.84583751726,6151.15416248265
"2018-08-07 13:00:00",4726,4912.99999999997,4135.45388658952,5690.54611341042,3723.84583751727,6102.15416248266
"2018-08-07 14:00:00",5040,5219.99999999997,4442.45388658952,5997.54611341042,4030.84583751728,6409.15416248267
"2018-08-07 15:00:00",5555,5843.99999999998,5066.45388658953,6621.54611341043,4654.84583751728,7033.15416248267
"2018-08-07 16:00:00",6471,6656.99999999998,5879.45388658953,7434.54611341043,5467.84583751729,7846.15416248268
"2018-08-07 17:00:00",5656,6276.99999999999,5499.45388658954,7054.54611341043,5087.84583751729,7466.15416248268
"2018-08-07 18:00:00",4121,4826.99999999999,4049.45388658954,5604.54611341044,3637.84583751729,6016.15416248268
"2018-08-07 19:00:00",3272,3480.99999999999,2703.45388658954,4258.54611341044,2291.8458375173,4670.15416248269
"2018-08-07 20:00:00",2888,2876.99999999999,2099.45388658954,3654.54611341044,1687.8458375173,4066.15416248269
"2018-08-07 21:00:00",2532,3417.99999999999,2640.45388658955,4195.54611341044,2228.8458375173,4607.15416248269
"2018-08-07 22:00:00",1771,3293.99999999999,2516.45388658955,4071.54611341044,2104.8458375173,4483.15416248269
"2018-08-07 23:00:00",1168,1297,519.453886589547,2074.54611341045,107.845837517302,2486.15416248269
"2018-08-08 00:00:00",643,825.999999999997,48.4538865895479,1603.54611341045,-363.154162482698,2015.15416248269
"2018-08-08 01:00:00",393,593.999999999997,-183.546113410451,1371.54611341045,-595.154162482697,1783.15416248269
"2018-08-08 02:00:00",295,430.999999999998,-346.546113410451,1208.54611341045,-758.154162482697,1620.15416248269
"2018-08-08 03:00:00",374,520.999999999998,-256.546113410451,1298.54611341045,-668.154162482696,1710.15416248269
"2018-08-08 04:00:00",912,974.999999999999,197.45388658955,1752.54611341045,-214.154162482696,2164.15416248269
"2018-08-08 05:00:00",3119,2986,2208.45388658955,3763.54611341045,1796.8458375173,4175.15416248269
"2018-08-08 06:00:00",5730,5943,5165.45388658955,6720.54611341045,4753.8458375173,7132.15416248269
"2018-08-08 07:00:00",6430,6871,6093.45388658955,7648.54611341045,5681.8458375173,8060.15416248269
"2018-08-08 08:00:00",5864,6614,5836.45388658955,7391.54611341045,5424.8458375173,7803.15416248269
"2018-08-08 09:00:00",4902,5378,4600.45388658955,6155.54611341045,4188.8458375173,6567.1541624827
"2018-08-08 10:00:00",4610,4751,3973.45388658955,5528.54611341045,3561.84583751731,5940.1541624827
"2018-08-08 11:00:00",4838,4824,4046.45388658955,5601.54611341045,3634.84583751731,6013.1541624827
"2018-08-08 12:00:00",5004,5013,4235.45388658955,5790.54611341045,3823.84583751731,6202.1541624827
"2018-08-08 13:00:00",4741,5017,4239.45388658955,5794.54611341045,3827.84583751731,6206.1541624827
"2018-08-08 14:00:00",5128,5437,4659.45388658955,6214.54611341045,4247.8458375173,6626.1541624827
"2018-08-08 15:00:00",5798,5835,5057.45388658955,6612.54611341045,4645.8458375173,7024.1541624827
"2018-08-08 16:00:00",6652,7022,6244.45388658955,7799.54611341045,5832.8458375173,8211.1541624827
"2018-08-08 17:00:00",6043,6459,5681.45388658955,7236.54611341045,5269.8458375173,7648.1541624827
"2018-08-08 18:00:00",4806,4663,3885.45388658955,5440.54611341045,3473.84583751731,5852.1541624827
"2018-08-08 19:00:00",3655,3393,2615.45388658955,4170.54611341045,2203.84583751731,4582.1541624827
"2018-08-08 20:00:00",3130,3034,2256.45388658955,3811.54611341045,1844.84583751731,4223.1541624827
"2018-08-08 21:00:00",3267,2604,1826.45388658955,3381.54611341045,1414.84583751731,3793.15416248269
"2018-08-08 22:00:00",2711,1726,948.453886589551,2503.54611341045,536.845837517305,2915.15416248269
"2018-08-08 23:00:00",1478,1085,307.453886589551,1862.54611341045,-104.154162482695,2274.15416248269
"2018-08-09 00:00:00",801,561,-216.546113410449,1338.54611341045,-628.154162482695,1750.15416248269
"2018-08-09 01:00:00",482,351,-426.546113410449,1128.54611341045,-838.154162482695,1540.15416248269
"2018-08-09 02:00:00",336,275,-502.546113410449,1052.54611341045,-914.154162482695,1464.15416248269
"2018-08-09 03:00:00",379,361,-416.546113410449,1138.54611341045,-828.154162482695,1550.15416248269
"2018-08-09 04:00:00",936,909,131.453886589551,1686.54611341045,-280.154162482695,2098.15416248269
"2018-08-09 05:00:00",3022,2885,2107.45388658955,3662.54611341045,1695.84583751731,4074.15416248269
"2018-08-09 06:00:00",5423,5715,4937.45388658955,6492.54611341045,4525.8458375173,6904.1541624827
"2018-08-09 07:00:00",6313,6461,5683.45388658955,7238.54611341045,5271.8458375173,7650.1541624827
"2018-08-09 08:00:00",5908,6046,5268.45388658955,6823.54611341045,4856.8458375173,7235.1541624827
"2018-08-09 09:00:00",4788,5842,5064.45388658955,6619.54611341045,4652.8458375173,7031.1541624827
"2018-08-09 10:00:00",4517,4882,4104.45388658955,5659.54611341045,3692.84583751731,6071.1541624827
"2018-08-09 11:00:00",4675,5035,4257.45388658955,5812.54611341045,3845.84583751731,6224.1541624827
"2018-08-09 12:00:00",4927,5027,4249.45388658955,5804.54611341045,3837.84583751731,6216.1541624827
"2018-08-09 13:00:00",4990,5326.18604282048,4548.63992941003,6103.73215623093,4137.03188033778,6515.34020530317
"2018-08-09 14:00:00",5155,5568.83901632232,4791.29290291187,6346.38512973276,4379.68485383962,6757.99317880501
"2018-08-09 15:00:00",5654,6247.84327705668,5470.29716364623,7025.38939046713,5058.68911457398,7436.99743953937
"2018-08-09 16:00:00",6532,7209.65212162901,6432.10600821856,7987.19823503946,6020.49795914632,8398.80628411171
"2018-08-09 17:00:00",5871,6808.30357549932,6030.75746208887,7585.84968890977,5619.14941301662,7997.45773798201
"2018-08-09 18:00:00",4426,5061.82826486443,4284.28215145398,5839.37437827488,3872.67410238174,6250.98242734713
"2018-08-09 19:00:00",3530,3695.25085645904,2917.70474304859,4472.79696986949,2506.09669397634,4884.40501894173
"2018-08-09 20:00:00",3290,3080.59121718999,2303.04510377954,3858.13733060044,1891.43705470729,4269.74537967268
"2018-08-09 21:00:00",3176,2760.86534812077,1983.31923471033,3538.41146153122,1571.71118563808,3950.01951060347
"2018-08-09 22:00:00",2420,2052.0861367147,1274.54002330425,2829.63225012515,862.931974232007,3241.2402991974
"2018-08-09 23:00:00",1406,1167.26396270124,389.717849290793,1944.81007611169,-21.890199781453,2356.41812518394
"2018-08-10 00:00:00",731,632.407186048637,-145.138927361812,1409.95329945909,-556.746976434058,1821.56134853133
"2018-08-10 01:00:00",471,386.522539983335,-391.023573427114,1164.06865339378,-802.631622499359,1575.67670246603
"2018-08-10 02:00:00",374,305.615447532925,-471.930665877524,1083.16156094337,-883.53871494977,1494.76961001562
"2018-08-10 03:00:00",404,355.690276473899,-421.85583693655,1133.23638988435,-833.463886008796,1544.84443895659
"2018-08-10 04:00:00",818,845.750544669886,68.2044312594369,1623.29665808033,-343.403617812809,2034.90470715258
"2018-08-10 05:00:00",2854,2720.79908545371,1943.25297204326,3498.34519886416,1531.64492297101,3909.9532479364
"2018-08-10 06:00:00",5227,5425.83818082823,4648.29206741779,6203.38429423868,4236.68401834554,6614.99234331093
"2018-08-10 07:00:00",5950,6584.86966874806,5807.32355533761,7362.41578215851,5395.71550626537,7774.02383123076
"2018-08-10 08:00:00",5211,5893.89502952557,5116.34891611512,6671.44114293602,4704.74086704288,7083.04919200827
"2018-08-10 09:00:00",4584,5226.91545542349,4449.36934201304,6004.46156883393,4037.76129294079,6416.06961790618
"2018-08-10 10:00:00",4512,4852.9319067056,4075.38579329516,5630.47802011605,3663.77774422291,6042.0860691883
"2018-08-10 11:00:00",4796,5232.9451567808,4455.39904337036,6010.49127019125,4043.79099429811,6422.0993192635
"2018-08-10 12:00:00",4941,5301.95582856259,4524.40971515214,6079.50194197304,4112.80166607989,6491.10999104528
"2018-08-10 13:00:00",5053,5173.96442375353,4396.41831034308,5951.51053716398,3984.81026127084,6363.11858623623
"2018-08-10 14:00:00",5367,5329.97134643138,4552.42523302094,6107.51745984183,4140.81718394869,6519.12550891408
"2018-08-10 15:00:00",5684,5952.97692204558,5175.43080863513,6730.52303545603,4763.82275956289,7142.13108452828
"2018-08-10 16:00:00",5868,6685.9814127173,5908.43529930685,7463.52752612775,5496.82725023461,7875.1355752
"2018-08-10 17:00:00",5309,5686.98502956233,4909.43891615188,6464.53114297278,4497.83086707964,6876.13919204503
"2018-08-10 18:00:00",4616,4166.98794261606,3389.44182920561,4944.53405602651,2977.83378013336,5356.14210509875
"2018-08-10 19:00:00",3713,2881.99028882717,2104.44417541672,3659.53640223762,1692.83612634447,4071.14445130986
"2018-08-10 20:00:00",3344,2319.99217849592,1542.44606508547,3097.53829190636,1130.83801601322,3509.14634097861
"2018-08-10 21:00:00",3374,2157.99370045954,1380.44758704909,2935.53981386999,968.839537976848,3347.14786294224
"2018-08-10 22:00:00",3117,1772.99492626871,995.448812858265,2550.54103967916,583.84076378602,2962.14908875141
"2018-08-10 23:00:00",2271,1142.99591355126,365.449800140812,1920.54202696171,-46.1582489314339,2332.15007603395
"2018-08-11 00:00:00",1412,624.996708721381,-152.549404689068,1402.54282213183,-564.157453761314,1814.15087120408
"2018-08-11 01:00:00",831,440.997349161671,-336.548764248778,1218.54346257212,-748.156813321024,1630.15151164437
"2018-08-11 02:00:00",665,396.997864980556,-380.548248429893,1174.54397839101,-792.156297502139,1586.15202746325
"2018-08-11 03:00:00",423,308.998280427752,-468.547832982697,1086.5443938382,-880.155882054943,1498.15244291045
"2018-08-11 04:00:00",459,299.998615034291,-477.547498376158,1077.54472844474,-889.155547448403,1489.15277751699
"2018-08-11 05:00:00",876,539.998884530722,-237.547228879727,1317.54499794117,-649.155277951973,1729.15304701342
"2018-08-11 06:00:00",1560,985.999101586629,208.45298817618,1763.54521499708,-203.155060896065,2175.15326406932
"2018-08-11 07:00:00",2004,1310.99927640626,533.453162995813,2088.54538981671,121.845113923568,2500.15343888896
"2018-08-11 08:00:00",2806,1488.99941720825,711.453303797804,2266.5455306187,299.845254725559,2678.15357969095
"2018-08-11 09:00:00",3514,1754.999530612,977.453417201548,2532.54564402245,565.845368129302,2944.15369309469
"2018-08-11 10:00:00",3971,1977.99962194884,1200.45350853839,2755.54573535929,788.845459466142,3167.15378443153
"2018-08-11 11:00:00",4198,2152.99969551271,1375.45358210226,2930.54580892316,963.845533030013,3342.1538579954
"2018-08-11 12:00:00",4310,2146.999754762,1369.45364135155,2924.54586817245,957.845592279306,3336.1539172447
"2018-08-11 13:00:00",4262,1986.99980248215,1209.4536890717,2764.5459158926,797.845639999452,3176.15396496484
"2018-08-11 14:00:00",4280,1821.99984091657,1044.45372750612,2599.54595432702,632.845678433874,3011.15400339926
"2018-08-11 15:00:00",4188,1880.99987187215,1103.4537584617,2658.5459852826,691.845709389454,3070.15403435484
"2018-08-11 16:00:00",4305,1460.99989680417,683.453783393724,2238.54601021462,271.845734321478,2650.15405928687
"2018-08-11 17:00:00",4134,1477.99991688475,700.453803474298,2255.5460302952,288.845754402053,2667.15407936744
"2018-08-11 18:00:00",3920,1067.9999330579,290.453819647453,1845.54604646835,-121.154229424793,2257.1540955406
"2018-08-11 19:00:00",3567,880.999946083969,103.45383267352,1658.54605949442,-308.154216398726,2070.15410856666
"2018-08-11 20:00:00",3362,617.999956575332,-159.546156835117,1395.54606998578,-571.154205907363,1807.15411905803
"2018-08-11 21:00:00",3378,706.999965025211,-70.5461483852379,1484.54607843566,-482.154197457484,1896.15412750791
"2018-08-11 22:00:00",3167,593.999971830853,-183.546141579596,1371.5460852413,-595.154190651842,1783.15413431355
"2018-08-11 23:00:00",2511,525.999977312205,-251.546136098244,1303.54609072265,-663.15418517049,1715.1541397949
"2018-08-12 00:00:00",1406,352.999981726957,-424.546131683492,1130.54609513741,-836.154180755738,1542.15414420965
"2018-08-12 01:00:00",868,258.999985282655,-518.546128127794,1036.5460986931,-930.15417720004,1448.15414776535
"2018-08-12 02:00:00",678,197.99998814646,-579.546125263989,975.546101556909,-991.154174336235,1387.15415062915
"2018-08-12 03:00:00",392,150.999990453006,-626.546122957443,928.546103863455,-1038.15417202969,1340.1541529357
"2018-08-12 04:00:00",365,174.999992310727,-602.546121099721,952.546105721176,-1014.15417017197,1364.15415479342
"2018-08-12 05:00:00",529,300.999993806961,-476.546119603488,1078.54610721741,-888.154168675734,1490.15415628966
"2018-08-12 06:00:00",984,489.999995012046,-287.546118398403,1267.54610842249,-699.154167470649,1679.15415749474
"2018-08-12 07:00:00",1196,633.999995982637,-143.546117427812,1411.54610939309,-555.154166500057,1823.15415846533
"2018-08-12 08:00:00",1850,673.999996764364,-103.546116646085,1451.54611017481,-515.15416571833,1863.15415924706
"2018-08-12 09:00:00",2713,983.999997393977,206.453883983528,1761.54611080443,-205.154165088717,2173.15415987667
"2018-08-12 10:00:00",3534,1493.99999790108,716.453884490627,2271.54611131152,304.845835418381,2683.15416038377
"2018-08-12 11:00:00",3856,1793.9999983095,1016.45388489905,2571.54611171995,604.845835826804,2983.15416079219
"2018-08-12 12:00:00",4037,2036.99999863845,1259.453885228,2814.5461120489,847.845836155754,3226.15416112114
"2018-08-12 13:00:00",4522,2204.99999890339,1427.45388549294,2982.54611231384,1015.84583642069,3394.15416138608
"2018-08-12 14:00:00",4468,2405.99999911678,1628.45388570633,3183.54611252722,1216.84583663408,3595.15416159947
"2018-08-12 15:00:00",4351,2170.99999928864,1393.45388587819,2948.54611269909,981.845836805945,3360.15416177133
"2018-08-12 16:00:00",4466,2108.99999942706,1331.45388601661,2886.54611283751,919.845836944367,3298.15416190976
"2018-08-12 17:00:00",4313,1848.99999953855,1071.4538861281,2626.546112949,659.845837055853,3038.15416202124
"2018-08-12 18:00:00",4012,1658.99999962834,881.453886217891,2436.54611303879,469.845837145646,2848.15416211103
"2018-08-12 19:00:00",3658,1416.99999970066,639.453886290212,2194.54611311111,227.845837217966,2606.15416218335
"2018-08-12 20:00:00",3151,1641.99999975891,864.453886348459,2419.54611316936,452.845837276213,2831.1541622416
"2018-08-12 21:00:00",2708,2808.99999980582,2031.45388639537,3586.54611321627,1619.84583732313,3998.15416228852
"2018-08-12 22:00:00",1930,1202.99999984361,425.453886433157,1980.54611325405,13.8458373609114,2392.1541623263
"2018-08-12 23:00:00",1282,705.999999874038,-71.5461135364106,1483.54611328449,-483.154162608656,1895.15416235673
"2018-08-13 00:00:00",651,406.999999898549,-370.5461135119,1184.546113309,-782.154162584146,1596.15416238124
"2018-08-13 01:00:00",434,271.99999991829,-505.546113492159,1049.54611332874,-917.154162564405,1461.15416240098
"2018-08-13 02:00:00",355,246.99999993419,-530.546113476259,1024.54611334464,-942.154162548505,1436.15416241688
"2018-08-13 03:00:00",348,356.999999946996,-420.546113463453,1134.54611335744,-832.154162535699,1546.15416242969
"2018-08-13 04:00:00",924,778.999999957309,1.45388654686053,1556.54611336776,-410.154162525385,1968.15416244
"2018-08-13 05:00:00",3025,2237.99999996562,1460.45388655517,3015.54611337607,1048.84583748292,3427.15416244831
"2018-08-13 06:00:00",5546,4363.99999997231,3586.45388656186,5141.54611338276,3174.84583748961,5553.154162455
"2018-08-13 07:00:00",6383,4962.9999999777,4185.45388656725,5740.54611338814,3773.845837495,6152.15416246039
"2018-08-13 08:00:00",5642,4462.99999998204,3685.45388657159,5240.54611339248,3273.84583749934,5652.15416246473
"2018-08-13 09:00:00",4714,4044.99999998553,3267.45388657508,4822.54611339598,2855.84583750284,5234.15416246823
"2018-08-13 10:00:00",4216,3625.99999998835,2848.4538865779,4403.5461133988,2436.84583750565,4815.15416247104
"2018-08-13 11:00:00",4440,3859.99999999061,3082.45388658017,4637.54611340106,2670.84583750792,5049.15416247331
"2018-08-13 12:00:00",4673,4148.99999999244,3371.45388658199,4926.54611340289,2959.84583750975,5338.15416247514
"2018-08-13 13:00:00",4494,4109.99999999391,3332.45388658346,4887.54611340436,2920.84583751122,5299.15416247661
"2018-08-13 14:00:00",4811,4386.9999999951,3609.45388658465,5164.54611340554,3197.8458375124,5576.15416247779
"2018-08-13 15:00:00",5245,4941.99999999605,4164.4538865856,5719.5461134065,3752.84583751336,6131.15416247875
"2018-08-13 16:00:00",6163,5787.99999999682,5010.45388658637,6565.54611340727,4598.84583751413,6977.15416247951
"2018-08-13 17:00:00",5603,5566.99999999744,4789.45388658699,6344.54611340789,4377.84583751474,6756.15416248013
"2018-08-13 18:00:00",4077,4060.99999999794,3283.45388658749,4838.54611340839,2871.84583751524,5250.15416248063
"2018-08-13 19:00:00",3247,2978.99999999834,2201.45388658789,3756.54611340879,1789.84583751564,4168.15416248103
"2018-08-13 20:00:00",2835,2555.99999999866,1778.45388658821,3333.54611340911,1366.84583751597,3745.15416248136
"2018-08-13 21:00:00",2615,2099.99999999892,1322.45388658847,2877.54611340937,910.845837516227,3289.15416248162
"2018-08-13 22:00:00",1823,1488.99999999913,711.453886588683,2266.54611340958,299.845837516437,2678.15416248183
"2018-08-13 23:00:00",1117,977.999999999301,200.453886588852,1755.54611340975,-211.154162483394,2167.154162482
"2018-08-14 00:00:00",571,523.999999999437,-253.546113411012,1301.54611340989,-665.154162483258,1713.15416248213
"2018-08-14 01:00:00",394,335.999999999546,-441.546113410903,1113.54611341,-853.154162483148,1525.15416248224
"2018-08-14 02:00:00",284,270.999999999635,-506.546113410814,1048.54611341008,-918.15416248306,1460.15416248233
"2018-08-14 03:00:00",340,346.999999999706,-430.546113410743,1124.54611341015,-842.154162482989,1536.1541624824
"2018-08-14 04:00:00",940,897.999999999763,120.453886589314,1675.54611341021,-291.154162482932,2087.15416248246
"2018-08-14 05:00:00",3184,2847.99999999981,2070.45388658936,3625.54611341026,1658.84583751711,4037.1541624825
"2018-08-14 06:00:00",5702,5515.99999999985,4738.4538865894,6293.5461134103,4326.84583751715,6705.15416248254
"2018-08-14 07:00:00",6573,6207.99999999988,5430.45388658943,6985.54611341033,5018.84583751718,7397.15416248257
"2018-08-14 08:00:00",5841,5891.9999999999,5114.45388658945,6669.54611341035,4702.8458375172,7081.15416248259
"2018-08-14 09:00:00",4766,5676.99999999992,4899.45388658947,6454.54611341037,4487.84583751722,6866.15416248261
"2018-08-14 10:00:00",4478,4455.99999999994,3678.45388658949,5233.54611341038,3266.84583751724,5645.15416248263
"2018-08-14 11:00:00",4741,4714.99999999995,3937.4538865895,5492.5461134104,3525.84583751725,5904.15416248264
"2018-08-14 12:00:00",4996,4961.99999999996,4184.45388658951,5739.54611341041,3772.84583751726,6151.15416248265
"2018-08-14 13:00:00",4832,4912.99999999997,4135.45388658952,5690.54611341042,3723.84583751727,6102.15416248266
"2018-08-14 14:00:00",4985,5219.99999999997,4442.45388658952,5997.54611341042,4030.84583751728,6409.15416248267
"2018-08-14 15:00:00",5672,5843.99999999998,5066.45388658953,6621.54611341043,4654.84583751728,7033.15416248267
"2018-08-14 16:00:00",6373,6656.99999999998,5879.45388658953,7434.54611341043,5467.84583751729,7846.15416248268
"2018-08-14 17:00:00",6014,6276.99999999999,5499.45388658954,7054.54611341043,5087.84583751729,7466.15416248268
"2018-08-14 18:00:00",4525,4826.99999999999,4049.45388658954,5604.54611341044,3637.84583751729,6016.15416248268
"2018-08-14 19:00:00",3423,3480.99999999999,2703.45388658954,4258.54611341044,2291.8458375173,4670.15416248269
"2018-08-14 20:00:00",3046,2876.99999999999,2099.45388658954,3654.54611341044,1687.8458375173,4066.15416248269
"2018-08-14 21:00:00",2784,3417.99999999999,2640.45388658955,4195.54611341044,2228.8458375173,4607.15416248269
"2018-08-14 22:00:00",2287,3293.99999999999,2516.45388658955,4071.54611341044,2104.8458375173,4483.15416248269
"2018-08-14 23:00:00",2772,1297,519.453886589547,2074.54611341045,107.845837517302,2486.15416248269
"2018-08-15 00:00:00",793,825.999999999997,48.4538865895479,1603.54611341045,-363.154162482698,2015.15416248269
"2018-08-15 01:00:00",492,593.999999999997,-183.546113410451,1371.54611341045,-595.154162482697,1783.15416248269
"2018-08-15 02:00:00",335,430.999999999998,-346.546113410451,1208.54611341045,-758.154162482697,1620.15416248269
"2018-08-15 03:00:00",403,520.999999999998,-256.546113410451,1298.54611341045,-668.154162482696,1710.15416248269
"2018-08-15 04:00:00",948,974.999999999999,197.45388658955,1752.54611341045,-214.154162482696,2164.15416248269
"2018-08-15 05:00:00",3181,2986,2208.45388658955,3763.54611341045,1796.8458375173,4175.15416248269
"2018-08-15 06:00:00",5767,5943,5165.45388658955,6720.54611341045,4753.8458375173,7132.15416248269
"2018-08-15 07:00:00",6561,6871,6093.45388658955,7648.54611341045,5681.8458375173,8060.15416248269
"2018-08-15 08:00:00",5930,6614,5836.45388658955,7391.54611341045,5424.8458375173,7803.15416248269
"2018-08-15 09:00:00",4672,5378,4600.45388658955,6155.54611341045,4188.8458375173,6567.1541624827
"2018-08-15 10:00:00",4638,4751,3973.45388658955,5528.54611341045,3561.84583751731,5940.1541624827
"2018-08-15 11:00:00",4979,4824,4046.45388658955,5601.54611341045,3634.84583751731,6013.1541624827
"2018-08-15 12:00:00",5016,5013,4235.45388658955,5790.54611341045,3823.84583751731,6202.1541624827
"2018-08-15 13:00:00",4841,5017,4239.45388658955,5794.54611341045,3827.84583751731,6206.1541624827
"2018-08-15 14:00:00",4968,5437,4659.45388658955,6214.54611341045,4247.8458375173,6626.1541624827
"2018-08-15 15:00:00",5428,5835,5057.45388658955,6612.54611341045,4645.8458375173,7024.1541624827
"2018-08-15 16:00:00",5541,7022,6244.45388658955,7799.54611341045,5832.8458375173,8211.1541624827
"2018-08-15 17:00:00",5920,6459,5681.45388658955,7236.54611341045,5269.8458375173,7648.1541624827
"2018-08-15 18:00:00",4545,4663,3885.45388658955,5440.54611341045,3473.84583751731,5852.1541624827
"2018-08-15 19:00:00",3358,3393,2615.45388658955,4170.54611341045,2203.84583751731,4582.1541624827
"2018-08-15 20:00:00",3133,3034,2256.45388658955,3811.54611341045,1844.84583751731,4223.1541624827
"2018-08-15 21:00:00",2687,2604,1826.45388658955,3381.54611341045,1414.84583751731,3793.15416248269
"2018-08-15 22:00:00",1742,1726,948.453886589551,2503.54611341045,536.845837517305,2915.15416248269
"2018-08-15 23:00:00",1051,1085,307.453886589551,1862.54611341045,-104.154162482695,2274.15416248269
"2018-08-16 00:00:00",652,561,-216.546113410449,1338.54611341045,-628.154162482695,1750.15416248269
"2018-08-16 01:00:00",399,351,-426.546113410449,1128.54611341045,-838.154162482695,1540.15416248269
"2018-08-16 02:00:00",300,275,-502.546113410449,1052.54611341045,-914.154162482695,1464.15416248269
"2018-08-16 03:00:00",412,361,-416.546113410449,1138.54611341045,-828.154162482695,1550.15416248269
"2018-08-16 04:00:00",977,909,131.453886589551,1686.54611341045,-280.154162482695,2098.15416248269
"2018-08-16 05:00:00",3150,2885,2107.45388658955,3662.54611341045,1695.84583751731,4074.15416248269
"2018-08-16 06:00:00",5386,5715,4937.45388658955,6492.54611341045,4525.8458375173,6904.1541624827
"2018-08-16 07:00:00",6494,6461,5683.45388658955,7238.54611341045,5271.8458375173,7650.1541624827
"2018-08-16 08:00:00",5847,6046,5268.45388658955,6823.54611341045,4856.8458375173,7235.1541624827
"2018-08-16 09:00:00",4976,5842,5064.45388658955,6619.54611341045,4652.8458375173,7031.1541624827
"2018-08-16 10:00:00",4466,4882,4104.45388658955,5659.54611341045,3692.84583751731,6071.1541624827
"2018-08-16 11:00:00",4574,5035,4257.45388658955,5812.54611341045,3845.84583751731,6224.1541624827
"2018-08-16 12:00:00",4961,5027,4249.45388658955,5804.54611341045,3837.84583751731,6216.1541624827
"2018-08-16 13:00:00",4785,5326.18604282048,4548.63992941003,6103.73215623093,4137.03188033778,6515.34020530317
"2018-08-16 14:00:00",4927,5568.83901632232,4791.29290291187,6346.38512973276,4379.68485383962,6757.99317880501
"2018-08-16 15:00:00",5729,6247.84327705668,5470.29716364623,7025.38939046713,5058.68911457398,7436.99743953937
"2018-08-16 16:00:00",6272,7209.65212162901,6432.10600821856,7987.19823503946,6020.49795914632,8398.80628411171
"2018-08-16 17:00:00",5928,6808.30357549932,6030.75746208887,7585.84968890977,5619.14941301662,7997.45773798201
"2018-08-16 18:00:00",4580,5061.82826486443,4284.28215145398,5839.37437827488,3872.67410238174,6250.98242734713
"2018-08-16 19:00:00",3725,3695.25085645904,2917.70474304859,4472.79696986949,2506.09669397634,4884.40501894173
"2018-08-16 20:00:00",3205,3080.59121718999,2303.04510377954,3858.13733060044,1891.43705470729,4269.74537967268
"2018-08-16 21:00:00",3090,2760.86534812077,1983.31923471033,3538.41146153122,1571.71118563808,3950.01951060347
"2018-08-16 22:00:00",2377,2052.0861367147,1274.54002330425,2829.63225012515,862.931974232007,3241.2402991974
"2018-08-16 23:00:00",1380,1167.26396270124,389.717849290793,1944.81007611169,-21.890199781453,2356.41812518394
"2018-08-17 00:00:00",809,632.407186048637,-145.138927361812,1409.95329945909,-556.746976434058,1821.56134853133
"2018-08-17 01:00:00",449,386.522539983335,-391.023573427114,1164.06865339378,-802.631622499359,1575.67670246603
"2018-08-17 02:00:00",363,305.615447532925,-471.930665877524,1083.16156094337,-883.53871494977,1494.76961001562
"2018-08-17 03:00:00",408,355.690276473899,-421.85583693655,1133.23638988435,-833.463886008796,1544.84443895659
"2018-08-17 04:00:00",899,845.750544669886,68.2044312594369,1623.29665808033,-343.403617812809,2034.90470715258
"2018-08-17 05:00:00",2821,2720.79908545371,1943.25297204326,3498.34519886416,1531.64492297101,3909.9532479364
"2018-08-17 06:00:00",5243,5425.83818082823,4648.29206741779,6203.38429423868,4236.68401834554,6614.99234331093
"2018-08-17 07:00:00",5994,6584.86966874806,5807.32355533761,7362.41578215851,5395.71550626537,7774.02383123076
"2018-08-17 08:00:00",5406,5893.89502952557,5116.34891611512,6671.44114293602,4704.74086704288,7083.04919200827
"2018-08-17 09:00:00",4719,5226.91545542349,4449.36934201304,6004.46156883393,4037.76129294079,6416.06961790618
"2018-08-17 10:00:00",4510,4852.9319067056,4075.38579329516,5630.47802011605,3663.77774422291,6042.0860691883
"2018-08-17 11:00:00",4948,5232.9451567808,4455.39904337036,6010.49127019125,4043.79099429811,6422.0993192635
"2018-08-17 12:00:00",5076,5301.95582856259,4524.40971515214,6079.50194197304,4112.80166607989,6491.10999104528
"2018-08-17 13:00:00",5027,5173.96442375353,4396.41831034308,5951.51053716398,3984.81026127084,6363.11858623623
"2018-08-17 14:00:00",5289,5329.97134643138,4552.42523302094,6107.51745984183,4140.81718394869,6519.12550891408
"2018-08-17 15:00:00",5581,5952.97692204558,5175.43080863513,6730.52303545603,4763.82275956289,7142.13108452828
"2018-08-17 16:00:00",5734,6685.9814127173,5908.43529930685,7463.52752612775,5496.82725023461,7875.1355752
"2018-08-17 17:00:00",5141,5686.98502956233,4909.43891615188,6464.53114297278,4497.83086707964,6876.13919204503
"2018-08-17 18:00:00",4536,4166.98794261606,3389.44182920561,4944.53405602651,2977.83378013336,5356.14210509875
"2018-08-17 19:00:00",3703,2881.99028882717,2104.44417541672,3659.53640223762,1692.83612634447,4071.14445130986
"2018-08-17 20:00:00",3279,2319.99217849592,1542.44606508547,3097.53829190636,1130.83801601322,3509.14634097861
"2018-08-17 21:00:00",3177,2157.99370045954,1380.44758704909,2935.53981386999,968.839537976848,3347.14786294224
"2018-08-17 22:00:00",2903,1772.99492626871,995.448812858265,2550.54103967916,583.84076378602,2962.14908875141
"2018-08-17 23:00:00",2126,1142.99591355126,365.449800140812,1920.54202696171,-46.1582489314339,2332.15007603395
"2018-08-18 00:00:00",1569,624.996708721381,-152.549404689068,1402.54282213183,-564.157453761314,1814.15087120408
"2018-08-18 01:00:00",806,440.997349161671,-336.548764248778,1218.54346257212,-748.156813321024,1630.15151164437
"2018-08-18 02:00:00",598,396.997864980556,-380.548248429893,1174.54397839101,-792.156297502139,1586.15202746325
"2018-08-18 03:00:00",448,308.998280427752,-468.547832982697,1086.5443938382,-880.155882054943,1498.15244291045
"2018-08-18 04:00:00",523,299.998615034291,-477.547498376158,1077.54472844474,-889.155547448403,1489.15277751699
"2018-08-18 05:00:00",940,539.998884530722,-237.547228879727,1317.54499794117,-649.155277951973,1729.15304701342
"2018-08-18 06:00:00",1648,985.999101586629,208.45298817618,1763.54521499708,-203.155060896065,2175.15326406932
"2018-08-18 07:00:00",2229,1310.99927640626,533.453162995813,2088.54538981671,121.845113923568,2500.15343888896
"2018-08-18 08:00:00",2987,1488.99941720825,711.453303797804,2266.5455306187,299.845254725559,2678.15357969095
"2018-08-18 09:00:00",3922,1754.999530612,977.453417201548,2532.54564402245,565.845368129302,2944.15369309469
"2018-08-18 10:00:00",5146,1977.99962194884,1200.45350853839,2755.54573535929,788.845459466142,3167.15378443153
"2018-08-18 11:00:00",4916,2152.99969551271,1375.45358210226,2930.54580892316,963.845533030013,3342.1538579954
"2018-08-18 12:00:00",4448,2146.999754762,1369.45364135155,2924.54586817245,957.845592279306,3336.1539172447
"2018-08-18 13:00:00",4438,1986.99980248215,1209.4536890717,2764.5459158926,797.845639999452,3176.15396496484
"2018-08-18 14:00:00",4710,1821.99984091657,1044.45372750612,2599.54595432702,632.845678433874,3011.15400339926
"2018-08-18 15:00:00",4893,1880.99987187215,1103.4537584617,2658.5459852826,691.845709389454,3070.15403435484
"2018-08-18 16:00:00",4897,1460.99989680417,683.453783393724,2238.54601021462,271.845734321478,2650.15405928687
"2018-08-18 17:00:00",4664,1477.99991688475,700.453803474298,2255.5460302952,288.845754402053,2667.15407936744
"2018-08-18 18:00:00",4157,1067.9999330579,290.453819647453,1845.54604646835,-121.154229424793,2257.1540955406
"2018-08-18 19:00:00",3619,880.999946083969,103.45383267352,1658.54605949442,-308.154216398726,2070.15410856666
"2018-08-18 20:00:00",3543,617.999956575332,-159.546156835117,1395.54606998578,-571.154205907363,1807.15411905803
"2018-08-18 21:00:00",3442,706.999965025211,-70.5461483852379,1484.54607843566,-482.154197457484,1896.15412750791
"2018-08-18 22:00:00",3128,593.999971830853,-183.546141579596,1371.5460852413,-595.154190651842,1783.15413431355
"2018-08-18 23:00:00",2044,525.999977312205,-251.546136098244,1303.54609072265,-663.15418517049,1715.1541397949
"2018-08-19 00:00:00",1346,352.999981726957,-424.546131683492,1130.54609513741,-836.154180755738,1542.15414420965
"2018-08-19 01:00:00",997,258.999985282655,-518.546128127794,1036.5460986931,-930.15417720004,1448.15414776535
"2018-08-19 02:00:00",726,197.99998814646,-579.546125263989,975.546101556909,-991.154174336235,1387.15415062915
"2018-08-19 03:00:00",386,150.999990453006,-626.546122957443,928.546103863455,-1038.15417202969,1340.1541529357
"2018-08-19 04:00:00",388,174.999992310727,-602.546121099721,952.546105721176,-1014.15417017197,1364.15415479342
"2018-08-19 05:00:00",552,300.999993806961,-476.546119603488,1078.54610721741,-888.154168675734,1490.15415628966
"2018-08-19 06:00:00",994,489.999995012046,-287.546118398403,1267.54610842249,-699.154167470649,1679.15415749474
"2018-08-19 07:00:00",1277,633.999995982637,-143.546117427812,1411.54610939309,-555.154166500057,1823.15415846533
"2018-08-19 08:00:00",1971,673.999996764364,-103.546116646085,1451.54611017481,-515.15416571833,1863.15415924706
"2018-08-19 09:00:00",2895,983.999997393977,206.453883983528,1761.54611080443,-205.154165088717,2173.15415987667
"2018-08-19 10:00:00",3766,1493.99999790108,716.453884490627,2271.54611131152,304.845835418381,2683.15416038377
"2018-08-19 11:00:00",4384,1793.9999983095,1016.45388489905,2571.54611171995,604.845835826804,2983.15416079219
"2018-08-19 12:00:00",4624,2036.99999863845,1259.453885228,2814.5461120489,847.845836155754,3226.15416112114
"2018-08-19 13:00:00",4596,2204.99999890339,1427.45388549294,2982.54611231384,1015.84583642069,3394.15416138608
"2018-08-19 14:00:00",4742,2405.99999911678,1628.45388570633,3183.54611252722,1216.84583663408,3595.15416159947
"2018-08-19 15:00:00",4779,2170.99999928864,1393.45388587819,2948.54611269909,981.845836805945,3360.15416177133
"2018-08-19 16:00:00",4989,2108.99999942706,1331.45388601661,2886.54611283751,919.845836944367,3298.15416190976
"2018-08-19 17:00:00",4870,1848.99999953855,1071.4538861281,2626.546112949,659.845837055853,3038.15416202124
"2018-08-19 18:00:00",4287,1658.99999962834,881.453886217891,2436.54611303879,469.845837145646,2848.15416211103
"2018-08-19 19:00:00",3792,1416.99999970066,639.453886290212,2194.54611311111,227.845837217966,2606.15416218335
"2018-08-19 20:00:00",3213,1641.99999975891,864.453886348459,2419.54611316936,452.845837276213,2831.1541622416
"2018-08-19 21:00:00",2682,2808.99999980582,2031.45388639537,3586.54611321627,1619.84583732313,3998.15416228852
"2018-08-19 22:00:00",1973,1202.99999984361,425.453886433157,1980.54611325405,13.8458373609114,2392.1541623263
"2018-08-19 23:00:00",2369,705.999999874038,-71.5461135364106,1483.54611328449,-483.154162608656,1895.15416235673
"2018-08-20 00:00:00",922,406.999999898549,-370.5461135119,1184.546113309,-782.154162584146,1596.15416238124
"2018-08-20 01:00:00",473,271.99999991829,-505.546113492159,1049.54611332874,-917.154162564405,1461.15416240098
"2018-08-20 02:00:00",346,246.99999993419,-530.546113476259,1024.54611334464,-942.154162548505,1436.15416241688
"2018-08-20 03:00:00",369,356.999999946996,-420.546113463453,1134.54611335744,-832.154162535699,1546.15416242969
"2018-08-20 04:00:00",941,778.999999957309,1.45388654686053,1556.54611336776,-410.154162525385,1968.15416244
"2018-08-20 05:00:00",3005,2237.99999996562,1460.45388655517,3015.54611337607,1048.84583748292,3427.15416244831
"2018-08-20 06:00:00",5352,4363.99999997231,3586.45388656186,5141.54611338276,3174.84583748961,5553.154162455
"2018-08-20 07:00:00",6077,4962.9999999777,4185.45388656725,5740.54611338814,3773.845837495,6152.15416246039
"2018-08-20 08:00:00",5349,4462.99999998204,3685.45388657159,5240.54611339248,3273.84583749934,5652.15416246473
"2018-08-20 09:00:00",4777,4044.99999998553,3267.45388657508,4822.54611339598,2855.84583750284,5234.15416246823
"2018-08-20 10:00:00",4375,3625.99999998835,2848.4538865779,4403.5461133988,2436.84583750565,4815.15416247104
"2018-08-20 11:00:00",4532,3859.99999999061,3082.45388658017,4637.54611340106,2670.84583750792,5049.15416247331
"2018-08-20 12:00:00",4842,4148.99999999244,3371.45388658199,4926.54611340289,2959.84583750975,5338.15416247514
"2018-08-20 13:00:00",4690,4109.99999999391,3332.45388658346,4887.54611340436,2920.84583751122,5299.15416247661
"2018-08-20 14:00:00",5001,4386.9999999951,3609.45388658465,5164.54611340554,3197.8458375124,5576.15416247779
"2018-08-20 15:00:00",5388,4941.99999999605,4164.4538865856,5719.5461134065,3752.84583751336,6131.15416247875
"2018-08-20 16:00:00",6423,5787.99999999682,5010.45388658637,6565.54611340727,4598.84583751413,6977.15416247951
"2018-08-20 17:00:00",5848,5566.99999999744,4789.45388658699,6344.54611340789,4377.84583751474,6756.15416248013
"2018-08-20 18:00:00",4285,4060.99999999794,3283.45388658749,4838.54611340839,2871.84583751524,5250.15416248063
"2018-08-20 19:00:00",3231,2978.99999999834,2201.45388658789,3756.54611340879,1789.84583751564,4168.15416248103
"2018-08-20 20:00:00",2726,2555.99999999866,1778.45388658821,3333.54611340911,1366.84583751597,3745.15416248136
"2018-08-20 21:00:00",2240,2099.99999999892,1322.45388658847,2877.54611340937,910.845837516227,3289.15416248162
"2018-08-20 22:00:00",1617,1488.99999999913,711.453886588683,2266.54611340958,299.845837516437,2678.15416248183
"2018-08-20 23:00:00",1005,977.999999999301,200.453886588852,1755.54611340975,-211.154162483394,2167.154162482
"2018-08-21 00:00:00",659,523.999999999437,-253.546113411012,1301.54611340989,-665.154162483258,1713.15416248213
"2018-08-21 01:00:00",416,335.999999999546,-441.546113410903,1113.54611341,-853.154162483148,1525.15416248224
"2018-08-21 02:00:00",316,270.999999999635,-506.546113410814,1048.54611341008,-918.15416248306,1460.15416248233
"2018-08-21 03:00:00",336,346.999999999706,-430.546113410743,1124.54611341015,-842.154162482989,1536.1541624824
"2018-08-21 04:00:00",996,897.999999999763,120.453886589314,1675.54611341021,-291.154162482932,2087.15416248246
"2018-08-21 05:00:00",3136,2847.99999999981,2070.45388658936,3625.54611341026,1658.84583751711,4037.1541624825
"2018-08-21 06:00:00",5701,5515.99999999985,4738.4538865894,6293.5461134103,4326.84583751715,6705.15416248254
"2018-08-21 07:00:00",6837,6207.99999999988,5430.45388658943,6985.54611341033,5018.84583751718,7397.15416248257
"2018-08-21 08:00:00",6123,5891.9999999999,5114.45388658945,6669.54611341035,4702.8458375172,7081.15416248259
"2018-08-21 09:00:00",5053,5676.99999999992,4899.45388658947,6454.54611341037,4487.84583751722,6866.15416248261
"2018-08-21 10:00:00",4540,4455.99999999994,3678.45388658949,5233.54611341038,3266.84583751724,5645.15416248263
"2018-08-21 11:00:00",4652,4714.99999999995,3937.4538865895,5492.5461134104,3525.84583751725,5904.15416248264
"2018-08-21 12:00:00",4794,4961.99999999996,4184.45388658951,5739.54611341041,3772.84583751726,6151.15416248265
"2018-08-21 13:00:00",4762,4912.99999999997,4135.45388658952,5690.54611341042,3723.84583751727,6102.15416248266
"2018-08-21 14:00:00",4994,5219.99999999997,4442.45388658952,5997.54611341042,4030.84583751728,6409.15416248267
"2018-08-21 15:00:00",5660,5843.99999999998,5066.45388658953,6621.54611341043,4654.84583751728,7033.15416248267
"2018-08-21 16:00:00",6229,6656.99999999998,5879.45388658953,7434.54611341043,5467.84583751729,7846.15416248268
"2018-08-21 17:00:00",5875,6276.99999999999,5499.45388658954,7054.54611341043,5087.84583751729,7466.15416248268
"2018-08-21 18:00:00",4435,4826.99999999999,4049.45388658954,5604.54611341044,3637.84583751729,6016.15416248268
"2018-08-21 19:00:00",3410,3480.99999999999,2703.45388658954,4258.54611341044,2291.8458375173,4670.15416248269
"2018-08-21 20:00:00",3003,2876.99999999999,2099.45388658954,3654.54611341044,1687.8458375173,4066.15416248269
"2018-08-21 21:00:00",2504,3417.99999999999,2640.45388658955,4195.54611341044,2228.8458375173,4607.15416248269
"2018-08-21 22:00:00",1747,3293.99999999999,2516.45388658955,4071.54611341044,2104.8458375173,4483.15416248269
"2018-08-21 23:00:00",1117,1297,519.453886589547,2074.54611341045,107.845837517302,2486.15416248269
"2018-08-22 00:00:00",635,825.999999999997,48.4538865895479,1603.54611341045,-363.154162482698,2015.15416248269
"2018-08-22 01:00:00",425,593.999999999997,-183.546113410451,1371.54611341045,-595.154162482697,1783.15416248269
"2018-08-22 02:00:00",279,430.999999999998,-346.546113410451,1208.54611341045,-758.154162482697,1620.15416248269
"2018-08-22 03:00:00",393,520.999999999998,-256.546113410451,1298.54611341045,-668.154162482696,1710.15416248269
"2018-08-22 04:00:00",994,974.999999999999,197.45388658955,1752.54611341045,-214.154162482696,2164.15416248269
"2018-08-22 05:00:00",3163,2986,2208.45388658955,3763.54611341045,1796.8458375173,4175.15416248269
"2018-08-22 06:00:00",5766,5943,5165.45388658955,6720.54611341045,4753.8458375173,7132.15416248269
"2018-08-22 07:00:00",6589,6871,6093.45388658955,7648.54611341045,5681.8458375173,8060.15416248269
"2018-08-22 08:00:00",6056,6614,5836.45388658955,7391.54611341045,5424.8458375173,7803.15416248269
"2018-08-22 09:00:00",5116,5378,4600.45388658955,6155.54611341045,4188.8458375173,6567.1541624827
"2018-08-22 10:00:00",4583,4751,3973.45388658955,5528.54611341045,3561.84583751731,5940.1541624827
"2018-08-22 11:00:00",4734,4824,4046.45388658955,5601.54611341045,3634.84583751731,6013.1541624827
"2018-08-22 12:00:00",5043,5013,4235.45388658955,5790.54611341045,3823.84583751731,6202.1541624827
"2018-08-22 13:00:00",4938,5017,4239.45388658955,5794.54611341045,3827.84583751731,6206.1541624827
"2018-08-22 14:00:00",5216,5437,4659.45388658955,6214.54611341045,4247.8458375173,6626.1541624827
"2018-08-22 15:00:00",5707,5835,5057.45388658955,6612.54611341045,4645.8458375173,7024.1541624827
"2018-08-22 16:00:00",6470,7022,6244.45388658955,7799.54611341045,5832.8458375173,8211.1541624827
"2018-08-22 17:00:00",5819,6459,5681.45388658955,7236.54611341045,5269.8458375173,7648.1541624827
"2018-08-22 18:00:00",4446,4663,3885.45388658955,5440.54611341045,3473.84583751731,5852.1541624827
"2018-08-22 19:00:00",3444,3393,2615.45388658955,4170.54611341045,2203.84583751731,4582.1541624827
"2018-08-22 20:00:00",3154,3034,2256.45388658955,3811.54611341045,1844.84583751731,4223.1541624827
"2018-08-22 21:00:00",2627,2604,1826.45388658955,3381.54611341045,1414.84583751731,3793.15416248269
"2018-08-22 22:00:00",1928,1726,948.453886589551,2503.54611341045,536.845837517305,2915.15416248269
"2018-08-22 23:00:00",1169,1085,307.453886589551,1862.54611341045,-104.154162482695,2274.15416248269
"2018-08-23 00:00:00",596,561,-216.546113410449,1338.54611341045,-628.154162482695,1750.15416248269
"2018-08-23 01:00:00",402,351,-426.546113410449,1128.54611341045,-838.154162482695,1540.15416248269
"2018-08-23 02:00:00",392,275,-502.546113410449,1052.54611341045,-914.154162482695,1464.15416248269
"2018-08-23 03:00:00",381,361,-416.546113410449,1138.54611341045,-828.154162482695,1550.15416248269
"2018-08-23 04:00:00",976,909,131.453886589551,1686.54611341045,-280.154162482695,2098.15416248269
"2018-08-23 05:00:00",3163,2885,2107.45388658955,3662.54611341045,1695.84583751731,4074.15416248269
"2018-08-23 06:00:00",5860,5715,4937.45388658955,6492.54611341045,4525.8458375173,6904.1541624827
"2018-08-23 07:00:00",6815,6461,5683.45388658955,7238.54611341045,5271.8458375173,7650.1541624827
"2018-08-23 08:00:00",6162,6046,5268.45388658955,6823.54611341045,4856.8458375173,7235.1541624827
"2018-08-23 09:00:00",5583,5842,5064.45388658955,6619.54611341045,4652.8458375173,7031.1541624827
"2018-08-23 10:00:00",4837,4882,4104.45388658955,5659.54611341045,3692.84583751731,6071.1541624827
"2018-08-23 11:00:00",5015,5035,4257.45388658955,5812.54611341045,3845.84583751731,6224.1541624827
"2018-08-23 12:00:00",5136,5027,4249.45388658955,5804.54611341045,3837.84583751731,6216.1541624827
"2018-08-23 13:00:00",5051,5326.18604282048,4548.63992941003,6103.73215623093,4137.03188033778,6515.34020530317
"2018-08-23 14:00:00",5312,5568.83901632232,4791.29290291187,6346.38512973276,4379.68485383962,6757.99317880501
"2018-08-23 15:00:00",5848,6247.84327705668,5470.29716364623,7025.38939046713,5058.68911457398,7436.99743953937
"2018-08-23 16:00:00",6586,7209.65212162901,6432.10600821856,7987.19823503946,6020.49795914632,8398.80628411171
"2018-08-23 17:00:00",5780,6808.30357549932,6030.75746208887,7585.84968890977,5619.14941301662,7997.45773798201
"2018-08-23 18:00:00",4750,5061.82826486443,4284.28215145398,5839.37437827488,3872.67410238174,6250.98242734713
"2018-08-23 19:00:00",3519,3695.25085645904,2917.70474304859,4472.79696986949,2506.09669397634,4884.40501894173
"2018-08-23 20:00:00",2996,3080.59121718999,2303.04510377954,3858.13733060044,1891.43705470729,4269.74537967268
"2018-08-23 21:00:00",2717,2760.86534812077,1983.31923471033,3538.41146153122,1571.71118563808,3950.01951060347
"2018-08-23 22:00:00",2107,2052.0861367147,1274.54002330425,2829.63225012515,862.931974232007,3241.2402991974
"2018-08-23 23:00:00",1904,1167.26396270124,389.717849290793,1944.81007611169,-21.890199781453,2356.41812518394
"2018-08-24 00:00:00",790,632.407186048637,-145.138927361812,1409.95329945909,-556.746976434058,1821.56134853133
"2018-08-24 01:00:00",505,386.522539983335,-391.023573427114,1164.06865339378,-802.631622499359,1575.67670246603
"2018-08-24 02:00:00",387,305.615447532925,-471.930665877524,1083.16156094337,-883.53871494977,1494.76961001562
"2018-08-24 03:00:00",424,355.690276473899,-421.85583693655,1133.23638988435,-833.463886008796,1544.84443895659
"2018-08-24 04:00:00",916,845.750544669886,68.2044312594369,1623.29665808033,-343.403617812809,2034.90470715258
"2018-08-24 05:00:00",2950,2720.79908545371,1943.25297204326,3498.34519886416,1531.64492297101,3909.9532479364
"2018-08-24 06:00:00",5259,5425.83818082823,4648.29206741779,6203.38429423868,4236.68401834554,6614.99234331093
"2018-08-24 07:00:00",6243,6584.86966874806,5807.32355533761,7362.41578215851,5395.71550626537,7774.02383123076
"2018-08-24 08:00:00",5687,5893.89502952557,5116.34891611512,6671.44114293602,4704.74086704288,7083.04919200827
"2018-08-24 09:00:00",4971,5226.91545542349,4449.36934201304,6004.46156883393,4037.76129294079,6416.06961790618
"2018-08-24 10:00:00",4539,4852.9319067056,4075.38579329516,5630.47802011605,3663.77774422291,6042.0860691883
"2018-08-24 11:00:00",4391,5232.9451567808,4455.39904337036,6010.49127019125,4043.79099429811,6422.0993192635
"2018-08-24 12:00:00",4971,5301.95582856259,4524.40971515214,6079.50194197304,4112.80166607989,6491.10999104528
"2018-08-24 13:00:00",5149,5173.96442375353,4396.41831034308,5951.51053716398,3984.81026127084,6363.11858623623
"2018-08-24 14:00:00",5499,5329.97134643138,4552.42523302094,6107.51745984183,4140.81718394869,6519.12550891408
"2018-08-24 15:00:00",5879,5952.97692204558,5175.43080863513,6730.52303545603,4763.82275956289,7142.13108452828
"2018-08-24 16:00:00",6088,6685.9814127173,5908.43529930685,7463.52752612775,5496.82725023461,7875.1355752
"2018-08-24 17:00:00",5750,5686.98502956233,4909.43891615188,6464.53114297278,4497.83086707964,6876.13919204503
"2018-08-24 18:00:00",4755,4166.98794261606,3389.44182920561,4944.53405602651,2977.83378013336,5356.14210509875
"2018-08-24 19:00:00",3467,2881.99028882717,2104.44417541672,3659.53640223762,1692.83612634447,4071.14445130986
"2018-08-24 20:00:00",3076,2319.99217849592,1542.44606508547,3097.53829190636,1130.83801601322,3509.14634097861
"2018-08-24 21:00:00",3164,2157.99370045954,1380.44758704909,2935.53981386999,968.839537976848,3347.14786294224
"2018-08-24 22:00:00",2435,1772.99492626871,995.448812858265,2550.54103967916,583.84076378602,2962.14908875141
"2018-08-24 23:00:00",1860,1142.99591355126,365.449800140812,1920.54202696171,-46.1582489314339,2332.15007603395
"2018-08-25 00:00:00",1089,624.996708721381,-152.549404689068,1402.54282213183,-564.157453761314,1814.15087120408
"2018-08-25 01:00:00",725,440.997349161671,-336.548764248778,1218.54346257212,-748.156813321024,1630.15151164437
"2018-08-25 02:00:00",495,396.997864980556,-380.548248429893,1174.54397839101,-792.156297502139,1586.15202746325
"2018-08-25 03:00:00",366,308.998280427752,-468.547832982697,1086.5443938382,-880.155882054943,1498.15244291045
"2018-08-25 04:00:00",500,299.998615034291,-477.547498376158,1077.54472844474,-889.155547448403,1489.15277751699
"2018-08-25 05:00:00",875,539.998884530722,-237.547228879727,1317.54499794117,-649.155277951973,1729.15304701342
"2018-08-25 06:00:00",1837,985.999101586629,208.45298817618,1763.54521499708,-203.155060896065,2175.15326406932
"2018-08-25 07:00:00",2672,1310.99927640626,533.453162995813,2088.54538981671,121.845113923568,2500.15343888896
"2018-08-25 08:00:00",3503,1488.99941720825,711.453303797804,2266.5455306187,299.845254725559,2678.15357969095
"2018-08-25 09:00:00",4100,1754.999530612,977.453417201548,2532.54564402245,565.845368129302,2944.15369309469
"2018-08-25 10:00:00",4509,1977.99962194884,1200.45350853839,2755.54573535929,788.845459466142,3167.15378443153
"2018-08-25 11:00:00",4647,2152.99969551271,1375.45358210226,2930.54580892316,963.845533030013,3342.1538579954
"2018-08-25 12:00:00",4846,2146.999754762,1369.45364135155,2924.54586817245,957.845592279306,3336.1539172447
"2018-08-25 13:00:00",4585,1986.99980248215,1209.4536890717,2764.5459158926,797.845639999452,3176.15396496484
"2018-08-25 14:00:00",4696,1821.99984091657,1044.45372750612,2599.54595432702,632.845678433874,3011.15400339926
"2018-08-25 15:00:00",5015,1880.99987187215,1103.4537584617,2658.5459852826,691.845709389454,3070.15403435484
"2018-08-25 16:00:00",4677,1460.99989680417,683.453783393724,2238.54601021462,271.845734321478,2650.15405928687
"2018-08-25 17:00:00",4541,1477.99991688475,700.453803474298,2255.5460302952,288.845754402053,2667.15407936744
"2018-08-25 18:00:00",3914,1067.9999330579,290.453819647453,1845.54604646835,-121.154229424793,2257.1540955406
"2018-08-25 19:00:00",3371,880.999946083969,103.45383267352,1658.54605949442,-308.154216398726,2070.15410856666
"2018-08-25 20:00:00",3071,617.999956575332,-159.546156835117,1395.54606998578,-571.154205907363,1807.15411905803
"2018-08-25 21:00:00",3156,706.999965025211,-70.5461483852379,1484.54607843566,-482.154197457484,1896.15412750791
"2018-08-25 22:00:00",2713,593.999971830853,-183.546141579596,1371.5460852413,-595.154190651842,1783.15413431355
"2018-08-25 23:00:00",2134,525.999977312205,-251.546136098244,1303.54609072265,-663.15418517049,1715.1541397949
"2018-08-26 00:00:00",1375,352.999981726957,-424.546131683492,1130.54609513741,-836.154180755738,1542.15414420965
"2018-08-26 01:00:00",855,258.999985282655,-518.546128127794,1036.5460986931,-930.15417720004,1448.15414776535
"2018-08-26 02:00:00",614,197.99998814646,-579.546125263989,975.546101556909,-991.154174336235,1387.15415062915
"2018-08-26 03:00:00",382,150.999990453006,-626.546122957443,928.546103863455,-1038.15417202969,1340.1541529357
"2018-08-26 04:00:00",325,174.999992310727,-602.546121099721,952.546105721176,-1014.15417017197,1364.15415479342
"2018-08-26 05:00:00",551,300.999993806961,-476.546119603488,1078.54610721741,-888.154168675734,1490.15415628966
"2018-08-26 06:00:00",1106,489.999995012046,-287.546118398403,1267.54610842249,-699.154167470649,1679.15415749474
"2018-08-26 07:00:00",1657,633.999995982637,-143.546117427812,1411.54610939309,-555.154166500057,1823.15415846533
"2018-08-26 08:00:00",2467,673.999996764364,-103.546116646085,1451.54611017481,-515.15416571833,1863.15415924706
"2018-08-26 09:00:00",3408,983.999997393977,206.453883983528,1761.54611080443,-205.154165088717,2173.15415987667
"2018-08-26 10:00:00",4017,1493.99999790108,716.453884490627,2271.54611131152,304.845835418381,2683.15416038377
"2018-08-26 11:00:00",4394,1793.9999983095,1016.45388489905,2571.54611171995,604.845835826804,2983.15416079219
"2018-08-26 12:00:00",4638,2036.99999863845,1259.453885228,2814.5461120489,847.845836155754,3226.15416112114
"2018-08-26 13:00:00",4494,2204.99999890339,1427.45388549294,2982.54611231384,1015.84583642069,3394.15416138608
"2018-08-26 14:00:00",4565,2405.99999911678,1628.45388570633,3183.54611252722,1216.84583663408,3595.15416159947
"2018-08-26 15:00:00",4289,2170.99999928864,1393.45388587819,2948.54611269909,981.845836805945,3360.15416177133
"2018-08-26 16:00:00",4259,2108.99999942706,1331.45388601661,2886.54611283751,919.845836944367,3298.15416190976
"2018-08-26 17:00:00",3998,1848.99999953855,1071.4538861281,2626.546112949,659.845837055853,3038.15416202124
"2018-08-26 18:00:00",3688,1658.99999962834,881.453886217891,2436.54611303879,469.845837145646,2848.15416211103
"2018-08-26 19:00:00",3165,1416.99999970066,639.453886290212,2194.54611311111,227.845837217966,2606.15416218335
"2018-08-26 20:00:00",2840,1641.99999975891,864.453886348459,2419.54611316936,452.845837276213,2831.1541622416
"2018-08-26 21:00:00",2330,2808.99999980582,2031.45388639537,3586.54611321627,1619.84583732313,3998.15416228852
"2018-08-26 22:00:00",1913,1202.99999984361,425.453886433157,1980.54611325405,13.8458373609114,2392.1541623263
"2018-08-26 23:00:00",1208,705.999999874038,-71.5461135364106,1483.54611328449,-483.154162608656,1895.15416235673
"2018-08-27 00:00:00",666,406.999999898549,-370.5461135119,1184.546113309,-782.154162584146,1596.15416238124
"2018-08-27 01:00:00",337,271.99999991829,-505.546113492159,1049.54611332874,-917.154162564405,1461.15416240098
"2018-08-27 02:00:00",292,246.99999993419,-530.546113476259,1024.54611334464,-942.154162548505,1436.15416241688
"2018-08-27 03:00:00",358,356.999999946996,-420.546113463453,1134.54611335744,-832.154162535699,1546.15416242969
"2018-08-27 04:00:00",933,778.999999957309,1.45388654686053,1556.54611336776,-410.154162525385,1968.15416244
"2018-08-27 05:00:00",3129,2237.99999996562,1460.45388655517,3015.54611337607,1048.84583748292,3427.15416244831
"2018-08-27 06:00:00",5575,4363.99999997231,3586.45388656186,5141.54611338276,3174.84583748961,5553.154162455
"2018-08-27 07:00:00",6493,4962.9999999777,4185.45388656725,5740.54611338814,3773.845837495,6152.15416246039
"2018-08-27 08:00:00",6125,4462.99999998204,3685.45388657159,5240.54611339248,3273.84583749934,5652.15416246473
"2018-08-27 09:00:00",5094,4044.99999998553,3267.45388657508,4822.54611339598,2855.84583750284,5234.15416246823
"2018-08-27 10:00:00",4672,3625.99999998835,2848.4538865779,4403.5461133988,2436.84583750565,4815.15416247104
"2018-08-27 11:00:00",4775,3859.99999999061,3082.45388658017,4637.54611340106,2670.84583750792,5049.15416247331
"2018-08-27 12:00:00",4880,4148.99999999244,3371.45388658199,4926.54611340289,2959.84583750975,5338.15416247514
"2018-08-27 13:00:00",4890,4109.99999999391,3332.45388658346,4887.54611340436,2920.84583751122,5299.15416247661
"2018-08-27 14:00:00",5048,4386.9999999951,3609.45388658465,5164.54611340554,3197.8458375124,5576.15416247779
"2018-08-27 15:00:00",5661,4941.99999999605,4164.4538865856,5719.5461134065,3752.84583751336,6131.15416247875
"2018-08-27 16:00:00",6535,5787.99999999682,5010.45388658637,6565.54611340727,4598.84583751413,6977.15416247951
"2018-08-27 17:00:00",5298,5566.99999999744,4789.45388658699,6344.54611340789,4377.84583751474,6756.15416248013
"2018-08-27 18:00:00",3629,4060.99999999794,3283.45388658749,4838.54611340839,2871.84583751524,5250.15416248063
"2018-08-27 19:00:00",2922,2978.99999999834,2201.45388658789,3756.54611340879,1789.84583751564,4168.15416248103
"2018-08-27 20:00:00",2536,2555.99999999866,1778.45388658821,3333.54611340911,1366.84583751597,3745.15416248136
"2018-08-27 21:00:00",2139,2099.99999999892,1322.45388658847,2877.54611340937,910.845837516227,3289.15416248162
"2018-08-27 22:00:00",1503,1488.99999999913,711.453886588683,2266.54611340958,299.845837516437,2678.15416248183
"2018-08-27 23:00:00",1014,977.999999999301,200.453886588852,1755.54611340975,-211.154162483394,2167.154162482
"2018-08-28 00:00:00",576,523.999999999437,-253.546113411012,1301.54611340989,-665.154162483258,1713.15416248213
"2018-08-28 01:00:00",364,335.999999999546,-441.546113410903,1113.54611341,-853.154162483148,1525.15416248224
"2018-08-28 02:00:00",234,270.999999999635,-506.546113410814,1048.54611341008,-918.15416248306,1460.15416248233
"2018-08-28 03:00:00",367,346.999999999706,-430.546113410743,1124.54611341015,-842.154162482989,1536.1541624824
"2018-08-28 04:00:00",986,897.999999999763,120.453886589314,1675.54611341021,-291.154162482932,2087.15416248246
"2018-08-28 05:00:00",3161,2847.99999999981,2070.45388658936,3625.54611341026,1658.84583751711,4037.1541624825
"2018-08-28 06:00:00",5611,5515.99999999985,4738.4538865894,6293.5461134103,4326.84583751715,6705.15416248254
"2018-08-28 07:00:00",6147,6207.99999999988,5430.45388658943,6985.54611341033,5018.84583751718,7397.15416248257
"2018-08-28 08:00:00",5692,5891.9999999999,5114.45388658945,6669.54611341035,4702.8458375172,7081.15416248259
"2018-08-28 09:00:00",5153,5676.99999999992,4899.45388658947,6454.54611341037,4487.84583751722,6866.15416248261
"2018-08-28 10:00:00",4624,4455.99999999994,3678.45388658949,5233.54611341038,3266.84583751724,5645.15416248263
"2018-08-28 11:00:00",4678,4714.99999999995,3937.4538865895,5492.5461134104,3525.84583751725,5904.15416248264
"2018-08-28 12:00:00",4954,4961.99999999996,4184.45388658951,5739.54611341041,3772.84583751726,6151.15416248265
"2018-08-28 13:00:00",5032,4912.99999999997,4135.45388658952,5690.54611341042,3723.84583751727,6102.15416248266
"2018-08-28 14:00:00",5273,5219.99999999997,4442.45388658952,5997.54611341042,4030.84583751728,6409.15416248267
"2018-08-28 15:00:00",5865,5843.99999999998,5066.45388658953,6621.54611341043,4654.84583751728,7033.15416248267
"2018-08-28 16:00:00",6657,6656.99999999998,5879.45388658953,7434.54611341043,5467.84583751729,7846.15416248268
"2018-08-28 17:00:00",5716,6276.99999999999,5499.45388658954,7054.54611341043,5087.84583751729,7466.15416248268
"2018-08-28 18:00:00",4363,4826.99999999999,4049.45388658954,5604.54611341044,3637.84583751729,6016.15416248268
"2018-08-28 19:00:00",3406,3480.99999999999,2703.45388658954,4258.54611341044,2291.8458375173,4670.15416248269
"2018-08-28 20:00:00",2896,2876.99999999999,2099.45388658954,3654.54611341044,1687.8458375173,4066.15416248269
"2018-08-28 21:00:00",2576,3417.99999999999,2640.45388658955,4195.54611341044,2228.8458375173,4607.15416248269
"2018-08-28 22:00:00",1733,3293.99999999999,2516.45388658955,4071.54611341044,2104.8458375173,4483.15416248269
"2018-08-28 23:00:00",1153,1297,519.453886589547,2074.54611341045,107.845837517302,2486.15416248269
"2018-08-29 00:00:00",623,825.999999999997,48.4538865895479,1603.54611341045,-363.154162482698,2015.15416248269
"2018-08-29 01:00:00",335,593.999999999997,-183.546113410451,1371.54611341045,-595.154162482697,1783.15416248269
"2018-08-29 02:00:00",299,430.999999999998,-346.546113410451,1208.54611341045,-758.154162482697,1620.15416248269
"2018-08-29 03:00:00",372,520.999999999998,-256.546113410451,1298.54611341045,-668.154162482696,1710.15416248269
"2018-08-29 04:00:00",981,974.999999999999,197.45388658955,1752.54611341045,-214.154162482696,2164.15416248269
"2018-08-29 05:00:00",3103,2986,2208.45388658955,3763.54611341045,1796.8458375173,4175.15416248269
"2018-08-29 06:00:00",5902,5943,5165.45388658955,6720.54611341045,4753.8458375173,7132.15416248269
"2018-08-29 07:00:00",6775,6871,6093.45388658955,7648.54611341045,5681.8458375173,8060.15416248269
"2018-08-29 08:00:00",6164,6614,5836.45388658955,7391.54611341045,5424.8458375173,7803.15416248269
"2018-08-29 09:00:00",5421,5378,4600.45388658955,6155.54611341045,4188.8458375173,6567.1541624827
"2018-08-29 10:00:00",4871,4751,3973.45388658955,5528.54611341045,3561.84583751731,5940.1541624827
"2018-08-29 11:00:00",4969,4824,4046.45388658955,5601.54611341045,3634.84583751731,6013.1541624827
"2018-08-29 12:00:00",5134,5013,4235.45388658955,5790.54611341045,3823.84583751731,6202.1541624827
"2018-08-29 13:00:00",4999,5017,4239.45388658955,5794.54611341045,3827.84583751731,6206.1541624827
"2018-08-29 14:00:00",5349,5437,4659.45388658955,6214.54611341045,4247.8458375173,6626.1541624827
"2018-08-29 15:00:00",5814,5835,5057.45388658955,6612.54611341045,4645.8458375173,7024.1541624827
"2018-08-29 16:00:00",6578,7022,6244.45388658955,7799.54611341045,5832.8458375173,8211.1541624827
"2018-08-29 17:00:00",5860,6459,5681.45388658955,7236.54611341045,5269.8458375173,7648.1541624827
"2018-08-29 18:00:00",4554,4663,3885.45388658955,5440.54611341045,3473.84583751731,5852.1541624827
"2018-08-29 19:00:00",3487,3393,2615.45388658955,4170.54611341045,2203.84583751731,4582.1541624827
"2018-08-29 20:00:00",3205,3034,2256.45388658955,3811.54611341045,1844.84583751731,4223.1541624827
"2018-08-29 21:00:00",2800,2604,1826.45388658955,3381.54611341045,1414.84583751731,3793.15416248269
"2018-08-29 22:00:00",2106,1726,948.453886589551,2503.54611341045,536.845837517305,2915.15416248269
"2018-08-29 23:00:00",1272,1085,307.453886589551,1862.54611341045,-104.154162482695,2274.15416248269
"2018-08-30 00:00:00",670,561,-216.546113410449,1338.54611341045,-628.154162482695,1750.15416248269
"2018-08-30 01:00:00",456,351,-426.546113410449,1128.54611341045,-838.154162482695,1540.15416248269
"2018-08-30 02:00:00",326,275,-502.546113410449,1052.54611341045,-914.154162482695,1464.15416248269
"2018-08-30 03:00:00",388,361,-416.546113410449,1138.54611341045,-828.154162482695,1550.15416248269
"2018-08-30 04:00:00",1008,909,131.453886589551,1686.54611341045,-280.154162482695,2098.15416248269
"2018-08-30 05:00:00",3070,2885,2107.45388658955,3662.54611341045,1695.84583751731,4074.15416248269
"2018-08-30 06:00:00",5886,5715,4937.45388658955,6492.54611341045,4525.8458375173,6904.1541624827
"2018-08-30 07:00:00",6466,6461,5683.45388658955,7238.54611341045,5271.8458375173,7650.1541624827
"2018-08-30 08:00:00",5995,6046,5268.45388658955,6823.54611341045,4856.8458375173,7235.1541624827
"2018-08-30 09:00:00",5467,5842,5064.45388658955,6619.54611341045,4652.8458375173,7031.1541624827
"2018-08-30 10:00:00",4911,4882,4104.45388658955,5659.54611341045,3692.84583751731,6071.1541624827
"2018-08-30 11:00:00",5095,5035,4257.45388658955,5812.54611341045,3845.84583751731,6224.1541624827
"2018-08-30 12:00:00",5308,5027,4249.45388658955,5804.54611341045,3837.84583751731,6216.1541624827
"2018-08-30 13:00:00",5213,5326.18604282048,4548.63992941003,6103.73215623093,4137.03188033778,6515.34020530317
"2018-08-30 14:00:00",5680,5568.83901632232,4791.29290291187,6346.38512973276,4379.68485383962,6757.99317880501
"2018-08-30 15:00:00",6238,6247.84327705668,5470.29716364623,7025.38939046713,5058.68911457398,7436.99743953937
"2018-08-30 16:00:00",6453,7209.65212162901,6432.10600821856,7987.19823503946,6020.49795914632,8398.80628411171
"2018-08-30 17:00:00",5775,6808.30357549932,6030.75746208887,7585.84968890977,5619.14941301662,7997.45773798201
"2018-08-30 18:00:00",4531,5061.82826486443,4284.28215145398,5839.37437827488,3872.67410238174,6250.98242734713
"2018-08-30 19:00:00",3884,3695.25085645904,2917.70474304859,4472.79696986949,2506.09669397634,4884.40501894173
"2018-08-30 20:00:00",3332,3080.59121718999,2303.04510377954,3858.13733060044,1891.43705470729,4269.74537967268
"2018-08-30 21:00:00",3049,2760.86534812077,1983.31923471033,3538.41146153122,1571.71118563808,3950.01951060347
"2018-08-30 22:00:00",2221,2052.0861367147,1274.54002330425,2829.63225012515,862.931974232007,3241.2402991974
"2018-08-30 23:00:00",1396,1167.26396270124,389.717849290793,1944.81007611169,-21.890199781453,2356.41812518394
"2018-08-31 00:00:00",764,632.407186048637,-145.138927361812,1409.95329945909,-556.746976434058,1821.56134853133
"2018-08-31 01:00:00",456,386.522539983335,-391.023573427114,1164.06865339378,-802.631622499359,1575.67670246603
"2018-08-31 02:00:00",358,305.615447532925,-471.930665877524,1083.16156094337,-883.53871494977,1494.76961001562
"2018-08-31 03:00:00",378,355.690276473899,-421.85583693655,1133.23638988435,-833.463886008796,1544.84443895659
"2018-08-31 04:00:00",851,845.750544669886,68.2044312594369,1623.29665808033,-343.403617812809,2034.90470715258
"2018-08-31 05:00:00",2754,2720.79908545371,1943.25297204326,3498.34519886416,1531.64492297101,3909.9532479364
"2018-08-31 06:00:00",5200,5425.83818082823,4648.29206741779,6203.38429423868,4236.68401834554,6614.99234331093
"2018-08-31 07:00:00",6270,6584.86966874806,5807.32355533761,7362.41578215851,5395.71550626537,7774.02383123076
"2018-08-31 08:00:00",5687,5893.89502952557,5116.34891611512,6671.44114293602,4704.74086704288,7083.04919200827
"2018-08-31 09:00:00",5328,5226.91545542349,4449.36934201304,6004.46156883393,4037.76129294079,6416.06961790618
"2018-08-31 10:00:00",5102,4852.9319067056,4075.38579329516,5630.47802011605,3663.77774422291,6042.0860691883
"2018-08-31 11:00:00",5359,5232.9451567808,4455.39904337036,6010.49127019125,4043.79099429811,6422.0993192635
"2018-08-31 12:00:00",5587,5301.95582856259,4524.40971515214,6079.50194197304,4112.80166607989,6491.10999104528
"2018-08-31 13:00:00",5400,5173.96442375353,4396.41831034308,5951.51053716398,3984.81026127084,6363.11858623623
"2018-08-31 14:00:00",5705,5329.97134643138,4552.42523302094,6107.51745984183,4140.81718394869,6519.12550891408
"2018-08-31 15:00:00",5998,5952.97692204558,5175.43080863513,6730.52303545603,4763.82275956289,7142.13108452828
"2018-08-31 16:00:00",5925,6685.9814127173,5908.43529930685,7463.52752612775,5496.82725023461,7875.1355752
"2018-08-31 17:00:00",5418,5686.98502956233,4909.43891615188,6464.53114297278,4497.83086707964,6876.13919204503
"2018-08-31 18:00:00",4935,4166.98794261606,3389.44182920561,4944.53405602651,2977.83378013336,5356.14210509875
"2018-08-31 19:00:00",3945,2881.99028882717,2104.44417541672,3659.53640223762,1692.83612634447,4071.14445130986
"2018-08-31 20:00:00",3233,2319.99217849592,1542.44606508547,3097.53829190636,1130.83801601322,3509.14634097861
"2018-08-31 21:00:00",2910,2157.99370045954,1380.44758704909,2935.53981386999,968.839537976848,3347.14786294224
"2018-08-31 22:00:00",2830,1772.99492626871,995.448812858265,2550.54103967916,583.84076378602,2962.14908875141
"2018-08-31 23:00:00",2147,1142.99591355126,365.449800140812,1920.54202696171,-46.1582489314339,2332.15007603395
"2018-09-01 00:00:00",1335,624.996708721381,-152.549404689068,1402.54282213183,-564.157453761314,1814.15087120408
"2018-09-01 01:00:00",785,440.997349161671,-336.548764248778,1218.54346257212,-748.156813321024,1630.15151164437
"2018-09-01 02:00:00",569,396.997864980556,-380.548248429893,1174.54397839101,-792.156297502139,1586.15202746325
"2018-09-01 03:00:00",425,308.998280427752,-468.547832982697,1086.5443938382,-880.155882054943,1498.15244291045
"2018-09-01 04:00:00",419,299.998615034291,-477.547498376158,1077.54472844474,-889.155547448403,1489.15277751699
"2018-09-01 05:00:00",741,539.998884530722,-237.547228879727,1317.54499794117,-649.155277951973,1729.15304701342
"2018-09-01 06:00:00",1529,985.999101586629,208.45298817618,1763.54521499708,-203.155060896065,2175.15326406932
"2018-09-01 07:00:00",2477,1310.99927640626,533.453162995813,2088.54538981671,121.845113923568,2500.15343888896
"2018-09-01 08:00:00",3476,1488.99941720825,711.453303797804,2266.5455306187,299.845254725559,2678.15357969095
"2018-09-01 09:00:00",4212,1754.999530612,977.453417201548,2532.54564402245,565.845368129302,2944.15369309469
"2018-09-01 10:00:00",4578,1977.99962194884,1200.45350853839,2755.54573535929,788.845459466142,3167.15378443153
"2018-09-01 11:00:00",4897,2152.99969551271,1375.45358210226,2930.54580892316,963.845533030013,3342.1538579954
"2018-09-01 12:00:00",4854,2146.999754762,1369.45364135155,2924.54586817245,957.845592279306,3336.1539172447
"2018-09-01 13:00:00",4972,1986.99980248215,1209.4536890717,2764.5459158926,797.845639999452,3176.15396496484
"2018-09-01 14:00:00",5056,1821.99984091657,1044.45372750612,2599.54595432702,632.845678433874,3011.15400339926
"2018-09-01 15:00:00",4719,1880.99987187215,1103.4537584617,2658.5459852826,691.845709389454,3070.15403435484
"2018-09-01 16:00:00",4649,1460.99989680417,683.453783393724,2238.54601021462,271.845734321478,2650.15405928687
"2018-09-01 17:00:00",4622,1477.99991688475,700.453803474298,2255.5460302952,288.845754402053,2667.15407936744
"2018-09-01 18:00:00",4261,1067.9999330579,290.453819647453,1845.54604646835,-121.154229424793,2257.1540955406
"2018-09-01 19:00:00",3518,880.999946083969,103.45383267352,1658.54605949442,-308.154216398726,2070.15410856666
"2018-09-01 20:00:00",3196,617.999956575332,-159.546156835117,1395.54606998578,-571.154205907363,1807.15411905803
"2018-09-01 21:00:00",2880,706.999965025211,-70.5461483852379,1484.54607843566,-482.154197457484,1896.15412750791
"2018-09-01 22:00:00",2815,593.999971830853,-183.546141579596,1371.5460852413,-595.154190651842,1783.15413431355
"2018-09-01 23:00:00",1945,525.999977312205,-251.546136098244,1303.54609072265,-663.15418517049,1715.1541397949
"2018-09-02 00:00:00",1273,352.999981726957,-424.546131683492,1130.54609513741,-836.154180755738,1542.15414420965
"2018-09-02 01:00:00",801,258.999985282655,-518.546128127794,1036.5460986931,-930.15417720004,1448.15414776535
"2018-09-02 02:00:00",565,197.99998814646,-579.546125263989,975.546101556909,-991.154174336235,1387.15415062915
"2018-09-02 03:00:00",386,150.999990453006,-626.546122957443,928.546103863455,-1038.15417202969,1340.1541529357
"2018-09-02 04:00:00",316,174.999992310727,-602.546121099721,952.546105721176,-1014.15417017197,1364.15415479342
"2018-09-02 05:00:00",532,300.999993806961,-476.546119603488,1078.54610721741,-888.154168675734,1490.15415628966
"2018-09-02 06:00:00",1003,489.999995012046,-287.546118398403,1267.54610842249,-699.154167470649,1679.15415749474
"2018-09-02 07:00:00",1607,633.999995982637,-143.546117427812,1411.54610939309,-555.154166500057,1823.15415846533
"2018-09-02 08:00:00",2334,673.999996764364,-103.546116646085,1451.54611017481,-515.15416571833,1863.15415924706
"2018-09-02 09:00:00",2929,983.999997393977,206.453883983528,1761.54611080443,-205.154165088717,2173.15415987667
"2018-09-02 10:00:00",3571,1493.99999790108,716.453884490627,2271.54611131152,304.845835418381,2683.15416038377
"2018-09-02 11:00:00",4040,1793.9999983095,1016.45388489905,2571.54611171995,604.845835826804,2983.15416079219
"2018-09-02 12:00:00",4549,2036.99999863845,1259.453885228,2814.5461120489,847.845836155754,3226.15416112114
"2018-09-02 13:00:00",4414,2204.99999890339,1427.45388549294,2982.54611231384,1015.84583642069,3394.15416138608
"2018-09-02 14:00:00",4299,2405.99999911678,1628.45388570633,3183.54611252722,1216.84583663408,3595.15416159947
"2018-09-02 15:00:00",4330,2170.99999928864,1393.45388587819,2948.54611269909,981.845836805945,3360.15416177133
"2018-09-02 16:00:00",4197,2108.99999942706,1331.45388601661,2886.54611283751,919.845836944367,3298.15416190976
"2018-09-02 17:00:00",3833,1848.99999953855,1071.4538861281,2626.546112949,659.845837055853,3038.15416202124
"2018-09-02 18:00:00",3601,1658.99999962834,881.453886217891,2436.54611303879,469.845837145646,2848.15416211103
"2018-09-02 19:00:00",3098,1416.99999970066,639.453886290212,2194.54611311111,227.845837217966,2606.15416218335
"2018-09-02 20:00:00",3115,1641.99999975891,864.453886348459,2419.54611316936,452.845837276213,2831.1541622416
"2018-09-02 21:00:00",2669,2808.99999980582,2031.45388639537,3586.54611321627,1619.84583732313,3998.15416228852
"2018-09-02 22:00:00",2066,1202.99999984361,425.453886433157,1980.54611325405,13.8458373609114,2392.1541623263
"2018-09-02 23:00:00",1475,705.999999874038,-71.5461135364106,1483.54611328449,-483.154162608656,1895.15416235673
"2018-09-03 00:00:00",962,406.999999898549,-370.5461135119,1184.546113309,-782.154162584146,1596.15416238124
"2018-09-03 01:00:00",694,271.99999991829,-505.546113492159,1049.54611332874,-917.154162564405,1461.15416240098
"2018-09-03 02:00:00",421,246.99999993419,-530.546113476259,1024.54611334464,-942.154162548505,1436.15416241688
"2018-09-03 03:00:00",310,356.999999946996,-420.546113463453,1134.54611335744,-832.154162535699,1546.15416242969
"2018-09-03 04:00:00",325,778.999999957309,1.45388654686053,1556.54611336776,-410.154162525385,1968.15416244
"2018-09-03 05:00:00",590,2237.99999996562,1460.45388655517,3015.54611337607,1048.84583748292,3427.15416244831
"2018-09-03 06:00:00",1141,4363.99999997231,3586.45388656186,5141.54611338276,3174.84583748961,5553.154162455
"2018-09-03 07:00:00",1556,4962.9999999777,4185.45388656725,5740.54611338814,3773.845837495,6152.15416246039
"2018-09-03 08:00:00",1995,4462.99999998204,3685.45388657159,5240.54611339248,3273.84583749934,5652.15416246473
"2018-09-03 09:00:00",2524,4044.99999998553,3267.45388657508,4822.54611339598,2855.84583750284,5234.15416246823
"2018-09-03 10:00:00",3050,3625.99999998835,2848.4538865779,4403.5461133988,2436.84583750565,4815.15416247104
"2018-09-03 11:00:00",3616,3859.99999999061,3082.45388658017,4637.54611340106,2670.84583750792,5049.15416247331
"2018-09-03 12:00:00",3901,4148.99999999244,3371.45388658199,4926.54611340289,2959.84583750975,5338.15416247514
"2018-09-03 13:00:00",4110,4109.99999999391,3332.45388658346,4887.54611340436,2920.84583751122,5299.15416247661
"2018-09-03 14:00:00",4446,4386.9999999951,3609.45388658465,5164.54611340554,3197.8458375124,5576.15416247779
"2018-09-03 15:00:00",4411,4941.99999999605,4164.4538865856,5719.5461134065,3752.84583751336,6131.15416247875
"2018-09-03 16:00:00",4017,5787.99999999682,5010.45388658637,6565.54611340727,4598.84583751413,6977.15416247951
"2018-09-03 17:00:00",3900,5566.99999999744,4789.45388658699,6344.54611340789,4377.84583751474,6756.15416248013
"2018-09-03 18:00:00",3487,4060.99999999794,3283.45388658749,4838.54611340839,2871.84583751524,5250.15416248063
"2018-09-03 19:00:00",3006,2978.99999999834,2201.45388658789,3756.54611340879,1789.84583751564,4168.15416248103
"2018-09-03 20:00:00",2627,2555.99999999866,1778.45388658821,3333.54611340911,1366.84583751597,3745.15416248136
"2018-09-03 21:00:00",2081,2099.99999999892,1322.45388658847,2877.54611340937,910.845837516227,3289.15416248162
"2018-09-03 22:00:00",1588,1488.99999999913,711.453886588683,2266.54611340958,299.845837516437,2678.15416248183
"2018-09-03 23:00:00",1012,977.999999999301,200.453886588852,1755.54611340975,-211.154162483394,2167.154162482
"2018-09-04 00:00:00",528,523.999999999437,-253.546113411012,1301.54611340989,-665.154162483258,1713.15416248213
"2018-09-04 01:00:00",321,335.999999999546,-441.546113410903,1113.54611341,-853.154162483148,1525.15416248224
"2018-09-04 02:00:00",254,270.999999999635,-506.546113410814,1048.54611341008,-918.15416248306,1460.15416248233
"2018-09-04 03:00:00",332,346.999999999706,-430.546113410743,1124.54611341015,-842.154162482989,1536.1541624824
"2018-09-04 04:00:00",901,897.999999999763,120.453886589314,1675.54611341021,-291.154162482932,2087.15416248246
"2018-09-04 05:00:00",2863,2847.99999999981,2070.45388658936,3625.54611341026,1658.84583751711,4037.1541624825
"2018-09-04 06:00:00",5280,5515.99999999985,4738.4538865894,6293.5461134103,4326.84583751715,6705.15416248254
"2018-09-04 07:00:00",6379,6207.99999999988,5430.45388658943,6985.54611341033,5018.84583751718,7397.15416248257
"2018-09-04 08:00:00",5856,5891.9999999999,5114.45388658945,6669.54611341035,4702.8458375172,7081.15416248259
"2018-09-04 09:00:00",5242,5676.99999999992,4899.45388658947,6454.54611341037,4487.84583751722,6866.15416248261
"2018-09-04 10:00:00",4403,4455.99999999994,3678.45388658949,5233.54611341038,3266.84583751724,5645.15416248263
"2018-09-04 11:00:00",4477,4714.99999999995,3937.4538865895,5492.5461134104,3525.84583751725,5904.15416248264
"2018-09-04 12:00:00",4583,4961.99999999996,4184.45388658951,5739.54611341041,3772.84583751726,6151.15416248265
"2018-09-04 13:00:00",4652,4912.99999999997,4135.45388658952,5690.54611341042,3723.84583751727,6102.15416248266
"2018-09-04 14:00:00",4785,5219.99999999997,4442.45388658952,5997.54611341042,4030.84583751728,6409.15416248267
"2018-09-04 15:00:00",5436,5843.99999999998,5066.45388658953,6621.54611341043,4654.84583751728,7033.15416248267
"2018-09-04 16:00:00",5667,6656.99999999998,5879.45388658953,7434.54611341043,5467.84583751729,7846.15416248268
"2018-09-04 17:00:00",5494,6276.99999999999,5499.45388658954,7054.54611341043,5087.84583751729,7466.15416248268
"2018-09-04 18:00:00",4383,4826.99999999999,4049.45388658954,5604.54611341044,3637.84583751729,6016.15416248268
"2018-09-04 19:00:00",3017,3480.99999999999,2703.45388658954,4258.54611341044,2291.8458375173,4670.15416248269
"2018-09-04 20:00:00",2385,2876.99999999999,2099.45388658954,3654.54611341044,1687.8458375173,4066.15416248269
"2018-09-04 21:00:00",2105,3417.99999999999,2640.45388658955,4195.54611341044,2228.8458375173,4607.15416248269
"2018-09-04 22:00:00",1351,3293.99999999999,2516.45388658955,4071.54611341044,2104.8458375173,4483.15416248269
"2018-09-04 23:00:00",921,1297,519.453886589547,2074.54611341045,107.845837517302,2486.15416248269
"2018-09-05 00:00:00",522,825.999999999997,48.4538865895479,1603.54611341045,-363.154162482698,2015.15416248269
"2018-09-05 01:00:00",304,593.999999999997,-183.546113410451,1371.54611341045,-595.154162482697,1783.15416248269
"2018-09-05 02:00:00",254,430.999999999998,-346.546113410451,1208.54611341045,-758.154162482697,1620.15416248269
"2018-09-05 03:00:00",323,520.999999999998,-256.546113410451,1298.54611341045,-668.154162482696,1710.15416248269
"2018-09-05 04:00:00",882,974.999999999999,197.45388658955,1752.54611341045,-214.154162482696,2164.15416248269
"2018-09-05 05:00:00",3013,2986,2208.45388658955,3763.54611341045,1796.8458375173,4175.15416248269
"2018-09-05 06:00:00",5633,5943,5165.45388658955,6720.54611341045,4753.8458375173,7132.15416248269
"2018-09-05 07:00:00",6668,6871,6093.45388658955,7648.54611341045,5681.8458375173,8060.15416248269
"2018-09-05 08:00:00",6327,6614,5836.45388658955,7391.54611341045,5424.8458375173,7803.15416248269
"2018-09-05 09:00:00",5237,5378,4600.45388658955,6155.54611341045,4188.8458375173,6567.1541624827
"2018-09-05 10:00:00",4599,4751,3973.45388658955,5528.54611341045,3561.84583751731,5940.1541624827
"2018-09-05 11:00:00",4635,4824,4046.45388658955,5601.54611341045,3634.84583751731,6013.1541624827
"2018-09-05 12:00:00",5001,5013,4235.45388658955,5790.54611341045,3823.84583751731,6202.1541624827
"2018-09-05 13:00:00",4781,5017,4239.45388658955,5794.54611341045,3827.84583751731,6206.1541624827
"2018-09-05 14:00:00",4816,5437,4659.45388658955,6214.54611341045,4247.8458375173,6626.1541624827
"2018-09-05 15:00:00",5661,5835,5057.45388658955,6612.54611341045,4645.8458375173,7024.1541624827
"2018-09-05 16:00:00",6555,7022,6244.45388658955,7799.54611341045,5832.8458375173,8211.1541624827
"2018-09-05 17:00:00",5938,6459,5681.45388658955,7236.54611341045,5269.8458375173,7648.1541624827
"2018-09-05 18:00:00",4426,4663,3885.45388658955,5440.54611341045,3473.84583751731,5852.1541624827
"2018-09-05 19:00:00",3414,3393,2615.45388658955,4170.54611341045,2203.84583751731,4582.1541624827
"2018-09-05 20:00:00",3130,3034,2256.45388658955,3811.54611341045,1844.84583751731,4223.1541624827
"2018-09-05 21:00:00",2532,2604,1826.45388658955,3381.54611341045,1414.84583751731,3793.15416248269
"2018-09-05 22:00:00",1629,1726,948.453886589551,2503.54611341045,536.845837517305,2915.15416248269
"2018-09-05 23:00:00",993,1085,307.453886589551,1862.54611341045,-104.154162482695,2274.15416248269
"2018-09-06 00:00:00",570,561,-216.546113410449,1338.54611341045,-628.154162482695,1750.15416248269
"2018-09-06 01:00:00",350,351,-426.546113410449,1128.54611341045,-838.154162482695,1540.15416248269
"2018-09-06 02:00:00",281,275,-502.546113410449,1052.54611341045,-914.154162482695,1464.15416248269
"2018-09-06 03:00:00",337,361,-416.546113410449,1138.54611341045,-828.154162482695,1550.15416248269
"2018-09-06 04:00:00",909,909,131.453886589551,1686.54611341045,-280.154162482695,2098.15416248269
"2018-09-06 05:00:00",3036,2885,2107.45388658955,3662.54611341045,1695.84583751731,4074.15416248269
"2018-09-06 06:00:00",5868,5715,4937.45388658955,6492.54611341045,4525.8458375173,6904.1541624827
"2018-09-06 07:00:00",6526,6461,5683.45388658955,7238.54611341045,5271.8458375173,7650.1541624827
"2018-09-06 08:00:00",5996,6046,5268.45388658955,6823.54611341045,4856.8458375173,7235.1541624827
"2018-09-06 09:00:00",5328,5842,5064.45388658955,6619.54611341045,4652.8458375173,7031.1541624827
"2018-09-06 10:00:00",4579,4882,4104.45388658955,5659.54611341045,3692.84583751731,6071.1541624827
"2018-09-06 11:00:00",4727,5035,4257.45388658955,5812.54611341045,3845.84583751731,6224.1541624827
"2018-09-06 12:00:00",4765,5027,4249.45388658955,5804.54611341045,3837.84583751731,6216.1541624827
"2018-09-06 13:00:00",4853,5326.18604282048,4548.63992941003,6103.73215623093,4137.03188033778,6515.34020530317
"2018-09-06 14:00:00",4947,5568.83901632232,4791.29290291187,6346.38512973276,4379.68485383962,6757.99317880501
"2018-09-06 15:00:00",5786,6247.84327705668,5470.29716364623,7025.38939046713,5058.68911457398,7436.99743953937
"2018-09-06 16:00:00",6396,7209.65212162901,6432.10600821856,7987.19823503946,6020.49795914632,8398.80628411171
"2018-09-06 17:00:00",6008,6808.30357549932,6030.75746208887,7585.84968890977,5619.14941301662,7997.45773798201
"2018-09-06 18:00:00",4373,5061.82826486443,4284.28215145398,5839.37437827488,3872.67410238174,6250.98242734713
"2018-09-06 19:00:00",3382,3695.25085645904,2917.70474304859,4472.79696986949,2506.09669397634,4884.40501894173
"2018-09-06 20:00:00",3223,3080.59121718999,2303.04510377954,3858.13733060044,1891.43705470729,4269.74537967268
"2018-09-06 21:00:00",2712,2760.86534812077,1983.31923471033,3538.41146153122,1571.71118563808,3950.01951060347
"2018-09-06 22:00:00",2096,2052.0861367147,1274.54002330425,2829.63225012515,862.931974232007,3241.2402991974
"2018-09-06 23:00:00",1248,1167.26396270124,389.717849290793,1944.81007611169,-21.890199781453,2356.41812518394
"2018-09-07 00:00:00",550,632.407186048637,-145.138927361812,1409.95329945909,-556.746976434058,1821.56134853133
"2018-09-07 01:00:00",417,386.522539983335,-391.023573427114,1164.06865339378,-802.631622499359,1575.67670246603
"2018-09-07 02:00:00",307,305.615447532925,-471.930665877524,1083.16156094337,-883.53871494977,1494.76961001562
"2018-09-07 03:00:00",338,355.690276473899,-421.85583693655,1133.23638988435,-833.463886008796,1544.84443895659
"2018-09-07 04:00:00",892,845.750544669886,68.2044312594369,1623.29665808033,-343.403617812809,2034.90470715258
"2018-09-07 05:00:00",2942,2720.79908545371,1943.25297204326,3498.34519886416,1531.64492297101,3909.9532479364
"2018-09-07 06:00:00",5542,5425.83818082823,4648.29206741779,6203.38429423868,4236.68401834554,6614.99234331093
"2018-09-07 07:00:00",6675,6584.86966874806,5807.32355533761,7362.41578215851,5395.71550626537,7774.02383123076
"2018-09-07 08:00:00",5923,5893.89502952557,5116.34891611512,6671.44114293602,4704.74086704288,7083.04919200827
"2018-09-07 09:00:00",5061,5226.91545542349,4449.36934201304,6004.46156883393,4037.76129294079,6416.06961790618
"2018-09-07 10:00:00",4720,4852.9319067056,4075.38579329516,5630.47802011605,3663.77774422291,6042.0860691883
"2018-09-07 11:00:00",4700,5232.9451567808,4455.39904337036,6010.49127019125,4043.79099429811,6422.0993192635
"2018-09-07 12:00:00",5073,5301.95582856259,4524.40971515214,6079.50194197304,4112.80166607989,6491.10999104528
"2018-09-07 13:00:00",4832,5173.96442375353,4396.41831034308,5951.51053716398,3984.81026127084,6363.11858623623
"2018-09-07 14:00:00",5163,5329.97134643138,4552.42523302094,6107.51745984183,4140.81718394869,6519.12550891408
"2018-09-07 15:00:00",4831,5952.97692204558,5175.43080863513,6730.52303545603,4763.82275956289,7142.13108452828
"2018-09-07 16:00:00",6148,6685.9814127173,5908.43529930685,7463.52752612775,5496.82725023461,7875.1355752
"2018-09-07 17:00:00",5426,5686.98502956233,4909.43891615188,6464.53114297278,4497.83086707964,6876.13919204503
"2018-09-07 18:00:00",4699,4166.98794261606,3389.44182920561,4944.53405602651,2977.83378013336,5356.14210509875
"2018-09-07 19:00:00",3734,2881.99028882717,2104.44417541672,3659.53640223762,1692.83612634447,4071.14445130986
"2018-09-07 20:00:00",3360,2319.99217849592,1542.44606508547,3097.53829190636,1130.83801601322,3509.14634097861
"2018-09-07 21:00:00",2803,2157.99370045954,1380.44758704909,2935.53981386999,968.839537976848,3347.14786294224
"2018-09-07 22:00:00",2669,1772.99492626871,995.448812858265,2550.54103967916,583.84076378602,2962.14908875141
"2018-09-07 23:00:00",1957,1142.99591355126,365.449800140812,1920.54202696171,-46.1582489314339,2332.15007603395
"2018-09-08 00:00:00",1131,624.996708721381,-152.549404689068,1402.54282213183,-564.157453761314,1814.15087120408
"2018-09-08 01:00:00",690,440.997349161671,-336.548764248778,1218.54346257212,-748.156813321024,1630.15151164437
"2018-09-08 02:00:00",488,396.997864980556,-380.548248429893,1174.54397839101,-792.156297502139,1586.15202746325
"2018-09-08 03:00:00",393,308.998280427752,-468.547832982697,1086.5443938382,-880.155882054943,1498.15244291045
"2018-09-08 04:00:00",459,299.998615034291,-477.547498376158,1077.54472844474,-889.155547448403,1489.15277751699
"2018-09-08 05:00:00",830,539.998884530722,-237.547228879727,1317.54499794117,-649.155277951973,1729.15304701342
"2018-09-08 06:00:00",1504,985.999101586629,208.45298817618,1763.54521499708,-203.155060896065,2175.15326406932
"2018-09-08 07:00:00",2063,1310.99927640626,533.453162995813,2088.54538981671,121.845113923568,2500.15343888896
"2018-09-08 08:00:00",3043,1488.99941720825,711.453303797804,2266.5455306187,299.845254725559,2678.15357969095
"2018-09-08 09:00:00",3588,1754.999530612,977.453417201548,2532.54564402245,565.845368129302,2944.15369309469
"2018-09-08 10:00:00",4039,1977.99962194884,1200.45350853839,2755.54573535929,788.845459466142,3167.15378443153
"2018-09-08 11:00:00",4249,2152.99969551271,1375.45358210226,2930.54580892316,963.845533030013,3342.1538579954
"2018-09-08 12:00:00",4690,2146.999754762,1369.45364135155,2924.54586817245,957.845592279306,3336.1539172447
"2018-09-08 13:00:00",4550,1986.99980248215,1209.4536890717,2764.5459158926,797.845639999452,3176.15396496484
"2018-09-08 14:00:00",4612,1821.99984091657,1044.45372750612,2599.54595432702,632.845678433874,3011.15400339926
"2018-09-08 15:00:00",4756,1880.99987187215,1103.4537584617,2658.5459852826,691.845709389454,3070.15403435484
"2018-09-08 16:00:00",4848,1460.99989680417,683.453783393724,2238.54601021462,271.845734321478,2650.15405928687
"2018-09-08 17:00:00",4125,1477.99991688475,700.453803474298,2255.5460302952,288.845754402053,2667.15407936744
"2018-09-08 18:00:00",3745,1067.9999330579,290.453819647453,1845.54604646835,-121.154229424793,2257.1540955406
"2018-09-08 19:00:00",3399,880.999946083969,103.45383267352,1658.54605949442,-308.154216398726,2070.15410856666
"2018-09-08 20:00:00",3245,617.999956575332,-159.546156835117,1395.54606998578,-571.154205907363,1807.15411905803
"2018-09-08 21:00:00",2814,706.999965025211,-70.5461483852379,1484.54607843566,-482.154197457484,1896.15412750791
"2018-09-08 22:00:00",2478,593.999971830853,-183.546141579596,1371.5460852413,-595.154190651842,1783.15413431355
"2018-09-08 23:00:00",1916,525.999977312205,-251.546136098244,1303.54609072265,-663.15418517049,1715.1541397949
"2018-09-09 00:00:00",1286,352.999981726957,-424.546131683492,1130.54609513741,-836.154180755738,1542.15414420965
"2018-09-09 01:00:00",794,258.999985282655,-518.546128127794,1036.5460986931,-930.15417720004,1448.15414776535
"2018-09-09 02:00:00",620,197.99998814646,-579.546125263989,975.546101556909,-991.154174336235,1387.15415062915
"2018-09-09 03:00:00",345,150.999990453006,-626.546122957443,928.546103863455,-1038.15417202969,1340.1541529357
"2018-09-09 04:00:00",353,174.999992310727,-602.546121099721,952.546105721176,-1014.15417017197,1364.15415479342
"2018-09-09 05:00:00",541,300.999993806961,-476.546119603488,1078.54610721741,-888.154168675734,1490.15415628966
"2018-09-09 06:00:00",1140,489.999995012046,-287.546118398403,1267.54610842249,-699.154167470649,1679.15415749474
"2018-09-09 07:00:00",1806,633.999995982637,-143.546117427812,1411.54610939309,-555.154166500057,1823.15415846533
"2018-09-09 08:00:00",2224,673.999996764364,-103.546116646085,1451.54611017481,-515.15416571833,1863.15415924706
"2018-09-09 09:00:00",3449,983.999997393977,206.453883983528,1761.54611080443,-205.154165088717,2173.15415987667
"2018-09-09 10:00:00",4322,1493.99999790108,716.453884490627,2271.54611131152,304.845835418381,2683.15416038377
"2018-09-09 11:00:00",4273,1793.9999983095,1016.45388489905,2571.54611171995,604.845835826804,2983.15416079219
"2018-09-09 12:00:00",3990,2036.99999863845,1259.453885228,2814.5461120489,847.845836155754,3226.15416112114
"2018-09-09 13:00:00",3993,2204.99999890339,1427.45388549294,2982.54611231384,1015.84583642069,3394.15416138608
"2018-09-09 14:00:00",3852,2405.99999911678,1628.45388570633,3183.54611252722,1216.84583663408,3595.15416159947
"2018-09-09 15:00:00",3888,2170.99999928864,1393.45388587819,2948.54611269909,981.845836805945,3360.15416177133
"2018-09-09 16:00:00",4126,2108.99999942706,1331.45388601661,2886.54611283751,919.845836944367,3298.15416190976
"2018-09-09 17:00:00",3959,1848.99999953855,1071.4538861281,2626.546112949,659.845837055853,3038.15416202124
"2018-09-09 18:00:00",3692,1658.99999962834,881.453886217891,2436.54611303879,469.845837145646,2848.15416211103
"2018-09-09 19:00:00",3258,1416.99999970066,639.453886290212,2194.54611311111,227.845837217966,2606.15416218335
"2018-09-09 20:00:00",2755,1641.99999975891,864.453886348459,2419.54611316936,452.845837276213,2831.1541622416
"2018-09-09 21:00:00",2140,2808.99999980582,2031.45388639537,3586.54611321627,1619.84583732313,3998.15416228852
"2018-09-09 22:00:00",1534,1202.99999984361,425.453886433157,1980.54611325405,13.8458373609114,2392.1541623263
"2018-09-09 23:00:00",996,705.999999874038,-71.5461135364106,1483.54611328449,-483.154162608656,1895.15416235673
"2018-09-10 00:00:00",534,406.999999898549,-370.5461135119,1184.546113309,-782.154162584146,1596.15416238124
"2018-09-10 01:00:00",303,271.99999991829,-505.546113492159,1049.54611332874,-917.154162564405,1461.15416240098
"2018-09-10 02:00:00",286,246.99999993419,-530.546113476259,1024.54611334464,-942.154162548505,1436.15416241688
"2018-09-10 03:00:00",329,356.999999946996,-420.546113463453,1134.54611335744,-832.154162535699,1546.15416242969
"2018-09-10 04:00:00",861,778.999999957309,1.45388654686053,1556.54611336776,-410.154162525385,1968.15416244
"2018-09-10 05:00:00",2963,2237.99999996562,1460.45388655517,3015.54611337607,1048.84583748292,3427.15416244831
"2018-09-10 06:00:00",5721,4363.99999997231,3586.45388656186,5141.54611338276,3174.84583748961,5553.154162455
"2018-09-10 07:00:00",6561,4962.9999999777,4185.45388656725,5740.54611338814,3773.845837495,6152.15416246039
"2018-09-10 08:00:00",6009,4462.99999998204,3685.45388657159,5240.54611339248,3273.84583749934,5652.15416246473
"2018-09-10 09:00:00",5236,4044.99999998553,3267.45388657508,4822.54611339598,2855.84583750284,5234.15416246823
"2018-09-10 10:00:00",4201,3625.99999998835,2848.4538865779,4403.5461133988,2436.84583750565,4815.15416247104
"2018-09-10 11:00:00",4498,3859.99999999061,3082.45388658017,4637.54611340106,2670.84583750792,5049.15416247331
"2018-09-10 12:00:00",4724,4148.99999999244,3371.45388658199,4926.54611340289,2959.84583750975,5338.15416247514
"2018-09-10 13:00:00",4462,4109.99999999391,3332.45388658346,4887.54611340436,2920.84583751122,5299.15416247661
"2018-09-10 14:00:00",5016,4386.9999999951,3609.45388658465,5164.54611340554,3197.8458375124,5576.15416247779
"2018-09-10 15:00:00",5688,4941.99999999605,4164.4538865856,5719.5461134065,3752.84583751336,6131.15416247875
"2018-09-10 16:00:00",6344,5787.99999999682,5010.45388658637,6565.54611340727,4598.84583751413,6977.15416247951
"2018-09-10 17:00:00",5857,5566.99999999744,4789.45388658699,6344.54611340789,4377.84583751474,6756.15416248013
"2018-09-10 18:00:00",4245,4060.99999999794,3283.45388658749,4838.54611340839,2871.84583751524,5250.15416248063
"2018-09-10 19:00:00",3184,2978.99999999834,2201.45388658789,3756.54611340879,1789.84583751564,4168.15416248103
"2018-09-10 20:00:00",2732,2555.99999999866,1778.45388658821,3333.54611340911,1366.84583751597,3745.15416248136
"2018-09-10 21:00:00",2235,2099.99999999892,1322.45388658847,2877.54611340937,910.845837516227,3289.15416248162
"2018-09-10 22:00:00",1389,1488.99999999913,711.453886588683,2266.54611340958,299.845837516437,2678.15416248183
"2018-09-10 23:00:00",887,977.999999999301,200.453886588852,1755.54611340975,-211.154162483394,2167.154162482
"2018-09-11 00:00:00",516,523.999999999437,-253.546113411012,1301.54611340989,-665.154162483258,1713.15416248213
"2018-09-11 01:00:00",330,335.999999999546,-441.546113410903,1113.54611341,-853.154162483148,1525.15416248224
"2018-09-11 02:00:00",265,270.999999999635,-506.546113410814,1048.54611341008,-918.15416248306,1460.15416248233
"2018-09-11 03:00:00",332,346.999999999706,-430.546113410743,1124.54611341015,-842.154162482989,1536.1541624824
"2018-09-11 04:00:00",891,897.999999999763,120.453886589314,1675.54611341021,-291.154162482932,2087.15416248246
"2018-09-11 05:00:00",3055,2847.99999999981,2070.45388658936,3625.54611341026,1658.84583751711,4037.1541624825
"2018-09-11 06:00:00",5927,5515.99999999985,4738.4538865894,6293.5461134103,4326.84583751715,6705.15416248254
"2018-09-11 07:00:00",6496,6207.99999999988,5430.45388658943,6985.54611341033,5018.84583751718,7397.15416248257
"2018-09-11 08:00:00",6123,5891.9999999999,5114.45388658945,6669.54611341035,4702.8458375172,7081.15416248259
"2018-09-11 09:00:00",5471,5676.99999999992,4899.45388658947,6454.54611341037,4487.84583751722,6866.15416248261
"2018-09-11 10:00:00",4257,4455.99999999994,3678.45388658949,5233.54611341038,3266.84583751724,5645.15416248263
"2018-09-11 11:00:00",5074,4714.99999999995,3937.4538865895,5492.5461134104,3525.84583751725,5904.15416248264
"2018-09-11 12:00:00",4734,4961.99999999996,4184.45388658951,5739.54611341041,3772.84583751726,6151.15416248265
"2018-09-11 13:00:00",4875,4912.99999999997,4135.45388658952,5690.54611341042,3723.84583751727,6102.15416248266
"2018-09-11 14:00:00",4922,5219.99999999997,4442.45388658952,5997.54611341042,4030.84583751728,6409.15416248267
"2018-09-11 15:00:00",5636,5843.99999999998,5066.45388658953,6621.54611341043,4654.84583751728,7033.15416248267
"2018-09-11 16:00:00",6601,6656.99999999998,5879.45388658953,7434.54611341043,5467.84583751729,7846.15416248268
"2018-09-11 17:00:00",5859,6276.99999999999,5499.45388658954,7054.54611341043,5087.84583751729,7466.15416248268
"2018-09-11 18:00:00",4372,4826.99999999999,4049.45388658954,5604.54611341044,3637.84583751729,6016.15416248268
"2018-09-11 19:00:00",3427,3480.99999999999,2703.45388658954,4258.54611341044,2291.8458375173,4670.15416248269
"2018-09-11 20:00:00",3114,2876.99999999999,2099.45388658954,3654.54611341044,1687.8458375173,4066.15416248269
"2018-09-11 21:00:00",2501,3417.99999999999,2640.45388658955,4195.54611341044,2228.8458375173,4607.15416248269
"2018-09-11 22:00:00",1860,3293.99999999999,2516.45388658955,4071.54611341044,2104.8458375173,4483.15416248269
"2018-09-11 23:00:00",2682,1297,519.453886589547,2074.54611341045,107.845837517302,2486.15416248269
"2018-09-12 00:00:00",750,825.999999999997,48.4538865895479,1603.54611341045,-363.154162482698,2015.15416248269
"2018-09-12 01:00:00",344,593.999999999997,-183.546113410451,1371.54611341045,-595.154162482697,1783.15416248269
"2018-09-12 02:00:00",314,430.999999999998,-346.546113410451,1208.54611341045,-758.154162482697,1620.15416248269
"2018-09-12 03:00:00",371,520.999999999998,-256.546113410451,1298.54611341045,-668.154162482696,1710.15416248269
"2018-09-12 04:00:00",937,974.999999999999,197.45388658955,1752.54611341045,-214.154162482696,2164.15416248269
"2018-09-12 05:00:00",3085,2986,2208.45388658955,3763.54611341045,1796.8458375173,4175.15416248269
"2018-09-12 06:00:00",5908,5943,5165.45388658955,6720.54611341045,4753.8458375173,7132.15416248269
"2018-09-12 07:00:00",6677,6871,6093.45388658955,7648.54611341045,5681.8458375173,8060.15416248269
"2018-09-12 08:00:00",6297,6614,5836.45388658955,7391.54611341045,5424.8458375173,7803.15416248269
"2018-09-12 09:00:00",5551,5378,4600.45388658955,6155.54611341045,4188.8458375173,6567.1541624827
"2018-09-12 10:00:00",4499,4751,3973.45388658955,5528.54611341045,3561.84583751731,5940.1541624827
"2018-09-12 11:00:00",4598,4824,4046.45388658955,5601.54611341045,3634.84583751731,6013.1541624827
"2018-09-12 12:00:00",4759,5013,4235.45388658955,5790.54611341045,3823.84583751731,6202.1541624827
"2018-09-12 13:00:00",4733,5017,4239.45388658955,5794.54611341045,3827.84583751731,6206.1541624827
"2018-09-12 14:00:00",5056,5437,4659.45388658955,6214.54611341045,4247.8458375173,6626.1541624827
"2018-09-12 15:00:00",5739,5835,5057.45388658955,6612.54611341045,4645.8458375173,7024.1541624827
"2018-09-12 16:00:00",6450,7022,6244.45388658955,7799.54611341045,5832.8458375173,8211.1541624827
"2018-09-12 17:00:00",6245,6459,5681.45388658955,7236.54611341045,5269.8458375173,7648.1541624827
"2018-09-12 18:00:00",4668,4663,3885.45388658955,5440.54611341045,3473.84583751731,5852.1541624827
"2018-09-12 19:00:00",3510,3393,2615.45388658955,4170.54611341045,2203.84583751731,4582.1541624827
"2018-09-12 20:00:00",3064,3034,2256.45388658955,3811.54611341045,1844.84583751731,4223.1541624827
"2018-09-12 21:00:00",2705,2604,1826.45388658955,3381.54611341045,1414.84583751731,3793.15416248269
"2018-09-12 22:00:00",1813,1726,948.453886589551,2503.54611341045,536.845837517305,2915.15416248269
"2018-09-12 23:00:00",2842,1085,307.453886589551,1862.54611341045,-104.154162482695,2274.15416248269
"2018-09-13 00:00:00",699,561,-216.546113410449,1338.54611341045,-628.154162482695,1750.15416248269
"2018-09-13 01:00:00",413,351,-426.546113410449,1128.54611341045,-838.154162482695,1540.15416248269
"2018-09-13 02:00:00",332,275,-502.546113410449,1052.54611341045,-914.154162482695,1464.15416248269
"2018-09-13 03:00:00",383,361,-416.546113410449,1138.54611341045,-828.154162482695,1550.15416248269
"2018-09-13 04:00:00",914,909,131.453886589551,1686.54611341045,-280.154162482695,2098.15416248269
"2018-09-13 05:00:00",3052,2885,2107.45388658955,3662.54611341045,1695.84583751731,4074.15416248269
"2018-09-13 06:00:00",5830,5715,4937.45388658955,6492.54611341045,4525.8458375173,6904.1541624827
"2018-09-13 07:00:00",6433,6461,5683.45388658955,7238.54611341045,5271.8458375173,7650.1541624827
"2018-09-13 08:00:00",6162,6046,5268.45388658955,6823.54611341045,4856.8458375173,7235.1541624827
"2018-09-13 09:00:00",5092,5842,5064.45388658955,6619.54611341045,4652.8458375173,7031.1541624827
"2018-09-13 10:00:00",4584,4882,4104.45388658955,5659.54611341045,3692.84583751731,6071.1541624827
"2018-09-13 11:00:00",4767,5035,4257.45388658955,5812.54611341045,3845.84583751731,6224.1541624827
"2018-09-13 12:00:00",4851,5027,4249.45388658955,5804.54611341045,3837.84583751731,6216.1541624827
"2018-09-13 13:00:00",4826,5326.18604282048,4548.63992941003,6103.73215623093,4137.03188033778,6515.34020530317
"2018-09-13 14:00:00",5014,5568.83901632232,4791.29290291187,6346.38512973276,4379.68485383962,6757.99317880501
"2018-09-13 15:00:00",5617,6247.84327705668,5470.29716364623,7025.38939046713,5058.68911457398,7436.99743953937
"2018-09-13 16:00:00",6514,7209.65212162901,6432.10600821856,7987.19823503946,6020.49795914632,8398.80628411171
"2018-09-13 17:00:00",5701,6808.30357549932,6030.75746208887,7585.84968890977,5619.14941301662,7997.45773798201
"2018-09-13 18:00:00",4443,5061.82826486443,4284.28215145398,5839.37437827488,3872.67410238174,6250.98242734713
"2018-09-13 19:00:00",3669,3695.25085645904,2917.70474304859,4472.79696986949,2506.09669397634,4884.40501894173
"2018-09-13 20:00:00",3282,3080.59121718999,2303.04510377954,3858.13733060044,1891.43705470729,4269.74537967268
"2018-09-13 21:00:00",2676,2760.86534812077,1983.31923471033,3538.41146153122,1571.71118563808,3950.01951060347
"2018-09-13 22:00:00",1921,2052.0861367147,1274.54002330425,2829.63225012515,862.931974232007,3241.2402991974
"2018-09-13 23:00:00",1167,1167.26396270124,389.717849290793,1944.81007611169,-21.890199781453,2356.41812518394
"2018-09-14 00:00:00",603,632.407186048637,-145.138927361812,1409.95329945909,-556.746976434058,1821.56134853133
"2018-09-14 01:00:00",376,386.522539983335,-391.023573427114,1164.06865339378,-802.631622499359,1575.67670246603
"2018-09-14 02:00:00",333,305.615447532925,-471.930665877524,1083.16156094337,-883.53871494977,1494.76961001562
"2018-09-14 03:00:00",377,355.690276473899,-421.85583693655,1133.23638988435,-833.463886008796,1544.84443895659
"2018-09-14 04:00:00",892,845.750544669886,68.2044312594369,1623.29665808033,-343.403617812809,2034.90470715258
"2018-09-14 05:00:00",2899,2720.79908545371,1943.25297204326,3498.34519886416,1531.64492297101,3909.9532479364
"2018-09-14 06:00:00",5569,5425.83818082823,4648.29206741779,6203.38429423868,4236.68401834554,6614.99234331093
"2018-09-14 07:00:00",6728,6584.86966874806,5807.32355533761,7362.41578215851,5395.71550626537,7774.02383123076
"2018-09-14 08:00:00",5934,5893.89502952557,5116.34891611512,6671.44114293602,4704.74086704288,7083.04919200827
"2018-09-14 09:00:00",5025,5226.91545542349,4449.36934201304,6004.46156883393,4037.76129294079,6416.06961790618
"2018-09-14 10:00:00",4566,4852.9319067056,4075.38579329516,5630.47802011605,3663.77774422291,6042.0860691883
"2018-09-14 11:00:00",4836,5232.9451567808,4455.39904337036,6010.49127019125,4043.79099429811,6422.0993192635
"2018-09-14 12:00:00",5019,5301.95582856259,4524.40971515214,6079.50194197304,4112.80166607989,6491.10999104528
"2018-09-14 13:00:00",4830,5173.96442375353,4396.41831034308,5951.51053716398,3984.81026127084,6363.11858623623
"2018-09-14 14:00:00",5231,5329.97134643138,4552.42523302094,6107.51745984183,4140.81718394869,6519.12550891408
"2018-09-14 15:00:00",5953,5952.97692204558,5175.43080863513,6730.52303545603,4763.82275956289,7142.13108452828
"2018-09-14 16:00:00",6196,6685.9814127173,5908.43529930685,7463.52752612775,5496.82725023461,7875.1355752
"2018-09-14 17:00:00",5358,5686.98502956233,4909.43891615188,6464.53114297278,4497.83086707964,6876.13919204503
"2018-09-14 18:00:00",4687,4166.98794261606,3389.44182920561,4944.53405602651,2977.83378013336,5356.14210509875
"2018-09-14 19:00:00",3880,2881.99028882717,2104.44417541672,3659.53640223762,1692.83612634447,4071.14445130986
"2018-09-14 20:00:00",3329,2319.99217849592,1542.44606508547,3097.53829190636,1130.83801601322,3509.14634097861
"2018-09-14 21:00:00",3169,2157.99370045954,1380.44758704909,2935.53981386999,968.839537976848,3347.14786294224
"2018-09-14 22:00:00",2810,1772.99492626871,995.448812858265,2550.54103967916,583.84076378602,2962.14908875141
"2018-09-14 23:00:00",2024,1142.99591355126,365.449800140812,1920.54202696171,-46.1582489314339,2332.15007603395
"2018-09-15 00:00:00",1179,624.996708721381,-152.549404689068,1402.54282213183,-564.157453761314,1814.15087120408
"2018-09-15 01:00:00",808,440.997349161671,-336.548764248778,1218.54346257212,-748.156813321024,1630.15151164437
"2018-09-15 02:00:00",584,396.997864980556,-380.548248429893,1174.54397839101,-792.156297502139,1586.15202746325
"2018-09-15 03:00:00",428,308.998280427752,-468.547832982697,1086.5443938382,-880.155882054943,1498.15244291045
"2018-09-15 04:00:00",502,299.998615034291,-477.547498376158,1077.54472844474,-889.155547448403,1489.15277751699
"2018-09-15 05:00:00",871,539.998884530722,-237.547228879727,1317.54499794117,-649.155277951973,1729.15304701342
"2018-09-15 06:00:00",1469,985.999101586629,208.45298817618,1763.54521499708,-203.155060896065,2175.15326406932
"2018-09-15 07:00:00",2117,1310.99927640626,533.453162995813,2088.54538981671,121.845113923568,2500.15343888896
"2018-09-15 08:00:00",3442,1488.99941720825,711.453303797804,2266.5455306187,299.845254725559,2678.15357969095
"2018-09-15 09:00:00",3999,1754.999530612,977.453417201548,2532.54564402245,565.845368129302,2944.15369309469
"2018-09-15 10:00:00",4448,1977.99962194884,1200.45350853839,2755.54573535929,788.845459466142,3167.15378443153
"2018-09-15 11:00:00",4772,2152.99969551271,1375.45358210226,2930.54580892316,963.845533030013,3342.1538579954
"2018-09-15 12:00:00",4990,2146.999754762,1369.45364135155,2924.54586817245,957.845592279306,3336.1539172447
"2018-09-15 13:00:00",4848,1986.99980248215,1209.4536890717,2764.5459158926,797.845639999452,3176.15396496484
"2018-09-15 14:00:00",4343,1821.99984091657,1044.45372750612,2599.54595432702,632.845678433874,3011.15400339926
"2018-09-15 15:00:00",4296,1880.99987187215,1103.4537584617,2658.5459852826,691.845709389454,3070.15403435484
"2018-09-15 16:00:00",4219,1460.99989680417,683.453783393724,2238.54601021462,271.845734321478,2650.15405928687
"2018-09-15 17:00:00",3953,1477.99991688475,700.453803474298,2255.5460302952,288.845754402053,2667.15407936744
"2018-09-15 18:00:00",3826,1067.9999330579,290.453819647453,1845.54604646835,-121.154229424793,2257.1540955406
"2018-09-15 19:00:00",3455,880.999946083969,103.45383267352,1658.54605949442,-308.154216398726,2070.15410856666
"2018-09-15 20:00:00",3208,617.999956575332,-159.546156835117,1395.54606998578,-571.154205907363,1807.15411905803
"2018-09-15 21:00:00",3055,706.999965025211,-70.5461483852379,1484.54607843566,-482.154197457484,1896.15412750791
"2018-09-15 22:00:00",2741,593.999971830853,-183.546141579596,1371.5460852413,-595.154190651842,1783.15413431355
"2018-09-15 23:00:00",2123,525.999977312205,-251.546136098244,1303.54609072265,-663.15418517049,1715.1541397949
"2018-09-16 00:00:00",1353,352.999981726957,-424.546131683492,1130.54609513741,-836.154180755738,1542.15414420965
"2018-09-16 01:00:00",786,258.999985282655,-518.546128127794,1036.5460986931,-930.15417720004,1448.15414776535
"2018-09-16 02:00:00",607,197.99998814646,-579.546125263989,975.546101556909,-991.154174336235,1387.15415062915
"2018-09-16 03:00:00",401,150.999990453006,-626.546122957443,928.546103863455,-1038.15417202969,1340.1541529357
"2018-09-16 04:00:00",313,174.999992310727,-602.546121099721,952.546105721176,-1014.15417017197,1364.15415479342
"2018-09-16 05:00:00",467,300.999993806961,-476.546119603488,1078.54610721741,-888.154168675734,1490.15415628966
"2018-09-16 06:00:00",850,489.999995012046,-287.546118398403,1267.54610842249,-699.154167470649,1679.15415749474
"2018-09-16 07:00:00",1302,633.999995982637,-143.546117427812,1411.54610939309,-555.154166500057,1823.15415846533
"2018-09-16 08:00:00",2090,673.999996764364,-103.546116646085,1451.54611017481,-515.15416571833,1863.15415924706
"2018-09-16 09:00:00",3039,983.999997393977,206.453883983528,1761.54611080443,-205.154165088717,2173.15415987667
"2018-09-16 10:00:00",3278,1493.99999790108,716.453884490627,2271.54611131152,304.845835418381,2683.15416038377
"2018-09-16 11:00:00",4352,1793.9999983095,1016.45388489905,2571.54611171995,604.845835826804,2983.15416079219
"2018-09-16 12:00:00",3978,2036.99999863845,1259.453885228,2814.5461120489,847.845836155754,3226.15416112114
"2018-09-16 13:00:00",3935,2204.99999890339,1427.45388549294,2982.54611231384,1015.84583642069,3394.15416138608
"2018-09-16 14:00:00",3829,2405.99999911678,1628.45388570633,3183.54611252722,1216.84583663408,3595.15416159947
"2018-09-16 15:00:00",4101,2170.99999928864,1393.45388587819,2948.54611269909,981.845836805945,3360.15416177133
"2018-09-16 16:00:00",4539,2108.99999942706,1331.45388601661,2886.54611283751,919.845836944367,3298.15416190976
"2018-09-16 17:00:00",4154,1848.99999953855,1071.4538861281,2626.546112949,659.845837055853,3038.15416202124
"2018-09-16 18:00:00",3701,1658.99999962834,881.453886217891,2436.54611303879,469.845837145646,2848.15416211103
"2018-09-16 19:00:00",3400,1416.99999970066,639.453886290212,2194.54611311111,227.845837217966,2606.15416218335
"2018-09-16 20:00:00",3092,1641.99999975891,864.453886348459,2419.54611316936,452.845837276213,2831.1541622416
"2018-09-16 21:00:00",2623,2808.99999980582,2031.45388639537,3586.54611321627,1619.84583732313,3998.15416228852
"2018-09-16 22:00:00",1725,1202.99999984361,425.453886433157,1980.54611325405,13.8458373609114,2392.1541623263
"2018-09-16 23:00:00",1088,705.999999874038,-71.5461135364106,1483.54611328449,-483.154162608656,1895.15416235673
"2018-09-17 00:00:00",550,406.999999898549,-370.5461135119,1184.546113309,-782.154162584146,1596.15416238124
"2018-09-17 01:00:00",280,271.99999991829,-505.546113492159,1049.54611332874,-917.154162564405,1461.15416240098
"2018-09-17 02:00:00",260,246.99999993419,-530.546113476259,1024.54611334464,-942.154162548505,1436.15416241688
"2018-09-17 03:00:00",344,356.999999946996,-420.546113463453,1134.54611335744,-832.154162535699,1546.15416242969
"2018-09-17 04:00:00",880,778.999999957309,1.45388654686053,1556.54611336776,-410.154162525385,1968.15416244
"2018-09-17 05:00:00",2965,2237.99999996562,1460.45388655517,3015.54611337607,1048.84583748292,3427.15416244831
"2018-09-17 06:00:00",5667,4363.99999997231,3586.45388656186,5141.54611338276,3174.84583748961,5553.154162455
"2018-09-17 07:00:00",6533,4962.9999999777,4185.45388656725,5740.54611338814,3773.845837495,6152.15416246039
"2018-09-17 08:00:00",6070,4462.99999998204,3685.45388657159,5240.54611339248,3273.84583749934,5652.15416246473
"2018-09-17 09:00:00",5145,4044.99999998553,3267.45388657508,4822.54611339598,2855.84583750284,5234.15416246823
"2018-09-17 10:00:00",4201,3625.99999998835,2848.4538865779,4403.5461133988,2436.84583750565,4815.15416247104
"2018-09-17 11:00:00",4371,3859.99999999061,3082.45388658017,4637.54611340106,2670.84583750792,5049.15416247331
"2018-09-17 12:00:00",4533,4148.99999999244,3371.45388658199,4926.54611340289,2959.84583750975,5338.15416247514
"2018-09-17 13:00:00",4680,4109.99999999391,3332.45388658346,4887.54611340436,2920.84583751122,5299.15416247661
"2018-09-17 14:00:00",4930,4386.9999999951,3609.45388658465,5164.54611340554,3197.8458375124,5576.15416247779
"2018-09-17 15:00:00",5327,4941.99999999605,4164.4538865856,5719.5461134065,3752.84583751336,6131.15416247875
"2018-09-17 16:00:00",6354,5787.99999999682,5010.45388658637,6565.54611340727,4598.84583751413,6977.15416247951
"2018-09-17 17:00:00",5412,5566.99999999744,4789.45388658699,6344.54611340789,4377.84583751474,6756.15416248013
"2018-09-17 18:00:00",4000,4060.99999999794,3283.45388658749,4838.54611340839,2871.84583751524,5250.15416248063
"2018-09-17 19:00:00",2897,2978.99999999834,2201.45388658789,3756.54611340879,1789.84583751564,4168.15416248103
"2018-09-17 20:00:00",2466,2555.99999999866,1778.45388658821,3333.54611340911,1366.84583751597,3745.15416248136
"2018-09-17 21:00:00",2090,2099.99999999892,1322.45388658847,2877.54611340937,910.845837516227,3289.15416248162
"2018-09-17 22:00:00",1434,1488.99999999913,711.453886588683,2266.54611340958,299.845837516437,2678.15416248183
"2018-09-17 23:00:00",869,977.999999999301,200.453886588852,1755.54611340975,-211.154162483394,2167.154162482
"2018-09-18 00:00:00",536,523.999999999437,-253.546113411012,1301.54611340989,-665.154162483258,1713.15416248213
"2018-09-18 01:00:00",351,335.999999999546,-441.546113410903,1113.54611341,-853.154162483148,1525.15416248224
"2018-09-18 02:00:00",227,270.999999999635,-506.546113410814,1048.54611341008,-918.15416248306,1460.15416248233
"2018-09-18 03:00:00",340,346.999999999706,-430.546113410743,1124.54611341015,-842.154162482989,1536.1541624824
"2018-09-18 04:00:00",858,897.999999999763,120.453886589314,1675.54611341021,-291.154162482932,2087.15416248246
"2018-09-18 05:00:00",3027,2847.99999999981,2070.45388658936,3625.54611341026,1658.84583751711,4037.1541624825
"2018-09-18 06:00:00",5642,5515.99999999985,4738.4538865894,6293.5461134103,4326.84583751715,6705.15416248254
"2018-09-18 07:00:00",6516,6207.99999999988,5430.45388658943,6985.54611341033,5018.84583751718,7397.15416248257
"2018-09-18 08:00:00",5873,5891.9999999999,5114.45388658945,6669.54611341035,4702.8458375172,7081.15416248259
"2018-09-18 09:00:00",5123,5676.99999999992,4899.45388658947,6454.54611341037,4487.84583751722,6866.15416248261
"2018-09-18 10:00:00",4527,4455.99999999994,3678.45388658949,5233.54611341038,3266.84583751724,5645.15416248263
"2018-09-18 11:00:00",4593,4714.99999999995,3937.4538865895,5492.5461134104,3525.84583751725,5904.15416248264
"2018-09-18 12:00:00",4725,4961.99999999996,4184.45388658951,5739.54611341041,3772.84583751726,6151.15416248265
"2018-09-18 13:00:00",4737,4912.99999999997,4135.45388658952,5690.54611341042,3723.84583751727,6102.15416248266
"2018-09-18 14:00:00",4931,5219.99999999997,4442.45388658952,5997.54611341042,4030.84583751728,6409.15416248267
"2018-09-18 15:00:00",5623,5843.99999999998,5066.45388658953,6621.54611341043,4654.84583751728,7033.15416248267
"2018-09-18 16:00:00",6623,6656.99999999998,5879.45388658953,7434.54611341043,5467.84583751729,7846.15416248268
"2018-09-18 17:00:00",5916,6276.99999999999,5499.45388658954,7054.54611341043,5087.84583751729,7466.15416248268
"2018-09-18 18:00:00",4423,4826.99999999999,4049.45388658954,5604.54611341044,3637.84583751729,6016.15416248268
"2018-09-18 19:00:00",3309,3480.99999999999,2703.45388658954,4258.54611341044,2291.8458375173,4670.15416248269
"2018-09-18 20:00:00",2805,2876.99999999999,2099.45388658954,3654.54611341044,1687.8458375173,4066.15416248269
"2018-09-18 21:00:00",2400,3417.99999999999,2640.45388658955,4195.54611341044,2228.8458375173,4607.15416248269
"2018-09-18 22:00:00",2631,3293.99999999999,2516.45388658955,4071.54611341044,2104.8458375173,4483.15416248269
"2018-09-18 23:00:00",1501,1297,519.453886589547,2074.54611341045,107.845837517302,2486.15416248269
"2018-09-19 00:00:00",617,825.999999999997,48.4538865895479,1603.54611341045,-363.154162482698,2015.15416248269
"2018-09-19 01:00:00",401,593.999999999997,-183.546113410451,1371.54611341045,-595.154162482697,1783.15416248269
"2018-09-19 02:00:00",282,430.999999999998,-346.546113410451,1208.54611341045,-758.154162482697,1620.15416248269
"2018-09-19 03:00:00",358,520.999999999998,-256.546113410451,1298.54611341045,-668.154162482696,1710.15416248269
"2018-09-19 04:00:00",913,974.999999999999,197.45388658955,1752.54611341045,-214.154162482696,2164.15416248269
"2018-09-19 05:00:00",3074,2986,2208.45388658955,3763.54611341045,1796.8458375173,4175.15416248269
"2018-09-19 06:00:00",5803,5943,5165.45388658955,6720.54611341045,4753.8458375173,7132.15416248269
"2018-09-19 07:00:00",6510,6871,6093.45388658955,7648.54611341045,5681.8458375173,8060.15416248269
"2018-09-19 08:00:00",6101,6614,5836.45388658955,7391.54611341045,5424.8458375173,7803.15416248269
"2018-09-19 09:00:00",5331,5378,4600.45388658955,6155.54611341045,4188.8458375173,6567.1541624827
"2018-09-19 10:00:00",4266,4751,3973.45388658955,5528.54611341045,3561.84583751731,5940.1541624827
"2018-09-19 11:00:00",4567,4824,4046.45388658955,5601.54611341045,3634.84583751731,6013.1541624827
"2018-09-19 12:00:00",4734,5013,4235.45388658955,5790.54611341045,3823.84583751731,6202.1541624827
"2018-09-19 13:00:00",4675,5017,4239.45388658955,5794.54611341045,3827.84583751731,6206.1541624827
"2018-09-19 14:00:00",4980,5437,4659.45388658955,6214.54611341045,4247.8458375173,6626.1541624827
"2018-09-19 15:00:00",5718,5835,5057.45388658955,6612.54611341045,4645.8458375173,7024.1541624827
"2018-09-19 16:00:00",6382,7022,6244.45388658955,7799.54611341045,5832.8458375173,8211.1541624827
"2018-09-19 17:00:00",5647,6459,5681.45388658955,7236.54611341045,5269.8458375173,7648.1541624827
"2018-09-19 18:00:00",4469,4663,3885.45388658955,5440.54611341045,3473.84583751731,5852.1541624827
"2018-09-19 19:00:00",3460,3393,2615.45388658955,4170.54611341045,2203.84583751731,4582.1541624827
"2018-09-19 20:00:00",2865,3034,2256.45388658955,3811.54611341045,1844.84583751731,4223.1541624827
"2018-09-19 21:00:00",2576,2604,1826.45388658955,3381.54611341045,1414.84583751731,3793.15416248269
"2018-09-19 22:00:00",1693,1726,948.453886589551,2503.54611341045,536.845837517305,2915.15416248269
"2018-09-19 23:00:00",994,1085,307.453886589551,1862.54611341045,-104.154162482695,2274.15416248269
"2018-09-20 00:00:00",583,561,-216.546113410449,1338.54611341045,-628.154162482695,1750.15416248269
"2018-09-20 01:00:00",349,351,-426.546113410449,1128.54611341045,-838.154162482695,1540.15416248269
"2018-09-20 02:00:00",265,275,-502.546113410449,1052.54611341045,-914.154162482695,1464.15416248269
"2018-09-20 03:00:00",344,361,-416.546113410449,1138.54611341045,-828.154162482695,1550.15416248269
"2018-09-20 04:00:00",914,909,131.453886589551,1686.54611341045,-280.154162482695,2098.15416248269
"2018-09-20 05:00:00",2924,2885,2107.45388658955,3662.54611341045,1695.84583751731,4074.15416248269
"2018-09-20 06:00:00",5417,5715,4937.45388658955,6492.54611341045,4525.8458375173,6904.1541624827
"2018-09-20 07:00:00",5766,6461,5683.45388658955,7238.54611341045,5271.8458375173,7650.1541624827
"2018-09-20 08:00:00",5331,6046,5268.45388658955,6823.54611341045,4856.8458375173,7235.1541624827
"2018-09-20 09:00:00",5264,5842,5064.45388658955,6619.54611341045,4652.8458375173,7031.1541624827
"2018-09-20 10:00:00",4326,4882,4104.45388658955,5659.54611341045,3692.84583751731,6071.1541624827
"2018-09-20 11:00:00",4592,5035,4257.45388658955,5812.54611341045,3845.84583751731,6224.1541624827
"2018-09-20 12:00:00",4695,5027,4249.45388658955,5804.54611341045,3837.84583751731,6216.1541624827
"2018-09-20 13:00:00",4459,5326.18604282048,4548.63992941003,6103.73215623093,4137.03188033778,6515.34020530317
"2018-09-20 14:00:00",4517,5568.83901632232,4791.29290291187,6346.38512973276,4379.68485383962,6757.99317880501
"2018-09-20 15:00:00",5257,6247.84327705668,5470.29716364623,7025.38939046713,5058.68911457398,7436.99743953937
"2018-09-20 16:00:00",6331,7209.65212162901,6432.10600821856,7987.19823503946,6020.49795914632,8398.80628411171
"2018-09-20 17:00:00",5065,6808.30357549932,6030.75746208887,7585.84968890977,5619.14941301662,7997.45773798201
"2018-09-20 18:00:00",3898,5061.82826486443,4284.28215145398,5839.37437827488,3872.67410238174,6250.98242734713
"2018-09-20 19:00:00",2957,3695.25085645904,2917.70474304859,4472.79696986949,2506.09669397634,4884.40501894173
"2018-09-20 20:00:00",2740,3080.59121718999,2303.04510377954,3858.13733060044,1891.43705470729,4269.74537967268
"2018-09-20 21:00:00",3497,2760.86534812077,1983.31923471033,3538.41146153122,1571.71118563808,3950.01951060347
"2018-09-20 22:00:00",2356,2052.0861367147,1274.54002330425,2829.63225012515,862.931974232007,3241.2402991974
"2018-09-20 23:00:00",1633,1167.26396270124,389.717849290793,1944.81007611169,-21.890199781453,2356.41812518394
"2018-09-21 00:00:00",698,632.407186048637,-145.138927361812,1409.95329945909,-556.746976434058,1821.56134853133
"2018-09-21 01:00:00",407,386.522539983335,-391.023573427114,1164.06865339378,-802.631622499359,1575.67670246603
"2018-09-21 02:00:00",304,305.615447532925,-471.930665877524,1083.16156094337,-883.53871494977,1494.76961001562
"2018-09-21 03:00:00",377,355.690276473899,-421.85583693655,1133.23638988435,-833.463886008796,1544.84443895659
"2018-09-21 04:00:00",867,845.750544669886,68.2044312594369,1623.29665808033,-343.403617812809,2034.90470715258
"2018-09-21 05:00:00",2919,2720.79908545371,1943.25297204326,3498.34519886416,1531.64492297101,3909.9532479364
"2018-09-21 06:00:00",5457,5425.83818082823,4648.29206741779,6203.38429423868,4236.68401834554,6614.99234331093
"2018-09-21 07:00:00",6539,6584.86966874806,5807.32355533761,7362.41578215851,5395.71550626537,7774.02383123076
"2018-09-21 08:00:00",5653,5893.89502952557,5116.34891611512,6671.44114293602,4704.74086704288,7083.04919200827
"2018-09-21 09:00:00",4981,5226.91545542349,4449.36934201304,6004.46156883393,4037.76129294079,6416.06961790618
"2018-09-21 10:00:00",4548,4852.9319067056,4075.38579329516,5630.47802011605,3663.77774422291,6042.0860691883
"2018-09-21 11:00:00",4937,5232.9451567808,4455.39904337036,6010.49127019125,4043.79099429811,6422.0993192635
"2018-09-21 12:00:00",5039,5301.95582856259,4524.40971515214,6079.50194197304,4112.80166607989,6491.10999104528
"2018-09-21 13:00:00",4901,5173.96442375353,4396.41831034308,5951.51053716398,3984.81026127084,6363.11858623623
"2018-09-21 14:00:00",5185,5329.97134643138,4552.42523302094,6107.51745984183,4140.81718394869,6519.12550891408
"2018-09-21 15:00:00",5973,5952.97692204558,5175.43080863513,6730.52303545603,4763.82275956289,7142.13108452828
"2018-09-21 16:00:00",6007,6685.9814127173,5908.43529930685,7463.52752612775,5496.82725023461,7875.1355752
"2018-09-21 17:00:00",5489,5686.98502956233,4909.43891615188,6464.53114297278,4497.83086707964,6876.13919204503
"2018-09-21 18:00:00",4607,4166.98794261606,3389.44182920561,4944.53405602651,2977.83378013336,5356.14210509875
"2018-09-21 19:00:00",3958,2881.99028882717,2104.44417541672,3659.53640223762,1692.83612634447,4071.14445130986
"2018-09-21 20:00:00",3255,2319.99217849592,1542.44606508547,3097.53829190636,1130.83801601322,3509.14634097861
"2018-09-21 21:00:00",2931,2157.99370045954,1380.44758704909,2935.53981386999,968.839537976848,3347.14786294224
"2018-09-21 22:00:00",2570,1772.99492626871,995.448812858265,2550.54103967916,583.84076378602,2962.14908875141
"2018-09-21 23:00:00",2179,1142.99591355126,365.449800140812,1920.54202696171,-46.1582489314339,2332.15007603395
"2018-09-22 00:00:00",1516,624.996708721381,-152.549404689068,1402.54282213183,-564.157453761314,1814.15087120408
"2018-09-22 01:00:00",1273,440.997349161671,-336.548764248778,1218.54346257212,-748.156813321024,1630.15151164437
"2018-09-22 02:00:00",1207,396.997864980556,-380.548248429893,1174.54397839101,-792.156297502139,1586.15202746325
"2018-09-22 03:00:00",611,308.998280427752,-468.547832982697,1086.5443938382,-880.155882054943,1498.15244291045
"2018-09-22 04:00:00",647,299.998615034291,-477.547498376158,1077.54472844474,-889.155547448403,1489.15277751699
"2018-09-22 05:00:00",960,539.998884530722,-237.547228879727,1317.54499794117,-649.155277951973,1729.15304701342
"2018-09-22 06:00:00",1635,985.999101586629,208.45298817618,1763.54521499708,-203.155060896065,2175.15326406932
"2018-09-22 07:00:00",2445,1310.99927640626,533.453162995813,2088.54538981671,121.845113923568,2500.15343888896
"2018-09-22 08:00:00",3415,1488.99941720825,711.453303797804,2266.5455306187,299.845254725559,2678.15357969095
"2018-09-22 09:00:00",3770,1754.999530612,977.453417201548,2532.54564402245,565.845368129302,2944.15369309469
"2018-09-22 10:00:00",4308,1977.99962194884,1200.45350853839,2755.54573535929,788.845459466142,3167.15378443153
"2018-09-22 11:00:00",4638,2152.99969551271,1375.45358210226,2930.54580892316,963.845533030013,3342.1538579954
"2018-09-22 12:00:00",4831,2146.999754762,1369.45364135155,2924.54586817245,957.845592279306,3336.1539172447
"2018-09-22 13:00:00",4565,1986.99980248215,1209.4536890717,2764.5459158926,797.845639999452,3176.15396496484
"2018-09-22 14:00:00",4654,1821.99984091657,1044.45372750612,2599.54595432702,632.845678433874,3011.15400339926
"2018-09-22 15:00:00",4589,1880.99987187215,1103.4537584617,2658.5459852826,691.845709389454,3070.15403435484
"2018-09-22 16:00:00",4582,1460.99989680417,683.453783393724,2238.54601021462,271.845734321478,2650.15405928687
"2018-09-22 17:00:00",4847,1477.99991688475,700.453803474298,2255.5460302952,288.845754402053,2667.15407936744
"2018-09-22 18:00:00",4620,1067.9999330579,290.453819647453,1845.54604646835,-121.154229424793,2257.1540955406
"2018-09-22 19:00:00",4347,880.999946083969,103.45383267352,1658.54605949442,-308.154216398726,2070.15410856666
"2018-09-22 20:00:00",3602,617.999956575332,-159.546156835117,1395.54606998578,-571.154205907363,1807.15411905803
"2018-09-22 21:00:00",2985,706.999965025211,-70.5461483852379,1484.54607843566,-482.154197457484,1896.15412750791
"2018-09-22 22:00:00",2480,593.999971830853,-183.546141579596,1371.5460852413,-595.154190651842,1783.15413431355
"2018-09-22 23:00:00",1871,525.999977312205,-251.546136098244,1303.54609072265,-663.15418517049,1715.1541397949
"2018-09-23 00:00:00",1249,352.999981726957,-424.546131683492,1130.54609513741,-836.154180755738,1542.15414420965
"2018-09-23 01:00:00",690,258.999985282655,-518.546128127794,1036.5460986931,-930.15417720004,1448.15414776535
"2018-09-23 02:00:00",565,197.99998814646,-579.546125263989,975.546101556909,-991.154174336235,1387.15415062915
"2018-09-23 03:00:00",319,150.999990453006,-626.546122957443,928.546103863455,-1038.15417202969,1340.1541529357
"2018-09-23 04:00:00",339,174.999992310727,-602.546121099721,952.546105721176,-1014.15417017197,1364.15415479342
"2018-09-23 05:00:00",514,300.999993806961,-476.546119603488,1078.54610721741,-888.154168675734,1490.15415628966
"2018-09-23 06:00:00",910,489.999995012046,-287.546118398403,1267.54610842249,-699.154167470649,1679.15415749474
"2018-09-23 07:00:00",1402,633.999995982637,-143.546117427812,1411.54610939309,-555.154166500057,1823.15415846533
"2018-09-23 08:00:00",2203,673.999996764364,-103.546116646085,1451.54611017481,-515.15416571833,1863.15415924706
"2018-09-23 09:00:00",3562,983.999997393977,206.453883983528,1761.54611080443,-205.154165088717,2173.15415987667
"2018-09-23 10:00:00",4594,1493.99999790108,716.453884490627,2271.54611131152,304.845835418381,2683.15416038377
"2018-09-23 11:00:00",4252,1793.9999983095,1016.45388489905,2571.54611171995,604.845835826804,2983.15416079219
"2018-09-23 12:00:00",3945,2036.99999863845,1259.453885228,2814.5461120489,847.845836155754,3226.15416112114
"2018-09-23 13:00:00",4107,2204.99999890339,1427.45388549294,2982.54611231384,1015.84583642069,3394.15416138608
"2018-09-23 14:00:00",4091,2405.99999911678,1628.45388570633,3183.54611252722,1216.84583663408,3595.15416159947
"2018-09-23 15:00:00",4195,2170.99999928864,1393.45388587819,2948.54611269909,981.845836805945,3360.15416177133
"2018-09-23 16:00:00",4413,2108.99999942706,1331.45388601661,2886.54611283751,919.845836944367,3298.15416190976
"2018-09-23 17:00:00",4117,1848.99999953855,1071.4538861281,2626.546112949,659.845837055853,3038.15416202124
"2018-09-23 18:00:00",3997,1658.99999962834,881.453886217891,2436.54611303879,469.845837145646,2848.15416211103
"2018-09-23 19:00:00",3516,1416.99999970066,639.453886290212,2194.54611311111,227.845837217966,2606.15416218335
"2018-09-23 20:00:00",2846,1641.99999975891,864.453886348459,2419.54611316936,452.845837276213,2831.1541622416
"2018-09-23 21:00:00",2346,2808.99999980582,2031.45388639537,3586.54611321627,1619.84583732313,3998.15416228852
"2018-09-23 22:00:00",1635,1202.99999984361,425.453886433157,1980.54611325405,13.8458373609114,2392.1541623263
"2018-09-23 23:00:00",934,705.999999874038,-71.5461135364106,1483.54611328449,-483.154162608656,1895.15416235673
"2018-09-24 00:00:00",509,406.999999898549,-370.5461135119,1184.546113309,-782.154162584146,1596.15416238124
"2018-09-24 01:00:00",344,271.99999991829,-505.546113492159,1049.54611332874,-917.154162564405,1461.15416240098
"2018-09-24 02:00:00",219,246.99999993419,-530.546113476259,1024.54611334464,-942.154162548505,1436.15416241688
"2018-09-24 03:00:00",328,356.999999946996,-420.546113463453,1134.54611335744,-832.154162535699,1546.15416242969
"2018-09-24 04:00:00",888,778.999999957309,1.45388654686053,1556.54611336776,-410.154162525385,1968.15416244
"2018-09-24 05:00:00",2954,2237.99999996562,1460.45388655517,3015.54611337607,1048.84583748292,3427.15416244831
"2018-09-24 06:00:00",5747,4363.99999997231,3586.45388656186,5141.54611338276,3174.84583748961,5553.154162455
"2018-09-24 07:00:00",6591,4962.9999999777,4185.45388656725,5740.54611338814,3773.845837495,6152.15416246039
"2018-09-24 08:00:00",5900,4462.99999998204,3685.45388657159,5240.54611339248,3273.84583749934,5652.15416246473
"2018-09-24 09:00:00",4936,4044.99999998553,3267.45388657508,4822.54611339598,2855.84583750284,5234.15416246823
"2018-09-24 10:00:00",4351,3625.99999998835,2848.4538865779,4403.5461133988,2436.84583750565,4815.15416247104
"2018-09-24 11:00:00",4468,3859.99999999061,3082.45388658017,4637.54611340106,2670.84583750792,5049.15416247331
"2018-09-24 12:00:00",4531,4148.99999999244,3371.45388658199,4926.54611340289,2959.84583750975,5338.15416247514
"2018-09-24 13:00:00",4433,4109.99999999391,3332.45388658346,4887.54611340436,2920.84583751122,5299.15416247661
"2018-09-24 14:00:00",4816,4386.9999999951,3609.45388658465,5164.54611340554,3197.8458375124,5576.15416247779
"2018-09-24 15:00:00",5443,4941.99999999605,4164.4538865856,5719.5461134065,3752.84583751336,6131.15416247875
"2018-09-24 16:00:00",6307,5787.99999999682,5010.45388658637,6565.54611340727,4598.84583751413,6977.15416247951
"2018-09-24 17:00:00",5562,5566.99999999744,4789.45388658699,6344.54611340789,4377.84583751474,6756.15416248013
"2018-09-24 18:00:00",4167,4060.99999999794,3283.45388658749,4838.54611340839,2871.84583751524,5250.15416248063
"2018-09-24 19:00:00",3253,2978.99999999834,2201.45388658789,3756.54611340879,1789.84583751564,4168.15416248103
"2018-09-24 20:00:00",2559,2555.99999999866,1778.45388658821,3333.54611340911,1366.84583751597,3745.15416248136
"2018-09-24 21:00:00",2084,2099.99999999892,1322.45388658847,2877.54611340937,910.845837516227,3289.15416248162
"2018-09-24 22:00:00",1392,1488.99999999913,711.453886588683,2266.54611340958,299.845837516437,2678.15416248183
"2018-09-24 23:00:00",826,977.999999999301,200.453886588852,1755.54611340975,-211.154162483394,2167.154162482
"2018-09-25 00:00:00",527,523.999999999437,-253.546113411012,1301.54611340989,-665.154162483258,1713.15416248213
"2018-09-25 01:00:00",302,335.999999999546,-441.546113410903,1113.54611341,-853.154162483148,1525.15416248224
"2018-09-25 02:00:00",234,270.999999999635,-506.546113410814,1048.54611341008,-918.15416248306,1460.15416248233
"2018-09-25 03:00:00",366,346.999999999706,-430.546113410743,1124.54611341015,-842.154162482989,1536.1541624824
"2018-09-25 04:00:00",880,897.999999999763,120.453886589314,1675.54611341021,-291.154162482932,2087.15416248246
"2018-09-25 05:00:00",3063,2847.99999999981,2070.45388658936,3625.54611341026,1658.84583751711,4037.1541624825
"2018-09-25 06:00:00",5833,5515.99999999985,4738.4538865894,6293.5461134103,4326.84583751715,6705.15416248254
"2018-09-25 07:00:00",6568,6207.99999999988,5430.45388658943,6985.54611341033,5018.84583751718,7397.15416248257
"2018-09-25 08:00:00",6080,5891.9999999999,5114.45388658945,6669.54611341035,4702.8458375172,7081.15416248259
"2018-09-25 09:00:00",5083,5676.99999999992,4899.45388658947,6454.54611341037,4487.84583751722,6866.15416248261
"2018-09-25 10:00:00",4385,4455.99999999994,3678.45388658949,5233.54611341038,3266.84583751724,5645.15416248263
"2018-09-25 11:00:00",4458,4714.99999999995,3937.4538865895,5492.5461134104,3525.84583751725,5904.15416248264
"2018-09-25 12:00:00",4580,4961.99999999996,4184.45388658951,5739.54611341041,3772.84583751726,6151.15416248265
"2018-09-25 13:00:00",4716,4912.99999999997,4135.45388658952,5690.54611341042,3723.84583751727,6102.15416248266
"2018-09-25 14:00:00",4973,5219.99999999997,4442.45388658952,5997.54611341042,4030.84583751728,6409.15416248267
"2018-09-25 15:00:00",5748,5843.99999999998,5066.45388658953,6621.54611341043,4654.84583751728,7033.15416248267
"2018-09-25 16:00:00",6597,6656.99999999998,5879.45388658953,7434.54611341043,5467.84583751729,7846.15416248268
"2018-09-25 17:00:00",5734,6276.99999999999,5499.45388658954,7054.54611341043,5087.84583751729,7466.15416248268
"2018-09-25 18:00:00",4320,4826.99999999999,4049.45388658954,5604.54611341044,3637.84583751729,6016.15416248268
"2018-09-25 19:00:00",3058,3480.99999999999,2703.45388658954,4258.54611341044,2291.8458375173,4670.15416248269
"2018-09-25 20:00:00",2765,2876.99999999999,2099.45388658954,3654.54611341044,1687.8458375173,4066.15416248269
"2018-09-25 21:00:00",2282,3417.99999999999,2640.45388658955,4195.54611341044,2228.8458375173,4607.15416248269
"2018-09-25 22:00:00",1571,3293.99999999999,2516.45388658955,4071.54611341044,2104.8458375173,4483.15416248269
"2018-09-25 23:00:00",924,1297,519.453886589547,2074.54611341045,107.845837517302,2486.15416248269
"2018-09-26 00:00:00",543,825.999999999997,48.4538865895479,1603.54611341045,-363.154162482698,2015.15416248269
"2018-09-26 01:00:00",358,593.999999999997,-183.546113410451,1371.54611341045,-595.154162482697,1783.15416248269
"2018-09-26 02:00:00",227,430.999999999998,-346.546113410451,1208.54611341045,-758.154162482697,1620.15416248269
"2018-09-26 03:00:00",358,520.999999999998,-256.546113410451,1298.54611341045,-668.154162482696,1710.15416248269
"2018-09-26 04:00:00",890,974.999999999999,197.45388658955,1752.54611341045,-214.154162482696,2164.15416248269
"2018-09-26 05:00:00",3052,2986,2208.45388658955,3763.54611341045,1796.8458375173,4175.15416248269
"2018-09-26 06:00:00",5930,5943,5165.45388658955,6720.54611341045,4753.8458375173,7132.15416248269
"2018-09-26 07:00:00",6193,6871,6093.45388658955,7648.54611341045,5681.8458375173,8060.15416248269
"2018-09-26 08:00:00",6032,6614,5836.45388658955,7391.54611341045,5424.8458375173,7803.15416248269
"2018-09-26 09:00:00",5320,5378,4600.45388658955,6155.54611341045,4188.8458375173,6567.1541624827
"2018-09-26 10:00:00",4523,4751,3973.45388658955,5528.54611341045,3561.84583751731,5940.1541624827
"2018-09-26 11:00:00",4721,4824,4046.45388658955,5601.54611341045,3634.84583751731,6013.1541624827
"2018-09-26 12:00:00",4793,5013,4235.45388658955,5790.54611341045,3823.84583751731,6202.1541624827
"2018-09-26 13:00:00",4624,5017,4239.45388658955,5794.54611341045,3827.84583751731,6206.1541624827
"2018-09-26 14:00:00",4928,5437,4659.45388658955,6214.54611341045,4247.8458375173,6626.1541624827
"2018-09-26 15:00:00",5693,5835,5057.45388658955,6612.54611341045,4645.8458375173,7024.1541624827
"2018-09-26 16:00:00",6334,7022,6244.45388658955,7799.54611341045,5832.8458375173,8211.1541624827
"2018-09-26 17:00:00",5954,6459,5681.45388658955,7236.54611341045,5269.8458375173,7648.1541624827
"2018-09-26 18:00:00",4661,4663,3885.45388658955,5440.54611341045,3473.84583751731,5852.1541624827
"2018-09-26 19:00:00",3639,3393,2615.45388658955,4170.54611341045,2203.84583751731,4582.1541624827
"2018-09-26 20:00:00",3197,3034,2256.45388658955,3811.54611341045,1844.84583751731,4223.1541624827
"2018-09-26 21:00:00",3475,2604,1826.45388658955,3381.54611341045,1414.84583751731,3793.15416248269
"2018-09-26 22:00:00",1973,1726,948.453886589551,2503.54611341045,536.845837517305,2915.15416248269
"2018-09-26 23:00:00",1209,1085,307.453886589551,1862.54611341045,-104.154162482695,2274.15416248269
"2018-09-27 00:00:00",654,561,-216.546113410449,1338.54611341045,-628.154162482695,1750.15416248269
"2018-09-27 01:00:00",421,351,-426.546113410449,1128.54611341045,-838.154162482695,1540.15416248269
"2018-09-27 02:00:00",312,275,-502.546113410449,1052.54611341045,-914.154162482695,1464.15416248269
"2018-09-27 03:00:00",373,361,-416.546113410449,1138.54611341045,-828.154162482695,1550.15416248269
"2018-09-27 04:00:00",919,909,131.453886589551,1686.54611341045,-280.154162482695,2098.15416248269
"2018-09-27 05:00:00",3002,2885,2107.45388658955,3662.54611341045,1695.84583751731,4074.15416248269
"2018-09-27 06:00:00",5685,5715,4937.45388658955,6492.54611341045,4525.8458375173,6904.1541624827
"2018-09-27 07:00:00",6589,6461,5683.45388658955,7238.54611341045,5271.8458375173,7650.1541624827
"2018-09-27 08:00:00",5946,6046,5268.45388658955,6823.54611341045,4856.8458375173,7235.1541624827
"2018-09-27 09:00:00",5181,5842,5064.45388658955,6619.54611341045,4652.8458375173,7031.1541624827
"2018-09-27 10:00:00",4500,4882,4104.45388658955,5659.54611341045,3692.84583751731,6071.1541624827
"2018-09-27 11:00:00",4670,5035,4257.45388658955,5812.54611341045,3845.84583751731,6224.1541624827
"2018-09-27 12:00:00",4849,5027,4249.45388658955,5804.54611341045,3837.84583751731,6216.1541624827
"2018-09-27 13:00:00",4787,5326.18604282048,4548.63992941003,6103.73215623093,4137.03188033778,6515.34020530317
"2018-09-27 14:00:00",4943,5568.83901632232,4791.29290291187,6346.38512973276,4379.68485383962,6757.99317880501
"2018-09-27 15:00:00",5892,6247.84327705668,5470.29716364623,7025.38939046713,5058.68911457398,7436.99743953937
"2018-09-27 16:00:00",6451,7209.65212162901,6432.10600821856,7987.19823503946,6020.49795914632,8398.80628411171
"2018-09-27 17:00:00",5968,6808.30357549932,6030.75746208887,7585.84968890977,5619.14941301662,7997.45773798201
"2018-09-27 18:00:00",4498,5061.82826486443,4284.28215145398,5839.37437827488,3872.67410238174,6250.98242734713
"2018-09-27 19:00:00",3419,3695.25085645904,2917.70474304859,4472.79696986949,2506.09669397634,4884.40501894173
"2018-09-27 20:00:00",2856,3080.59121718999,2303.04510377954,3858.13733060044,1891.43705470729,4269.74537967268
"2018-09-27 21:00:00",2649,2760.86534812077,1983.31923471033,3538.41146153122,1571.71118563808,3950.01951060347
"2018-09-27 22:00:00",2003,2052.0861367147,1274.54002330425,2829.63225012515,862.931974232007,3241.2402991974
"2018-09-27 23:00:00",1278,1167.26396270124,389.717849290793,1944.81007611169,-21.890199781453,2356.41812518394
"2018-09-28 00:00:00",699,632.407186048637,-145.138927361812,1409.95329945909,-556.746976434058,1821.56134853133
"2018-09-28 01:00:00",461,386.522539983335,-391.023573427114,1164.06865339378,-802.631622499359,1575.67670246603
"2018-09-28 02:00:00",301,305.615447532925,-471.930665877524,1083.16156094337,-883.53871494977,1494.76961001562
"2018-09-28 03:00:00",367,355.690276473899,-421.85583693655,1133.23638988435,-833.463886008796,1544.84443895659
"2018-09-28 04:00:00",870,845.750544669886,68.2044312594369,1623.29665808033,-343.403617812809,2034.90470715258
"2018-09-28 05:00:00",2751,2720.79908545371,1943.25297204326,3498.34519886416,1531.64492297101,3909.9532479364
"2018-09-28 06:00:00",5521,5425.83818082823,4648.29206741779,6203.38429423868,4236.68401834554,6614.99234331093
"2018-09-28 07:00:00",6401,6584.86966874806,5807.32355533761,7362.41578215851,5395.71550626537,7774.02383123076
"2018-09-28 08:00:00",5798,5893.89502952557,5116.34891611512,6671.44114293602,4704.74086704288,7083.04919200827
"2018-09-28 09:00:00",4791,5226.91545542349,4449.36934201304,6004.46156883393,4037.76129294079,6416.06961790618
"2018-09-28 10:00:00",4574,4852.9319067056,4075.38579329516,5630.47802011605,3663.77774422291,6042.0860691883
"2018-09-28 11:00:00",4863,5232.9451567808,4455.39904337036,6010.49127019125,4043.79099429811,6422.0993192635
"2018-09-28 12:00:00",5066,5301.95582856259,4524.40971515214,6079.50194197304,4112.80166607989,6491.10999104528
"2018-09-28 13:00:00",4898,5173.96442375353,4396.41831034308,5951.51053716398,3984.81026127084,6363.11858623623
"2018-09-28 14:00:00",5193,5329.97134643138,4552.42523302094,6107.51745984183,4140.81718394869,6519.12550891408
"2018-09-28 15:00:00",5838,5952.97692204558,5175.43080863513,6730.52303545603,4763.82275956289,7142.13108452828
"2018-09-28 16:00:00",6188,6685.9814127173,5908.43529930685,7463.52752612775,5496.82725023461,7875.1355752
"2018-09-28 17:00:00",5695,5686.98502956233,4909.43891615188,6464.53114297278,4497.83086707964,6876.13919204503
"2018-09-28 18:00:00",5104,4166.98794261606,3389.44182920561,4944.53405602651,2977.83378013336,5356.14210509875
"2018-09-28 19:00:00",4286,2881.99028882717,2104.44417541672,3659.53640223762,1692.83612634447,4071.14445130986
"2018-09-28 20:00:00",3538,2319.99217849592,1542.44606508547,3097.53829190636,1130.83801601322,3509.14634097861
"2018-09-28 21:00:00",3058,2157.99370045954,1380.44758704909,2935.53981386999,968.839537976848,3347.14786294224
"2018-09-28 22:00:00",2713,1772.99492626871,995.448812858265,2550.54103967916,583.84076378602,2962.14908875141
"2018-09-28 23:00:00",3544,1142.99591355126,365.449800140812,1920.54202696171,-46.1582489314339,2332.15007603395
"2018-09-29 00:00:00",1733,624.996708721381,-152.549404689068,1402.54282213183,-564.157453761314,1814.15087120408
"2018-09-29 01:00:00",867,440.997349161671,-336.548764248778,1218.54346257212,-748.156813321024,1630.15151164437
"2018-09-29 02:00:00",524,396.997864980556,-380.548248429893,1174.54397839101,-792.156297502139,1586.15202746325
"2018-09-29 03:00:00",359,308.998280427752,-468.547832982697,1086.5443938382,-880.155882054943,1498.15244291045
"2018-09-29 04:00:00",425,299.998615034291,-477.547498376158,1077.54472844474,-889.155547448403,1489.15277751699
"2018-09-29 05:00:00",743,539.998884530722,-237.547228879727,1317.54499794117,-649.155277951973,1729.15304701342
"2018-09-29 06:00:00",1359,985.999101586629,208.45298817618,1763.54521499708,-203.155060896065,2175.15326406932
"2018-09-29 07:00:00",2036,1310.99927640626,533.453162995813,2088.54538981671,121.845113923568,2500.15343888896
"2018-09-29 08:00:00",3073,1488.99941720825,711.453303797804,2266.5455306187,299.845254725559,2678.15357969095
"2018-09-29 09:00:00",3725,1754.999530612,977.453417201548,2532.54564402245,565.845368129302,2944.15369309469
"2018-09-29 10:00:00",4059,1977.99962194884,1200.45350853839,2755.54573535929,788.845459466142,3167.15378443153
"2018-09-29 11:00:00",4378,2152.99969551271,1375.45358210226,2930.54580892316,963.845533030013,3342.1538579954
"2018-09-29 12:00:00",4657,2146.999754762,1369.45364135155,2924.54586817245,957.845592279306,3336.1539172447
"2018-09-29 13:00:00",4553,1986.99980248215,1209.4536890717,2764.5459158926,797.845639999452,3176.15396496484
"2018-09-29 14:00:00",4618,1821.99984091657,1044.45372750612,2599.54595432702,632.845678433874,3011.15400339926
"2018-09-29 15:00:00",4564,1880.99987187215,1103.4537584617,2658.5459852826,691.845709389454,3070.15403435484
"2018-09-29 16:00:00",4735,1460.99989680417,683.453783393724,2238.54601021462,271.845734321478,2650.15405928687
"2018-09-29 17:00:00",4878,1477.99991688475,700.453803474298,2255.5460302952,288.845754402053,2667.15407936744
"2018-09-29 18:00:00",4569,1067.9999330579,290.453819647453,1845.54604646835,-121.154229424793,2257.1540955406
"2018-09-29 19:00:00",3818,880.999946083969,103.45383267352,1658.54605949442,-308.154216398726,2070.15410856666
"2018-09-29 20:00:00",3338,617.999956575332,-159.546156835117,1395.54606998578,-571.154205907363,1807.15411905803
"2018-09-29 21:00:00",2950,706.999965025211,-70.5461483852379,1484.54607843566,-482.154197457484,1896.15412750791
"2018-09-29 22:00:00",2607,593.999971830853,-183.546141579596,1371.5460852413,-595.154190651842,1783.15413431355
"2018-09-29 23:00:00",3856,525.999977312205,-251.546136098244,1303.54609072265,-663.15418517049,1715.1541397949
"2018-09-30 00:00:00",1826,352.999981726957,-424.546131683492,1130.54609513741,-836.154180755738,1542.15414420965
"2018-09-30 01:00:00",920,258.999985282655,-518.546128127794,1036.5460986931,-930.15417720004,1448.15414776535
"2018-09-30 02:00:00",696,197.99998814646,-579.546125263989,975.546101556909,-991.154174336235,1387.15415062915
"2018-09-30 03:00:00",364,150.999990453006,-626.546122957443,928.546103863455,-1038.15417202969,1340.1541529357
"2018-09-30 04:00:00",335,174.999992310727,-602.546121099721,952.546105721176,-1014.15417017197,1364.15415479342
"2018-09-30 05:00:00",444,300.999993806961,-476.546119603488,1078.54610721741,-888.154168675734,1490.15415628966
"2018-09-30 06:00:00",802,489.999995012046,-287.546118398403,1267.54610842249,-699.154167470649,1679.15415749474
"2018-09-30 07:00:00",1175,633.999995982637,-143.546117427812,1411.54610939309,-555.154166500057,1823.15415846533
"2018-09-30 08:00:00",2002,673.999996764364,-103.546116646085,1451.54611017481,-515.15416571833,1863.15415924706
"2018-09-30 09:00:00",2882,983.999997393977,206.453883983528,1761.54611080443,-205.154165088717,2173.15415987667
"2018-09-30 10:00:00",3701,1493.99999790108,716.453884490627,2271.54611131152,304.845835418381,2683.15416038377
"2018-09-30 11:00:00",4049,1793.9999983095,1016.45388489905,2571.54611171995,604.845835826804,2983.15416079219
"2018-09-30 12:00:00",4429,2036.99999863845,1259.453885228,2814.5461120489,847.845836155754,3226.15416112114
"2018-09-30 13:00:00",4547,2204.99999890339,1427.45388549294,2982.54611231384,1015.84583642069,3394.15416138608
"2018-09-30 14:00:00",4380,2405.99999911678,1628.45388570633,3183.54611252722,1216.84583663408,3595.15416159947
"2018-09-30 15:00:00",4302,2170.99999928864,1393.45388587819,2948.54611269909,981.845836805945,3360.15416177133
"2018-09-30 16:00:00",4283,2108.99999942706,1331.45388601661,2886.54611283751,919.845836944367,3298.15416190976
"2018-09-30 17:00:00",4132,1848.99999953855,1071.4538861281,2626.546112949,659.845837055853,3038.15416202124
"2018-09-30 18:00:00",3947,1658.99999962834,881.453886217891,2436.54611303879,469.845837145646,2848.15416211103
"2018-09-30 19:00:00",3543,1416.99999970066,639.453886290212,2194.54611311111,227.845837217966,2606.15416218335
"2018-09-30 20:00:00",2781,1641.99999975891,864.453886348459,2419.54611316936,452.845837276213,2831.1541622416
"2018-09-30 21:00:00",2159,2808.99999980582,2031.45388639537,3586.54611321627,1619.84583732313,3998.15416228852
"2018-09-30 22:00:00",1450,1202.99999984361,425.453886433157,1980.54611325405,13.8458373609114,2392.1541623263
"2018-09-30 23:00:00",954,705.999999874038,-71.5461135364106,1483.54611328449,-483.154162608656,1895.15416235673
