"date_time","actual","forecast","lo80","hi80","lo95","hi95"
"2018-07-01 00:00:00",1314,1516.74196348451,1094.46034970417,1939.02357726485,870.917966545917,2162.5659604231
"2018-07-01 01:00:00",848,1065.69574255742,521.64403376687,1609.74745134796,233.640456117337,1897.7510289975
"2018-07-01 02:00:00",703,677.652534759559,104.205907236955,1251.09916228216,-199.358400436512,1554.66346995563
"2018-07-01 03:00:00",419,286.76325743007,-292.490092380195,866.016607240335,-599.12829315287,1172.65480801301
"2018-07-01 04:00:00",372,32.6093196441523,-553.552211884498,618.770851172802,-863.847383157956,929.066022446261
"2018-07-01 05:00:00",529,389.721684132033,-209.190028677117,988.633396941183,-526.234738211612,1305.67810647568
"2018-07-01 06:00:00",979,1115.9594756559,510.576100208311,1721.3428511035,190.10549941551,2041.8134518963
"2018-07-01 07:00:00",1237,1567.20779019199,961.778054374148,2172.63752600983,641.282911883789,2493.13266850019
"2018-07-01 08:00:00",1682,1828.98980991013,1223.03679637472,2434.94282344554,902.264647393378,2755.71497242688
"2018-07-01 09:00:00",2495,2506.68151365912,1900.48647796371,3112.87654935452,1579.58621018994,3433.77681712829
"2018-07-01 10:00:00",2924,3442.4155388752,2833.36999252119,4051.4610852292,2510.96075555471,4373.87032219568
"2018-07-01 11:00:00",3323,4344.54531128522,3734.56721464166,4954.52340792878,3411.66431537178,5277.42630719866
"2018-07-01 12:00:00",3696,4702.18087541161,4091.7342089876,5312.62754183562,3768.58326385927,5635.77848696395
"2018-07-01 13:00:00",4084,4366.79100967682,3755.35255343043,4978.2294659232,3431.67658648431,5301.90543286932
"2018-07-01 14:00:00",4187,4161.11061171661,3549.58406483058,4772.63715860263,3225.86146551669,5096.35975791652
"2018-07-01 15:00:00",4365,4207.90496003202,3594.90443908946,4820.90548097459,3270.40156504288,5145.40835502117
"2018-07-01 16:00:00",4380,4562.0189356585,3948.80950790377,5175.22836341324,3624.19604527098,5499.84182604603
"2018-07-01 17:00:00",4049,4323.76036765038,3709.8732460152,4937.64748928555,3384.90103391252,5262.61970138823
"2018-07-01 18:00:00",3680,3811.25683865008,3196.70672328611,4425.80695401405,2871.38354350377,4751.13013379639
"2018-07-01 19:00:00",3404,3040.45398043294,2425.76829165196,3655.13966921391,2100.37334363785,3980.53461722802
"2018-07-01 20:00:00",3018,2588.41561300307,1972.77955003361,3204.05167597254,1646.88150431395,3529.9497216922
"2018-07-01 21:00:00",2640,2268.34116472825,1652.66969392612,2884.01263553038,1326.75290443207,3209.92942502443
"2018-07-01 22:00:00",2152,1895.67793652995,1279.37177090186,2511.98410215805,953.118994262406,2838.2368787975
"2018-07-01 23:00:00",3078,1302.17268532425,685.520867820171,1918.82450282832,359.08511413038,2245.26025651811
"2018-07-02 00:00:00",1043,807.387674531291,176.089402882924,1438.68594617966,-158.099715285424,1772.87506434801
"2018-07-02 01:00:00",523,322.604532992871,-320.917745502826,966.126811488568,-661.577862012619,1306.78692799836
"2018-07-02 02:00:00",425,64.3294104188356,-581.272109507308,709.930930344979,-923.032909943077,1051.69173078075
"2018-07-02 03:00:00",398,293.69139616405,-351.913587661397,939.296379989497,-693.676221774693,1281.05901410279
"2018-07-02 04:00:00",896,1212.24215187633,566.528857312319,1857.95544644035,224.708886957447,2199.77541679522
"2018-07-02 05:00:00",2931,2916.02297142231,2268.27384216293,3563.77210068168,1925.37616601963,3906.66977682498
"2018-07-02 06:00:00",5305,4687.09080237954,4037.67725383506,5336.50435092402,3693.89848734489,5680.28311741419
"2018-07-02 07:00:00",5936,5547.37173023953,4897.95556454182,6196.78789593725,4554.1754126144,6540.56804786466
"2018-07-02 08:00:00",4859,5357.0703563212,4706.99946250626,6007.14125013613,4362.87271844965,6351.26799419274
"2018-07-02 09:00:00",4473,4808.24170150936,4158.16357494677,5458.31982807195,3814.03300210482,5802.4504009139
"2018-07-02 10:00:00",4172,4382.98720880707,3732.07032856823,5033.90408904592,3387.49574635065,5378.4786712635
"2018-07-02 11:00:00",4498,4335.99024384138,3684.57076867873,4987.40971900404,3339.73012877982,5332.25035890295
"2018-07-02 12:00:00",4617,4501.51743480023,3849.9574476924,5153.07742190806,3505.04242526282,5497.99244433764
"2018-07-02 13:00:00",4667,4714.99564135105,4062.81893181729,5367.17235088481,3717.57743625619,5712.41384644591
"2018-07-02 14:00:00",4728,5140.73440529271,4488.5574784122,5792.91133217322,4143.31586779468,6138.15294279075
"2018-07-02 15:00:00",5115,5585.97846026463,4933.2250236481,6238.73189688116,4587.67822721121,6584.27869331805
"2018-07-02 16:00:00",5853,5895.05494387918,5242.10781369556,6548.00207406281,4896.45848207793,6893.65140568044
"2018-07-02 17:00:00",5241,5399.77159228737,4746.61609057841,6052.92709399632,4400.85645373831,6398.68673083642
"2018-07-02 18:00:00",3922,4405.68478510691,3752.12194111378,5059.24762910005,3406.1466702939,5405.22289991993
"2018-07-02 19:00:00",3183,3228.22506632263,2574.65286976541,3881.79726287984,2228.67264799717,4227.77748464808
"2018-07-02 20:00:00",2792,2501.95398648665,1847.95727611572,3155.95069685758,1501.75233030906,3502.15564266424
"2018-07-02 21:00:00",2552,2085.04296696835,1430.97942520682,2739.10650872987,1084.73910099903,3085.34683293767
"2018-07-02 22:00:00",2118,1767.71001287554,1113.42841730833,2421.99160844276,767.072662388446,2768.34736336264
"2018-07-02 23:00:00",1461,1296.7759831855,642.259001323201,1951.29296504781,295.778640425578,2297.77332594543
"2018-07-03 00:00:00",722,807.261142581614,149.285774603378,1465.23651055985,-199.025345316208,1813.54763047944
"2018-07-03 01:00:00",455,273.890656578381,-387.7204136696,935.501726826362,-737.956158112988,1285.73747126975
"2018-07-03 02:00:00",340,-21.8128802503004,-684.129212207323,640.503451706722,-1034.73829964753,991.112539146927
"2018-07-03 03:00:00",391,238.933190785575,-423.397175111365,901.263556682515,-774.013691670603,1251.88007324175
"2018-07-03 04:00:00",863,1284.08180264578,621.751365747406,1946.41223954415,271.13481160228,2297.02879368927
"2018-07-03 05:00:00",2836,3107.38538298427,2444.54276706014,3770.2279989084,2093.65508171658,4121.11568425196
"2018-07-03 06:00:00",5264,4972.2267563279,4308.75475469947,5635.69875795633,3957.53389268974,5986.91961996606
"2018-07-03 07:00:00",5737,5904.9319142117,5241.45729863035,6568.40652979305,4890.23505287752,6919.62877554588
"2018-07-03 08:00:00",5017,5767.54625939214,5103.82013221956,6431.27238656473,4752.46474427285,6782.62777451143
"2018-07-03 09:00:00",4373,5132.31626931589,4468.56308325153,5796.06945538026,4117.19337119276,6147.43916743902
"2018-07-03 10:00:00",4099,4567.04196094422,3903.05414799774,5231.0297738907,3551.56023197018,5582.52368991826
"2018-07-03 11:00:00",4415,4429.0421292623,3764.82151131512,5093.26274720947,3413.20435576453,5444.87990276007
"2018-07-03 12:00:00",4775,4585.16707235351,3920.92562029995,5249.40852440707,3569.29743583965,5601.03670886737
"2018-07-03 13:00:00",4799,4900.91826670622,4236.43764938279,5565.39888402964,3884.68285847634,5917.15367493609
"2018-07-03 14:00:00",4968,5397.25803053486,4732.76776364986,6061.74829741986,4381.00786457407,6413.50819649565
"2018-07-03 15:00:00",5526,5858.10976493156,5193.44174516259,6522.77778470053,4841.58774939398,6874.63178046913
"2018-07-03 16:00:00",6135,6078.41688301805,5413.6419705306,6743.19179550551,5061.7313891749,7095.10237686121
"2018-07-03 17:00:00",5092,5588.41378989274,4923.59440544395,6253.23317434152,4571.66028205399,6605.16729773148
"2018-07-03 18:00:00",4313,4669.05865361795,4004.07156442879,5334.0457428071,3652.04866351193,5686.06864372396
"2018-07-03 19:00:00",3308,3547.62499107264,2882.6376617292,4212.61232041607,2530.61463368233,4564.63534846294
"2018-07-03 20:00:00",3055,2805.30490463811,2140.17596524826,3470.43384402796,1788.07797337105,3822.53183590517
"2018-07-03 21:00:00",2700,2391.97095548862,1726.79560185248,3057.14630912476,1374.67303975746,3409.26887121978
"2018-07-03 22:00:00",2176,2087.43179966219,1422.20119417727,2752.66240514711,1070.04938352028,3104.8142158041
"2018-07-03 23:00:00",1741,1468.52667761189,803.191290902445,2133.86206432133,450.984012415749,2486.06934280803
"2018-07-04 00:00:00",1021,488.876786259745,-178.197967634279,1155.95154015377,-531.32601148925,1509.07958400874
"2018-07-04 01:00:00",605,-127.330678676006,-796.248270442672,541.586913090659,-1150.35185373953,895.690496387513
"2018-07-04 02:00:00",573,-447.560996442945,-1116.92991120771,221.807918321825,-1471.27241046794,576.150417582051
"2018-07-04 03:00:00",353,-143.519638654058,-812.888634636767,525.84935732865,-1167.23117689117,880.191899583055
"2018-07-04 04:00:00",354,957.053360298761,287.683715370133,1626.42300522739,-66.6591704154906,1980.76589101301
"2018-07-04 05:00:00",698,2761.90819423213,2092.32654587651,3431.48984258775,1737.87143225581,3785.94495620846
"2018-07-04 06:00:00",1141,4555.69881101878,3885.82522701093,5225.57239502663,3531.21557199108,5580.18205004648
"2018-07-04 07:00:00",1128,5489.63296148725,4819.75252634703,6159.51339662747,4465.13924455677,6514.12667841773
"2018-07-04 08:00:00",1275,5423.59718365137,4753.62667326017,6093.56769404257,4398.96570851237,6448.22865879038
"2018-07-04 09:00:00",1687,4875.28596614475,4205.30022879152,5545.27170349798,3850.63120337692,5899.94072891258
"2018-07-04 10:00:00",1920,4333.06566580741,3662.99385041726,5003.13748119756,3308.2792580424,5357.85207357241
"2018-07-04 11:00:00",2603,4157.42744380411,3487.24959770851,4827.60528989971,3132.47887606871,5182.37601153952
"2018-07-04 12:00:00",2761,4298.2191432287,3628.03746218204,4968.40082427536,3273.26471044177,5323.17357601562
"2018-07-04 13:00:00",2929,4590.29153179502,3920.01480985091,5260.56825373914,3565.19174649862,5615.39131709142
"2018-07-04 14:00:00",3318,5068.6598288535,4398.37576294052,5738.94389476649,4043.54881192595,6093.77084578106
"2018-07-04 15:00:00",3070,5510.22295048219,4839.87357202369,6180.57232894069,4485.01204663601,6535.43385432837
"2018-07-04 16:00:00",3224,5709.0148690098,5038.61509236379,6379.41464565581,4683.72688778721,6734.30285023239
"2018-07-04 17:00:00",3045,5254.76677236844,4584.35432183146,5925.17922290542,4229.45940810227,6280.07413663462
"2018-07-04 18:00:00",2664,4381.76376129156,3711.28175429542,5052.2457682877,3356.35001960094,5407.17750298218
"2018-07-04 19:00:00",2596,3258.71446905984,2588.23149484252,3929.19744327715,2233.29924813208,4284.1296899876
"2018-07-04 20:00:00",2503,2390.81002880162,1720.27342988329,3061.34662771994,1365.31279597087,3416.30726163236
"2018-07-04 21:00:00",2582,1841.85176807775,1171.29176617195,2512.41176998354,816.318743466317,2867.38479268917
"2018-07-04 22:00:00",2030,1461.1919563229,790.614090704526,2131.76982194127,435.631611520677,2486.75230112512
"2018-07-04 23:00:00",1936,1012.2919930013,341.669080031444,1682.91490597116,-13.3372457798158,2037.92123178242
"2018-07-05 00:00:00",971,911.391651205998,237.644182030795,1585.1391203812,-119.016183922545,1941.79948633454
"2018-07-05 01:00:00",476,331.639594519868,-344.753698796667,1008.0328878364,-702.814679445676,1366.09386848541
"2018-07-05 02:00:00",317,-11.6306595571001,-688.740757000622,665.479437886422,-1047.18119083342,1023.91987171922
"2018-07-05 03:00:00",338,258.868538278096,-418.281454258773,936.018530814965,-776.743007278273,1294.48008383447
"2018-07-05 04:00:00",754,1344.6421910603,667.4486210885,2021.8357610321,308.963999568409,2380.32038255219
"2018-07-05 05:00:00",2412,3110.03273246295,2432.53401785695,3787.53144706895,2073.88786252503,4146.17760240087
"2018-07-05 06:00:00",4500,4870.06463380282,4192.27438833557,5547.85487927008,3833.4739058879,5906.65536171775
"2018-07-05 07:00:00",4966,5840.57506949395,5162.77798278584,6518.37215620206,4803.97387880402,6877.17626018388
"2018-07-05 08:00:00",4440,5835.54266897993,5157.68827247038,6513.39706548948,4798.85383051226,6872.23150744759
"2018-07-05 09:00:00",4205,5290.86306932284,4613.00630240531,5968.71983624036,4254.170605629,6327.55553301667
"2018-07-05 10:00:00",4154,4719.65029762018,4041.6997058054,5397.60088943496,3682.8143411287,5756.48625411166
"2018-07-05 11:00:00",4201,4518.39507141093,3840.36381436269,5196.42632845916,3481.43574809081,5555.35439473104
"2018-07-05 12:00:00",4416,4701.93986828669,4023.90204313389,5379.97769343949,3664.97049991749,5738.9092366559
"2018-07-05 13:00:00",4491,5091.48444554305,4413.37418030057,5769.59471078554,4054.40428961708,6128.56460146903
"2018-07-05 14:00:00",4708,5593.50181580436,4915.38996488068,6271.61366672804,4556.41923478827,6630.58439682045
"2018-07-05 15:00:00",5066,5964.53168052637,5286.35804511973,6642.70531593301,4927.3546082977,7001.70875275504
"2018-07-05 16:00:00",5908,6050.39556607773,5372.18889779188,6728.60223436358,5013.16797441989,7087.62315773557
"2018-07-05 17:00:00",5223,5594.66573998975,4916.44318110411,6272.8882988754,4557.41384575671,6631.9176342228
"2018-07-05 18:00:00",4115,4804.62075909657,4126.34565529549,5482.89586289765,3767.28850435008,5841.95301384307
"2018-07-05 19:00:00",3099,3865.20311663406,3186.9280118934,4543.47822137472,2827.8708604506,4902.53537281752
"2018-07-05 20:00:00",2713,3135.98722398155,2457.66490770376,3814.30954025934,2098.58276398287,4173.39168398023
"2018-07-05 21:00:00",2633,2637.78747781432,1959.4516578941,3316.12329773455,1600.36236577671,3675.21258985194
"2018-07-05 22:00:00",2002,2237.09019435667,1558.73496179608,2915.44542691726,1199.63539324763,3274.54499546571
"2018-07-05 23:00:00",1287,1718.45072451418,1040.06284780192,2396.83860122645,680.945998483428,2755.95545054494
"2018-07-06 00:00:00",743,1096.56361357832,417.151307548898,1775.97591960775,57.4921581077829,2135.63506904886
"2018-07-06 01:00:00",435,417.153751829844,-263.219502861516,1097.5270065212,-623.387347796282,1457.69485145597
"2018-07-06 02:00:00",372,12.4794586610256,-668.129452450994,693.088369773046,-1028.42204635934,1053.38096368139
"2018-07-06 03:00:00",343,250.121667756985,-430.489771055971,930.733106569941,-790.783703048366,1291.02703856234
"2018-07-06 04:00:00",752,1293.45047283374,612.833819971484,1974.06712569599,252.537127828119,2334.36381783936
"2018-07-06 05:00:00",2453,2960.21531173679,2279.48167397026,3640.94894950333,1919.12305375936,4001.30756971422
"2018-07-06 06:00:00",4489,4608.35809844424,3927.49446766697,5289.2217292215,3567.06703331295,5649.64916357553
"2018-07-06 07:00:00",5069,5545.03990219508,4864.1741473952,6225.90565699495,4503.74558865152,6586.33421573863
"2018-07-06 08:00:00",4489,5600.27642819887,4919.37505606904,6281.1778003287,4558.92764264981,6641.62521374793
"2018-07-06 09:00:00",4305,5159.13619052202,4478.23166353656,5840.04071750747,4117.78258003764,6200.48980100639
"2018-07-06 10:00:00",4215,4715.75083728479,4034.80345784146,5396.69821672812,3674.33168962162,5757.16998494796
"2018-07-06 11:00:00",4547,4631.24012770117,3950.25088881193,5312.22936659042,3589.75696153996,5672.72329386239
"2018-07-06 12:00:00",4684,4901.8416370623,4220.84943354398,5582.83384058063,3860.35393689216,5943.32933723244
"2018-07-06 13:00:00",4594,5317.59212202235,4636.56071839054,5998.62352565417,4276.04447045213,6359.13977359258
"2018-07-06 14:00:00",4818,5712.74586362982,5031.71294914532,6393.77877811432,4671.19590140982,6754.29582584983
"2018-07-06 15:00:00",5182,5891.529349934,5210.46600671242,6572.59269315557,4849.93285097652,6933.12584889147
"2018-07-06 16:00:00",5353,5796.89423017441,5115.81244209413,6477.97601825468,4755.26952223984,6838.51893810897
"2018-07-06 17:00:00",4822,5326.31269608619,4645.22360611479,6007.40178605759,4284.67682087282,6367.94857129955
"2018-07-06 18:00:00",4089,4668.47468700745,3987.35739878388,5349.59197523101,3626.79568628891,5710.15368772598
"2018-07-06 19:00:00",3390,3944.38223197016,3263.26490120076,4625.49956273955,2902.70316618339,4986.06129775692
"2018-07-06 20:00:00",2966,3354.05951519485,2672.91822696602,4035.20080342369,2312.3438096357,4395.775220754
"2018-07-06 21:00:00",2903,2869.11289741065,2187.96366303704,3550.26213178426,1827.38503927177,3910.84075554953
"2018-07-06 22:00:00",2533,2423.43039226842,1742.27191414833,3104.58887038852,1381.68839703925,3465.17238749759
"2018-07-06 23:00:00",2227,1933.33130920526,1252.15509734734,2614.50752106319,891.562192564525,2975.100425846
"2018-07-07 00:00:00",1233,1458.05548766492,776.479857819792,2139.63111751005,415.675513926623,2500.43546140322
"2018-07-07 01:00:00",689,972.188375006769,290.213386140017,1654.16336387352,-70.8023656490116,2015.17911566255
"2018-07-07 02:00:00",604,555.815338372976,-126.259360361886,1237.89003710784,-487.327895366698,1598.95857211265
"2018-07-07 03:00:00",382,314.857628217192,-367.217527966531,996.932784400914,-728.286305130142,1358.00156156453
"2018-07-07 04:00:00",429,354.856010806736,-327.220009032351,1036.93203064582,-688.289243387495,1398.00126500097
"2018-07-07 05:00:00",769,750.434120242979,68.3116290889061,1432.55661139705,-292.782205694392,1793.65044618035
"2018-07-07 06:00:00",1246,1389.28672218189,707.105903938569,2071.46754042522,345.981192659329,2432.59225170446
"2018-07-07 07:00:00",1710,2070.94427034518,1388.76215264911,2753.12638804124,1027.63675348114,3114.25178720921
"2018-07-07 08:00:00",2428,2734.5879172759,2052.38918060712,3416.78665394469,1691.25498388641,3777.9208506654
"2018-07-07 09:00:00",3029,3409.41097366426,2727.20998580745,4091.61196152106,2366.0745973798,4452.74734994872
"2018-07-07 10:00:00",3386,4030.36858994874,3348.14985756752,4712.58732232996,2987.00507575604,5073.73210414143
"2018-07-07 11:00:00",4045,4499.9798821864,3817.74113070902,5182.21863366378,3456.58575142819,5543.37401294461
"2018-07-07 12:00:00",4160,4710.618658374,4028.37898666123,5392.85833008678,3667.2231202372,5754.01419651081
"2018-07-07 13:00:00",4118,4691.29266238974,4009.03492021065,5373.55040456883,3647.86948785959,5734.71583691989
"2018-07-07 14:00:00",3992,4621.95926934598,3939.70041536379,5304.21812332817,3578.53439445973,5665.38414423223
"2018-07-07 15:00:00",4022,4580.84591524027,3898.57401559519,5263.11781488536,3537.40108873434,5624.29074174621
"2018-07-07 16:00:00",4289,4555.14695036909,3872.86582071514,5237.42808002303,3511.68800778275,5598.60589295542
"2018-07-07 17:00:00",4085,4364.58205064828,3682.29818350266,5046.8659177939,3321.11892142971,5408.04517986685
"2018-07-07 18:00:00",3986,4031.89147199649,3349.59442742106,4714.18851657193,2988.40818963813,5075.37475435485
"2018-07-07 19:00:00",3416,3606.63363311085,2924.3364828451,4288.9307833766,2563.1501891131,4650.1170771086
"2018-07-07 20:00:00",3191,3269.06432257403,2586.75663907466,3951.3720060734,2225.5647693856,4312.56387576245
"2018-07-07 21:00:00",3616,3012.77772906013,2330.46587142067,3695.08958669959,1969.27179207533,4056.28366604494
"2018-07-07 22:00:00",3055,2732.8814241101,2050.56586032682,3415.19698789339,1689.36981906744,3776.39302915277
"2018-07-07 23:00:00",2246,2276.28820220919,1593.96418749533,2958.61221692306,1232.76367258354,3319.81273183485
"2018-07-08 00:00:00",1423,1690.22036447562,1007.68925639809,2372.75147255316,646.379112881731,2734.06161606951
"2018-07-08 01:00:00",786,1037.85536100769,355.119024105831,1720.59169790954,-6.29976098757425,2082.01048300294
"2018-07-08 02:00:00",693,514.413243104346,-168.376748613464,1197.20323482216,-529.823936850732,1558.65042305942
"2018-07-08 03:00:00",357,268.849623026865,-413.940930233182,951.640176286912,-775.388415732953,1313.08766178668
"2018-07-08 04:00:00",327,328.107184749721,-354.683970466203,1010.89833996564,-716.131774622167,1372.34614412161
"2018-07-08 05:00:00",476,629.727231090593,-53.0868372429887,1312.54129942417,-414.546770870755,1674.00123305194
"2018-07-08 06:00:00",876,1024.84808489806,342.005048603429,1707.6911211927,-19.4702197366187,2069.16638953275
"2018-07-08 07:00:00",1084,1425.35459492397,742.510739121773,2108.19845072616,381.035036960629,2469.67415288731
"2018-07-08 08:00:00",1920,1921.95206836356,1239.10060228482,2604.8035344423,877.620871486617,2966.2832652405
"2018-07-08 09:00:00",2584,2620.56344288303,1937.7108757491,3303.41601001696,1576.2305620875,3664.89632367856
"2018-07-08 10:00:00",3236,3410.62270393054,2727.76174688065,4093.48366098043,2366.27699186582,4454.96841599526
"2018-07-08 11:00:00",3837,4055.32302586209,3372.45227968497,4738.19377203922,3010.9623426192,5099.68370910499
"2018-07-08 12:00:00",4075,4340.90800565817,3658.03689116295,5023.77912015339,3296.54675912136,5385.26925219498
"2018-07-08 13:00:00",4211,4292.15877329945,3609.27909721212,4975.03844938677,3247.78443293745,5336.53311366145
"2018-07-08 14:00:00",4470,4177.60662362041,3494.72636502064,4860.48688222018,3133.2313923825,5221.98185485832
"2018-07-08 15:00:00",4397,4178.86438076431,3495.97799632395,4861.75076520466,3134.47978086169,5223.24898066693
"2018-07-08 16:00:00",4514,4278.10515226231,3595.21424659462,4960.99605792999,3233.71363773918,5322.49666678543
"2018-07-08 17:00:00",4297,4202.24204937402,3519.34992119519,4885.13417755284,3157.84866518145,5246.63543356658
"2018-07-08 18:00:00",3953,3828.97009290047,3146.07166046937,4511.86852533157,2784.56706718606,4873.37311861488
"2018-07-08 19:00:00",3969,3187.67048001258,2504.77198051861,3870.56897950655,2143.26735173437,4232.0736082908
"2018-07-08 20:00:00",3571,2559.59148584694,1876.68802146589,3242.494950228,1515.18076442918,3604.0022072647
"2018-07-08 21:00:00",2948,2116.01175834051,1433.10622871043,2798.91728797058,1071.59787839693,3160.42563828408
"2018-07-08 22:00:00",2039,1823.61781033256,1140.71058354713,2506.52503711798,779.201334813857,2868.03428585126
"2018-07-08 23:00:00",1339,1464.53699054656,781.625694095222,2147.4482869979,420.114291010949,2508.95969008217
"2018-07-09 00:00:00",676,927.746736089827,244.683411254055,1610.8100609256,-116.908470795568,1972.40194297522
"2018-07-09 01:00:00",423,289.370465225059,-393.833383807843,972.57431425796,-755.499654873924,1334.24058532404
"2018-07-09 02:00:00",320,-65.5705163641695,-748.811851032706,617.670818304367,-1110.49796579563,979.356933067286
"2018-07-09 03:00:00",348,273.535785792782,-409.706559999497,956.77813158506,-771.393210018993,1318.46478160456
"2018-07-09 04:00:00",903,1424.28299034272,741.039568012309,2107.52641267313,379.352348107952,2469.21363257748
"2018-07-09 05:00:00",2977,3077.23761368262,2393.97829973197,3760.49692763327,2032.28266731201,4122.19256005322
"2018-07-09 06:00:00",5679,4591.66766178569,3908.39051900243,5274.94480456895,3546.6854485686,5636.64987500278
"2018-07-09 07:00:00",6178,5399.51199996375,4716.23438061626,6082.78961931124,4354.52905790456,6444.49494202293
"2018-07-09 08:00:00",5656,5391.20233025554,4707.92056140758,6074.4840991035,4346.21304208302,6436.19161842805
"2018-07-09 09:00:00",4586,4899.98583447293,4216.70365541843,5583.26801352743,3854.99591894364,5944.97575000221
"2018-07-09 10:00:00",4266,4374.13854394891,3690.85098785476,5057.42610004307,3329.14040494712,5419.1366829507
"2018-07-09 11:00:00",4448,4140.20230359614,3456.90919147318,4823.4954157191,3095.19566738156,5185.20893981072
"2018-07-09 12:00:00",4689,4264.78115448772,3581.48775408255,4948.0745548929,3219.77407738354,5309.7882315919
"2018-07-09 13:00:00",4621,4648.39317825385,3965.09488063789,5331.69147586981,3603.37861151209,5693.40774499561
"2018-07-09 14:00:00",4836,5153.32727222247,4470.02874260474,5836.6258018402,4108.31235066462,6198.34219378032
"2018-07-09 15:00:00",5429,5564.35981556632,4881.05752784191,6247.66210329074,4519.33914648029,6609.38048465236
"2018-07-09 16:00:00",6311,5665.93162815391,4982.62688870456,6349.23636760326,4620.90720947816,6710.95604682966
"2018-07-09 17:00:00",5805,5255.6551706811,4572.34959826387,5938.96074309834,4210.6294780909,6300.68086327131
"2018-07-09 18:00:00",4290,4398.75544918689,3715.44628865111,5082.06460972268,3353.72426904292,5443.78662933087
"2018-07-09 19:00:00",3240,3337.84102775337,2654.53185325284,4021.1502022539,2292.80982625216,4382.87222925458
"2018-07-09 20:00:00",2861,2455.00223500782,1771.69008603565,3138.31438397998,1409.9664844448,3500.03798557084
"2018-07-09 21:00:00",2633,1936.11877752483,1252.80555241796,2619.4320026317,891.081381155801,2981.15617389385
"2018-07-09 22:00:00",2071,1687.37403875339,1004.05971786959,2370.68835963719,642.334966538164,2732.41311096861
"2018-07-09 23:00:00",1189,1407.86059424436,724.543989853812,2091.17719863491,362.818029706936,2452.90315878179
"2018-07-10 00:00:00",688,907.388459095423,223.999207152583,1590.77771103826,-137.765210285444,1952.54212847629
"2018-07-10 01:00:00",389,256.14968601785,-427.308172084405,939.607544120104,-789.108907429427,1301.40827946513
"2018-07-10 02:00:00",295,-128.596252765201,-812.071828176063,554.879322645661,-1173.88194249772,916.689436967319
"2018-07-10 03:00:00",364,218.000326669142,-465.475547389759,901.476200728044,-827.28581980614,1263.28647314442
"2018-07-10 04:00:00",898,1447.61436130088,764.138099938534,2131.09062266322,402.327622496098,2492.90110010565
"2018-07-10 05:00:00",3137,3233.77354118793,2550.28934280447,3917.25773957139,2188.47466375685,4279.072418619
"2018-07-10 06:00:00",5886,4889.5707929623,4206.07746847985,5573.06411744476,3844.25795836725,5934.88362755736
"2018-07-10 07:00:00",6134,5792.90896023646,5109.41542365092,6476.40249682199,4747.59580125773,6838.22211921518
"2018-07-10 08:00:00",5786,5789.07263779841,5105.57678660479,6472.56848899202,4743.7559389321,6834.38933666472
"2018-07-10 09:00:00",4843,5210.70160920815,4527.20551434786,5894.19770406844,4165.38453768582,6256.01868073048
"2018-07-10 10:00:00",4442,4567.66967369424,3884.17076683582,5251.16858055266,3522.34830159189,5612.99104579659
"2018-07-10 11:00:00",4586,4257.90413921885,3574.40229933241,4941.40597910528,3212.57828143724,5303.22999700046
"2018-07-10 12:00:00",4865,4388.66393374193,3705.16193514915,5072.16593233471,3343.33783323991,5433.99003424396
"2018-07-10 13:00:00",4719,4840.41270242272,4156.90806889549,5523.91733594996,3795.0825721362,5885.74283270924
"2018-07-10 14:00:00",4789,5409.07547844212,4725.57071664996,6092.58024023429,4363.74515199132,6454.40580489292
"2018-07-10 15:00:00",5681,5840.22347896291,5156.71672045512,6523.7302374707,4794.89009879908,6885.55685912674
"2018-07-10 16:00:00",6566,5920.18394350168,5236.67587666157,6603.69201034178,4874.84856241624,6965.51932458711
"2018-07-10 17:00:00",6081,5495.71396453094,4812.20545306372,6179.22247599816,4450.37790344702,6541.05002561487
"2018-07-10 18:00:00",4404,4651.75617126942,3968.2457391064,5335.26660343243,3606.41717273476,5697.09516980408
"2018-07-10 19:00:00",3219,3630.86345742682,2947.35301736993,4314.3738974837,2585.52444681952,4676.20246803411
"2018-07-10 20:00:00",3053,2772.52990498596,2089.01787857906,3456.04193139285,1727.18846826569,3817.87134170622
"2018-07-10 21:00:00",3060,2234.80127104989,1551.28866822383,2918.31387387594,1189.45895277259,3280.14358932718
"2018-07-10 22:00:00",2203,1919.48767136038,1235.97448467306,2603.00085804771,874.144460144321,2964.83088257644
"2018-07-10 23:00:00",1311,1550.14179894268,866.627390640992,2233.65620724436,504.79671942868,2595.48687845667
"2018-07-11 00:00:00",661,963.06428492266,279.515337258121,1646.6132325872,-82.3336179884301,2008.46218783375
"2018-07-11 01:00:00",401,261.999614350619,-421.582610488542,945.58183918978,-783.449181607244,1307.44841030848
"2018-07-11 02:00:00",321,-130.338043710601,-813.928836782136,553.252749360934,-1175.79994364907,915.123856227871
"2018-07-11 03:00:00",384,235.742436874821,-447.848466577011,919.333340326653,-809.719631875747,1281.20450562539
"2018-07-11 04:00:00",948,1487.81747525363,804.226427762018,2171.40852274525,442.355186213227,2533.27976429404
"2018-07-11 05:00:00",3193,3279.93154070595,2596.33666789063,3963.52641352127,2234.4634013378,4325.39968007411
"2018-07-11 06:00:00",5179,4932.68303757682,4249.08360753537,5616.28246761828,3887.20792853274,5978.15814662091
"2018-07-11 07:00:00",6295,5846.16555098038,5162.56601103218,6529.76509092857,4800.69027384844,6891.64082811232
"2018-07-11 08:00:00",5930,5872.19183458228,5188.5911052887,6555.79256387586,4826.71473850354,6917.66893066102
"2018-07-11 09:00:00",5025,5329.6089041061,4646.0080335704,6013.20977464181,4284.13159201618,6375.08621619603
"2018-07-11 10:00:00",4829,4713.4542069031,4029.85195370362,5397.05646010257,3667.97478021141,5758.93363359478
"2018-07-11 11:00:00",5052,4407.26350444881,3723.6597530412,5090.86725585642,3361.78178644551,5452.74522245211
"2018-07-11 12:00:00",4974,4517.91450227059,3834.31067777824,5201.51832676294,3472.43267249383,5563.39633204735
"2018-07-11 13:00:00",4779,4937.06148003236,4253.4563162847,5620.66664378002,3891.57760204135,5982.54535802337
"2018-07-11 14:00:00",4974,5474.15052496575,4790.54528769159,6157.75576223991,4428.66653452566,6519.63451540584
"2018-07-11 15:00:00",5817,5897.1163315725,5213.51010055572,6580.72256258928,4851.63082133423,6942.60184181077
"2018-07-11 16:00:00",6522,5997.47552355329,5313.86861503664,6681.08243206995,4951.98897716837,7042.96206993821
"2018-07-11 17:00:00",5935,5613.19239975787,4929.58527722837,6296.79952228738,4567.70552606854,6658.6792734472
"2018-07-11 18:00:00",4568,4785.92893551806,4102.32083452304,5469.53703651307,3740.44056539487,5831.41730564125
"2018-07-11 19:00:00",3412,3731.11796085894,3047.50985403177,4414.72606768611,2685.62958181623,4776.60633990165
"2018-07-11 20:00:00",3033,2787.60155474487,2103.99265273373,3471.21045675601,1742.11195957323,3833.09114991651
"2018-07-11 21:00:00",2687,2161.47799416321,1477.86878980733,2845.0871985191,1115.98793659519,3206.96805173124
"2018-07-11 22:00:00",1960,1808.81711621146,1125.20762602955,2492.42660639336,763.326621510261,2854.30761091265
"2018-07-11 23:00:00",1294,1475.30787666128,791.697761184074,2158.91799213849,429.816425653442,2520.79932766912
"2018-07-12 00:00:00",699,963.401750665337,279.773659675159,1647.02984165552,-82.1171915172433,2008.92069284792
"2018-07-12 01:00:00",408,323.461537459421,-360.183849367457,1007.1069242863,-722.083856422743,1369.00693134159
"2018-07-12 02:00:00",296,-65.1591711107916,-748.809058564515,618.490716342932,-1110.71144810774,980.393105886155
"2018-07-12 03:00:00",364,248.664930031409,-434.9850230326,932.314883095418,-796.88744730781,1294.21730737063
"2018-07-12 04:00:00",940,1432.84147205603,749.191440834795,2116.49150327727,387.288975185647,2478.39396892642
"2018-07-12 05:00:00",3070,3184.46973224684,2500.81773249472,3868.12173199897,2138.91422476827,4230.02523972542
"2018-07-12 06:00:00",5702,4844.73736989364,4161.08301833949,5528.39172144778,3799.17826564425,5890.29647414302
"2018-07-12 07:00:00",6456,5799.187188407,5115.53277668924,6482.84160012476,4753.62799214531,6844.74638466869
"2018-07-12 08:00:00",5583,5861.54343719209,5177.88842337446,6545.19845100972,4815.98332009811,6907.10355428607
"2018-07-12 09:00:00",4958,5328.10776170983,4644.45267497098,6011.76284844869,4282.54753309246,6373.6679903272
"2018-07-12 10:00:00",4610,4711.62359064147,4027.96779904618,5395.27938223677,3666.0622840392,5757.18489724375
"2018-07-12 11:00:00",4848,4426.79663264067,3743.14007027856,5110.45319500277,3381.23414725228,5472.35911802905
"2018-07-12 12:00:00",4891,4590.55838899419,3906.90179083178,5274.2149871566,3544.99584885397,5636.12092913441
"2018-07-12 13:00:00",5188,5062.07951071719,4378.4222289755,5745.73679245887,4016.51592513268,6107.64309630169
"2018-07-12 14:00:00",5139,5599.0852353731,4915.42791498677,6282.74255575944,4553.5215906867,6644.6488800595
"2018-07-12 15:00:00",5743,5956.59606929866,5272.93824303077,6640.25389556654,4911.03165093319,7002.16048766413
"2018-07-12 16:00:00",6612,5969.33654922989,5285.67837413323,6652.99472432656,4923.77159737684,7014.90150108294
"2018-07-12 17:00:00",5795,5557.51788632912,4873.85960365156,6241.17616900667,4511.9527699453,6603.08300271294
"2018-07-12 18:00:00",3890,4806.44142021031,4122.78263688887,5490.10020353175,3760.87553815774,5852.00730226288
"2018-07-12 19:00:00",3237,3911.94634164198,3228.28755504684,4595.60512823713,2866.38045458272,4957.51222870125
"2018-07-12 20:00:00",2727,3128.48254234228,2444.82335051119,3812.14173417337,2082.91603552811,4174.04904915645
"2018-07-12 21:00:00",2497,2582.53538633716,1898.87603838939,3266.19473428493,1536.96864076314,3628.10213191118
"2018-07-12 22:00:00",1870,2200.30459870213,1516.64510617464,2883.96409122963,1154.7376320125,3245.87156539177
"2018-07-12 23:00:00",1320,1763.48072107809,1079.82090805626,2447.14053409992,717.913264234669,2809.04817792151
"2018-07-13 00:00:00",705,1133.47460632057,449.804464858402,1817.14474778273,87.8913534907663,2179.05785915037
"2018-07-13 01:00:00",439,410.2774837696,-273.402411155951,1093.95737869515,-635.320685695219,1455.87565323442
"2018-07-13 02:00:00",350,-26.3788395593919,-710.061287906908,657.303608788124,-1071.98091414611,1019.22323502733
"2018-07-13 03:00:00",373,242.585563929848,-441.096932971519,926.268060831215,-803.016584913582,1288.18771277328
"2018-07-13 04:00:00",888,1356.04491355733,672.362359933996,2039.72746718067,310.442677965136,2401.64714914953
"2018-07-13 05:00:00",2917,3011.51851494426,2327.83484811575,3695.20218177278,1965.91457685166,4057.12245303686
"2018-07-13 06:00:00",5268,4586.35514157997,3902.67018648002,5270.04009667992,3540.74923324623,5631.96104991371
"2018-07-13 07:00:00",5994,5510.12838671405,4826.44339909641,6193.81337433168,4464.5224286488,6555.73434477929
"2018-07-13 08:00:00",5288,5614.98864356321,4931.30333688056,6298.67395024585,4569.38219753014,6660.59508959627
"2018-07-13 09:00:00",4543,5186.37546190013,4502.6901203823,5870.06080341797,4140.76896259123,6231.98196120904
"2018-07-13 10:00:00",4392,4711.82571915468,4028.13998754512,5395.51145076425,3666.21862325198,5757.43281505739
"2018-07-13 11:00:00",4740,4567.97375901655,3884.28761436593,5251.65990366718,3522.36603142205,5613.58148661106
"2018-07-13 12:00:00",5123,4825.43120518188,4141.74503971458,5509.11737064918,3779.82344575102,5871.03896461274
"2018-07-13 13:00:00",5059,5296.19382300802,4612.50729053975,5979.88035547629,4250.58550229761,6341.80214371842
"2018-07-13 14:00:00",5363,5716.7998733172,5033.11332205854,6400.48642457587,4671.19152386937,6762.40822276503
"2018-07-13 15:00:00",5914,5885.77958106992,5202.09275310084,6569.46640903901,4840.17080843002,6931.38835370982
"2018-07-13 16:00:00",6153,5736.42243286503,5052.7354202528,6420.10944547725,4690.81337783781,6782.03148789225
"2018-07-13 17:00:00",5257,5294.15001386248,4610.46294078674,5977.83708693823,4248.54086636429,6339.75916136068
"2018-07-13 18:00:00",4664,4667.68108933632,3983.9937478148,5351.36843085784,3622.07153128575,5713.29064738689
"2018-07-13 19:00:00",3664,3977.47220372276,3293.78486088563,4661.15954655988,2931.86264366013,5023.08176378538
"2018-07-13 20:00:00",3260,3345.76321077957,2662.07564767515,4029.45077388398,2300.15331384719,4391.37310771194
"2018-07-13 21:00:00",3064,2825.79299171206,2142.10534685752,3509.48063656661,1780.18296975366,3871.40301367047
"2018-07-13 22:00:00",2835,2393.12772156777,1709.43999657247,3076.81544656307,1347.51757704466,3438.73786609089
"2018-07-13 23:00:00",1971,1965.1474226078,1281.45952641348,2648.83531880213,919.537016258382,3010.75782895723
"2018-07-14 00:00:00",1233,1485.64381021524,801.950565246114,2169.33705518436,440.025223620668,2531.26239680981
"2018-07-14 01:00:00",696,967.654035573224,283.955719709318,1651.35235143713,-77.9723062856743,2013.28037743212
"2018-07-14 02:00:00",646,526.713975002391,-156.985656829318,1210.4136068341,-518.914379455586,1572.34232946037
"2018-07-14 03:00:00",437,308.848486725419,-374.851167314002,992.548140764841,-736.779901696322,1354.47687514716
"2018-07-14 04:00:00",444,400.901972121693,-282.797709518839,1084.60165376223,-644.726458512305,1446.53040275569
"2018-07-14 05:00:00",858,788.306005851128,104.605741398842,1472.00627030341,-257.323316116529,1833.93532781879
"2018-07-14 06:00:00",1422,1372.35604457971,688.655103629082,2056.05698553034,326.725687997121,2417.9864011623
"2018-07-14 07:00:00",1991,2045.21394994334,1361.51299262443,2728.91490726224,999.583568327631,3090.84433155904
"2018-07-14 08:00:00",2714,2744.90590879822,2061.20478053616,3428.60703706029,1699.27526574751,3790.53655184894
"2018-07-14 09:00:00",3471,3430.01554222912,2746.31439526034,4113.7166891979,2384.38487056895,4475.64621388929
"2018-07-14 10:00:00",3718,4028.02739833315,3344.32604497007,4711.72875169622,2982.39641102015,5073.65838564614
"2018-07-14 11:00:00",4213,4451.98384455505,3768.28227300659,5135.68541610352,3406.3525235563,5497.61516555381
"2018-07-14 12:00:00",4524,4653.45764147748,3969.75605867719,5337.15922427777,3607.82630327054,5699.08897968442
"2018-07-14 13:00:00",4218,4674.69281342407,3990.99103565254,5358.39459119561,3629.06117703434,5720.3244498138
"2018-07-14 14:00:00",4242,4625.00985737299,3941.30806968218,5308.71164506379,3579.37820581304,5670.64150893293
"2018-07-14 15:00:00",4306,4576.49191379915,3892.78997926417,5260.19384833412,3530.86003766043,5622.12378993787
"2018-07-14 16:00:00",4317,4511.80659301216,3828.10456080379,5195.50862522054,3466.17456749487,5557.43861852946
"2018-07-14 17:00:00",4354,4341.8904471054,3658.1883826511,5025.5925115597,3296.25837227221,5387.52252193859
"2018-07-14 18:00:00",4109,4030.29209419018,3346.5898873562,4713.99430102417,2984.65980160606,5075.9243867743
"2018-07-14 19:00:00",3446,3630.92601529262,2947.22380778037,4314.62822280488,2585.29372167118,4676.55830891406
"2018-07-14 20:00:00",3192,3263.04086832644,2579.33854389551,3946.74319275736,2217.40839589332,4308.67334075956
"2018-07-14 21:00:00",3272,2977.61145867478,2293.9090910174,3661.31382633216,1931.97892013251,4023.24399721705
"2018-07-14 22:00:00",3074,2702.8581571168,2019.15574682001,3386.56056741358,1657.22555336318,3748.49076087042
"2018-07-14 23:00:00",2275,2299.36487781326,1615.66237677753,2983.06737884899,1253.7321352864,3344.99762034012
"2018-07-15 00:00:00",1350,1710.47144180586,1026.76621779918,2394.17666581253,664.834534854313,2756.1083487574
"2018-07-15 01:00:00",826,1034.88271778147,351.17489516881,1718.59054039412,-10.758163394976,2080.52359895791
"2018-07-15 02:00:00",699,492.995222125507,-190.713273459198,1176.70371771021,-552.646688272867,1538.63713252388
"2018-07-15 03:00:00",435,264.166049174183,-419.542456736704,947.87455508507,-781.475877016724,1309.80797536509
"2018-07-15 04:00:00",366,362.499462089074,-321.209056773233,1046.20798095138,-683.14248390932,1408.14140808747
"2018-07-15 05:00:00",508,659.230513962323,-24.47830325655,1342.9393311812,-386.411888333063,1704.87291625771
"2018-07-15 06:00:00",933,1015.29806967964,331.588902229295,1699.00723712998,-30.34486824856,2060.94100760784
"2018-07-15 07:00:00",1195,1409.58762734393,725.878451373537,2093.29680331432,363.94467638544,2455.23057830242
"2018-07-15 08:00:00",1814,1931.93802938207,1248.22876389046,2615.64729487368,886.294941512701,2977.58111725144
"2018-07-15 09:00:00",2911,2635.45261122776,1951.74333556594,3319.16188688958,1589.80950780439,3681.09571465113
"2018-07-15 10:00:00",3310,3407.57184608403,2723.86246396654,4091.28122820153,2361.92857985076,4453.21511231731
"2018-07-15 11:00:00",3655,4018.53569702864,3334.82620107649,4702.2451929808,2972.89225670028,5064.17913735701
"2018-07-15 12:00:00",4245,4296.66170091944,3612.95219926353,4980.37120257535,3251.01825186794,5342.30514997094
"2018-07-15 13:00:00",4233,4279.46706731473,3595.75746401251,4963.17667061696,3233.82346280861,5325.11067182086
"2018-07-15 14:00:00",4129,4179.67629597786,3495.96668731461,4863.3859046411,3134.03268327276,5225.31990868295
"2018-07-15 15:00:00",4063,4175.76008490951,3492.0504001941,4859.46976962491,3130.11635589267,5221.40381392635
"2018-07-15 16:00:00",4438,4247.10787484924,3563.39813895063,4930.81761074786,3201.46406755444,5292.75168214405
"2018-07-15 17:00:00",4321,4187.9041160563,3504.19436361666,4871.61386849594,3142.26028346418,5233.54794864842
"2018-07-15 18:00:00",3836,3829.04765917781,3145.33783247441,4512.7574858812,2783.40371300908,4874.69160534654
"2018-07-15 19:00:00",3535,3206.24740061644,2522.53757351833,3889.95722771454,2160.60345384405,4251.89134738882
"2018-07-15 20:00:00",3015,2556.83261303385,1873.12272524729,3240.54250082041,1511.18857344648,3602.47665262122
"2018-07-15 21:00:00",2671,2092.76685279504,1409.0569422688,2776.47676332127,1047.12277843033,3138.41092715974
"2018-07-15 22:00:00",2009,1806.28139692484,1122.5714644191,2489.99132943057,760.637288945387,2851.92550490429
"2018-07-15 23:00:00",1244,1481.64332391647,797.933344017672,2165.35330381527,435.999143455585,2527.28750437735
"2018-07-16 00:00:00",721,942.215024002014,258.503621541231,1625.9264264628,-103.431332079681,1987.86138008371
"2018-07-16 01:00:00",458,287.128949157502,-396.583811432883,970.841709747888,-758.519484004179,1332.77738231918
"2018-07-16 02:00:00",297,-80.6922582323762,-764.405371565168,603.020855100416,-1126.34123086701,964.956714402262
"2018-07-16 03:00:00",368,270.413702624376,-413.299416246175,954.126821494925,-775.235278479533,1316.06268372828
"2018-07-16 04:00:00",935,1448.73891091028,765.025785262102,2132.45203655847,403.089919440882,2494.38790237969
"2018-07-16 05:00:00",3048,3097.90966506488,2414.19638396701,3781.62294616274,2052.2604358557,4143.55889427406
"2018-07-16 06:00:00",5593,4584.32120129159,3900.60773731891,5268.03466526427,3538.67169239952,5629.97071018366
"2018-07-16 07:00:00",5793,5387.58725224763,4703.87378374322,6071.30072075204,4341.93773642488,6433.23676807038
"2018-07-16 08:00:00",5647,5397.94971619542,4714.23620115517,6081.66323123567,4352.30012920224,6443.5993031886
"2018-07-16 09:00:00",4603,4910.52608327737,4226.81256289561,5594.23960365913,3864.87648811505,5956.17567843968
"2018-07-16 10:00:00",4346,4372.15916330987,3688.44558756996,5055.87273904978,3326.50948348456,5417.80884313517
"2018-07-16 11:00:00",4504,4114.5772917406,3430.86365656308,4798.29092691813,3068.92752101331,5160.22706246789
"2018-07-16 12:00:00",4588,4233.82871246355,3550.11507436075,4917.54235056636,3188.17893726244,5279.47848766467
"2018-07-16 13:00:00",4558,4639.75282126765,3956.03913022216,5323.46651231313,3594.10296509769,5685.4026774376
"2018-07-16 14:00:00",4794,5154.85054905238,4471.13685517758,5838.56424292718,4109.20068855536,6200.5004095494
"2018-07-16 15:00:00",5558,5562.15341508472,4878.4396816598,6245.86714850964,4516.50349410101,6607.80333606843
"2018-07-16 16:00:00",6269,5643.41065508467,4959.69689491471,6327.12441525463,4597.76069319795,6689.06061697139
"2018-07-16 17:00:00",5708,5244.8747384689,4561.16096973882,5928.58850719898,4199.2247634906,6290.5247134472
"2018-07-16 18:00:00",4203,4398.79226296045,3715.07845551937,5082.50607040152,3353.14222877879,5444.4422971421
"2018-07-16 19:00:00",3277,3350.89851790619,2667.18471025049,4034.61232556189,2305.2484833963,4396.54855241608
"2018-07-16 20:00:00",2900,2452.69931406484,1768.98547483046,3136.41315329922,1407.04923125952,3498.34939687015
"2018-07-16 21:00:00",2424,1919.70344317153,1235.98959203914,2603.41729430392,874.053342169784,2965.35354417328
"2018-07-16 22:00:00",1965,1675.40469212055,991.690829585998,2359.1185546551,629.754573680696,2721.0548105604
"2018-07-16 23:00:00",1096,1420.17854807364,736.464660817982,2103.89243532931,374.528391826116,2465.82870432117
"2018-07-17 00:00:00",595,917.787278459953,234.072626040371,1601.50193087953,-127.864048004807,1963.43860492471
"2018-07-17 01:00:00",407,254.438452411289,-429.276926901948,938.153831724526,-791.213985741383,1300.09089056396
"2018-07-17 02:00:00",274,-139.51347713646,-823.229045641838,544.202091368918,-1185.16620463354,906.139250360624
"2018-07-17 03:00:00",356,215.765365986981,-467.950205722811,899.480937696772,-829.88736641083,1261.41809838479
"2018-07-17 04:00:00",930,1465.17916762011,781.463592028802,2148.89474321142,419.526429286033,2510.83190595418
"2018-07-17 05:00:00",3171,3248.45152784349,2564.73586903362,3932.16718665336,2202.7986622376,4294.10439344937
"2018-07-17 06:00:00",5870,4883.88377819681,4200.16802228351,5567.59953411011,3838.23076408405,5929.53679230957
"2018-07-17 07:00:00",6417,5783.81139824925,5100.09563993131,6467.52715656719,4738.15838045891,6829.46441603959
"2018-07-17 08:00:00",5455,5793.57305651532,5109.85727372338,6477.28883930726,4747.92000129522,6839.22611173541
"2018-07-17 09:00:00",5030,5218.33599843275,4534.62021290468,5902.05178396082,4172.6829390281,6263.9890578374
"2018-07-17 10:00:00",4346,4566.41586958273,3882.70005459914,5250.13168456632,3520.76276512975,5612.06897403571
"2018-07-17 11:00:00",4540,4239.68868544104,3555.97283908258,4923.4045317995,3194.03553300434,5285.34183787774
"2018-07-17 12:00:00",4952,4366.7042056153,3682.9883576834,5050.42005354721,3321.05105077223,5412.35736045838
"2018-07-17 13:00:00",4576,4834.2115617926,4150.4956859112,5517.927437674,3788.55836420446,5879.86475938075
"2018-07-17 14:00:00",5011,5410.18309705872,4726.46721972013,6093.89897439732,4364.52989724199,6455.83629687546
"2018-07-17 15:00:00",5573,5838.62239291519,5154.90649459805,6522.33829123234,4792.96916101454,6884.27562481584
"2018-07-17 16:00:00",6358,5903.72487096177,5220.00895857186,6587.44078335169,4858.07161753868,6949.37812438487
"2018-07-17 17:00:00",5698,5487.45001445044,4803.73409749064,6171.16593141025,4441.79675403831,6533.10327486258
"2018-07-17 18:00:00",4360,4651.60423268469,3967.88829529298,5335.3201700764,3605.95094102464,5697.25752434474
"2018-07-17 19:00:00",3337,3640.21054498478,2956.49460748775,4323.92648248181,2594.55725316366,4685.86383680589
"2018-07-17 20:00:00",3113,2770.59035673291,2086.87440251226,3454.30631095355,1724.93703933523,3816.24367413058
"2018-07-17 21:00:00",2754,2222.65559783431,1538.93963736997,2906.37155829865,1177.00227088773,3268.30892478089
"2018-07-17 22:00:00",2209,1910.50295361572,1226.78698708426,2594.21892014719,864.84961739027,2956.15628984118
"2018-07-17 23:00:00",1242,1558.99662608733,875.280646519772,2242.7126056549,513.34326992489,2604.64998224978
"2018-07-18 00:00:00",657,970.655085787019,286.938704592204,1654.37146698183,-74.9988846113019,2016.30905618534
"2018-07-18 01:00:00",410,260.78318777027,-422.933575146601,944.499950687141,-784.871366421557,1306.4377419621
"2018-07-18 02:00:00",313,-138.321834096307,-822.0386961585,545.395027965885,-1183.97653991782,907.332871725204
"2018-07-18 03:00:00",377,234.082770270838,-449.634093430175,917.799633971851,-811.571938057033,1279.73747859871
"2018-07-18 04:00:00",894,1500.59410183144,816.877236113318,2184.31096754955,454.939390418669,2546.2488132442
"2018-07-18 05:00:00",3189,3290.60689136036,2606.88998185864,3974.32380086209,2244.95211298635,4336.26166973438
"2018-07-18 06:00:00",5769,4928.46902403671,4244.7520634536,5612.18598461981,3882.81416754046,5974.12388053296
"2018-07-18 07:00:00",6200,5839.51624517369,5155.79928333983,6523.23320700755,4793.86138676458,6885.1711035828
"2018-07-18 08:00:00",5696,5875.41013917271,5191.69316441043,6559.12711393498,4829.7552609913,6921.06501735412
"2018-07-18 09:00:00",5129,5335.20880822075,4651.49183201678,6018.92578442473,4289.55392783445,6380.86368860706
"2018-07-18 10:00:00",4560,4712.58878046314,4028.87178872938,5396.30577219689,3666.93387632608,5758.24368460019
"2018-07-18 11:00:00",4752,4393.91420106092,3710.19719280784,5077.631209314,3348.25927165974,5439.5691304621
"2018-07-18 12:00:00",4916,4501.88794192139,3818.17093283298,5185.6049510098,3456.23301124269,5547.5428726001
"2018-07-18 13:00:00",4714,4932.48369111349,4248.76666728697,5616.20071494,3886.82873789479,5978.13864433219
"2018-07-18 14:00:00",5138,5474.96074255838,4791.24371796697,6158.67776714978,4429.30578816988,6520.61569694687
"2018-07-18 15:00:00",5677,5895.93953112526,5212.22249546865,6579.65656678187,4850.28455981399,6941.59450243653
"2018-07-18 16:00:00",6606,5985.57024605718,5301.85320299107,6669.2872891233,4939.91526341406,7031.22522870031
"2018-07-18 17:00:00",6084,5607.21930818284,4923.50226270134,6290.93635366434,4561.5643218457,6652.87429451997
"2018-07-18 18:00:00",4941,4785.73301136232,4102.01595511176,5469.45006761288,3740.07800855533,5831.38801416932
"2018-07-18 19:00:00",3461,3737.91352725103,3054.19647094584,4421.63058355622,2692.25852436049,4783.56853014157
"2018-07-18 20:00:00",3177,2786.17769544331,2102.46063031828,3469.89476056834,1740.52267906399,3831.83271182263
"2018-07-18 21:00:00",2949,2152.37643854427,1468.65937013326,2836.09350695529,1106.72141713947,3198.03145994908
"2018-07-18 22:00:00",2200,1801.69501295645,1117.97794134193,2485.41208457097,756.039986652315,2847.35003926059
"2018-07-18 23:00:00",1271,1481.723443176,798.00636469251,2165.44052165948,436.068406366679,2527.37847998531
"2018-07-19 00:00:00",697,968.927337655134,285.21005015468,1652.64462515559,-76.7280188180506,2014.58269412832
"2018-07-19 01:00:00",423,322.604899390775,-361.112587165765,1006.32238594731,-723.050761512423,1368.26056029397
"2018-07-19 02:00:00",303,-70.9757251507123,-754.693263365728,612.741813064303,-1116.63146505873,974.680014757305
"2018-07-19 03:00:00",369,247.435990174015,-436.281548869256,931.153529217286,-798.21975100071,1293.09173134874
"2018-07-19 04:00:00",896,1442.18207534281,758.464535275852,2125.89961540976,396.526332602493,2487.83781808312
"2018-07-19 05:00:00",3110,3192.3620000732,2508.64443717718,3876.07956296922,2146.70622241884,4238.01777772755
"2018-07-19 06:00:00",5752,4841.87579617281,4158.15820655417,5525.59338579145,3796.21997764974,5887.53161469589
"2018-07-19 07:00:00",6246,5794.57857472313,5110.86098444988,6478.29616499638,4748.92275519891,6840.23439424735
"2018-07-19 08:00:00",5702,5864.06031286494,5180.34271580243,6547.77790992746,4818.40448295744,6909.71614277245
"2018-07-19 09:00:00",4855,5332.16939507828,4648.45179725044,6015.88699290612,4286.51356400031,6377.82522615624
"2018-07-19 10:00:00",4492,4710.89902337332,4027.18141742839,5394.61662931825,3665.24317988133,5756.5548668653
"2018-07-19 11:00:00",4677,4416.95800560015,3733.24039099274,5100.67562020757,3371.30214886004,5462.61386234026
"2018-07-19 12:00:00",4861,4578.7229781436,3895.00536310151,5262.44059318568,3533.06712073872,5624.37883554847
"2018-07-19 13:00:00",4734,5058.70729740002,4374.98967463003,5742.42492017001,4013.05142817633,6104.36316662371
"2018-07-19 14:00:00",5135,5599.66320141422,4915.94557823907,6283.38082458938,4554.00733157088,6645.31907125756
"2018-07-19 15:00:00",5704,5955.74474047172,5272.02711150572,6639.46236943773,4910.08886177205,7001.4006191714
"2018-07-19 16:00:00",6459,5960.74228362943,5277.02465077296,6644.45991648591,4915.0863989798,7006.39816827907
"2018-07-19 17:00:00",5872,5553.35084579889,4869.63321168168,6237.06847991609,4507.69495922113,6599.00673237665
"2018-07-19 18:00:00",4497,4806.3847742318,4122.66713446732,5490.10241399629,3760.72887901727,5852.04066944633
"2018-07-19 19:00:00",3419,3916.9448337057,3233.22719391168,4600.66247349971,2871.288938446,4962.60072896539
"2018-07-19 20:00:00",2991,3127.56871822328,2443.85107381052,3811.28636263605,2081.91281589982,4173.22462054675
"2018-07-19 21:00:00",2613,2576.07802770905,1892.36038156902,3259.79567384908,1530.42212274397,3621.73393267413
"2018-07-19 22:00:00",2282,2195.4121098299,1511.69446201552,2879.12975764428,1149.75620230412,3241.06801735568
"2018-07-19 23:00:00",1454,1768.1595555802,1084.4419041624,2451.877206998,722.503642543457,2813.81546861694
"2018-07-20 00:00:00",693,1137.4651360877,453.747375152252,1821.18289702314,91.8090555581753,2183.12121661722
"2018-07-20 01:00:00",460,409.651438216154,-274.066427051461,1093.36930348377,-636.004801875651,1455.30767830796
"2018-07-20 02:00:00",360,-30.5670467834504,-714.284939147876,653.150845580975,-1076.22332831625,1015.08923474935
"2018-07-20 03:00:00",376,241.713345754446,-442.00454704593,925.431238554821,-803.942936445083,1287.36962795397
"2018-07-20 04:00:00",873,1362.78737007424,679.069476738622,2046.50526340985,317.13108705613,2408.44365309234
"2018-07-20 05:00:00",2822,3017.20022575605,2333.48232046601,3700.91813104609,1971.54392445522,4062.85652705688
"2018-07-20 06:00:00",5266,4584.26924389485,3900.55132459778,5267.98716319192,3538.61292117213,5629.92556661757
"2018-07-20 07:00:00",5821,5506.77222184676,4823.05430220467,6190.49014148884,4461.11589859638,6552.42854509713
"2018-07-20 08:00:00",5339,5616.79517415436,4933.07725095689,6300.51309735183,4571.13884546649,6662.45150284223
"2018-07-20 09:00:00",4816,5189.30032463856,4505.58240103864,5873.01824823849,4143.64399533519,6234.95665394193
"2018-07-20 10:00:00",4592,4711.30747711786,4027.58954926879,5395.02540496692,3665.65114131598,5756.96381291973
"2018-07-20 11:00:00",4823,4560.90591554919,3877.18798315849,5244.62384793989,3515.24957280149,5606.56225829689
"2018-07-20 12:00:00",5253,4816.91646200107,4133.19852938386,5500.63439461827,3771.26011890695,5862.57280509518
"2018-07-20 13:00:00",5169,5293.78709776226,4610.06916109639,5977.50503442813,4248.13074847625,6339.44344704827
"2018-07-20 14:00:00",5413,5717.21965330885,5033.50171642967,6400.93759018804,4671.5633036966,6762.87600292111
"2018-07-20 15:00:00",5602,5885.16596716496,5201.44802725394,6568.88390707599,4839.50961291592,6930.82232141401
"2018-07-20 16:00:00",6086,5730.19187142294,5046.47392947146,6413.90981337441,4684.53551405328,6775.84822879259
"2018-07-20 17:00:00",4987,5291.11586700372,4607.3979243933,5974.83380961413,4245.45950862631,6336.77222538113
"2018-07-20 18:00:00",4465,4667.64831605833,3983.93037048858,5351.36626162808,3621.991953155,5713.30467896165
"2018-07-20 19:00:00",3574,3981.07192942856,3297.35398384309,4664.78987501403,2935.41556650119,5026.72829235593
"2018-07-20 20:00:00",3124,3345.08969829332,2661.37175028909,4028.80764629754,2299.43333166679,4390.74606491984
"2018-07-20 21:00:00",3121,2821.16241254489,2137.44446363431,3504.88036145548,1775.5060445322,3866.81878055758
"2018-07-20 22:00:00",3032,2389.66178722493,1705.94383743848,3073.37973701138,1344.00541787272,3435.31815657714
"2018-07-20 23:00:00",2030,1968.53552023293,1284.81756855773,2652.25347190813,922.879147992131,3014.19189247374
"2018-07-21 00:00:00",1235,1488.52803142233,804.810021864203,2172.24604098045,442.871570657232,2534.18449218742
"2018-07-21 01:00:00",781,967.192910255066,283.474845627643,1650.91097488249,-78.4636347312555,2012.84945524139
"2018-07-21 02:00:00",648,523.684475175415,-160.033603764228,1207.40255411506,-521.972091699557,1569.34104205039
"2018-07-21 03:00:00",418,308.220629138972,-375.497450035923,991.938708313867,-737.435938095787,1353.87719637373
"2018-07-21 04:00:00",478,405.773180863176,-277.944898599453,1089.49126032581,-639.883386811634,1451.42974853799
"2018-07-21 05:00:00",903,792.395270190688,108.677184418578,1476.1133559628,-253.261307133642,1838.05184751502
"2018-07-21 06:00:00",1500,1370.81276457898,687.094671429708,2054.53085772825,325.156175972257,2416.4693531857
"2018-07-21 07:00:00",2236,2042.74280289028,1359.0247095592,2726.46089622136,997.086214005502,3088.39939177506
"2018-07-21 08:00:00",3031,2746.18175940441,2062.46366420597,3429.89985460286,1700.52516766375,3791.83835114508
"2018-07-21 09:00:00",3883,3432.13348579716,2748.41539038875,4115.85158120556,2386.47689373539,4477.79007785892
"2018-07-21 10:00:00",4045,4027.66751788822,3343.949420241,4711.38561553544,2982.01092240248,5073.32411337396
"2018-07-21 11:00:00",4418,4446.89581754991,3763.17771751453,5130.61391758529,3401.2392184118,5492.55241668802
"2018-07-21 12:00:00",4505,4647.3307389609,3963.6126388059,5331.04883911591,3601.67413963984,5692.98733828197
"2018-07-21 13:00:00",4644,4672.95748523726,3989.23938295347,5356.67558752106,3627.30088266049,5718.61408781403
"2018-07-21 14:00:00",4796,4625.31477973824,3941.59667734298,5309.03288213351,3579.65817699099,5670.9713824855
"2018-07-21 15:00:00",4674,4576.04726620474,3892.32916221338,5259.76537019609,3530.39066101647,5621.703871393
"2018-07-21 16:00:00",4788,4507.28020516952,3823.56210010611,5190.99831023293,3461.62359834169,5552.93681199734
"2018-07-21 17:00:00",4562,4339.65440177196,3655.93629636112,5023.3725071828,3293.99779441278,5385.31100913113
"2018-07-21 18:00:00",4253,4030.25446092078,3346.53635395396,4713.9725678876,2984.59785118194,5075.91107065962
"2018-07-21 19:00:00",3815,3633.523028741,2949.80492176606,4317.24113571594,2587.86641898975,4679.17963849225
"2018-07-21 20:00:00",3434,3262.52972632536,2578.8116180776,3946.24783457311,2216.8731146275,4308.18633802321
"2018-07-21 21:00:00",3435,2974.23860825546,2290.52049953183,3657.95671697909,1928.58199582981,4019.89522068112
"2018-07-21 22:00:00",3131,2700.32461520695,2016.60650602187,3384.04272439202,1654.66800207558,3745.98122833832
"2018-07-21 23:00:00",2292,2301.81439551338,1618.09628533544,2985.53250569131,1256.15778086356,3347.47101016319
"2018-07-22 00:00:00",1408,1712.565335817,1028.84719521603,2396.28347641798,666.90867463916,2758.22199699484
"2018-07-22 01:00:00",969,1034.54963381893,350.831464275149,1718.26780336272,-11.1070716231154,2080.20633926098
"2018-07-22 02:00:00",749,490.794295204431,-192.923881857775,1174.51247226664,-554.862421736051,1536.45101214491
"2018-07-22 03:00:00",344,263.708120933247,-420.010056252056,947.42629811855,-781.948596195497,1309.36483806199
"2018-07-22 04:00:00",355,366.032569850033,-317.685607486428,1049.75074718649,-679.624147509887,1411.68928720995
"2018-07-22 05:00:00",525,662.19536016965,-21.5228204845907,1345.91354082389,-383.461362264376,1707.85208260368
"2018-07-22 06:00:00",902,1014.17057973923,330.452395207072,1697.8887642714,-31.4861486255608,2059.82730810403
"2018-07-22 07:00:00",1297,1407.7897345291,724.071549901659,2091.50791915654,362.133006018588,2453.44646303961
"2018-07-22 08:00:00",2009,1932.85721856608,1249.13903295626,2616.57540417589,887.200488553156,2978.513948579
"2018-07-22 09:00:00",2927,2636.99268959876,1953.27450387867,3320.71087531884,1591.33595941719,3682.64941978033
"2018-07-22 10:00:00",3711,3407.31528429024,2723.59709739249,4091.03347118799,2361.65855230759,4452.97201627289
"2018-07-22 11:00:00",4021,4014.83908324708,3331.12089509393,4698.55727140024,2969.18234934446,5060.49581714971
"2018-07-22 12:00:00",4250,4292.21558615532,3608.4973979391,4975.93377437155,3246.55885215624,5337.87232015441
"2018-07-22 13:00:00",4491,4278.20338263648,3594.48519330074,4961.92157197223,3232.54664692524,5323.86011834772
"2018-07-22 14:00:00",4463,4179.89791922051,3496.17972982626,4863.61610861475,3134.2411834198,5225.55465502121
"2018-07-22 15:00:00",4657,4175.43659637945,3491.71840614563,4859.15478661327,3129.77985929472,5221.09333346418
"2018-07-22 16:00:00",4875,4243.82813417483,3560.10994337752,4927.54632497214,3198.17139622831,5289.48487212135
"2018-07-22 17:00:00",4657,4186.28185243021,3502.56366145,4870.00004341042,3140.62511420397,5231.93859065645
"2018-07-22 18:00:00",4098,3829.01296035535,3145.29476855697,4512.73115215374,2783.35622087782,4874.66969983288
"2018-07-22 19:00:00",3661,3208.13066519436,2524.41247339174,3891.84885699699,2162.47392571035,4253.78740467837
"2018-07-22 20:00:00",3135,2556.45918203925,1872.74098956715,3240.17737451134,1510.80244153137,3602.11592254712
"2018-07-22 21:00:00",2803,2090.29854792755,1406.58035520538,2774.01674064973,1044.64180703722,3135.95528881789
"2018-07-22 22:00:00",2224,1804.39820055473,1120.68000758973,2488.11639351973,758.741459293023,2850.05494181643
"2018-07-22 23:00:00",1397,1483.41804959815,799.699856111139,2167.13624308517,437.761307538095,2529.07479165821
"2018-07-23 00:00:00",714,943.73480318271,260.016593757209,1627.45301260821,-101.921963253162,1989.39156961858
"2018-07-23 01:00:00",402,286.889577404892,-396.828647192218,970.607802002003,-758.767212233954,1332.54636704374
"2018-07-23 02:00:00",354,-82.2901486687951,-766.008377205829,601.428079868239,-1127.94694433323,963.366646995644
"2018-07-23 03:00:00",355,270.079613468328,-413.638615132621,953.797842069277,-775.57718229386,1315.73640923052
"2018-07-23 04:00:00",957,1451.30586117313,767.587632493563,2135.02408985269,405.649065290706,2496.96265705555
"2018-07-23 05:00:00",3008,3100.07023268343,2416.35200226465,3783.7884631022,2054.41343414111,4145.72703122574
"2018-07-23 06:00:00",5617,4583.5176746987,3899.79944224523,5267.23590715216,3537.8608730446,5629.1744763528
"2018-07-23 07:00:00",6306,5386.29945836251,4702.58122585907,6070.01769086595,4340.64265663198,6431.95626009305
"2018-07-23 08:00:00",5522,5398.629290351,4714.9110573315,6082.34752337049,4352.97248783123,6444.28609287077
"2018-07-23 09:00:00",4735,4911.64297526706,4227.92474218947,5595.36120834465,3865.98617265844,5957.29977787568
"2018-07-23 10:00:00",4209,4371.9663302013,3688.24809650591,5055.68456389669,3326.30952664784,5417.62313375477
"2018-07-23 11:00:00",4485,4111.88497952918,3428.16674517465,4795.60321388371,3066.22817496764,5157.54178409072
"2018-07-23 12:00:00",4800,4230.58925407184,3546.87101968425,4914.30748845942,3184.93244945975,5276.24605868392
"2018-07-23 13:00:00",4475,4638.83239304153,3955.11415806613,5322.55062801694,3593.17558753046,5684.48919855261
"2018-07-23 14:00:00",4677,5155.01058017142,4471.29234516522,5838.72881517762,4109.35377461325,6200.6673857296
"2018-07-23 15:00:00",5413,5561.91898503986,4878.20074959306,6245.63722048666,4516.26217880785,6607.57579127188
"2018-07-23 16:00:00",6317,5641.03640495129,4957.31816920853,6324.75464069405,4595.37959826664,6686.69321163594
"2018-07-23 17:00:00",5701,5243.71121313432,4559.99297729563,5927.429448973,4198.05440630297,6289.36801996567
"2018-07-23 18:00:00",4293,4398.77287035814,3715.05463408986,5082.49110662643,3353.11606286978,5444.42967784651
"2018-07-23 19:00:00",3143,3352.26900287865,2668.55076660812,4035.98723914917,2306.61219538686,4397.92581037044
"2018-07-23 20:00:00",2833,2452.43734610926,1768.71910948735,3136.15558273118,1406.78053808007,3498.09415413846
"2018-07-23 21:00:00",2492,1917.92275904785,1234.20452229455,2601.64099580115,872.265950817711,2963.57956727798
"2018-07-23 22:00:00",1690,1674.05543300132,990.337196120632,2357.77366988202,628.398624576362,2719.71224142629
"2018-07-23 23:00:00",1182,1421.46693929546,737.748702140653,2105.18517645028,375.810130451273,2467.12374813966
"2018-07-24 00:00:00",638,918.887850253615,235.169604735191,1602.60609577204,-126.768971381618,1964.54467188885
"2018-07-24 01:00:00",391,254.26474895949,-429.453504521325,937.983002440304,-791.392084853169,1299.92158277215
"2018-07-24 02:00:00",297,-140.669726152747,-824.387981701699,543.048529396206,-1186.32656312835,904.987110822856
"2018-07-24 03:00:00",390,215.524415519026,-468.193840063476,899.242671101528,-830.132421507887,1261.18125254594
"2018-07-24 04:00:00",891,1467.03810855635,783.319852932645,2150.75636418004,421.381271466426,2512.69494564626
"2018-07-24 05:00:00",3184,3250.01566970892,2566.29741317268,3933.73392624516,2204.35883122339,4295.67250819445
"2018-07-24 06:00:00",5782,4883.30195487778,4199.58369727357,5567.02021248199,3837.64511475893,5928.95879499663
"2018-07-24 07:00:00",6409,5782.87838855443,5099.16013092395,6466.59664618491,4737.2215483954,6828.53522871346
"2018-07-24 08:00:00",5658,5794.06559399424,5110.34733609293,6477.78385189555,4748.40875342101,6839.72243456747
"2018-07-24 09:00:00",4984,5219.14407543075,4535.42581749891,5902.8623333626,4173.48723481083,6264.80091605068
"2018-07-24 10:00:00",4386,4566.27592574317,3882.55766748718,5249.99418399917,3520.6190846275,5611.93276685884
"2018-07-24 11:00:00",4634,4237.74098370361,3554.0227251016,4921.45924230563,3192.08414205875,5283.39782534847
"2018-07-24 12:00:00",4805,4364.35955494562,3680.64129632629,5048.07781356495,3318.70271327427,5410.01639661696
"2018-07-24 13:00:00",4664,4833.54688106231,4149.82862213446,5517.26513999016,3787.89003891913,5879.20372320549
"2018-07-24 14:00:00",4944,5410.29908730233,4726.58082835829,6094.01734624636,4364.64224513439,6455.95592947026
"2018-07-24 15:00:00",5699,5838.45277116913,5154.7345119939,6522.17103034437,4792.79592864762,6884.10961369065
"2018-07-24 16:00:00",6558,5902.00422795473,5218.28596862411,6585.72248728535,4856.34738519557,6947.66107071389
"2018-07-24 17:00:00",5636,5486.60682996912,4802.8885705882,6170.32508935004,4440.94998713302,6532.26367280521
"2018-07-24 18:00:00",4430,4651.59143263063,3967.87317302421,5335.30969223704,3605.93458944967,5697.24827581158
"2018-07-24 19:00:00",3371,3641.20262946293,2957.48436985533,4324.92088907052,2595.54578628016,4686.85947264569
"2018-07-24 20:00:00",3266,2770.40051926617,2086.68225947418,3454.11877905817,1724.7436758014,3816.05736273095
"2018-07-24 21:00:00",2727,2221.36982612312,1537.65156626214,2905.08808598411,1175.71298255283,3267.02666969341
"2018-07-24 22:00:00",2178,1909.53319738493,1225.81493745712,2593.25145731275,863.876353712441,2955.19004105742
"2018-07-24 23:00:00",1269,1559.9303722098,876.212112138092,2243.6486322815,514.273528317241,2605.58721610235
"2018-07-25 00:00:00",664,971.45203582971,287.733771357995,1655.17030030142,-74.2048147920806,2017.1088864515
"2018-07-25 01:00:00",388,260.6567094297,-423.061559229484,944.374978088884,-785.000147596272,1306.31356645567
"2018-07-25 02:00:00",290,-139.159183318497,-822.877453065556,544.559086428562,-1184.81604200823,906.497675371236
"2018-07-25 03:00:00",372,233.908593587448,-449.809676177364,917.626863352259,-811.748265129435,1279.56545230433
"2018-07-25 04:00:00",955,1501.93999182512,818.221722038538,2185.65826161171,456.283133074941,2547.5968505753
"2018-07-25 05:00:00",3121,3291.73804533497,2608.0197750685,3975.45631560145,2246.08118585087,4337.39490481908
"2018-07-25 06:00:00",5926,4928.04483808519,4244.3265672574,5611.76310891298,3882.38797774262,5973.70169842776
"2018-07-25 07:00:00",6595,5838.8369619792,5155.1186911376,6522.55523282081,4793.1801016155,6884.4938223429
"2018-07-25 08:00:00",5651,5875.76440837975,5192.04613739591,6559.4826793636,4830.10754779853,6921.42126896098
"2018-07-25 09:00:00",4974,5335.7941922243,4652.07592122445,6019.51246322415,4290.13733161859,6381.45105283001
"2018-07-25 10:00:00",4545,4712.48862607031,4028.77035490008,5396.20689724055,3666.83176520402,5758.1454869366
"2018-07-25 11:00:00",4879,4392.50567483736,3708.78740348534,5076.22394618938,3346.84881369305,5438.16253598167
"2018-07-25 12:00:00",4799,4500.19247620148,3816.47420484035,5183.91074756261,3454.53561504324,5545.84933735972
"2018-07-25 13:00:00",4860,4932.00291340883,4248.28464188562,5615.72118493203,3886.34605200271,5977.65977481494
"2018-07-25 14:00:00",5032,5475.04487238446,4791.32660085276,6158.76314391616,4429.38801096535,6520.70173380357
"2018-07-25 15:00:00",5826,5895.81663211925,5212.09836046606,6579.53490377245,4850.15977051434,6941.47349372417
"2018-07-25 16:00:00",6668,5984.32239968715,5300.60412795234,6668.04067142196,4938.66553795741,7029.97926141689
"2018-07-25 17:00:00",6108,5606.60530032422,4922.88702856296,6290.32357208547,4560.94843855403,6652.2621620944
"2018-07-25 18:00:00",4459,4785.72271780214,4102.00444592242,5469.44098968186,3740.06585585079,5831.3795797535
"2018-07-25 19:00:00",3473,3738.6314600789,3054.91318819856,4422.34973195924,2692.9745981266,4784.2883220312
"2018-07-25 20:00:00",3053,2786.03827873907,2102.32000676184,3469.7565507163,1740.38141663858,3831.69514083956
"2018-07-25 21:00:00",3072,2151.44360021118,1467.72532819771,2835.16187222464,1105.78673805527,3197.10046236708
"2018-07-25 22:00:00",2422,1800.99097153061,1117.27269948202,2484.7092435792,755.334109320988,2846.64783374023
"2018-07-25 23:00:00",1922,1482.39968929051,798.68141716633,2166.11796141469,436.742826965285,2528.05655161573
"2018-07-26 00:00:00",750,969.505139104806,285.786864668602,1653.22341354101,-76.1517267563557,2015.16200496597
"2018-07-26 01:00:00",411,322.513272093423,-361.20500454299,1006.23154872984,-723.143597132668,1368.17014131951
"2018-07-26 02:00:00",306,-71.5829539143695,-755.301231122319,612.13532329358,-1117.23982401455,974.073916185811
"2018-07-26 03:00:00",409,247.309559131498,-436.408718085775,931.027836348771,-798.347310982942,1292.96642924594
"2018-07-26 04:00:00",911,1443.15760810628,759.439330877558,2126.875885335,397.500737974332,2488.81447823822
"2018-07-26 05:00:00",3147,3193.18171247921,2509.46343499831,3876.89998996011,2147.52484196159,4238.83858299683
"2018-07-26 06:00:00",5813,4841.56750814128,4157.84923036545,5525.2857859171,3795.91063717261,5887.22437910995
"2018-07-26 07:00:00",6299,5794.08550598276,5110.36722819969,6477.80378376584,4748.428635003,6839.74237696252
"2018-07-26 08:00:00",5866,5864.31644567869,5180.59816782087,6548.03472353651,4818.65957458462,6909.97331677276
"2018-07-26 09:00:00",4925,5332.59401989272,4648.87574202649,6016.31229775894,4286.93714878579,6378.25089099964
"2018-07-26 10:00:00",4390,4710.82685436632,4027.10857641055,5394.54513232208,3665.16998312245,5756.48372561018
"2018-07-26 11:00:00",4654,4415.93672131877,3732.2184432675,5099.65499937004,3370.27984992884,5461.5935927087
"2018-07-26 12:00:00",4806,4577.49404978094,3893.77577172488,5261.212327837,3531.83717838368,5623.15092117819
"2018-07-26 13:00:00",5029,5058.35845300297,4374.64017486175,5742.0767311442,4012.70158147547,6104.01532453047
"2018-07-26 14:00:00",5264,5599.72422465876,4916.00594651307,6283.44250280444,4554.06735312444,6645.38109619307
"2018-07-26 15:00:00",5752,5955.65558146547,5271.93730325595,6639.373859675,4909.99870983351,7001.31245309744
"2018-07-26 16:00:00",6566,5959.83789889688,5276.11962064448,6643.55617714929,4914.18102719934,7005.49477059443
"2018-07-26 17:00:00",5905,5552.90547670876,4869.18719844245,6236.62375497507,4507.24860498996,6598.56234842756
"2018-07-26 18:00:00",4555,4806.37666987523,4122.65839154668,5490.09494820378,3760.71979806124,5852.03354168922
"2018-07-26 19:00:00",3707,3917.46516386711,3233.74688553824,4601.18344219598,2871.80829205262,4963.1220356816
"2018-07-26 20:00:00",3154,3127.46731090281,2443.74903252302,3811.1855892826,2081.81043901045,4173.12418279517
"2018-07-26 21:00:00",3206,2575.40007361156,1891.68179521273,3259.11835201038,1529.74320169009,3621.05694553302
"2018-07-26 22:00:00",2959,2194.89823034881,1511.17995193153,2878.6165087661,1149.24135839912,3240.55510229851
"2018-07-26 23:00:00",1412,1768.64957824418,1084.93129978718,2452.36785670118,722.992706233743,2814.30645025462
"2018-07-27 00:00:00",774,1137.88408708813,454.165807417578,1821.60236675868,92.2272132217258,2183.54096095453
"2018-07-27 01:00:00",456,409.585194602397,-274.133086223189,1093.30347542798,-636.071681030482,1455.24207023528
"2018-07-27 02:00:00",344,-31.0073738875556,-714.72565501315,652.710907238039,-1076.66424997926,1014.64950220415
"2018-07-27 03:00:00",390,241.621530495948,-442.096750634527,925.339811626424,-804.035345603217,1287.27840659511
"2018-07-27 04:00:00",836,1363.49486989648,679.776588760011,2047.21315103295,317.837993788146,2409.15174600482
"2018-07-27 05:00:00",2945,3017.79519438181,2334.07691311295,3701.51347565067,1972.138318071,4063.45207069262
"2018-07-27 06:00:00",5353,4584.04676757662,3900.32848615289,5267.76504900034,3538.38989102896,5629.70364412427
"2018-07-27 07:00:00",5950,5506.41596190792,4822.69768048039,6190.13424333546,4460.75908535444,6552.0728384614
"2018-07-27 08:00:00",5232,5616.98176384642,4933.26348237962,6300.70004531322,4571.3248872329,6662.63864045994
"2018-07-27 09:00:00",4674,5189.60815697404,4505.88987550283,5873.32643844526,4143.95128035376,6235.26503359432
"2018-07-27 10:00:00",4571,4711.25469103827,4027.53640952003,5394.9729725565,3665.59781434608,5756.91156773045
"2018-07-27 11:00:00",4813,4560.16470073442,3876.44641916603,5243.88298230282,3514.50782396552,5605.82157750333
"2018-07-27 12:00:00",5121,4816.02448672128,4132.30620515037,5499.74276829219,3770.36760994853,5861.68136349403
"2018-07-27 13:00:00",5228,5293.53389338077,4609.81561176513,5977.2521749964,4247.87701653961,6339.19077022192
"2018-07-27 14:00:00",5400,5717.26384025541,5033.54555863743,6400.98212187339,4671.60696341067,6762.92071710015
"2018-07-27 15:00:00",5795,5885.10134365037,5201.38306199886,6568.81962530187,4839.44446675435,6930.75822054638
"2018-07-27 16:00:00",6254,5729.53663863072,5045.81835695669,6413.25492030475,4683.87976170026,6775.19351556119
"2018-07-27 17:00:00",5160,5290.7939921497,4607.07571046837,5974.51227383103,4245.13711520807,6336.45086909132
"2018-07-27 18:00:00",4303,4667.64281902215,3983.92453730813,5351.36110073617,3621.98594203053,5713.29969601377
"2018-07-27 19:00:00",3506,3981.44945771491,3297.73117600072,4665.1677394291,2935.79258072303,5027.10633470679
"2018-07-27 20:00:00",3184,3345.01683242828,2661.29855068735,4028.73511416922,2299.35995539551,4390.67370946106
"2018-07-27 21:00:00",3191,2820.67151614453,2136.9532343936,3504.38979789546,1775.01463909646,3866.32839319259
"2018-07-27 22:00:00",3112,2389.29018074929,1705.57189898867,3073.00846250992,1343.6333036864,3434.94705781219
"2018-07-27 23:00:00",2048,1968.89081731108,1285.1725355296,2652.60909909256,923.233940216289,3014.54769440588
"2018-07-28 00:00:00",1225,1488.83161147094,805.113329052266,2172.54989388962,443.174733401643,2534.48848954024
"2018-07-28 01:00:00",871,967.144898814894,283.426615789712,1650.86318184008,-78.5119801819759,2012.80177781176
"2018-07-28 02:00:00",581,523.365468877922,-160.352814304799,1207.08375206064,-522.291410359883,1569.02234811573
"2018-07-28 03:00:00",384,308.154158835855,-375.564124349429,991.872442021138,-737.502720405869,1353.81103807758
"2018-07-28 04:00:00",451,406.285871428231,-277.432411760199,1090.00415461666,-639.371007818305,1451.94275067477
"2018-07-28 05:00:00",902,792.826424508352,109.108141250409,1476.54470776629,-252.830454844495,1838.4833038612
"2018-07-28 06:00:00",1530,1370.65166677321,686.933383433939,2054.36995011247,324.994787295985,2416.30854625043
"2018-07-28 07:00:00",1974,2042.4847399126,1358.76645657133,2726.20302325387,996.827860432321,3088.14161939288
"2018-07-28 08:00:00",2713,2746.31708618126,2062.59880281937,3430.03536954314,1700.66020666944,3791.97396569307
"2018-07-28 09:00:00",3457,3432.35648472624,2748.63820136204,4116.07476809045,2386.69960521088,4478.01336424161
"2018-07-28 10:00:00",3639,4027.62919744674,3343.91091405785,4711.34748083564,2981.97231789362,5073.28607699986
"2018-07-28 11:00:00",4009,4446.35880186022,3762.64051844498,5130.07708527546,3400.70192226681,5492.01568145363
"2018-07-28 12:00:00",4158,4646.68440094712,3962.96611753057,5330.40268436368,3601.0275213517,5692.34128054255
"2018-07-28 13:00:00",4229,4672.77412406949,3989.05584062944,5356.49240750953,3627.11724443814,5718.43100370084
"2018-07-28 14:00:00",4175,4625.34679969692,3941.62851625565,5309.0650831382,3579.68992006369,5671.00367933016
"2018-07-28 15:00:00",3948,4576.0004526488,3892.28216918992,5259.71873610768,3530.34357298864,5621.65733230895
"2018-07-28 16:00:00",3974,4506.80535586907,3823.08707239836,5190.52363933978,3461.14847619082,5552.46223554731
"2018-07-28 17:00:00",4007,4339.42121691222,3655.70293343767,5023.13950038676,3293.76433722811,5385.07809659632
"2018-07-28 18:00:00",3657,4030.25061309306,3346.53232960135,4713.96889658477,2984.5937333827,5075.90749280342
"2018-07-28 19:00:00",3247,3633.79659185847,2950.07830836667,4317.51487535027,2588.13971214797,4679.45347156897
"2018-07-28 20:00:00",2937,3262.47698164569,2578.75869813985,3946.19526515153,2216.82010191372,4308.13386137767
"2018-07-28 21:00:00",3001,2973.88325700048,2290.16497348939,3657.60154051157,1928.22637726047,4019.54013674048
"2018-07-28 22:00:00",3005,2700.05602880922,2016.33774529303,3383.7743123254,1654.39914906143,3745.712908557
"2018-07-28 23:00:00",1968,2302.07190828047,1618.35362475333,2985.7901918076,1256.41502851592,3347.72878804501
"2018-07-29 00:00:00",1487,1712.78529520906,1029.06701134711,2396.50357907102,667.12841493246,2758.44217548566
"2018-07-29 01:00:00",924,1034.51479251287,350.796508332251,1718.23307669349,-11.142088251089,2080.17167327683
"2018-07-29 02:00:00",869,490.563159343689,-193.155124919709,1174.28144360709,-555.093721546868,1536.22004023425
"2018-07-29 03:00:00",546,263.659989568738,-420.058294696008,947.378273833483,-781.996891323882,1309.31687046136
"2018-07-29 04:00:00",378,366.404023292049,-317.314260974352,1050.12230755845,-679.252857603102,1412.0609041872
"2018-07-29 05:00:00",657,662.507636684954,-21.2106476179689,1346.22592098788,-383.149244266052,1708.16451763596
"2018-07-29 06:00:00",1210,1014.05363682718,330.335352481536,1697.77192117283,-31.6032441891633,2059.71051784353
"2018-07-29 07:00:00",1286,1407.60247219296,723.884187846262,2091.32075653966,361.945591175007,2453.25935321091
"2018-07-29 08:00:00",1866,1932.95508958231,1249.23680522479,2616.67337393984,887.298208547801,2978.61197061683
"2018-07-29 09:00:00",2855,2637.15427639564,1953.4359920369,3320.87256075438,1591.49739535926,3682.81115743202
"2018-07-29 10:00:00",3500,3407.28760799362,2723.56932362191,4091.00589236534,2361.63072693741,4452.94448904983
"2018-07-29 11:00:00",3824,4014.45014298799,3330.73185860244,4698.16842737354,2968.79326191061,5060.10702406536
"2018-07-29 12:00:00",4016,4291.74746976093,3608.02918537469,4975.46575414717,3246.0905886825,5337.40435083936
"2018-07-29 13:00:00",4489,4278.07058185653,3594.35229745795,4961.78886625511,3232.41370075923,5323.72746295383
"2018-07-29 14:00:00",4435,4179.92113056361,3496.20284616438,4863.63941496284,3134.26424946532,5225.5780116619
"2018-07-29 15:00:00",4412,4175.40267313556,3491.68438872709,4859.12095754404,3129.74579202313,5221.059554248
"2018-07-29 16:00:00",4485,4243.48393061085,3559.76564619616,4927.20221502554,3197.82704948891,5289.14081173278
"2018-07-29 17:00:00",4146,4186.11263345008,3502.39434903338,4869.83091786678,3140.45575232506,5231.76951457509
"2018-07-29 18:00:00",3947,3829.01010204515,3145.29181761943,4512.72838647086,2783.35322090634,4874.66698318395
"2018-07-29 19:00:00",3604,3208.32883710531,2524.61055267954,3892.04712153108,2162.67195596643,4253.98571824419
"2018-07-29 20:00:00",3344,2556.42081641724,1872.7025319841,3240.13910085038,1510.76393526708,3602.0776975674
"2018-07-29 21:00:00",2794,2090.04096612913,1406.32268169323,2773.75925056503,1044.38408497476,3135.69784728351
"2018-07-29 22:00:00",2084,1804.20350146344,1120.48521702487,2487.92178590201,758.546620304973,2849.86038262191
"2018-07-29 23:00:00",1224,1483.60464282798,799.886358383648,2167.3229272723,437.94776166071,2529.26152399524
"2018-07-30 00:00:00",640,943.894228320186,260.175943699967,1627.61251294041,-101.762653116083,1989.55110975645
"2018-07-30 01:00:00",384,286.864325389699,-396.853959397921,970.582610177319,-758.792556302588,1332.52120708199
"2018-07-30 02:00:00",317,-82.4576855891896,-766.175970420294,601.260599241915,-1128.11456734798,963.1991961696
"2018-07-30 03:00:00",333,270.044718567689,-413.673566264124,953.763003399502,-775.612163192185,1315.70160032756
"2018-07-30 04:00:00",915,1451.57506785164,767.856783018953,2135.29335268432,405.918186090432,2497.23194961284
"2018-07-30 05:00:00",3051,3100.29653027449,2416.57824542262,3784.01481512636,2054.63964848394,4145.95341206503
"2018-07-30 06:00:00",5560,4583.43284099387,3899.71455611956,5267.15112586819,3537.775959169,5629.08972281874
"2018-07-30 07:00:00",6313,5386.16366470039,4702.44537982553,6069.88194957526,4340.50678287468,6431.82054652611
"2018-07-30 08:00:00",5427,5398.70015748813,4714.98187260758,6082.41844236869,4353.04327565372,6444.35703932255
"2018-07-30 09:00:00",4638,4911.76010987506,4228.04182499386,5595.47839475625,3866.10322803966,5957.41699171045
"2018-07-30 10:00:00",4233,4371.9463113507,3688.2280264627,5055.66459623871,3326.28942950489,5417.60319319651
"2018-07-30 11:00:00",4491,4111.60308369923,3427.88479880395,4795.3213685945,3065.9462018423,5157.25996555616
"2018-07-30 12:00:00",4522,4230.2500043288,3546.53171943316,4913.96828922443,3184.59312247131,5275.90688618628
"2018-07-30 13:00:00",4625,4638.73612230158,3955.01783739946,5322.4544072037,3593.07924043418,5684.39300416897
"2018-07-30 14:00:00",4808,5155.02740643301,4471.30912153055,5838.74569133546,4109.37052456509,6200.68428830092
"2018-07-30 15:00:00",5483,5561.89439306582,4878.1761081585,6245.61267797313,4516.23751119047,6607.55127494116
"2018-07-30 16:00:00",5632,5640.78693982522,4957.06865491464,6324.5052247358,4595.13005794489,6686.44382170556
"2018-07-30 17:00:00",5590,5243.58852607241,4559.87024116078,5927.30681098405,4197.93164419046,6289.24540795437
"2018-07-30 18:00:00",4288,4398.77074393742,3715.05245902105,5082.4890288538,3353.11386204823,5444.42762582662
"2018-07-30 19:00:00",3190,3352.41262038917,2668.69433547278,4036.13090530557,2306.75573849994,4398.06950227841
"2018-07-30 20:00:00",2911,2452.40950165103,1768.69121673076,3136.1277865713,1406.75261975587,3498.06638354619
"2018-07-30 21:00:00",2431,1917.73593165336,1234.01764673164,2601.45421657508,872.079049755985,2963.39281355074
"2018-07-30 22:00:00",1742,1673.91404822256,990.195763299435,2357.63233314569,628.257166323036,2719.57093012209
"2018-07-30 23:00:00",1116,1421.60216160619,737.883876680036,2105.32044653233,375.945279702037,2467.25904351033
"2018-07-31 00:00:00",625,919.003408125702,235.285123107182,1602.72169314422,-126.653473919715,1964.66029017112
"2018-07-31 01:00:00",368,254.246460346191,-429.471824760244,937.964745452626,-791.410421833681,1299.90334252606
"2018-07-31 02:00:00",299,-140.791167496411,-824.509452625682,542.92711763286,-1186.44804971121,904.865714718386
"2018-07-31 03:00:00",352,215.499110604508,-468.219174525134,899.217395734151,-830.157771610856,1261.15599281987
"2018-07-31 04:00:00",819,1467.23325080992,783.514965679816,2150.95153594001,421.576368593852,2512.89013302598
"2018-07-31 05:00:00",2764,3250.17974248673,2566.46145734655,3933.8980276269,2204.52286025525,4295.8366247182
"2018-07-31 06:00:00",4240,4883.24053772313,4199.52225257117,5566.95882287509,3837.58365547363,5928.89741997263
"2018-07-31 07:00:00",5655,5782.7800495876,5099.06176443535,6466.49833473985,4737.12316733766,6828.43693183754
"2018-07-31 08:00:00",5960,5794.11702172293,5110.39873656769,6477.83530687817,4748.46013946841,6839.77390397744
"2018-07-31 09:00:00",4925,5219.2289767745,4535.51069161892,5902.94726193007,4173.57209451947,6264.88585902952
"2018-07-31 10:00:00",4455,4566.26138413987,3882.54309898072,5249.97966929903,3520.60450187937,5611.91826640037
"2018-07-31 11:00:00",4727,4237.53660086688,3553.8183157039,4921.25488602985,3191.87971860054,5283.19348313321
"2018-07-31 12:00:00",4998,4364.11358725846,3680.3953020953,5047.83187242163,3318.45670499183,5409.7704695251
"2018-07-31 13:00:00",4875,4833.47707848038,4149.75879331381,5517.19536364695,3787.82019620854,5879.13396075222
"2018-07-31 14:00:00",4922,5410.3112793877,4726.59299422096,6094.02956455445,4364.65439711559,6455.96816165981
"2018-07-31 15:00:00",5722,5838.43494727442,5154.71666210512,6522.15323244372,4792.77806499841,6884.09182955043
"2018-07-31 16:00:00",6357,5901.82344655477,5218.10516138375,6585.54173172578,4856.16656427613,6947.4803288334
"2018-07-31 17:00:00",5912,5486.51797899519,4802.79969382363,6170.23626416676,4440.86109671571,6532.17486127468
"2018-07-31 18:00:00",4740,4651.58991519019,3967.87163001614,5335.30820036425,3605.9330329069,5697.24679747348
"2018-07-31 19:00:00",3288,3641.30674646982,2957.58846129575,4325.02503164389,2595.64986418651,4686.96362875313
"2018-07-31 20:00:00",3076,2770.38038378179,2086.66209860568,3454.09866895789,1724.72350149537,3816.03726606821
"2018-07-31 21:00:00",2686,2221.23444490038,1537.51615972351,2904.95273007724,1175.57756261279,3266.89132718796
"2018-07-31 22:00:00",2152,1909.43076584854,1225.71248067094,2593.14905102614,863.773883559825,2955.08764813725
"2018-07-31 23:00:00",1263,1560.02838444219,876.310099262997,2243.74666962138,514.371502151046,2605.68526673333
"2018-08-01 00:00:00",662,971.535782680823,287.817497453122,1655.25406790853,-74.1210996845094,2017.19266504616
"2018-08-01 01:00:00",398,260.643455899129,-423.074829374746,944.361741173003,-785.013426536819,1306.30033833508
"2018-08-01 02:00:00",352,-139.247189593431,-822.965474879299,544.471095692437,-1184.90407204772,906.409692860859
"2018-08-01 03:00:00",409,233.890258211335,-449.828027074729,917.608543497398,-811.766624243255,1279.54714066592
"2018-08-01 04:00:00",908,1502.08141787186,818.363132585553,2185.79970315816,456.4245354169,2547.73830032681
"2018-08-01 05:00:00",3063,3291.85695842281,2608.13867313122,3975.57524371441,2246.20007595976,4337.51384088586
"2018-08-01 06:00:00",5431,4928.00034402982,4244.28205873203,5611.7186293276,3882.3434615573,5973.65722650233
"2018-08-01 07:00:00",5853,5838.76570960971,5155.04742431177,6522.48399490765,4793.10882713696,6884.42259208246
"2018-08-01 08:00:00",5873,5875.80169430292,5192.08340900341,6559.51997960242,4830.14481182777,6921.45857677807
"2018-08-01 09:00:00",5068,5335.85571668324,4652.13743138355,6019.57400198292,4290.19883420782,6381.51259915866
"2018-08-01 10:00:00",4665,4712.47807886526,4028.7597935637,5396.19636416683,3666.82119638697,5758.13496134356
"2018-08-01 11:00:00",4986,4392.35755613727,3708.63927083371,5076.07584144084,3346.70067365591,5438.01443861864
"2018-08-01 12:00:00",5141,4500.01421283221,3816.29592752855,5183.73249813588,3454.3573303507,5545.67109531373
"2018-08-01 13:00:00",4874,4931.9523330026,4248.23404769714,5615.67061830806,3886.29545051835,5977.60921548685
"2018-08-01 14:00:00",5044,5475.05370785041,4791.33542254486,6158.77199315596,4429.39682536602,6520.7105903348
"2018-08-01 15:00:00",5655,5895.80371602674,5212.08543071985,6579.52200133363,4850.1468335403,6941.46059851318
"2018-08-01 16:00:00",6455,5984.19138349998,5300.47309819219,6667.90966880777,4938.53450101216,7029.8482659878
"2018-08-01 17:00:00",5773,5606.54091964347,4922.82263433539,6290.25920495155,4560.88403715521,6652.19780213173
"2018-08-01 18:00:00",4500,4785.72163102746,4102.00334571807,5469.43991633685,3740.0647485372,5831.37851351773
"2018-08-01 19:00:00",3389,3738.70691730541,3054.98863199601,4422.4252026148,2693.05003481513,4784.36379979568
"2018-08-01 20:00:00",2992,2786.02369503178,2102.30540972132,3469.74198034225,1740.36681253988,3831.68057752369
"2018-08-01 21:00:00",2559,2151.34551917307,1467.62723386221,2835.06380448394,1105.68863668055,3197.00240166559
"2018-08-01 22:00:00",2344,1800.9167969213,1117.19851161005,2484.63508223255,755.259914428191,2846.57367941441
"2018-08-01 23:00:00",1320,1482.47072485459,798.7524395425,2166.18901016667,436.813842360199,2528.12760734897
"2018-08-02 00:00:00",709,969.5658290935,285.847543755931,1653.28411443107,-76.0910534398598,2015.22271162686
"2018-08-02 01:00:00",413,322.503663290875,-361.214622070947,1006.2219486527,-723.153219279578,1368.16054586133
"2018-08-02 02:00:00",324,-71.6467301316411,-755.365015499764,612.071555236482,-1117.30361271173,974.010152448448
"2018-08-02 03:00:00",403,247.296274481736,-436.42201088649,931.014559849962,-798.36060809851,1292.95315706198
"2018-08-02 04:00:00",887,1443.26009606637,759.541810698022,2126.97838143472,397.603213485935,2488.91697864681
"2018-08-02 05:00:00",3091,3193.26787811329,2509.54959274216,3876.98616348442,2147.6109955286,4238.92476069798
"2018-08-02 06:00:00",5589,4841.53524807279,4157.81696269841,5525.25353344717,3795.87836548313,5887.19213066245
"2018-08-02 07:00:00",6435,5794.03384970623,5110.31556433177,6477.75213508069,4748.37696711645,6839.69073229602
"2018-08-02 08:00:00",5736,5864.34345328051,5180.62516790523,6548.0617386558,4818.68657068947,6910.00033587156
"2018-08-02 09:00:00",4976,5332.63860619648,4648.9203208211,6016.35689157186,4286.98172360529,6378.29548878766
"2018-08-02 10:00:00",4388,4710.81921727478,4027.10093189841,5394.53750265114,3665.16233468208,5756.47609986747
"2018-08-02 11:00:00",4652,4415.82939446094,3732.11110908352,5099.54767983836,3370.17251186663,5461.48627705525
"2018-08-02 12:00:00",4977,4577.36487961509,3893.64659423761,5261.08316499256,3531.7079970207,5623.02176220948
"2018-08-02 13:00:00",4931,5058.32180310629,4374.60351772788,5742.0400884847,4012.66492051047,6103.97868570212
"2018-08-02 14:00:00",5104,5599.73062844243,4916.01234306397,6283.44891382089,4554.07374584653,6645.38751103833
"2018-08-02 15:00:00",5707,5955.64622113426,5271.92793575509,6639.36450651342,4909.98933853728,7001.30310373124
"2018-08-02 16:00:00",6303,5959.7429418435,5276.02465646386,6643.46122722314,4914.0860592458,7005.3998244412
"2018-08-02 17:00:00",5783,5552.85880141278,4869.14051603299,6236.57708679258,4507.20191881485,6598.51568401072
"2018-08-02 18:00:00",4569,4806.37587785363,4122.65759247315,5490.09416323411,3760.71899525464,5852.03276045261
"2018-08-02 19:00:00",3570,3917.51984350012,3233.80155811964,4601.2381288806,2871.86296090113,4963.17672609911
"2018-08-02 20:00:00",3103,3127.45673135291,2443.73844597187,3811.17501673395,2081.79984875306,4173.11361395276
"2018-08-02 21:00:00",3023,2575.32898976655,1891.6107043853,3259.04727514781,1529.67210716639,3620.98587236672
"2018-08-02 22:00:00",2303,2194.84447437051,1511.12618898905,2878.56275975197,1149.18759177003,3240.50135697099
"2018-08-02 23:00:00",1379,1768.70105785101,1084.98277246912,2452.41934323291,723.044175249862,2814.35794045216
"2018-08-03 00:00:00",778,1137.92807201519,454.20978661991,1821.64635741047,92.2711893935684,2183.58495463681
"2018-08-03 01:00:00",435,409.578230324302,-274.140055083718,1093.29651573232,-636.078652316804,1455.23511296541
"2018-08-03 02:00:00",371,-31.0535964036906,-714.77188181502,652.664689007639,-1076.71047904986,1014.60328624248
"2018-08-03 03:00:00",398,241.611901944824,-442.106383466559,925.330187356207,-804.044980701425,1287.26878459107
"2018-08-03 04:00:00",853,1363.56914619035,679.850860778901,2047.2874316018,317.912263544,2409.2260288367
"2018-08-03 05:00:00",2900,3017.85763910197,2334.13935368906,3701.57592451488,1972.20075645338,4063.51452175055
"2018-08-03 06:00:00",5265,4584.02338016366,3900.30509474904,5267.74166557828,3538.36649751246,5629.68026281485
"2018-08-03 07:00:00",5783,5506.37851722971,4822.66023181505,6190.09680264437,4460.72163457845,6552.03539988097
"2018-08-03 08:00:00",5213,5617.00133118089,4933.28304576579,6300.71961659598,4571.34444852896,6662.65821383281
"2018-08-03 09:00:00",4577,5189.64047220362,4505.92218678848,5873.35875761877,4143.98358955163,6235.29735485562
"2018-08-03 10:00:00",4384,4711.24915970204,4027.53087428638,5394.9674451177,3665.59227704925,5756.90604235483
"2018-08-03 11:00:00",4820,4560.08691725659,3876.36863184038,5243.8052026728,3514.43003460295,5605.74379991023
"2018-08-03 12:00:00",5073,4815.93087500846,4132.21258959222,5499.6491604247,3770.27399235478,5861.58775766214
"2018-08-03 13:00:00",5067,5293.50733046182,4609.78904504509,5977.22561587856,4247.85044780739,6339.16421311625
"2018-08-03 14:00:00",5456,5717.26848166687,5033.55019625011,6400.98676708363,4671.6115990124,6762.92536432134
"2018-08-03 15:00:00",5646,5885.09455939094,5201.37627397381,6568.81284480807,4839.43767673591,6930.75144204598
"2018-08-03 16:00:00",5888,5729.46781854474,5045.74953312737,6413.18610396212,4683.81093588933,6775.12470120016
"2018-08-03 17:00:00",5135,5290.76015968367,4607.04187426621,5974.47844510113,4245.10327702813,6336.41704233921
"2018-08-03 18:00:00",4753,4667.64224043841,3983.92395502059,5351.36052585623,3621.98535778232,5713.2991230945
"2018-08-03 19:00:00",3767,3981.4890852063,3297.77079978848,4665.20737062412,2935.8322025502,5027.14596786239
"2018-08-03 20:00:00",3461,3345.0091611335,2661.29087571538,4028.72744655161,2299.35227847695,4390.66604379004
"2018-08-03 21:00:00",2632,2820.61998751441,2136.90170209618,3504.33827293263,1774.96310485769,3866.27687017112
"2018-08-03 22:00:00",2594,2389.25120056522,1705.53291514688,3072.96948598355,1343.59431790834,3434.90808322209
"2018-08-03 23:00:00",1833,1968.92812568322,1285.20984026466,2652.64641110178,923.271243025989,3014.58500834045
"2018-08-04 00:00:00",1078,1488.86349037996,805.145204954372,2172.58177580556,443.206607711983,2534.52037304795
"2018-08-04 01:00:00",668,967.139852462702,283.421567030418,1650.85813789499,-78.5170302155132,2012.79673514092
"2018-08-04 02:00:00",519,523.331967883797,-160.386317550226,1207.05025331782,-522.324914797077,1568.98885056467
"2018-08-04 03:00:00",362,308.147179427747,-375.571106006304,991.865464861799,-737.50970325317,1353.80406210866
"2018-08-04 04:00:00",423,406.339705197412,-277.378580236674,1090.0579906315,-639.317177483559,1451.99658787838
"2018-08-04 05:00:00",850,792.871685450579,109.153400015726,1476.58997088543,-252.785197231565,1838.52856813272
"2018-08-04 06:00:00",1427,1370.63472131107,686.916435875321,2054.35300674682,324.977838627556,2416.29160399459
"2018-08-04 07:00:00",1817,2042.45760745313,1358.73932201736,2726.1758928889,996.800724769583,3088.11449013668
"2018-08-04 08:00:00",2559,2746.33127201989,2062.61298658389,3430.04955745588,1700.67438933599,3791.98815470378
"2018-08-04 09:00:00",3477,3432.37990572492,2748.6616202889,4116.09819116095,2386.72302304099,4478.03678840886
"2018-08-04 10:00:00",3962,4027.62518645617,3343.90690101987,4711.34347189246,2981.96830377181,5073.28206914052
"2018-08-04 11:00:00",4236,4446.30242286474,3762.58413742815,5130.02070830133,3400.64554017994,5491.95930554954
"2018-08-04 12:00:00",4263,4646.61654943957,3962.89826400297,5330.33483487618,3600.95966675475,5692.27343212439
"2018-08-04 13:00:00",4552,4672.75487036067,3989.03658492381,5356.47315579753,3627.09798767546,5718.41175304589
"2018-08-04 14:00:00",4379,4625.35016334623,3941.63187790936,5309.06844878311,3579.693280661,5671.00704603147
"2018-08-04 15:00:00",4493,4575.99553569774,3892.27725026067,5259.71382113481,3530.33865301221,5621.65241838328
"2018-08-04 16:00:00",4300,4506.75548038585,3823.03719494865,5190.47376582305,3461.09859770012,5552.41236307158
"2018-08-04 17:00:00",4602,4339.39670176755,3655.67841633031,5023.1149872048,3293.73981908176,5385.05358445335
"2018-08-04 18:00:00",4087,4030.2501951605,3346.53190972307,4713.96848059793,2984.59331247441,5075.90707784658
"2018-08-04 19:00:00",3237,3633.82531380026,2950.10702836283,4317.54359923769,2588.16843111417,4679.48219648635
"2018-08-04 20:00:00",2962,3262.47142501991,2578.75313958232,3946.1897104575,2216.81454233358,4308.12830770624
"2018-08-04 21:00:00",2938,2973.84591264024,2290.1276272026,3657.56419807789,1928.18902995383,4019.50279532666
"2018-08-04 22:00:00",2573,2700.02777902927,2016.30949359157,3383.74606446697,1654.37089634277,3745.68466171577
"2018-08-04 23:00:00",2015,2302.09894790846,1618.38066247064,2985.81723334628,1256.44206522178,3347.75583059515
"2018-08-05 00:00:00",1323,1712.80839903061,1029.09011358909,2396.52668447212,667.151516338274,2758.46528172294
"2018-08-05 01:00:00",812,1034.51113538034,350.792849935315,1718.22942082537,-11.1457473173625,2080.16801807805
"2018-08-05 02:00:00",689,490.538880242322,-193.17940520362,1174.25716568826,-555.11800245678,1536.19576294143
"2018-08-05 03:00:00",396,263.654931518194,-420.063353927763,947.373216964151,-782.001951180932,1309.31181421732
"2018-08-05 04:00:00",356,366.443038917045,-317.27524652893,1050.16132436302,-679.213843782109,1412.0999216162
"2018-08-05 05:00:00",504,662.540439770457,-21.1778456759213,1346.25872521683,-383.116442929313,1708.19732247023
"2018-08-05 06:00:00",962,1014.0413575561,330.323072109255,1697.75964300295,-31.6155251443857,2059.69824025659
"2018-08-05 07:00:00",1210,1407.58281010643,723.864524659565,2091.30109555329,361.925927405917,2453.23969280693
"2018-08-05 08:00:00",1903,1932.965372167,1249.24708672002,2616.68365761398,887.308489466306,2978.62225486769
"2018-08-05 09:00:00",3030,2637.1712500584,1953.4529646114,3320.88953550539,1591.51436735769,3682.82813275911
"2018-08-05 10:00:00",3735,3407.28470020744,2723.56641476031,4091.00298565458,2361.62781750651,4452.94158290837
"2018-08-05 11:00:00",4072,4014.40928276103,3330.69099731374,4698.12756820832,2968.75240005987,5060.0661654622
"2018-08-05 12:00:00",4454,4291.69829433687,3607.98000888957,4975.41657978417,3246.0414116357,5337.35517703805
"2018-08-05 13:00:00",4507,4278.05662833784,3594.33834289041,4961.77491378527,3232.39974563646,5323.71351103922
"2018-08-05 14:00:00",4396,4179.92356826666,3496.20528281922,4863.6418537141,3134.26668556527,5225.58045096805
"2018-08-05 15:00:00",4595,4175.39910974005,3491.68082429251,4859.11739518759,3129.7422270385,5221.0559924416
"2018-08-05 16:00:00",4875,4243.44778423557,3559.72949878796,4927.16606968318,3197.79090153391,5289.10466693722
"2018-08-05 17:00:00",4555,4186.09486779911,3502.37658235148,4869.81315324675,3140.43798509742,5231.7517505008
"2018-08-05 18:00:00",4229,3829.00980030261,3145.29151485488,4512.72808575035,2783.35291760077,4874.66668300445
"2018-08-05 19:00:00",3684,3208.34965321322,2524.63136776548,3892.06793866095,2162.69277051137,4254.00653591506
"2018-08-05 20:00:00",3316,2556.41679032114,1872.69850487332,3240.13507576895,1510.75990761917,3602.0736730231
"2018-08-05 21:00:00",2735,2090.01390399297,1406.29561854512,2773.73218944081,1044.35702129095,3135.67078669498
"2018-08-05 22:00:00",2109,1804.18303266383,1120.46474721596,2487.90131811171,758.526149961774,2849.83991536589
"2018-08-05 23:00:00",1560,1483.62423976034,799.905954312403,2167.34252520828,437.967357058186,2529.2811224625
"2018-08-06 00:00:00",703,943.910972200759,260.192686750882,1627.62925765064,-101.745910504362,1989.56785490588
"2018-08-06 01:00:00",421,286.861674666633,-396.85661078509,970.579960118356,-758.795208041311,1332.51855737458
"2018-08-06 02:00:00",327,-82.475281151106,-766.193566603309,601.243004301097,-1128.13216385978,963.181601557572
"2018-08-06 03:00:00",375,270.041053107999,-413.677232344212,953.759338560209,-775.615829600691,1315.69793581669
"2018-08-06 04:00:00",890,1451.60334331434,767.885057862123,2135.32162876656,405.946460605639,2497.26022602305
"2018-08-06 05:00:00",3047,3100.32030281043,2416.602017358,3784.03858826286,2054.6634201014,4145.97718551946
"2018-08-06 06:00:00",5580,4583.42394081897,3899.7056553663,5267.14222627165,3537.76705810957,5629.08082352838
"2018-08-06 07:00:00",6280,5386.14941365128,4702.4311281986,6069.86769910396,4340.49253094186,6431.8062963607
"2018-08-06 08:00:00",5582,5398.70760864316,4714.98932319041,6082.4258940959,4353.05072593364,6444.36449135267
"2018-08-06 09:00:00",4694,4911.77241109245,4228.0541256397,5595.49069654521,3866.11552838293,5957.42929380197
"2018-08-06 10:00:00",4357,4371.9442044316,3688.22591897877,5055.66248988443,3326.28732172197,5417.60108714124
"2018-08-06 11:00:00",4432,4111.57347228112,3427.85518682821,4795.29175773403,3065.91658957136,5157.23035499088
"2018-08-06 12:00:00",4606,4230.2143667986,3546.49608134568,4913.93265225151,3184.55748408883,5275.87124950836
"2018-08-06 13:00:00",4669,4638.72601027837,3955.00772482538,5322.44429573135,3593.06912756849,5684.38289298824
"2018-08-06 14:00:00",4814,5155.02917315874,4471.31088770575,5838.74745861173,4109.37229044885,6200.68605586862
"2018-08-06 15:00:00",5395,5561.89181057822,4878.17352512517,6245.61009603126,4516.23492786825,6607.54869328818
"2018-08-06 16:00:00",6651,5640.76074280749,4957.04245735441,6324.47902826057,4595.10386009747,6686.41762551751
"2018-08-06 17:00:00",5590,5243.57564948128,4559.85736402818,5927.29393493437,4197.91876677124,6289.23253219131
"2018-08-06 18:00:00",4308,4398.77052500517,3715.05223955202,5082.48881045831,3353.11364229505,5444.42740771528
"2018-08-06 19:00:00",3314,3352.42770609374,2668.7094206406,4036.14599154688,2306.77082338362,4398.08458880386
"2018-08-06 20:00:00",2795,2452.40658307278,1768.68829761959,3136.12486852596,1406.7497003626,3498.06346578296
"2018-08-06 21:00:00",2330,1917.71631884333,1233.99803339013,2601.43460429653,872.059436133123,2963.37320155354
"2018-08-06 22:00:00",1723,1673.89921417004,990.180928716823,2357.61749962326,628.242331459811,2719.55609688027
"2018-08-06 23:00:00",1148,1421.61636409028,737.898078637031,2105.33464954353,375.959481380001,2467.27324680056
"2018-08-07 00:00:00",606,919.015543078838,235.297257624568,1602.73382853311,-126.641339633001,1964.67242579068
"2018-08-07 01:00:00",376,254.244539208998,-429.473746246242,937.962824664237,-791.412343504324,1299.90142192232
"2018-08-07 02:00:00",288,-140.80391976305,-824.522205218542,542.914365692441,-1186.46080247676,904.852962950657
"2018-08-07 03:00:00",362,215.496454077002,-468.221831378494,899.214739532497,-830.160428636712,1261.15333679072
"2018-08-07 04:00:00",912,1467.25374303532,783.535457579823,2150.97202849082,421.596860321603,2512.91062574904
"2018-08-07 05:00:00",3153,3250.19697105841,2566.4786856028,3933.91525651402,2204.54008834452,4295.8538537723
"2018-08-07 06:00:00",5814,4883.23408677575,4199.51580132001,5566.95237223149,3837.57720406166,5928.89096948984
"2018-08-07 07:00:00",5655,5782.76972062842,5099.05143517268,6466.48800608417,4737.11283791433,6828.42660334252
"2018-08-07 08:00:00",5960,5794.12242130502,5110.40413584924,6477.8407067608,4748.46553859087,6839.77930401917
"2018-08-07 09:00:00",4925,5219.2378920676,4535.51960661182,5902.95617752338,4173.58100935345,6264.89477478175
"2018-08-07 10:00:00",4416,4566.25985748755,3882.54157203173,5249.97814294337,3520.60297477333,5611.91674020176
"2018-08-07 11:00:00",4515,4237.51514048461,3553.79685502875,4921.23342594048,3191.85825777034,5283.17202319889
"2018-08-07 12:00:00",4940,4364.08775972533,3680.36947426947,5047.8060451812,3318.43087701105,5409.74464243961
"2018-08-07 13:00:00",4726,4833.46974985534,4149.75146439943,5517.18803531124,3787.812867141,5879.12663256967
"2018-08-07 14:00:00",5040,5410.3125598287,4726.5942743728,6094.03084528461,4364.65567711437,6455.96944254304
"2018-08-07 15:00:00",5555,5838.4330756134,5154.71479015747,6522.15136106933,4792.77619289902,6884.08995832778
"2018-08-07 16:00:00",6471,5901.80446044328,5218.08617498733,6585.52274589923,4856.14757772887,6947.46134315769
"2018-08-07 17:00:00",5656,5486.50864633529,4802.79036087933,6170.22693179124,4440.85176362087,6532.16552904971
"2018-08-07 18:00:00",4121,4651.58975615137,3967.87147069539,5335.30804160736,3605.93287343691,5697.24663886583
"2018-08-07 19:00:00",3272,3641.31767955248,2957.5993940965,4325.03596500847,2595.66079683802,4686.97456226694
"2018-08-07 20:00:00",2888,2770.37826821245,2086.65998275644,3454.09655366846,1724.72138549795,3816.03515092695
"2018-08-07 21:00:00",2532,2221.22022987127,1537.50194441525,2904.93851532728,1175.56334715675,3266.87711258578
"2018-08-07 22:00:00",1771,1909.42001345371,1225.70172799769,2593.13829890974,863.763130739189,2955.07689616823
"2018-08-07 23:00:00",1168,1560.03867745261,876.320391996567,2243.75696290865,514.381794738059,2605.69556016716
"2018-08-08 00:00:00",643,971.544577463353,287.826292006776,1655.26286291993,-74.1123052520142,2017.20146017872
"2018-08-08 01:00:00",393,260.642063643929,-423.076221813157,944.360349101016,-785.014819072217,1306.29894636008
"2018-08-08 02:00:00",295,-139.256431801976,-822.974717259195,544.461853655243,-1184.91331451833,906.400450914373
"2018-08-08 03:00:00",374,233.888332826616,-449.829952630605,917.606618283837,-811.768549889736,1279.54521554297
"2018-08-08 04:00:00",912,1502.09626959258,818.377984135358,2185.81455504981,456.439386876225,2547.75315230894
"2018-08-08 05:00:00",3119,3291.86944498894,2608.15115953166,3975.58773044622,2246.2125622725,4337.52632770539
"2018-08-08 06:00:00",5730,4927.99566905178,4244.27738359443,5611.71395450913,3882.33878633523,5973.65255176833
"2018-08-08 07:00:00",6430,5838.75822414174,5155.03993868438,6522.47650959909,4793.10134142518,6884.41510685829
"2018-08-08 08:00:00",5864,5875.80560790063,5192.08732244326,6559.523893358,4830.14872518406,6921.46249061721
"2018-08-08 09:00:00",4902,5335.86217802401,4652.14389256664,6019.58046348138,4290.20529530743,6381.51906074059
"2018-08-08 10:00:00",4610,4712.4769722961,4028.75868683871,5396.19525775349,3666.82008957949,5758.13385501272
"2018-08-08 11:00:00",4838,4392.34200248807,3708.62371703066,5076.06028794548,3346.68511977142,5437.99888520472
"2018-08-08 12:00:00",5004,4499.99549406579,3816.27720860837,5183.7137795232,3454.33861134914,5545.65237678243
"2018-08-08 13:00:00",4741,4931.94702145833,4248.22873600089,5615.66530691576,3886.29013874165,5977.603904175
"2018-08-08 14:00:00",5128,5475.05463582749,4791.33635037005,6158.77292128492,4429.39775311081,6520.71151854417
"2018-08-08 15:00:00",5798,5895.80235954681,5212.08407408936,6579.52064500427,4850.14547683011,6941.45924226352
"2018-08-08 16:00:00",6652,5984.17762359791,5300.45933814045,6667.89590905537,4938.52074088119,7029.83450631463
"2018-08-08 17:00:00",6043,5606.53415620514,4922.81587074768,6290.25244166261,4560.87727348842,6652.19103892187
"2018-08-08 18:00:00",4806,4785.72151583634,4102.00323037886,5469.43980129382,3740.06463311959,5831.37839855308
"2018-08-08 19:00:00",3655,3738.71484110717,3054.99655564969,4422.43312656465,2693.05795839042,4784.37172382392
"2018-08-08 20:00:00",3130,2786.02216200544,2102.30387654795,3469.74044746293,1740.36527928868,3831.67904472221
"2018-08-08 21:00:00",3267,2151.33521693393,1467.61693147644,2835.05350239142,1105.67833421716,3196.9920996507
"2018-08-08 22:00:00",2711,1800.90900414315,1117.19071868565,2484.62728960065,755.252121426372,2846.56588685993
"2018-08-08 23:00:00",1478,1482.4781846578,798.759899200289,2166.1964701153,436.821301941006,2528.13506737459
"2018-08-09 00:00:00",801,969.572203019324,285.853917561535,1653.29048847711,-76.0846796978971,2015.22908573655
"2018-08-09 01:00:00",482,322.502654285551,-361.215631172505,1006.22093974361,-723.154228432079,1368.15953700318
"2018-08-09 02:00:00",336,-71.6534283042992,-755.371713762425,612.064857153827,-1117.31031102204,974.003454413437
"2018-08-09 03:00:00",379,247.29487908511,-436.423406373017,931.013164543237,-798.362003632628,1292.95176180285
"2018-08-09 04:00:00",936,1443.27085972964,759.552574271516,2126.98914518777,397.613977011904,2488.92774244738
"2018-08-09 05:00:00",3022,3193.27692770453,2509.55864224637,3876.99521316269,2147.62004498674,4238.93381042231
"2018-08-09 06:00:00",5423,4841.53186009504,4157.81357463685,5525.25014555324,3795.8749773772,5887.18874281288
"2018-08-09 07:00:00",6313,5794.02842487193,5110.31013941374,6477.74671033013,4748.37154215409,6839.68530758978
"2018-08-09 08:00:00",5908,5864.34628976621,5180.628004308,6548.06457522441,4818.68940704835,6910.00317248406
"2018-08-09 09:00:00",4788,5332.64328895606,4648.92500349786,6016.36157441427,4286.98640623821,6378.30017167392
"2018-08-09 10:00:00",4517,4710.81841522249,4027.10012976428,5394.53670068071,3665.16153250462,5756.47529794037
"2018-08-09 11:00:00",4675,4415.81812206409,3732.09983660586,5099.53640752231,3370.16123934619,5461.47500478198
"2018-08-09 12:00:00",4927,4577.35131327818,3893.63302781995,5261.06959873641,3531.69443056028,5623.00819599607
"2018-08-09 13:00:00",4990,5058.31795363513,4374.59966817689,5742.03623909337,4012.66107091722,6103.97483635304
"2018-08-09 14:00:00",5155,5599.73130097801,4916.01301551977,6283.44958643625,4554.0744182601,6645.38818369592
"2018-08-09 15:00:00",5654,5955.64523804746,5271.92695258922,6639.36352350571,4909.98835532954,7001.30212076539
"2018-08-09 16:00:00",6532,5959.73296953515,5276.0146840769,6643.4512549934,4914.07608681722,7005.38985225308
"2018-08-09 17:00:00",5871,5552.85389982436,4869.1356143661,6236.57218528261,4507.19701710642,6598.51078254229
"2018-08-09 18:00:00",4426,4806.37579446472,4122.65750900646,5490.09407992298,3760.71891174678,5852.03267718267
"2018-08-09 19:00:00",3530,3917.52558622452,3233.80730076626,4601.24387168278,2871.86870350658,4963.18246894246
"2018-08-09 20:00:00",3290,3127.45562040132,2443.73733494305,3811.17390585959,2081.79873768337,4173.11250311928
"2018-08-09 21:00:00",3176,2575.32152354202,1891.60323808375,3259.03980900029,1529.66464082406,3620.97840625997
"2018-08-09 22:00:00",2420,2194.83882701875,1511.12054156048,2878.55711247702,1149.18194430079,3240.49570973671
"2018-08-09 23:00:00",1406,1768.70646428701,1084.98817882874,2452.42474974529,723.049581569046,2814.36334700498
"2018-08-10 00:00:00",731,1137.93269142203,454.214405963608,1821.65097688046,92.2758087038385,2183.58957414023
"2018-08-10 01:00:00",471,409.577499042059,-274.140786416507,1093.29578450062,-636.079383676351,1455.23438176047
"2018-08-10 02:00:00",374,-31.0584507982278,-714.77673625683,652.659834660374,-1076.71533351669,1014.59843192024
"2018-08-10 03:00:00",404,241.61089067196,-442.107394786644,925.329176130563,-804.045992046507,1287.26777339043
"2018-08-10 04:00:00",818,1363.57694698947,679.858661530864,2047.29523244807,317.920064271001,2409.23382970793
"2018-08-10 05:00:00",2854,3017.8641976173,2334.14591215868,3701.58248307592,1972.20731489881,4063.52108033579
"2018-08-10 06:00:00",5227,4584.02092470622,3900.30263924758,5267.73921016486,3538.3640419877,5629.67780742474
"2018-08-10 07:00:00",5950,5506.37458556609,4822.65630010745,6190.09287102473,4460.71770284757,6552.03146828461
"2018-08-10 08:00:00",5211,5617.0033868229,4933.28510136425,6300.72167228154,4571.34650410437,6662.66026954142
"2018-08-10 09:00:00",4584,5189.64386596074,4505.9255805021,5873.36215141939,4143.98698324221,6235.30074867927
"2018-08-10 10:00:00",4512,4711.24857845045,4027.5302929918,5394.9668639091,3665.59169573192,5756.90546116899
"2018-08-10 11:00:00",4796,4560.0787478247,3876.36046236605,5243.79703328336,3514.42186510616,5605.73563054325
"2018-08-10 12:00:00",4941,4815.92104308504,4132.20275762638,5499.63932854369,3770.26416036649,5861.57792580359
"2018-08-10 13:00:00",5053,5293.50454065032,4609.78625519166,5977.22282610898,4247.84765793176,6339.16142336887
"2018-08-10 14:00:00",5367,5717.26896907955,5033.55068362089,6400.98725453821,4671.61208636099,6762.92585179811
"2018-08-10 15:00:00",5684,5885.09384691426,5201.37556145559,6568.81213237293,4839.4369641957,6930.75072963282
"2018-08-10 16:00:00",5868,5729.46059119987,5045.7423057412,6413.17887665854,4683.8037084813,6775.11747391844
"2018-08-10 17:00:00",5309,5290.75660723325,4607.03832177458,5974.47489269192,4245.09972451468,6336.41348995182
"2018-08-10 18:00:00",4616,4667.64217999443,3983.92389453576,5351.36046545311,3621.98529727586,5713.29906271301
"2018-08-10 19:00:00",3713,3981.49324714023,3297.77496168156,4665.21153259891,2935.83636442166,5027.15012985881
"2018-08-10 20:00:00",3344,3345.00835593757,2661.29007047889,4028.72664139624,2299.35147321899,4390.66523865615
"2018-08-10 21:00:00",3374,2820.61457648585,2136.89629102717,3504.33286194453,1774.95769376727,3866.27145920443
"2018-08-10 22:00:00",3117,2389.24710777262,1705.52882231394,3072.9653932313,1343.59022505404,3434.90399049121
"2018-08-10 23:00:00",2271,1968.93204392788,1285.2137584692,2652.65032938656,923.275161209292,3014.58892664647
"2018-08-11 00:00:00",1412,1488.8668382454,805.148552786641,2172.58512370416,443.209955526695,2534.52372096411
"2018-08-11 01:00:00",831,967.139322465339,283.421037006505,1650.85760792417,-78.5175602534806,2012.79620518416
"2018-08-11 02:00:00",665,523.328449713178,-160.389835745675,1207.04673517203,-522.32843300567,1568.98533243203
"2018-08-11 03:00:00",423,308.146446514393,-375.57183894446,991.864731973247,-737.510436204455,1353.80332923324
"2018-08-11 04:00:00",459,406.345358731863,-277.37292672699,1090.06364419072,-639.311523986986,1452.00224145071
"2018-08-11 05:00:00",876,792.876438633856,109.158153174994,1476.59472409272,-252.780444085007,1838.53332135272
"2018-08-11 06:00:00",1560,1370.63294169017,686.914656231298,2054.35122714904,324.976058971292,2416.28982440905
"2018-08-11 07:00:00",2004,2042.4547579636,1358.73647250473,2726.17304342247,996.797875244723,3088.11164068248
"2018-08-11 08:00:00",2806,2746.33276177667,2062.6144763178,3430.05104723555,1700.67587905779,3791.98964449555
"2018-08-11 09:00:00",3514,3432.38236531795,2748.66407985907,4116.10065077682,2386.72548259906,4478.03924803683
"2018-08-11 10:00:00",3971,4027.6247652284,3343.90647976952,4711.34305068728,2981.96788250951,5073.28164794729
"2018-08-11 11:00:00",4198,4446.29650218225,3762.57821672337,5130.01478764113,3400.63961946336,5491.95338490114
"2018-08-11 12:00:00",4310,4646.60942389936,3962.89113844048,5330.32770935824,3600.95254118047,5692.26630661825
"2018-08-11 13:00:00",4262,4672.75284847543,3989.03456301655,5356.47113393432,3627.09596575654,5718.40973119433
"2018-08-11 14:00:00",4280,4625.35051659679,3941.6322311379,5309.06880205567,3579.69363387789,5671.00739931568
"2018-08-11 15:00:00",4188,4575.99501933551,3892.27673387662,5259.7133047944,3530.33813661661,5621.65190205441
"2018-08-11 16:00:00",4305,4506.75024243354,3823.03195697465,5190.46852789243,3461.09335971464,5552.40712515244
"2018-08-11 17:00:00",4134,4339.39412712369,3655.6758416648,5023.11241258257,3293.73724440478,5385.05100984259
"2018-08-11 18:00:00",3920,4030.25015132679,3346.5318658679,4713.96843678568,2984.59326860788,5075.90703404569
"2018-08-11 19:00:00",3567,3633.8283301068,2950.11004464791,4317.54661556569,2588.1714473879,4679.48521282571
"2018-08-11 20:00:00",3362,3262.47084143089,2578.752555972,3946.18912688978,2216.81395871198,4308.1277241498
"2018-08-11 21:00:00",3378,2973.84199098095,2290.12370552206,3657.56027643985,1928.18510826205,4019.49887369986
"2018-08-11 22:00:00",3167,2700.02481270821,2016.30652724932,3383.74309816711,1654.3679299893,3745.68169542713
"2018-08-11 23:00:00",2511,2302.10178760671,1618.38350214782,2985.82007306561,1256.4449048878,3347.75867032562
"2018-08-12 00:00:00",1406,1712.81082536652,1029.09253990759,2396.52911082546,667.15394264755,2758.4677080855
"2018-08-12 01:00:00",868,1034.5107512766,350.792465817624,1718.22903673557,-11.1461314424362,2080.16763399563
"2018-08-12 02:00:00",678,490.536330473919,-193.181954985065,1174.2546159329,-555.12055224513,1536.19321319297
"2018-08-12 03:00:00",392,263.654400344618,-420.063885114367,947.372685803603,-782.002482374432,1309.31128306367
"2018-08-12 04:00:00",365,366.447136269121,-317.271149189864,1050.16542172811,-679.209746449929,1412.10401898817
"2018-08-12 05:00:00",529,662.543884602806,-21.1744008561832,1346.26217006179,-383.112998116251,1708.20076732186
"2018-08-12 06:00:00",984,1014.04006781312,330.321782354123,1697.75835327211,-31.6168149059474,2059.69695053218
"2018-08-12 07:00:00",1196,1407.58074498908,723.862459530082,2091.29903044807,361.923862270012,2453.23762770814
"2018-08-12 08:00:00",1850,1932.96645187079,1249.24816641179,2616.68473732979,887.309569151723,2978.62333458986
"2018-08-12 09:00:00",2713,2637.1730326306,1953.45474717161,3320.8913180896,1591.51614991154,3682.82991534967
"2018-08-12 10:00:00",3534,3407.28439491855,2723.56610945955,4091.00268037755,2361.62751219948,4452.94127763762
"2018-08-12 11:00:00",3856,4014.40499177415,3330.68670631515,4698.12327723315,2968.74810905508,5060.06187449322
"2018-08-12 12:00:00",4037,4291.69313013937,3607.97484468037,4975.41141559836,3246.03624742029,5337.35001285844
"2018-08-12 13:00:00",4522,4278.05516298308,3594.33687752408,4961.77344844208,3232.39828026401,5323.71204570216
"2018-08-12 14:00:00",4468,4179.92382428327,3496.20553882427,4863.64210974227,3134.2669415642,5225.58070700235
"2018-08-12 15:00:00",4351,4175.39873550997,3491.68045005097,4859.11702096897,3129.74185279089,5221.05561822905
"2018-08-12 16:00:00",4466,4243.44398809065,3559.72570263164,4927.16227354965,3197.78710537157,5289.10087080972
"2018-08-12 17:00:00",4313,4186.0930018749,3502.3747164159,4869.81128733391,3140.43611915582,5231.74988459398
"2018-08-12 18:00:00",4012,3829.00976853881,3145.29148307981,4512.72805399782,2783.35288581974,4874.66665125789
"2018-08-12 19:00:00",3658,3208.35183925881,2524.6335537998,3892.07012471781,2162.69495653973,4254.00872197789
"2018-08-12 20:00:00",3151,2556.41636738174,1872.69808192273,3240.13465284074,1510.75948466266,3602.07325010082
"2018-08-12 21:00:00",2708,2090.01106181325,1406.29277635425,2773.72934727226,1044.35417909417,3135.66794453233
"2018-08-12 22:00:00",1930,1804.18088283333,1120.46259737432,2487.89916829234,758.524000114249,2849.83776555241
"2018-08-12 23:00:00",1282,1483.62629780454,799.908012345539,2167.34458326355,437.969415085462,2529.28318052363
"2018-08-13 00:00:00",651,943.912730664448,260.19444520542,1627.63101612348,-101.744152054668,1989.56961338356
"2018-08-13 01:00:00",434,286.861396293603,-396.856889165444,970.579681752651,-758.795486425543,1332.51827901275
"2018-08-13 02:00:00",355,-82.4771290684515,-766.195414527505,601.241156390602,-1128.13401178761,963.179753650703
"2018-08-13 03:00:00",348,270.040668144229,-413.677617314825,953.758953603282,-775.616214574926,1315.69755086338
"2018-08-13 04:00:00",924,1451.60631282694,767.888027367883,2135.32459828599,405.949430107782,2497.26319554609
"2018-08-13 05:00:00",3025,3100.32279943331,2416.60451397426,3784.04108489237,2054.66591671415,4145.97968215247
"2018-08-13 06:00:00",5546,4583.42300610476,3899.7047206457,5267.14129156382,3537.7661233856,5629.07988882392
"2018-08-13 07:00:00",6383,5386.14791699394,4702.42963153488,6069.866202453,4340.49103427478,6431.8047997131
"2018-08-13 08:00:00",5642,5398.70839116228,4714.99010570322,6082.42667662133,4353.05150844311,6444.36527388144
"2018-08-13 09:00:00",4714,4911.77370299185,4228.05541753279,5595.49198845091,3866.11682027268,5957.43058571101
"2018-08-13 10:00:00",4216,4371.94398316664,3688.22569770758,5055.6622686257,3326.28710044748,5417.60086588581
"2018-08-13 11:00:00",4440,4111.57036242759,3427.85207696853,4795.28864788665,3065.91347970842,5157.22724514676
"2018-08-13 12:00:00",4673,4230.21062408902,3546.49233862996,4913.92890954808,3184.55374136985,5275.86750680819
"2018-08-13 13:00:00",4494,4638.72494827946,3955.00666282039,5322.44323373852,3593.06806556029,5684.38183099862
"2018-08-13 14:00:00",4811,5155.02935870252,4471.31107324346,5838.74764416158,4109.37247598335,6200.68624142169
"2018-08-13 15:00:00",5245,5561.8915393604,4878.17325390134,6245.60982481946,4516.23465664123,6607.54842207957
"2018-08-13 16:00:00",6163,5640.7579915961,4957.03970613703,6324.47627705516,4595.10110887693,6686.41487431527
"2018-08-13 17:00:00",5603,5243.57429718506,4559.856011726,5927.29258264412,4197.91741446589,6289.23117990423
"2018-08-13 18:00:00",4077,4398.7705019895,3715.05221653043,5082.48878744856,3353.11361927033,5444.42738470867
"2018-08-13 19:00:00",3247,3352.42929041141,2668.71100495235,4036.14757587048,2306.77240769224,4398.08617313058
"2018-08-13 20:00:00",2835,2452.40627656544,1768.68799110638,3136.12456202451,1406.74939384627,3498.06315928461
"2018-08-13 21:00:00",2615,1917.71425901351,1233.99597355445,2601.43254447257,872.057376294338,2963.37114173268
"2018-08-13 22:00:00",1823,1673.89765613212,990.17937067306,2357.61594159119,628.240773412953,2719.5545388513
"2018-08-13 23:00:00",1117,1421.61785563893,737.899570179861,2105.33614109799,375.960972919753,2467.2747383581
"2018-08-14 00:00:00",571,919.016817504209,235.298532045133,1602.73510296328,-126.640065214981,1964.6737002234
"2018-08-14 01:00:00",394,254.244337460466,-429.473947998621,937.962622919553,-791.41254525874,1299.90122017967
"2018-08-14 02:00:00",284,-140.80525901787,-824.523544476959,542.91302644122,-1186.46214173708,904.85162370134
"2018-08-14 03:00:00",340,215.496175080577,-468.222110378512,899.214460539667,-830.160707638633,1261.15305779979
"2018-08-14 04:00:00",940,1467.25589515794,783.537609698852,2150.97418061703,421.599012438731,2512.91277787715
"2018-08-14 05:00:00",3184,3250.19878045117,2566.48049499208,3933.91706591026,2204.54189773196,4295.85566317038
"2018-08-14 06:00:00",5702,4883.23340934531,4199.51512388622,5566.95169480441,3837.5765266261,5928.89029206453
"2018-08-14 07:00:00",6573,5782.76863593819,5099.0503504791,6466.48692139729,4737.11175321898,6828.42551865741
"2018-08-14 08:00:00",5841,5794.12298842361,5110.40470296452,6477.8412738827,4748.4661057044,6839.77987114283
"2018-08-14 09:00:00",4766,5219.23882835309,4535.520542894,5902.95711381218,4173.58194563388,6264.8957110723
"2018-08-14 10:00:00",4478,4566.25969713272,3882.54141167363,5249.97798259181,3520.60281441351,5611.91657985194
"2018-08-14 11:00:00",4741,4237.51288665772,3553.79460119862,4921.23117211681,3191.8560039385,5283.16976937693
"2018-08-14 12:00:00",4996,4364.0850472471,3680.366761788,5047.80333270619,3318.42816452788,5409.74192996631
"2018-08-14 13:00:00",4832,4833.46898018542,4149.75069472633,5517.18726564452,3787.81209746621,5879.12586290464
"2018-08-14 14:00:00",4985,5410.31269430079,4726.5944088417,6094.03097975989,4364.65581158158,6455.96957702001
"2018-08-14 15:00:00",5672,5838.43287905078,5154.71459359169,6522.15116450988,4792.77599633157,6884.08976177
"2018-08-14 16:00:00",6373,5901.80246653152,5218.08418107243,6585.52075199062,4856.1455838123,6947.45934925074
"2018-08-14 17:00:00",6014,5486.50766626503,4802.78938080593,6170.22595172412,4440.85078354581,6532.16454898424
"2018-08-14 18:00:00",4525,4651.58973946946,3967.87145401036,5335.30802492855,3605.93285675024,5697.24662218868
"2018-08-14 19:00:00",3423,3641.31882776947,2957.60054231037,4325.03711322856,2595.66194505025,4686.97571048868
"2018-08-14 20:00:00",3046,2770.37804606857,2086.65976060947,3454.09633152766,1724.72116334935,3816.03492878779
"2018-08-14 21:00:00",2784,2221.21873703778,1537.50045157868,2904.93702249687,1175.56185431856,3266.875619757
"2018-08-14 22:00:00",2287,1909.41888429456,1225.70059883546,2593.13716975365,863.762001575338,2955.07576701378
"2018-08-14 23:00:00",2772,1560.03975843439,876.321472975293,2243.75804389348,514.38287571517,2605.69664115361
"2018-08-15 00:00:00",793,971.545501087978,287.827215628877,1655.26378654708,-74.11138163125,2017.20238380721
"2018-08-15 01:00:00",492,260.64191742743,-423.076368031677,944.360202886537,-785.014965291806,1306.29880014667
"2018-08-15 02:00:00",335,-139.257402410322,-822.975687869431,544.460883048786,-1184.91428512956,906.399480308917
"2018-08-15 03:00:00",403,233.888130627593,-449.830154831516,917.606416086701,-811.768752091646,1279.54501334683
"2018-08-15 04:00:00",948,1502.09782931712,818.379543858015,2185.81611477623,456.440946597884,2547.75471203636
"2018-08-15 05:00:00",3181,3291.87075632494,2608.15247086583,3975.58904178405,2246.2138736057,4337.52763904418
"2018-08-15 06:00:00",5767,4927.99517809103,4244.27689263192,5611.71346355014,3882.33829537179,5973.65206081027
"2018-08-15 07:00:00",6561,5838.75743801944,5155.03915256033,6522.47572347855,4793.1005553002,6884.41432073868
"2018-08-15 08:00:00",5930,5875.80601890636,5192.08773344725,6559.52430436547,4830.14913618711,6921.4629016256
"2018-08-15 09:00:00",4672,5335.86285658912,4652.14457113001,6019.58114204823,4290.20597386988,6381.51973930836
"2018-08-15 10:00:00",4638,4712.47685608168,4028.75857062257,5396.19514154079,3666.81997336244,5758.13373880093
"2018-08-15 11:00:00",4979,4392.3403690536,3708.62208359449,5076.05865451271,3346.68348633436,5437.99725177284
"2018-08-15 12:00:00",5016,4499.99352822973,3816.27524277062,5183.71181368884,3454.33664551049,5545.65041094897
"2018-08-15 13:00:00",4841,4931.94646365085,4248.22817819174,5615.66474910996,3886.28958093161,5977.6033463701
"2018-08-15 14:00:00",4968,5475.05473328155,4791.33644782244,6158.77301874066,4429.39785056231,6520.71161600079
"2018-08-15 15:00:00",5428,5895.80221709226,5212.08393163315,6579.52050255137,4850.14533437301,6941.4590998115
"2018-08-15 16:00:00",5541,5984.17617852879,5300.45789306968,6667.8944639879,4938.51929580955,7029.83306124803
"2018-08-15 17:00:00",5920,5606.5334459082,4922.81516044909,6290.25173136731,4560.87656318896,6652.19032862745
"2018-08-15 18:00:00",4545,4785.72150374358,4102.00321828447,5469.43978920269,3740.06462102434,5831.37838646283
"2018-08-15 19:00:00",3358,3738.71567326305,3054.99738780393,4422.43395872216,2693.0587905438,4784.37255598229
"2018-08-15 20:00:00",3133,2786.02200100608,2102.30371554696,3469.74028646519,1740.36511828683,3831.67888372532
"2018-08-15 21:00:00",2687,2151.33413501771,1467.6158495586,2835.05242047683,1105.67725229847,3196.99101773696
"2018-08-15 22:00:00",1742,1800.90818578296,1117.18990032385,2484.62647124207,755.251303063716,2846.5650685022
"2018-08-15 23:00:00",1051,1482.47896808837,798.760682629262,2166.19725354749,436.82208536913,2528.13585080762
"2018-08-16 00:00:00",652,969.572872408968,285.854586949853,1653.29115786808,-76.0840103102809,2015.22975512822
"2018-08-16 01:00:00",399,322.502548319731,-361.215737139386,1006.22083377885,-723.154334399522,1368.15943103898
"2018-08-16 02:00:00",300,-71.6541317461523,-755.372417205271,612.064153712966,-1117.31101446541,974.002750973102
"2018-08-16 03:00:00",412,247.294732542432,-436.423552916686,931.01301800155,-798.362150176822,1292.95161526169
"2018-08-16 04:00:00",977,1443.27199012879,759.553704669676,2126.99027558791,397.61510740954,2488.92887284805
"2018-08-16 05:00:00",3150,3193.27787808281,2509.55959262369,3876.99616354193,2147.62099536356,4238.93476080207
"2018-08-16 06:00:00",5386,4841.53150427488,4157.81321881576,5525.249789734,3795.87462155562,5887.18838699413
"2018-08-16 07:00:00",6494,5794.02785514032,5110.3095696812,6477.74614059944,4748.37097242107,6839.68473785958
"2018-08-16 08:00:00",5847,5864.34658764229,5180.62830218317,6548.06487310141,4818.68970492304,6910.00347036155
"2018-08-16 09:00:00",4976,5332.64378073788,4648.92549527876,6016.362066197,4286.98689801862,6378.30066345713
"2018-08-16 10:00:00",4466,4710.81833099485,4027.10004553573,5394.53661645397,3665.16144827559,5756.4752137141
"2018-08-16 11:00:00",4574,4415.81693824917,3732.09865279005,5099.53522370829,3370.16005552992,5461.47382096843
"2018-08-16 12:00:00",4961,4577.34988855719,3893.63160309807,5261.06817401631,3531.69300583793,5623.00677127644
"2018-08-16 13:00:00",4785,5058.31754936722,4374.5992639081,5742.03583482634,4012.66066664796,6103.97443208647
"2018-08-16 14:00:00",4927,5599.73137160758,4916.01308614846,6283.4496570667,4554.07448888832,6645.38825432683
"2018-08-16 15:00:00",5729,5955.64513480271,5271.92684934359,6639.36342026183,4909.98825208345,7001.30201752196
"2018-08-16 16:00:00",6272,5959.73192223717,5276.01363677805,6643.45020769629,4914.07503951791,7005.38880495642
"2018-08-16 17:00:00",5928,5552.85338504317,4869.13509958405,6236.57167050229,4507.19650232392,6598.51026776243
"2018-08-16 18:00:00",4580,4806.37578570255,4122.65750024343,5490.09407116167,3760.71890298329,5852.03266842181
"2018-08-16 19:00:00",3725,3917.52618932158,3233.80790386246,4601.2444747807,2871.86930660232,4963.18307204083
"2018-08-16 20:00:00",3205,3127.45550371664,2443.73721825752,3811.17378917576,2081.79862099738,4173.1123864359
"2018-08-16 21:00:00",3090,2575.32073943042,1891.6024539713,3259.03902488954,1529.66385671117,3620.97762214968
"2018-08-16 22:00:00",2377,2194.83823392048,1511.11994846136,2878.5565193796,1149.18135120123,3240.49511663974
"2018-08-16 23:00:00",1380,1768.70703206999,1084.98874661087,2452.42531752911,723.050149350735,2814.36391478925
"2018-08-17 00:00:00",809,1137.93317655419,454.214891095071,1821.65146201332,92.2762938349338,2183.59005927345
"2018-08-17 01:00:00",449,409.577422241151,-274.140863217972,1093.29570770027,-636.079460478111,1455.23430496041
"2018-08-17 02:00:00",363,-31.0589606103223,-714.777246069446,652.659324848801,-1076.71584332958,1014.59792210894
"2018-08-17 03:00:00",408,241.610784468185,-442.107500990939,925.329069927309,-804.046098251078,1287.26766718745
"2018-08-17 04:00:00",899,1363.57776623088,679.85948077176,2047.29605169001,317.920883511621,2409.23464895015
"2018-08-17 05:00:00",2821,3017.86488638957,2334.14660093045,3701.5831718487,1972.20800367031,4063.52176910884
"2018-08-17 06:00:00",5243,4584.02066683446,3900.30238137534,5267.73895229359,3538.3637841152,5629.67754955373
"2018-08-17 07:00:00",5994,5506.37417266045,4822.65588720133,6190.09245811958,4460.71728994119,6552.03105537972
"2018-08-17 08:00:00",5406,5617.00360270712,4933.28531724799,6300.72188816624,4571.34671998785,6662.66048542638
"2018-08-17 09:00:00",4719,5189.64422237578,4505.92593691666,5873.36250783491,4143.98733965652,6235.30110509505
"2018-08-17 10:00:00",4510,4711.24851741022,4027.5302319511,5394.96680286934,3665.59163469096,5756.90540012948
"2018-08-17 11:00:00",4948,4560.07788986705,3876.35960440793,5243.79617532618,3514.42100714779,5605.73477258631
"2018-08-17 12:00:00",5076,4815.92001053045,4132.20172507133,5499.63829598958,3770.26312781119,5861.57689324972
"2018-08-17 13:00:00",5027,5293.50424766084,4609.78596220171,5977.22253311996,4247.84736494157,6339.1611303801
"2018-08-17 14:00:00",5289,5717.26902026914,5033.55073481002,6400.98730572827,4671.61213754988,6762.92590298841
"2018-08-17 15:00:00",5581,5885.0937720892,5201.37548663008,6568.81205754833,4839.43688936994,6930.75065480846
"2018-08-17 16:00:00",5734,5729.45983218059,5045.74154672147,6413.17811763972,4683.80294946133,6775.11671489986
"2018-08-17 17:00:00",5141,5290.75623415551,4607.03794869638,5974.47451961463,4245.09935143624,6336.41311687477
"2018-08-17 18:00:00",4536,4667.64217364473,3983.9238881856,5351.36045910385,3621.98529092546,5713.29905636399
"2018-08-17 19:00:00",3703,3981.49368422822,3297.7753987691,4665.21196968735,2935.83680150896,5027.15056694749
"2018-08-17 20:00:00",3279,3345.00827137416,2661.28998591503,4028.72655683328,2299.35138865489,4390.66515409342
"2018-08-17 21:00:00",3177,2820.61400820799,2136.89572274887,3504.33229366712,1774.95712548873,3866.27089092726
"2018-08-17 22:00:00",2903,2389.24667793524,1705.52839247612,3072.96496339437,1343.58979521598,3434.90356065451
"2018-08-17 23:00:00",2126,1968.93245542197,1285.21416996285,2652.6507408811,923.275572702709,3014.58933814124
"2018-08-18 00:00:00",1569,1488.86718983767,805.148904378546,2172.5854752968,443.210307118407,2534.52407255694
"2018-08-18 01:00:00",806,967.139266806565,283.420981347439,1650.85755226569,-78.5176159127016,2012.79614952583
"2018-08-18 02:00:00",598,523.328080232895,-160.390205226232,1207.04636569202,-522.328802486372,1568.98496295216
"2018-08-18 03:00:00",448,308.146369546228,-375.571915912899,991.864655005354,-737.510513173039,1353.80325226549
"2018-08-18 04:00:00",523,406.345952463511,-277.372332995616,1090.06423792264,-639.310930255756,1452.00283518278
"2018-08-18 05:00:00",940,792.876937819805,109.158652360678,1476.59522327893,-252.779944899463,1838.53382053907
"2018-08-18 06:00:00",1648,1370.63275479904,686.914469339916,2054.35104025817,324.975872079776,2416.28963751831
"2018-08-18 07:00:00",2229,2042.45445871125,1358.73617325212,2726.17274417038,996.797575991981,3088.11134143052
"2018-08-18 08:00:00",2987,2746.33291823666,2062.61463277754,3430.05120369579,1700.6760355174,3791.98980095593
"2018-08-18 09:00:00",3922,3432.38262362928,2748.66433817015,4116.1009090884,2386.72574091001,4478.03950634854
"2018-08-18 10:00:00",5146,4027.62472098873,3343.90643552961,4711.34300644786,2981.96783826947,5073.281603708
"2018-08-18 11:00:00",4916,4446.29588038616,3762.57759492703,5130.01416584529,3400.63899766689,5491.95276310543
"2018-08-18 12:00:00",4448,4646.60867556657,3962.89039010744,5330.32696102569,3600.9517928473,5692.26555828583
"2018-08-18 13:00:00",4438,4672.75263613461,3989.03435067548,5356.47092159373,3627.09575341534,5718.40951885387
"2018-08-18 14:00:00",4710,4625.35055369481,3941.63226823568,5309.06883915393,3579.69367097554,5671.00743641407
"2018-08-18 15:00:00",4893,4575.99496510745,3892.27667964832,5259.71325056657,3530.33808238818,5621.65184782672
"2018-08-18 16:00:00",4897,4506.7496923438,3823.03140688468,5190.46797780293,3461.09280962454,5552.40657506307
"2018-08-18 17:00:00",4664,4339.393856739,3655.67557127988,5023.11214219813,3293.73697401974,5385.05073945827
"2018-08-18 18:00:00",4157,4030.25014672258,3346.53186126345,4713.96843218171,2984.59326400331,5075.90702944185
"2018-08-18 19:00:00",3619,3633.82864687888,2950.11036141976,4317.54693233801,2588.17176415962,4679.48552959815
"2018-08-18 20:00:00",3543,3262.47078014735,2578.75249468822,3946.18906560647,2216.81389742808,4308.12766286661
"2018-08-18 21:00:00",3442,2973.84157913266,2290.12329367353,3657.55986459178,1928.18469641339,4019.49846185192
"2018-08-18 22:00:00",3128,2700.02450118719,2016.30621572807,3383.74278664632,1654.36761846793,3745.68138390646
"2018-08-18 23:00:00",2044,2302.10208583623,1618.3838003771,2985.82037129536,1256.44520311696,3347.7589685555
"2018-08-19 00:00:00",1346,1712.81108018032,1029.0927947212,2396.52936563945,667.154197461056,2758.46796289959
"2018-08-19 01:00:00",997,1034.51071093754,350.792425478413,1718.22899639667,-11.1461717817276,2080.16759365681
"2018-08-19 02:00:00",726,490.536062696327,-193.182222762801,1174.25434815545,-555.120820022941,1536.1929454156
"2018-08-19 03:00:00",386,263.654344560389,-420.063940898739,947.372630019517,-782.00253815888,1309.31122727966
"2018-08-19 04:00:00",388,366.447566575202,-317.270718883926,1050.16585203433,-679.209316144066,1412.10444929447
"2018-08-19 05:00:00",552,662.544246386332,-21.1740390727962,1346.26253184546,-383.112636332937,1708.2011291056
"2018-08-19 06:00:00",994,1014.03993236171,330.321646902583,1697.75821782084,-31.6169503575579,2059.69681508098
"2018-08-19 07:00:00",1277,1407.58052811168,723.862242652551,2091.29881357081,361.92364539241,2453.23741083095
"2018-08-19 08:00:00",1971,1932.96656526434,1249.24827980521,2616.68485072347,887.309682545073,2978.62344798361
"2018-08-19 09:00:00",2895,2637.17321983677,1953.45493437764,3320.8915052959,1591.5163371175,3682.83010255604
"2018-08-19 10:00:00",3766,3407.28436285673,2723.5660773976,4091.00264831586,2361.62748013746,4452.941245576
"2018-08-19 11:00:00",4384,4014.40454113685,3330.68625567772,4698.12282659598,2968.74765841758,5060.06142385612
"2018-08-19 12:00:00",4624,4291.69258779461,3607.97430233548,4975.41087325374,3246.03570507534,5337.34947051388
"2018-08-19 13:00:00",4596,4278.05500909005,3594.33672363092,4961.77329454918,3232.39812637078,5323.71189180932
"2018-08-19 14:00:00",4742,4179.92385116863,3496.2055657095,4863.64213662776,3134.26696844936,5225.5807338879
"2018-08-19 15:00:00",4779,4175.3986962088,3491.68041074967,4859.11698166793,3129.74181348953,5221.05557892807
"2018-08-19 16:00:00",4989,4243.44358942017,3559.72530396104,4927.1618748793,3197.7867067009,5289.10047213944
"2018-08-19 17:00:00",4870,4186.09280591436,3502.37452045524,4869.81109137349,3140.43592319509,5231.74968863363
"2018-08-19 18:00:00",4287,3829.009765203,3145.29147974387,4512.72805066212,2783.35288248373,4874.66664792227
"2018-08-19 19:00:00",3792,3208.35206884335,2524.63378338422,3892.07035430248,2162.69518612408,4254.00895156262
"2018-08-19 20:00:00",3213,2556.41632296599,1872.69803750687,3240.13460842512,1510.75944024673,3602.07320568526
"2018-08-19 21:00:00",2682,2090.01076332773,1406.2924778686,2773.72904878686,1044.35388060846,3135.667646047
"2018-08-19 22:00:00",1973,1804.18065706606,1120.46237160693,2487.89894252519,758.523774346792,2849.83753978533
"2018-08-19 23:00:00",2369,1483.62651393782,799.908228478691,2167.34479939695,437.96963121855,2529.28339665709
"2018-08-20 00:00:00",922,943.912915338427,260.194629879298,1627.63120079755,-101.743967380843,1989.5697980577
"2018-08-20 01:00:00",473,286.861367057819,-396.85691840131,970.579652516947,-758.795515661451,1332.51824977709
"2018-08-20 02:00:00",346,-82.4773231374537,-766.195608596583,601.240962321675,-1128.13420585672,963.179559581817
"2018-08-20 03:00:00",369,270.040627716802,-413.677657742327,953.758913175931,-775.616255002469,1315.69751043607
"2018-08-20 04:00:00",941,1451.60662468652,767.888339227395,2135.32491014565,405.949741967253,2497.26350740579
"2018-08-20 05:00:00",3005,3100.32306163068,2416.60477617155,3784.04134708981,2054.66617891141,4145.97994434995
"2018-08-20 06:00:00",5352,4583.42290794097,3899.70462248184,5267.1411934001,3537.7660252217,5629.07979066024
"2018-08-20 07:00:00",6077,5386.14775981292,4702.4294743538,6069.86604527205,4340.49087709365,6431.8046425322
"2018-08-20 08:00:00",5349,5398.70847334083,4714.99018788171,6082.42675879996,4353.05159062156,6444.36535606011
"2018-08-20 09:00:00",4777,4911.77383866613,4228.055553207,5595.49212412526,3866.11695594686,5957.4307213854
"2018-08-20 10:00:00",4375,4371.9439599313,3688.22567447217,5055.66224539043,3326.28707721203,5417.60084265057
"2018-08-20 11:00:00",4532,4111.57003583181,3427.85175037268,4795.28832129094,3065.91315311254,5157.22691855108
"2018-08-20 12:00:00",4842,4230.21023103004,3546.49194557091,4913.92851648917,3184.55334831077,5275.86711374931
"2018-08-20 13:00:00",4690,4638.72483674809,3955.00655128897,5322.44312220722,3593.06795402882,5684.38171946736
"2018-08-20 14:00:00",5001,5155.02937818773,4471.3110927286,5838.74766364686,4109.37249546846,6200.686260907
"2018-08-20 15:00:00",5388,5561.89151087533,4878.1732254162,6245.60979633446,4516.23462815606,6607.5483935946
"2018-08-20 16:00:00",6423,5640.7577026638,4957.03941720467,6324.47598812293,4595.10081994453,6686.41458538307
"2018-08-20 17:00:00",5848,5243.57415516558,4559.85586970645,5927.2924406247,4197.91727244631,6289.23103788485
"2018-08-20 18:00:00",4285,4398.77049957339,3715.05221411426,5082.48878503252,3353.11361685412,5444.42738229266
"2018-08-20 19:00:00",3231,3352.42945679579,2668.71117133666,4036.14774225492,2306.77257407652,4398.08633951506
"2018-08-20 20:00:00",2726,2452.40624437446,1768.68795891533,3136.12452983359,1406.74936165519,3498.06312709373
"2018-08-20 21:00:00",2240,1917.71404269324,1233.99575723411,2601.43232815237,872.057159973968,2963.37092541251
"2018-08-20 22:00:00",1617,1673.89749250612,990.179207046995,2357.61577796525,628.240609786854,2719.55437522539
"2018-08-20 23:00:00",1005,1421.61801228072,737.899726821594,2105.33629773985,375.961129561453,2467.27489499999
"2018-08-21 00:00:00",659,919.016951346649,235.29866588752,1602.73523680578,-126.639931372621,1964.67383406592
"2018-08-21 01:00:00",416,254.244316272411,-429.473969186718,937.96260173154,-791.41256644686,1299.90119899168
"2018-08-21 02:00:00",316,-140.805399668728,-824.523685127858,542.912885790401,-1186.462282388,904.851483050543
"2018-08-21 03:00:00",336,215.496145779727,-468.222139679402,899.214431238856,-830.160736939543,1261.153028499
"2018-08-21 04:00:00",996,1467.25612117363,783.5378357145,2150.97440663276,421.599238454359,2512.9130038929
"2018-08-21 05:00:00",3136,3250.19897047585,2566.48068501672,3933.91725593498,2204.54208775658,4295.85585319512
"2018-08-21 06:00:00",5701,4883.2333382045,4199.51505274537,5566.95162366363,3837.57645548523,5928.89022092377
"2018-08-21 07:00:00",6837,5782.76852202498,5099.05023656585,6466.48680748411,4737.11163930571,6828.42540474425
"2018-08-21 08:00:00",6123,5794.12304798217,5110.40476252304,6477.84133344129,4748.4661652629,6839.77993070144
"2018-08-21 09:00:00",5053,5219.23892668256,4535.52064122343,5902.95721214169,4173.58204396329,6264.89580940183
"2018-08-21 10:00:00",4540,4566.25968028962,3882.54139483049,5249.97796574875,3520.60279757035,5611.91656300889
"2018-08-21 11:00:00",4652,4237.51264996127,3553.79436450214,4921.2309354204,3191.855767242,5283.16953268054
"2018-08-21 12:00:00",4794,4364.08476238144,3680.36647692231,5047.80304784057,3318.42787966217,5409.74164510071
"2018-08-21 13:00:00",4762,4833.46889935566,4149.75061389653,5517.18718481479,3787.81201663639,5879.12578207493
"2018-08-21 14:00:00",4994,5410.31270842184,4726.59442296271,6094.03099388097,4364.65582570257,6455.96959114111
"2018-08-21 15:00:00",5660,5838.43285840606,5154.71457294693,6522.15114386519,4792.77597568679,6884.08974112533
"2018-08-21 16:00:00",6229,5901.8022571296,5218.08397167047,6585.52054258873,4856.14537441033,6947.45913984887
"2018-08-21 17:00:00",5875,5486.50756334142,4802.78927788229,6170.22584880055,4440.85068062215,6532.16444606069
"2018-08-21 18:00:00",4435,4651.58973771671,3967.87145225759,5335.30802317584,3605.93285499744,5697.24662043599
"2018-08-21 19:00:00",3410,3641.31894835594,2957.60066289681,4325.03723381507,2595.66206563667,4686.97583107521
"2018-08-21 20:00:00",3003,2770.37802273842,2086.65973727929,3454.09630819755,1724.72114001915,3816.03490545769
"2018-08-21 21:00:00",2504,2221.21858025833,1537.50029479921,2904.93686571746,1175.56169753906,3266.87546297761
"2018-08-21 22:00:00",1747,1909.41876570658,1225.70048024745,2593.13705116571,863.761882987307,2955.07564842585
"2018-08-21 23:00:00",1117,1560.03987196185,876.321586502719,2243.75815742098,514.382989242578,2605.69675468112
"2018-08-22 00:00:00",635,971.545598086382,287.827312627253,1655.26388354551,-74.111284632889,2017.20248080565
"2018-08-22 01:00:00",425,260.641902071494,-423.076383387635,944.360187530624,-785.014980647776,1306.29878479077
"2018-08-22 02:00:00",279,-139.257504345756,-822.975789804886,544.460781113373,-1184.91438706503,906.399378373515
"2018-08-22 03:00:00",393,233.888109392173,-449.830176066957,917.606394851302,-811.768773327098,1279.54499211144
"2018-08-22 04:00:00",994,1502.09799312457,818.379707665442,2185.8162785837,456.4411104053,2547.75487584384
"2018-08-22 05:00:00",3163,3291.870894038,2608.15260857887,3975.58917949713,2246.21401131873,4337.52777675727
"2018-08-22 06:00:00",5766,4927.99512653003,4244.2768410709,5611.71341198916,3882.33824381076,5973.6520092493
"2018-08-22 07:00:00",6589,5838.75735546132,5155.03907000219,6522.47564092045,4793.10047274205,6884.41423818059
"2018-08-22 08:00:00",6056,5875.80606207222,5192.08777661309,6559.52434753135,4830.14917935295,6921.46294479149
"2018-08-22 09:00:00",5116,5335.86292785105,4652.14464239192,6019.58121331017,4290.20604513177,6381.51981057032
"2018-08-22 10:00:00",4583,4712.47684387685,4028.75855841772,5396.19512933597,3666.81996115757,5758.13372659612
"2018-08-22 11:00:00",4734,4392.34019751025,3708.62191205112,5076.05848296938,3346.68331479098,5437.99708022952
"2018-08-22 12:00:00",5043,4499.9933217774,3816.27503631827,5183.71160723653,3454.33643905813,5545.65020449667
"2018-08-22 13:00:00",4938,4931.94640506839,4248.22811960926,5615.66469052752,3886.28952234912,5977.60328778766
"2018-08-22 14:00:00",5216,5475.05474351711,4791.33645805798,6158.77302897624,4429.39786079784,6520.71162623639
"2018-08-22 15:00:00",5707,5895.80220213103,5212.0839166719,6579.52048759015,4850.14531941175,6941.4590848503
"2018-08-22 16:00:00",6470,5984.17602676801,5300.45774130888,6667.89431222714,4938.51914404874,7029.83290948728
"2018-08-22 17:00:00",5819,5606.53337131349,4922.81508585436,6290.25165677261,4560.87648859421,6652.19025403276
"2018-08-22 18:00:00",4446,4785.72150247834,4102.00321701921,5469.43978793747,3740.06461975907,5831.37838519761
"2018-08-22 19:00:00",3444,3738.71576065666,3054.99747519753,4422.43404611579,2693.05887793739,4784.37264337593
"2018-08-22 20:00:00",3154,2786.02198409381,2102.30369863468,3469.74026955294,1740.36510137454,3831.67886681308
"2018-08-22 21:00:00",2627,2151.33402139263,1467.6157359335,2835.05230685176,1105.67713867336,3196.9909041119
"2018-08-22 22:00:00",1928,1800.90809984003,1117.1898143809,2484.62638529916,755.251217120755,2846.5649825593
"2018-08-22 23:00:00",1169,1482.47905036466,798.760764905535,2166.19733582379,436.822167645394,2528.13593308394
"2018-08-23 00:00:00",596,570.877414969684,-112.840870489446,1254.59570042881,-474.779467749587,1616.53429768895
"2018-08-23 01:00:00",402,-76.192990549016,-759.911276008145,607.525294910113,-1121.84987326829,969.463892170255
"2018-08-23 02:00:00",392,-470.349733357892,-1154.06801881702,213.368552101238,-1516.00661607716,575.307149361379
"2018-08-23 03:00:00",381,-151.400810586032,-835.119096045161,532.317474873097,-1197.0576933053,894.256072133239
"2018-08-23 04:00:00",976,1044.57658109831,360.858295639184,1728.29486655744,-1.08030162095747,2090.23346381758
"2018-08-23 05:00:00",3163,2794.58245015363,2110.8641646945,3478.30073561276,1748.92556743436,3840.2393328729
"2018-08-23 06:00:00",5860,4442.83593917201,3759.11765371288,5126.55422463114,3397.17905645274,5488.49282189128
"2018-08-23 07:00:00",6815,5395.33226756647,4711.61398210734,6079.0505530256,4349.6753848472,6440.98915028574
"2018-08-23 08:00:00",6162,5465.65109118631,4781.93280572718,6149.36937664544,4419.99420846704,6511.30797390558
"2018-08-23 09:00:00",5583,4933.94830464717,4250.23001918804,5617.66659010629,3888.29142192789,5979.60518736644
"2018-08-23 10:00:00",4837,4312.12279441178,3628.40450895265,4995.84107987091,3266.46591169251,5357.77967713105
"2018-08-23 11:00:00",5015,4017.12128618582,3333.40300072669,4700.83957164495,2971.46440346655,5062.77816890509
"2018-08-23 12:00:00",5136,4178.65421119419,3494.93592573506,4862.37249665332,3132.99732847492,5224.31109391346
"2018-08-23 13:00:00",5051,4659.62197917206,3975.90369371293,5343.34026463119,3613.96509645279,5705.27886189133
"2018-08-23 14:00:00",5312,5201.03585128822,4517.31756582909,5884.75413674735,4155.37896856895,6246.69273400749
"2018-08-23 15:00:00",5848,5556.94959622281,4873.23131076368,6240.66788168194,4511.29271350354,6602.60647894208
"2018-08-23 16:00:00",6586,5561.03628451008,4877.31799905096,6244.75456996921,4515.37940179081,6606.69316722935
"2018-08-23 17:00:00",5780,5154.15780324408,4470.43951778495,5837.87608870321,4108.50092052481,6199.81468596335
"2018-08-23 18:00:00",4750,4407.68025704278,3723.96197158365,5091.39854250191,3362.02337432351,5453.33713976205
"2018-08-23 19:00:00",3519,3518.83072491903,2835.1124394599,4202.54901037816,2473.17384219976,4564.4876076383
"2018-08-23 20:00:00",2996,2728.75996373083,2045.0416782717,3412.47824918996,1683.10308101156,3774.4168464501
"2018-08-23 21:00:00",2717,2176.6251293454,1492.90684388627,2860.34341480453,1130.96824662613,3222.28201206467
"2018-08-23 22:00:00",2107,1796.14264389202,1112.42435843289,2479.86092935115,750.485761172746,2841.79952661129
"2018-08-23 23:00:00",1904,1370.01156396205,686.29327850292,2053.72984942118,324.354681242778,2415.66844668132
"2018-08-24 00:00:00",790,1137.93322750225,454.214942043119,1821.65151296138,92.276344782977,2183.59011022152
"2018-08-24 01:00:00",505,409.577414178368,-274.140871280761,1093.2956996375,-636.079468540902,1455.23429689764
"2018-08-24 02:00:00",387,-31.0590141499697,-714.777299609099,652.659271309159,-1076.71589686924,1014.5978685693
"2018-08-24 03:00:00",424,241.610773314415,-442.107512144714,925.329058773544,-804.046109404856,1287.26765603369
"2018-08-24 04:00:00",916,1363.57785227156,679.859566812434,2047.29613773069,317.920969552292,2409.23473499083
"2018-08-24 05:00:00",2950,3017.86495872657,2334.14667326744,3701.5832441857,1972.2080760073,4063.52184144584
"2018-08-24 06:00:00",5259,4584.02063974656,3900.30235428743,5267.73892520569,3538.36375702729,5629.67752246583
"2018-08-24 07:00:00",6243,5506.37412929621,4822.65584383708,6190.09241475534,4460.71724657694,6552.03101201548
"2018-08-24 08:00:00",5687,5617.00362537782,4933.28533991869,6300.72191083694,4571.34674265854,6662.66050809709
"2018-08-24 09:00:00",4971,5189.64425980615,4505.92597434702,5873.36254526528,4143.98737708688,6235.30114252542
"2018-08-24 10:00:00",4539,4711.2485109996,4027.53022554047,5394.96679645873,3665.59162828033,5756.90539371887
"2018-08-24 11:00:00",4391,4560.07779976468,3876.35951430555,5243.79608522381,3514.42091704541,5605.73468248395
"2018-08-24 12:00:00",4971,4815.91990209298,4132.20161663385,5499.63818755211,3770.26301937371,5861.57678481225
"2018-08-24 13:00:00",5149,5293.50421689211,4609.78593143298,5977.22250235123,4247.84733417283,6339.16109961138
"2018-08-24 14:00:00",5499,5717.26902564459,5033.55074018546,6400.98731110372,4671.61214292531,6762.92590836386
"2018-08-24 15:00:00",5879,5885.09376423141,5201.37547877228,6568.81204969054,4839.43688151214,6930.75064695068
"2018-08-24 16:00:00",6088,5729.45975247053,5045.7414670114,6413.17803792966,4683.80286975126,6775.1166351898
"2018-08-24 17:00:00",5750,5290.75619497431,4607.03790951518,5974.47448043344,4245.09931225504,6336.41307769358
"2018-08-24 18:00:00",4755,4667.64217297641,3983.92388751728,5351.36045843553,3621.98529025713,5713.29905569568
"2018-08-24 19:00:00",3467,3981.49373013373,3297.7754446746,4665.21201559286,2935.83684741446,5027.150612853
"2018-08-24 20:00:00",3076,3345.00826249007,2661.28997703094,4028.72654794919,2299.35137977079,4390.66514520934
"2018-08-24 21:00:00",3164,2820.61394852568,2136.89566306655,3504.33223398481,1774.95706580641,3866.27083124495
"2018-08-24 22:00:00",2435,2389.2466327952,1705.52834733608,3072.96491825433,1343.58975007593,3434.90351551448
"2018-08-24 23:00:00",1860,1968.93249863686,1285.21421317774,2652.65078409599,923.275615917594,3014.58938135614
"2018-08-25 00:00:00",1089,1488.86722676495,805.148941305825,2172.58551222408,443.210344045683,2534.52410948423
"2018-08-25 01:00:00",725,967.139260962117,283.420975502988,1650.85754642125,-78.517621757154,2012.79614368139
"2018-08-25 02:00:00",495,523.328041431003,-160.390244028126,1207.04632689013,-522.328841288267,1568.98492415027
"2018-08-25 03:00:00",366,308.146361463232,-375.571923995897,991.864646922361,-737.510521256039,1353.8032441825
"2018-08-25 04:00:00",500,406.346014818746,-277.372270640384,1090.06430027788,-639.310867900526,1452.00289753802
"2018-08-25 05:00:00",875,792.876990241248,109.158704782119,1476.59527570038,-252.779892478023,1838.53387296052
"2018-08-25 06:00:00",1837,1370.6327351731,686.914449713974,2054.35102063223,324.975852453832,2416.28961789237
"2018-08-25 07:00:00",2672,2042.45442728414,1358.73614182501,2726.17271274327,996.797544564869,3088.11131000341
"2018-08-25 08:00:00",3503,2746.33293466733,2062.6146492082,3430.05122012646,1700.67605194806,3791.9898173866
"2018-08-25 09:00:00",4100,3432.38265075647,2748.66436529735,4116.1009362156,2386.7257680372,4478.03953347574
"2018-08-25 10:00:00",4509,4027.62471634315,3343.90643088402,4711.34300180228,2981.96783362388,5073.28159906242
"2018-08-25 11:00:00",4647,4446.29581508484,3762.57752962571,5130.01410054397,3400.63893236557,5491.95269780411
"2018-08-25 12:00:00",4846,4646.60859697868,3962.89031151955,5330.3268824378,3600.9517142594,5692.26547969795
"2018-08-25 13:00:00",4585,4672.75261383369,3989.03432837456,5356.47089929282,3627.09573111442,5718.40949655296
"2018-08-25 14:00:00",4696,4625.35055759197,3941.63227213285,5309.0688430511,3579.6936748727,5671.00744031124
"2018-08-25 15:00:00",5015,4575.99495941217,3892.27667395304,5259.7132448713,3530.3380766929,5621.65184213144
"2018-08-25 16:00:00",4677,4506.74963457404,3823.03134911491,5190.46792003317,3461.09275185477,5552.40651729331
"2018-08-25 17:00:00",4541,4339.39382834039,3655.67554288127,5023.11211379952,3293.73694562112,5385.05071105967
"2018-08-25 18:00:00",3914,4030.25014623867,3346.53186077954,4713.9684316978,2984.5932635194,5075.90702895794
"2018-08-25 19:00:00",3371,3633.82868014591,2950.11039468678,4317.54696560504,2588.17179742664,4679.48556286518
"2018-08-25 20:00:00",3071,3262.47077371124,2578.75248825211,3946.18905917037,2216.81389099197,4308.12765643051
"2018-08-25 21:00:00",3156,2973.84153588039,2290.12325042126,3657.55982133952,1928.18465316112,4019.49841859966
"2018-08-25 22:00:00",2713,2700.02446847122,2016.30618301209,3383.74275393035,1654.36758575195,3745.68135119049
"2018-08-25 23:00:00",2134,2302.10211715458,1618.38383169545,2985.82040261371,1256.44523443531,3347.75899987385
"2018-08-26 00:00:00",1375,1712.81110694165,1029.09282148252,2396.52939240078,667.154224222377,2758.46798966092
"2018-08-26 01:00:00",855,1034.51070670153,350.792421242403,1718.22899216066,-11.146176017739,2080.1675894208
"2018-08-26 02:00:00",614,490.536034576323,-193.182250882806,1174.25432003545,-555.120848142947,1536.19291729559
"2018-08-26 03:00:00",382,263.654338700588,-420.063946758541,947.372624159717,-782.002544018683,1309.31122141986
"2018-08-26 04:00:00",325,366.447611764669,-317.27067369446,1050.1658972238,-679.209270954601,1412.10449448394
"2018-08-26 05:00:00",551,662.544284379854,-21.1740010792753,1346.26256983898,-383.112598339417,1708.20116709912
"2018-08-26 06:00:00",1106,1014.03991813714,330.321632678012,1697.75820359627,-31.6169645821302,2059.69680085641
"2018-08-26 07:00:00",1657,1407.5805053348,723.862219875676,2091.29879079393,361.923622615534,2453.23738805408
"2018-08-26 08:00:00",2467,1932.96657717125,1249.24829171212,2616.68486263038,887.309694451977,2978.62345989052
"2018-08-26 09:00:00",3408,2637.17323949739,1953.45495403826,3320.89152495652,1591.51635677812,3682.83012221666
"2018-08-26 10:00:00",4017,3407.28435949027,2723.56607403114,4091.0026449494,2361.627476771,4452.94124220954
"2018-08-26 11:00:00",4394,4014.40449380956,3330.68620835043,4698.12277926869,2968.74761109029,5060.06137652883
"2018-08-26 12:00:00",4638,4291.69253083689,3607.97424537776,4975.41081629601,3246.03564811761,5337.34941355616
"2018-08-26 13:00:00",4494,4278.05499293149,3594.33670747236,4961.77327839062,3232.39811021222,5323.71187565076
"2018-08-26 14:00:00",4565,4179.92385399275,3496.20556853362,4863.64213945188,3134.26697127348,5225.58073671203
"2018-08-26 15:00:00",4289,4175.39869208218,3491.68040662306,4859.11697754131,3129.74180936291,5221.05557480146
"2018-08-26 16:00:00",4259,4243.4435475499,3559.72526209077,4927.16183300903,3197.78666483063,5289.10043026918
"2018-08-26 17:00:00",3998,4186.09278533506,3502.37449987593,4869.81107079419,3140.43590261579,5231.74966805433
"2018-08-26 18:00:00",3688,3829.00976485029,3145.29147939116,4512.72805030942,2783.35288213102,4874.66664756956
"2018-08-26 19:00:00",3165,3208.35209295054,2524.63380749141,3892.07037840967,2162.69521023127,4254.00897566981
"2018-08-26 20:00:00",2840,2556.41631830058,1872.69803284145,3240.13460375971,1510.75943558131,3602.07320101985
"2018-08-26 21:00:00",2330,2090.01073197892,1406.29244651979,2773.72901743805,1044.35384925965,3135.66761469819
"2018-08-26 22:00:00",1913,1804.18063335504,1120.46234789592,2487.89891881417,758.523750635774,2849.83751607432
"2018-08-26 23:00:00",1208,1483.62653663942,799.908251180295,2167.34482209855,437.969653920153,2529.2834193587
"2018-08-27 00:00:00",666,943.912934731825,260.194649272696,1627.63122019095,-101.743947987446,1989.5698174511
"2018-08-27 01:00:00",337,286.861363987287,-396.856921471842,970.579649446417,-758.795518731984,1332.51824670656
"2018-08-27 02:00:00",292,-82.4773435202658,-766.195628979395,601.240941938864,-1128.13422623954,963.179539199005
"2018-08-27 03:00:00",358,270.040623472121,-413.677661987008,953.758908931251,-775.61625924715,1315.69750619139
"2018-08-27 04:00:00",933,1451.6066574387,767.888371979571,2135.32494289783,405.949774719429,2497.26354015797
"2018-08-27 05:00:00",3129,3100.32308916074,2416.60480370161,3784.04137461987,2054.66620644147,4145.97997188001
"2018-08-27 06:00:00",5575,4583.42289762986,3899.70461217073,5267.14118308899,3537.76601491059,5629.07978034913
"2018-08-27 07:00:00",6493,5386.14774330861,4702.42945784949,6069.86602876774,4340.49086058934,6431.80462602789
"2018-08-27 08:00:00",6125,5398.70848197011,4714.99019651098,6082.42676742924,4353.05159925084,6444.36536468938
"2018-08-27 09:00:00",5094,4911.77385291665,4228.05556745753,5595.49213837578,3866.11697019738,5957.43073563593
"2018-08-27 10:00:00",4672,4371.9439574918,3688.22567203267,5055.66224295093,3326.28707477253,5417.60084021107
"2018-08-27 11:00:00",4775,4111.57000153175,3427.85171607262,4795.28828699088,3065.91311881248,5157.22688425102
"2018-08-27 12:00:00",4880,4230.21018975234,3546.49190429322,4913.92847521147,3184.55330703307,5275.86707247162
"2018-08-27 13:00:00",4890,4638.7248250344,3955.00653957527,5322.44311049353,3593.06794231513,5684.38170775367
"2018-08-27 14:00:00",5048,5155.02938023268,4471.31109477355,5838.74766569181,4109.37249751341,6200.68626295195
"2018-08-27 15:00:00",5661,5561.89150788478,4878.17322242565,6245.60979334391,4516.23462516551,6607.54839060405
"2018-08-27 16:00:00",6535,5640.75767232012,4957.03938686099,6324.47595777925,4595.10078960085,6686.4145550394
"2018-08-27 17:00:00",5298,5243.57414024929,4559.85585479016,5927.29242570842,4197.91725753002,6289.23102296856
"2018-08-27 18:00:00",3629,4398.77049931956,3715.05221386043,5082.48878477869,3353.11361660029,5444.42738203883
"2018-08-27 19:00:00",2922,3352.42947426639,2668.71118880726,4036.14775972552,2306.77259154711,4398.08635698566
"2018-08-27 20:00:00",2536,2452.40624099542,1768.68795553629,3136.12452645455,1406.74935827614,3498.06312371469
"2018-08-27 21:00:00",2139,1917.71401997429,1233.99573451516,2601.43230543342,872.057137255017,2963.37090269356
"2018-08-27 22:00:00",1503,1673.89747532054,990.179189861414,2357.61576077967,628.240592601272,2719.55435803981
"2018-08-27 23:00:00",1014,1421.61802873085,737.899743271716,2105.33631418997,375.961146011574,2467.27491145012
"2018-08-28 00:00:00",576,919.01696540206,235.29867994293,1602.73525086119,-126.639917317211,1964.67384812133
"2018-08-28 01:00:00",364,254.244314045833,-429.473971413297,937.962599504962,-791.412568673439,1299.9011967651
"2018-08-28 02:00:00",234,-140.805414438326,-824.523699897456,542.912871020804,-1186.4622971576,904.851468280945
"2018-08-28 03:00:00",367,215.496142701941,-468.222142757189,899.214428161071,-830.16074001733,1261.15302542121
"2018-08-28 04:00:00",986,1467.25614490948,783.537859450347,2150.97443036861,421.599262190205,2512.91302762875
"2018-08-28 05:00:00",3161,3250.19899043313,2566.480704974,3933.91727589226,2204.54210771386,4295.8558731524
"2018-08-28 06:00:00",5611,4883.233330733,4199.51504527387,5566.95161619213,3837.57644801373,5928.89021345227
"2018-08-28 07:00:00",6147,5782.76851005985,5099.05022460072,6466.48679551898,4737.11162734058,6828.42539277912
"2018-08-28 08:00:00",5692,5794.1230542382,5110.40476877907,6477.84133969733,4748.46617151892,6839.77993695747
"2018-08-28 09:00:00",5153,5219.23893700984,4535.52065155071,5902.95722246897,4173.58205429057,6264.89581972911
"2018-08-28 10:00:00",4624,4566.25967852232,3882.54139306319,5249.97796398145,3520.60279580305,5611.91656124159
"2018-08-28 11:00:00",4678,4237.5126251038,3553.79433964467,4921.23091056293,3191.85574238453,5283.16950782307
"2018-08-28 12:00:00",4954,4364.08473246588,3680.36644700675,5047.80301792501,3318.42784974661,5409.74161518515
"2018-08-28 13:00:00",5032,4833.46889086547,4149.75060540635,5517.1871763246,3787.8120081462,5879.12577358475
"2018-08-28 14:00:00",5273,5410.31270990428,4726.59442444515,6094.03099536341,4364.65582718501,6455.96959262355
"2018-08-28 15:00:00",5865,5838.43285623996,5154.71457078083,6522.15114169909,4792.77597352069,6884.08973895923
"2018-08-28 16:00:00",6657,5901.80223513813,5218.083949679,6585.52052059726,4856.14535241886,6947.4591178574
"2018-08-28 17:00:00",5716,5486.50755253023,4802.78926707111,6170.22583798936,4440.85066981096,6532.16443524951
"2018-08-28 18:00:00",4363,4651.58973753385,3967.87145207472,5335.30802299298,3605.93285481458,5697.24662025312
"2018-08-28 19:00:00",3406,3641.31896101933,2957.60067556021,4325.03724647846,2595.66207830006,4686.97584373861
"2018-08-28 20:00:00",2896,2770.37802029083,2086.6597348317,3454.09630574996,1724.72113757156,3816.0349030101
"2018-08-28 21:00:00",2576,2221.21856378927,1537.50027833014,2904.9368492484,1175.56168107,3266.87544650855
"2018-08-28 22:00:00",1733,1909.41875325262,1225.70046779349,2593.13703871175,863.761870533346,2955.07563597189
"2018-08-28 23:00:00",1153,1560.03988388439,876.321598425264,2243.75816934352,514.383001165122,2605.69676660366
"2018-08-29 00:00:00",623,971.54560827219,287.827322813061,1655.26389373132,-74.111274447081,2017.20249099146
"2018-08-29 01:00:00",335,260.641900459138,-423.076384999991,944.360185918268,-785.014982260133,1306.29878317841
"2018-08-29 02:00:00",299,-139.257515050559,-822.975800509689,544.46077040857,-1184.91439776983,906.399367668712
"2018-08-29 03:00:00",372,233.888107164976,-449.830178294153,917.606392624106,-811.768775554295,1279.54498988425
"2018-08-29 04:00:00",981,1502.09801032711,818.379724867979,2185.81629578624,456.441127607837,2547.75489304638
"2018-08-29 05:00:00",3103,3291.87090850096,2608.15262304183,3975.58919396009,2246.21402578169,4337.52779122023
"2018-08-29 06:00:00",5902,4927.99512111419,4244.27683565506,5611.71340657332,3882.33823839492,5973.65200383346
"2018-08-29 07:00:00",6775,5838.75734679131,5155.03906133218,6522.47563225044,4793.10046407204,6884.41422951058
"2018-08-29 08:00:00",6164,5875.80606660541,5192.08778114628,6559.52435206453,4830.14918388613,6921.46294932468
"2018-08-29 09:00:00",5421,5335.8629353363,4652.14464987717,6019.58122079543,4290.20605261703,6381.51981805557
"2018-08-29 10:00:00",4871,4712.47684259518,4028.75855713605,5396.19512805431,3666.81995987591,5758.13372531446
"2018-08-29 11:00:00",4969,4392.34017949457,3708.62189403544,5076.05846495369,3346.68329677529,5437.99706221384
"2018-08-29 12:00:00",5134,4499.99330009459,3816.27501463546,5183.71158555372,3454.33641737532,5545.65018281386
"2018-08-29 13:00:00",4999,4931.94639891509,4248.22811345596,5615.66468437422,3886.28951619582,5977.60328163436
"2018-08-29 14:00:00",5349,5475.05474459144,4791.33645913231,6158.77303005057,4429.39786187217,6520.71162731071
"2018-08-29 15:00:00",5814,5895.80220056027,5212.08391510114,6579.5204860194,4850.14531784099,6941.45908327954
"2018-08-29 16:00:00",6578,5984.17601082978,5300.45772537065,6667.89429628891,4938.51912811051,7029.83289354905
"2018-08-29 17:00:00",5860,5606.53336347954,4922.81507802041,6290.25164893867,4560.87648076027,6652.19024619881
"2018-08-29 18:00:00",4554,4785.72150234319,4102.00321688406,5469.43978780232,3740.06461962392,5831.37838506246
"2018-08-29 19:00:00",3487,3738.71576983769,3054.99748437856,4422.43405529682,2693.05888711842,4784.37265255696
"2018-08-29 20:00:00",3205,2786.02198231802,2102.30369685889,3469.74026777715,1740.36509959875,3831.67886503729
"2018-08-29 21:00:00",2800,2151.33400946031,1467.61572400118,2835.05229491944,1105.67712674104,3196.99089217958
"2018-08-29 22:00:00",2106,1800.90809081525,1117.18980535612,2484.62637627438,755.251208095978,2846.56497353452
"2018-08-29 23:00:00",1272,1482.4790590051,798.760773545967,2166.19734446423,436.822176285825,2528.13594172437
"2018-08-30 00:00:00",670,969.572950090704,285.854664631575,1653.29123554983,-76.0839326285665,2015.22983280998
"2018-08-30 01:00:00",456,322.502536020703,-361.215749438427,1006.22082147983,-723.154346698569,1368.15941873997
"2018-08-30 02:00:00",326,-71.6542133797766,-755.372498838906,612.064072079353,-1117.31109609905,974.002669339495
"2018-08-30 03:00:00",388,247.294715535642,-436.423569923487,931.013000994772,-798.362167183629,1292.95159825491
"2018-08-30 04:00:00",1008,1443.27212130671,759.553835847584,2126.99040676584,397.615238587442,2488.92900402598
"2018-08-30 05:00:00",3070,3193.27798837511,2509.55970291598,3876.99627383424,2147.62110565584,4238.93487109438
"2018-08-30 06:00:00",5886,4841.53146298667,4157.81317752754,5525.2497484458,3795.8745802674,5887.18834570594
"2018-08-30 07:00:00",6466,5794.02778902213,5110.309503563,6477.74607448126,4748.37090630286,6839.68467174141
"2018-08-30 08:00:00",5995,5864.34662220861,5180.62833674949,6548.06490766774,4818.68973948934,6910.00350492788
"2018-08-30 09:00:00",5467,5332.64383781013,4648.925552351,6016.36212326926,4286.98695509086,6378.30072052941
"2018-08-30 10:00:00",4911,4710.81832122136,4027.10003576223,5394.53660668049,3665.16143850209,5756.47520394063
"2018-08-30 11:00:00",5095,4415.81680086777,3732.09851540864,5099.5350863269,3370.1599181485,5461.47368358704
"2018-08-30 12:00:00",5308,4577.34972321869,3893.63143775956,5261.06800867782,3531.69284049942,5623.00660593796
"2018-08-30 13:00:00",5213,5058.31750245138,4374.59921699225,5742.03578791051,4012.66061973211,6103.97438517065
"2018-08-30 14:00:00",5680,5599.73137980517,4916.01309434604,6283.4496652643,4554.0744970859,6645.38826252444
"2018-08-30 15:00:00",6238,5955.64512282244,5271.92683736331,6639.36340828157,4909.98824010317,7001.30200554171
"2018-08-30 16:00:00",6453,5959.73180069984,5276.01351524071,6643.45008615897,4914.07491798057,7005.38868341911
"2018-08-30 17:00:00",5775,5552.85332530514,4869.13503984601,6236.57161076427,4507.19644258587,6598.51020802442
"2018-08-30 18:00:00",4531,4806.37578468415,4122.65749922502,5490.09407014328,3760.71890196488,5852.03266740342
"2018-08-30 19:00:00",3884,3917.52625930963,3233.8079738505,4601.24454476876,2871.86937659036,4963.1831420289
"2018-08-30 20:00:00",3332,3127.45549017953,2443.7372047204,3811.17377563866,2081.79860746026,4173.1123728988
"2018-08-30 21:00:00",3049,2575.32064843736,1891.60236297823,3259.03893389649,1529.66376571809,3620.97753115663
"2018-08-30 22:00:00",2221,2194.83816509086,1511.11987963173,2878.55645054999,1149.18128237159,3240.49504781014
"2018-08-30 23:00:00",1396,1768.70709796139,1084.98881250226,2452.42538342052,723.050215242117,2814.36398068066
"2018-08-31 00:00:00",764,1137.93323285569,454.214947396563,1821.65151831482,92.2763501364213,2183.59011557496
"2018-08-31 01:00:00",456,409.577413329905,-274.140872129224,1093.29569878903,-636.079469389366,1455.23429604918
"2018-08-31 02:00:00",358,-31.0590197709798,-714.777305230109,652.65926568815,-1076.71590249025,1014.59786294829
"2018-08-31 03:00:00",378,241.610772141304,-442.107513317825,925.329057600433,-804.046110577967,1287.26765486058
"2018-08-31 04:00:00",851,1363.57786130783,679.859575848703,2047.29614676696,317.920978588561,2409.2347440271
"2018-08-31 05:00:00",2754,3017.86496632318,2334.14668086405,3701.58325178231,1972.20808360391,4063.52184904245
"2018-08-31 06:00:00",5200,4584.02063690421,3900.30235144508,5267.73892236334,3538.36375418494,5629.67751962348
"2018-08-31 07:00:00",6270,5506.37412474347,4822.65583928434,6190.0924102026,4460.7172420242,6552.03100746274
"2018-08-31 08:00:00",5687,5617.0036277611,4933.28534230197,6300.72191322023,4571.34674504182,6662.66051048037
"2018-08-31 09:00:00",5328,5189.64426373597,4505.92597827684,5873.3625491951,4143.9873810167,6235.30114645524
"2018-08-31 10:00:00",5102,4711.24851032493,4027.5302248658,5394.96679578406,3665.59162760566,5756.9053930442
"2018-08-31 11:00:00",5359,4560.07779030024,3876.35950484111,5243.79607575937,3514.42090758097,5605.73467301951
"2018-08-31 12:00:00",5587,4815.91989070432,4132.20160524519,5499.63817616345,3770.26300798505,5861.5767734236
"2018-08-31 13:00:00",5400,5293.50421366081,4609.78592820168,5977.22249911994,4247.84733094154,6339.16109638008
"2018-08-31 14:00:00",5705,5717.269026208,5033.55074074887,6400.98731166713,4671.61214348872,6762.92590892727
"2018-08-31 15:00:00",5998,5885.09376340542,5201.37547794629,6568.81204886455,4839.43688068615,6930.75064612469
"2018-08-31 16:00:00",5925,5729.45974409772,5045.74145863859,6413.17802955685,4683.80286137845,6775.11662681699
"2018-08-31 17:00:00",5418,5290.75619085992,4607.03790540079,5974.47447631905,4245.09930814065,6336.41307357919
"2018-08-31 18:00:00",4935,4667.64217290762,3983.92388744849,5351.36045836675,3621.98529018835,5713.29905562689
"2018-08-31 19:00:00",3945,3981.49373495273,3297.7754494936,4665.21202041186,2935.83685223346,5027.150617672
"2018-08-31 20:00:00",3233,3345.00826155592,2661.28997609679,4028.72654701505,2299.35137883665,4390.66514427519
"2018-08-31 21:00:00",2910,2820.61394226074,2136.89565680161,3504.33222771987,1774.95705954147,3866.27082498001
"2018-08-31 22:00:00",2830,2389.24662805385,1705.52834259472,3072.96491351298,1343.58974533458,3434.90351077312
"2018-08-31 23:00:00",2147,1968.93250317718,1285.21421771805,2652.65078863631,923.27562045791,3014.58938589645
"2018-09-01 00:00:00",1335,1488.86723063921,805.148945180081,2172.58551609834,443.210347919939,2534.52411335848
"2018-09-01 01:00:00",785,967.139260347593,283.420974888464,1650.85754580672,-78.5176223716779,2012.79614306686
"2018-09-01 02:00:00",569,523.328037356335,-160.390248102794,1207.04632281546,-522.328845362936,1568.98492007561
"2018-09-01 03:00:00",425,308.146360613878,-375.571924845251,991.864646073008,-737.510522105393,1353.80324333315
"2018-09-01 04:00:00",419,406.346021367389,-277.37226409174,1090.06430682652,-639.310861351882,1452.00290408666
"2018-09-01 05:00:00",741,792.876995746782,109.158710287653,1476.59528120591,-252.779886972489,1838.53387846605
"2018-09-01 06:00:00",1529,1370.63273311273,686.914447653601,2054.35101857186,324.975850393459,2416.289615832
"2018-09-01 07:00:00",2477,2042.45442398481,1358.73613852568,2726.17270944394,996.797541265537,3088.11130670408
"2018-09-01 08:00:00",3476,2746.33293639219,2062.61465093306,3430.05122185132,1700.67605367292,3791.98981911146
"2018-09-01 09:00:00",4212,3432.38265360547,2748.66436814634,4116.10093906459,2386.72577088619,4478.03953632474
"2018-09-01 10:00:00",4578,4027.62471585478,3343.90643039565,4711.34300131391,2981.96783313551,5073.28159857405
"2018-09-01 11:00:00",4897,4446.29580822614,3762.57752276701,5130.01409368527,3400.63892550687,5491.95269094541
"2018-09-01 12:00:00",4854,4646.60858872412,3962.89030326499,5330.32687418325,3600.95170600485,5692.26547144339
"2018-09-01 13:00:00",4972,4672.75261149361,3989.03432603448,5356.47089695274,3627.09572877434,5718.40949421288
"2018-09-01 14:00:00",5056,4625.35055800008,3941.63227254095,5309.06884345921,3579.69367528081,5671.00744071935
"2018-09-01 15:00:00",4719,4575.99495881278,3892.27667335365,5259.71324427191,3530.33807609351,5621.65184153205
"2018-09-01 16:00:00",4649,4506.74962850671,3823.03134304758,5190.46791396584,3461.09274578744,5552.40651122598
"2018-09-01 17:00:00",4622,4339.39382536064,3655.67553990151,5023.11211081976,3293.73694264136,5385.05070807991
"2018-09-01 18:00:00",4261,4030.25014619052,3346.53186073139,4713.96843164965,2984.59326347125,5075.90702890979
"2018-09-01 19:00:00",3518,3633.82868363966,2950.11039818053,4317.54696909879,2588.17180092039,4679.48556635893
"2018-09-01 20:00:00",3196,3262.47077303475,2578.75248757563,3946.18905849388,2216.81389031548,4308.12765575403
"2018-09-01 21:00:00",2880,2973.84153133876,2290.12324587963,3657.55981679789,1928.18464861949,4019.49841405803
"2018-09-01 22:00:00",2815,2700.02446503085,2016.30617957172,3383.74275048997,1654.36758231157,3745.68134775012
"2018-09-01 23:00:00",1945,2302.10212044326,1618.38383498413,2985.82040590239,1256.44523772399,3347.75900316253
"2018-09-02 00:00:00",1273,1712.81110975269,1029.09282429356,2396.52939521182,667.154227033418,2758.46799247196
"2018-09-02 01:00:00",801,1034.51070625815,350.792420799025,1718.22899171728,-11.1461764611165,2080.16758897743
"2018-09-02 02:00:00",565,490.536031620508,-193.182253838621,1174.25431707964,-555.120851098763,1536.19291433978
"2018-09-02 03:00:00",386,263.654338085821,-420.063947373309,947.37262354495,-782.00254463345,1309.31122080509
"2018-09-02 04:00:00",316,366.447616509426,-317.270668949704,1050.16590196856,-679.209266209846,1412.1044992287
"2018-09-02 05:00:00",532,662.5442883704,-21.173997088729,1346.26257382953,-383.112594348871,1708.20117108967
"2018-09-02 06:00:00",1003,1014.03991664352,330.321631184393,1697.75820210265,-31.6169660757487,2059.69679936279
"2018-09-02 07:00:00",1607,1407.58050294223,723.862217483097,2091.29878840136,361.923620222955,2453.2373856615
"2018-09-02 08:00:00",2334,1932.96657842355,1249.24829296442,2616.68486388268,887.309695704283,2978.62346114283
"2018-09-02 09:00:00",2929,2637.17324156156,1953.45495610244,3320.89152702069,1591.51635884229,3682.83012428084
"2018-09-02 10:00:00",3571,3407.28435913451,2723.56607367538,4091.00264459364,2361.62747641524,4452.94124185378
"2018-09-02 11:00:00",4040,4014.40448884026,3330.68620338113,4698.12277429939,2968.74760612099,5060.06137155954
"2018-09-02 12:00:00",4549,4291.69252485669,3607.97423939756,4975.41081031582,3246.03564213742,5337.34940757596
"2018-09-02 13:00:00",4414,4278.05499123295,3594.33670577382,4961.77327669208,3232.39810851368,5323.71187395222
"2018-09-02 14:00:00",4299,4179.92385428863,3496.2055688295,4863.64213974776,3134.26697156936,5225.5807370079
"2018-09-02 15:00:00",4330,4175.39869164794,3491.68040618881,4859.11697710707,3129.74180892867,5221.05557436721
"2018-09-02 16:00:00",4197,4243.44354315311,3559.72525769398,4927.16182861224,3197.78666043384,5289.10042587238
"2018-09-02 17:00:00",3833,4186.09278317177,3502.37449771264,4869.81106863089,3140.43590045249,5231.74966589104
"2018-09-02 18:00:00",3601,3829.00976481551,3145.29147935638,4512.72805027464,2783.35288209624,4874.66664753478
"2018-09-02 19:00:00",3098,3208.35209548238,2524.63381002325,3892.07038094151,2162.69521276311,4254.00897820165
"2018-09-02 20:00:00",3115,2556.41631781347,1872.69803235434,3240.1346032726,1510.7594350942,3602.07320053275
"2018-09-02 21:00:00",2669,2090.01072868471,1406.29244322558,2773.72901414383,1044.35384596543,3135.66761140398
"2018-09-02 22:00:00",2066,1804.18063086332,1120.46234540419,2487.89891632245,758.52374814405,2849.83751358259
"2018-09-02 23:00:00",1475,1483.62653902192,799.908253562794,2167.34482448105,437.969656302652,2529.28342174119
"2018-09-03 00:00:00",962,545.217409032065,-138.500876427065,1228.93569449119,-500.439473687207,1590.87429175134
"2018-09-03 01:00:00",694,-111.834164073989,-795.552449533119,571.88412138514,-1157.49104679326,933.822718645282
"2018-09-03 02:00:00",421,-481.172873396667,-1164.8911588558,202.545412062462,-1526.82975611594,564.484009322604
"2018-09-03 03:00:00",310,-128.65490471254,-812.373190171669,555.06338074659,-1174.31178743181,917.001978006732
"2018-09-03 04:00:00",325,1052.91113313975,369.192847680621,1736.62941859888,7.25425042047914,2098.56801585902
"2018-09-03 05:00:00",590,2701.62756431657,2017.90927885744,3385.3458497757,1655.9706815973,3747.28444703584
"2018-09-03 06:00:00",1141,4184.72736880764,3501.00908334851,4868.44565426677,3139.07048608837,5230.38425152691
"2018-09-03 07:00:00",1556,4987.45221383686,4303.73392837773,5671.17049929599,3941.79533111759,6033.10909655613
"2018-09-03 08:00:00",1995,5000.01295513799,4316.29466967886,5683.73124059712,3954.35607241871,6045.66983785726
"2018-09-03 09:00:00",2524,4513.07832667284,3829.36004121371,5196.79661213197,3467.42144395357,5558.73520939211
"2018-09-03 10:00:00",3050,3973.24842949728,3289.53014403815,4656.96671495641,2927.59154677801,5018.90531221655
"2018-09-03 11:00:00",3616,3712.87447019256,3029.15618473343,4396.59275565169,2667.21758747329,4758.53135291184
"2018-09-03 12:00:00",3901,3831.51465767868,3147.79637221955,4515.23294313781,2785.85777495941,4877.17154039795
"2018-09-03 13:00:00",4110,4240.02929606592,3556.31101060679,4923.74758152505,3194.37241334665,5285.68617878519
"2018-09-03 14:00:00",4446,4756.33385271146,4072.61556725233,5440.05213817059,3710.67696999219,5801.99073543073
"2018-09-03 15:00:00",4411,5163.195979833,4479.47769437387,5846.91426529213,4117.53909711373,6208.85286255227
"2018-09-03 16:00:00",4017,5242.0621413944,4558.34385593527,5925.78042685353,4196.40525867513,6287.71902411367
"2018-09-03 17:00:00",3900,4844.8786109446,4161.16032548547,5528.59689640373,3799.22172822533,5890.53549366387
"2018-09-03 18:00:00",3487,4000.07497155467,3316.35668609554,4683.7932570138,2954.4180888354,5045.73185427394
"2018-09-03 19:00:00",3006,2953.73394836985,2270.01566291072,3637.45223382897,1908.07706565057,3999.39083108912
"2018-09-03 20:00:00",2627,2053.71071290171,1369.99242744258,2737.42899836084,1008.05383018244,3099.36759562098
"2018-09-03 21:00:00",2081,1519.01848984679,835.300204387658,2202.73677530592,473.361607127516,2564.67537256606
"2018-09-03 22:00:00",1588,1275.20194578136,591.483660322229,1958.92023124049,229.545063062087,2320.85882850063
"2018-09-03 23:00:00",1012,1022.92250271842,339.204217259294,1706.64078817755,-22.7343800008479,2068.57938543769
"2018-09-04 00:00:00",528,919.016966878328,235.298681419199,1602.73525233746,-126.639915840943,1964.6738495976
"2018-09-04 01:00:00",321,254.24431381445,-429.473971644679,937.96259927358,-791.412568904821,1299.90119653372
"2018-09-04 02:00:00",254,-140.805415989983,-824.523701449113,542.912869469146,-1186.46229870925,904.851466729288
"2018-09-04 03:00:00",332,215.496142382542,-468.222143076587,899.214427841671,-830.160740336729,1261.15302510181
"2018-09-04 04:00:00",901,1467.2561473995,783.537861940375,2150.97443285863,421.599264680233,2512.91303011878
"2018-09-04 05:00:00",2863,3250.1989925302,2566.48070707107,3933.91727798933,2204.54210981093,4295.85587524947
"2018-09-04 06:00:00",5280,4883.23332994815,4199.51504448902,5566.95161540728,3837.57644722888,5928.89021266742
"2018-09-04 07:00:00",6379,5782.76850880431,5099.05022334518,6466.48679426344,4737.11162608504,6828.42539152358
"2018-09-04 08:00:00",5856,5794.12305489336,5110.40476943424,6477.84134035249,4748.46617217409,6839.77993761264
"2018-09-04 09:00:00",5242,5219.23893809621,4535.52065263708,5902.95722355534,4173.58205537694,6264.89582081548
"2018-09-04 10:00:00",4403,4566.2596783354,3882.54139287627,5249.97796379453,3520.60279561613,5611.91656105467
"2018-09-04 11:00:00",4477,4237.51262249285,3553.79433703372,4921.23090795198,3191.85573977358,5283.16950521212
"2018-09-04 12:00:00",4583,4364.08472932303,3680.3664438639,5047.80301478216,3318.42784660376,5409.74161204231
"2018-09-04 13:00:00",4652,4833.46888997474,4149.75060451561,5517.18717543387,3787.81200725547,5879.12577269401
"2018-09-04 14:00:00",4785,5410.31271006104,4726.59442460191,6094.03099552017,4364.65582734177,6455.96959278031
"2018-09-04 15:00:00",5436,5838.43285601186,5154.71457055273,6522.15114147099,4792.77597329259,6884.08973873114
"2018-09-04 16:00:00",5667,5901.80223282855,5218.08394736942,6585.52051828768,4856.14535010928,6947.45911554782
"2018-09-04 17:00:00",5494,5486.50755139454,4802.78926593541,6170.22583685367,4440.85066867527,6532.16443411381
"2018-09-04 18:00:00",4383,4651.58973751447,3967.87145205534,5335.3080229736,3605.9328547952,5697.24662023374
"2018-09-04 19:00:00",3017,3641.31896234626,2957.60067688713,4325.03724780539,2595.66207962699,4686.97584506553
"2018-09-04 20:00:00",2385,2770.37802003359,2086.65973457446,3454.09630549272,1724.72113731432,3816.03490275286
"2018-09-04 21:00:00",2105,2221.21856206753,1537.5002766084,2904.93684752666,1175.56167934826,3266.8754447868
"2018-09-04 22:00:00",1351,1909.41875194592,1225.70046648679,2593.13703740505,863.761869226647,2955.07563466519
"2018-09-04 23:00:00",921,1560.03988513544,876.321599676315,2243.75817059457,514.383002416173,2605.69676785472
"2018-09-05 00:00:00",522,971.545609344497,287.827323885368,1655.26389480363,-74.1112733747741,2017.20249206377
"2018-09-05 01:00:00",304,260.641900289764,-423.076385169366,944.360185748894,-785.014982429508,1306.29878300904
"2018-09-05 02:00:00",254,-139.25751617454,-822.97580163367,544.46076928459,-1184.91439889381,906.399366544731
"2018-09-05 03:00:00",323,233.888106926283,-449.830178532847,917.606392385413,-811.768775792989,1279.54498964555
"2018-09-05 04:00:00",882,1502.09801213353,818.379726674399,2185.81629759266,456.441129414257,2547.7548948528
"2018-09-05 05:00:00",3013,3291.87091002273,2608.1526245636,3975.58919548186,2246.21402730346,4337.527792742
"2018-09-05 06:00:00",5633,4927.99512054504,4244.27683508591,5611.71340600417,3882.33823782577,5973.65200326431
"2018-09-05 07:00:00",6668,5838.75734588226,5155.03906042313,6522.47563134139,4793.10046316299,6884.41422860154
"2018-09-05 08:00:00",6327,5875.80606708113,5192.087781622,6559.52435254026,4830.14918436186,6921.4629498004
"2018-09-05 09:00:00",5237,5335.86293612149,4652.14465066236,6019.58122158062,4290.20605340221,6381.51981884076
"2018-09-05 10:00:00",4599,4712.47684246068,4028.75855700155,5396.19512791981,3666.81995974141,5758.13372517995
"2018-09-05 11:00:00",4635,4392.34017760414,3708.62189214501,5076.05846306327,3346.68329488487,5437.99706032341
"2018-09-05 12:00:00",5001,4499.9932978179,3816.27501235877,5183.71158327703,3454.33641509863,5545.65018053717
"2018-09-05 13:00:00",4781,4931.94639826892,4248.22811280979,5615.66468372805,3886.28951554965,5977.6032809882
"2018-09-05 14:00:00",4816,5475.05474470778,4791.33645924865,6158.77303016691,4429.39786198851,6520.71162742705
"2018-09-05 15:00:00",5661,5895.80220039384,5212.08391493472,6579.52048585297,4850.14531767457,6941.45908311312
"2018-09-05 16:00:00",6555,5984.17600915585,5300.45772369672,6667.89429461498,4938.51912643658,7029.83289187512
"2018-09-05 17:00:00",5938,5606.53336265496,4922.81507719583,6290.25164811408,4560.87647993568,6652.19024537423
"2018-09-05 18:00:00",4426,4785.72150232942,4102.00321687029,5469.43978778855,3740.06461961015,5831.37838504869
"2018-09-05 19:00:00",3414,3738.71577080007,3054.99748534094,4422.4340562592,2693.05888808079,4784.37265351934
"2018-09-05 20:00:00",3130,2786.02198213179,2102.30369667266,3469.74026759092,1740.36509941252,3831.67886485106
"2018-09-05 21:00:00",2532,2151.33400820721,1467.61572274808,2835.05229366634,1105.67712548794,3196.99089092648
"2018-09-05 22:00:00",1629,1800.90808986932,1117.18980441019,2484.62637532845,755.251207150046,2846.56497258859
"2018-09-05 23:00:00",993,1482.47905991393,798.760774454801,2166.19734537306,436.822177194659,2528.1359426332
"2018-09-06 00:00:00",570,969.572950865822,285.854665406692,1653.29123632495,-76.0839318534498,2015.22983358509
"2018-09-06 01:00:00",350,322.502535896344,-361.215749562786,1006.22082135547,-723.154346822928,1368.15941861562
"2018-09-06 02:00:00",281,-71.6542141925667,-755.372499651696,612.064071266563,-1117.31109691184,974.002668526705
"2018-09-06 03:00:00",337,247.294715368423,-436.423570090707,931.013000827552,-798.362167350849,1292.95159808769
"2018-09-06 04:00:00",909,1443.27212261669,759.553837157556,2126.99040807581,397.615239897414,2488.92900533596
"2018-09-06 05:00:00",3036,3193.27798947389,2509.55970401476,3876.99627493302,2147.62110675462,4238.93487219316
"2018-09-06 06:00:00",5868,4841.53146257345,4157.81317711432,5525.24974803258,3795.87457985418,5887.18834529272
"2018-09-06 07:00:00",6526,5794.02778836101,5110.30950290188,6477.74607382014,4748.37090564174,6839.68467108028
"2018-09-06 08:00:00",5996,5864.34662255489,5180.62833709576,6548.06490801402,4818.68973983561,6910.00350527416
"2018-09-06 09:00:00",5328,5332.64383838002,4648.92555292089,6016.36212383915,4286.98695566075,6378.30072109929
"2018-09-06 10:00:00",4579,4710.81832112471,4027.10003566558,5394.53660658384,3665.16143840544,5756.47520384398
"2018-09-06 11:00:00",4727,4415.81679949642,3732.09851403729,5099.53508495555,3370.15991677715,5461.4736822157
"2018-09-06 12:00:00",4765,4577.34972156824,3893.63143610911,5261.06800702737,3531.69283884897,5623.00660428752
"2018-09-06 13:00:00",4853,5058.31750198423,4374.5992165251,5742.03578744336,4012.66061926496,6103.9743847035
"2018-09-06 14:00:00",4947,5599.73137988653,4916.0130944274,6283.44966534566,4554.07449716726,6645.3882626058
"2018-09-06 15:00:00",5786,5955.6451227016,5271.92683724246,6639.36340816073,4909.98823998232,7001.30200542087
"2018-09-06 16:00:00",6396,5959.73179948566,5276.01351402653,6643.45008494479,4914.07491676639,7005.38868220493
"2018-09-06 17:00:00",6008,5552.85332470946,4869.13503925033,6236.57161016859,4507.19644199019,6598.51020742873
"2018-09-06 18:00:00",4373,4806.3757846762,4122.65749921707,5490.09407013533,3760.71890195693,5852.03266739547
"2018-09-06 19:00:00",3382,3917.52626000774,3233.80797454861,4601.24454546687,2871.86937728847,4963.18314272701
"2018-09-06 20:00:00",3223,3127.45549004435,2443.73720458522,3811.17377550348,2081.79860732508,4173.11237276362
"2018-09-06 21:00:00",2712,2575.32064752953,1891.6023620704,3259.03893298866,1529.66376481026,3620.9775302488
"2018-09-06 22:00:00",2096,2194.83816440272,1511.11987894359,2878.55644986185,1149.18128168345,3240.49504712199
"2018-09-06 23:00:00",1248,1768.70709862006,1084.98881316093,2452.42538407919,723.050215900786,2814.36398133933
"2018-09-07 00:00:00",550,1137.93323341502,454.214947955895,1821.65151887415,92.2763506957531,2183.5901161343
"2018-09-07 01:00:00",417,409.577413242219,-274.140872216911,1093.29569870135,-636.079469477052,1455.23429596149
"2018-09-07 02:00:00",307,-31.0590203631161,-714.777305822246,652.659265096013,-1076.71590308239,1014.59786235616
"2018-09-07 03:00:00",338,241.610772017233,-442.107513441896,925.329057476363,-804.046110702038,1287.2676547365
"2018-09-07 04:00:00",892,1363.57786225378,679.859576794649,2047.29614771291,317.920979534507,2409.23474497305
"2018-09-07 05:00:00",2942,3017.86496711981,2334.14668166068,3701.58325257894,1972.20808440054,4063.52184983908
"2018-09-07 06:00:00",5542,4584.02063660566,3900.30235114653,5267.73892206479,3538.36375388639,5629.67751932493
"2018-09-07 07:00:00",6675,5506.37412426208,4822.65583880296,6190.09240972121,4460.71724154281,6552.03100698136
"2018-09-07 08:00:00",5923,5617.00362801236,4933.28534255324,6300.72191347149,4571.34674529309,6662.66051073164
"2018-09-07 09:00:00",5061,5189.64426415159,4505.92597869246,5873.36254961072,4143.98738143231,6235.30114687086
"2018-09-07 10:00:00",4720,4711.24851025519,4027.53022479606,5394.96679571432,3665.59162753592,5756.90539297446
"2018-09-07 11:00:00",4700,4560.07778930818,3876.35950384905,5243.79607476731,3514.42090658891,5605.73467202746
"2018-09-07 12:00:00",5073,4815.9198895089,4132.20160404977,5499.63817496803,3770.26300678963,5861.57677222818
"2018-09-07 13:00:00",4832,5293.50421332145,4609.78592786232,5977.22249878058,4247.84733060218,6339.16109604072
"2018-09-07 14:00:00",5163,5717.26902626817,5033.55074080904,6400.9873117273,4671.6121435489,6762.92590898744
"2018-09-07 15:00:00",4831,5885.09376331929,5201.37547786016,6568.81204877842,4839.43688060002,6930.75064603856
"2018-09-07 16:00:00",6148,5729.45974321944,5045.74145776031,6413.17802867857,4683.80286050017,6775.11662593871
"2018-09-07 17:00:00",5426,5290.75619042814,4607.03790496901,5974.47447588727,4245.09930770887,6336.41307314741
"2018-09-07 18:00:00",4699,4667.64217289805,3983.92388743893,5351.36045835718,3621.98529017878,5713.29905561733
"2018-09-07 19:00:00",3734,3981.49373545976,3297.77545000063,4665.21202091889,2935.83685274048,5027.15061817903
"2018-09-07 20:00:00",3360,3345.00826146589,2661.28997600676,4028.72654692502,2299.35137874661,4390.66514418516
"2018-09-07 21:00:00",2803,2820.6139416016,2136.89565614247,3504.33222706073,1774.95705888233,3866.27082432087
"2018-09-07 22:00:00",2669,2389.24662755334,1705.52834209421,3072.96491301247,1343.58974483407,3434.90351027261
"2018-09-07 23:00:00",1957,1968.9325036539,1285.21421819477,2652.65078911303,923.275620934629,3014.58938637317
"2018-09-08 00:00:00",1131,1488.86723104734,805.148945588214,2172.58551650647,443.210348328072,2534.52411376661
"2018-09-08 01:00:00",690,967.139260282867,283.420974823737,1650.857545742,-78.5176224364047,2012.79614300214
"2018-09-08 02:00:00",488,523.328036926516,-160.390248532614,1207.04632238565,-522.328845792756,1568.98491964579
"2018-09-08 03:00:00",393,308.146360522964,-375.571924936165,991.864645982094,-737.510522196307,1353.80324324224
"2018-09-08 04:00:00",459,406.34602205961,-277.372263399519,1090.06430751874,-639.310860659661,1452.00290477888
"2018-09-08 05:00:00",830,792.876996323889,109.15871086476,1476.59528178302,-252.779886395382,1838.53387904316
"2018-09-08 06:00:00",1504,1370.63273289192,686.914447432786,2054.35101835104,324.975850172645,2416.28961561119
"2018-09-08 07:00:00",2063,2042.45442363771,1358.73613817858,2726.17270909684,996.797540918438,3088.11130635698
"2018-09-08 08:00:00",3043,2746.332936576,2062.61465111687,3430.05122203513,1700.67605385673,3791.98981929527
"2018-09-08 09:00:00",3588,3432.38265390298,2748.66436844385,4116.10093936211,2386.7257711837,4478.03953662225
"2018-09-08 10:00:00",4039,4027.62471580454,3343.90643034541,4711.34300126367,2981.96783308527,5073.28159852381
"2018-09-08 11:00:00",4249,4446.29580750668,3762.57752204755,5130.01409296581,3400.63892478741,5491.95269022595
"2018-09-08 12:00:00",4690,4646.60858785701,3962.89030239788,5330.32687331614,3600.95170513774,5692.26547057628
"2018-09-08 13:00:00",4550,4672.75261124481,3989.03432578568,5356.47089670394,3627.09572852554,5718.40949396408
"2018-09-08 14:00:00",4612,4625.35055804372,3941.63227258459,5309.06884350285,3579.69367532444,5671.00744076299
"2018-09-08 15:00:00",4756,4575.99495875116,3892.27667329203,5259.71324421029,3530.33807603189,5621.65184147043
"2018-09-08 16:00:00",4848,4506.74962787045,3823.03134241132,5190.46791332958,3461.09274515118,5552.40651058972
"2018-09-08 17:00:00",4125,4339.39382504577,3655.67553958664,5023.1121105049,3293.7369423265,5385.05070776504
"2018-09-08 18:00:00",3745,4030.25014618512,3346.53186072599,4713.96843164425,2984.59326346584,5075.90702890439
"2018-09-08 19:00:00",3399,3633.82868400882,2950.11039854969,4317.54696946795,2588.17180128955,4679.4855667281
"2018-09-08 20:00:00",3245,3262.47077296002,2578.7524875009,3946.18905841915,2216.81389024075,4308.1276556793
"2018-09-08 21:00:00",2814,2973.84153086145,2290.12324540232,3657.55981632058,1928.18464814217,4019.49841358072
"2018-09-08 22:00:00",2478,2700.02446467722,2016.30617921809,3383.74275013635,1654.36758195795,3745.6813473965
"2018-09-08 23:00:00",1916,2302.10212078859,1618.38383532946,2985.82040624772,1256.44523806932,3347.75900350786
"2018-09-09 00:00:00",1286,1712.81111004563,1029.0928245865,2396.52939550476,667.15422732636,2758.4679927649
"2018-09-09 01:00:00",794,1034.51070621061,350.792420751478,1718.22899166974,-11.146176508664,2080.16758892988
"2018-09-09 02:00:00",620,490.536031312323,-193.182254146807,1174.25431677145,-555.120851406949,1536.19291403159
"2018-09-09 03:00:00",345,263.654338021062,-420.063947438068,947.372623480191,-782.00254469821,1309.31122074033
"2018-09-09 04:00:00",353,366.447617008136,-317.270668450993,1050.16590246727,-679.209265711135,1412.10449972741
"2018-09-09 05:00:00",541,662.544288790133,-21.1739966689961,1346.26257424926,-383.112593929138,1708.2011715094
"2018-09-09 06:00:00",1140,1014.03991648961,330.321631030479,1697.75820194874,-31.6169662296626,2059.69679920888
"2018-09-09 07:00:00",1806,1407.58050269124,723.862217232114,2091.29878815037,361.923619971972,2453.23738541051
"2018-09-09 08:00:00",2224,1932.96657855203,1249.2482930929,2616.68486401116,887.309695832763,2978.62346127131
"2018-09-09 09:00:00",3449,2637.17324177767,1953.45495631854,3320.8915272368,1591.5163590584,3682.83012449694
"2018-09-09 10:00:00",4322,3407.28435909824,2723.56607363911,4091.00264455737,2361.62747637897,4452.94124181751
"2018-09-09 11:00:00",4273,4014.40448831706,3330.68620285793,4698.12277377619,2968.74760559778,5060.06137103633
"2018-09-09 12:00:00",3990,4291.69252422717,3607.97423876804,4975.4108096863,3246.0356415079,5337.34940694644
"2018-09-09 13:00:00",3993,4278.05499105485,3594.33670559572,4961.77327651398,3232.39810833557,5323.71187377412
"2018-09-09 14:00:00",3852,4179.92385431918,3496.20556886005,4863.64213977831,3134.26697159991,5225.58073703845
"2018-09-09 15:00:00",3888,4175.39869160188,3491.68040614275,4859.11697706101,3129.74180888261,5221.05557432115
"2018-09-09 16:00:00",4126,4243.44354269091,3559.72525723179,4927.16182815004,3197.78665997164,5289.10042541019
"2018-09-09 17:00:00",3959,4186.09278294721,3502.37449748808,4869.81106840634,3140.43590022794,5231.74966566648
"2018-09-09 18:00:00",3692,3829.00976480911,3145.29147934998,4512.72805026824,2783.35288208984,4874.66664752838
"2018-09-09 19:00:00",3258,3208.35209574739,2524.63381028826,3892.07038120652,2162.69521302812,4254.00897846666
"2018-09-09 20:00:00",2755,2556.41631776153,1872.6980323024,3240.13460322066,1510.75943504226,3602.07320048081
"2018-09-09 21:00:00",2140,2090.01072834308,1406.29244288395,2773.72901380221,1044.35384562381,3135.66761106235
"2018-09-09 22:00:00",1534,1804.18063059994,1120.46234514081,2487.89891605907,758.523747880669,2849.83751331921
"2018-09-09 23:00:00",996,1483.6265392719,799.90825381277,2167.34482473103,437.969656552628,2529.28342199117
"2018-09-10 00:00:00",534,943.912936982417,260.194651523288,1627.63122244155,-101.743945736854,1989.56981970169
"2018-09-10 01:00:00",303,286.861363631882,-396.856921827248,970.579649091012,-758.79551908739,1332.51824635115
"2018-09-10 02:00:00",286,-82.4773458849334,-766.195631344063,601.240939574196,-1128.1342286042,963.179536834338
"2018-09-10 03:00:00",329,270.040622977898,-413.677662481231,953.758908437027,-775.616259741373,1315.69750569717
"2018-09-10 04:00:00",861,1451.60666124274,767.888375783611,2135.32494670187,405.949778523469,2497.26354396201
"2018-09-10 05:00:00",2963,3100.3230923609,2416.60480690177,3784.04137782003,2054.66620964163,4145.97997508017
"2018-09-10 06:00:00",5721,4583.42289643271,3899.70461097358,5267.14118189184,3537.76601371344,5629.07977915199
"2018-09-10 07:00:00",6561,5386.14774139235,4702.42945593322,6069.86602685148,4340.49085867308,6431.80462411162
"2018-09-10 08:00:00",6009,5398.7084829721,4714.99019751297,6082.42676843123,4353.05160025283,6444.36536569137
"2018-09-10 09:00:00",5236,4911.7738545699,4228.05556911078,5595.49214002903,3866.11697185063,5957.43073728918
"2018-09-10 10:00:00",4201,4371.94395720615,3688.22567174702,5055.66224266528,3326.28707448688,5417.60083992542
"2018-09-10 11:00:00",4498,4111.56999755182,3427.85171209269,4795.28828301095,3065.91311483255,5157.22688027109
"2018-09-10 12:00:00",4724,4230.21018496072,3546.49189950159,4913.92847041985,3184.55330224145,5275.86706767999
"2018-09-10 13:00:00",4462,4638.7248236751,3955.00653821597,5322.44310913423,3593.06794095583,5684.38170639438
"2018-09-10 14:00:00",5016,5155.02938046955,4471.31109501042,5838.74766592868,4109.37249775028,6200.68626318882
"2018-09-10 15:00:00",5688,5561.89150753803,4878.1732220789,6245.60979299716,4516.23462481876,6607.5483902573
"2018-09-10 16:00:00",6344,5640.75766879932,4957.03938334019,6324.47595425845,4595.10078608005,6686.41455151859
"2018-09-10 17:00:00",5857,5243.57413851884,4559.85585305971,5927.29242397797,4197.91725579957,6289.23102123811
"2018-09-10 18:00:00",4245,4398.77049929044,3715.05221383131,5082.48878474956,3353.11361657116,5444.42738200971
"2018-09-10 19:00:00",3184,3352.42947629706,2668.71119083793,4036.14776175619,2306.77259357779,4398.08635901633
"2018-09-10 20:00:00",2732,2452.40624059741,1768.68795513828,3136.12452605654,1406.74935787814,3498.06312331668
"2018-09-10 21:00:00",2235,1917.71401733364,1233.99573187451,2601.43230279277,872.057134614365,2963.37090005291
"2018-09-10 22:00:00",1389,1673.89747333007,990.179187870945,2357.6157587892,628.240590610804,2719.55435604935
"2018-09-10 23:00:00",887,1421.61803063948,737.899745180349,2105.33631609861,375.961147920207,2467.27491335875
"2018-09-11 00:00:00",516,919.016967033265,235.298681574136,1602.73525249239,-126.639915686006,1964.67384975254
"2018-09-11 01:00:00",330,254.244313787542,-429.473971671587,937.962599246672,-791.412568931729,1299.90119650681
"2018-09-11 02:00:00",265,-140.805416152963,-824.523701612093,542.912869306166,-1186.46229887224,904.851466566308
"2018-09-11 03:00:00",332,215.496142348138,-468.222143110991,899.214427807268,-830.160740371133,1261.15302506741
"2018-09-11 04:00:00",891,1467.25614766338,783.537862204253,2150.97443312251,421.599264944111,2512.91303038265
"2018-09-11 05:00:00",3055,3250.19899274834,2566.48070728921,3933.91727820747,2204.54211002907,4295.85587546761
"2018-09-11 06:00:00",5927,4883.23332986639,4199.51504440726,5566.95161532552,3837.57644714712,5928.89021258566
"2018-09-11 07:00:00",6496,5782.76850867199,5099.05022321286,6466.48679413112,4737.11162595272,6828.42539139127
"2018-09-11 08:00:00",6123,5794.12305496315,5110.40476950402,6477.84134042228,4748.46617224388,6839.77993768242
"2018-09-11 09:00:00",5471,5219.23893820818,4535.52065274906,5902.95722366731,4173.58205548891,6264.89582092746
"2018-09-11 10:00:00",4257,4566.25967831596,3882.54139285683,5249.97796377508,3520.60279559668,5611.91656103523
"2018-09-11 11:00:00",5074,4237.51262221938,3553.79433676025,4921.23090767851,3191.85573950011,5283.16950493865
"2018-09-11 12:00:00",4734,4364.08472899501,3680.36644353588,5047.80301445414,3318.42784627574,5409.74161171428
"2018-09-11 13:00:00",4875,4833.46888988051,4149.75060442138,5517.18717533964,3787.81200716123,5879.12577259978
"2018-09-11 14:00:00",4922,5410.31271007947,4726.59442462034,6094.0309955386,4364.6558273602,6455.96959279874
"2018-09-11 15:00:00",5636,5838.43285598794,5154.71457052881,6522.15114144707,4792.77597326867,6884.08973870721
"2018-09-11 16:00:00",6601,5901.80223258576,5218.08394712663,6585.52051804489,4856.14534986649,6947.45911530503
"2018-09-11 17:00:00",5859,5486.50755127718,4802.78926581806,6170.22583673631,4440.85066855791,6532.16443399646
"2018-09-11 18:00:00",4372,4651.58973751411,3967.87145205498,5335.30802297324,3605.93285479484,5697.24662023338
"2018-09-11 19:00:00",3427,3641.31896248568,2957.60067702655,4325.03724794481,2595.66207976641,4686.97584520495
"2018-09-11 20:00:00",3114,2770.37802000597,2086.65973454684,3454.0963054651,1724.7211372867,3816.03490272524
"2018-09-11 21:00:00",2501,2221.21856188207,1537.50027642294,2904.9368473412,1175.5616791628,3266.87544460135
"2018-09-11 22:00:00",1860,1909.41875180699,1225.70046634786,2593.13703726612,863.761869087715,2955.07563452626
"2018-09-11 23:00:00",2682,1560.03988526418,876.321599805047,2243.75817072331,514.383002544905,2605.69676798345
"2018-09-12 00:00:00",750,971.545609455472,287.827323996343,1655.2638949146,-74.111273263799,2017.20249217474
"2018-09-12 01:00:00",344,260.641900273435,-423.076385185694,944.360185732564,-785.014982445836,1306.29878299271
"2018-09-12 02:00:00",314,-139.257516294341,-822.97580175347,544.460769164789,-1184.91439901361,906.399366424931
"2018-09-12 03:00:00",371,233.888106903319,-449.83017855581,917.606392362449,-811.768775815952,1279.54498962259
"2018-09-12 04:00:00",937,1502.09801232021,818.379726861082,2185.81629777934,456.44112960094,2547.75489503948
"2018-09-12 05:00:00",3085,3291.8709101841,2608.15262472497,3975.58919564323,2246.21402746483,4337.52779290337
"2018-09-12 06:00:00",5908,4927.99512048599,4244.27683502686,5611.71340594512,3882.33823776672,5973.65200320526
"2018-09-12 07:00:00",6677,5838.75734578355,5155.03906032442,6522.47563124268,4793.10046306427,6884.41422850282
"2018-09-12 08:00:00",6297,5875.80606713082,5192.08778167169,6559.52435258995,4830.14918441155,6921.46294985009
"2018-09-12 09:00:00",5551,5335.86293620569,4652.14465074656,6019.58122166482,4290.20605348641,6381.51981892496
"2018-09-12 10:00:00",4499,4712.47684244633,4028.7585569872,5396.19512790546,3666.81995972706,5758.1337251656
"2018-09-12 11:00:00",4598,4392.34017740394,3708.62189194481,5076.05846286307,3346.68329468467,5437.99706012321
"2018-09-12 12:00:00",4759,4499.99329757862,3816.27501211949,5183.71158303775,3454.33641485935,5545.65018029789
"2018-09-12 13:00:00",4733,4931.94639820406,4248.22811274493,5615.66468366318,3886.28951548478,5977.60328092333
"2018-09-12 14:00:00",5056,5475.05474471762,4791.33645925849,6158.77303017675,4429.39786199835,6520.71162743689
"2018-09-12 15:00:00",5739,5895.8022003785,5212.08391491937,6579.52048583763,4850.14531765923,6941.45908309777
"2018-09-12 16:00:00",6450,5984.17600897887,5300.45772351974,6667.894294438,4938.5191262596,7029.83289169814
"2018-09-12 17:00:00",6245,5606.53336257181,4922.81507711268,6290.25164803094,4560.87647985254,6652.19024529109
"2018-09-12 18:00:00",4668,4785.72150232842,4102.00321686929,5469.43978778754,3740.06461960914,5831.37838504769
"2018-09-12 19:00:00",3510,3738.71577089916,3054.99748544003,4422.43405635829,2693.05888817989,4784.37265361843
"2018-09-12 20:00:00",3064,2786.02198211555,2102.30369665642,3469.74026757468,1740.36509939628,3831.67886483482
"2018-09-12 21:00:00",2705,2151.33400807181,1467.61572261268,2835.05229353094,1105.67712535254,3196.99089079108
"2018-09-12 22:00:00",1813,1800.908089767,1117.18980430787,2484.62637522613,755.251207047733,2846.56497248628
"2018-09-12 23:00:00",2842,1482.47906000913,798.760774549996,2166.19734546825,436.822177289855,2528.1359427284
"2018-09-13 00:00:00",699,969.572950947344,285.854665488215,1653.29123640647,-76.0839317719273,2015.22983366661
"2018-09-13 01:00:00",413,322.502535884563,-361.215749574566,1006.22082134369,-723.154346834708,1368.15941860383
"2018-09-13 02:00:00",332,-71.6542142799821,-755.372499739112,612.064071179148,-1117.31109699925,974.002668439289
"2018-09-13 03:00:00",383,247.294715347694,-436.423570111435,931.013000806824,-798.362167371577,1292.95159806697
"2018-09-13 04:00:00",914,1443.27212275522,759.553837296087,2126.99040821435,397.615240035945,2488.92900547449
"2018-09-13 05:00:00",3052,3193.27798958845,2509.55970412932,3876.99627504758,2147.62110686918,4238.93487230772
"2018-09-13 06:00:00",5830,4841.53146252727,4157.81317706814,5525.2497479864,3795.874579808,5887.18834524654
"2018-09-13 07:00:00",6433,5794.0277882932,5110.30950283407,6477.74607375233,4748.37090557393,6839.68467101247
"2018-09-13 08:00:00",6162,5864.34662259109,5180.62833713196,6548.06490805022,4818.68973987182,6910.00350531036
"2018-09-13 09:00:00",5092,5332.64383843908,4648.92555297996,6016.36212389821,4286.98695571981,6378.30072115836
"2018-09-13 10:00:00",4584,4710.81832111339,4027.10003565427,5394.53660657252,3665.16143839412,5756.47520383267
"2018-09-13 11:00:00",4767,4415.81679935132,3732.09851389219,5099.53508481045,3370.15991663205,5461.47368207059
"2018-09-13 12:00:00",4851,4577.34972139579,3893.63143593666,5261.06800685492,3531.69283867652,5623.00660411506
"2018-09-13 13:00:00",4826,5058.31750193414,4374.59921647501,5742.03578739327,4012.66061921487,6103.97438465341
"2018-09-13 14:00:00",5014,5599.73137989469,4916.01309443556,6283.44966535382,4554.07449717542,6645.38826261396
"2018-09-13 15:00:00",5617,5955.64512268991,5271.92683723078,6639.36340814903,4909.98823997063,7001.30200540918
"2018-09-13 16:00:00",6514,5959.73179935789,5276.01351389876,6643.45008481702,4914.07491663862,7005.38868207716
"2018-09-13 17:00:00",5701,5552.85332464524,4869.13503918611,6236.57161010437,4507.19644192597,6598.51020736451
"2018-09-13 18:00:00",4443,4806.37578467431,4122.65749921518,5490.09407013344,3760.71890195504,5852.03266739358
"2018-09-13 19:00:00",3669,3917.52626008276,3233.80797462363,4601.24454554189,2871.86937736349,4963.18314280204
"2018-09-13 20:00:00",3282,3127.45549002958,2443.73720457045,3811.17377548871,2081.79860731031,4173.11237274885
"2018-09-13 21:00:00",2676,2575.32064743165,1891.60236197253,3259.03893289078,1529.66376471238,3620.97753015093
"2018-09-13 22:00:00",1921,2194.8381643329,1511.11987887377,2878.55644979203,1149.18128161363,3240.49504705218
"2018-09-13 23:00:00",1167,1768.70709868674,1084.98881322761,2452.42538414587,723.050215967465,2814.36398140601
"2018-09-14 00:00:00",603,1137.93323347477,454.214948015643,1821.6515189339,92.2763507555017,2183.59011619404
"2018-09-14 01:00:00",376,409.577413232682,-274.140872226447,1093.29569869181,-636.079469486589,1455.23429595195
"2018-09-14 02:00:00",333,-31.0590204221311,-714.77730588126,652.659265036998,-1076.7159031414,1014.59786229714
"2018-09-14 03:00:00",377,241.610772004331,-442.107513454799,925.32905746346,-804.046110714941,1287.2676547236
"2018-09-14 04:00:00",892,1363.57786235373,679.859576894602,2047.29614781286,317.920979634461,2409.234745073
"2018-09-14 05:00:00",2899,3017.86496720885,2334.14668174972,3701.58325266798,1972.20808448958,4063.52184992812
"2018-09-14 06:00:00",5569,4584.0206365763,3900.30235111717,5267.73892203543,3538.36375385703,5629.67751929557
"2018-09-14 07:00:00",6728,5506.37412421299,4822.65583875386,6190.09240967212,4460.71724149372,6552.03100693226
"2018-09-14 08:00:00",5934,5617.00362803648,4933.28534257735,6300.72191349561,4571.34674531721,6662.66051075575
"2018-09-14 09:00:00",5025,5189.64426419316,4505.92597873403,5873.36254965229,4143.98738147389,6235.30114691243
"2018-09-14 10:00:00",4566,4711.24851024834,4027.53022478921,5394.96679570747,3665.59162752907,5756.90539296761
"2018-09-14 11:00:00",4836,4560.07778920258,3876.35950374345,5243.79607466171,3514.42090648331,5605.73467192186
"2018-09-14 12:00:00",5019,4815.91988938325,4132.20160392412,5499.63817484238,3770.26300666398,5861.57677210252
"2018-09-14 13:00:00",4830,5293.50421328488,4609.78592782575,5977.22249874401,4247.84733056561,6339.16109600415
"2018-09-14 14:00:00",5231,5717.2690262741,5033.55074081497,6400.98731173323,4671.61214355483,6762.92590899337
"2018-09-14 15:00:00",5953,5885.09376331089,5201.37547785176,6568.81204877002,4839.43688059162,6930.75064603016
"2018-09-14 16:00:00",6196,5729.45974312608,5045.74145766695,6413.1780285852,4683.8028604068,6775.11662584535
"2018-09-14 17:00:00",5358,5290.75619038126,4607.03790492213,5974.47447584039,4245.09930766199,6336.41307310053
"2018-09-14 18:00:00",4687,4667.64217289823,3983.9238874391,5351.36045835736,3621.98529017896,5713.2990556175
"2018-09-14 19:00:00",3880,3981.49373551292,3297.77545005379,4665.21202097205,2935.83685279365,5027.15061823219
"2018-09-14 20:00:00",3329,3345.00826145128,2661.28997599215,4028.72654691041,2299.35137873201,4390.66514417055
"2018-09-14 21:00:00",3169,2820.61394153591,2136.89565607678,3504.33222699504,1774.95705881664,3866.27082425518
"2018-09-14 22:00:00",2810,2389.24662750213,1705.528342043,3072.96491296126,1343.58974478286,3434.9035102214
"2018-09-14 23:00:00",2024,1968.9325037038,1285.21421824467,2652.65078916293,923.27562098453,3014.58938642307
"2018-09-15 00:00:00",1179,1488.86723109063,805.1489456315,2172.58551654976,443.210348371358,2534.5241138099
"2018-09-15 01:00:00",808,967.139260278274,283.420974819145,1650.8575457374,-78.5176224409971,2012.79614299755
"2018-09-15 02:00:00",584,523.328036882235,-160.390248576894,1207.04632234136,-522.328845837036,1568.98491960151
"2018-09-15 03:00:00",428,308.146360513233,-375.571924945896,991.864645972362,-737.510522206038,1353.8032432325
"2018-09-15 04:00:00",502,406.346022129517,-277.372263329613,1090.06430758865,-639.310860589754,1452.00290484879
"2018-09-15 05:00:00",871,792.876996385068,109.158710925939,1476.5952818442,-252.779886334203,1838.53387910434
"2018-09-15 06:00:00",1469,1370.63273287171,686.914447412577,2054.35101833084,324.975850152436,2416.28961559098
"2018-09-15 07:00:00",2117,2042.45442360188,1358.73613814275,2726.17270906101,996.797540882608,3088.11130632115
"2018-09-15 08:00:00",3442,2746.332936594,2062.61465113487,3430.05122205313,1700.67605387473,3791.98981931327
"2018-09-15 09:00:00",3999,3432.38265393596,2748.66436847683,4116.10093939509,2386.72577121669,4478.03953665523
"2018-09-15 10:00:00",4448,4027.6247157968,3343.90643033767,4711.34300125592,2981.96783307752,5073.28159851607
"2018-09-15 11:00:00",4772,4446.29580743112,3762.57752197199,5130.01409289025,3400.63892471185,5491.95269015039
"2018-09-15 12:00:00",4990,4646.60858776604,3962.89030230691,5330.32687322516,3600.95170504676,5692.26547048531
"2018-09-15 13:00:00",4848,4672.75261122166,3989.03432576253,5356.47089668079,3627.09572850239,5718.40949394094
"2018-09-15 14:00:00",4343,4625.35055804751,3941.63227258839,5309.06884350664,3579.69367532824,5671.00744076679
"2018-09-15 15:00:00",4296,4575.99495874398,3892.27667328485,5259.7132442031,3530.3380760247,5621.65184146325
"2018-09-15 16:00:00",4219,4506.74962780338,3823.03134234425,5190.4679132625,3461.0927450841,5552.40651052265
"2018-09-15 17:00:00",3953,4339.39382501395,3655.67553955482,5023.11211047308,3293.73694229468,5385.05070773322
"2018-09-15 18:00:00",3826,4030.25014618237,3346.53186072324,4713.9684316415,2984.5932634631,5075.90702890164
"2018-09-15 19:00:00",3455,3633.82868404695,2950.11039858782,4317.54696950608,2588.17180132767,4679.48556676622
"2018-09-15 20:00:00",3208,3262.47077295253,2578.7524874934,3946.18905841166,2216.81389023326,4308.1276556718
"2018-09-15 21:00:00",3055,2973.84153081197,2290.12324535284,3657.5598162711,1928.1846480927,4019.49841353124
"2018-09-15 22:00:00",2741,2700.02446463617,2016.30617917704,3383.7427500953,1654.3675819169,3745.68134735544
"2018-09-15 23:00:00",2123,2302.10212082678,1618.38383536765,2985.82040628591,1256.4452381075,3347.75900354605
"2018-09-16 00:00:00",1353,1712.81111007694,1029.09282461782,2396.52939553607,667.154227357673,2758.46799279622
"2018-09-16 01:00:00",786,1034.51070620475,350.792420745616,1718.22899166388,-11.1461765145259,2080.16758892402
"2018-09-16 02:00:00",607,490.53603127858,-193.182254180549,1174.25431673771,-555.120851440691,1536.19291399785
"2018-09-16 03:00:00",401,263.654338015067,-420.063947444063,947.372623474197,-782.002544704205,1309.31122073434
"2018-09-16 04:00:00",313,366.447617062446,-317.270668396684,1050.16590252158,-679.209265656826,1412.10449978172
"2018-09-16 05:00:00",467,662.544288829621,-21.173996629508,1346.26257428875,-383.11259388965,1708.20117154889
"2018-09-16 06:00:00",850,1014.03991647203,330.3216310129,1697.75820193116,-31.6169662472414,2059.6967991913
"2018-09-16 07:00:00",1302,1407.58050266489,723.862217205762,2091.29878812402,361.923619945621,2453.23738538416
"2018-09-16 08:00:00",2090,1932.96657856801,1249.24829310888,2616.68486402714,887.30969584874,2978.62346128728
"2018-09-16 09:00:00",3039,2637.17324180048,1953.45495634135,3320.89152725961,1591.5163590812,3682.83012451975
"2018-09-16 10:00:00",3278,3407.28435909491,2723.56607363578,4091.00264455404,2361.62747637564,4452.94124181418
"2018-09-16 11:00:00",4352,4014.40448826316,3330.68620280403,4698.12277372229,2968.74760554389,5060.06137098243
"2018-09-16 12:00:00",3978,4291.69252416278,3607.97423870365,4975.41080962191,3246.03564144351,5337.34940688205
"2018-09-16 13:00:00",3935,4278.05499103505,3594.33670557592,4961.77327649418,3232.39810831578,5323.71187375432
"2018-09-16 14:00:00",3829,4179.92385432375,3496.20556886462,4863.64213978288,3134.26697160448,5225.58073704302
"2018-09-16 15:00:00",4101,4175.39869159705,3491.68040613792,4859.11697705618,3129.74180887778,5221.05557431632
"2018-09-16 16:00:00",4539,4243.4435426437,3559.72525718457,4927.16182810283,3197.78665992443,5289.10042536297
"2018-09-16 17:00:00",4154,4186.09278292087,3502.37449746174,4869.81106838,3140.43590020159,5231.74966564014
"2018-09-16 18:00:00",3701,3829.00976481192,3145.29147935279,4512.72805027105,2783.35288209265,4874.66664753119
"2018-09-16 19:00:00",3400,3208.35209577651,2524.63381031738,3892.07038123564,2162.69521305723,4254.00897849578
"2018-09-16 20:00:00",3092,2556.41631775448,1872.69803229535,3240.13460321361,1510.7594350352,3602.07320047375
"2018-09-16 21:00:00",2623,2090.01072830642,1406.29244284729,2773.72901376555,1044.35384558715,3135.66761102569
"2018-09-16 22:00:00",1725,1804.18063057283,1120.4623451137,2487.89891603196,758.523747853556,2849.8375132921
"2018-09-16 23:00:00",1088,1483.62653929895,799.908253839818,2167.34482475808,437.969656579676,2529.28342201822
"2018-09-17 00:00:00",550,943.912937006407,260.194651547277,1627.63122246554,-101.743945712865,1989.56981972568
"2018-09-17 01:00:00",280,286.861363625898,-396.856921833231,970.579649085028,-758.795519093373,1332.51824634517
"2018-09-17 02:00:00",260,-82.4773459071762,-766.195631366306,601.240939551953,-1128.13422862645,963.179536812095
"2018-09-17 03:00:00",344,270.04062297275,-413.67766248638,953.758908431879,-775.616259746522,1315.69750569202
"2018-09-17 04:00:00",880,1451.60666127388,767.888375814749,2135.32494673301,405.949778554607,2497.26354399315
"2018-09-17 05:00:00",2965,3100.32309239142,2416.60480693229,3784.04137785055,2054.66620967215,4145.97997511069
"2018-09-17 06:00:00",5667,4583.42289642077,3899.70461096164,5267.1411818799,3537.7660137015,5629.07977914004
"2018-09-17 07:00:00",6533,5386.14774137167,4702.42945591254,6069.8660268308,4340.4908586524,6431.80462409094
"2018-09-17 08:00:00",6070,5398.70848298402,4714.99019752489,6082.42676844315,4353.05160026475,6444.3653657033
"2018-09-17 09:00:00",5145,4911.77385458628,4228.05556912715,5595.49214004541,3866.11697186701,5957.43073730556
"2018-09-17 10:00:00",4201,4371.9439572057,3688.22567174657,5055.66224266483,3326.28707448643,5417.60083992497
"2018-09-17 11:00:00",4371,4111.56999751209,3427.85171205296,4795.28828297122,3065.91311479282,5157.22688023136
"2018-09-17 12:00:00",4533,4230.21018491401,3546.49189945488,4913.92847037314,3184.55330219473,5275.86706763328
"2018-09-17 13:00:00",4680,4638.72482366167,3955.00653820254,5322.4431091208,3593.0679409424,5684.38170638094
"2018-09-17 14:00:00",4930,5155.02938047453,4471.3110950154,5838.74766593365,4109.37249775525,6200.6862631938
"2018-09-17 15:00:00",5327,5561.89150753504,4878.17322207591,6245.60979299417,4516.23462481577,6607.54839025431
"2018-09-17 16:00:00",6354,5640.75766876154,4957.03938330241,6324.47595422067,4595.10078604227,6686.41455148082
"2018-09-17 17:00:00",5412,5243.57413850091,4559.85585304178,5927.29242396004,4197.91725578164,6289.23102122018
"2018-09-17 18:00:00",4000,4398.77049928915,3715.05221383002,5082.48878474828,3353.11361656988,5444.42738200842
"2018-09-17 19:00:00",2897,3352.42947631706,2668.71119085793,4036.14776177619,2306.77259359779,4398.08635903633
"2018-09-17 20:00:00",2466,2452.40624060051,1768.68795514138,3136.12452605964,1406.74935788124,3498.06312331978
"2018-09-17 21:00:00",2090,1917.71401730934,1233.99573185021,2601.43230276847,872.057134590066,2963.37090002861
"2018-09-17 22:00:00",1434,1673.89747330952,990.179187850395,2357.61575876865,628.240590590254,2719.5543560288
"2018-09-17 23:00:00",869,1421.61803066018,737.899745201051,2105.33631611931,375.961147940909,2467.27491337945
"2018-09-18 00:00:00",536,919.016967045666,235.298681586536,1602.73525250479,-126.639915673606,1964.67384976494
"2018-09-18 01:00:00",351,254.244313785267,-429.473971673862,937.962599244396,-791.412568934004,1299.90119650454
"2018-09-18 02:00:00",227,-140.80541616887,-824.523701628,542.912869290259,-1186.46229888814,904.8514665504
"2018-09-18 03:00:00",340,215.496142341494,-468.222143117636,899.214427800623,-830.160740377778,1261.15302506076
"2018-09-18 04:00:00",858,1467.25614769118,783.537862232051,2150.97443315031,421.599264971909,2512.91303041045
"2018-09-18 05:00:00",3027,3250.19899277218,2566.48070731305,3933.91727823131,2204.54211005291,4295.85587549146
"2018-09-18 06:00:00",5642,4883.23332985415,4199.51504439502,5566.95161531328,3837.57644713488,5928.89021257342
"2018-09-18 07:00:00",6516,5782.76850865914,5099.05022320001,6466.48679411827,4737.11162593987,6828.42539137841
"2018-09-18 08:00:00",5873,5794.12305497035,5110.40476951122,6477.84134042948,4748.46617225108,6839.77993768963
"2018-09-18 09:00:00",5123,5219.23893822198,4535.52065276285,5902.95722368111,4173.58205550271,6264.89582094125
"2018-09-18 10:00:00",4527,4566.25967831586,3882.54139285674,5249.97796377499,3520.60279559659,5611.91656103514
"2018-09-18 11:00:00",4593,4237.51262219007,3553.79433673094,4921.2309076492,3191.8557394708,5283.16950490934
"2018-09-18 12:00:00",4725,4364.08472895994,3680.36644350081,5047.80301441907,3318.42784624067,5409.74161167921
"2018-09-18 13:00:00",4737,4833.46888986947,4149.75060441034,5517.1871753286,3787.8120071502,5879.12577258874
"2018-09-18 14:00:00",4931,5410.31271007807,4726.59442461894,6094.03099553719,4364.65582735879,6455.96959279734
"2018-09-18 15:00:00",5623,5838.43285598603,5154.7145705269,6522.15114144516,4792.77597326675,6884.0897387053
"2018-09-18 16:00:00",6623,5901.80223255993,5218.0839471008,6585.52051801906,4856.14534984066,6947.45911527921
"2018-09-18 17:00:00",5916,5486.50755126408,4802.78926580495,6170.22583672321,4440.85066854481,6532.16443398336
"2018-09-18 18:00:00",4423,4651.58973751237,3967.87145205324,5335.3080229715,3605.9328547931,5697.24662023164
"2018-09-18 19:00:00",3309,3641.31896250175,2957.60067704262,4325.03724796088,2595.66207978248,4686.97584522102
"2018-09-18 20:00:00",2805,2770.37802000328,2086.65973454415,3454.09630546241,1724.72113728401,3816.03490272255
"2018-09-18 21:00:00",2400,2221.2185618636,1537.50027640447,2904.93684732273,1175.56167914432,3266.87544458287
"2018-09-18 22:00:00",2631,1909.41875179332,1225.7004663342,2593.13703725245,863.761869074053,2955.0756345126
"2018-09-18 23:00:00",1501,1560.03988527882,876.321599819686,2243.75817073795,514.383002559545,2605.69676799809
"2018-09-19 00:00:00",617,971.545609468826,287.827324009696,1655.26389492796,-74.1112732504455,2017.2024921881
"2018-09-19 01:00:00",401,260.641900270537,-423.076385188592,944.360185729666,-785.014982448734,1306.29878298981
"2018-09-19 02:00:00",282,-139.257516305593,-822.975801764723,544.460769153536,-1184.91439902486,906.399366413678
"2018-09-19 03:00:00",358,233.888106900727,-449.830178558403,917.606392359856,-811.768775818545,1279.54498962
"2018-09-19 04:00:00",913,1502.09801234084,818.379726881708,2185.81629779997,456.441129621566,2547.75489506011
"2018-09-19 05:00:00",3074,3291.87091019445,2608.15262473532,3975.58919565358,2246.21402747518,4337.52779291372
"2018-09-19 06:00:00",5803,4927.99512047883,4244.2768350197,5611.71340593796,3882.33823775956,5973.6520031981
"2018-09-19 07:00:00",6510,5838.75734577561,5155.03906031648,6522.47563123474,4793.10046305634,6884.41422849488
"2018-09-19 08:00:00",6101,5875.80606713648,5192.08778167735,6559.52435259561,4830.14918441721,6921.46294985575
"2018-09-19 09:00:00",5331,5335.86293621477,4652.14465075564,6019.5812216739,4290.2060534955,6381.51981893404
"2018-09-19 10:00:00",4266,4712.47684244662,4028.75855698749,5396.19512790574,3666.81995972734,5758.13372516589
"2018-09-19 11:00:00",4567,4392.34017738281,3708.62189192368,5076.05846284194,3346.68329466354,5437.99706010208
"2018-09-19 12:00:00",4734,4499.9932975539,3816.27501209477,5183.71158301303,3454.33641483463,5545.65018027317
"2018-09-19 13:00:00",4675,4931.94639819411,4248.22811273498,5615.66468365324,3886.28951547484,5977.60328091338
"2018-09-19 14:00:00",4980,5475.05474471804,4791.33645925891,6158.77303017717,4429.39786199877,6520.71162743731
"2018-09-19 15:00:00",5718,5895.80220037612,5212.08391491699,6579.52048583525,4850.14531765685,6941.45908309539
"2018-09-19 16:00:00",6382,5984.17600896285,5300.45772350372,6667.89429442198,4938.51912624358,7029.83289168212
"2018-09-19 17:00:00",5647,5606.53336256098,4922.81507710185,6290.25164802011,4560.87647984171,6652.19024528025
"2018-09-19 18:00:00",4469,4785.72150232899,4102.00321686986,5469.43978778812,3740.06461960972,5831.37838504827
"2018-09-19 19:00:00",3460,3738.71577090827,3054.99748544914,4422.4340563674,2693.058888189,4784.37265362754
"2018-09-19 20:00:00",2865,2786.02198211309,2102.30369665396,3469.74026757222,1740.36509939382,3831.67886483236
"2018-09-19 21:00:00",2576,2151.33400806257,1467.61572260344,2835.0522935217,1105.6771253433,3196.99089078184
"2018-09-19 22:00:00",1693,1800.90808975725,1117.18980429812,2484.62637521638,755.251207037974,2846.56497247652
"2018-09-19 23:00:00",994,1482.47906001818,798.760774559054,2166.19734547731,436.822177298912,2528.13594273745
"2018-09-20 00:00:00",583,969.572950957063,285.854665497933,1653.29123641619,-76.0839317622089,2015.22983367633
"2018-09-20 01:00:00",349,322.502535882179,-361.21574957695,1006.22082134131,-723.154346837092,1368.15941860145
"2018-09-20 02:00:00",265,-71.6542142889473,-755.372499748077,612.064071170182,-1117.31109700822,974.002668430324
"2018-09-20 03:00:00",344,247.29471534434,-436.42357011479,931.013000803469,-798.362167374932,1292.95159806361
"2018-09-20 04:00:00",914,1443.27212276988,759.553837310755,2126.99040822901,397.615240050613,2488.92900548916
"2018-09-20 05:00:00",2924,3193.2779896033,2509.55970414417,3876.99627506243,2147.62110688403,4238.93487232257
"2018-09-20 06:00:00",5417,4841.53146252444,4157.81317706531,5525.24974798357,3795.87457980517,5887.18834524372
"2018-09-20 07:00:00",5766,5794.02778828615,5110.30950282702,6477.74607374528,4748.37090556688,6839.68467100543
"2018-09-20 08:00:00",5331,5864.34662259426,5180.62833713513,6548.06490805339,4818.68973987499,6910.00350531353
"2018-09-20 09:00:00",5264,5332.64383844474,4648.92555298561,6016.36212390387,4286.98695572547,6378.30072116401
"2018-09-20 10:00:00",4326,4710.81832111114,4027.10003565201,5394.53660657027,3665.16143839187,5756.47520383041
"2018-09-20 11:00:00",4592,4415.81679933698,3732.09851387785,5099.5350847961,3370.1599166177,5461.47368205625
"2018-09-20 12:00:00",4695,4577.34972137717,3893.63143591804,5261.0680068363,3531.69283865789,5623.00660409644
"2018-09-20 13:00:00",4459,5058.31750192993,4374.5992164708,5742.03578738906,4012.66061921066,6103.9743846492
"2018-09-20 14:00:00",4517,5599.73137989547,4916.01309443634,6283.4496653546,4554.0744971762,6645.38826261474
"2018-09-20 15:00:00",5257,5955.6451226883,5271.92683722917,6639.36340814743,4909.98823996903,7001.30200540757
"2018-09-20 16:00:00",6331,5959.73179934466,5276.01351388553,6643.45008480379,4914.07491662539,7005.38868206393
"2018-09-20 17:00:00",5065,5552.85332464041,4869.13503918128,6236.57161009954,4507.19644192114,6598.51020735968
"2018-09-20 18:00:00",3898,4806.37578467345,4122.65749921432,5490.09407013258,3760.71890195418,5852.03266739272
"2018-09-20 19:00:00",2957,3917.52626009185,3233.80797463272,4601.24454555098,2871.86937737258,4963.18314281112
"2018-09-20 20:00:00",2740,3127.45549002747,2443.73720456834,3811.1737754866,2081.7986073082,4173.11237274674
"2018-09-20 21:00:00",3497,2575.32064742086,1891.60236196173,3259.03893287999,1529.66376470159,3620.97753014014
"2018-09-20 22:00:00",2356,2194.83816432421,1511.11987886509,2878.55644978334,1149.18128160494,3240.49504704349
"2018-09-20 23:00:00",1633,1768.70709869759,1084.98881323846,2452.42538415672,723.05021597832,2814.36398141686
"2018-09-21 00:00:00",698,1137.93323348069,454.214948021556,1821.65151893981,92.2763507614145,2183.59011619996
"2018-09-21 01:00:00",407,409.577413231307,-274.140872227822,1093.29569869044,-636.079469487964,1455.23429595058
"2018-09-21 02:00:00",304,-31.0590204314001,-714.777305890529,652.659265027729,-1076.71590315067,1014.59786228787
"2018-09-21 03:00:00",377,241.610772006833,-442.107513452297,925.329057465962,-804.046110712438,1287.2676547261
"2018-09-21 04:00:00",867,1363.57786236427,679.859576905142,2047.2961478234,317.920979645,2409.23474508354
"2018-09-21 05:00:00",2919,3017.86496721197,2334.14668175284,3701.5832526711,1972.2080844927,4063.52184993125
"2018-09-21 06:00:00",5457,4584.02063657116,3900.30235111203,5267.73892203029,3538.36375385189,5629.67751929043
"2018-09-21 07:00:00",6539,5506.37412420883,4822.6558387497,6190.09240966796,4460.71724148956,6552.0310069281
"2018-09-21 08:00:00",5653,5617.00362803888,4933.28534257975,6300.72191349801,4571.34674531961,6662.66051075815
"2018-09-21 09:00:00",4981,5189.64426419846,4505.92597873933,5873.36254965759,4143.98738147918,6235.30114691773
"2018-09-21 10:00:00",4548,4711.24851024566,4027.53022478653,5394.96679570479,3665.59162752639,5756.90539296493
"2018-09-21 11:00:00",4937,4560.07778919289,3876.35950373376,5243.79607465202,3514.42090647362,5605.73467191216
"2018-09-21 12:00:00",5039,4815.91988937044,4132.20160391131,5499.63817482957,3770.26300665117,5861.57677208971
"2018-09-21 13:00:00",4901,5293.50421328294,4609.78592782381,5977.22249874206,4247.84733056366,6339.16109600221
"2018-09-21 14:00:00",5185,5717.26902627318,5033.55074081405,6400.98731173231,4671.61214355391,6762.92590899245
"2018-09-21 15:00:00",5973,5885.09376330885,5201.37547784972,6568.81204876798,4839.43688058958,6930.75064602812
"2018-09-21 16:00:00",6007,5729.45974311769,5045.74145765856,6413.17802857682,4683.80286039842,6775.11662583696
"2018-09-21 17:00:00",5489,5290.75619037641,4607.03790491728,5974.47447583554,4245.09930765714,6336.41307309569
"2018-09-21 18:00:00",4607,4667.64217289999,3983.92388744086,5351.36045835912,3621.98529018072,5713.29905561926
"2018-09-21 19:00:00",3958,3981.49373551531,3297.77545005618,4665.21202097444,2935.83685279603,5027.15061823458
"2018-09-21 20:00:00",3255,3345.00826144935,2661.28997599022,4028.72654690848,2299.35137873008,4390.66514416862
"2018-09-21 21:00:00",2931,2820.61394152722,2136.89565606809,3504.33222698635,1774.95705880795,3866.2708242465
"2018-09-21 22:00:00",2570,2389.24662749428,1705.52834203515,3072.96491295341,1343.58974477501,3434.90351021355
"2018-09-21 23:00:00",2179,1968.93250371009,1285.21421825096,2652.65078916922,923.275620990816,3014.58938642936
"2018-09-22 00:00:00",1516,1488.86723109525,805.148945636124,2172.58551655438,443.210348375983,2534.52411381452
"2018-09-22 01:00:00",1273,967.139260276658,283.420974817529,1650.85754573579,-78.5176224426133,2012.79614299593
"2018-09-22 02:00:00",1207,523.328036878566,-160.390248580563,1207.0463223377,-522.328845840705,1568.98491959784
"2018-09-22 03:00:00",611,308.146360513179,-375.57192494595,991.864645972309,-737.510522206092,1353.80324323245
"2018-09-22 04:00:00",647,406.346022136916,-277.372263322214,1090.06430759605,-639.310860582355,1452.00290485619
"2018-09-22 05:00:00",960,792.876996393608,109.158710934479,1476.59528185274,-252.779886325663,1838.53387911288
"2018-09-22 06:00:00",1635,1370.63273287058,686.914447411449,2054.35101832971,324.975850151307,2416.28961558985
"2018-09-22 07:00:00",2445,2042.45442359637,1358.73613813724,2726.1727090555,996.797540877102,3088.11130631565
"2018-09-22 08:00:00",3415,2746.33293659684,2062.61465113772,3430.05122205597,1700.67605387757,3791.98981931612
"2018-09-22 09:00:00",3770,3432.38265393757,2748.66436847844,4116.1009393967,2386.7257712183,4478.03953665684
"2018-09-22 10:00:00",4308,4027.62471579781,3343.90643033868,4711.34300125694,2981.96783307854,5073.28159851709
"2018-09-22 11:00:00",4638,4446.29580742355,3762.57752196443,5130.01409288268,3400.63892470428,5491.95269014283
"2018-09-22 12:00:00",4831,4646.6085877572,3962.89030229807,5330.32687321633,3600.95170503793,5692.26547047647
"2018-09-22 13:00:00",4565,4672.75261121867,3989.03432575955,5356.4708966778,3627.0957284994,5718.40949393794
"2018-09-22 14:00:00",4654,4625.35055804895,3941.63227258982,5309.06884350808,3579.69367532968,5671.00744076822
"2018-09-22 15:00:00",4589,4575.99495874449,3892.27667328536,5259.71324420362,3530.33807602522,5621.65184146376
"2018-09-22 16:00:00",4582,4506.74962779602,3823.03134233689,5190.46791325515,3461.09274507675,5552.40651051529
"2018-09-22 17:00:00",4847,4339.39382501052,3655.67553955139,5023.11211046965,3293.73694229125,5385.05070772979
"2018-09-22 18:00:00",4620,4030.25014618436,3346.53186072523,4713.96843164349,2984.59326346509,5075.90702890363
"2018-09-22 19:00:00",4347,3633.82868405111,2950.11039859198,4317.54696951024,2588.17180133184,4679.48556677038
"2018-09-22 20:00:00",3602,3262.47077295314,2578.75248749401,3946.18905841227,2216.81389023387,4308.12765567241
"2018-09-22 21:00:00",2985,2973.84153080449,2290.12324534536,3657.55981626362,1928.18464808522,4019.49841352376
"2018-09-22 22:00:00",2480,2700.02446463134,2016.30617917221,3383.74275009047,1654.36758191207,3745.68134735061
"2018-09-22 23:00:00",1871,2302.10212082992,1618.38383537079,2985.82040628905,1256.44523811065,3347.75900354919
"2018-09-23 00:00:00",1249,1712.81111007994,1029.09282462081,2396.52939553907,667.15422736067,2758.46799279921
"2018-09-23 01:00:00",690,1034.51070620418,350.792420745046,1718.2289916633,-11.1461765150955,2080.16758892345
"2018-09-23 02:00:00",565,490.536031276787,-193.182254182342,1174.25431673592,-555.120851442484,1536.19291399606
"2018-09-23 03:00:00",319,263.654338012174,-420.063947446955,947.372623471304,-782.002544707097,1309.31122073145
"2018-09-23 04:00:00",339,366.447617068272,-317.270668390857,1050.1659025274,-679.209265650999,1412.10449978754
"2018-09-23 05:00:00",514,662.544288836702,-21.1739966224277,1346.26257429583,-383.112593882569,1708.20117155597
"2018-09-23 06:00:00",910,1014.03991646904,330.321631009907,1697.75820192817,-31.616966250235,2059.69679918831
"2018-09-23 07:00:00",1402,1407.58050266202,723.862217202891,2091.29878812115,361.923619942749,2453.23738538129
"2018-09-23 08:00:00",2203,1932.96657856824,1249.24829310911,2616.68486402737,887.309695848968,2978.62346128751
"2018-09-23 09:00:00",3562,2637.17324180434,1953.45495634521,3320.89152726347,1591.51635908507,3682.83012452361
"2018-09-23 10:00:00",4594,3407.28435909522,2723.56607363609,4091.00264455435,2361.62747637595,4452.94124181449
"2018-09-23 11:00:00",4252,4014.40448825726,3330.68620279813,4698.12277371639,2968.74760553799,5060.06137097653
"2018-09-23 12:00:00",3945,4291.69252415495,3607.97423869582,4975.41080961408,3246.03564143568,5337.34940687422
"2018-09-23 13:00:00",4107,4278.05499103559,3594.33670557646,4961.77327649472,3232.39810831632,5323.71187375486
"2018-09-23 14:00:00",4091,4179.92385432362,3496.20556886449,4863.64213978275,3134.26697160435,5225.58073704289
"2018-09-23 15:00:00",4195,4175.39869159711,3491.68040613798,4859.11697705623,3129.74180887783,5221.05557431638
"2018-09-23 16:00:00",4413,4243.44354263626,3559.72525717713,4927.16182809539,3197.78665991699,5289.10042535553
"2018-09-23 17:00:00",4117,4186.09278291959,3502.37449746046,4869.81106837872,3140.43590020032,5231.74966563886
"2018-09-23 18:00:00",3997,3829.00976481001,3145.29147935088,4512.72805026914,2783.35288209074,4874.66664752928
"2018-09-23 19:00:00",3516,3208.35209578095,2524.63381032182,3892.07038124008,2162.69521306168,4254.00897850022
"2018-09-23 20:00:00",2846,2556.41631775113,1872.698032292,3240.13460321026,1510.75943503186,3602.0732004704
"2018-09-23 21:00:00",2346,2090.01072830181,1406.29244284268,2773.72901376094,1044.35384558254,3135.66761102108
"2018-09-23 22:00:00",1635,1804.18063057247,1120.46234511335,2487.8989160316,758.523747853204,2849.83751329175
"2018-09-23 23:00:00",934,1483.62653930148,799.908253842355,2167.34482476061,437.969656582213,2529.28342202076
"2018-09-24 00:00:00",509,943.912937007262,260.194651548133,1627.63122246639,-101.743945712009,1989.56981972653
"2018-09-24 01:00:00",344,286.861363628303,-396.856921830826,970.579649087432,-758.795519090968,1332.51824634757
"2018-09-24 02:00:00",219,-82.477345909232,-766.195631368361,601.240939549897,-1128.1342286285,963.179536810039
"2018-09-24 03:00:00",328,270.040622972129,-413.677662487,953.758908431259,-775.616259747141,1315.6975056914
"2018-09-24 04:00:00",888,1451.60666128341,767.888375824277,2135.32494674253,405.949778564135,2497.26354400268
"2018-09-24 05:00:00",2954,3100.32309239357,2416.60480693444,3784.04137785269,2054.66620967429,4145.97997511284
"2018-09-24 06:00:00",5747,4583.42289642234,3899.70461096321,5267.14118188147,3537.76601370307,5629.07977914161
"2018-09-24 07:00:00",6591,5386.14774137016,4702.42945591103,6069.86602682928,4340.49085865088,6431.80462408943
"2018-09-24 08:00:00",5900,5398.70848298339,4714.99019752426,6082.42676844252,4353.05160026412,6444.36536570266
"2018-09-24 09:00:00",4936,4911.77385458799,4228.05556912886,5595.49214004712,3866.11697186872,5957.43073730726
"2018-09-24 10:00:00",4351,4371.94395720401,3688.22567174489,5055.66224266314,3326.28707448474,5417.60083992329
"2018-09-24 11:00:00",4468,4111.56999750772,3427.85171204859,4795.28828296685,3065.91311478845,5157.22688022699
"2018-09-24 12:00:00",4531,4230.21018490943,3546.4918994503,4913.92847036856,3184.55330219016,5275.8670676287
"2018-09-24 13:00:00",4433,4638.7248236622,3955.00653820307,5322.44310912132,3593.06794094292,5684.38170638147
"2018-09-24 14:00:00",4816,5155.0293804746,4471.31109501547,5838.74766593373,4109.37249775533,6200.68626319387
"2018-09-24 15:00:00",5443,5561.89150753339,4878.17322207426,6245.60979299252,4516.23462481412,6607.54839025266
"2018-09-24 16:00:00",6307,5640.75766875922,4957.03938330009,6324.47595421835,4595.10078603995,6686.41455147849
"2018-09-24 17:00:00",5562,5243.57413850042,4559.85585304129,5927.29242395955,4197.91725578115,6289.23102121969
"2018-09-24 18:00:00",4167,4398.77049928997,3715.05221383084,5082.4887847491,3353.1136165707,5444.42738200924
"2018-09-24 19:00:00",3253,3352.4294763192,2668.71119086007,4036.14776177833,2306.77259359993,4398.08635903847
"2018-09-24 20:00:00",2559,2452.40624059975,1768.68795514062,3136.12452605888,1406.74935788048,3498.06312331902
"2018-09-24 21:00:00",2084,1917.71401730855,1233.99573184942,2601.43230276768,872.057134589281,2963.37090002782
"2018-09-24 22:00:00",1392,1673.89747330547,990.179187846341,2357.6157587646,628.240590586199,2719.55435602474
"2018-09-24 23:00:00",826,1421.61803066054,737.899745201414,2105.33631611967,375.961147941272,2467.27491337981
"2018-09-25 00:00:00",527,919.016967053576,235.298681594446,1602.73525251271,-126.639915665696,1964.67384977285
"2018-09-25 01:00:00",302,254.244313786394,-429.473971672735,937.962599245524,-791.412568932877,1299.90119650567
"2018-09-25 02:00:00",234,-140.805416169907,-824.523701629036,542.912869289222,-1186.46229888918,904.851466549364
"2018-09-25 03:00:00",366,215.496142341905,-468.222143117224,899.214427801035,-830.160740377366,1261.15302506118
"2018-09-25 04:00:00",880,1467.25614769652,783.537862237396,2150.97443315565,421.599264977254,2512.9130304158
"2018-09-25 05:00:00",3063,3250.19899277332,2566.48070731419,3933.91727823245,2204.54211005404,4295.85587549259
"2018-09-25 06:00:00",5833,4883.23332985457,4199.51504439545,5566.9516153137,3837.5764471353,5928.89021257385
"2018-09-25 07:00:00",6568,5782.76850865522,5099.05022319609,6466.48679411435,4737.11162593595,6828.42539137449
"2018-09-25 08:00:00",6080,5794.12305497166,5110.40476951253,6477.84134043079,4748.46617225239,6839.77993769093
"2018-09-25 09:00:00",5083,5219.23893822192,4535.52065276279,5902.95722368105,4173.58205550265,6264.89582094119
"2018-09-25 10:00:00",4385,4566.25967831361,3882.54139285448,5249.97796377274,3520.60279559434,5611.91656103288
"2018-09-25 11:00:00",4458,4237.51262218691,3553.79433672778,4921.23090764604,3191.85573946764,5283.16950490618
"2018-09-25 12:00:00",4580,4364.08472895576,3680.36644349663,5047.80301441489,3318.42784623649,5409.74161167503
"2018-09-25 13:00:00",4716,4833.46888986915,4149.75060441002,5517.18717532828,3787.81200714988,5879.12577258842
"2018-09-25 14:00:00",4973,5410.3127100798,4726.59442462067,6094.03099553893,4364.65582736053,6455.96959279907
"2018-09-25 15:00:00",5748,5838.43285598451,5154.71457052538,6522.15114144364,4792.77597326524,6884.08973870378
"2018-09-25 16:00:00",6597,5901.8022325586,5218.08394709948,6585.52051801773,4856.14534983933,6947.45911527788
"2018-09-25 17:00:00",5734,5486.50755126151,4802.78926580238,6170.22583672064,4440.85066854224,6532.16443398079
"2018-09-25 18:00:00",4320,4651.58973751296,3967.87145205383,5335.30802297209,3605.93285479369,5697.24662023223
"2018-09-25 19:00:00",3058,3641.31896250494,2957.60067704581,4325.03724796407,2595.66207978567,4686.97584522421
"2018-09-25 20:00:00",2765,2770.37801999999,2086.65973454086,3454.09630545912,1724.72113728072,3816.03490271926
"2018-09-25 21:00:00",2282,2221.21856185996,1537.50027640083,2904.93684731909,1175.56167914069,3266.87544457923
"2018-09-25 22:00:00",1571,1909.41875179247,1225.70046633334,2593.1370372516,863.761869073199,2955.07563451174
"2018-09-25 23:00:00",924,1560.03988528216,876.321599823031,2243.75817074129,514.383002562889,2605.69676800143
"2018-09-26 00:00:00",543,971.545609467275,287.827324008145,1655.2638949264,-74.1112732519966,2017.20249218655
"2018-09-26 01:00:00",358,260.641900271863,-423.076385187267,944.360185730992,-785.014982447408,1306.29878299113
"2018-09-26 02:00:00",227,-139.25751630742,-822.97580176655,544.460769151709,-1184.91439902669,906.399366411851
"2018-09-26 03:00:00",358,233.888106901806,-449.830178557324,917.606392360935,-811.768775817466,1279.54498962108
"2018-09-26 04:00:00",890,1502.09801234182,818.379726882686,2185.81629780094,456.441129622544,2547.75489506109
"2018-09-26 05:00:00",3052,3291.8709101991,2608.15262473997,3975.58919565823,2246.21402747983,4337.52779291837
"2018-09-26 06:00:00",5930,4927.99512048045,4244.27683502132,5611.71340593958,3882.33823776118,5973.65200319972
"2018-09-26 07:00:00",6193,5838.75734577406,5155.03906031494,6522.47563123319,4793.10046305479,6884.41422849334
"2018-09-26 08:00:00",6032,5875.80606713737,5192.08778167824,6559.5243525965,4830.1491844181,6921.46294985665
"2018-09-26 09:00:00",5320,5335.86293621564,4652.14465075652,6019.58122167477,4290.20605349637,6381.51981893492
"2018-09-26 10:00:00",4523,4712.47684244408,4028.75855698495,5396.19512790321,3666.81995972481,5758.13372516335
"2018-09-26 11:00:00",4721,4392.34017738058,3708.62189192146,5076.05846283971,3346.68329466131,5437.99706009985
"2018-09-26 12:00:00",4793,4499.99329755009,3816.27501209096,5183.71158300922,3454.33641483082,5545.65018026937
"2018-09-26 13:00:00",4624,4931.94639819379,4248.22811273466,5615.66468365292,3886.28951547452,5977.60328091306
"2018-09-26 14:00:00",4928,5475.05474471876,4791.33645925963,6158.77303017788,4429.39786199949,6520.71162743803
"2018-09-26 15:00:00",5693,5895.80220037587,5212.08391491674,6579.520485835,4850.1453176566,6941.45908309514
"2018-09-26 16:00:00",6334,5984.17600896057,5300.45772350144,6667.8942944197,4938.5191262413,7029.83289167984
"2018-09-26 17:00:00",5954,5606.53336256028,4922.81507710115,6290.25164801941,4560.87647984101,6652.19024527955
"2018-09-26 18:00:00",4661,4785.72150232738,4102.00321686826,5469.43978778651,3740.06461960811,5831.37838504666
"2018-09-26 19:00:00",3639,3738.71577091052,3054.99748545139,4422.43405636965,2693.05888819125,4784.37265362979
"2018-09-26 20:00:00",3197,2786.02198211198,2102.30369665285,3469.74026757111,1740.36509939271,3831.67886483125
"2018-09-26 21:00:00",3475,2151.33400806041,1467.61572260128,2835.05229351954,1105.67712534114,3196.99089077968
"2018-09-26 22:00:00",1973,1800.90808975434,1117.18980429521,2484.62637521347,755.251207035069,2846.56497247361
"2018-09-26 23:00:00",1209,1482.47906001755,798.760774558424,2166.19734547668,436.822177298283,2528.13594273682
"2018-09-27 00:00:00",654,969.572950957222,285.854665498092,1653.29123641635,-76.0839317620491,2015.22983367649
"2018-09-27 01:00:00",421,322.502535882392,-361.215749576738,1006.22082134152,-723.154346836879,1368.15941860166
"2018-09-27 02:00:00",312,-71.6542142908477,-755.372499749977,612.064071168282,-1117.31109701012,974.002668428423
"2018-09-27 03:00:00",373,247.294715347428,-436.423570111702,931.013000806557,-798.362167371843,1292.9515980667
"2018-09-27 04:00:00",919,1443.2721227675,759.553837308374,2126.99040822663,397.615240048232,2488.92900548677
"2018-09-27 05:00:00",3002,3193.27798960439,2509.55970414526,3876.99627506352,2147.62110688512,4238.93487232366
"2018-09-27 06:00:00",5685,4841.53146252214,4157.81317706301,5525.24974798127,3795.87457980287,5887.18834524141
"2018-09-27 07:00:00",6589,5794.02778828389,5110.30950282477,6477.74607374302,4748.37090556462,6839.68467100317
"2018-09-27 08:00:00",5946,5864.34662259635,5180.62833713722,6548.06490805548,4818.68973987708,6910.00350531562
"2018-09-27 09:00:00",5181,5332.64383844566,4648.92555298653,6016.36212390479,4286.98695572639,6378.30072116493
"2018-09-27 10:00:00",4500,4710.81832111191,4027.10003565278,5394.53660657104,3665.16143839264,5756.47520383118
"2018-09-27 11:00:00",4670,4415.81679933593,3732.0985138768,5099.53508479506,3370.15991661666,5461.4736820552
"2018-09-27 12:00:00",4849,4577.34972137537,3893.63143591624,5261.0680068345,3531.6928386561,5623.00660409464
"2018-09-27 13:00:00",4787,5058.31750192864,4374.59921646951,5742.03578738777,4012.66061920937,6103.97438464791
"2018-09-27 14:00:00",4943,5599.73137989549,4916.01309443636,6283.44966535462,4554.07449717622,6645.38826261476
"2018-09-27 15:00:00",5892,5955.64512268939,5271.92683723026,6639.36340814852,4909.98823997012,7001.30200540866
"2018-09-27 16:00:00",6451,5959.7317993449,5276.01351388577,6643.45008480403,4914.07491662562,7005.38868206417
"2018-09-27 17:00:00",5968,5552.85332463795,4869.13503917882,6236.57161009708,4507.19644191868,6598.51020735722
"2018-09-27 18:00:00",4498,4806.37578467449,4122.65749921536,5490.09407013362,3760.71890195522,5852.03266739376
"2018-09-27 19:00:00",3419,3917.52626008922,3233.80797463009,4601.24454554835,2871.86937736995,4963.18314280849
"2018-09-27 20:00:00",2856,3127.45549003087,2443.73720457174,3811.17377549,2081.7986073116,4173.11237275014
"2018-09-27 21:00:00",2649,2575.32064741861,1891.60236195948,3259.03893287774,1529.66376469934,3620.97753013788
"2018-09-27 22:00:00",2003,2194.83816432525,1511.11987886612,2878.55644978438,1149.18128160598,3240.49504704452
"2018-09-27 23:00:00",1278,1768.70709869602,1084.98881323689,2452.42538415515,723.050215976753,2814.36398141529
"2018-09-28 00:00:00",699,1137.93323348037,454.214948021239,1821.6515189395,92.2763507610969,2183.59011619964
"2018-09-28 01:00:00",461,409.577413228124,-274.140872231005,1093.29569868725,-636.079469491147,1455.23429594739
"2018-09-28 02:00:00",301,-31.0590204322028,-714.777305891332,652.659265026927,-1076.71590315147,1014.59786228707
"2018-09-28 03:00:00",367,241.610772001869,-442.10751345726,925.329057460998,-804.046110717402,1287.26765472114
"2018-09-28 04:00:00",870,1363.57786236692,679.859576907793,2047.29614782605,317.920979647651,2409.23474508619
"2018-09-28 05:00:00",2751,3017.86496721648,2334.14668175735,3701.58325267561,1972.20808449721,4063.52184993575
"2018-09-28 06:00:00",5521,4584.02063657096,3900.30235111183,5267.73892203009,3538.36375385169,5629.67751929023
"2018-09-28 07:00:00",6401,5506.37412420784,4822.65583874871,6190.09240966697,4460.71724148857,6552.03100692712
"2018-09-28 08:00:00",5798,5617.00362803937,4933.28534258024,6300.7219134985,4571.3467453201,6662.66051075864
"2018-09-28 09:00:00",4791,5189.64426419847,4505.92597873934,5873.3625496576,4143.9873814792,6235.30114691774
"2018-09-28 10:00:00",4574,4711.24851024804,4027.53022478891,5394.96679570717,3665.59162752877,5756.90539296731
"2018-09-28 11:00:00",4863,4560.07778919146,3876.35950373234,5243.79607465059,3514.42090647219,5605.73467191074
"2018-09-28 12:00:00",5066,4815.91988936877,4132.20160390964,5499.6381748279,3770.2630066495,5861.57677208804
"2018-09-28 13:00:00",4898,5293.50421327967,4609.78592782054,5977.2224987388,4247.8473305604,6339.16109599894
"2018-09-28 14:00:00",5193,5717.26902627581,5033.55074081668,6400.98731173494,4671.61214355654,6762.92590899508
"2018-09-28 15:00:00",5838,5885.09376330751,5201.37547784838,6568.81204876664,4839.43688058824,6930.75064602678
"2018-09-28 16:00:00",6188,5729.45974311567,5045.74145765654,6413.1780285748,4683.8028603964,6775.11662583494
"2018-09-28 17:00:00",5695,5290.75619037702,4607.03790491789,5974.47447583614,4245.09930765775,6336.41307309629
"2018-09-28 18:00:00",5104,4667.6421728996,3983.92388744047,5351.36045835873,3621.98529018033,5713.29905561887
"2018-09-28 19:00:00",4286,3981.4937355222,3297.77545006307,4665.21202098133,2935.83685280293,5027.15061824147
"2018-09-28 20:00:00",3538,3345.00826144887,2661.28997598974,4028.726546908,2299.3513787296,4390.66514416814
"2018-09-28 21:00:00",3058,2820.61394152427,2136.89565606514,3504.3322269834,1774.957058805,3866.27082424354
"2018-09-28 22:00:00",2713,2389.24662749881,1705.52834203968,3072.96491295793,1343.58974477953,3434.90351021808
"2018-09-28 23:00:00",3544,1968.93250370602,1285.21421824689,2652.65078916514,923.275620986745,3014.58938642529
"2018-09-29 00:00:00",1733,1488.86723109588,805.148945636754,2172.58551655501,443.210348376612,2534.52411381515
"2018-09-29 01:00:00",867,967.13926027645,283.420974817322,1650.85754573558,-78.51762244282,2012.79614299572
"2018-09-29 02:00:00",524,523.328036877757,-160.390248581372,1207.04632233689,-522.328845841514,1568.98491959703
"2018-09-29 03:00:00",359,308.146360515419,-375.57192494371,991.864645974548,-737.510522203852,1353.80324323469
"2018-09-29 04:00:00",425,406.346022137633,-277.372263321496,1090.06430759676,-639.310860581638,1452.0029048569
"2018-09-29 05:00:00",743,792.876996390111,109.158710930981,1476.59528184924,-252.779886329161,1838.53387910938
"2018-09-29 06:00:00",1359,1370.63273287093,686.914447411803,2054.35101833006,324.975850151661,2416.2896155902
"2018-09-29 07:00:00",2036,2042.45442359549,1358.73613813636,2726.17270905462,996.797540876218,3088.11130631476
"2018-09-29 08:00:00",3073,2746.33293659585,2062.61465113672,3430.05122205498,1700.67605387658,3791.98981931512
"2018-09-29 09:00:00",3725,3432.38265394153,2748.6643684824,4116.10093940066,2386.72577122226,4478.0395366608
"2018-09-29 10:00:00",4059,4027.62471579763,3343.9064303385,4711.34300125676,2981.96783307836,5073.2815985169
"2018-09-29 11:00:00",4378,4446.29580742145,3762.57752196232,5130.01409288058,3400.63892470218,5491.95269014072
"2018-09-29 12:00:00",4657,4646.60858775503,3962.8903022959,5330.32687321416,3600.95170503576,5692.2654704743
"2018-09-29 13:00:00",4553,4672.75261121757,3989.03432575844,5356.4708966767,3627.0957284983,5718.40949393684
"2018-09-29 14:00:00",4618,4625.35055804767,3941.63227258854,5309.0688435068,3579.6936753284,5671.00744076694
"2018-09-29 15:00:00",4564,4575.99495874336,3892.27667328424,5259.71324420249,3530.33807602409,5621.65184146264
"2018-09-29 16:00:00",4735,4506.74962779585,3823.03134233672,5190.46791325498,3461.09274507658,5552.40651051512
"2018-09-29 17:00:00",4878,4339.3938250099,3655.67553955077,5023.11211046903,3293.73694229063,5385.05070772917
"2018-09-29 18:00:00",4569,4030.25014618412,3346.53186072499,4713.96843164324,2984.59326346484,5075.90702890339
"2018-09-29 19:00:00",3818,3633.82868404882,2950.11039858969,4317.54696950795,2588.17180132955,4679.48556676809
"2018-09-29 20:00:00",3338,3262.47077295501,2578.75248749588,3946.18905841414,2216.81389023574,4308.12765567428
"2018-09-29 21:00:00",2950,2973.84153080899,2290.12324534986,3657.55981626812,1928.18464808972,4019.49841352826
"2018-09-29 22:00:00",2607,2700.02446463088,2016.30617917176,3383.74275009001,1654.36758191161,3745.68134735016
"2018-09-29 23:00:00",3856,2302.10212083048,1618.38383537135,2985.82040628961,1256.44523811121,3347.75900354975
"2018-09-30 00:00:00",1826,1712.81111008123,1029.0928246221,2396.52939554036,667.154227361957,2758.4679928005
"2018-09-30 01:00:00",920,1034.51070620447,350.792420745345,1718.2289916636,-11.1461765147965,2080.16758892375
"2018-09-30 02:00:00",696,490.536031275427,-193.182254183703,1174.25431673456,-555.120851443844,1536.1929139947
"2018-09-30 03:00:00",364,263.654338011627,-420.063947447502,947.372623470756,-782.002544707644,1309.3112207309
"2018-09-30 04:00:00",335,366.447617070811,-317.270668388319,1050.16590252994,-679.209265648461,1412.10449979008
"2018-09-30 05:00:00",444,662.544288836963,-21.1739966221656,1346.26257429609,-383.112593882307,1708.20117155623
"2018-09-30 06:00:00",802,1014.03991646975,330.321631010624,1697.75820192888,-31.6169662495178,2059.69679918902
"2018-09-30 07:00:00",1175,1407.5805026607,723.862217201575,2091.29878811983,361.923619941433,2453.23738537997
"2018-09-30 08:00:00",2002,1932.9665785692,1249.24829311007,2616.68486402833,887.309695849932,2978.62346128847
"2018-09-30 09:00:00",2882,2637.17324180526,1953.45495634613,3320.89152726439,1591.51635908599,3682.83012452453
"2018-09-30 10:00:00",3701,3407.28435909209,2723.56607363296,4091.00264455122,2361.62747637282,4452.94124181136
"2018-09-30 11:00:00",4049,4014.40448825602,3330.68620279689,4698.12277371515,2968.74760553675,5060.06137097529
"2018-09-30 12:00:00",4429,4291.69252415358,3607.97423869445,4975.41080961271,3246.03564143431,5337.34940687285
"2018-09-30 13:00:00",4547,4278.05499103198,3594.33670557285,4961.77327649111,3232.39810831271,5323.71187375125
"2018-09-30 14:00:00",4380,4179.92385432348,3496.20556886435,4863.64213978261,3134.26697160421,5225.58073704275
"2018-09-30 15:00:00",4302,4175.39869159652,3491.68040613739,4859.11697705565,3129.74180887725,5221.05557431579
"2018-09-30 16:00:00",4283,4243.44354263853,3559.7252571794,4927.16182809766,3197.78665991926,5289.1004253578
"2018-09-30 17:00:00",4132,4186.09278291944,3502.37449746031,4869.81106837857,3140.43590020017,5231.74966563871
"2018-09-30 18:00:00",3947,3829.00976480972,3145.29147935059,4512.72805026885,2783.35288209045,4874.66664752899
"2018-09-30 19:00:00",3543,3208.35209577995,2524.63381032082,3892.07038123908,2162.69521306068,4254.00897849922
"2018-09-30 20:00:00",2781,2556.41631775575,1872.69803229662,3240.13460321488,1510.75943503648,3602.07320047502
"2018-09-30 21:00:00",2159,2090.010728301,1406.29244284187,2773.72901376013,1044.35384558173,3135.66761102027
"2018-09-30 22:00:00",1450,1804.18063057263,1120.46234511351,2487.89891603176,758.523747853364,2849.83751329191
"2018-09-30 23:00:00",954,1483.6265393035,799.90825384437,2167.34482476263,437.969656584228,2529.28342202277
