"date_time","actual","forecast","lo80","hi80","lo95","hi95"
"2018-04-19 13:00:00",5110,5084.22444202798,4588.17247733008,5580.27640672588,4325.57842932925,5842.87045472671
"2018-04-19 14:00:00",5444,5414.62507341607,4769.53722961153,6059.71291722062,4428.04835288886,6401.20179394328
"2018-04-19 15:00:00",6188,6124.16016303322,5416.32420142611,6831.99612464033,5041.61847761719,7206.70184844926
"2018-04-19 16:00:00",6851,7117.62728508255,6372.52762362658,7862.72694653851,5978.09568868822,8257.15888147687
"2018-04-19 17:00:00",6368,6738.29370463541,5970.37246257117,7506.21494669965,5563.85951261788,7912.72789665294
"2018-04-19 18:00:00",4978,5010.48070375822,4228.35242901366,5792.60897850278,3814.31873025358,6206.64267726286
"2018-04-19 19:00:00",3676,3656.83953830974,2865.78380727694,4447.89526934254,2447.02419862856,4866.65487799093
"2018-04-19 20:00:00",3471,3049.26395356191,2252.56687741564,3845.96102970817,1830.82092105585,4267.70698606796
"2018-04-19 21:00:00",3451,2738.32928590775,1938.05514524931,3538.6034265662,1514.41560531952,3962.24296649598
"2018-04-19 22:00:00",2148,2041.67538767578,1239.12825941008,2844.22251594149,814.28547252368,3269.06530282788
"2018-04-19 23:00:00",1273,1162.48456019131,358.4911639064,1966.47795647622,-67.1172310224676,2392.08635140509
"2018-04-20 00:00:00",712,632.079538102964,-172.834875107813,1436.99395131374,-598.930826946144,1863.08990315207
"2018-04-20 01:00:00",417,389.741351245923,-415.759901126345,1195.24260361819,-842.166506851582,1621.64920934343
"2018-04-20 02:00:00",322,311.684014182845,-494.191278440552,1117.55930680624,-920.795889114159,1544.16391747985
"2018-04-20 03:00:00",393,364.028844798863,-442.084905658918,1170.14259525664,-868.815748284951,1596.87343788268
"2018-04-20 04:00:00",830,855.93265595456,49.6668631008359,1662.19844880828,-377.144465907794,2089.00977781691
"2018-04-20 05:00:00",2691,2732.38376233683,1926.02101766746,3538.74650700619,1499.15836546784,3965.60915920582
"2018-04-20 06:00:00",5492,5438.58336584759,4632.15879512951,6245.00793656567,4205.26341419668,6671.90331749849
"2018-04-20 07:00:00",6626,6578.56805930041,5772.10406078368,7385.03205781714,5345.18780803501,7811.94831056581
"2018-04-20 08:00:00",6126,5908.37662668462,5101.88748364226,6714.86576972697,4674.95792018577,7141.79533318346
"2018-04-20 09:00:00",5141,5222.2198083645,4415.714629521,6028.724987208,3988.77657722415,6455.66303950485
"2018-04-20 10:00:00",4670,4848.88083296279,4042.36542726909,5655.39623865648,3615.42196120478,6082.33970472079
"2018-04-20 11:00:00",5200,5229.44470618154,4422.92277826418,6035.96663409891,3995.97585954322,6462.91355281987
"2018-04-20 12:00:00",5433,5318.86447547992,4512.33838796691,6125.39056299294,4085.38926728902,6552.33968367083
"2018-04-20 13:00:00",5370,5171.21656374965,4364.68782341785,5977.74530408145,3937.73729842252,6404.69582907677
"2018-04-20 14:00:00",5803,5347.41778981637,4540.88735762342,6153.94822200932,4113.9359370109,6580.89964262184
"2018-04-20 15:00:00",6383,5970.57018990431,5164.0386787093,6777.10170109932,4737.08668690759,7204.05369290103
"2018-04-20 16:00:00",6900,6703.76351002824,5897.231310688,7510.29570936848,5470.27895460421,7937.24806545226
"2018-04-20 17:00:00",6268,5684.92401341969,4878.39137520722,6491.45665163216,4451.43878679851,6918.40924004088
"2018-04-20 18:00:00",4959,4165.00138518368,3358.46846707552,4971.53430329184,2931.51573049898,5398.48703986839
"2018-04-20 19:00:00",4091,2899.96574295603,2093.43264634122,3706.49883957084,1666.47981526897,4133.45167064309
"2018-04-20 20:00:00",3552,2313.93925555829,1507.40604509883,3120.47246601774,1080.45315376086,3547.42535735571
"2018-04-20 21:00:00",3538,2155.92121847041,1349.38793540523,2962.45450153559,922.43500563211,3389.40743130871
"2018-04-20 22:00:00",2842,1790.80894111726,984.275611746946,2597.34227048758,557.322657461371,3024.29522477315
"2018-04-20 23:00:00",1977,1160.7419381776,354.208579275652,1967.27529707954,-72.744390643024,2394.22826699822
"2018-04-21 00:00:00",1291,642.702309363077,-163.831068373005,1449.23568709916,-590.784048261871,1876.18866698802
"2018-04-21 01:00:00",732,458.654470653682,-347.878919094087,1265.18786040145,-774.831905341556,1692.14084664892
"2018-04-21 02:00:00",526,414.611723878328,-391.921673530032,1221.14512128669,-818.874663832773,1648.09811158943
"2018-04-21 03:00:00",386,326.584578350469,-479.948823943522,1133.11798064446,-906.90181683256,1560.0709735335
"2018-04-21 04:00:00",369,317.605664860743,-488.927740549115,1124.1390702706,-915.880735087593,1551.09206480908
"2018-04-21 05:00:00",683,557.643341768085,-248.890065628953,1364.17674916512,-675.843061219381,1791.12974475555
"2018-04-21 06:00:00",1418,1003.62921516586,197.095806501471,1810.16262383024,-229.85718975985,2237.11562009156
"2018-04-21 07:00:00",2307,1308.66923939182,502.13582991917,2115.20264886447,75.1828332299795,2542.15564555366
"2018-04-21 08:00:00",3392,1506.67380011544,700.140390127309,2313.20721010357,273.18739316524,2740.16020706564
"2018-04-21 09:00:00",4153,1772.79445682054,966.261046503652,2579.32786713742,539.308049367551,3006.28086427352
"2018-04-21 10:00:00",4464,1996.00096968679,1189.46755916024,2802.53438021334,762.514561913149,3229.48737746043
"2018-04-21 11:00:00",4985,2160.62724150733,1354.09383084707,2967.1606521676,927.14083352919,3394.11364948548
"2018-04-21 12:00:00",5263,2154.75044827523,1348.21703752968,2961.28385902078,921.264040166661,3388.2368563838
"2018-04-21 13:00:00",5307,1994.81247881684,1188.2790680169,2801.34588961677,761.326070625091,3228.29888700859
"2018-04-21 14:00:00",5296,1829.87886225006,1023.34545141543,2636.41227308468,596.39245400526,3063.36527049485
"2018-04-21 15:00:00",5340,1888.94964491404,1082.4162340573,2695.48305577078,655.46323663541,3122.43605319267
"2018-04-21 16:00:00",5027,1468.98885471441,662.455443843558,2275.52226558526,235.502446414205,2702.47526301462
"2018-04-21 17:00:00",5007,1496.52393362378,689.990522743934,2303.05734450363,263.037525309818,2730.01034193775
"2018-04-21 18:00:00",4541,1086.50990106873,279.976490183143,1893.04331195432,-146.976507254011,2319.99630939147
"2018-04-21 19:00:00",3892,889.003081036681,82.469670147433,1695.53649192593,-344.483327291659,2122.48948936502
"2018-04-21 20:00:00",3346,625.912312882166,-180.621098009415,1432.44572377375,-607.574095449743,1859.39872121408
"2018-04-21 21:00:00",3199,725.276891281134,-81.2565196119367,1531.8103021742,-508.209517053052,1958.76329961532
"2018-04-21 22:00:00",3814,612.084557204645,-194.448853689375,1418.61796809866,-621.401851130993,1845.57096554028
"2018-04-21 23:00:00",2760,543.96355622048,-262.569854674145,1350.49696711511,-689.522852116084,1777.44996455704
"2018-04-22 00:00:00",1447,370.852351624038,-435.681059270974,1177.38576251905,-862.634056713117,1604.33875996119
"2018-04-22 01:00:00",945,276.78695740535,-529.746453489907,1083.32036830061,-956.699450932181,1510.27336574288
"2018-04-22 02:00:00",671,215.716310016887,-590.817100878527,1022.2497209123,-1017.77009832088,1449.20271835466
"2018-04-22 03:00:00",465,168.702610114573,-637.830800780942,975.236021010088,-1064.78379822335,1402.1890184525
"2018-04-22 04:00:00",368,192.655510081072,-613.877900814507,999.18892097665,-1040.83089825695,1426.14191841909
"2018-04-22 05:00:00",563,318.637209442792,-487.896201452828,1125.17062033841,-914.849198895293,1552.12361778088
"2018-04-22 06:00:00",904,507.609081843353,-298.924329052293,1314.142492739,-725.877326494771,1741.09549018148
"2018-04-22 07:00:00",1289,650.5160379346,-156.017372961062,1457.04944883026,-582.97037040355,1884.00244627275
"2018-04-22 08:00:00",2200,691.709288481056,-114.824122414616,1498.24269937673,-541.777119857109,1925.19569681922
"2018-04-22 09:00:00",3219,1001.93190291294,195.398492017261,1808.46531380862,-231.554505425235,2235.41831125112
"2018-04-22 10:00:00",4088,1512.20296339183,705.669552496145,2318.73637428751,278.716555053646,2745.68937173001
"2018-04-22 11:00:00",4541,1812.3666492337,1005.83323833801,2618.90006012939,578.880240895512,3045.85305757189
"2018-04-22 12:00:00",4781,2050.39229380567,1243.85888290998,2856.92570470135,816.905885467477,3283.87870214386
"2018-04-22 13:00:00",4761,2218.46300775827,1411.92959686258,3024.99641865396,984.976599420076,3451.94941609646
"2018-04-22 14:00:00",4753,2419.50033041194,1612.96691951625,3226.03374130763,1186.01392207375,3652.98673875013
"2018-04-22 15:00:00",4866,2184.5422352101,1378.00882431441,2991.07564610579,951.055826871903,3418.02864354829
"2018-04-22 16:00:00",4713,2122.58872232029,1316.0553114246,2929.12213321598,889.1023139821,3356.07513065849
"2018-04-22 17:00:00",4303,1862.60771104108,1056.07430014539,2669.14112193677,629.121302702884,3096.09411937927
"2018-04-22 18:00:00",3787,1677.73134871736,871.197937821674,2484.26475961306,444.244940379171,2911.21775705556
"2018-04-22 19:00:00",3228,1425.18495102313,618.651540127443,2231.71836191883,191.698542684941,2658.67135936133
"2018-04-22 20:00:00",3139,1650.12471868974,843.591307794045,2456.65812958543,416.638310351542,2883.61112702793
"2018-04-22 21:00:00",2412,2827.38500990786,2020.85159901217,3633.91842080355,1593.89860156967,4060.87141824605
"2018-04-22 22:00:00",1906,1221.22787996956,414.694469073866,2027.76129086525,-12.2585283686362,2454.71428830775
"2018-04-22 23:00:00",1356,724.087117666709,-82.4462932289824,1530.6205285624,-509.399290671485,1957.5735260049
"2018-04-23 00:00:00",614,424.990875596762,-381.542535298929,1231.52428649245,-808.495532741432,1658.47728393496
"2018-04-23 01:00:00",349,289.91623889952,-516.617171996171,1096.44964979521,-943.570169438673,1523.40264723771
"2018-04-23 02:00:00",259,264.854041639729,-541.679369255962,1071.38745253542,-968.632366698465,1498.34044997792
"2018-04-23 03:00:00",373,374.794463167648,-431.738947728043,1181.32787406334,-858.691945170546,1608.28087150584
"2018-04-23 04:00:00",900,796.774822017215,-9.75858887847653,1603.30823291291,-436.711586320979,2030.26123035541
"2018-04-23 05:00:00",2864,2255.72964710505,1449.19623620935,3062.26305800074,1022.24323876685,3489.21605544324
"2018-04-23 06:00:00",5769,4381.70411349208,3575.17070259639,5188.23752438777,3148.21770515388,5615.19052183027
"2018-04-23 07:00:00",6574,4980.72506433193,4174.19165343624,5787.25847522763,3747.23865599374,6214.21147267013
"2018-04-23 08:00:00",5970,4480.82392575355,3674.29051485785,5287.35733664924,3247.33751741535,5714.31033409174
"2018-04-23 09:00:00",5325,4063.05307463448,3256.51966373879,4869.58648553017,2829.56666629629,5296.53948297268
"2018-04-23 10:00:00",4547,3644.32870797942,2837.79529708373,4450.86211887511,2410.84229964122,4877.81511631761
"2018-04-23 11:00:00",4577,3878.62791090835,3072.09450001266,4685.16132180404,2645.14150257015,5112.11431924654
"2018-04-23 12:00:00",4739,4167.69861971745,3361.16520882176,4974.23203061315,2934.21221137926,5401.18502805565
"2018-04-23 13:00:00",4803,4128.75754372402,3322.22413282833,4935.29095461972,2895.27113538583,5362.24395206222
"2018-04-23 14:00:00",5243,4406.01804284222,3599.48463194653,5212.55145373791,3172.53163450402,5639.50445118041
"2018-04-23 15:00:00",5852,4961.13065313606,4154.59724224037,5767.66406403175,3727.64424479787,6194.61706147426
"2018-04-23 16:00:00",6883,5806.91860265687,5000.38519176118,6613.45201355256,4573.43219431867,7040.40501099506
"2018-04-23 17:00:00",6188,5585.93366101764,4779.40025012195,6392.46707191333,4352.44725267945,6819.42006935584
"2018-04-23 18:00:00",4660,4074.79954965443,3268.26613875874,4881.33296055012,2841.31314131624,5308.28595799262
"2018-04-23 19:00:00",3243,2992.78121775464,2186.24780685895,3799.31462865033,1759.29480941644,4226.26762609283
"2018-04-23 20:00:00",2759,2569.67711872259,1763.1437078269,3376.21052961829,1336.1907103844,3803.16352706079
"2018-04-23 21:00:00",2183,2113.38249881073,1306.84908791504,2919.91590970642,879.896090472537,3346.86890714893
"2018-04-23 22:00:00",1537,1507.39483395281,700.861423057117,2313.9282448485,273.908425614615,2740.881242291
"2018-04-23 23:00:00",963,996.272403012517,189.738992116826,1802.80581390821,-237.214005325677,2229.75881135071
"2018-04-24 00:00:00",530,542.150626782652,-264.382784113039,1348.68403767834,-691.335781555542,1775.63703512085
"2018-04-24 01:00:00",330,354.080572715375,-452.452838180316,1160.61398361107,-879.405835622819,1587.56698105357
"2018-04-24 02:00:00",248,289.039980639354,-517.493430256337,1095.57339153504,-944.44642769884,1522.52638897755
"2018-04-24 03:00:00",346,364.983675500907,-441.549735394784,1171.5170863966,-868.502732837287,1598.4700838391
"2018-04-24 04:00:00",911,915.975818970623,109.442408074932,1722.50922986631,-317.510589367571,2149.46222730882
"2018-04-24 05:00:00",2936,2860.78212890637,2054.24871801068,3667.31553980206,1627.29572056818,4094.26853724456
"2018-04-24 06:00:00",5886,5533.9024913483,4727.36908045261,6340.43590224399,4300.41608301011,6767.3888996865
"2018-04-24 07:00:00",6535,6215.38948256975,5408.85607167406,7021.92289346544,4981.90307423156,7448.87589090795
"2018-04-24 08:00:00",5905,5910.00135269854,5103.46794180285,6716.53476359423,4676.51494436035,7143.48776103674
"2018-04-24 09:00:00",5509,5684.75939424232,4878.22598334663,6491.29280513801,4451.27298590413,6918.24580258052
"2018-04-24 10:00:00",4540,4454.50901944287,3647.97560854718,5261.04243033856,3221.02261110468,5687.99542778106
"2018-04-24 11:00:00",4957,4713.64454460428,3907.11113370859,5520.17795549997,3480.15813626608,5947.13095294247
"2018-04-24 12:00:00",4881,4960.68775552539,4154.15434462969,5767.22116642108,3727.20134718719,6194.17416386358
"2018-04-24 13:00:00",4960,4921.15287550818,4114.61946461249,5727.68628640387,3687.66646716999,6154.63928384637
"2018-04-24 14:00:00",5353,5228.11752111837,4421.58411022268,6034.65093201407,3994.63111278018,6461.60392945657
"2018-04-24 15:00:00",6010,5852.10704574366,5045.57363484797,6658.64045663935,4618.62063740547,7085.59345408185
"2018-04-24 16:00:00",7149,6675.65213535794,5869.11872446225,7482.18554625363,5442.16572701975,7909.13854369614
"2018-04-24 17:00:00",6253,6275.51884010738,5468.98542921169,7082.05225100308,5042.03243176919,7509.00524844558
"2018-04-24 18:00:00",4513,4825.50967415448,4018.97626325879,5632.04308505018,3592.02326581629,6058.99608249268
"2018-04-24 19:00:00",3325,3479.49527051419,2672.9618596185,4286.02868140988,2246.00886217599,4712.98167885238
"2018-04-24 20:00:00",3115,2884.91063246668,2078.37722157099,3691.44404336237,1651.42422412849,4118.39704080488
"2018-04-24 21:00:00",2497,3431.12716156572,2624.59375067003,4237.66057246141,2197.64075322753,4664.61356990391
"2018-04-24 22:00:00",1589,3312.16764927444,2505.63423837875,4118.70106017013,2078.68124093625,4545.65405761264
"2018-04-24 23:00:00",988,1315.15128150136,508.617870605666,2121.68469239705,81.6648731631633,2548.63768983955
"2018-04-25 00:00:00",532,844.075989745122,37.5425788494306,1650.60940064081,-389.410418593072,2077.56239808332
"2018-04-25 01:00:00",310,612.002007410732,-194.531403484959,1418.53541830642,-621.484400927462,1845.48841574893
"2018-04-25 02:00:00",237,448.969271864545,-357.564139031146,1255.50268276024,-784.517136473649,1682.45568020274
"2018-04-25 03:00:00",341,538.857971007493,-267.675439888199,1345.39138190318,-694.628437330701,1772.34437934569
"2018-04-25 04:00:00",904,992.766311478155,186.232900582464,1799.29972237385,-240.720096860038,2226.25271981635
"2018-04-25 05:00:00",2917,3003.72702882273,2197.19361792704,3810.26043971842,1770.24062048453,4237.21343716092
"2018-04-25 06:00:00",5866,5960.68840087822,5154.15498998253,6767.22181177391,4727.20199254003,7194.17480921641
"2018-04-25 07:00:00",6303,6888.64846351187,6082.11505261618,7695.18187440756,5655.16205517367,8122.13487185006
"2018-04-25 08:00:00",5850,6630.66539109706,5824.13198020137,7437.19880199275,5397.17898275887,7864.15179943525
"2018-04-25 09:00:00",5455,5395.84749563272,4589.31408473703,6202.38090652841,4162.36108729453,6629.33390397092
"2018-04-25 10:00:00",4524,4769.00659038722,3962.47317949153,5575.54000128292,3535.52018204903,6002.49299872542
"2018-04-25 11:00:00",4891,4842.08973867456,4035.55632777886,5648.62314957025,3608.60333033636,6075.57614701275
"2018-04-25 12:00:00",5067,5031.17026811819,4224.6368572225,5837.70367901388,3797.68385978,6264.65667645638
"2018-04-25 13:00:00",5020,5035.28680666264,4228.75339576695,5841.82021755833,3801.80039832445,6268.77321500083
"2018-04-25 14:00:00",5276,5455.38043032475,4648.84701942906,6261.91384122044,4221.89402198656,6688.86683866295
"2018-04-25 15:00:00",6002,5852.3770618713,5045.84365097561,6658.910472767,4618.89065353311,7085.8634702095
"2018-04-25 16:00:00",6816,7040.50678953306,6233.97337863737,7847.04020042875,5807.02038119486,8273.99319787125
"2018-04-25 17:00:00",6420,6476.47330437711,5669.93989348142,7283.0067152728,5242.98689603892,7709.95971271531
"2018-04-25 18:00:00",4695,4671.05270473725,3864.51929384156,5477.58611563294,3437.56629639905,5904.53911307544
"2018-04-25 19:00:00",3543,3401.0350275423,2594.50161664661,4207.56843843799,2167.54861920411,4634.5214358805
"2018-04-25 20:00:00",3225,3041.96693760622,2235.43352671053,3848.50034850191,1808.48052926803,4275.45334594442
"2018-04-25 21:00:00",2560,2602.3748037043,1795.84139280861,3408.9082146,1368.88839536611,3835.8612120425
"2018-04-25 22:00:00",1618,1744.22984681226,937.696435916574,2550.76325770796,510.743438474071,2977.71625515046
"2018-04-25 23:00:00",1023,1103.15979274341,296.62638184772,1909.6932036391,-130.326615594782,2336.64620108161
"2018-04-26 00:00:00",551,579.076644456081,-227.45676643961,1385.61005535177,-654.409763882113,1812.56305279427
"2018-04-26 01:00:00",358,369.011173363695,-437.522237531997,1175.54458425939,-864.475234974499,1602.49758170189
"2018-04-26 02:00:00",255,292.980401950273,-513.553008945418,1099.51381284596,-940.506006387921,1526.46681028847
"2018-04-26 03:00:00",350,378.937191029298,-427.596219866393,1185.47060192499,-854.549217308896,1612.42359936749
"2018-04-26 04:00:00",899,926.928679787288,120.395268891597,1733.46209068298,-306.557728550906,2160.41508812548
"2018-04-26 05:00:00",2953,2902.95552293517,2096.42211203947,3709.48893383086,1669.46911459697,4136.44193127336
"2018-04-26 06:00:00",5813,5732.93260805283,4926.39919715714,6539.46601894852,4499.44619971464,6966.41901639102
"2018-04-26 07:00:00",6493,6478.90838374865,5672.37497285296,7285.44179464434,5245.42197541045,7712.39479208684
"2018-04-26 08:00:00",5890,6064.00659038723,5257.47317949154,6870.54000128292,4830.52018204903,7297.49299872542
"2018-04-26 09:00:00",5495,5860.23312036688,5053.69970947119,6666.76653126258,4626.74671202869,7093.71952870508
"2018-04-26 10:00:00",4675,4880.4487860387,4073.91537514301,5686.98219693439,3646.96237770051,6113.9351943769
"2018-04-26 11:00:00",5110,5053.50351597844,4246.97010508275,5860.03692687413,3820.01710764025,6286.98992431663
"2018-04-26 12:00:00",5078,5025.56990755962,4219.03649666393,5832.10331845531,3792.08349922142,6259.05631589781
"2018-04-26 13:00:00",5281,5097.72675295314,4291.19334205745,5904.26016384884,3864.24034461495,6331.21316129134
"2018-04-26 14:00:00",5661,5432.24241419643,4625.70900330074,6238.77582509213,4198.75600585824,6665.72882253463
"2018-04-26 15:00:00",6257,6137.7809766356,5331.24756573991,6944.3143875313,4904.29456829741,7371.2673849738
"2018-04-26 16:00:00",7139,7131.26774001265,6324.73432911695,7937.80115090834,5897.78133167445,8364.75414835084
"2018-04-26 17:00:00",6372,6757.05124845231,5950.51783755662,7563.584659348,5523.56484011412,7990.5376567905
"2018-04-26 18:00:00",5068,5024.08384016566,4217.55042926996,5830.61725106135,3790.59743182746,6257.57024850385
"2018-04-26 19:00:00",3813,3675.5054225973,2868.97201170161,4482.03883349299,2442.01901425911,4908.99183093549
"2018-04-26 20:00:00",3338,3066.73463909532,2260.20122819963,3873.26804999101,1833.24823075713,4300.22104743352
"2018-04-26 21:00:00",3058,2755.66313685808,1949.12972596239,3562.19654775378,1522.17672851989,3989.14954519628
"2018-04-26 22:00:00",2171,2059.98641864261,1253.45300774692,2866.5198295383,826.500010304413,3293.4728269808
"2018-04-26 23:00:00",1253,1180.69214683216,374.158735936473,1987.22555772786,-52.7942615060292,2414.17855517036
"2018-04-27 00:00:00",683,650.19088223801,-156.342528657681,1456.7242931337,-583.295526100184,1883.6772905762
"2018-04-27 01:00:00",422,407.752524609618,-398.780886286073,1214.28593550531,-825.733883728576,1641.23893294781
"2018-04-27 02:00:00",328,329.621205212143,-476.912205683548,1136.15461610783,-903.86520312605,1563.10761355034
"2018-04-27 03:00:00",380,371.387555956816,-435.145854938875,1177.92096685251,-862.098852381378,1604.87396429501
"2018-04-27 04:00:00",849,863.30446133099,56.771050435299,1669.83787222668,-370.181947007204,2096.79086966918
"2018-04-27 05:00:00",2744,2730.36508477589,1923.8316738802,3536.89849567158,1496.8786764377,3963.85149311408
"2018-04-27 06:00:00",5573,5436.56992597404,4630.03651507835,6243.10333686973,4203.08351763585,6670.05633431223
"2018-04-27 07:00:00",6712,6586.04396371373,5779.51055281804,7392.57737460943,5352.55755537554,7819.53037205193
"2018-04-27 08:00:00",6109,5926.4205355945,5119.88712469881,6732.95394649019,4692.93412725631,7159.9069439327
"2018-04-27 09:00:00",5414,5240.44900046584,4433.91558957015,6046.98241136153,4006.96259212765,6473.93540880404
"2018-04-27 10:00:00",4946,4862.14351968981,4055.61010879412,5668.67693058551,3628.65711135162,6095.62992802801
"2018-04-27 11:00:00",5365,5247.94232976167,4441.40891886598,6054.47574065736,4014.45592142347,6481.42873809986
"2018-04-27 12:00:00",5622,5337.48649413558,4530.95308323989,6144.01990503127,4104.00008579739,6570.97290247378
"2018-04-27 13:00:00",5487,5179.38908058596,4372.85566969027,5985.92249148166,3945.90267224777,6412.87548892416
"2018-04-27 14:00:00",6005,5355.5713200359,4549.0379091402,6162.10473093159,4122.0849116977,6589.05772837409
"2018-04-27 15:00:00",6560,5978.6870563121,5172.15364541641,6785.22046720779,4745.2006479739,7212.17346465029
"2018-04-27 16:00:00",6471,6722.34100834107,5915.80759744538,7528.87441923676,5488.85460000288,7955.82741667927
"2018-04-27 17:00:00",6459,5692.96820691493,4886.43479601924,6499.50161781062,4459.48179857674,6926.45461525312
"2018-04-27 18:00:00",5355,4172.97748874284,3366.44407784715,4979.51089963853,2939.49108040464,5406.46389708103
"2018-04-27 19:00:00",4083,2894.39115866887,2087.85774777318,3700.92456956456,1660.90475033067,4127.87756700706
"2018-04-27 20:00:00",3319,2321.72614766045,1515.19273676476,3128.25955855614,1088.23973932225,3555.21255599864
"2018-04-27 21:00:00",3384,2154.12579733451,1347.59238643882,2960.6592082302,920.639388996317,3387.6122056727
"2018-04-27 22:00:00",2709,1808.86856308932,1002.33515219363,2615.40197398501,575.382154751128,3042.35497142752
"2018-04-27 23:00:00",1942,1158.75403203008,352.220621134391,1965.28744292577,-74.7323763081115,2392.24044036828
"2018-04-28 00:00:00",1097,640.650896255946,-165.882514639745,1447.18430715164,-592.835512082247,1874.13730459414
"2018-04-28 01:00:00",725,452.47755231657,-354.055858579122,1259.01096321226,-781.008856021624,1685.96396065476
"2018-04-28 02:00:00",531,412.453592890608,-394.079818005083,1218.9870037863,-821.032815447586,1645.9400012288
"2018-04-28 03:00:00",382,324.415971987967,-482.117438907724,1130.94938288366,-909.070436350227,1557.90238032616
"2018-04-28 04:00:00",365,315.39973997558,-491.133670920111,1121.93315087127,-918.086668362613,1548.88614831377
"2018-04-28 05:00:00",744,551.35250373022,-255.180907165471,1357.88591462591,-682.133904607974,1784.83891206841
"2018-04-28 06:00:00",1366,1001.3355590169,194.802148121204,1807.86896991259,-232.150849321298,2234.82196735509
"2018-04-28 07:00:00",2330,1321.22483832108,514.691427425385,2127.75824921677,87.7384299828823,2554.71124665927
"2018-04-28 08:00:00",3737,1524.47415656165,717.940745665959,2331.00756745734,290.987748223456,2757.96056489984
"2018-04-28 09:00:00",4509,1785.649258642,979.115847746306,2592.18266953769,552.162850303804,3019.13566698019
"2018-04-28 10:00:00",4752,2008.95790641238,1202.42449551668,2815.49131730807,775.471498074182,3242.44431475057
"2018-04-28 11:00:00",5130,2168.2524200113,1361.71900911561,2974.78583090699,934.766011673106,3401.73882834949
"2018-04-28 12:00:00",5453,2162.47383341777,1355.94042252208,2969.00724431346,928.98742507958,3395.96024175597
"2018-04-28 13:00:00",5529,2002.61639340302,1196.08298250733,2809.14980429871,769.129985064824,3236.10280174121
"2018-04-28 14:00:00",5191,1848.2645302622,1041.73111936651,2654.79794115789,614.778121924007,3081.75093860039
"2018-04-28 15:00:00",4925,1907.37263144884,1100.83922055315,2713.90604234453,673.88622311065,3140.85903978704
"2018-04-28 16:00:00",5034,1482.3301067523,675.796695856612,2288.86351764799,248.843698414109,2715.8165150905
"2018-04-28 17:00:00",4991,1513.94093286145,707.407521965754,2320.47434375714,280.454524523252,2747.42734119964
"2018-04-28 18:00:00",4300,1105.00556051609,298.472149620394,1911.53897141178,-128.480847822108,2338.49196885428
"2018-04-28 19:00:00",3764,907.489574531101,100.956163635409,1714.02298542679,-325.996833807093,2140.97598286929
"2018-04-28 20:00:00",3189,644.355595455611,-162.17781544008,1450.8890063513,-589.130812882583,1877.8420037938
"2018-04-28 21:00:00",3076,742.510571460113,-64.0228394355779,1549.0439823558,-490.975836878081,1975.99697979831
"2018-04-28 22:00:00",2900,630.252861190067,-176.280549705624,1436.78627208576,-603.233547148127,1863.73926952826
"2018-04-28 23:00:00",3360,562.007465130368,-244.525945765323,1368.54087602606,-671.478943207826,1795.49387346856
"2018-04-29 00:00:00",1532,388.88513044822,-417.648280447471,1195.41854134391,-844.601277889974,1622.37153878641
"2018-04-29 01:00:00",821,294.784381839644,-511.749029056047,1101.31779273533,-938.70202649855,1528.27079017784
"2018-04-29 02:00:00",601,233.675106506673,-572.858304389018,1040.20851740236,-999.811301831521,1467.16151484487
"2018-04-29 03:00:00",347,186.63456345648,-619.898847439211,993.167974352171,-1046.85184488171,1420.12097179467
"2018-04-29 04:00:00",280,210.56389382972,-595.969517065971,1017.09730472541,-1022.92251450847,1444.05030216791
"2018-04-29 05:00:00",427,336.489942762911,-470.04346813278,1143.0233536586,-896.996465575282,1569.97635110111
"2018-04-29 06:00:00",839,525.419258953421,-281.11415194227,1331.95266984911,-708.067149384772,1758.90566729162
"2018-04-29 07:00:00",1397,668.34520166146,-138.188209234231,1474.87861255715,-565.141206676734,1901.83160999965
"2018-04-29 08:00:00",2153,709.658919017908,-96.8744918777833,1516.1923299136,-523.827489320286,1943.1453273561
"2018-04-29 09:00:00",3258,1020.10871814037,213.575307244682,1826.64212903606,-213.377690197821,2253.59512647857
"2018-04-29 10:00:00",3848,1529.48836573379,722.954954838102,2336.02177662948,296.001957395599,2762.97477407199
"2018-04-29 11:00:00",4381,1829.7875767369,1023.25416584121,2636.32098763259,596.30116839871,3063.2739850751
"2018-04-29 12:00:00",4886,2067.92321274408,1261.38980184839,2874.45662363977,834.436804405886,3301.40962108227
"2018-04-29 13:00:00",4828,2237.144605108,1430.61119421231,3043.67801600369,1003.6581967698,3470.63101344619
"2018-04-29 14:00:00",4715,2438.26638547085,1631.73297457516,3244.79979636654,1204.77997713266,3671.75279380905
"2018-04-29 15:00:00",4570,2202.29902941724,1395.76561852155,3008.83244031293,968.812621079049,3435.78543775544
"2018-04-29 16:00:00",4886,2141.47720832196,1334.94379742627,2948.01061921766,907.990799983771,3374.96361666016
"2018-04-29 17:00:00",4390,1881.51321952677,1074.97980863108,2688.04663042246,648.026811188576,3114.99962786496
"2018-04-29 18:00:00",3903,1696.66370035094,890.130289455244,2503.19711124663,463.177292012742,2930.15010868913
"2018-04-29 19:00:00",3351,1444.09504248529,637.561631589602,2250.62845338098,210.6086341471,2677.58145082349
"2018-04-29 20:00:00",3026,1668.95493541918,862.421524523493,2475.48834631488,435.46852708099,2902.44134375738
"2018-04-29 21:00:00",2367,2845.02853912518,2038.49512822949,3651.56195002087,1611.54213078699,4078.51494746337
"2018-04-29 22:00:00",1703,1239.88918128065,433.355770384958,2046.42259217634,6.40277294245493,2473.37558961884
"2018-04-29 23:00:00",1035,742.713064587911,-63.8203463077799,1549.2464754836,-490.773343750283,1976.19947292611
"2018-04-30 00:00:00",541,423.605303499201,-382.92810739649,1230.13871439489,-809.881104838993,1657.09171183739
"2018-04-30 01:00:00",327,284.450991336647,-522.082419559044,1090.98440223234,-949.035417001546,1517.93739967484
"2018-04-30 02:00:00",275,283.375889524037,-523.157521371654,1089.90930041973,-950.110518814157,1516.86229786223
"2018-04-30 03:00:00",355,373.334908735691,-433.19850216,1179.86831963138,-860.151499602503,1606.82131707388
"2018-04-30 04:00:00",891,804.760091529305,-1.7733193663862,1611.293502425,-428.726316808889,2038.2464998675
"2018-04-30 05:00:00",2871,2274.19453513898,1467.66112424329,3080.72794603467,1040.70812680078,3507.68094347717
"2018-04-30 06:00:00",5730,4389.65206448151,3583.11865358582,5196.1854753772,3156.16565614331,5623.1384728197
"2018-04-30 07:00:00",6633,4988.65402870457,4182.12061780888,5795.18743960026,3755.16762036638,6222.14043704277
"2018-04-30 08:00:00",5724,4499.29797974041,3692.76456884472,5305.8313906361,3265.81157140222,5732.78438807861
"2018-04-30 09:00:00",5171,4081.5094514264,3274.97604053071,4888.0428623221,2848.02304308821,5314.9958597646
"2018-04-30 10:00:00",4523,3642.80564658784,2836.27223569215,4449.33905748354,2409.31923824965,4876.29205492604
"2018-04-30 11:00:00",4619,3886.63151232631,3080.09810143062,4693.164923222,2653.14510398811,5120.1179206645
"2018-04-30 12:00:00",4825,4175.80042777399,3369.2670168783,4982.33383866968,2942.3140194358,5409.28683611219
"2018-04-30 13:00:00",4837,4147.5118139863,3340.97840309061,4954.045224882,2914.02540564811,5380.9982223245
"2018-04-30 14:00:00",5147,4425.02503152111,3618.49162062542,5231.5584424168,3191.53862318292,5658.5114398593
"2018-04-30 15:00:00",5792,4980.31506847532,4173.78165757963,5786.84847937101,3746.82866013712,6213.80147681351
"2018-04-30 16:00:00",6901,5826.27651639095,5019.74310549526,6632.80992728664,4592.79010805276,7059.76292472914
"2018-04-30 17:00:00",6184,5605.34329691471,4798.80988601902,6411.8767078104,4371.85688857652,6838.8297052529
"2018-04-30 18:00:00",4568,4094.26549069095,3287.73207979526,4900.79890158664,2860.77908235276,5327.75189902914
"2018-04-30 19:00:00",3259,3012.2098402685,2205.67642937281,3818.74325116419,1778.7234319303,4245.69624860669
"2018-04-30 20:00:00",2673,2589.02848534744,1782.49507445175,3395.56189624313,1355.54207700924,3822.51489368563
"2018-04-30 21:00:00",2329,2132.62060044575,1326.08718955005,2939.15401134144,899.134192107553,3366.10700878394
"2018-04-30 22:00:00",1594,1516.02826727952,709.494856383832,2322.56167817521,282.54185894133,2749.51467561772
"2018-04-30 23:00:00",1061,1004.84036524685,198.306954351155,1811.37377614254,-228.646043091348,2238.32677358504
"2018-05-01 00:00:00",576,561.204754648061,-245.32865624763,1367.73816554375,-672.281653690132,1794.69116298626
"2018-05-01 01:00:00",395,362.552292443896,-443.981118451795,1169.08570333959,-870.934115894298,1596.03870078209
"2018-05-01 02:00:00",275,297.494677883854,-509.038733011837,1104.02808877955,-935.991730454339,1530.98108622205
"2018-05-01 03:00:00",370,383.91144415801,-422.621966737681,1190.4448550537,-849.574964180184,1617.3978524962
"2018-05-01 04:00:00",916,934.825022316863,128.291611421172,1741.35843321255,-298.661386021331,2168.31143065506
"2018-05-01 05:00:00",2893,2879.56978942577,2073.03637853008,3686.10320032146,1646.08338108757,4113.05619776396
"2018-05-01 06:00:00",5653,5552.63777499379,4746.1043640981,6359.17118588948,4319.1513666556,6786.12418333199
"2018-05-01 07:00:00",6046,6210.11606530757,5403.58265441188,7016.64947620326,4976.62965696938,7443.60247364577
"2018-05-01 08:00:00",6140,5918.14113398866,5111.60772309297,6724.67454488436,4684.65472565047,7151.62754232686
"2018-05-01 09:00:00",5420,5703.38337703075,4896.84996613506,6509.91678792645,4469.89696869256,6936.86978536895
"2018-05-01 10:00:00",4468,4462.66582321701,3656.13241232132,5269.19923411271,3229.17941487882,5696.15223155521
"2018-05-01 11:00:00",4473,4708.42154008323,3901.88812918754,5514.95495097892,3474.93513174504,5941.90794842143
"2018-05-01 12:00:00",5111,4979.47934431033,4172.94593341463,5786.01275520602,3745.99293597213,6212.96575264852
"2018-05-01 13:00:00",4988,4939.98636579225,4133.45295489655,5746.51977668794,3706.49995745405,6173.47277413044
"2018-05-01 14:00:00",4926,5246.96934330831,4440.43593241262,6053.502754204,4013.48293497012,6480.4557516465
"2018-05-01 15:00:00",5802,5860.48252296637,5053.94911207068,6667.01593386207,4626.99611462818,7093.96893130457
"2018-05-01 16:00:00",6900,6684.06231225962,5877.52890136393,7490.59572315531,5450.57590392143,7917.54872059781
"2018-05-01 17:00:00",6410,6270.46540571562,5463.93199481993,7076.99881661131,5036.97899737743,7503.95181405381
"2018-05-01 18:00:00",4866,4824.48615719782,4017.95274630213,5631.01956809351,3590.99974885963,6057.97256553601
"2018-05-01 19:00:00",3411,3478.43705387856,2671.90364298287,4284.97046477425,2244.95064554036,4711.92346221675
"2018-05-01 20:00:00",2907,2879.75048019433,2073.21706929864,3686.28389109002,1646.26407185614,4113.23688853252
"2018-05-01 21:00:00",2287,3429.96419118227,2623.43078028658,4236.49760207796,2196.47778284408,4663.45059952047
"2018-05-01 22:00:00",1438,3310.94902846247,2504.41561756678,4117.48243935816,2077.46262012427,4544.43543680066
"2018-05-01 23:00:00",1093,1309.8209043888,503.287493493109,2116.35431528449,76.3344960506063,2543.30731272699
"2018-05-02 00:00:00",517,838.627764666269,32.0943537705782,1645.16117556196,-394.858643671924,2072.11417300446
"2018-05-02 01:00:00",324,619.967635595107,-186.565775300584,1426.5010464908,-613.518772743087,1853.4540439333
"2018-05-02 02:00:00",253,456.875321354848,-349.658089540843,1263.40873225054,-776.611086983346,1690.36172969304
"2018-05-02 03:00:00",351,537.29759109326,-269.235819802431,1343.83100198895,-696.188817244934,1770.78399943145
"2018-05-02 04:00:00",915,987.095484685189,180.562073789498,1793.62889558088,-246.390923653004,2220.58189302338
"2018-05-02 05:00:00",2959,2998.01430053063,2191.48088963494,3804.54771142632,1764.52789219244,4231.50070886883
"2018-05-02 06:00:00",5910,5954.93311637608,5148.39970548039,6761.46652727177,4721.44670803788,7188.41952471427
"2018-05-02 07:00:00",6606,6896.31292467126,6089.77951377557,7702.84633556696,5662.82651633307,8129.79933300946
"2018-05-02 08:00:00",5676,6638.29973555396,5831.76632465827,7444.83314644965,5404.81332721577,7871.78614389215
"2018-05-02 09:00:00",5638,5403.58593912652,4597.05252823083,6210.11935002221,4170.09953078832,6637.07234746471
"2018-05-02 10:00:00",4815,4776.85175176161,3970.31834086592,5583.3851626573,3543.36534342341,6010.3381600998
"2018-05-02 11:00:00",4999,4850.00953709426,4043.47612619857,5656.54294798995,3616.52312875607,6083.49594543245
"2018-05-02 12:00:00",5088,5049.68295004957,4243.14953915387,5856.21636094526,3816.19654171137,6283.16935838776
"2018-05-02 13:00:00",5034,5033.90123456508,4227.36782366939,5840.43464546077,3800.41482622688,6267.38764290327
"2018-05-02 14:00:00",5179,5457.02729960716,4650.49388871146,6263.56071050285,4223.54089126896,6690.51370794535
"2018-05-02 15:00:00",5913,5853.05853593384,5046.52512503815,6659.59194682953,4619.57212759565,7086.54494427204
"2018-05-02 16:00:00",6935,7041.1882635956,6234.65485269991,7847.72167449129,5807.7018552574,8274.67467193379
"2018-05-02 17:00:00",6291,6477.15477843965,5670.62136754396,7283.68818933534,5243.66837010146,7710.64118677785
"2018-05-02 18:00:00",4763,4689.89928923979,3883.3658783441,5496.43270013548,3456.4128809016,5923.38569757799
"2018-05-02 19:00:00",3518,3399.89431733027,2593.36090643458,4206.42772822596,2166.40790899207,4633.38072566846
"2018-05-02 20:00:00",3114,3060.74281332899,2254.2094024333,3867.27622422468,1827.2564049908,4294.22922166718
"2018-05-02 21:00:00",2634,2621.12841925566,1814.59500835997,3427.66183015135,1387.64201091747,3854.61482759385
"2018-05-02 22:00:00",1721,1762.88256103314,956.349150137446,2569.41597192883,529.396152694943,2996.36896937133
"2018-05-02 23:00:00",1074,1121.81250696428,315.279096068593,1928.34591785998,-111.67390137391,2355.29891530248
"2018-05-03 00:00:00",591,591.047235212238,-215.486175683453,1397.58064610793,-642.439173125956,1824.53364355043
"2018-05-03 01:00:00",373,380.981764119852,-425.55164677584,1187.51517501554,-852.504644218342,1614.46817245805
"2018-05-03 02:00:00",259,311.519851181317,-495.013559714374,1118.05326207701,-921.966557156877,1545.00625951951
"2018-05-03 03:00:00",345,386.754199833955,-419.779211061736,1193.28761072965,-846.732208504238,1620.24060817215
"2018-05-03 04:00:00",937,934.745688591945,128.212277696254,1741.27909948764,-298.740719746248,2168.23209693014
"2018-05-03 05:00:00",3025,2908.41028680127,2101.87687590558,3714.94369769696,1674.92387846308,4141.89669513946
"2018-05-03 06:00:00",5893,5748.16602258594,4941.63261169025,6554.69943348163,4514.67961424775,6981.65243092414
"2018-05-03 07:00:00",6457,6494.14179828176,5687.60838738607,7300.67520917745,5260.65538994357,7727.62820661995
"2018-05-03 08:00:00",6084,6079.24000492034,5272.70659402465,6885.77341581603,4845.75359658215,7312.72641325853
"2018-05-03 09:00:00",5289,5879.33758512522,5072.80417422953,6685.87099602091,4645.85117678703,7112.82399346342
"2018-05-03 10:00:00",4763,4899.55325079704,4093.01983990135,5706.08666169273,3666.06684245885,6133.03965913523
"2018-05-03 11:00:00",4987,5067.26378300761,4260.73037211191,5873.7971939033,3833.77737466941,6300.7501913458
"2018-05-03 12:00:00",5210,5034.01085587472,4227.47744497902,5840.54426677041,3800.52444753652,6267.49726421291
"2018-05-03 13:00:00",5332,5116.72850394465,4310.19509304895,5923.26191484034,3883.24209560645,6350.21491228284
"2018-05-03 14:00:00",5462,5451.28803081983,4644.75461992414,6257.82144171552,4217.80162248164,6684.77443915803
"2018-05-03 15:00:00",6103,6156.85867409427,5350.32526319858,6963.39208498996,4923.37226575608,7390.34508243247
"2018-05-03 16:00:00",6977,7150.38733897044,6343.85392807475,7956.92074986613,5916.90093063225,8383.87374730863
"2018-05-03 17:00:00",6630,6765.63034077235,5959.09692987665,7572.16375166804,5532.14393243415,7999.11674911054
"2018-05-03 18:00:00",5019,5019.15087258388,4212.61746168819,5825.68428347958,3785.66446424569,6252.63728092208
"2018-05-03 19:00:00",3664,3670.53120822732,2863.99779733163,4477.06461912302,2437.04479988913,4904.01761656552
"2018-05-03 20:00:00",3325,3061.69037065649,2255.1569597608,3868.22378155219,1828.2039623183,4295.17677899469
"2018-05-03 21:00:00",2716,2774.55620583622,1968.02279494053,3581.08961673191,1541.06979749803,4008.04261417442
"2018-05-03 22:00:00",1918,2058.81951999362,1252.28610909792,2865.35293088931,825.333111655422,3292.30592833181
"2018-05-03 23:00:00",1308,1175.39123171118,368.85782081549,1981.92464260687,-58.0951766270123,2408.87764004938
"2018-05-04 00:00:00",655,668.826649823071,-137.70676107262,1475.36006071876,-564.659758515123,1902.31305816126
"2018-05-04 01:00:00",393,406.393140949011,-400.14026994668,1212.9265518447,-827.093267389183,1639.87954928721
"2018-05-04 02:00:00",338,337.665398707381,-468.86801218831,1144.19880960307,-895.821009630812,1571.15180704558
"2018-05-04 03:00:00",409,389.922498059602,-416.610912836089,1196.45590895529,-843.563910278592,1623.4089063978
"2018-05-04 04:00:00",882,881.747743904435,75.2143330087436,1688.28115480013,-351.738664433759,2115.23415224263
"2018-05-04 05:00:00",2841,2748.79265428716,1942.25924339147,3555.32606518285,1515.30624594897,3982.27906262535
"2018-05-04 06:00:00",5503,5444.42883627783,4637.89542538213,6250.96224717352,4210.94242793963,6677.91524461602
"2018-05-04 07:00:00",6587,6604.37398129735,5797.84057040166,7410.90739219304,5370.88757295916,7837.86038963554
"2018-05-04 08:00:00",5771,5944.84024857469,5138.306837679,6751.37365947038,4711.35384023649,7178.32665691288
"2018-05-04 09:00:00",5156,5259.05857961395,4452.52516871826,6065.59199050964,4025.57217127575,6492.54498795214
"2018-05-04 10:00:00",4982,4880.97504584111,4074.44163494542,5687.5084567368,3647.48863750292,6114.4614541793
"2018-05-04 11:00:00",5275,5266.90021512127,4460.36680422558,6073.43362601696,4033.41380678308,6500.38662345946
"2018-05-04 12:00:00",5528,5356.55437093039,4550.0209600347,6163.08778182609,4123.0679625922,6590.04077926859
"2018-05-04 13:00:00",5557,5197.43001933407,4390.89660843838,6003.96343022976,3963.94361099587,6430.91642767226
"2018-05-04 14:00:00",5869,5374.72365453988,4568.19024364419,6181.25706543557,4141.23724620169,6608.21006287808
"2018-05-04 15:00:00",6262,5996.79346615259,5190.26005525689,6803.32687704828,4763.30705781439,7230.27987449078
"2018-05-04 16:00:00",6662,6741.5411367425,5935.00772584681,7548.0745476382,5508.05472840431,7975.0275450807
"2018-05-04 17:00:00",6014,5707.08201784298,4900.54860694729,6513.61542873867,4473.59560950479,6940.56842618118
"2018-05-04 18:00:00",5024,4187.05267172638,3380.51926083069,4993.58608262207,2953.56626338819,5420.53908006457
"2018-05-04 19:00:00",4000,2913.58539467198,2107.05198377629,3720.11880556768,1680.09898633379,4147.07180301018
"2018-05-04 20:00:00",3541,2330.34321321407,1523.80980231837,3136.87662410976,1096.85680487587,3563.82962155226
"2018-05-04 21:00:00",3323,2162.56740036053,1356.03398946484,2969.10081125622,929.08099202234,3396.05380869873
"2018-05-04 22:00:00",2718,1817.13470358775,1010.60129269206,2623.66811448344,583.648295249556,3050.62111192594
"2018-05-04 23:00:00",2103,1177.53710957301,371.003698677321,1984.0705204687,-55.9492987651818,2411.02351791121
"2018-05-05 00:00:00",1446,659.447722728277,-147.085688167414,1465.98113362397,-574.038685609917,1892.93413106647
"2018-05-05 01:00:00",691,471.225930180535,-335.307480715156,1277.75934107623,-762.260478157659,1704.71233851873
"2018-05-05 02:00:00",518,431.158759833598,-375.374651062093,1237.69217072929,-802.327648504596,1664.64516817179
"2018-05-05 03:00:00",345,343.077273299058,-463.456137596633,1149.61068419475,-890.409135039136,1576.56368163725
"2018-05-05 04:00:00",399,334.021103920316,-472.512306975375,1140.55451481601,-899.465304417878,1567.50751225851
"2018-05-05 05:00:00",687,569.857329130508,-236.676081765183,1376.3907400262,-663.629079207686,1803.3437374687
"2018-05-05 06:00:00",1382,1019.69569330301,213.162282407318,1826.2291041987,-213.790715035184,2253.1821016412
"2018-05-05 07:00:00",2248,1339.45795868796,532.924547792269,2145.99136958365,105.971550349767,2572.94436702615
"2018-05-05 08:00:00",3095,1532.40181151244,725.868400616749,2338.93522240813,298.915403174246,2765.88821985063
"2018-05-05 09:00:00",3848,1793.82112076739,987.287709871698,2600.35453166308,560.334712429195,3027.30752910558
"2018-05-05 10:00:00",3915,2027.8012173603,1221.26780646461,2834.33462825599,794.314809022107,3261.28762569849
"2018-05-05 11:00:00",4280,2167.26818571007,1360.73477481438,2973.80159660576,933.781777371873,3400.75459404826
"2018-05-05 12:00:00",4775,2161.60548295007,1355.07207205437,2968.13889384576,928.119074611871,3395.09189128826
"2018-05-05 13:00:00",4730,2001.84624957389,1195.3128386782,2808.37966046958,768.359841235695,3235.33265791208
"2018-05-05 14:00:00",4394,1857.0210492426,1050.48763834691,2663.55446013829,623.534640904408,3090.5074575808
"2018-05-05 15:00:00",4699,1926.69780963673,1120.16439874104,2733.23122053242,693.211401298538,3160.18421797493
"2018-05-05 16:00:00",4580,1501.73057669644,695.197165800745,2308.26398759213,268.244168358242,2735.21698503463
"2018-05-05 17:00:00",4539,1522.7838736838,716.250462788106,2329.31728457949,289.297465345603,2756.27028202199
"2018-05-05 18:00:00",4156,1104.31987439613,297.786463500443,1910.85328529183,-129.166533942059,2337.80628273433
"2018-05-05 19:00:00",3146,916.010397578911,109.47698668322,1722.5438084746,-317.476010759283,2149.49680591711
"2018-05-05 20:00:00",2767,652.688516468273,-153.844894427418,1459.22192736396,-580.797891869921,1886.17492480647
"2018-05-05 21:00:00",2922,761.288411315652,-45.244999580039,1567.82182221134,-472.197997022542,1994.77481965385
"2018-05-05 22:00:00",3145,648.914817212082,-157.618593683609,1455.44822810777,-584.571591126112,1882.40122555028
"2018-05-05 23:00:00",2432,580.589546419672,-225.943864476019,1387.12295731536,-652.896861918522,1814.07595475787
"2018-05-06 00:00:00",1674,407.416144285462,-399.117266610229,1213.94955518115,-826.070264052732,1640.90255262366
"2018-05-06 01:00:00",784,313.228319124012,-493.305091771679,1119.7617300197,-920.258089214181,1546.71472746221
"2018-05-06 02:00:00",509,252.070595182676,-554.462815713016,1058.60400607837,-981.415813155518,1485.55700352087
"2018-05-06 03:00:00",346,194.495437893036,-612.037973002655,1001.02884878873,-1038.99097044516,1427.98184623123
"2018-05-06 04:00:00",269,218.390723298235,-588.142687597456,1024.92413419393,-1015.09568503996,1451.87713163643
"2018-05-06 05:00:00",459,354.874956064132,-451.658454831559,1161.40836695982,-878.611452274061,1588.36136440233
"2018-05-06 06:00:00",998,543.770881997525,-262.762528898166,1350.30429289322,-689.715526340669,1777.25729033572
"2018-05-06 07:00:00",1332,686.675219245076,-119.858191650615,1493.20863014077,-546.811189093117,1920.16162758327
"2018-05-06 08:00:00",2390,708.103122080142,-98.4302888155489,1514.63653297583,-525.383286258052,1941.58953041834
"2018-05-06 09:00:00",3000,1038.58604568186,232.052634786167,1845.11945657755,-194.900362656335,2272.07245402005
"2018-05-06 10:00:00",3568,1548.10972967853,741.576318782837,2354.64314057422,314.623321340335,2781.59613801672
"2018-05-06 11:00:00",3914,1838.03604004039,1031.5026291447,2644.56945093608,604.549631702193,3071.52244837858
"2018-05-06 12:00:00",4053,2081.76924690427,1275.23583600858,2888.30265779996,848.282838566078,3315.25565524247
"2018-05-06 13:00:00",4237,2256.16337858352,1449.62996768783,3062.69678947921,1022.67697024532,3489.64978692171
"2018-05-06 14:00:00",4295,2452.23550528473,1645.70209438904,3258.76891618042,1218.74909694654,3685.72191362292
"2018-05-06 15:00:00",4332,2221.43368672629,1414.9002758306,3027.96709762198,987.947278388094,3454.92009506448
"2018-05-06 16:00:00",4181,2140.69855325082,1334.16514235513,2947.23196414652,907.212144912631,3374.18496158902
"2018-05-06 17:00:00",3739,1900.68977833494,1094.15636743925,2707.22318923063,667.203369996748,3134.17618667313
"2018-05-06 18:00:00",3778,1715.83960444818,909.306193552492,2522.37301534387,482.35319610999,2949.32601278638
"2018-05-06 19:00:00",3041,1463.24082988004,656.707418984353,2269.77424077574,229.75442154185,2696.72723821824
"2018-05-06 20:00:00",2658,1688.07977206437,881.54636116868,2494.61318296006,454.593363726177,2921.56618040256
"2018-05-06 21:00:00",2350,2863.97398497723,2057.44057408154,3670.50739587292,1630.48757663903,4097.46039331542
"2018-05-06 22:00:00",1717,1248.15073880261,441.617327906918,2054.6841496983,14.6643304644158,2481.6371471408
"2018-05-06 23:00:00",1248,750.940577141831,-55.5928337538601,1557.47398803752,-482.545831196363,1984.42698548002
"2018-05-07 00:00:00",597,431.780439179212,-374.75297171648,1238.3138500749,-801.705969158982,1665.26684751741
"2018-05-07 01:00:00",353,292.59601031416,-513.937400581531,1099.12942120985,-940.890398024033,1526.08241865235
"2018-05-07 02:00:00",244,291.480971135194,-515.052439760497,1098.01438203089,-942.005437202999,1524.96737947339
"2018-05-07 03:00:00",326,381.405290667883,-425.128120227808,1187.93870156357,-852.081117670311,1614.89169900608
"2018-05-07 04:00:00",875,812.791190806066,6.25777991037455,1619.32460170176,-420.695217532128,2046.27759914426
"2018-05-07 05:00:00",2729,2282.20402895525,1475.67061805956,3088.73743985094,1048.71762061706,3515.69043729345
"2018-05-07 06:00:00",5780,4408.16932938935,3601.63591849366,5214.70274028504,3174.68292105116,5641.65573772754
"2018-05-07 07:00:00",6339,5002.05224059284,4195.51882969715,5808.58565148853,3768.56583225465,6235.53864893103
"2018-05-07 08:00:00",5793,4517.98219593384,3711.44878503815,5324.51560682953,3284.49578759565,5751.46860427203
"2018-05-07 09:00:00",4932,4100.33901344493,3293.80560254924,4906.87242434062,2866.85260510673,5333.82542178312
"2018-05-07 10:00:00",4369,3660.74117687721,2854.20776598151,4467.2745877729,2427.25476853901,4894.2275852154
"2018-05-07 11:00:00",4608,3905.7511112841,3099.21770038841,4712.28452217979,2672.26470294591,5139.2375196223
"2018-05-07 12:00:00",4792,4195.07061024428,3388.53719934859,5001.60402113997,2961.58420190608,5428.55701858247
"2018-05-07 13:00:00",4815,4166.83895630696,3360.30554541127,4973.37236720266,2933.35254796877,5400.32536464516
"2018-05-07 14:00:00",4969,4444.73117561848,3638.19776472279,5251.26458651417,3211.24476728028,5678.21758395667
"2018-05-07 15:00:00",5799,4997.93067266754,4191.39726177185,5804.46408356323,3764.44426432934,6231.41708100573
"2018-05-07 16:00:00",6663,5835.26676717117,5028.73335627548,6641.80017806686,4601.78035883298,7068.75317550936
"2018-05-07 17:00:00",6197,5614.32503645292,4807.79162555723,6420.85844734861,4380.83862811473,6847.81144479111
"2018-05-07 18:00:00",4502,4103.24395667454,3296.71054577885,4909.77736757023,2869.75754833635,5336.73036501273
"2018-05-07 19:00:00",3292,3031.67905485964,2225.14564396394,3838.21246575533,1798.19264652144,4265.16546319783
"2018-05-07 20:00:00",2791,2597.93100486386,1791.39759396817,3404.46441575955,1364.44459652567,3831.41741320206
"2018-05-07 21:00:00",2494,2151.85870208076,1345.32529118507,2958.39211297645,918.372293742568,3385.34511041896
"2018-05-07 22:00:00",1591,1535.09679878526,728.563387889567,2341.63020968095,301.610390447064,2768.58320712345
"2018-05-07 23:00:00",1010,1023.90889675258,217.375485856889,1830.44230764827,-209.577511585614,2257.39530509077
"2018-05-08 00:00:00",585,580.215671592496,-226.317739303195,1386.74908248819,-653.270736745698,1813.70207993069
"2018-05-08 01:00:00",356,381.506249537954,-425.027161357737,1188.03966043364,-851.98015880024,1614.99265787615
"2018-05-08 02:00:00",264,316.365486690582,-490.167924205109,1122.89889758627,-917.120921647612,1549.85189502878
"2018-05-08 03:00:00",331,402.790764206748,-403.742646688943,1209.32417510244,-830.695644131446,1636.27717254494
"2018-05-08 04:00:00",868,953.720055427773,147.186644532082,1760.25346632346,-279.76635291042,2187.20646376597
"2018-05-08 05:00:00",2849,2887.93413656278,2081.40072566708,3694.46754745847,1654.44772822458,4121.42054490097
"2018-05-08 06:00:00",5958,5560.93534161656,4754.40193072087,6367.46875251226,4327.44893327837,6794.42174995476
"2018-05-08 07:00:00",6651,6228.8880127648,5422.3546018691,7035.42142366049,4995.4016044266,7462.37442110299
"2018-05-08 08:00:00",6203,5926.42495168204,5119.89154078635,6732.95836257773,4692.93854334384,7159.91136002023
"2018-05-08 09:00:00",5428,5722.29739675846,4915.76398586277,6528.83080765415,4488.81098842026,6955.78380509665
"2018-05-08 10:00:00",4500,4457.63530370759,3651.1018928119,5264.16871460328,3224.14889536939,5691.12171204578
"2018-05-08 11:00:00",4614,4703.40018652674,3896.86677563105,5509.93359742243,3469.91377818855,5936.88659486493
"2018-05-08 12:00:00",4601,4987.90457956325,4181.37116866756,5794.43799045894,3754.41817122506,6221.39098790145
"2018-05-08 13:00:00",4583,4934.82621351989,4128.2928026242,5741.35962441559,3701.3398051817,6168.31262185809
"2018-05-08 14:00:00",5196,5245.83190665089,4439.2984957552,6052.36531754658,4012.3454983127,6479.31831498909
"2018-05-08 15:00:00",5855,5855.31778771755,5048.78437682186,6661.85119861325,4621.83137937936,7088.80419605575
"2018-05-08 16:00:00",6578,6678.92376544776,5872.39035455206,7485.45717634345,5445.43735710956,7912.41017378595
"2018-05-08 17:00:00",6279,6265.34126254408,5458.80785164839,7071.87467343977,5031.85485420589,7498.82767088228
"2018-05-08 18:00:00",4545,4832.78045026597,4026.24703937028,5639.31386116166,3599.29404192778,6066.26685860417
"2018-05-08 19:00:00",3274,3486.66718527617,2680.13377438048,4293.20059617186,2253.18077693798,4720.15359361437
"2018-05-08 20:00:00",3044,2887.94525720206,2081.41184630637,3694.47866809775,1654.45884886386,4121.43166554025
"2018-05-08 21:00:00",2334,3448.64775266477,2642.11434176908,4255.18116356047,2215.16134432658,4682.13416100297
"2018-05-08 22:00:00",1513,3319.11696232231,2512.58355142662,4125.65037321801,2085.63055398412,4552.60337066051
"2018-05-08 23:00:00",1027,1328.49202636375,521.958615468058,2135.02543725944,95.0056180255553,2561.97843470194
"2018-05-09 00:00:00",516,833.302625241103,26.7692143454121,1639.83603613679,-400.183783097091,2066.7890335793
"2018-05-09 01:00:00",319,617.276294445481,-189.25711645021,1423.80970534117,-616.210113892713,1850.76270278367
"2018-05-09 02:00:00",261,450.927703537505,-355.605707358186,1257.4611144332,-782.558704800689,1684.4141118757
"2018-05-09 03:00:00",340,531.808119226204,-274.725291669487,1338.3415301219,-701.67828911199,1765.2945275644
"2018-05-09 04:00:00",885,1005.61209488211,199.078683986416,1812.1455057778,-227.874313456087,2239.0985032203
"2018-05-09 05:00:00",2881,3005.94064605958,2199.40723516388,3812.47405695527,1772.45423772138,4239.42705439777
"2018-05-09 06:00:00",6008,5962.82410751513,5156.29069661944,6769.35751841082,4729.33769917694,7196.31051585332
"2018-05-09 07:00:00",6523,6890.70756897068,6084.17415807499,7697.24097986638,5657.22116063249,8124.19397730888
"2018-05-09 08:00:00",6254,6646.20382091149,5839.6704100158,7452.73723180718,5412.7174125733,7879.69022924968
"2018-05-09 09:00:00",5210,5398.03754327631,4591.50413238062,6204.57095417201,4164.55113493812,6631.52395161451
"2018-05-09 10:00:00",4720,4771.33871030129,3964.8052994056,5577.87212119698,3537.8523019631,6004.82511863949
"2018-05-09 11:00:00",4693,4844.57244210111,4038.03903120542,5651.1058529968,3611.08603376292,6078.05885043931
"2018-05-09 12:00:00",4840,5044.29168482109,4237.7582739254,5850.82509571678,3810.8052764829,6277.77809315928
"2018-05-09 13:00:00",4933,5042.01548212917,4235.48207123348,5848.54889302486,3808.52907379098,6275.50189046736
"2018-05-09 14:00:00",5109,5475.67485198885,4669.14144109316,6282.20826288454,4242.18844365065,6709.16126032704
"2018-05-09 15:00:00",6159,5847.69345914232,5041.16004824663,6654.22687003801,4614.20705080413,7081.17986748052
"2018-05-09 16:00:00",6844,7035.82776978054,6229.29435888485,7842.36118067623,5802.34136144235,8269.31417811874
"2018-05-09 17:00:00",6436,6471.81130710862,5665.27789621293,7278.34471800431,5238.32489877042,7705.29771544681
"2018-05-09 18:00:00",4768,4688.64073106146,3882.10732016577,5495.17414195715,3455.15432272327,5922.12713939965
"2018-05-09 19:00:00",3511,3398.66587585443,2592.13246495874,4205.19928675012,2165.17946751624,4632.15228419263
"2018-05-09 20:00:00",3287,3059.54056029011,2253.00714939442,3866.0739711858,1826.05415195192,4293.0269686283
"2018-05-09 21:00:00",2734,2629.28194947518,1822.74853857949,3435.81536037087,1395.79554113699,3862.76835781338
"2018-05-09 22:00:00",1736,1781.44369157288,974.910280677186,2587.97710246857,547.957283234683,3014.93009991107
"2018-05-09 23:00:00",1466,1140.29048921669,333.757078321002,1946.82390011238,-93.1959191215005,2373.77689755489
"2018-05-10 00:00:00",633,604.355096993013,-202.178313902678,1410.8885078887,-629.13131134518,1837.84150533121
"2018-05-10 01:00:00",364,399.694057034795,-406.839353860896,1206.22746793049,-833.792351303398,1633.18046537299
"2018-05-10 02:00:00",270,309.892036041926,-496.641374853765,1116.42544693762,-923.594372296267,1543.37844438012
"2018-05-10 03:00:00",374,385.165667349997,-421.367743545695,1191.69907824569,-848.320740988197,1618.65207568819
"2018-05-10 04:00:00",928,933.12900353826,126.595592642569,1739.66241443395,-300.357404799933,2166.61541187645
"2018-05-10 05:00:00",2881,2906.71045346025,2100.17704256456,3713.24386435594,1673.22404512206,4140.19686179845
"2018-05-10 06:00:00",5840,5761.18908511484,4954.65567421915,6567.72249601053,4527.70267677665,6994.67549345303
"2018-05-10 07:00:00",6197,6512.20534851936,5705.67193762367,7318.73875941506,5278.71894018117,7745.69175685756
"2018-05-10 08:00:00",5690,6097.29438920501,5290.76097830932,6903.8278001007,4863.80798086682,7330.7807975432
"2018-05-10 09:00:00",5568,5897.44238215103,5090.90897125534,6703.97579304672,4663.95597381284,7130.92879048922
"2018-05-10 10:00:00",4691,4917.74774321942,4111.21433232373,5724.28115411511,3684.26133488122,6151.23415155761
"2018-05-10 11:00:00",5120,5085.5604103341,4279.02699943841,5892.0938212298,3852.07400199591,6319.0468186723
"2018-05-10 12:00:00",5268,5052.36640718436,4245.83299628867,5858.89981808005,3818.87999884617,6285.85281552256
"2018-05-10 13:00:00",5140,5135.17440536178,4328.64099446609,5941.70781625748,3901.68799702359,6368.66081369998
"2018-05-10 14:00:00",5599,5449.83240465342,4643.29899375773,6256.36581554911,4216.34599631523,6683.31881299161
"2018-05-10 15:00:00",6364,6155.44298529421,5348.90957439852,6961.97639618991,4921.95657695602,7388.92939363241
"2018-05-10 16:00:00",7074,7149.01355166951,6342.48014077382,7955.5469625652,5915.52714333132,8382.4999600077
"2018-05-10 17:00:00",6722,6784.17510353899,5977.6416926433,7590.70851443468,5550.6886952008,8017.66151187718
"2018-05-10 18:00:00",5110,5017.75875337708,4211.22534248139,5824.29216427278,3784.27234503889,6251.24516171528
"2018-05-10 19:00:00",3824,3689.06156735364,2882.52815645795,4495.59497824933,2455.57515901545,4922.54797569184
"2018-05-10 20:00:00",3310,3056.19238754743,2249.65897665174,3862.72579844312,1822.70597920923,4289.67879588562
"2018-05-10 21:00:00",2906,2769.0071552751,1962.4737443794,3575.54056617079,1535.5207469369,4002.49356361329
"2018-05-10 22:00:00",2014,2053.2187472695,1246.68533637381,2859.75215816519,819.732338931309,3286.7051556077
"2018-05-10 23:00:00",1287,1193.75594897376,387.222538078071,2000.28935986945,-39.7304593644312,2427.24235731196
"2018-05-11 00:00:00",660,687.16059567223,-119.372815223461,1493.69400656792,-546.325812665964,1920.64700401042
"2018-05-11 01:00:00",379,424.661615705784,-381.871795189907,1231.19502660148,-808.82479263241,1658.14802404398
"2018-05-11 02:00:00",302,355.929945198611,-450.60346569708,1162.4633560943,-877.556463139583,1589.4163535368
"2018-05-11 03:00:00",342,408.160856113877,-398.372554781814,1214.69426700957,-825.325552224317,1641.64726445207
"2018-05-11 04:00:00",814,899.965151209146,93.4317403134552,1706.49856210484,-333.521257129047,2133.45155954734
"2018-05-11 05:00:00",2640,2766.95637529612,1960.42296440042,3573.48978619181,1533.46996695792,4000.44278363431
"2018-05-11 06:00:00",5561,5462.57095182629,4656.0375409306,6269.10436272198,4229.0845434881,6696.05736016449
"2018-05-11 07:00:00",6472,6622.50234791642,5815.96893702073,7429.03575881211,5389.01593957822,7855.98875625461
"2018-05-11 08:00:00",5594,5962.96926990468,5156.43585900899,6769.50268080037,4729.48286156648,7196.45567824287
"2018-05-11 09:00:00",5189,5253.2208015354,4446.6873906397,6059.75421243109,4019.7343931972,6486.70720987359
"2018-05-11 10:00:00",4978,4875.17327686337,4068.63986596768,5681.70668775906,3641.68686852518,6108.65968520156
"2018-05-11 11:00:00",5292,5261.11612333847,4454.58271244278,6067.64953423417,4027.62971500028,6494.60253167667
"2018-05-11 12:00:00",5530,5350.82723899798,4544.29382810228,6157.36064989367,4117.34083065978,6584.31364733617
"2018-05-11 13:00:00",5323,5191.71139864366,4385.17798774797,5998.24480953935,3958.22499030547,6425.19780698185
"2018-05-11 14:00:00",5648,5369.01354509149,4562.48013419579,6175.54695598718,4135.52713675329,6602.49995342968
"2018-05-11 15:00:00",6354,5991.07091719663,5184.53750630094,6797.60432809233,4757.58450885844,7224.55732553483
"2018-05-11 16:00:00",6858,6735.80549356808,5929.27208267238,7542.33890446377,5502.31908522988,7969.29190190627
"2018-05-11 17:00:00",5773,5701.36928955089,4894.8358786552,6507.90270044658,4467.88288121269,6934.85569788908
"2018-05-11 18:00:00",5138,4181.37267898048,3374.83926808479,4987.90608987617,2947.88627064229,5414.85908731867
"2018-05-11 19:00:00",3863,2907.91456787902,2101.38115698333,3714.44797877471,1674.42815954083,4141.40097621721
"2018-05-11 20:00:00",3108,2324.66322046817,1518.12980957247,3131.19663136386,1091.17681212997,3558.14962880636
"2018-05-11 21:00:00",3134,2156.89133588018,1350.35792498449,2963.42474677587,923.404927541983,3390.37774421837
"2018-05-11 22:00:00",2436,1811.44947315446,1004.91606225877,2617.98288405015,577.963064816265,3044.93588149265
"2018-05-11 23:00:00",1740,1171.8184888826,365.285077986913,1978.3518997783,-61.6679194555898,2405.3048972208
"2018-05-12 00:00:00",1107,653.716007819392,-152.817403076299,1460.24941871508,-579.770400518802,1887.20241615759
"2018-05-12 01:00:00",642,465.489632295182,-341.043778600509,1272.02304319087,-767.996776043012,1698.97604063338
"2018-05-12 02:00:00",427,449.361763497985,-357.171647397706,1255.89517439368,-784.124644840209,1682.84817183618
"2018-05-12 03:00:00",482,361.224626534916,-445.308784360775,1167.75803743061,-872.261781803278,1594.71103487311
"2018-05-12 04:00:00",440,352.093820110854,-454.439590784837,1158.62723100654,-881.39258822734,1585.58022844905
"2018-05-12 05:00:00",809,587.924807633655,-218.608603262036,1394.45821852935,-645.561600704539,1821.41121597185
"2018-05-12 06:00:00",1428,1037.75400585322,231.220594957531,1844.28741674891,-195.732402484971,2271.24041419142
"2018-05-12 07:00:00",2113,1333.49251197926,526.959101083565,2140.02592287495,100.006103641062,2566.97892031745
"2018-05-12 08:00:00",3110,1530.57365483035,724.040243934656,2337.10706572604,297.087246492153,2764.06006316854
"2018-05-12 09:00:00",3792,1792.08527832556,985.55186742987,2598.61868922125,558.598869987367,3025.57168666375
"2018-05-12 10:00:00",4455,2026.22185082928,1219.68843993358,2832.75526172497,792.735442491082,3259.70825916747
"2018-05-12 11:00:00",4818,2185.73831143139,1379.2049005357,2992.27172232708,952.251903093196,3419.22471976958
"2018-05-12 12:00:00",5167,2156.17297093339,1349.63956003769,2962.70638182908,922.686562595192,3389.65937927158
"2018-05-12 13:00:00",4769,1996.46480500927,1189.93139411358,2802.99821590496,762.978396671077,3229.95121334746
"2018-05-12 14:00:00",4631,1851.67692320064,1045.14351230495,2658.21033409633,618.19051486245,3085.16333153884
"2018-05-12 15:00:00",4283,1945.36434863521,1138.83093773952,2751.89775953091,711.87794029702,3178.85075697341
"2018-05-12 16:00:00",4148,1496.37728470154,689.843873805853,2302.91069559723,262.89087636335,2729.86369303974
"2018-05-12 17:00:00",3972,1541.4399373075,734.906526411806,2347.97334820319,307.953528969304,2774.92634564569
"2018-05-12 18:00:00",3736,1112.43150311653,305.898092220839,1918.96491401222,-121.054905221663,2345.91791145472
"2018-05-12 19:00:00",3060,924.070958847246,117.537547951555,1730.60436974294,-309.415449490948,2157.55736718544
"2018-05-12 20:00:00",2718,660.656763496343,-145.876647399348,1467.19017439203,-572.829644841851,1894.14317183454
"2018-05-12 21:00:00",2727,769.211483289975,-37.3219276057157,1575.74489418567,-464.274925048219,2002.69789162817
"2018-05-12 22:00:00",2527,647.364257961707,-159.169152933984,1453.8976688574,-586.122150376487,1880.8506662999
"2018-05-12 23:00:00",2033,588.383640341994,-218.149770553697,1394.91705123768,-645.1027679962,1821.87004868019
"2018-05-13 00:00:00",1191,425.62438563724,-380.909025258451,1232.15779653293,-807.862022700954,1659.11079397543
"2018-05-13 01:00:00",756,331.316748376723,-475.216662518968,1137.85015927241,-902.169659961471,1564.80315671492
"2018-05-13 02:00:00",622,270.112539959792,-536.420870935899,1076.64595085548,-963.373868378402,1503.59894829799
"2018-05-13 03:00:00",353,212.502028280264,-594.031382615428,1019.03543917595,-1020.98438005793,1445.98843661846
"2018-05-13 04:00:00",342,236.372434670356,-570.160976225335,1042.90584556605,-997.113973667838,1469.85884300855
"2018-05-13 05:00:00",460,372.796434031258,-433.736976864433,1179.32984492695,-860.689974306936,1606.28284236945
"2018-05-13 06:00:00",868,561.681884589869,-244.851526305822,1368.21529548556,-671.804523748325,1795.16829292806
"2018-05-13 07:00:00",1304,704.639908133177,-101.893502762514,1511.17331902887,-528.846500205017,1938.12631647137
"2018-05-13 08:00:00",1965,726.27077135464,-80.2626395410509,1532.80418225033,-507.215636983554,1959.75717969283
"2018-05-13 09:00:00",3117,1036.97394360464,230.440532708949,1843.50735450033,-196.512464733553,2270.46035194283
"2018-05-13 10:00:00",3725,1546.59583423989,740.062423344199,2353.12924513558,313.109425901696,2780.08224257808
"2018-05-13 11:00:00",3983,1836.64653967728,1030.11312878159,2643.17995057297,603.160131339089,3070.13294801548
"2018-05-13 12:00:00",4088,2080.4903926873,1273.95698179161,2887.02380358299,847.003984349106,3313.97680102549
"2018-05-13 13:00:00",4184,2254.95981612279,1448.4264052271,3061.49322701848,1021.4734077846,3488.44622446098
"2018-05-13 14:00:00",4091,2460.55271323522,1654.01930233953,3267.08612413091,1227.06630489702,3694.03912157341
"2018-05-13 15:00:00",4072,2220.41147919147,1413.87806829578,3026.94489008716,986.925070853277,3453.89788752966
"2018-05-13 16:00:00",4169,2159.68262704738,1353.14921615169,2966.21603794307,926.196218709187,3393.16903538557
"2018-05-13 17:00:00",3827,1909.18506765672,1102.65165676103,2715.71847855241,675.698659318528,3142.67147599492
"2018-05-13 18:00:00",3555,1724.36239162877,917.828980733075,2530.89580252446,490.875983290572,2957.84879996696
"2018-05-13 19:00:00",3256,1471.78915078666,665.255739890966,2278.32256168235,238.302742448463,2705.27555912485
"2018-05-13 20:00:00",3049,1707.07890421218,900.545493316485,2513.61231510787,473.592495873982,2940.56531255037
"2018-05-13 21:00:00",2586,2882.84152022934,2076.30810933364,3689.37493112503,1649.35511189114,4116.32792856753
"2018-05-13 22:00:00",1759,1265.83420538628,459.300794490592,2072.36761628197,32.3477970480894,2499.32061372448
"2018-05-13 23:00:00",1077,769.65229119406,-36.8811197016314,1576.18570208975,-463.834117144134,2003.13869953225
"2018-05-14 00:00:00",598,450.441740490303,-356.091670405388,1256.97515138599,-783.044667847891,1683.9281488285
"2018-05-14 01:00:00",366,311.219993102591,-495.3134177931,1117.75340399828,-922.266415235602,1544.70640144079
"2018-05-14 02:00:00",243,310.053886471564,-496.479524424127,1116.58729736725,-923.43252186663,1543.54029480976
"2018-05-14 03:00:00",308,399.950053434527,-406.583357461164,1206.48346433022,-833.536354903667,1633.43646177272
"2018-05-14 04:00:00",875,831.316966955917,24.7835560602259,1637.85037785161,-402.169441382277,2064.80337529411
"2018-05-14 05:00:00",2816,2300.6473115287,1494.113900633,3107.18072242439,1067.1609031905,3534.13371986689
"2018-05-14 06:00:00",5792,4426.5687463309,3620.0353354352,5233.10215722659,3193.0823379927,5660.05515466909
"2018-05-14 07:00:00",6559,5020.46671588564,4213.93330498995,5827.00012678133,3786.98030754744,6253.95312422383
"2018-05-14 08:00:00",5870,4525.99561801566,3719.46220711996,5332.52902891135,3292.50920967746,5759.48202635385
"2018-05-14 09:00:00",5052,4094.9765554971,3288.44314460141,4901.50996639279,2861.49014715891,5328.4629638353
"2018-05-14 10:00:00",4392,3659.54547094757,2853.01206005187,4466.07888184326,2426.05906260937,4893.03187928576
"2018-05-14 11:00:00",4573,3904.69289464847,3098.15948375278,4711.22630554416,2671.20648631028,5138.17930298667
"2018-05-14 12:00:00",4794,4214.11164389121,3407.57823299552,5020.6450547869,2980.62523555302,5447.5980522294
"2018-05-14 13:00:00",4831,4165.99810369806,3359.46469280237,4972.53151459375,2932.51169535986,5399.48451203625
"2018-05-14 14:00:00",5025,4439.85516788708,3633.32175699139,5246.38857878277,3206.36875954889,5673.34157622528
"2018-05-14 15:00:00",5598,4993.03633303027,4186.50292213458,5799.56974392596,3759.54992469208,6226.52274136847
"2018-05-14 16:00:00",6463,5834.34407569678,5027.81066480109,6640.87748659247,4600.85766735859,7067.83048403497
"2018-05-14 17:00:00",5971,5609.24410420236,4802.71069330666,6415.77751509805,4375.75769586416,6842.73051254055
"2018-05-14 18:00:00",4545,4098.02226157534,3291.48885067965,4904.55567247103,2864.53585323715,5331.50866991354
"2018-05-14 19:00:00",3113,3026.41938652686,2219.88597563116,3832.95279742255,1792.93297818866,4259.90579486505
"2018-05-14 20:00:00",2681,2592.64907635967,1786.11566546398,3399.18248725536,1359.16266802148,3826.13548469786
"2018-05-14 21:00:00",2293,2150.59556092596,1344.06215003027,2957.12897182165,917.109152587769,3384.08196926416
"2018-05-14 22:00:00",2107,1529.77100464917,723.237593753477,2336.30441554486,296.284596310974,2763.25741298736
"2018-05-14 23:00:00",1022,1032.06177226118,225.528361365489,1838.59518315687,-201.424636077014,2265.54818059937
"2018-05-15 00:00:00",555,574.846011824507,-231.687399071184,1381.3794227202,-658.640396513687,1808.3324201627
"2018-05-15 01:00:00",309,400.079819585247,-406.453591310444,1206.61323048094,-833.406588752946,1633.56622792344
"2018-05-15 02:00:00",248,334.886025153042,-471.647385742649,1141.41943604873,-898.600383185151,1568.37243349124
"2018-05-15 03:00:00",349,421.260235217147,-385.273175678544,1227.79364611284,-812.226173121047,1654.74664355534
"2018-05-15 04:00:00",934,972.152207915512,165.618797019821,1778.6856188112,-261.334200422681,2205.63861625371
"2018-05-15 05:00:00",3020,2906.32438755139,2099.7909766557,3712.85779844708,1672.83797921319,4139.81079588958
"2018-05-15 06:00:00",5914,5579.28434581697,4772.75093492128,6385.81775671266,4345.79793747878,6812.77075415517
"2018-05-15 07:00:00",6264,6247.23112456689,5440.6977136712,7053.76453546258,5013.7447162287,7480.71753290508
"2018-05-15 08:00:00",5433,5943.79219288948,5137.25878199379,6750.32560378518,4710.30578455129,7177.27860122768
"2018-05-15 09:00:00",5399,5739.78772361959,4933.2543127239,6546.32113451528,4506.3013152814,6973.27413195779
"2018-05-15 10:00:00",4528,4476.33392354134,3669.80051264565,5282.86733443703,3242.84751520314,5709.82033187953
"2018-05-15 11:00:00",4808,4721.10918683644,3914.57577594075,5527.64259773214,3487.62277849825,5954.59559517464
"2018-05-15 12:00:00",4967,5006.77538836998,4200.24197747429,5813.30879926567,3773.28898003179,6240.26179670817
"2018-05-15 13:00:00",5017,4952.71394991181,4146.18053901612,5759.2473608075,3719.22754157362,6186.20035825001
"2018-05-15 14:00:00",5380,5263.78969711167,4457.25628621597,6070.32310800736,4030.30328877347,6497.27610544986
"2018-05-15 15:00:00",6033,5873.3325380287,5066.79912713301,6679.86594892439,4639.84612969051,7106.8189463669
"2018-05-15 16:00:00",6888,6696.97845312526,5890.44504222957,7503.51186402095,5463.49204478707,7930.46486146345
"2018-05-15 17:00:00",6548,6283.45225536104,5476.91884446535,7089.98566625673,5049.96584702284,7516.93866369923
"2018-05-15 18:00:00",4953,4851.99367288588,4045.46026199019,5658.52708378157,3618.50726454769,6085.48008122407
"2018-05-15 19:00:00",3602,3505.86534954483,2699.33193864914,4312.39876044052,2272.37894120664,4739.35175788303
"2018-05-15 20:00:00",3050,2907.08842575311,2100.55501485742,3713.6218366488,1673.60201741492,4140.57483409131
"2018-05-15 21:00:00",2773,3466.5191212836,2659.98571038791,4273.05253217929,2233.0327129454,4700.00552962179
"2018-05-15 22:00:00",3335,3337.80707091406,2531.27366001836,4144.34048180975,2104.32066257586,4571.29347925225
"2018-05-15 23:00:00",2286,1347.06035872365,540.526947827961,2153.59376961934,113.573950385458,2580.54676706185
"2018-05-16 00:00:00",720,851.753764345634,45.2203534499431,1658.28717524133,-381.73264399256,2085.24017268383
"2018-05-16 01:00:00",442,635.666545434093,-170.866865461598,1442.19995632978,-597.819862904101,1869.15295377229
"2018-05-16 02:00:00",352,469.346107095842,-337.187303799849,1275.87951799153,-764.140301242351,1702.83251543404
"2018-05-16 03:00:00",367,550.156468715688,-256.376942180003,1356.68987961138,-683.329939622505,1783.64287705388
"2018-05-16 04:00:00",895,1023.98990636316,217.456495467474,1830.52331725886,-209.496501975029,2257.47631470136
"2018-05-16 05:00:00",3014,3024.33089704819,2217.7974861525,3830.86430794388,1790.84448870999,4257.81730538638
"2018-05-16 06:00:00",5844,5981.21501321467,5174.68160231897,6787.74842411036,4747.72860487647,7214.70142155286
"2018-05-16 07:00:00",5988,6909.13710261473,6102.60369171904,7715.67051351042,5675.65069427653,8142.62351095292
"2018-05-16 08:00:00",5293,6663.77664134903,5857.24323045334,7470.31005224472,5430.29023301084,7897.26304968723
"2018-05-16 09:00:00",5122,5416.92275572337,4610.38934482768,6223.45616661906,4183.43634738517,6650.40916406156
"2018-05-16 10:00:00",4941,4790.4530715717,3983.91966067601,5596.98648246739,3556.9666632335,6023.93947990989
"2018-05-16 11:00:00",5110,4862.75348898692,4056.22007809123,5669.28689988261,3629.26708064873,6096.23989732512
"2018-05-16 12:00:00",5042,5062.53820279929,4256.0047919036,5869.07161369498,3829.05179446109,6296.02461113748
"2018-05-16 13:00:00",4952,5050.91014511451,4244.37673421882,5857.4435560102,3817.42373677631,6284.3965534527
"2018-05-16 14:00:00",5286,5495.14079302537,4688.60738212967,6301.67420392106,4261.65438468717,6728.62720136356
"2018-05-16 15:00:00",5871,5856.67519868053,5050.14178778484,6663.20860957622,4623.18879034234,7090.16160701873
"2018-05-16 16:00:00",6775,7044.8409354431,6238.30752454741,7851.37434633879,5811.35452710491,8278.32734378129
"2018-05-16 17:00:00",6123,6491.33355328459,5684.8001423889,7297.86696418028,5257.8471449464,7724.81996162278
"2018-05-16 18:00:00",4717,4697.68335871559,3891.1499478199,5504.21676961128,3464.1969503774,5931.16976705379
"2018-05-16 19:00:00",3697,3407.687552759,2601.15414186331,4214.22096365469,2174.20114442081,4641.17396109719
"2018-05-16 20:00:00",3387,3073.88221061967,2267.34879972397,3880.41562151536,1840.39580228147,4307.36861895786
"2018-05-16 21:00:00",3187,2643.44028074606,1836.90686985037,3449.97369164175,1409.95387240786,3876.92668908425
"2018-05-16 22:00:00",2443,1799.41523096305,992.88182006736,2605.94864185874,565.928822624857,3032.90163930124
"2018-05-16 23:00:00",2291,1159.22807853765,352.694667641964,1965.76148943335,-74.2583298005391,2392.71448687585
"2018-05-17 00:00:00",684,623.300542845061,-183.23286805063,1429.83395374075,-610.185865493132,1856.78695118326
"2018-05-17 01:00:00",495,418.552426333969,-387.980984561722,1225.08583722966,-814.933982004224,1652.03883467216
"2018-05-17 02:00:00",294,318.215791101654,-488.317619794037,1124.74920199734,-915.27061723654,1551.70219943985
"2018-05-17 03:00:00",364,403.855121230814,-402.678289664877,1210.3885321265,-829.63128710738,1637.34152956901
"2018-05-17 04:00:00",929,941.306758061966,134.773347166275,1747.84016895766,-292.179650276227,2174.79316640016
"2018-05-17 05:00:00",2935,2925.3239608739,2118.79054997821,3731.85737176959,1691.83755253571,4158.8103692121
"2018-05-17 06:00:00",5846,5779.73253845964,4973.19912756394,6586.26594935533,4546.24613012144,7013.21894679783
"2018-05-17 07:00:00",6323,6530.72261342721,5724.18920253151,7337.2560243229,5297.23620508901,7764.2090217654
"2018-05-17 08:00:00",5494,6105.35560518427,5298.82219428858,6911.88901607996,4871.86919684608,7338.84201352246
"2018-05-17 09:00:00",5299,5905.62602907305,5099.09261817736,6712.15943996874,4672.13962073486,7139.11243741124
"2018-05-17 10:00:00",4444,4926.05971348251,4119.52630258682,5732.59312437821,3692.57330514432,6159.54612182071
"2018-05-17 11:00:00",4913,5084.60629273537,4278.07288183968,5891.13970363106,3851.11988439718,6318.09270107356
"2018-05-17 12:00:00",5120,5071.48535143123,4264.95194053554,5878.01876232692,3837.99894309304,6304.97175976943
"2018-05-17 13:00:00",5096,5154.43804072283,4347.90462982714,5960.97145161852,3920.95163238464,6387.92444906102
"2018-05-17 14:00:00",5480,5469.18115243457,4662.64774153888,6275.71456333026,4235.69474409637,6702.66756077276
"2018-05-17 15:00:00",6289,6174.88993971394,5368.35652881825,6981.42335060963,4941.40353137575,7408.37634805214
"2018-05-17 16:00:00",6594,7148.54915784183,6342.01574694613,7955.08256873752,5915.06274950363,8382.03556618002
"2018-05-17 17:00:00",6171,6793.16600903013,5986.63259813444,7599.69941992582,5559.67960069194,8026.65241736833
"2018-05-17 18:00:00",4989,5017.28322946369,4210.749818568,5823.81664035938,3783.7968211255,6250.76963780189
"2018-05-17 19:00:00",3647,3698.01777316582,2891.48436227013,4504.55118406151,2464.53136482763,4931.50418150402
"2018-05-17 20:00:00",3400,3065.06675449413,2258.53334359843,3871.60016538982,1831.58034615593,4298.55316283232
"2018-05-17 21:00:00",3238,2788.28650369831,1981.75309280262,3594.81991459401,1554.80009536012,4021.77291203651
"2018-05-17 22:00:00",2677,2048.37612979522,1241.84271889953,2854.90954069092,814.889721457031,3281.86253813342
"2018-05-17 23:00:00",1852,1212.81989750303,406.286486607339,2019.35330839872,-20.666510835164,2446.30630584122
"2018-05-18 00:00:00",736,706.154490132644,-100.378920763047,1512.68790102833,-527.33191820555,1939.64089847084
"2018-05-18 01:00:00",453,443.575635433487,-362.957775462204,1250.10904632918,-789.910772904707,1677.06204377168
"2018-05-18 02:00:00",365,374.77391085746,-431.759500038231,1181.30732175315,-858.712497480733,1608.26031919565
"2018-05-18 03:00:00",351,426.930184727406,-379.603226168286,1233.4635956231,-806.556223610788,1660.4165930656
"2018-05-18 04:00:00",846,918.653295668116,112.119884772425,1725.18670656381,-314.833112670078,2152.13970400631
"2018-05-18 05:00:00",2786,2785.55678849129,1979.0233775956,3592.09019938698,1552.07038015309,4019.04319682948
"2018-05-18 06:00:00",5552,5481.10589392908,4674.57248303339,6287.63930482477,4247.61948559089,6714.59230226727
"2018-05-18 07:00:00",6583,6641.01110158225,5834.47769068656,7447.54451247794,5407.52469324406,7874.49750992044
"2018-05-18 08:00:00",5321,5961.58369780712,5155.05028691143,6768.11710870281,4728.09728946892,7195.07010614531
"2018-05-18 09:00:00",4984,5271.88603111203,4465.35262021634,6078.41944200772,4038.39962277384,6505.37243945022
"2018-05-18 10:00:00",4736,4893.96552035923,4087.43210946354,5700.49893125493,3660.47911202104,6127.45192869743
"2018-05-18 11:00:00",5133,5260.13188903724,4453.59847814155,6066.66529993293,4026.64548069905,6493.61829737544
"2018-05-18 12:00:00",5337,5349.99096936554,4543.45755846985,6156.52438026123,4116.50456102734,6583.47737770373
"2018-05-18 13:00:00",5316,5191.00607119599,4384.4726603003,5997.53948209168,3957.5196628578,6424.49247953419
"2018-05-18 14:00:00",5810,5388.37014940372,4581.83673850803,6194.90356029941,4154.88374106553,6621.85655774191
"2018-05-18 15:00:00",6400,5990.52730334716,5183.99389245147,6797.06071424285,4757.04089500897,7224.01371168536
"2018-05-18 16:00:00",6496,6744.75449756009,5938.2210866644,7551.28790845578,5511.2680892219,7978.24090589829
"2018-05-18 17:00:00",6197,5710.31829354291,4903.78488264722,6516.8517044386,4476.83188520471,6943.8047018811
"2018-05-18 18:00:00",5241,4200.83469175146,3394.30128085577,5007.36810264715,2967.34828341326,5434.32110008965
"2018-05-18 19:00:00",3850,2916.80988557528,2110.27647467959,3723.34329647097,1683.32347723709,4150.29629391347
"2018-05-18 20:00:00",3441,2324.03842246413,1517.50501156844,3130.57183335983,1090.55201412594,3557.52483080233
"2018-05-18 21:00:00",3196,2165.60660807237,1359.07319717668,2972.14001896807,932.120199734181,3399.09301641057
"2018-05-18 22:00:00",2728,1830.58216633073,1024.04875543504,2637.11557722642,597.095757992538,3064.06857466893
"2018-05-18 23:00:00",1797,1190.88702038834,384.353609492647,1997.42043128403,-42.5993879498556,2424.37342872653
"2018-05-19 00:00:00",1420,648.735246340178,-157.798164555513,1455.26865723587,-584.751161998016,1882.22165467837
"2018-05-19 01:00:00",855,464.481173689766,-342.052237205925,1271.01458458546,-769.005234648427,1697.96758202796
"2018-05-19 02:00:00",639,448.301582729584,-358.231828166107,1254.83499362528,-785.18482560861,1681.78799106778
"2018-05-19 03:00:00",494,360.135638485865,-446.397772409826,1166.66904938156,-873.350769852329,1593.62204682406
"2018-05-19 04:00:00",477,370.87624294286,-435.657167952831,1177.40965383855,-862.610165395334,1604.36265128105
"2018-05-19 05:00:00",806,606.599203163223,-199.934207732468,1413.13261405891,-626.88720517497,1840.08561150142
"2018-05-19 06:00:00",1430,1036.4463443556,229.91293345991,1842.97975525129,-197.040063982593,2269.9327526938
"2018-05-19 07:00:00",2062,1352.06215376101,545.528742865315,2158.5955646567,118.575745422812,2585.5485620992
"2018-05-19 08:00:00",3277,1525.12150148595,718.58809059026,2331.65491238164,291.635093147758,2758.60790982415
"2018-05-19 09:00:00",3569,1786.6285420047,980.095131109007,2593.16195290039,553.142133666504,3020.11495034289
"2018-05-19 10:00:00",3857,2034.20973918506,1227.67632828937,2840.74315008075,800.723330846868,3267.69614752326
"2018-05-19 11:00:00",4112,2184.29905303807,1377.76564214238,2990.83246393376,950.812644699878,3417.78546137627
"2018-05-19 12:00:00",4259,2154.79132710137,1348.25791620568,2961.32473799706,921.304918763174,3388.27773543956
"2018-05-19 13:00:00",4542,1991.0820510228,1184.54864012711,2797.6154619185,757.595642684611,3224.568459361
"2018-05-19 14:00:00",4802,1846.2948239251,1039.76141302941,2652.82823482079,612.808415586908,3079.7812322633
"2018-05-19 15:00:00",4598,1939.93707430593,1133.40366341023,2746.47048520162,706.450665967732,3173.42348264412
"2018-05-19 16:00:00",4398,1490.9212030916,684.387792195914,2297.4546139873,257.434794753411,2724.4076114298
"2018-05-19 17:00:00",4133,1535.97010676816,729.436695872466,2342.50351766385,302.483698429964,2769.45651510635
"2018-05-19 18:00:00",3640,1106.94399538225,300.410584486555,1913.47740627794,-126.542412955948,2340.43040372044
"2018-05-19 19:00:00",2979,918.566428628941,112.03301773325,1725.09983952463,-314.919979709253,2152.05283696714
"2018-05-19 20:00:00",2706,655.116878888149,-151.416532007542,1461.65028978384,-578.369529450044,1888.60328722634
"2018-05-19 21:00:00",2705,763.632970737274,-42.9004401584169,1570.16638163297,-469.85343760092,1997.11937907547
"2018-05-19 22:00:00",2714,645.79471209454,-160.738698801151,1452.32812299023,-587.691696243653,1879.28112043273
"2018-05-19 23:00:00",2047,606.736572807945,-199.796838087746,1413.26998370364,-626.749835530249,1840.22298114614
"2018-05-20 00:00:00",1216,443.932797760368,-362.600613135323,1250.46620865606,-789.553610577826,1677.41920609856
"2018-05-20 01:00:00",761,349.576057180562,-456.957353715129,1156.10946807625,-883.910351157632,1583.06246551876
"2018-05-20 02:00:00",525,288.339113217438,-518.194297678253,1094.87252411313,-945.147295120756,1521.82552155563
"2018-05-20 03:00:00",324,230.657238047208,-575.876172848483,1037.1906489429,-1002.82917029099,1464.1436463854
"2018-05-20 04:00:00",273,254.506038976813,-552.027371918878,1061.0394498725,-978.980369361381,1487.99244731501
"2018-05-20 05:00:00",433,390.896648080598,-415.636762815093,1197.43005897629,-842.589760257596,1624.38305641879
"2018-05-20 06:00:00",850,579.753946069483,-226.779464826208,1386.28735696517,-653.732462268711,1813.24035440768
"2018-05-20 07:00:00",1242,722.674651090131,-83.8587598055606,1529.20806198582,-510.811757248063,1956.16105942832
"2018-05-20 08:00:00",1829,744.359855318275,-62.1735555774166,1550.89326621397,-489.126553019919,1977.84626365647
"2018-05-20 09:00:00",2638,1055.18153024549,248.648119349803,1861.71494114119,-178.304878092699,2288.66793858369
"2018-05-20 10:00:00",3501,1564.95793265878,758.424521763084,2371.49134355447,331.471524320582,2798.44434099697
"2018-05-20 11:00:00",4300,1855.11993895322,1048.58652805753,2661.65334984892,621.633530615031,3088.60634729142
"2018-05-20 12:00:00",4661,2088.60398554047,1282.07057464478,2895.13739643616,855.117577202274,3322.09039387866
"2018-05-20 13:00:00",3956,2263.17357974731,1456.64016885162,3069.706990643,1029.68717140912,3496.6599880855
"2018-05-20 14:00:00",3932,2468.87908713864,1662.34567624295,3275.41249803433,1235.39267880045,3702.36549547684
"2018-05-20 15:00:00",3920,2228.82165609315,1422.28824519746,3035.35506698884,995.335247754954,3462.30806443134
"2018-05-20 16:00:00",3938,2173.56925328485,1367.03584238916,2980.10266418054,940.082844946658,3407.05566162305
"2018-05-20 17:00:00",3768,1917.70327186084,1111.16986096515,2724.23668275653,684.216863522643,3151.18968019903
"2018-05-20 18:00:00",3378,1732.90416542614,926.370754530449,2539.43757632183,499.417757087946,2966.39057376433
"2018-05-20 19:00:00",2842,1480.31717565463,673.783764758939,2286.85058655032,246.830767316436,2713.80358399282
"2018-05-20 20:00:00",2692,1706.11758479328,899.584173897587,2512.65099568897,472.631176455084,2939.60399313147
"2018-05-20 21:00:00",2194,2881.73485498534,2075.20144408965,3688.26826588103,1648.24844664715,4115.22126332353
"2018-05-20 22:00:00",1696,1264.49773660801,457.964325712321,2071.0311475037,31.011328269818,2497.98414494621
"2018-05-20 23:00:00",1107,788.174793789292,-18.3586171063994,1594.70820468498,-445.311614548902,2021.66120212749
"2018-05-21 00:00:00",652,468.955731843525,-337.577679052166,1275.48914273922,-764.530676494669,1702.44214018172
"2018-05-21 01:00:00",350,329.688154691143,-476.845256204548,1136.22156558683,-903.798253647051,1563.17456302934
"2018-05-21 02:00:00",321,328.543653520603,-477.989757375088,1135.07706441629,-904.942754817591,1562.0300618588
"2018-05-21 03:00:00",333,398.565790758813,-407.967620136878,1205.0992016545,-834.920617579381,1632.05219909701
"2018-05-21 04:00:00",860,829.943179654985,23.4097687592943,1636.47659055068,-403.543228683208,2063.42958799318
"2018-05-21 05:00:00",2796,2295.22003719941,1488.68662630372,3101.7534480951,1061.73362886121,3528.7064455376
"2018-05-21 06:00:00",5721,4425.15305753084,3618.61964663514,5231.68646842653,3191.66664919264,5658.63946586903
"2018-05-21 07:00:00",6799,5015.00997956477,4208.47656866908,5821.54339046047,3781.52357122658,6248.49638790297
"2018-05-21 08:00:00",5726,4524.61004591809,3718.0766350224,5331.14345681378,3291.1236375799,5758.09645425629
"2018-05-21 09:00:00",4865,4093.64336027345,3287.10994937776,4900.17677116914,2860.15695193526,5327.12976861164
"2018-05-21 10:00:00",4254,3667.71995191665,2861.18654102096,4474.25336281234,2434.23354357846,4901.20636025485
"2018-05-21 11:00:00",4454,3899.41031143336,3092.87690053767,4705.94372232905,2665.92390309516,5132.89671977155
"2018-05-21 12:00:00",4810,4208.85197555843,3402.31856466274,5015.38538645412,2975.36556722024,5442.33838389662
"2018-05-21 13:00:00",2040,4164.80239776842,3358.26898687273,4971.33580866411,2931.31598943022,5398.28880610661
"2018-05-21 14:00:00",4224,4438.70594643304,3632.17253553735,5245.23935732873,3205.21953809484,5672.19235477123
"2018-05-21 15:00:00",5895,4991.94341671568,4185.41000581999,5798.47682761137,3758.45700837748,6225.42982505387
"2018-05-21 16:00:00",6968,5829.25004922774,5022.71663833205,6635.78346012343,4595.76364088954,7062.73645756593
"2018-05-21 17:00:00",6134,5604.13501938206,4797.60160848637,6410.66843027776,4370.64861104387,6837.62142772026
"2018-05-21 18:00:00",4586,4092.84574152989,3286.3123306342,4899.37915242559,2859.3593331917,5326.33214986809
"2018-05-21 19:00:00",3249,3021.20816680244,2214.67475590675,3827.74157769813,1787.72175846425,4254.69457514064
"2018-05-21 20:00:00",2699,2587.38482505042,1780.85141415473,3393.91823594611,1353.89841671223,3820.87123338862
"2018-05-21 21:00:00",2318,2145.2566725714,1338.7232616757,2951.79008346709,911.770264233202,3378.74308090959
"2018-05-21 22:00:00",1668,1524.39741661564,717.864005719945,2330.93082751133,290.911008277442,2757.88382495383
"2018-05-21 23:00:00",1060,1030.71155455351,224.178143657816,1837.2449654492,-202.774853784687,2264.1979628917
"2018-05-22 00:00:00",554,569.441652377553,-237.091758518138,1375.97506327324,-664.04475596064,1802.92806071575
"2018-05-22 01:00:00",333,394.638141615634,-411.895269280058,1201.17155251132,-838.84826672256,1628.12454995383
"2018-05-22 02:00:00",249,329.456131980058,-477.077278915633,1135.98954287575,-904.030276358136,1562.94254031825
"2018-05-22 03:00:00",337,415.813974271066,-390.719436624625,1222.34738516676,-817.672434067127,1649.30038260926
"2018-05-22 04:00:00",886,970.75288688855,164.219475992859,1777.28629778424,-262.733521449644,2204.23929522674
"2018-05-22 05:00:00",3026,2904.88971213454,2098.35630123884,3711.42312303023,1671.40330379634,4138.37612047273
"2018-05-22 06:00:00",5875,5577.83133849425,4771.29792759856,6384.36474938994,4344.34493015606,6811.31774683245
"2018-05-22 07:00:00",6019,6265.72416517055,5459.19075427486,7072.25757606624,5032.23775683235,7499.21057350874
"2018-05-22 08:00:00",5752,5957.22903272226,5150.69562182657,6763.76244361795,4723.74262438407,7190.71544106045
"2018-05-22 09:00:00",5085,5738.46107550518,4931.92766460949,6544.99448640087,4504.97466716698,6971.94748384337
"2018-05-22 10:00:00",4450,4471.02580660019,3664.4923957045,5277.55921749588,3237.539398262,5704.51221493839
"2018-05-22 11:00:00",4631,4729.34259178868,3922.80918089299,5535.87600268437,3495.85618345049,5962.82900012687
"2018-05-22 12:00:00",4760,5005.66021188397,4199.12680098828,5812.19362277967,3772.17380354578,6239.14662022217
"2018-05-22 13:00:00",4840,4951.68126700221,4145.14785610652,5758.2146778979,3718.19485866402,6185.16767534041
"2018-05-22 14:00:00",5197,5262.84670959864,4456.31329870294,6069.38012049433,4029.36030126044,6496.33311793683
"2018-05-22 15:00:00",5901,5872.44061796773,5065.90720707204,6678.97402886343,4638.95420962954,7105.92702630593
"2018-05-22 16:00:00",6907,6705.56212842176,5899.02871752607,7512.09553931745,5472.07572008357,7939.04853675996
"2018-05-22 17:00:00",6371,6292.05491727433,5485.52150637864,7098.58832817002,5058.56850893614,7525.54132561252
"2018-05-22 18:00:00",4649,4851.21370839289,4044.6802974972,5657.74711928859,3617.7273000547,6084.70011673109
"2018-05-22 19:00:00",3367,3525.01310107235,2718.47969017666,4331.54651196804,2291.52669273416,4758.49950941055
"2018-05-22 20:00:00",3028,2921.05623614514,2114.52282524945,3727.58964704083,1687.56982780695,4154.54264448334
"2018-05-22 21:00:00",3047,3474.97774679364,2668.44433589795,4281.51115768933,2241.49133845545,4708.46415513183
"2018-05-22 22:00:00",1953,3346.12100530993,2539.58759441423,4152.65441620562,2112.63459697173,4579.60741364812
"2018-05-22 23:00:00",1084,1345.87971114526,539.346300249569,2152.41312204095,112.393302807066,2579.36611948345
"2018-05-23 00:00:00",599,870.504106342371,63.9706954466797,1677.03751723806,-362.982301995823,2103.99051468056
"2018-05-23 01:00:00",363,654.337012698118,-152.196398197573,1460.87042359381,-579.149395640076,1887.82342103631
"2018-05-23 02:00:00",303,488.012646094325,-318.520764801367,1294.54605699002,-745.473762243869,1721.49905443252
"2018-05-23 03:00:00",349,568.804021097378,-237.729389798313,1375.33743199307,-664.682387240815,1802.29042943557
"2018-05-23 04:00:00",919,1042.6250192373,236.09160834161,1849.15843013299,-190.861389100892,2276.1114275755
"2018-05-23 05:00:00",2989,3042.9791041408,2236.44569324511,3849.51251503649,1809.49269580261,4276.465512479
"2018-05-23 06:00:00",5979,5989.35479450479,5182.8213836091,6795.88820540048,4755.86838616659,7222.84120284298
"2018-05-23 07:00:00",6641,6903.83553278282,6097.30212188713,7710.36894367851,5670.34912444463,8137.32194112101
"2018-05-23 08:00:00",5557,6662.60450501265,5856.07109411696,7469.13791590834,5429.11809667446,7896.09091335084
"2018-05-23 09:00:00",5217,5425.28186517298,4618.74845427729,6231.81527606867,4191.79545683479,6658.76827351118
"2018-05-23 10:00:00",4728,4789.50091810573,3982.96750721004,5596.03432900143,3556.01450976754,6022.98732644393
"2018-05-23 11:00:00",4956,4881.81612809434,4075.28271719865,5688.34953899003,3648.32971975615,6115.30253643254
"2018-05-23 12:00:00",4760,5076.52499980811,4269.99158891242,5883.0584107038,3843.03859146991,6310.0114081463
"2018-05-23 13:00:00",4912,5059.54095959753,4253.00754870184,5866.07437049322,3826.05455125933,6293.02736793572
"2018-05-23 14:00:00",5221,5503.82267496045,4697.28926406476,6310.35608585614,4270.33626662225,6737.30908329864
"2018-05-23 15:00:00",5959,5875.95389239283,5069.42048149714,6682.48730328852,4642.46748405463,7109.44030073102
"2018-05-23 16:00:00",6897,7044.19715082228,6237.66373992658,7850.73056171797,5810.71074248408,8277.68355916047
"2018-05-23 17:00:00",6228,6490.77946406034,5684.24605316464,7297.31287495603,5257.29305572214,7724.26587239853
"2018-05-23 18:00:00",4632,4697.13254304596,3890.59913215027,5503.66595394165,3463.64613470776,5930.61895138415
"2018-05-23 19:00:00",3359,3407.12822584735,2600.59481495166,4213.66163674305,2173.64181750916,4640.61463418555
"2018-05-23 20:00:00",2993,3073.30389709123,2266.77048619554,3879.83730798692,1839.81748875303,4306.79030542942
"2018-05-23 21:00:00",2888,2642.7270967673,1836.19368587161,3449.260507663,1409.24068842911,3876.2135051055
"2018-05-23 22:00:00",2028,1798.6280646499,992.09465375421,2605.16147554559,565.141656311707,3032.11447298809
"2018-05-23 23:00:00",1215,1178.34374922991,371.810338334216,1984.8771601256,-55.1426591082866,2411.8301575681
"2018-05-24 00:00:00",628,642.393953365902,-164.139457529789,1448.92736426159,-591.092454972291,1875.8803617041
"2018-05-24 01:00:00",356,437.6373256128,-368.896085282891,1244.17073650849,-795.849082725393,1671.12373395099
"2018-05-24 02:00:00",261,337.28301318554,-469.250397710151,1143.81642408123,-896.203395152653,1570.76942152373
"2018-05-24 03:00:00",363,422.904666119756,-383.628744775935,1229.43807701545,-810.581742218438,1656.39107445795
"2018-05-24 04:00:00",883,960.307854342543,153.774443446852,1766.84126523823,-273.178553995651,2193.79426268074
"2018-05-24 05:00:00",3012,2944.31261764693,2137.77920675123,3750.84602854262,1710.82620930873,4177.79902598512
"2018-05-24 06:00:00",5763,5798.71268399065,4992.17927309496,6605.24609488634,4565.22627565245,7032.19909232884
"2018-05-24 07:00:00",6298,6549.7158531767,5743.18244228101,7356.24926407239,5316.2294448385,7783.20226151489
"2018-05-24 08:00:00",5695,6104.46303041238,5297.92961951669,6910.99644130807,4870.97662207418,7337.94943875057
"2018-05-24 09:00:00",5232,5924.78752952997,5118.25411863428,6731.32094042566,4691.30112119178,7158.27393786817
"2018-05-24 10:00:00",4532,4945.35673910068,4138.82332820499,5751.89014999637,3711.87033076248,6178.84314743887
"2018-05-24 11:00:00",4923,5104.03556996015,4297.50215906446,5910.56898085584,3870.54916162196,6337.52197829835
"2018-05-24 12:00:00",4969,5071.07071563376,4264.53730473807,5877.60412652945,3837.58430729557,6304.55712397196
"2018-05-24 13:00:00",5036,5154.10851734546,4347.57510644977,5960.64192824115,3920.62210900727,6387.59492568366
"2018-05-24 14:00:00",5414,5488.85529154487,4682.32188064918,6295.38870244057,4255.36888320668,6722.34169988307
"2018-05-24 15:00:00",6184,6194.61318214354,5388.07977124785,7001.14659303923,4961.12677380535,7428.09959048173
"2018-05-24 16:00:00",6193,7157.75939149246,6351.22598059677,7964.29280238815,5924.27298315427,8391.24579983066
"2018-05-24 17:00:00",6107,6792.95040535352,5986.41699445783,7599.48381624921,5559.46399701532,8026.43681369171
"2018-05-24 18:00:00",4787,5017.03227139719,4210.4988605015,5823.56568229288,3783.54586305899,6250.51867973538
"2018-05-24 19:00:00",3746,3697.67842912459,2891.1450182289,4504.21184002029,2464.1920207864,4931.16483746279
"2018-05-24 20:00:00",2938,3060.31317770549,2253.7797668098,3866.84658860118,1826.8267693673,4293.79958604369
"2018-05-24 21:00:00",2626,2787.37232346594,1980.83891257024,3593.90573436163,1553.88591512774,4020.85873180413
"2018-05-24 22:00:00",1938,2047.37945598644,1240.84604509075,2853.91286688213,813.893047648245,3280.86586432463
"2018-05-24 23:00:00",1261,1231.76665277693,425.233241881234,2038.30006367262,-1.71975556126836,2465.25306111512
"2018-05-25 00:00:00",648,714.609187377144,-91.9242235185468,1521.14259827284,-518.877220961049,1948.09559571534
"2018-05-25 01:00:00",430,462.560363940967,-343.973046954725,1269.09377483666,-770.926044397227,1696.04677227916
"2018-05-25 02:00:00",300,369.740772504337,-436.792638391354,1176.27418340003,-863.745635833856,1603.22718084253
"2018-05-25 03:00:00",329,425.902739505198,-380.630671390493,1232.43615040089,-807.583668832996,1659.38914784339
"2018-05-25 04:00:00",788,913.580874659561,107.04746376387,1720.11428555525,-319.905533678633,2147.06728299775
"2018-05-25 05:00:00",2645,2793.89756603504,1987.36415513934,3600.43097693073,1560.41115769684,4027.38397437323
"2018-05-25 06:00:00",5111,5499.94331247869,4693.409901583,6306.47672337438,4266.4569041405,6733.42972081688
"2018-05-25 07:00:00",6075,6649.3328925092,5842.79948161351,7455.8663034049,5415.84648417101,7882.8193008474
"2018-05-25 08:00:00",5206,5956.46937529944,5149.93596440374,6763.00278619513,4722.98296696124,7189.95578363763
"2018-05-25 09:00:00",4859,5270.943043599,4464.40963270331,6077.47645449469,4037.45663526081,6504.4294519372
"2018-05-25 10:00:00",4534,4893.15805800745,4086.62464711175,5699.69146890314,3659.67164966925,6126.64446634564
"2018-05-25 11:00:00",4928,5268.80002204292,4462.26661114723,6075.33343293861,4035.31361370473,6502.28643038112
"2018-05-25 12:00:00",5139,5349.31706804221,4542.78365714652,6155.85047893791,4115.83065970402,6582.80347638041
"2018-05-25 13:00:00",5148,5210.40195816366,4403.86854726797,6016.93536905935,3976.91554982546,6443.88836650185
"2018-05-25 14:00:00",5403,5397.33290232514,4590.79949142945,6203.86631322083,4163.84649398695,6630.81931066333
"2018-05-25 15:00:00",6083,6010.09079631134,5203.55738541565,6816.62420720703,4776.60438797314,7243.57720464953
"2018-05-25 16:00:00",5753,6744.42955715919,5937.8961462635,7550.96296805488,5510.943148821,7977.91596549738
"2018-05-25 17:00:00",4904,5709.95996288489,4903.4265519892,6516.49337378058,4476.47355454669,6943.44637122308
"2018-05-25 18:00:00",4023,4200.22233325498,3393.68892235929,5006.75574415067,2966.73592491679,5433.70874159317
"2018-05-25 19:00:00",3334,2925.6135437422,2119.08013284651,3732.14695463789,1692.12713540401,4159.09995208039
"2018-05-25 20:00:00",3026,2343.34985172262,1536.81644082693,3149.88326261831,1109.86344338443,3576.83626006082
"2018-05-25 21:00:00",2953,2184.78316688055,1378.24975598486,2991.31657777624,951.296758542352,3418.26957521874
"2018-05-25 22:00:00",2863,1839.11084590963,1032.57743501394,2645.64425680532,605.624437571435,3072.59725424782
"2018-05-25 23:00:00",1828,1209.85865467734,403.32524378165,2016.39206557303,-23.6277536608532,2443.34506301553
"2018-05-26 00:00:00",1300,667.663014997282,-138.870395898409,1474.19642589297,-565.823393340912,1901.14942333548
"2018-05-26 01:00:00",719,483.418763010728,-323.114647884963,1289.95217390642,-750.067645327466,1716.90517134892
"2018-05-26 02:00:00",579,467.169117981692,-339.364292913999,1273.70252887738,-766.317290356502,1700.65552631989
"2018-05-26 03:00:00",363,379.003173737973,-427.530237157718,1185.53658463366,-854.483234600221,1612.48958207617
"2018-05-26 04:00:00",376,389.729374554643,-416.804036341048,1196.26278545033,-843.757033783551,1623.21578289284
"2018-05-26 05:00:00",649,625.417635096042,-181.115775799649,1431.95104599173,-608.068773242152,1858.90404343424
"2018-05-26 06:00:00",1263,1055.234004875,248.700593979307,1861.76741577069,-178.252403463196,2288.72041321319
"2018-05-26 07:00:00",1690,1370.87796685013,564.344555954438,2177.41137774582,137.391558511935,2604.36437518832
"2018-05-26 08:00:00",2392,1544.07545858001,737.542047684319,2350.6088694757,310.589050241816,2777.5618669182
"2018-05-26 09:00:00",3360,1805.73373732217,999.200326426478,2612.26714821786,572.247328983975,3039.22014566036
"2018-05-26 10:00:00",3540,2053.4648633041,1246.93145240841,2859.99827419979,819.978454965903,3286.95127164229
"2018-05-26 11:00:00",3937,2202.63919467838,1396.10578378269,3009.17260557407,969.152786340186,3436.12560301657
"2018-05-26 12:00:00",4176,2173.25062612982,1366.71721523413,2979.78403702551,939.764217791626,3406.73703446801
"2018-05-26 13:00:00",4130,2010.73458467262,1204.20117377693,2817.26799556832,777.248176334431,3244.22099301082
"2018-05-26 14:00:00",3887,1866.02264933117,1059.48923843548,2672.55606022686,632.536240992973,3099.50905766936
"2018-05-26 15:00:00",3761,1949.19444714308,1142.66103624739,2755.72785803877,715.708038804889,3182.68085548128
"2018-05-26 16:00:00",3970,1500.21131147496,693.677900579264,2306.74472237065,266.724903136761,2733.69771981315
"2018-05-26 17:00:00",3858,1555.77256921954,749.239158323852,2362.30598011523,322.286160881349,2789.25897755774
"2018-05-26 18:00:00",3714,1126.74187485716,320.208463961473,1933.27528575286,-106.744533481029,2360.22828319536
"2018-05-26 19:00:00",2965,938.33222726859,131.798816372899,1744.86563816428,-295.154181069604,2171.81863560678
"2018-05-26 20:00:00",2855,674.821789411879,-131.711621483812,1481.35520030757,-558.664618926315,1908.30819775007
"2018-05-26 21:00:00",2956,782.049713555675,-24.4836973400161,1588.58312445137,-451.436694782519,2015.53612189387
"2018-05-26 22:00:00",3036,663.943678145081,-142.58973275061,1470.47708904077,-569.542730193113,1897.43008648327
"2018-05-26 23:00:00",2141,625.833256883406,-180.700154012285,1432.3666677791,-607.653151454788,1859.3196652216
"2018-05-27 00:00:00",1633,462.951571235889,-343.581839659802,1269.48498213158,-770.534837102305,1696.43797957408
"2018-05-27 01:00:00",829,368.485493931797,-438.047916963894,1175.01890482749,-865.000914406396,1601.97190226999
"2018-05-27 02:00:00",712,307.187661852754,-499.345749042937,1113.72107274844,-926.29874648544,1540.67407019095
"2018-05-27 03:00:00",486,249.444898566605,-557.088512329086,1055.9783094623,-984.041509771589,1482.9313069048
"2018-05-27 04:00:00",401,273.267511059255,-533.265899836436,1079.80092195495,-960.218897278939,1506.75391939745
"2018-05-27 05:00:00",844,409.610326265598,-396.923084630093,1216.14373716129,-823.876082072596,1643.09673460379
"2018-05-27 06:00:00",1192,598.429651020899,-208.103759874792,1404.96306191659,-635.056757317295,1831.91605935909
"2018-05-27 07:00:00",1205,741.419755399476,-65.1136554962148,1547.95316629517,-492.066652938718,1974.90616373767
"2018-05-27 08:00:00",1819,763.291552240921,-43.2418586547698,1569.82496313661,-470.194856097272,1996.77796057912
"2018-05-27 09:00:00",2660,1074.33124590579,267.797835010097,1880.86465680148,-159.155162432406,2307.81765424398
"2018-05-27 10:00:00",3431,1584.31126341639,777.7778525207,2390.84467431208,350.824855078197,2817.79767175458
"2018-05-27 11:00:00",3782,1850.60336751903,1044.06995662334,2657.13677841472,617.116959180837,3084.08977585722
"2018-05-27 12:00:00",4190,2108.15831255171,1301.62490165602,2914.6917234474,874.671904213515,3341.6447208899
"2018-05-27 13:00:00",4139,2282.76915354675,1476.23574265106,3089.30256444245,1049.28274520856,3516.25556188495
"2018-05-27 14:00:00",3963,2468.49718688736,1661.96377599167,3275.03059778305,1235.01077854917,3701.98359522556
"2018-05-27 15:00:00",3821,2228.43910113095,1421.90569023525,3034.97251202664,994.952692792752,3461.92550946914
"2018-05-27 16:00:00",3739,2173.25740710243,1366.72399620674,2979.79081799812,939.770998764233,3406.74381544062
"2018-05-27 17:00:00",3266,1917.42154238091,1110.88813148522,2723.9549532766,683.935134042716,3150.9079507191
"2018-05-27 18:00:00",3127,1732.63422074284,926.100809847151,2539.16763163853,499.147812404648,2966.12062908104
"2018-05-27 19:00:00",2830,1500.03059742037,693.497186524679,2306.56400831606,266.544189082176,2733.51700575856
"2018-05-27 20:00:00",2825,1725.8277330044,919.294322108707,2532.36114390009,492.341324666205,2959.31414134259
"2018-05-27 21:00:00",2656,2899.34260264647,2092.80919175078,3705.87601354216,1665.85619430828,4132.82901098467
"2018-05-27 22:00:00",2565,1263.98947714843,457.456066252737,2070.52288804412,30.503068810234,2497.47588548662
"2018-05-27 23:00:00",1660,787.626596963352,-18.9068139323391,1594.16000785904,-445.859811374842,2021.11300530155
"2018-05-28 00:00:00",1088,163.202252059841,-643.33115883585,969.735662955532,-1070.28415627835,1396.68866039803
"2018-05-28 01:00:00",559,23.9346749074591,-782.598735988232,830.46808580315,-1209.55173343073,1257.42108324565
"2018-05-28 02:00:00",440,23.7941969012911,-782.7392139944,830.327607796982,-1209.6922114369,1257.28060523948
"2018-05-28 03:00:00",332,96.9907719417359,-709.542638953955,903.524182837427,-1136.49563639646,1330.47718027993
"2018-05-28 04:00:00",314,528.368160837908,-278.165250057783,1334.9015717336,-705.118247500286,1761.8545691761
"2018-05-28 05:00:00",488,1993.64501838233,1187.11160748664,2800.17842927802,760.158610044136,3227.13142672052
"2018-05-28 06:00:00",882,4125.34915553627,3318.81574464058,4931.88256643196,2891.86274719808,5358.83556387447
"2018-05-28 07:00:00",989,4715.20542285929,3908.6720119636,5521.73883375498,3481.71901452109,5948.69183119748
"2018-05-28 08:00:00",1294,4225.03660216873,3418.50319127304,5031.57001306442,2991.55019383054,5458.52301050692
"2018-05-28 09:00:00",1873,3794.06991652409,2987.5365056284,4600.60332741978,2560.58350818589,5027.55632486228
"2018-05-28 10:00:00",2576,3368.62240716073,2562.08899626504,4175.15581805642,2135.13599882253,4602.10881549892
"2018-05-28 11:00:00",3037,3600.31276667744,2793.77935578174,4406.84617757313,2366.82635833924,4833.79917501563
"2018-05-28 12:00:00",3375,3889.71614448407,3083.18273358838,4696.24955537977,2656.22973614588,5123.20255282227
"2018-05-28 13:00:00",3611,3845.71763414612,3039.18422325043,4652.25104504181,2612.23122580793,5079.20404248432
"2018-05-28 14:00:00",4032,4119.71022349639,3313.1768126007,4926.24363439208,2886.22381515819,5353.19663183458
"2018-05-28 15:00:00",3812,4682.4946526272,3875.96124173151,5489.02806352289,3449.00824428901,5915.98106096539
"2018-05-28 16:00:00",3810,5510.43633592792,4703.90292503223,6316.96974682361,4276.94992758973,6743.92274426612
"2018-05-28 17:00:00",3822,5285.177269679,4478.64385878331,6091.71068057469,4051.6908613408,6518.66367801719
"2018-05-28 18:00:00",3749,3769.59029762387,2963.05688672818,4576.12370851956,2536.10388928568,5003.07670596206
"2018-05-28 19:00:00",3145,2711.19700603036,1904.66359513467,3517.73041692606,1477.71059769217,3944.68341436856
"2018-05-28 20:00:00",2611,2267.88890296794,1461.35549207225,3074.42231386363,1034.40249462975,3501.37531130614
"2018-05-28 21:00:00",2338,1845.67799113464,1039.14458023895,2652.21140203033,612.191582796448,3079.16439947284
"2018-05-28 22:00:00",1936,1204.79412194164,398.26071104595,2011.32753283733,-28.6922863965526,2438.28053027983
"2018-05-28 23:00:00",1141,707.002395977246,-99.5310149184452,1513.53580687294,-526.484012360948,1940.48880431544
"2018-05-29 00:00:00",565,588.574345553826,-217.959065341865,1395.10775644952,-644.912062784368,1822.06075389202
"2018-05-29 01:00:00",347,413.687686504576,-392.845724391115,1220.22109740027,-819.798721833618,1647.17409484277
"2018-05-29 02:00:00",239,348.501748603457,-458.031662292234,1155.03515949915,-884.984659734737,1581.98815694165
"2018-05-29 03:00:00",340,434.881196354953,-371.652214540738,1241.41460725064,-798.605211983241,1668.36760469315
"2018-05-29 04:00:00",828,989.816180706893,183.282769811202,1796.34959160258,-243.6702276313,2223.30258904509
"2018-05-29 05:00:00",2911,2923.93467404701,2117.40126315132,3730.4680849427,1690.44826570882,4157.42108238521
"2018-05-29 06:00:00",5723,5596.83767246222,4790.30426156653,6403.37108335791,4363.35126412403,6830.32408080041
"2018-05-29 07:00:00",6106,6264.81849618018,5458.28508528449,7071.35190707587,5031.33208784199,7498.30490451837
"2018-05-29 08:00:00",5530,5976.35779763299,5169.8243867373,6782.89120852868,4742.8713892948,7209.84420597118
"2018-05-29 09:00:00",5117,5737.73414259702,4931.20073170133,6544.26755349271,4504.24773425883,6971.22055093522
"2018-05-29 10:00:00",4530,4490.37717322504,3683.84376232934,5296.91058412073,3256.89076488684,5723.86358156323
"2018-05-29 11:00:00",4436,4738.30730884287,3931.77389794718,5544.84071973856,3504.82090050468,5971.79371718106
"2018-05-29 12:00:00",4866,5020.14262506216,4213.60921416647,5826.67603595785,3786.65621672397,6253.62903340036
"2018-05-29 13:00:00",4973,4960.86334808313,4154.32993718744,5767.39675897882,3727.37693974493,6194.34975642132
"2018-05-29 14:00:00",5159,5282.62560245676,4476.09219156107,6089.15901335245,4049.13919411857,6516.11201079496
"2018-05-29 15:00:00",6018,5872.22370486927,5065.69029397358,6678.75711576496,4638.73729653108,7105.71011320746
"2018-05-29 16:00:00",6820,6705.17760932679,5898.6441984311,7511.71102022248,5471.69120098859,7938.66401766498
"2018-05-29 17:00:00",5990,6311.35849000173,5504.82507910604,7117.89190089742,5077.87208166354,7544.84489833993
"2018-05-29 18:00:00",4267,4846.42477721437,4039.89136631868,5652.95818811006,3612.93836887618,6079.91118555257
"2018-05-29 19:00:00",3036,3520.04870736624,2713.51529647055,4326.58211826193,2286.56229902804,4753.53511570443
"2018-05-29 20:00:00",2466,2920.079858375,2113.5464474793,3726.61326927069,1686.5934500368,4153.56626671319
"2018-05-29 21:00:00",2154,3469.94068017498,2663.40726927928,4276.47409107067,2236.45427183678,4703.42708851317
"2018-05-29 22:00:00",1595,3341.05709554338,2534.52368464769,4147.59050643907,2107.57068720519,4574.54350388157
"2018-05-29 23:00:00",969,1340.80270716024,534.269296264547,2147.33611805593,107.316298822044,2574.28911549843
"2018-05-30 00:00:00",527,865.4120440061,58.8786331104091,1671.94545490179,-368.074364332094,2098.89845234429
"2018-05-30 01:00:00",351,653.276831929717,-153.256578965974,1459.81024282541,-580.209576408477,1886.76324026791
"2018-05-30 02:00:00",306,506.893930275834,-299.639480619857,1313.42734117152,-726.59247806236,1740.38033861403
"2018-05-30 03:00:00",329,587.661735685629,-218.871675210062,1394.19514658132,-645.824672652565,1821.14814402382
"2018-05-30 04:00:00",893,1061.48731680202,254.953905906328,1868.02072769771,-171.999091536175,2294.97372514021
"2018-05-30 05:00:00",3023,3061.83681872905,2255.30340783336,3868.37022962474,1828.35041039086,4295.32322706725
"2018-05-30 06:00:00",6046,6008.18763007793,5201.65421918224,6814.72104097362,4774.70122173974,7241.67403841612
"2018-05-30 07:00:00",6326,6902.73345051529,6096.2000396196,7709.26686141098,5669.2470421771,8136.21985885349
"2018-05-30 08:00:00",5716,6657.51833507469,5850.984924179,7464.05174597039,5424.0319267365,7891.00474341289
"2018-05-30 09:00:00",5283,5420.20486118796,4613.67145029227,6226.73827208365,4186.71845284977,6653.69126952616
"2018-05-30 10:00:00",4554,4784.48480223663,3977.95139134094,5591.01821313232,3550.99839389844,6017.97121057482
"2018-05-30 11:00:00",4744,4876.81376115464,4070.28035025895,5683.34717205033,3643.32735281645,6110.30016949284
"2018-05-30 12:00:00",4923,5071.5416194852,4265.00820858951,5878.07503038089,3838.05521114701,6305.02802782339
"2018-05-30 13:00:00",4823,5054.55103216538,4248.01762126969,5861.08444306107,3821.06462382719,6288.03744050357
"2018-05-30 14:00:00",5343,5498.82489099721,4692.29148010152,6305.3583018929,4265.33848265902,6732.31129933541
"2018-05-30 15:00:00",6062,5870.98426099932,5064.45085010363,6677.51767189501,4637.49785266113,7104.47066933751
"2018-05-30 16:00:00",7042,7039.2641832405,6232.73077234481,7845.7975941362,5805.77777490231,8272.7505915787
"2018-05-30 17:00:00",6429,6489.9268266548,5683.39341575911,7296.46023755049,5256.44041831661,7723.41323499299
"2018-05-30 18:00:00",4621,4692.23885811962,3885.70544722393,5498.77226901531,3458.75244978142,5925.72526645781
"2018-05-30 19:00:00",3555,3406.26642248888,2599.73301159319,4212.79983338458,2172.78001415069,4639.75283082708
"2018-05-30 20:00:00",2788,3072.42441653781,2265.89100564212,3878.9578274335,1838.93800819962,4305.91082487601
"2018-05-30 21:00:00",2612,2641.79327520721,1835.25986431152,3448.3266861029,1408.30686686902,3875.2796835454
"2018-05-30 22:00:00",1932,1817.60166307167,1011.06825217598,2624.13507396737,584.115254733481,3051.08807140987
"2018-05-30 23:00:00",1233,1173.24383036255,366.710419466859,1979.77724125824,-60.2425779756436,2406.73023870074
"2018-05-31 00:00:00",695,637.260644241428,-169.272766654263,1443.79405513712,-596.225764096765,1870.74705257962
"2018-05-31 01:00:00",382,456.460340522086,-350.073070373605,1262.99375141778,-777.026067816108,1689.94674886028
"2018-05-31 02:00:00",307,356.075911392328,-450.457499503363,1162.60932228802,-877.410496945866,1589.56231973052
"2018-05-31 03:00:00",343,441.715896232412,-364.817514663279,1248.2493071281,-791.770512105782,1675.20230457061
"2018-05-31 04:00:00",922,955.078302712261,148.54489181657,1761.61171360795,-278.408105625933,2188.56471105045
"2018-05-31 05:00:00",3013,2957.96289324088,2151.42948234519,3764.49630413657,1724.47648490269,4191.44930157908
"2018-05-31 06:00:00",6007,5812.35052007705,5005.81710918136,6618.88393097274,4578.86411173886,7045.83692841524
"2018-05-31 07:00:00",6420,6544.49939576489,5737.9659848692,7351.03280666058,5311.0129874267,7777.98580410309
"2018-05-31 08:00:00",5912,6099.29436689801,5292.76095600232,6905.8277777937,4865.80795855982,7332.78077523621
"2018-05-31 09:00:00",5313,5933.14663897959,5126.6132280839,6739.68004987528,4699.6602306414,7166.63304731778
"2018-05-31 10:00:00",4734,4953.87494330479,4147.3415324091,5760.40835420048,3720.3885349666,6187.36135164299
"2018-05-31 11:00:00",5008,5112.68013337257,4306.14672247688,5919.21354426826,3879.19372503438,6346.16654171077
"2018-05-31 12:00:00",5031,5079.83901941079,4273.3056085151,5886.37243030649,3846.3526110726,6313.32542774899
"2018-05-31 13:00:00",5199,5162.92592444178,4356.39251354609,5969.45933533747,3929.43951610359,6396.41233277998
"2018-05-31 14:00:00",5407,5488.29530992231,4681.76189902661,6294.828720818,4254.80890158411,6721.7817182605
"2018-05-31 15:00:00",5950,6194.07677011423,5387.54335921854,7000.61018100992,4960.59036177604,7427.56317845242
"2018-05-31 16:00:00",6860,7157.26422625136,6350.73081535567,7963.79763714705,5923.77781791316,8390.75063458955
"2018-05-31 17:00:00",6358,6792.47946441659,5985.9460535209,7599.01287531228,5558.9930560784,8025.96587275479
"2018-05-31 18:00:00",5042,5025.99502431861,4219.46161342291,5832.5284352143,3792.50861598041,6259.4814326568
"2018-05-31 19:00:00",3671,3706.61695774183,2900.08354684614,4513.15036863752,2473.13054940364,4940.10336608002
"2018-05-31 20:00:00",3037,3069.1823069648,2262.64889606911,3875.71571786049,1835.6958986266,4302.66871530299
"2018-05-31 21:00:00",3102,2801.5385112679,1995.0051003722,3608.07192216359,1568.0521029297,4035.02491960609
"2018-05-31 22:00:00",2222,2065.46426036644,1258.93084947075,2871.99767126213,831.977852028247,3298.95066870463
"2018-05-31 23:00:00",1446,1250.82929188434,444.295880988654,2057.36270278004,17.3428835461511,2484.31570022254
"2018-06-01 00:00:00",786,733.606355392177,-72.9270555035137,1540.13976628787,-499.880052946016,1967.09276373037
"2018-06-01 01:00:00",497,481.48813259807,-325.045278297621,1288.02154349376,-751.998275740124,1714.97454093626
"2018-06-01 02:00:00",346,388.603070069055,-417.930340826636,1195.13648096475,-844.883338269139,1622.08947840725
"2018-06-01 03:00:00",395,444.71331490693,-361.820095988761,1251.24672580262,-788.773093431264,1678.19972324512
"2018-06-01 04:00:00",872,932.373118155425,125.839707259734,1738.90652905112,-301.113290182769,2165.85952649362
"2018-06-01 05:00:00",2965,2812.66820407041,2006.13479317472,3619.2016149661,1579.18179573222,4046.15461240861
"2018-06-01 06:00:00",5345,5498.76659316584,4692.23318227015,6305.30000406153,4265.28018482765,6732.25300150404
"2018-06-01 07:00:00",6658,6644.11970865202,5837.58629775633,7450.65311954771,5410.63330031383,7877.60611699021
"2018-06-01 08:00:00",5639,5951.26142912964,5144.72801823395,6757.79484002533,4717.77502079145,7184.74783746783
"2018-06-01 09:00:00",5132,5265.70890899225,4459.17549809656,6072.24231988794,4032.22250065406,6499.19531733045
"2018-06-01 10:00:00",4739,4901.48115835625,4094.94774746056,5708.01456925194,3667.99475001806,6134.96756669444
"2018-06-01 11:00:00",5043,5277.19252174966,4470.65911085396,6083.72593264535,4043.70611341146,6510.67893008785
"2018-06-01 12:00:00",5387,5357.83527224633,4551.30186135064,6164.36868314202,4124.34886390814,6591.32168058452
"2018-06-01 13:00:00",5381,5209.55717728921,4403.02376639352,6016.0905881849,3976.07076895101,6443.0435856274
"2018-06-01 14:00:00",5742,5396.57192444894,4590.03851355325,6203.10533534464,4163.08551611075,6630.05833278714
"2018-06-01 15:00:00",6352,6009.39528952753,5202.86187863184,6815.92870042322,4775.90888118934,7242.88169786572
"2018-06-01 16:00:00",6860,6753.21553813117,5946.68212723548,7559.74894902686,5519.72912979297,7986.70194646936
"2018-06-01 17:00:00",5983,5709.29915578004,4902.76574488435,6515.83256667573,4475.81274744185,6942.78556411824
"2018-06-01 18:00:00",4926,4199.56414499383,3393.03073409814,5006.09755588952,2966.07773665564,5433.05055333202
"2018-06-01 19:00:00",3804,2934.34191015287,2127.80849925718,3740.87532104857,1700.85550181468,4167.82831849107
"2018-06-01 20:00:00",3446,2352.02322241569,1545.48981152,3158.55663331138,1118.5368140775,3585.50963075389
"2018-06-01 21:00:00",3519,2198.74181131964,1392.20840042395,3005.27522221533,965.255402981448,3432.22821965784
"2018-06-01 22:00:00",2865,1857.00251056709,1050.4690996714,2663.53592146278,623.516102228897,3090.48891890528
"2018-06-01 23:00:00",2218,1228.74452183532,422.211110939626,2035.27793273101,-4.74188650287692,2462.23093017351
"2018-06-02 00:00:00",1601,686.469662133471,-120.06374876222,1493.00307302916,-547.016746204723,1919.95607047166
"2018-06-02 01:00:00",830,502.155356078063,-304.378054817628,1308.68876697375,-731.33105226013,1735.64176441626
"2018-06-02 02:00:00",638,485.863154838976,-320.670256056715,1292.39656573467,-747.623253499217,1719.34956317717
"2018-06-02 03:00:00",446,397.65530909613,-408.878101799561,1204.18871999182,-835.831099242064,1631.14171743432
"2018-06-02 04:00:00",424,408.386092889267,-398.147318006424,1214.91950378496,-825.100315448927,1641.87250122746
"2018-06-02 05:00:00",746,620.077437319627,-186.455973576064,1426.61084821532,-613.408971018567,1853.56384565782
"2018-06-02 06:00:00",1385,1049.85517915408,243.321768258384,1856.38859004977,-183.631229184119,2283.34158749227
"2018-06-02 07:00:00",1928,1365.48211864519,558.948707749495,2172.01552954088,131.995710306992,2598.96852698338
"2018-06-02 08:00:00",2730,1538.65735020365,732.123939307964,2345.19076109935,305.170941865461,2772.14375854185
"2018-06-02 09:00:00",3707,1800.32872316429,993.7953122686,2606.86213405998,566.842314826098,3033.81513150249
"2018-06-02 10:00:00",3864,2048.09913180165,1241.56572090596,2854.63254269734,814.612723463458,3281.58554013984
"2018-06-02 11:00:00",4260,2197.29048565995,1390.75707476426,3003.82389655565,963.804077321761,3430.77689399815
"2018-06-02 12:00:00",4671,2167.89013231476,1361.35672141907,2974.42354321046,934.403723976571,3401.37654065296
"2018-06-02 13:00:00",4741,2005.37605499034,1198.84264409465,2811.90946588603,771.889646652148,3238.86246332854
"2018-06-02 14:00:00",4896,1860.67394031274,1054.14052941705,2667.20735120843,627.187531974547,3094.16034865093
"2018-06-02 15:00:00",4509,1943.87389069438,1137.34047979869,2750.40730159007,710.38748235619,3177.36029903258
"2018-06-02 16:00:00",4560,1494.9660467825,688.432635886809,2301.49945767819,261.479638444307,2728.45245512069
"2018-06-02 17:00:00",4221,1550.61241694719,744.079006051499,2357.14582784288,317.126008608996,2784.09882528538
"2018-06-02 18:00:00",4013,1135.12586332189,328.592452426197,1941.65927421758,-98.3605450163061,2368.61227166008
"2018-06-02 19:00:00",3480,937.304782046382,130.771371150691,1743.83819294207,-296.181626291812,2170.79119038458
"2018-06-02 20:00:00",3074,669.687825576481,-136.84558531921,1476.22123647217,-563.798582761713,1903.17423391467
"2018-06-02 21:00:00",2905,776.854861604358,-29.6785492913333,1583.38827250005,-456.631546733836,2010.34126994255
"2018-06-02 22:00:00",2808,681.61797877582,-124.915432119871,1488.15138967151,-551.868429562373,1915.10438711401
"2018-06-02 23:00:00",2103,644.542352091939,-161.991058803752,1451.07576298763,-588.944056246255,1878.02876043013
"2018-06-03 00:00:00",1516,471.069747065524,-335.463663830167,1277.60315796121,-762.41666127267,1704.55615540372
"2018-06-03 01:00:00",905,387.034839674908,-419.498571220783,1193.5682505706,-846.451568663286,1620.5212480131
"2018-06-03 02:00:00",647,305.753641146827,-500.779769748864,1112.28705204252,-927.732767191367,1539.24004948502
"2018-06-03 03:00:00",477,243.964592652483,-562.568818243208,1050.49800354817,-989.521815685711,1477.45100099068
"2018-06-03 04:00:00",419,281.289444383082,-525.243966512609,1087.82285527877,-952.196963955112,1514.77585272128
"2018-06-03 05:00:00",643,417.637497276816,-388.895913618876,1224.17090817251,-815.848911061378,1651.12390561501
"2018-06-03 06:00:00",1103,592.97356941096,-213.559841484731,1399.50698030665,-640.512838927234,1826.45997774915
"2018-06-03 07:00:00",1519,735.968256766005,-70.5651541296866,1542.5016676617,-497.518151572189,1969.4546651042
"2018-06-03 08:00:00",2380,757.826304678048,-48.7071062176426,1564.35971557374,-475.660103660145,1991.31271301624
"2018-06-03 09:00:00",3350,1068.89415091264,262.36074001695,1875.42756180833,-164.592257425553,2302.38055925083
"2018-06-03 10:00:00",3820,1578.8977380165,772.364327120812,2385.43114891219,345.411329678309,2812.3841463547
"2018-06-03 11:00:00",4453,1845.21210229055,1038.67869139486,2651.74551318625,611.72569395236,3078.69851062875
"2018-06-03 12:00:00",4858,2102.78210567448,1296.24869477879,2909.31551657017,869.295697336288,3336.26851401268
"2018-06-03 13:00:00",4563,2277.42568221572,1470.89227132003,3083.95909311141,1043.93927387753,3510.91209055391
"2018-06-03 14:00:00",4458,2467.23600986534,1660.70259896965,3273.76942076103,1233.74960152714,3700.72241820353
"2018-06-03 15:00:00",4554,2227.26696479456,1420.73355389887,3033.80037569026,993.78055645637,3460.75337313276
"2018-06-03 16:00:00",4547,2181.61651655204,1375.08310565635,2988.14992744773,948.130108213849,3415.10292489024
"2018-06-03 17:00:00",4262,1936.34407335062,1129.81066245493,2742.87748424631,702.857665012428,3169.83048168882
"2018-06-03 18:00:00",3972,1746.48942085597,939.956009960277,2553.02283175166,513.003012517774,2979.97582919416
"2018-06-03 19:00:00",3527,1513.89561819735,707.362207301662,2320.42902909304,280.40920985916,2747.38202653555
"2018-06-03 20:00:00",3043,1739.65347112595,933.120060230259,2546.18688202164,506.167062787756,2973.13987946414
"2018-06-03 21:00:00",2490,2917.13082297796,2110.59741208227,3723.66423387365,1683.64441463977,4150.61723131616
"2018-06-03 22:00:00",2051,1281.64675529515,475.113344399456,2088.18016619084,48.1603469569532,2515.13316363334
"2018-06-03 23:00:00",1166,806.244032642544,-0.289378253146765,1612.77744353824,-427.242375695649,2039.73044098074
"2018-06-04 00:00:00",667,181.702494483662,-624.830916412029,988.235905379353,-1051.78391385453,1415.18890282186
"2018-06-04 01:00:00",377,42.3714103716651,-764.162000524026,848.904821267356,-1191.11499796653,1275.85781870986
"2018-06-04 02:00:00",285,42.2342059201164,-764.299204975575,848.767616815808,-1191.25220241808,1275.72061425831
"2018-06-04 03:00:00",375,104.905987384973,-701.627423510718,911.439398280664,-1128.58042095322,1338.39239572317
"2018-06-04 04:00:00",928,546.737461076956,-259.795949818735,1353.27087197265,-686.748947261238,1780.22386941515
"2018-06-04 05:00:00",3021,2011.98354720796,1205.45013631227,2818.51695810365,778.497138869762,3245.46995554615
"2018-06-04 06:00:00",5765,4143.6137020275,3337.08029113181,4950.14711292319,2910.12729368931,5377.1001103657
"2018-06-04 07:00:00",6081,4732.53992852054,3926.00651762485,5539.07333941623,3499.05352018235,5966.02633685873
"2018-06-04 08:00:00",5546,4242.5662116853,3436.03280078961,5049.09962258099,3009.0798033471,5476.05262002349
"2018-06-04 09:00:00",5108,3811.76975088086,3005.23633998517,4618.30316177655,2578.28334254266,5045.25615921905
"2018-06-04 10:00:00",4334,3386.48919280308,2579.95578190739,4193.02260369878,2153.00278446489,4619.97560114128
"2018-06-04 11:00:00",4489,3618.32096987935,2811.78755898365,4424.85438077504,2384.83456154115,4851.80737821754
"2018-06-04 12:00:00",4741,3903.77692382729,3097.2435129316,4710.31033472298,2670.2905154891,5137.26333216549
"2018-06-04 13:00:00",4873,3854.46957015006,3047.93615925437,4661.00298104575,2620.98316181186,5087.95597848825
"2018-06-04 14:00:00",5170,4128.51846463977,3321.98505374408,4935.05187553546,2895.03205630158,5362.00487297797
"2018-06-04 15:00:00",5797,4701.88988488394,3895.35647398825,5508.42329577963,3468.40347654575,5935.37629322214
"2018-06-04 16:00:00",7024,5528.83212799676,4722.29871710107,6335.36553889245,4295.34571965857,6762.31853633495
"2018-06-04 17:00:00",6234,5294.21269551297,4487.67928461727,6100.74610640866,4060.72628717477,6527.69910385116
"2018-06-04 18:00:00",4374,3778.61066510659,2972.0772542109,4585.14407600228,2545.1242567684,5012.09707344478
"2018-06-04 19:00:00",3279,2720.20624342738,1913.67283253169,3526.73965432307,1486.71983508918,3953.69265176557
"2018-06-04 20:00:00",2941,2276.84248993643,1470.30907904074,3083.37590083212,1043.35608159823,3510.32889827462
"2018-06-04 21:00:00",2776,1854.52289608976,1047.98948519407,2661.05630698546,621.036487751571,3088.00930442796
"2018-06-04 22:00:00",1871,1213.41577047173,406.882359576036,2019.94918136742,-20.070637866467,2446.90217880992
"2018-06-04 23:00:00",1115,726.066344506513,-80.4670663891781,1532.5997554022,-507.420063831681,1959.55275284471
"2018-06-05 00:00:00",635,607.663827809124,-198.869583086567,1414.19723870482,-625.82258052907,1841.15023614732
"2018-06-05 01:00:00",399,432.685509230533,-373.847901665158,1239.21892012622,-800.800899107661,1666.17191756873
"2018-06-05 02:00:00",297,367.408566510997,-439.124844384694,1173.94197740669,-866.077841827197,1600.89497484919
"2018-06-05 03:00:00",355,453.721888459183,-352.811522436508,1260.25529935487,-779.764519879011,1687.20829679738
"2018-06-05 04:00:00",952,1008.5711056801,202.037694784406,1815.10451657579,-224.915302658097,2242.05751401829
"2018-06-05 05:00:00",3078,2942.61496197489,2136.0815510792,3749.14837287059,1709.1285536367,4176.10137031309
"2018-06-05 06:00:00",5970,5615.47147591451,4808.93806501882,6422.0048868102,4381.98506757632,6848.9578842527
"2018-06-05 07:00:00",5972,6282.35006982952,5475.81665893383,7088.88348072521,5048.86366149132,7515.83647816771
"2018-06-05 08:00:00",5645,5984.48579412648,5177.95238323079,6791.01920502217,4750.99938578829,7217.97220246468
"2018-06-05 09:00:00",5046,5745.94332324508,4939.40991234938,6552.47673414077,4512.45691490688,6979.42973158327
"2018-06-05 10:00:00",4592,4504.06935031812,3697.53593942243,5310.60276121381,3270.58294197993,5737.55575865631
"2018-06-05 11:00:00",4778,4752.11078679301,3945.57737589732,5558.6441976887,3518.62437845482,5985.5971951312
"2018-06-05 12:00:00",5256,5034.04300022903,4227.50958933334,5840.57641112472,3800.55659189084,6267.52940856723
"2018-06-05 13:00:00",5285,4978.88660963629,4172.35319874059,5785.42002053198,3745.40020129809,6212.37301797448
"2018-06-05 14:00:00",5340,5300.70385972753,4494.17044883183,6107.23727062322,4067.21745138933,6534.19026806572
"2018-06-05 15:00:00",6102,5890.3779086072,5083.84449771151,6696.91131950289,4656.89150026901,7123.8643169454
"2018-06-05 16:00:00",7037,6724.46546899202,5917.93205809632,7530.99887988771,5490.97906065382,7957.95187733021
"2018-06-05 17:00:00",6431,6330.66009859636,5524.12668770067,7137.19350949205,5097.17369025817,7564.14650693456
"2018-06-05 18:00:00",4582,4865.73555176194,4059.20214086624,5672.26896265763,3632.24914342374,6099.22196010013
"2018-06-05 19:00:00",3510,3528.83272420544,2722.29931330975,4335.36613510113,2295.34631586725,4762.31913254363
"2018-06-05 20:00:00",3012,2939.33498249403,2132.80157159834,3745.86839338972,1705.84857415584,4172.82139083222
"2018-06-05 21:00:00",2754,3489.0884317025,2682.55502080681,4295.62184259819,2255.6020233643,4722.57484004069
"2018-06-05 22:00:00",2212,3358.9998276529,2552.46641675721,4165.5332385486,2125.51341931471,4592.4862359911
"2018-06-05 23:00:00",1227,1359.74487945767,553.211468561976,2166.27829035336,126.258471119473,2593.23128779586
"2018-06-06 00:00:00",663,884.303148851467,77.7697379557763,1690.83655974716,-349.183259486726,2117.78955718966
"2018-06-06 01:00:00",415,672.1299635415,-134.403447354191,1478.66337443719,-561.356444796694,1905.61637187969
"2018-06-06 02:00:00",318,525.747716598541,-280.78569429715,1332.28112749423,-707.738691739653,1759.23412493673
"2018-06-06 03:00:00",362,606.491952415077,-200.041458480615,1413.02536331077,-626.994455923117,1839.97836075327
"2018-06-06 04:00:00",934,1080.35943503059,273.826024134903,1886.89284592629,-153.1269733076,2313.84584336879
"2018-06-06 05:00:00",2980,3080.69977100469,2274.166360109,3887.23318190038,1847.2133626665,4314.18617934289
"2018-06-06 06:00:00",5195,6002.96200671319,5196.4285958175,6809.49541760888,4769.475598375,7236.44841505139
"2018-06-06 07:00:00",6083,6897.4076563792,6090.87424548351,7703.94106727489,5663.92124804101,8130.8940647174
"2018-06-06 08:00:00",5301,6665.68430480177,5859.15089390608,7472.21771569746,5432.19789646358,7899.17071313997
"2018-06-06 09:00:00",5324,5418.97641971213,4612.44300881644,6225.50983060782,4185.49001137393,6652.46282805032
"2018-06-06 10:00:00",4621,4779.25590531727,3972.72249442158,5585.78931621296,3545.76949697908,6012.74231365547
"2018-06-06 11:00:00",4915,4871.65099003859,4065.1175791429,5678.18440093428,3638.1645817004,6105.13739837679
"2018-06-06 12:00:00",5098,5066.48818509344,4259.95477419774,5873.02159598913,3833.00177675524,6299.97459343163
"2018-06-06 13:00:00",4799,5053.6093540742,4247.07594317851,5860.14276496989,3820.122945736,6287.09576241239
"2018-06-06 14:00:00",5226,5497.99320434124,4691.45979344555,6304.52661523693,4264.50679600305,6731.47961267943
"2018-06-06 15:00:00",6264,5870.17352509291,5063.64011419722,6676.7069359886,4636.68711675472,7103.6599334311
"2018-06-06 16:00:00",6925,7058.46823990748,6251.93482901179,7865.00165080317,5824.98183156928,8291.95464824567
"2018-06-06 17:00:00",6637,6489.21757094159,5682.6841600459,7295.75098183728,5255.7311626034,7722.70397927978
"2018-06-06 18:00:00",5055,4711.49791050419,3904.9644996085,5518.03132139989,3478.011502166,5944.98431884239
"2018-06-06 19:00:00",3648,3415.0452016407,2608.51179074501,4221.57861253639,2181.5587933025,4648.53160997889
"2018-06-06 20:00:00",3157,3081.15343765941,2274.62002676372,3887.6868485551,1847.66702932122,4314.63984599761
"2018-06-06 21:00:00",2723,2650.41361431545,1843.88020341976,3456.94702521114,1416.92720597725,3883.90002265364
"2018-06-06 22:00:00",2224,1836.61716299258,1030.08375209689,2643.15057388827,603.130754654382,3070.10357133077
"2018-06-06 23:00:00",1303,1192.16243306672,385.629022171029,1998.69584396241,-41.3239752714742,2425.64884140491
"2018-06-07 00:00:00",685,656.104609900278,-150.428800995414,1462.63802079597,-577.381798437916,1889.59101823847
"2018-06-07 01:00:00",439,475.210027807899,-331.323383087793,1281.74343870359,-758.276380530295,1708.69643614609
"2018-06-07 02:00:00",328,374.783697179014,-431.749713716677,1181.3171080747,-858.70271115918,1608.27010551721
"2018-06-07 03:00:00",380,460.390946472904,-346.142464422787,1266.9243573686,-773.09546186529,1693.8773548111
"2018-06-07 04:00:00",977,973.70883260993,167.175421714239,1780.24224350562,-259.777575728264,2207.19524094812
"2018-06-07 05:00:00",3018,2976.57771007638,2170.04429918069,3783.11112097207,1743.09130173818,4210.06411841457
"2018-06-07 06:00:00",5885,5830.88546217984,5024.35205128415,6637.41887307553,4597.39905384164,7064.37187051803
"2018-06-07 07:00:00",6097,6543.10269358162,5736.56928268593,7349.63610447732,5309.61628524343,7776.58910191982
"2018-06-07 08:00:00",5871,6097.94742274496,5291.41401184927,6904.48083364065,4864.46101440677,7331.43383108315
"2018-06-07 09:00:00",5136,5931.88546195756,5125.35205106187,6738.41887285325,4698.39905361937,7165.37187029576
"2018-06-07 10:00:00",4691,4952.71655589781,4146.18314500212,5759.2499667935,3719.23014755962,6186.20296423601
"2018-06-07 11:00:00",5168,5111.65203343944,4305.11862254375,5918.18544433513,3878.16562510125,6345.13844177764
"2018-06-07 12:00:00",5220,5078.9051978507,4272.37178695501,5885.43860874639,3845.41878951251,6312.39160618889
"2018-06-07 13:00:00",5094,5162.07132290347,4355.53791200778,5968.60473379916,3928.58491456528,6395.55773124167
"2018-06-07 14:00:00",5399,5487.48981170329,4680.9564008076,6294.02322259898,4254.00340336509,6720.97622004148
"2018-06-07 15:00:00",6202,6213.29457571061,5406.76116481491,7019.8279866063,4979.80816737241,7446.7809840488
"2018-06-07 16:00:00",6858,7176.51869565947,6369.98528476378,7983.05210655516,5943.03228732128,8410.00510399766
"2018-06-07 17:00:00",6286,6787.71672167503,5981.18331077933,7594.25013257072,5554.23031333683,8021.20313001322
"2018-06-07 18:00:00",4858,5045.18009436879,4238.6466834731,5851.71350526448,3811.69368603059,6278.66650270698
"2018-06-07 19:00:00",3715,3725.77583935506,2919.24242845937,4532.30925025075,2492.28943101686,4959.26224769325
"2018-06-07 20:00:00",3222,3064.30171625694,2257.76830536124,3870.83512715263,1830.81530791874,4297.78812459513
"2018-06-07 21:00:00",2912,2796.61012666259,1990.0767157669,3603.14353755828,1563.1237183244,4030.09653500079
"2018-06-07 22:00:00",2215,2073.99686821088,1267.46345731519,2880.53027910657,840.510459872687,3307.48327654907
"2018-06-07 23:00:00",1398,1259.30101161287,452.767600717175,2065.83442250856,25.8146032746722,2492.78741995106
"2018-06-08 00:00:00",800,752.577334970256,-53.956075925435,1559.11074586595,-480.909073367938,1986.06374330845
"2018-06-08 01:00:00",480,489.907475452682,-316.625935443009,1296.44088634837,-743.578932885512,1723.39388379088
"2018-06-08 02:00:00",354,407.496139047194,-399.037271848497,1214.02954994288,-825.990269291,1640.98254738539
"2018-06-08 03:00:00",364,463.542876925454,-342.990533970237,1270.07628782114,-769.94353141274,1697.02928526365
"2018-06-08 04:00:00",884,940.653007583254,134.119596687563,1747.18641847894,-292.83340075494,2174.13941592145
"2018-06-08 05:00:00",2793,2831.46044756628,2024.92703667059,3637.99385846197,1597.97403922808,4064.94685590447
"2018-06-08 06:00:00",5554,5497.60362278239,4691.0702118867,6304.13703367808,4264.1172144442,6731.09003112059
"2018-06-08 07:00:00",6584,6642.96132124504,5836.42791034935,7449.49473214073,5409.47491290685,7876.44772958323
"2018-06-08 08:00:00",5442,5946.08621850604,5139.55280761035,6752.61962940173,4712.59981016785,7179.57262684423
"2018-06-08 09:00:00",5011,5260.58476582071,4454.05135492502,6067.1181767164,4027.09835748252,6494.07117415891
"2018-06-08 10:00:00",4681,4896.39891668384,4089.86550578815,5702.93232757953,3662.91250834564,6129.88532502203
"2018-06-08 11:00:00",4996,5272.1201007411,4465.58668984541,6078.65351163679,4038.63369240291,6505.60650907929
"2018-06-08 12:00:00",5415,5352.79624149489,4546.2628305992,6159.32965239058,4119.3098331567,6586.28264983309
"2018-06-08 13:00:00",5563,5208.62008217449,4402.0866712788,6015.15349307019,3975.1336738363,6442.10649051269
"2018-06-08 14:00:00",5936,5391.6206249613,4585.08721406561,6198.15403585699,4158.13421662311,6625.1070332995
"2018-06-08 15:00:00",6290,6004.44399003989,5197.9105791442,6810.97740093558,4770.95758170169,7237.93039837808
"2018-06-08 16:00:00",6727,6748.24590673766,5941.71249584197,7554.77931763335,5514.75949839946,7981.73231507585
"2018-06-08 17:00:00",5865,5704.36225993273,4897.82884903704,6510.89567082842,4470.87585159453,6937.84866827092
"2018-06-08 18:00:00",4959,4198.69121154965,3392.15780065396,5005.22462244535,2965.20480321146,5432.17761988785
"2018-06-08 19:00:00",3792,2933.48076150533,2126.94735060964,3740.01417240102,1699.99435316713,4166.96716984352
"2018-06-08 20:00:00",3251,2351.13523062027,1544.60181972458,3157.66864151596,1117.64882228207,3584.62163895846
"2018-06-08 21:00:00",3050,2197.78965785368,1391.25624695799,3004.32306874937,964.303249515485,3431.27606619187
"2018-06-08 22:00:00",3360,1865.45393425697,1058.92052336128,2671.98734515266,631.967525918778,3098.94034259517
"2018-06-08 23:00:00",2903,1227.69743528539,421.164024389702,2034.23084618108,-5.78897305280066,2461.18384362359
"2018-06-09 00:00:00",1511,705.318210768787,-101.215200126904,1511.85162166448,-528.168197569407,1938.80461910698
"2018-06-09 01:00:00",1110,520.971169167186,-285.562241728505,1327.50458006288,-712.515239171007,1754.45757750538
"2018-06-09 02:00:00",866,504.650815358373,-301.882595537318,1311.18422625406,-728.83559297982,1738.13722369657
"2018-06-09 03:00:00",614,396.470733252195,-410.062677643496,1203.00414414789,-837.015675085999,1629.95714159039
"2018-06-09 04:00:00",517,427.158040346491,-379.3753705492,1233.69145124218,-806.328367991703,1660.64444868468
"2018-06-09 05:00:00",795,638.818613363429,-167.714797532262,1445.35202425912,-594.667794974765,1872.30502170162
"2018-06-09 06:00:00",1398,1044.61449743809,238.081086542396,1851.14790833378,-188.871910900106,2278.10090577628
"2018-06-09 07:00:00",2172,1373.74302145622,567.209610560531,2180.27643235191,140.256613118029,2607.22942979442
"2018-06-09 08:00:00",2686,1533.46839065065,726.934979754961,2340.00180154634,299.981982312459,2766.95479898885
"2018-06-09 09:00:00",3367,1795.22814958601,988.694738690319,2601.7615604817,561.741741247817,3028.7145579242
"2018-06-09 10:00:00",3684,2043.03587674603,1236.50246585034,2849.56928764172,809.549468407837,3276.52228508422
"2018-06-09 11:00:00",4085,2192.25080019759,1385.7173893019,2998.78421109328,958.764391859399,3425.73720853579
"2018-06-09 12:00:00",4257,2166.89149437321,1360.35808347752,2973.4249052689,933.405086035013,3400.3779027114
"2018-06-09 13:00:00",4186,2000.31803762211,1193.78462672642,2806.8514485178,766.831629283918,3233.80444596031
"2018-06-09 14:00:00",4196,1855.61068525712,1049.07727436143,2662.14409615281,622.124276918927,3089.09709359531
"2018-06-09 15:00:00",3957,1938.82307514632,1132.28966425063,2745.35648604201,705.336666808122,3172.30948348451
"2018-06-09 16:00:00",3940,1489.93094429661,683.397533400915,2296.4643551923,256.444535958412,2723.4173526348
"2018-06-09 17:00:00",3589,1559.10967040174,752.576259506051,2365.64308129743,325.623262063548,2792.59607873994
"2018-06-09 18:00:00",3571,1130.14248299898,323.609072103287,1936.67589389467,-103.343925339216,2363.62889133717
"2018-06-09 19:00:00",3128,936.399767766937,129.866356871246,1742.93317866263,-297.086640571257,2169.88617610513
"2018-06-09 20:00:00",2782,668.786739562579,-137.746671333112,1475.32015045827,-564.699668775615,1902.27314790077
"2018-06-09 21:00:00",2835,775.93086070812,-30.6025501875707,1582.46427160381,-457.555547630073,2009.41726904631
"2018-06-09 22:00:00",2863,680.659932911542,-125.873477984149,1487.19334380723,-552.826475426652,1914.14634124974
"2018-06-09 23:00:00",1928,663.504820428007,-143.028590467684,1470.0382313237,-569.981587910186,1896.9912287662
"2018-06-10 00:00:00",1226,490.045309620069,-316.488101275622,1296.57872051576,-743.441098718125,1723.53171795826
"2018-06-10 01:00:00",777,405.984213792499,-400.549197103192,1212.51762468819,-827.502194545695,1639.47062213069
"2018-06-10 02:00:00",570,324.655221366976,-481.878189528715,1131.18863226267,-908.831186971218,1558.14162970517
"2018-06-10 03:00:00",350,238.812296911217,-567.721113984474,1045.34570780691,-994.674111426976,1472.29870524941
"2018-06-10 04:00:00",293,289.595522247865,-516.937888647826,1096.12893314356,-943.890886090328,1523.08193058606
"2018-06-10 05:00:00",427,436.43825201469,-370.095158881002,1242.97166291038,-797.048156323504,1669.92466035288
"2018-06-10 06:00:00",808,611.730458516935,-194.802952378756,1418.26386941263,-621.755949821259,1845.21686685513
"2018-06-10 07:00:00",1012,744.208208827478,-62.3252020682133,1550.74161972317,-489.278199510716,1977.69461716567
"2018-06-10 08:00:00",1617,766.125180722669,-40.4082301730216,1572.65859161836,-467.361227615524,1999.61158906086
"2018-06-10 09:00:00",2417,1067.79206864511,261.258657749422,1874.3254795408,-165.694339693081,2301.27847698331
"2018-06-10 10:00:00",3075,1573.81156807855,767.278157182856,2380.34497897424,340.325159740353,2807.29797641674
"2018-06-10 11:00:00",3656,1844.21477377084,1037.68136287515,2650.74818466654,610.72836543265,3077.70118210904
"2018-06-10 12:00:00",3993,2097.76140682891,1291.22799593322,2904.2948177246,864.274998490718,3331.24781516711
"2018-06-10 13:00:00",3888,2272.41873229955,1465.88532140386,3078.95214319524,1038.93232396136,3505.90514063775
"2018-06-10 14:00:00",4125,2462.25001069873,1655.71659980304,3268.78342159442,1228.76360236054,3695.73641903693
"2018-06-10 15:00:00",4062,2226.35278456218,1419.81937366649,3032.88619545788,992.866376223991,3459.83919290038
"2018-06-10 16:00:00",3901,2180.77631865406,1374.24290775837,2987.30972954975,947.289910315866,3414.26272699225
"2018-06-10 17:00:00",3584,1935.5385751316,1129.00516423591,2742.0719860273,702.05216679341,3169.0249834698
"2018-06-10 18:00:00",3477,1745.7101110739,939.176700178213,2552.2435219696,512.223702735711,2979.1965194121
"2018-06-10 19:00:00",3010,1513.10190477497,706.568493879274,2319.63531567066,279.615496436771,2746.58831311316
"2018-06-10 20:00:00",2979,1738.83553339938,932.302122503688,2545.36894429507,505.349125061185,2972.32194173757
"2018-06-10 21:00:00",2353,2916.27360259596,2109.74019170027,3722.80701349165,1682.78719425777,4149.76001093415
"2018-06-10 22:00:00",1834,1280.76400118711,474.230590291422,2087.2974120828,47.2775928489191,2514.25040952531
"2018-06-10 23:00:00",1101,801.301899107838,-5.2315117878527,1607.83531000353,-432.184509230355,2034.78830744603
"2018-06-11 00:00:00",642,176.707984075047,-629.825426820644,983.241394970738,-1056.77842426315,1410.19439241324
"2018-06-11 01:00:00",396,37.3160118471308,-769.21739904856,843.849422742822,-1196.17039649106,1270.80242018532
"2018-06-11 02:00:00",291,61.1050147268439,-745.428396168847,867.638425622535,-1172.38139361135,1294.59142306504
"2018-06-11 03:00:00",310,123.735549403497,-682.797861492194,930.268960299188,-1109.7508589347,1357.22195774169
"2018-06-11 04:00:00",873,565.506134979561,-241.02727591613,1372.03954587525,-667.980273358633,1798.99254331775
"2018-06-11 05:00:00",2947,2020.21695216019,1213.6835412645,2826.75036305588,786.730543821997,3253.70336049838
"2018-06-11 06:00:00",5476,4142.40293774661,3335.86952685092,4948.9363486423,2908.91652940842,5375.88934608481
"2018-06-11 07:00:00",6336,4727.31037689026,3920.77696599457,5533.84378778595,3493.82396855207,5960.79678522845
"2018-06-11 08:00:00",5676,4237.3582655155,3430.82485461981,5043.89167641119,3003.87185717731,5470.8446738537
"2018-06-11 09:00:00",4588,3806.60501563204,3000.07160473635,4613.13842652773,2573.11860729384,5040.09142397023
"2018-06-11 10:00:00",4270,3381.36832318616,2574.83491229047,4187.90173408185,2147.88191484797,4614.85473152436
"2018-06-11 11:00:00",4435,3613.20861150443,2806.67520060874,4419.74202240013,2379.72220316624,4846.69501984263
"2018-06-11 12:00:00",4763,3902.71346950427,3096.18005860858,4709.24688039996,2669.22706116608,5136.19987784247
"2018-06-11 13:00:00",4658,3849.43184882047,3042.89843792478,4655.96525971616,2615.94544048227,5082.91825715866
"2018-06-11 14:00:00",4923,4123.56258217567,3317.02917127997,4930.09599307136,2890.07617383747,5357.04899051386
"2018-06-11 15:00:00",5691,4696.92090820136,3890.38749730567,5503.45431909705,3463.43449986316,5930.40731653955
"2018-06-11 16:00:00",6556,5523.85529478309,4717.3218838874,6330.38870567878,4290.36888644489,6757.34170312128
"2018-06-11 17:00:00",5922,5289.22735105728,4482.69394016159,6095.76076195298,4055.74094271909,6522.71375939548
"2018-06-11 18:00:00",4512,3773.56115898037,2967.02774808468,4580.09456987606,2540.07475064218,5007.04756731856
"2018-06-11 19:00:00",3078,2715.1469166373,1908.61350574161,3521.68032753299,1481.66050829911,3948.63332497549
"2018-06-11 20:00:00",2611,2275.83206719824,1469.29865630255,3082.36547809393,1042.34565886005,3509.31847553643
"2018-06-11 21:00:00",2240,1849.51136319713,1042.97795230144,2656.04477409282,616.024954858935,3082.99777153532
"2018-06-11 22:00:00",1861,1221.88749020025,415.354079304557,2028.42090109594,-11.5989181379459,2455.37389853844
"2018-06-11 23:00:00",1109,725.038899284305,-81.4945116113859,1531.57231018,-508.447509053889,1958.5253076225
"2018-06-12 00:00:00",621,616.061565203249,-190.471845692443,1422.59497609894,-617.424843134945,1849.54797354144
"2018-06-12 01:00:00",396,427.569222590079,-378.964188305612,1234.10263348577,-805.917185748115,1661.05563092827
"2018-06-12 02:00:00",314,375.753927031212,-430.779483864479,1182.2873379269,-857.732481306981,1609.24033536941
"2018-06-12 03:00:00",362,462.075105510484,-344.458305385207,1268.60851640618,-771.411302827709,1695.56151384868
"2018-06-12 04:00:00",912,1016.88569478689,210.3522838912,1823.41910568258,-216.600713551303,2250.37210312508
"2018-06-12 05:00:00",3013,2937.46790392102,2130.93449302533,3744.00131481671,1703.98149558283,4170.95431225921
"2018-06-12 06:00:00",5905,5610.32441786063,4803.79100696494,6416.85782875633,4376.83800952244,6843.81082619883
"2018-06-12 07:00:00",6283,6300.12454123161,5493.59113033592,7106.6579521273,5066.63813289341,7533.6109495698
"2018-06-12 08:00:00",5656,5992.88680507523,5186.35339417954,6799.42021597092,4759.40039673703,7226.37321341342
"2018-06-12 09:00:00",4948,5740.92196968858,4934.38855879289,6547.45538058427,4507.43556135039,6974.40837802678
"2018-06-12 10:00:00",4574,4499.09971892461,3692.56630802892,5305.6331298203,3265.61331058642,5732.58612726281
"2018-06-12 11:00:00",4531,4747.19746053895,3940.66404964326,5553.73087143464,3513.71105220076,5980.68386887715
"2018-06-12 12:00:00",4911,5029.1578265447,4222.62441564901,5835.6912374404,3795.67141820651,6262.6442348829
"2018-06-12 13:00:00",4777,4974.01060190489,4167.4771910092,5780.54401280058,3740.5241935667,6207.49701024308
"2018-06-12 14:00:00",5185,5295.88874011205,4489.35532921636,6102.42215100774,4062.40233177385,6529.37514845024
"2018-06-12 15:00:00",6092,5899.07877715907,5092.54536626338,6705.61218805477,4665.59236882088,7132.56518549727
"2018-06-12 16:00:00",6777,6733.19907309008,5926.66566219439,7539.73248398577,5499.71266475189,7966.68548142828
"2018-06-12 17:00:00",6366,6329.9685200781,5523.43510918241,7136.50193097379,5096.4821117399,7563.45492841629
"2018-06-12 18:00:00",4701,4865.05706746215,4058.52365656646,5671.59047835784,3631.57065912395,6098.54347580034
"2018-06-12 19:00:00",3235,3528.0979347662,2721.56452387051,4334.63134566189,2294.61152642801,4761.58434310439
"2018-06-12 20:00:00",2975,2938.55960097751,2132.02619008182,3745.0930118732,1705.07319263932,4172.0460093157
"2018-06-12 21:00:00",2990,3488.24823380451,2681.71482290882,4294.78164470021,2254.76182546632,4721.73464214271
"2018-06-12 22:00:00",2332,3358.10856230286,2551.57515140717,4164.64197319855,2124.62215396467,4591.59497064105
"2018-06-12 23:00:00",1250,1358.77832235138,552.244911455687,2165.31173324707,125.291914013184,2592.26473068957
"2018-06-13 00:00:00",684,903.198181962378,96.6647710666867,1709.73159285807,-330.288226375816,2136.68459030057
"2018-06-13 01:00:00",439,690.909112818887,-115.624298076804,1497.44252371458,-542.577295519307,1924.39552115708
"2018-06-13 02:00:00",328,544.441753455825,-262.091657439866,1350.97516435152,-689.044654882369,1777.92816179402
"2018-06-13 03:00:00",387,625.120518179975,-181.412892715717,1431.65392907567,-608.365890158219,1858.60692651817
"2018-06-13 04:00:00",922,1098.9087807737,292.375369878013,1905.4421916694,-134.577627564489,2332.3951891119
"2018-06-13 05:00:00",3022,3099.23078484193,2292.69737394624,3905.76419573763,1865.74437650374,4332.71719318013
"2018-06-13 06:00:00",5767,6021.45046434038,5214.91705344469,6827.98387523607,4787.96405600219,7254.93687267858
"2018-06-13 07:00:00",6127,6914.88947199833,6108.35606110264,7721.42288289402,5681.40306366013,8148.37588033652
"2018-06-13 08:00:00",5664,6683.31015682415,5876.77674592845,7489.84356771984,5449.82374848595,7916.79656516234
"2018-06-13 09:00:00",5157,5436.76464004362,4630.23122914793,6243.29805093931,4203.27823170542,6670.25104838181
"2018-06-13 10:00:00",4579,4798.2445620903,3991.71115119461,5604.77797298599,3564.7581537521,6031.73097042849
"2018-06-13 11:00:00",4687,4889.68734581023,4083.15393491454,5696.22075670592,3656.20093747204,6123.17375414842
"2018-06-13 12:00:00",5110,5084.58542898099,4278.0520180853,5891.11883987668,3851.0990206428,6318.07183731918
"2018-06-13 13:00:00",4998,5072.84090859997,4266.30749770428,5879.37431949567,3839.35450026178,6306.32731693817
"2018-06-13 14:00:00",5227,5517.23916250734,4710.70575161165,6323.77257340303,4283.75275416915,6750.72557084553
"2018-06-13 15:00:00",6188,5889.46334889091,5082.92993799522,6695.9967597866,4655.97694055272,7122.9497572291
"2018-06-13 16:00:00",6781,7077.76657494749,6271.2331640518,7884.29998584318,5844.28016660929,8311.25298328568
"2018-06-13 17:00:00",5644,6498.00748017911,5691.47406928342,7304.5408910748,5264.52107184091,7731.4938885173
"2018-06-13 18:00:00",4617,4720.28716503079,3913.7537541351,5526.82057592648,3486.8007566926,5953.77357336898
"2018-06-13 19:00:00",3560,3423.7879716917,2617.25456079601,4230.32138258739,2190.3015633535,4657.27438002989
"2018-06-13 20:00:00",3277,3100.34767366253,2293.81426276684,3906.88108455822,1866.86126532433,4333.83408200072
"2018-06-13 21:00:00",2777,2649.5223489654,1842.98893806971,3456.05575986109,1416.03594062721,3883.0087573036
"2018-06-13 22:00:00",2123,1855.5455863606,1049.01217546491,2662.07899725629,622.05917802241,3089.0319946988
"2018-06-13 23:00:00",1283,1211.02473063144,404.491319735746,2017.55814152713,-22.461677706757,2444.51113896963
"2018-06-14 00:00:00",724,674.914530591086,-131.618880304605,1481.44794148678,-558.571877747108,1908.40093892928
"2018-06-14 01:00:00",424,483.493845501271,-323.03956539442,1290.02725639696,-749.992562836923,1716.98025383946
"2018-06-14 02:00:00",308,373.634475724967,-432.898935170724,1180.16788662066,-859.851932613227,1607.12088406316
"2018-06-14 03:00:00",368,468.712082688937,-337.821328206755,1275.24549358463,-764.774325649257,1702.19849102713
"2018-06-14 04:00:00",928,982.007708654551,175.47429775886,1788.54111955024,-251.478699683642,2215.49411699275
"2018-06-14 05:00:00",3013,2995.33525389328,2188.80184299759,3801.86866478897,1761.84884555508,4228.82166223147
"2018-06-14 06:00:00",5824,5849.58408201359,5043.0506711179,6656.11749290928,4616.09767367539,7083.07049035178
"2018-06-14 07:00:00",6438,6551.33871737755,5744.80530648186,7357.87212827325,5317.85230903936,7784.82512571575
"2018-06-14 08:00:00",5778,6096.89640792949,5290.3629970338,6903.42981882519,4863.4099995913,7330.38281626769
"2018-06-14 09:00:00",4983,5930.91432187481,5124.38091097912,6737.4477327705,4697.42791353661,7164.400730213
"2018-06-14 10:00:00",4510,4951.81546988391,4145.28205898822,5758.3488807796,3718.32906154572,6185.3018782221
"2018-06-14 11:00:00",4810,5110.82034678347,4304.28693588778,5917.35375767916,3877.33393844528,6344.30675512166
"2018-06-14 12:00:00",5062,5078.14356526358,4271.61015436789,5884.67697615927,3844.65715692539,6311.62997360177
"2018-06-14 13:00:00",5018,5181.33495826452,4374.80154736883,5987.86836916021,3947.84854992633,6414.82136660271
"2018-06-14 14:00:00",5434,5506.79665798531,4700.26324708962,6313.330068881,4273.31024964711,6740.2830663235
"2018-06-14 15:00:00",6192,6232.64987060099,5426.1164597053,7039.18328149668,4999.1634622628,7466.13627893919
"2018-06-14 16:00:00",6890,7175.93579915456,6369.40238825887,7982.46921005026,5942.44939081637,8409.42220749276
"2018-06-14 17:00:00",6049,6787.13840814659,5980.6049972509,7593.67181904228,5553.65199980839,8020.62481648478
"2018-06-14 18:00:00",4819,5064.53538925917,4258.00197836348,5871.06880015487,3831.04898092098,6298.02179759737
"2018-06-14 19:00:00",3709,3745.07482910599,2938.5414182103,4551.60824000168,2511.5884207678,4978.56123744419
"2018-06-14 20:00:00",3274,3063.58002103617,2257.04661014048,3870.11343193186,1830.09361269798,4297.06642937437
"2018-06-14 21:00:00",2922,2815.80436266571,2009.27095177002,3622.3377735614,1582.31795432751,4049.2907710039
"2018-06-14 22:00:00",2284,2073.19660767925,1266.66319678356,2879.73001857495,839.71019934106,3306.68301601745
"2018-06-14 23:00:00",1388,1267.86700971442,461.333598818732,2074.40042061011,34.3806013762296,2501.35341805262
"2018-06-15 00:00:00",830,771.620987460883,-34.9124234348076,1578.15439835657,-461.86542087731,2005.10739579908
"2018-06-15 01:00:00",500,508.900715202172,-297.632695693519,1315.43412609786,-724.585693136022,1742.38712354037
"2018-06-15 02:00:00",358,426.45664325049,-380.076767645201,1232.99005414618,-807.029765087703,1659.94305158868
"2018-06-15 03:00:00",384,482.485049222882,-324.048361672809,1289.01846011857,-751.001359115311,1715.97145756108
"2018-06-15 04:00:00",866,959.580121529434,153.046710633742,1766.11353242512,-273.90628680876,2193.06652986763
"2018-06-15 05:00:00",2843,2850.41178581664,2043.87837492095,3656.94519671233,1616.92537747844,4083.89819415483
"2018-06-15 06:00:00",5432,5516.53531970504,4710.00190880935,6323.06873060073,4283.04891136685,6750.02172804323
"2018-06-15 07:00:00",6361,6661.94997801806,5855.41656712237,7468.48338891375,5428.46356967987,7895.43638635626
"2018-06-15 08:00:00",5671,5945.19822671061,5138.66481581492,6751.7316376063,4711.71181837242,7178.68463504881
"2018-06-15 09:00:00",4977,5279.76132462888,4473.22791373319,6086.29473552458,4046.27491629069,6513.24773296708
"2018-06-15 10:00:00",4801,4895.74203784453,4089.20862694884,5702.27544874023,3662.25562950634,6129.22844618273
"2018-06-15 11:00:00",5025,5271.57386804793,4465.04045715224,6078.10727894362,4038.08745970974,6505.06027638613
"2018-06-15 12:00:00",5396,5372.28247857005,4565.74906767436,6178.81588946574,4138.79607023186,6605.76888690824
"2018-06-15 13:00:00",5168,5208.29907003914,4401.76565914344,6014.83248093483,3974.81266170094,6441.78547837733
"2018-06-15 14:00:00",5614,5411.32946375058,4604.79605285488,6217.86287464627,4177.84305541238,6644.81587208877
"2018-06-15 15:00:00",5993,6024.13580634514,5217.60239544945,6830.66921724083,4790.64939800695,7257.62221468333
"2018-06-15 16:00:00",6333,6743.87533583949,5937.34192494379,7550.40874673518,5510.38892750129,7977.36174417768
"2018-06-15 17:00:00",5165,5704.03142713351,4897.49801623782,6510.5648380292,4470.54501879532,6937.5178354717
"2018-06-15 18:00:00",4369,4198.36234288321,3391.82893198752,5004.8957537789,2964.87593454502,5431.8487512214
"2018-06-15 19:00:00",3688,2933.13225151117,2126.59884061548,3739.66566240686,1699.64584317297,4166.61865984936
"2018-06-15 20:00:00",3123,2350.69767994046,1544.16426904477,3157.23109083615,1117.21127160227,3584.18408827866
"2018-06-15 21:00:00",3118,2206.66402480038,1400.13061390468,3013.19743569607,973.177616462182,3440.15043313857
"2018-06-15 22:00:00",2778,1864.86252651006,1058.32911561437,2671.39593740575,631.376118171864,3098.34893484825
"2018-06-15 23:00:00",2666,1247.01410223127,440.480691335581,2053.54751312696,13.5276938930779,2480.50051056947
"2018-06-16 00:00:00",1386,724.612617543254,-81.9207933524372,1531.14602843894,-508.87379079494,1958.09902588145
"2018-06-16 01:00:00",825,540.26164767611,-266.271763219581,1346.7950585718,-693.224760662083,1773.7480560143
"2018-06-16 02:00:00",587,523.932127914363,-282.601282981328,1330.46553881005,-709.554280423831,1757.41853625256
"2018-06-16 03:00:00",391,415.743534566175,-390.789876329516,1222.27694546187,-817.742873772019,1649.22994290437
"2018-06-16 04:00:00",402,446.430841660471,-360.10256923522,1252.96425255616,-787.055566677723,1679.91724999866
"2018-06-16 05:00:00",772,658.043620779967,-148.489790115724,1464.57703167566,-575.442787558227,1891.53002911816
"2018-06-16 06:00:00",1196,1063.83492187816,257.301510982467,1870.36833277385,-169.651486460036,2297.32133021635
"2018-06-16 07:00:00",1651,1368.9704580508,562.437047155106,2175.50386894649,135.484049712604,2602.45686638899
"2018-06-16 08:00:00",2329,1528.6401768167,722.106765921008,2335.17358771239,295.153768478505,2762.12658515489
"2018-06-16 09:00:00",3017,1790.27750480929,983.744093913603,2596.81091570499,556.791096471101,3023.76391314749
"2018-06-16 10:00:00",3514,2056.91464645242,1250.38123555672,2863.44805734811,823.428238114222,3290.40105479061
"2018-06-16 11:00:00",3907,2187.2595633436,1380.72615244791,2993.79297423929,953.773155005404,3420.74597168179
"2018-06-16 12:00:00",4494,2161.92710066709,1355.3936897714,2968.46051156278,928.440692328896,3395.41350900528
"2018-06-16 13:00:00",4834,1995.3922718605,1188.85886096481,2801.92568275619,761.905863522309,3228.8786801987
"2018-06-16 14:00:00",4900,1850.72551157279,1044.1921006771,2657.25892246848,617.239103234597,3084.21191991098
"2018-06-16 15:00:00",4363,1958.08212753089,1151.5487166352,2764.61553842659,724.595719192701,3191.56853586909
"2018-06-16 16:00:00",4495,1489.3617967211,682.828385825412,2295.89520761679,255.875388382909,2722.8482050593
"2018-06-16 17:00:00",4053,1578.60900169538,772.075590799687,2385.14241259107,345.122593357185,2812.09541003357
"2018-06-16 18:00:00",3987,1149.69419116652,343.160780270833,1956.22760206221,-83.79221717167,2383.18059950472
"2018-06-16 19:00:00",3223,955.960641887417,149.427230991725,1762.49405278311,-277.525766450777,2189.44705022561
"2018-06-16 20:00:00",2928,668.383888561737,-138.149522333954,1474.91729945743,-565.102519776457,1901.87029689993
"2018-06-16 21:00:00",2887,795.408586541269,-11.1248243544218,1601.94199743696,-438.077821796924,2028.89499487946
"2018-06-16 22:00:00",2606,680.137924522557,-126.395486373134,1486.67133541825,-553.348483815637,1913.62433286075
"2018-06-16 23:00:00",2047,682.974035019146,-123.559375876545,1489.50744591484,-550.512373319048,1916.46044335734
"2018-06-17 00:00:00",1332,509.526963718761,-297.00644717693,1316.06037461445,-723.959444619432,1743.01337205696
"2018-06-17 01:00:00",866,425.466522602115,-381.066888293576,1231.99993349781,-808.019885736079,1658.95293094031
"2018-06-17 02:00:00",659,344.116579427028,-462.416831468663,1150.64999032272,-889.369828911166,1577.60298776522
"2018-06-17 03:00:00",413,247.714161716717,-558.819249178975,1054.24757261241,-985.772246621477,1481.20057005491
"2018-06-17 04:00:00",393,298.41685760973,-508.116553285962,1104.95026850542,-935.069550728464,1531.90326594792
"2018-06-17 05:00:00",552,445.176439089223,-361.356971806468,1251.70984998491,-788.309969248971,1678.66284742742
"2018-06-17 06:00:00",885,630.929277496518,-175.604133399173,1437.46268839221,-602.557130841675,1864.41568583471
"2018-06-17 07:00:00",1185,739.371483751514,-67.1619271441772,1545.9048946472,-494.11492458668,1972.85789208971
"2018-06-17 08:00:00",1724,785.323344991329,-21.2100659043623,1591.85675588702,-448.163063346865,2018.80975332952
"2018-06-17 09:00:00",2723,1076.54727820367,270.013867307975,1883.08068909936,-156.939130134527,2310.03368654186
"2018-06-17 10:00:00",3488,1593.20221735882,786.668806463131,2399.73562825451,359.715809020628,2826.68862569702
"2018-06-17 11:00:00",3790,1853.16836073933,1046.63494984364,2659.70177163502,619.681952401135,3086.65476907752
"2018-06-17 12:00:00",4260,2097.35790111715,1290.82449022145,2903.89131201284,863.871492778952,3330.84430945534
"2018-06-17 13:00:00",4365,2268.00953345687,1461.47612256118,3074.54294435256,1034.52312511868,3501.49594179506
"2018-06-17 14:00:00",4192,2461.90739310289,1655.37398220719,3268.44080399858,1228.42098476469,3695.39380144108
"2018-06-17 15:00:00",4234,2226.02718945036,1419.49377855467,3032.56060034605,992.540781112165,3459.51359778855
"2018-06-17 16:00:00",4404,2180.5017909943,1373.9683800986,2987.03520188999,947.015382656102,3413.98819933249
"2018-06-17 17:00:00",4175,1944.67875471339,1138.1453438177,2751.21216560908,711.192346375196,3178.16516305158
"2018-06-17 18:00:00",3843,1745.25488319915,938.721472303462,2551.78829409484,511.768474860959,2978.74129153735
"2018-06-17 19:00:00",3613,1512.51377058267,705.980359686979,2319.04718147836,279.027362244476,2746.00017892086
"2018-06-17 20:00:00",3185,1738.17472629453,931.641315398843,2544.70813719023,504.688317956341,2971.66113463273
"2018-06-17 21:00:00",2568,2915.55976390628,2109.02635301059,3722.09317480197,1682.07335556809,4149.04617224448
"2018-06-17 22:00:00",2045,1275.94953628256,469.416125386869,2082.48294717825,42.4631279443665,2509.43594462075
"2018-06-17 23:00:00",1218,820.440484682426,13.9070737867349,1626.97389557812,-413.045923655768,2053.92689302062
"2018-06-18 00:00:00",627,171.790074844524,-634.743336051167,978.323485740215,-1061.69633349367,1405.27648318272
"2018-06-18 01:00:00",367,45.8859382142313,-760.64747268146,852.419349109922,-1187.60047012396,1279.37234655242
"2018-06-18 02:00:00",272,56.143894575346,-750.389516320345,862.677305471037,-1177.34251376285,1289.63030291354
"2018-06-18 03:00:00",365,118.769191564608,-687.764219331083,925.302602460299,-1114.71721677359,1352.2555999028
"2018-06-18 04:00:00",802,560.529956476814,-246.003454418877,1367.06336737251,-672.95645186138,1794.01636481501
"2018-06-18 05:00:00",2891,2019.2503950539,1212.71698415821,2825.78380594959,785.763986715709,3252.7368033921
"2018-06-18 06:00:00",5541,4137.36979939349,3330.8363884978,4943.90321028918,2903.8833910553,5370.85620773168
"2018-06-18 07:00:00",6386,4722.22878992877,3915.69537903308,5528.76220082446,3488.74238159058,5955.71519826696
"2018-06-18 08:00:00",5765,4232.24852598429,3425.7151150886,5038.78193687998,2998.76211764609,5465.73493432248
"2018-06-18 09:00:00",4767,3801.51033445207,2994.97692355638,4608.04374534776,2568.02392611388,5034.99674279027
"2018-06-18 10:00:00",4161,3376.2736420062,2569.74023111051,4182.80705290189,2142.787233668,4609.76005034439
"2018-06-18 11:00:00",4435,3608.17089017484,2801.63747927915,4414.70430107054,2374.68448183665,4841.65729851304
"2018-06-18 12:00:00",4829,3897.71568554104,3091.18227464535,4704.24909643673,2664.22927720284,5131.20209387923
"2018-06-18 13:00:00",4743,3848.4934442839,3041.96003338821,4655.0268551796,2615.00703594571,5081.9798526221
"2018-06-18 14:00:00",4935,4118.64401823422,3312.11060733853,4925.17742912991,2885.15760989602,5352.13042657241
"2018-06-18 15:00:00",5558,4692.04948344643,3885.51607255074,5498.58289434212,3458.56307510824,5925.53589178462
"2018-06-18 16:00:00",6757,5523.0478324313,4716.51442153561,6329.58124332699,4289.56142409311,6756.53424076949
"2018-06-18 17:00:00",6306,5288.47422971218,4481.94081881649,6095.00764060787,4054.98782137398,6521.96063805037
"2018-06-18 18:00:00",4352,3782.25155215746,2975.71814126177,4588.78496305315,2548.76514381927,5015.73796049565
"2018-06-18 19:00:00",3248,2714.39575942496,1907.86234852927,3520.92917032065,1480.90935108677,3947.88216776316
"2018-06-18 20:00:00",2762,2271.00778162983,1464.47437073414,3077.54119252552,1037.52137329163,3504.49418996802
"2018-06-18 21:00:00",2460,1844.64844968421,1038.11503878852,2651.1818605799,611.162041346017,3078.1348580224
"2018-06-18 22:00:00",1710,1221.04794701319,414.514536117498,2027.58135790888,-12.4384613250049,2454.53435535138
"2018-06-18 23:00:00",1012,720.110514679001,-86.4228962166906,1526.64392557469,-513.375893659193,1953.59692301719
"2018-06-19 00:00:00",592,611.106992160989,-195.426418734702,1417.64040305668,-622.379416177204,1844.59340049918
"2018-06-19 01:00:00",373,422.540667213423,-383.992743682268,1229.07407810911,-810.945741124771,1656.02707555162
"2018-06-19 02:00:00",269,384.173269885824,-422.360141009867,1190.70668078152,-849.31313845237,1617.65967822402
"2018-06-19 03:00:00",369,470.459748686132,-336.07366220956,1276.99315958182,-763.026659652062,1703.94615702433
"2018-06-19 04:00:00",893,1011.79363245062,205.260221554929,1818.32704334631,-221.692775887574,2245.28004078881
"2018-06-19 05:00:00",3038,2932.32084586714,2125.78743497145,3738.85425676284,1698.83443752895,4165.80725420534
"2018-06-19 06:00:00",5483,5605.13414888578,4798.60073799009,6411.66755978148,4371.64774054759,6838.62055722398
"2018-06-19 07:00:00",5506,6294.90350084334,5488.37008994764,7101.43691173903,5061.41709250514,7528.38990918153
"2018-06-19 08:00:00",4851,5987.64808749201,5181.11467659632,6794.1814983877,4754.16167915382,7221.13449583021
"2018-06-19 09:00:00",4792,5735.68783508183,4929.15442418614,6542.22124597752,4502.20142674364,6969.17424342003
"2018-06-19 10:00:00",4244,4493.87344084895,3687.34002995326,5300.40685174464,3260.38703251076,5727.35984918714
"2018-06-19 11:00:00",4346,4741.9633259322,3935.42991503651,5548.49673682789,3508.47691759401,5975.4497342704
"2018-06-19 12:00:00",4585,5023.90470532116,4217.37129442547,5830.43811621685,3790.41829698297,6257.39111365936
"2018-06-19 13:00:00",4728,4968.76271836874,4162.22930747305,5775.29612926443,3735.27631003055,6202.24912670693
"2018-06-19 14:00:00",5109,5290.6709732784,4484.1375623827,6097.20438417409,4057.1845649402,6524.15738161659
"2018-06-19 15:00:00",5852,5893.88981760607,5087.35640671038,6700.42322850176,4660.40340926788,7127.37622594427
"2018-06-19 16:00:00",6821,6728.06118098914,5921.52777009345,7534.59459188483,5494.57477265095,7961.54758932734
"2018-06-19 17:00:00",6085,6324.88693311661,5518.35352222092,7131.4203440123,5091.40052477841,7558.3733414548
"2018-06-19 18:00:00",4546,4859.96107686033,4053.42766596464,5666.49448775602,3626.47466852214,6093.44748519853
"2018-06-19 19:00:00",3263,3527.04233697427,2720.50892607857,4333.57574786996,2293.55592863607,4760.52874531246
"2018-06-19 20:00:00",2804,2933.44527846983,2126.91186757414,3739.97868936552,1699.95887013163,4166.93168680802
"2018-06-19 21:00:00",2454,3483.11034170357,2676.57693080788,4289.64375259926,2249.62393336538,4716.59675004177
"2018-06-19 22:00:00",1796,3352.94710060866,2546.41368971297,4159.48051150435,2119.46069227047,4586.43350894685
"2018-06-19 23:00:00",1190,1353.60311172778,547.069700832086,2160.13652262347,120.116703389583,2587.08952006597
"2018-06-20 00:00:00",663,898.011841253071,91.4784303573798,1704.54525214876,-335.474567085123,2131.49824959126
"2018-06-20 01:00:00",406,685.72277210958,-120.810638786111,1492.25618300527,-547.763636228614,1919.20918044777
"2018-06-20 02:00:00",301,539.252793902823,-267.280616992868,1345.78620479851,-694.233614435371,1772.73920224102
"2018-06-20 03:00:00",385,623.971296725928,-182.562114169763,1430.50470762162,-609.515111612266,1857.45770506412
"2018-06-20 04:00:00",935,1093.70083460391,287.167423708219,1900.2342454996,-139.785573734284,2327.1872429421
"2018-06-20 05:00:00",3134,3107.5060912933,2300.97268039761,3914.03950218899,1874.0196829551,4340.99249963149
"2018-06-20 06:00:00",5769,6016.23793519412,5209.70452429843,6822.77134608981,4782.75152685593,7249.72434353232
"2018-06-20 07:00:00",6295,6913.72191863841,6107.18850774272,7720.2553295341,5680.23551030022,8147.20832697661
"2018-06-20 08:00:00",5540,6682.1910520726,5875.65764117691,7488.72446296829,5448.7046437344,7915.67746041079
"2018-06-20 09:00:00",4890,5431.65031753594,4625.11690664025,6238.18372843163,4198.16390919774,6665.13672587413
"2018-06-20 10:00:00",4544,4793.23302919766,3986.69961830197,5599.76644009335,3559.74662085947,6026.71943753585
"2018-06-20 11:00:00",4675,4888.80524641312,4082.27183551743,5695.33865730881,3655.31883807493,6122.29165475131
"2018-06-20 12:00:00",4824,5083.7779666292,4277.24455573351,5890.31137752489,3850.29155829101,6317.2643749674
"2018-06-20 13:00:00",4941,5081.4992209418,4274.96581004611,5888.03263183749,3848.0128126036,6314.98562927999
"2018-06-20 14:00:00",5161,5516.51092017734,4709.97750928165,6323.04433107303,4283.02451183914,6749.99732851553
"2018-06-20 15:00:00",5864,5888.78682872389,5082.2534178282,6695.32023961958,4655.3004203857,7122.27323706209
"2018-06-20 16:00:00",6811,7073.04966197059,6266.5162510749,7879.58307286628,5839.5632536324,8306.53607030878
"2018-06-20 17:00:00",6439,6493.30628026438,5686.77286936869,7299.83969116007,5259.81987192619,7726.79268860258
"2018-06-20 18:00:00",4622,4715.57287089759,3909.0394600019,5522.10628179328,3482.08646255939,5949.05927923578
"2018-06-20 19:00:00",3418,3419.03832316861,2612.50491227292,4225.5717340643,2185.55191483041,4652.5247315068
"2018-06-20 20:00:00",3024,3095.55481421846,2289.02140332277,3902.08822511415,1862.06840588027,4329.04122255666
"2018-06-20 21:00:00",2758,2648.72929025394,1842.19587935825,3455.26270114963,1415.24288191575,3882.21569859213
"2018-06-20 22:00:00",1956,1854.6883659786,1048.15495508291,2661.22177687429,621.201957640407,3088.17477431679
"2018-06-20 23:00:00",1209,1230.08344147331,423.550030577622,2036.616852369,-3.40296686488068,2463.56984981151
"2018-06-21 00:00:00",634,693.916281582586,-112.617129313105,1500.44969247828,-539.570126755608,1927.40268992078
"2018-06-21 01:00:00",462,502.47857400875,-304.054836886941,1309.01198490444,-731.007834329443,1735.96498234694
"2018-06-21 02:00:00",348,392.571410335005,-413.962000560686,1199.1048212307,-840.914998003189,1626.0578186732
"2018-06-21 03:00:00",426,487.622174151096,-318.911236744595,1294.15558504679,-745.864234187098,1721.10858248929
"2018-06-21 04:00:00",938,1000.88768341421,194.354272518522,1807.4210943099,-232.598724923981,2234.37409175241
"2018-06-21 05:00:00",3112,3014.16678004457,2207.63336914888,3820.70019094026,1780.68037170638,4247.65318838277
"2018-06-21 06:00:00",5778,5868.35864831451,5061.82523741882,6674.8920592102,4634.87223997631,7101.8450566527
"2018-06-21 07:00:00",6557,6570.11786665494,5763.58445575925,7376.65127755063,5336.63145831675,7803.60427499313
"2018-06-21 08:00:00",5490,6095.74653176452,5289.21312086883,6902.27994266021,4862.26012342633,7329.23294010272
"2018-06-21 09:00:00",4982,5929.81223960728,5123.27882871159,6736.34565050297,4696.32583126909,7163.29864794547
"2018-06-21 10:00:00",4951,4970.73014432254,4164.19673342684,5777.26355521823,3737.24373598434,6204.21655266073
"2018-06-21 11:00:00",5167,5109.87277629397,4303.33936539828,5916.40618718966,3876.38636795578,6343.35918463217
"2018-06-21 12:00:00",5083,5097.20751379285,4290.67410289716,5903.74092468854,3863.72110545465,6330.69392213104
"2018-06-21 13:00:00",4942,5180.50850929594,4373.97509840025,5987.04192019163,3947.02210095774,6413.99491763413
"2018-06-21 14:00:00",5025,5525.93982653636,4719.40641564067,6332.47323743205,4292.45341819817,6759.42623487456
"2018-06-21 15:00:00",5768,6241.32258658314,5434.78917568745,7047.85599747883,5007.83617824494,7474.80899492133
"2018-06-21 16:00:00",6511,7184.6275017535,6378.09409085781,7991.16091264919,5951.14109341531,8418.1139100917
"2018-06-21 17:00:00",5997,6782.38417664703,5975.85076575134,7588.91758754272,5548.89776830884,8015.87058498522
"2018-06-21 18:00:00",4592,5063.79339799977,4257.25998710408,5870.32680889546,3830.30698966158,6297.27980633796
"2018-06-21 19:00:00",3823,3744.32825487012,2937.79484397443,4550.86166576581,2510.84184653193,4977.81466320832
"2018-06-21 20:00:00",3385,3082.77032877374,2276.23691787805,3889.30373966944,1849.28392043555,4316.25673711194
"2018-06-21 21:00:00",3446,2814.94583286186,2008.41242196617,3621.47924375755,1581.45942452366,4048.43224120005
"2018-06-21 22:00:00",2583,2072.2254675965,1265.69205670081,2878.75887849219,838.739059258304,3305.71187593469
"2018-06-21 23:00:00",1455,1286.79019539506,480.256784499369,2093.32360629075,53.3037870568662,2520.27660373325
"2018-06-22 00:00:00",805,790.497688665926,-16.0357222297653,1597.03109956162,-442.988719672268,2023.98409700412
"2018-06-22 01:00:00",471,527.725694244229,-278.807716651462,1334.25910513992,-705.760714093965,1761.21210258242
"2018-06-22 02:00:00",364,445.240375504344,-361.293035391347,1251.77378640004,-788.24603283385,1678.72678384254
"2018-06-22 03:00:00",384,501.221642290218,-305.311768605473,1307.75505318591,-732.264766047976,1734.70805062841
"2018-06-22 04:00:00",876,978.285288472424,171.751877576732,1784.81869936811,-255.20111986577,2211.77169681062
"2018-06-22 05:00:00",3056,2869.0776701042,2062.54425920851,3675.61108099989,1635.591261766,4102.56407844239
"2018-06-22 06:00:00",5460,5535.18352679765,4728.65011590196,6341.71693769335,4301.69711845946,6768.66993513585
"2018-06-22 07:00:00",6222,6680.61586230562,5874.08245140993,7487.14927320131,5447.12945396743,7914.10227064381
"2018-06-22 08:00:00",5604,5963.91190489561,5157.37849399992,6770.44531579131,4730.42549655742,7197.39831323381
"2018-06-22 09:00:00",5053,5298.58106598355,4492.04765508786,6105.11447687924,4065.09465764536,6532.06747432174
"2018-06-22 10:00:00",4765,4894.73619808281,4088.20278718712,5701.26960897851,3661.24978974462,6128.22260642101
"2018-06-22 11:00:00",5128,5290.60311689824,4484.06970600254,6097.13652779393,4057.11670856004,6524.08952523643
"2018-06-22 12:00:00",5225,5391.3981492623,4584.86473836661,6197.93156015799,4157.91174092411,6624.8845576005
"2018-06-22 13:00:00",5104,5227.48414008932,4420.95072919363,6034.01755098501,3993.99773175112,6460.97054842751
"2018-06-22 14:00:00",5351,5430.58000489314,4624.04659399745,6237.11341578884,4197.09359655495,6664.06641323134
"2018-06-22 15:00:00",5843,6043.4518185801,5236.9184076844,6849.98522947579,4809.9654102419,7276.93822691829
"2018-06-22 16:00:00",6010,6763.22211948786,5956.68870859217,7569.75553038355,5529.73571114967,7996.70852782605
"2018-06-22 17:00:00",5120,5703.41383094964,4896.88042005395,6509.94724184533,4469.92742261145,6936.90023928784
"2018-06-22 18:00:00",4676,4197.76045976151,3391.22704886582,5004.2938706572,2964.27405142332,5431.24686809971
"2018-06-22 19:00:00",3976,2932.52120243654,2125.98779154084,3739.05461333223,1699.03479409834,4166.00761077473
"2018-06-22 20:00:00",3535,2350.03228985915,1543.49887896346,3156.56570075484,1116.54588152096,3583.51869819734
"2018-06-22 21:00:00",3473,2205.85197947212,1399.31856857643,3012.38539036781,972.365571133925,3439.33838781031
"2018-06-22 22:00:00",3529,1883.89504891498,1077.36163801929,2690.42845981067,650.408640576786,3117.38145725317
"2018-06-22 23:00:00",3654,1265.90455236572,459.371141470024,2072.43796326141,32.4181440275213,2499.39096070391
"2018-06-23 00:00:00",1540,743.452000225636,-63.0814106700551,1549.98541112133,-490.034408112558,1976.93840856383
"2018-06-23 01:00:00",872,559.016572649314,-247.516838246377,1365.54998354501,-674.46983568888,1792.50298098751
"2018-06-23 02:00:00",629,542.649734364907,-263.883676530784,1349.1831452606,-690.836673973287,1776.1361427031
"2018-06-23 03:00:00",407,434.409418853733,-372.123992041958,1240.94282974942,-799.076989484461,1667.89582719193
"2018-06-23 04:00:00",513,465.06464511276,-341.468765782931,1271.59805600845,-768.421763225434,1698.55105345095
"2018-06-23 05:00:00",966,676.653199928073,-129.880210967618,1483.18661082376,-556.833208410121,1910.13960826627
"2018-06-23 06:00:00",1495,1058.41223052534,251.878819629645,1864.94564142103,-175.074177812857,2291.89863886353
"2018-06-23 07:00:00",2474,1387.6127727451,581.079361849405,2194.14618364079,154.126364406903,2621.09918108329
"2018-06-23 08:00:00",3353,1547.44093155457,740.907520658882,2353.97434245026,313.954523216379,2780.92733989277
"2018-06-23 09:00:00",4065,1809.23800901259,1002.7045981169,2615.77141990828,575.751600674397,3042.72441735079
"2018-06-23 10:00:00",4318,2076.02966243374,1269.49625153805,2882.56307332943,842.54325409555,3309.51607077194
"2018-06-23 11:00:00",4621,2206.48653489291,1399.95312399722,3013.0199457886,973.000126554713,3439.9729432311
"2018-06-23 12:00:00",5018,2170.68231022564,1364.14889932995,2977.21572112133,937.19590188745,3404.16871856384
"2018-06-23 13:00:00",4560,2014.70370111899,1208.1702902233,2821.23711201468,781.217292780797,3248.19010945718
"2018-06-23 14:00:00",4620,1870.05068976068,1063.51727886499,2676.58410065637,636.564281422486,3103.53709809887
"2018-06-23 15:00:00",4417,1977.43283944481,1170.89942854912,2783.96625034051,743.94643110662,3210.91924778301
"2018-06-23 16:00:00",4372,1508.74328004844,702.209869152753,2315.27669094413,275.25687171025,2742.22968838664
"2018-06-23 17:00:00",4510,1587.49253459501,780.959123699318,2394.0259454907,354.006126256816,2820.9789429332
"2018-06-23 18:00:00",3945,1149.12046061455,342.587049718862,1955.65387151024,-84.3659477236404,2382.60686895275
"2018-06-23 19:00:00",3660,955.334534461537,148.801123565846,1761.86794535723,-278.151873876657,2188.82094279973
"2018-06-23 20:00:00",3362,663.660428475602,-142.87298242009,1470.19383937129,-569.825979862592,1897.1468368138
"2018-06-23 21:00:00",3504,794.651536930617,-11.881873965074,1601.18494782631,-438.834871407577,2028.13794526881
"2018-06-23 22:00:00",3572,699.209729582911,-107.32368131278,1505.7431404786,-534.276678755283,1932.6961379211
"2018-06-23 23:00:00",2484,691.455575411525,-115.077835484166,1497.98898630722,-542.030832926669,1924.94198374972
"2018-06-24 00:00:00",1515,517.933212354896,-288.600198540795,1324.46662325059,-715.553195983298,1751.41962069309
"2018-06-24 01:00:00",1016,444.324237190365,-362.209173705326,1250.85764808606,-789.162171147829,1677.81064552856
"2018-06-24 02:00:00",684,362.941558469085,-443.591852426606,1169.47496936478,-870.544849869108,1596.42796680728
"2018-06-24 03:00:00",409,266.524082407525,-540.009328488166,1073.05749330322,-966.962325930669,1500.01049074572
"2018-06-24 04:00:00",373,317.204518129126,-489.328892766565,1123.73792902482,-916.281890209067,1550.69092646732
"2018-06-24 05:00:00",614,463.929399929655,-342.604010966036,1270.46281082535,-769.557008408539,1697.41580826785
"2018-06-24 06:00:00",1091,649.660632876463,-156.872778019228,1456.19404377215,-583.825775461731,1883.14704121466
"2018-06-24 07:00:00",1499,758.129027568413,-48.4043833272781,1564.6624384641,-475.357380769781,1991.61543590661
"2018-06-24 08:00:00",2362,804.222961078706,-2.31044981698483,1610.7563719744,-429.263447259487,2037.7093694169
"2018-06-24 09:00:00",3560,1085.04256752545,278.509156629756,1891.57597842114,-148.443840812747,2318.52897586364
"2018-06-24 10:00:00",4187,1612.27009415363,805.736683257941,2418.80350504932,378.783685815439,2845.75650249183
"2018-06-24 11:00:00",4186,1852.32816284135,1045.79475194565,2658.86157373704,618.841754503152,3085.81457117954
"2018-06-24 12:00:00",4302,2096.56549711661,1290.03208622091,2903.0989080123,863.079088778411,3330.0519054548
"2018-06-24 13:00:00",4235,2267.25248384622,1460.71907295053,3073.78589474191,1033.76607550803,3500.73889218441
"2018-06-24 14:00:00",4317,2461.16998481995,1654.63657392426,3267.70339571564,1227.68357648176,3694.65639315814
"2018-06-24 15:00:00",4313,2245.25612513244,1438.72271423675,3051.78953602813,1011.76971679425,3478.74253347063
"2018-06-24 16:00:00",4256,2199.80405429985,1393.27064340416,3006.33746519554,966.317645961655,3433.29046263804
"2018-06-24 17:00:00",4118,1944.05330199843,1137.51989110274,2750.58671289413,710.56689366024,3177.53971033663
"2018-06-24 18:00:00",4022,1744.63925114806,938.105840252364,2551.17266204375,511.152842809862,2978.12565948625
"2018-06-24 19:00:00",3438,1511.85296347783,705.319552582134,2318.38637437352,278.366555139632,2745.33937181602
"2018-06-24 20:00:00",3187,1733.41656652943,926.883155633743,2539.94997742513,499.93015819124,2966.90297486763
"2018-06-24 21:00:00",2556,2910.71911056478,2104.18569966908,3717.25252146047,1677.23270222658,4144.20551890297
"2018-06-24 22:00:00",1962,1275.07463870561,468.541227809922,2081.6080496013,41.5882303674189,2508.56104704381
"2018-06-24 23:00:00",1209,828.956070042846,22.4226591471547,1635.48948093854,-404.530338295348,2062.44247838104
"2018-06-25 00:00:00",652,180.253283331034,-626.280127564657,986.786694226726,-1053.23312500716,1413.73969166923
"2018-06-25 01:00:00",422,64.8182898478019,-741.715121047889,871.351700743493,-1168.66811849039,1298.304698186
"2018-06-25 02:00:00",331,75.0238693350075,-731.509541560684,881.557280230699,-1158.46253900319,1308.5102776732
"2018-06-25 03:00:00",406,137.596789450361,-668.936621445331,944.130200346052,-1095.88961888783,1371.08319778855
"2018-06-25 04:00:00",902,579.339877167622,-227.193533728069,1385.87328806331,-654.146531170572,1812.82628550582
"2018-06-25 05:00:00",2982,2038.04263854977,1231.50922765408,2844.57604944546,804.556230211572,3271.52904688796
"2018-06-25 06:00:00",5588,4145.66409246164,3339.13068156595,4952.19750335734,2912.17768412345,5379.15050079984
"2018-06-25 07:00:00",6146,4741.0858498061,3934.55243891041,5547.61926070179,3507.5994414679,5974.57225814429
"2018-06-25 08:00:00",5383,4251.17629464139,3444.6428837457,5057.70970553708,3017.6898863032,5484.66270297958
"2018-06-25 09:00:00",4654,3796.49356387205,2989.96015297635,4603.02697476774,2563.00715553385,5029.97997221024
"2018-06-25 10:00:00",4310,3375.38695963262,2568.85354873693,4181.92037052831,2141.90055129443,4608.87336797081
"2018-06-25 11:00:00",4530,3627.29965508557,2820.76624418988,4433.83306598127,2393.81324674738,4860.78606342377
"2018-06-25 12:00:00",4748,3896.94946997745,3090.41605908176,4703.48288087314,2663.46306163926,5130.43587831565
"2018-06-25 13:00:00",4673,3847.84442197569,3041.31101108,4654.37783287138,2614.3580136375,5081.33083031388
"2018-06-25 14:00:00",4877,4118.03100502682,3311.49759413112,4924.56441592251,2884.54459668862,5351.51741336501
"2018-06-25 15:00:00",5605,4711.43554975024,3904.90213885455,5517.96896064593,3477.94914141204,5944.92195808843
"2018-06-25 16:00:00",6232,5522.4786848558,4715.9452739601,6329.01209575149,4288.9922765176,6755.96509319399
"2018-06-25 17:00:00",5772,5287.87889369972,4481.34548280403,6094.41230459541,4054.39248536152,6521.36530203791
"2018-06-25 18:00:00",4086,3781.66865565256,2975.13524475687,4588.20206654825,2548.18224731436,5015.15506399075
"2018-06-25 19:00:00",3288,2713.7565577806,1907.22314688491,3520.2899686763,1480.27014944241,3947.2429661188
"2018-06-25 20:00:00",2944,2270.30769186955,1463.77428097386,3076.84110276524,1036.82128353136,3503.79410020775
"2018-06-25 21:00:00",2559,1843.88747180802,1037.35406091232,2650.42088270371,610.401063469822,3077.37388014621
"2018-06-25 22:00:00",1974,1240.18194961131,433.648538715618,2046.715360507,6.69554127311562,2473.6683579495
"2018-06-25 23:00:00",1136,739.220947683862,-67.312463211829,1545.75435857955,-494.265460654332,1972.70735602206
"2018-06-26 00:00:00",624,630.165703002865,-176.367707892826,1436.69911389856,-603.320705335328,1863.65211134106
"2018-06-26 01:00:00",417,431.06934679232,-375.464064103371,1237.60275768801,-802.417061545873,1664.55575513051
"2018-06-26 02:00:00",297,379.153225751179,-427.380185144512,1185.68663664687,-854.333182587015,1612.63963408937
"2018-06-26 03:00:00",353,465.330367827201,-341.20304306849,1271.86377872289,-768.156040510993,1698.81677616539
"2018-06-26 04:00:00",887,1006.61187471778,200.078463822089,1813.14528561347,-226.874533620414,2240.09828305597
"2018-06-26 05:00:00",2973,2927.10831672088,2120.57490582519,3733.64172761657,1693.62190838269,4160.59472505908
"2018-06-26 06:00:00",5381,5599.91310849751,4793.37969760182,6406.4465193932,4366.42670015932,6833.39951683571
"2018-06-26 07:00:00",6350,6289.67198508028,5483.13857418459,7096.20539597597,5056.18557674209,7523.15839341848
"2018-06-26 08:00:00",5756,5982.42639239281,5175.89298149712,6788.95980328851,4748.93998405462,7215.91280073101
"2018-06-26 09:00:00",4872,5730.47988891204,4923.94647801635,6537.01329980773,4496.99348057384,6963.96629725023
"2018-06-26 10:00:00",4452,4488.72572808415,3682.19231718846,5295.25913897984,3255.23931974596,5722.21213642234
"2018-06-26 11:00:00",4713,4736.84900342452,3930.31559252883,5543.38241432021,3503.36259508633,5970.33541176272
"2018-06-26 12:00:00",5083,5018.85585390587,4212.32244301018,5825.38926480156,3785.36944556767,6252.34226224406
"2018-06-26 13:00:00",4849,4967.75687860702,4161.22346771133,5774.29028950271,3734.27047026883,6201.24328694521
"2018-06-26 14:00:00",4905,5285.64176319082,4479.10835229512,6092.17517408651,4052.15535485262,6519.12817152901
"2018-06-26 15:00:00",5875,5888.85471512018,5082.32130422449,6695.38812601587,4655.36830678198,7122.34112345837
"2018-06-26 16:00:00",6765,6723.06274231498,5916.52933141929,7529.59615321067,5489.57633397679,7956.54915065318
"2018-06-26 17:00:00",6054,6323.93019667418,5517.39678577849,7130.46360756987,5090.44378833598,7557.41660501237
"2018-06-26 18:00:00",4473,4854.97245885003,4048.43904795434,5661.50586974572,3621.48605051184,6088.45886718823
"2018-06-26 19:00:00",3316,3522.05568309674,2715.52227220105,4328.58909399243,2288.56927475854,4755.54209143493
"2018-06-26 20:00:00",2910,2932.47413838707,2125.94072749138,3739.00754928276,1698.98773004888,4165.96054672527
"2018-06-26 21:00:00",2674,3478.07262037398,2671.53920947829,4284.60603126967,2244.58621203579,4711.55902871218
"2018-06-26 22:00:00",2083,3361.37495470528,2554.84154380959,4167.90836560097,2127.88854636709,4594.86136304348
"2018-06-26 23:00:00",1161,1362.02769226978,555.494281374089,2168.56110316547,128.541283931586,2595.51410060797
"2018-06-27 00:00:00",678,906.408923936271,99.8755130405804,1712.94233483196,-327.077484401922,2139.89533227447
"2018-06-27 01:00:00",411,680.606485469126,-125.926925426565,1487.13989636482,-552.879922869068,1914.09289380732
"2018-06-27 02:00:00",313,534.138471395141,-272.39493950055,1340.67188229083,-699.347936943053,1767.62487973333
"2018-06-27 03:00:00",414,618.82882164852,-187.704589247171,1425.36223254421,-614.657586689674,1852.31522998671
"2018-06-27 04:00:00",898,1088.5583595265,282.024948630811,1895.09177042219,-144.928048811692,2322.0447678647
"2018-06-27 05:00:00",3151,3106.39811662745,2299.86470573176,3912.93152752314,1872.91170828926,4339.88452496565
"2018-06-27 06:00:00",5883,6011.07189052346,5204.53847962776,6817.60530141915,4777.58548218526,7244.55829886165
"2018-06-27 07:00:00",6414,6908.57027760807,6102.03686671238,7715.10368850376,5675.08386926988,8142.05668594626
"2018-06-27 08:00:00",5717,6677.07672956491,5870.54331866922,7483.61014046061,5443.59032122672,7910.56313790311
"2018-06-27 09:00:00",5134,5426.55432693412,4620.02091603843,6233.08773782981,4193.06791859593,6660.04073527232
"2018-06-27 10:00:00",4614,4792.22260645947,3985.68919556378,5598.75601735516,3558.73619812128,6025.70901479767
"2018-06-27 11:00:00",4964,4887.86029476732,4081.32688387163,5694.39370566301,3654.37388642912,6121.34670310551
"2018-06-27 12:00:00",5102,5082.8906295447,4276.35721864901,5889.42404044039,3849.40422120651,6316.37703788289
"2018-06-27 13:00:00",4901,5080.67670023876,4274.14328934307,5887.21011113445,3847.19029190056,6314.16310857695
"2018-06-27 14:00:00",5036,5511.68139692154,4705.14798602585,6318.21480781723,4278.19498858334,6745.16780525973
"2018-06-27 15:00:00",5867,5888.05989581574,5081.52648492005,6694.59330671143,4654.57348747755,7121.54630415393
"2018-06-27 16:00:00",6666,7072.37576064727,6265.84234975158,7878.90917154296,5838.88935230908,8305.86216898546
"2018-06-27 17:00:00",6095,6492.66249564356,5686.12908474787,7299.19590653925,5259.17608730537,7726.14890398175
"2018-06-27 18:00:00",4563,4714.93366925323,3908.40025835754,5521.46708014892,3481.44726091504,5948.42007759143
"2018-06-27 19:00:00",3497,3438.3635013565,2631.83009046081,4244.89691225219,2204.8770930183,4671.84990969469
"2018-06-27 20:00:00",3126,3114.85707752402,2308.32366662833,3921.39048841971,1881.37066918582,4348.34348586221
"2018-06-27 21:00:00",3116,2667.97590313096,1861.44249223527,3474.50931402666,1434.48949479277,3901.46231146916
"2018-06-27 22:00:00",2292,1872.68282025111,1066.14940935542,2679.2162311468,639.196411912915,3106.1692285893
"2018-06-27 23:00:00",1339,1249.08191891019,442.548508014503,2055.61532980589,15.5955105720002,2482.56832724839
"2018-06-28 00:00:00",778,712.876785785883,-93.6566251098084,1519.41019668157,-520.609622552311,1946.36319412408
"2018-06-28 01:00:00",457,521.415508618788,-285.117902276903,1327.94891951448,-712.070899719406,1754.90191695698
"2018-06-28 02:00:00",309,411.461860469448,-395.071550426243,1217.99527136514,-822.024547868745,1644.94826880764
"2018-06-28 03:00:00",365,506.48054345027,-300.052867445421,1313.01395434596,-727.005864887924,1739.96695178846
"2018-06-28 04:00:00",921,1019.6943305504,213.160919654711,1826.22774144609,-213.792077787792,2253.1807388886
"2018-06-28 05:00:00",3121,3032.9361086581,2226.40269776241,3839.46951955379,1799.44970031991,4266.4225169963
"2018-06-28 06:00:00",5691,5887.10899031124,5080.57557941555,6693.64240120693,4653.62258197305,7120.59539864944
"2018-06-28 07:00:00",6264,6583.8257568102,5777.29234591451,7390.35916770589,5350.339348472,7817.31216514839
"2018-06-28 08:00:00",5683,6114.73518853755,5308.20177764186,6921.26859943324,4881.24878019935,7348.22159687574
"2018-06-28 09:00:00",4983,5948.95671758018,5142.42330668449,6755.49012847587,4715.47030924199,7182.44312591837
"2018-06-28 10:00:00",4678,4988.92952311421,4182.39611221852,5795.46293400991,3755.44311477602,6222.41593145241
"2018-06-28 11:00:00",4866,5129.23265416083,4322.69924326514,5935.76606505652,3895.74624582263,6362.71906249902
"2018-06-28 12:00:00",5109,5116.56935579247,4310.03594489678,5923.10276668816,3883.08294745428,6350.05576413067
"2018-06-28 13:00:00",5011,5189.45751328796,4382.92410239226,5995.99092418365,3955.97110494976,6422.94392162615
"2018-06-28 14:00:00",5300,5525.47936097422,4718.94595007853,6332.01277186991,4291.99295263603,6758.96576931241
"2018-06-28 15:00:00",5945,6250.31807505075,5443.78466415506,7056.85148594644,5016.83166671256,7483.80448338894
"2018-06-28 16:00:00",6568,7184.17554743337,6377.64213653768,7990.70895832906,5950.68913909518,8417.66195577157
"2018-06-28 17:00:00",5930,6801.91035108855,5995.37694019285,7608.44376198424,5568.42394275035,8035.39675942674
"2018-06-28 18:00:00",4668,5072.81900316988,4266.28559227419,5879.35241406557,3839.33259483169,6306.30541150807
"2018-06-28 19:00:00",3794,3763.87079708473,2957.33738618904,4570.40420798042,2530.38438874654,4997.35720542293
"2018-06-28 20:00:00",3127,3091.74421178087,2285.21080088518,3898.27762267656,1858.25780344268,4325.23062011906
"2018-06-28 21:00:00",2908,2834.35350462615,2027.82009373046,3640.88691552184,1600.86709628796,4067.83991296435
"2018-06-28 22:00:00",2190,2081.05727833314,1274.52386743745,2887.59068922884,847.57086999495,3314.54368667134
"2018-06-28 23:00:00",1475,1306.06299670904,499.529585813349,2112.59640760473,72.5765883708459,2539.54940504723
"2018-06-29 00:00:00",841,809.748229808494,3.21481891280303,1616.28164070419,-423.7381785297,2043.23463814669
"2018-06-29 01:00:00",510,546.941535707833,-259.591875187858,1353.47494660352,-686.544872630361,1780.42794404603
"2018-06-29 02:00:00",385,464.435266218384,-342.098144677307,1270.96867711408,-769.05114211981,1697.92167455658
"2018-06-29 03:00:00",453,520.388380434532,-286.145030461159,1326.92179133022,-713.098027903662,1753.87478877273
"2018-06-29 04:00:00",984,997.437622976412,190.904212080721,1803.9710338721,-236.048785361781,2230.92403131461
"2018-06-29 05:00:00",2909,2888.23458758465,2081.70117668896,3694.76799848034,1654.74817924646,4121.72099592285
"2018-06-29 06:00:00",5427,5554.33848014534,4747.80506924965,6360.87189104103,4320.85207180714,6787.82488848353
"2018-06-29 07:00:00",6051,6699.79634937934,5893.26293848364,7506.32976027503,5466.30994104114,7933.28275771753
"2018-06-29 08:00:00",5204,5963.21116042441,5156.67774952872,6769.74457132011,4729.72475208622,7196.69756876261
"2018-06-29 09:00:00",4842,5298.00733543158,4491.47392453589,6104.54074632727,4064.52092709339,6531.49374376977
"2018-06-29 10:00:00",4626,4914.22832755629,4107.6949166606,5720.76173845198,3680.7419192181,6147.71473589448
"2018-06-29 11:00:00",5114,5290.24740508391,4483.71399418822,6096.7808159796,4056.76099674572,6523.73381342211
"2018-06-29 12:00:00",5222,5411.09782209864,4604.56441120295,6217.63123299433,4177.61141376045,6644.58423043684
"2018-06-29 13:00:00",5236,5247.26303294744,4440.72962205175,6053.79644384313,4013.77662460925,6480.74944128564
"2018-06-29 14:00:00",5319,5450.45514025708,4643.92172936139,6256.98855115277,4216.96873191888,6683.94154859527
"2018-06-29 15:00:00",5903,6063.37540255239,5256.8419916567,6869.90881344809,4829.8889942142,7296.86181089059
"2018-06-29 16:00:00",5902,6772.68507155511,5966.15166065942,7579.2184824508,5539.19866321692,8006.17147989331
"2018-06-29 17:00:00",5314,5712.86303408749,4906.3296231918,6519.39644498318,4479.3766257493,6946.34944242569
"2018-06-29 18:00:00",4798,4207.19591396996,3400.66250307427,5013.72932486565,2973.70950563177,5440.68232230815
"2018-06-29 19:00:00",3705,2941.87874604504,2135.34533514935,3748.41215694074,1708.39233770685,4175.36515438324
"2018-06-29 20:00:00",3340,2349.86055181443,1543.32714091874,3156.39396271012,1116.37414347624,3583.34696015263
"2018-06-29 21:00:00",3247,2225.56081826139,1419.0274073657,3032.09422915708,992.074409923198,3459.04722659959
"2018-06-29 22:00:00",2781,1903.5338336354,1097.00042273971,2710.06724453109,670.047425297205,3137.02024197359
"2018-06-29 23:00:00",2465,1285.50863740717,478.975226511479,2092.04204830286,52.022229068976,2518.99504574536
"2018-06-30 00:00:00",1423,763.011564924268,-43.5218459714232,1569.54497581996,-470.474843413926,1996.49797326246
"2018-06-30 01:00:00",869,578.557150731154,-227.976260164537,1385.09056162684,-654.92925760704,1812.04355906935
"2018-06-30 02:00:00",617,562.188348313975,-244.345062581716,1368.72175920967,-671.298060024219,1795.67475665217
"2018-06-30 03:00:00",429,443.414073274279,-363.119337621412,1249.94748416997,-790.072335063915,1676.90048161247
"2018-06-30 04:00:00",429,484.520765485421,-322.01264541027,1291.05417638111,-748.965642852773,1718.00717382361
"2018-06-30 05:00:00",822,696.056288715901,-110.47712217979,1502.58969961159,-537.430119622293,1929.5426970541
"2018-06-30 06:00:00",1489,1077.78913087621,271.25571998052,1884.3225417719,-155.697277461983,2311.2755392144
"2018-06-30 07:00:00",2048,1387.02398384188,580.490572946186,2193.55739473757,153.537575503683,2620.51039218007
"2018-06-30 08:00:00",2840,1566.78771520295,760.254304307258,2373.32112609864,333.301306864755,2800.27412354114
"2018-06-30 09:00:00",3627,1808.62892407073,1002.09551317504,2615.16233496642,575.142515732538,3042.11533240893
"2018-06-30 10:00:00",3922,2084.88897102919,1278.3555601335,2891.42238192488,851.402562690998,3318.37537936739
"2018-06-30 11:00:00",4253,2205.9311362468,1399.39772535111,3012.4645471425,972.444727908611,3439.417544585
"2018-06-30 12:00:00",4776,2170.20023920301,1363.66682830732,2976.7336500987,936.71383086482,3403.68664754121
"2018-06-30 13:00:00",4675,2014.2884106106,1207.7549997149,2820.82182150629,780.802002272401,3247.77481894879
"2018-06-30 14:00:00",4533,1869.65569529092,1063.12228439523,2676.18910618661,636.16928695273,3103.14210362912
"2018-06-30 15:00:00",4425,1977.05093919354,1170.51752829784,2783.58435008923,743.564530855342,3210.53734753173
"2018-06-30 16:00:00",4707,1504.26533655876,697.731925663066,2310.79874745445,270.778928220564,2737.75174489695
"2018-06-30 17:00:00",4469,1582.95828596587,776.424875070179,2389.49169686156,349.471877627677,2816.44469430406
"2018-06-30 18:00:00",3871,1144.54561990813,338.012209012444,1951.07903080383,-88.9407884300588,2378.03202824633
"2018-06-30 19:00:00",3247,950.750527802184,144.217116906493,1757.28393869788,-282.735880536009,2184.23693614038
"2018-06-30 20:00:00",2936,659.02404494234,-147.509365953351,1465.55745583803,-574.462363395854,1892.51045328053
"2018-06-30 21:00:00",2700,789.988964960401,-16.5444459352901,1596.52237585609,-443.497443377793,2023.47537329859
"2018-06-30 22:00:00",2760,698.526662306655,-108.006748589036,1505.06007320235,-534.959746031539,1932.01307064485
"2018-06-30 23:00:00",2017,700.154479830626,-106.378931065065,1506.68789072632,-533.331928507567,1933.64088816882
"2018-07-01 00:00:00",1314,537.118282405078,-269.415128490613,1343.65169330077,-696.368125933116,1770.60469074327
"2018-07-01 01:00:00",848,463.476571694354,-343.056839201337,1270.00998259004,-770.00983664384,1696.96298003255
"2018-07-01 02:00:00",703,382.061157426881,-424.47225346881,1188.59456832257,-851.425250911313,1615.54756576507
"2018-07-01 03:00:00",419,285.608981686356,-520.924429209335,1092.14239258205,-947.877426651838,1519.09539002455
"2018-07-01 04:00:00",372,325.755457879435,-480.777953016256,1132.28886877513,-907.730950458759,1559.24186621763
"2018-07-01 05:00:00",529,462.992959525864,-343.540451369827,1269.52637042156,-770.493448812329,1696.47936786406
"2018-07-01 06:00:00",979,648.713062386966,-157.820348508725,1455.24647328266,-584.773345951227,1882.19947072516
"2018-07-01 07:00:00",1237,753.117494675778,-53.4159162199135,1559.65090557147,-480.368913662416,1986.60390301397
"2018-07-01 08:00:00",1682,799.215356451614,-7.31805444407712,1605.74876734731,-434.27105188658,2032.70176478981
"2018-07-01 09:00:00",2495,1080.0225233908,273.48911249511,1886.55593428649,-153.463884947393,2313.50893172899
"2018-07-01 10:00:00",2924,1607.23957464421,800.706163748514,2413.7729855399,373.753166306011,2840.7259829824
"2018-07-01 11:00:00",3323,1847.25508712187,1040.72167622618,2653.78849801756,613.768678783674,3080.74149546006
"2018-07-01 12:00:00",3696,2091.4230220392,1284.88961114351,2897.95643293489,857.936613701003,3324.90943037739
"2018-07-01 13:00:00",4084,2262.02620577056,1455.49279487487,3068.55961666625,1028.53979743236,3495.51261410875
"2018-07-01 14:00:00",4187,2456.04453222656,1649.51112133087,3262.57794312225,1222.55812388837,3689.53094056475
"2018-07-01 15:00:00",4365,2244.24111941778,1437.70770852209,3050.77453031348,1010.75471107959,3477.72752775598
"2018-07-01 16:00:00",4380,2194.72246733836,1388.18905644267,3001.25587823405,961.236059000166,3428.20887567655
"2018-07-01 17:00:00",4049,1938.96189437309,1132.4284834774,2745.49530526878,705.475486034893,3172.44830271128
"2018-07-01 18:00:00",3680,1739.596946842,933.063535946308,2546.13035773769,506.110538503805,2973.08335518019
"2018-07-01 19:00:00",3404,1520.36200172901,713.828590833316,2326.8954126247,286.875593390813,2753.8484100672
"2018-07-01 20:00:00",3018,1751.38221352129,944.848802625602,2557.91562441698,517.895805183099,2984.86862185949
"2018-07-01 21:00:00",2640,2928.60750166762,2122.07409077193,3735.14091256331,1695.12109332942,4162.09391000581
"2018-07-01 22:00:00",2152,1292.81899340521,486.285582509514,2099.3524043009,59.3325850670119,2526.3054017434
"2018-07-01 23:00:00",3078,847.701829063115,41.1684181674243,1654.23523995881,-385.784579275078,2081.18823740131
"2018-07-02 00:00:00",1043,198.984638710979,-607.548772184712,1005.51804960667,-1034.50176962721,1432.47104704917
"2018-07-02 01:00:00",523,83.5732148210056,-722.960196074686,890.106625716697,-1149.91319351719,1317.0596231592
"2018-07-02 02:00:00",425,93.7886149720691,-712.744795923622,900.32202586776,-1139.69779336612,1327.27502331026
"2018-07-02 03:00:00",398,156.393615922691,-650.139794973,962.927026818383,-1077.0927924155,1389.88002426089
"2018-07-02 04:00:00",896,598.152416702126,-208.380994193565,1404.68582759782,-635.333991636068,1831.63882504032
"2018-07-02 05:00:00",2931,2056.84470270949,1250.3112918138,2863.37811360518,823.358294371294,3290.33111104768
"2018-07-02 06:00:00",5305,4164.45633595751,3357.92292506182,4970.9897468532,2930.96992761931,5397.9427442957
"2018-07-02 07:00:00",5936,4758.87341542666,3952.34000453097,5565.40682632236,3525.38700708847,5992.35982376486
"2018-07-02 08:00:00",4859,4270.16495141441,3463.63154051872,5076.69836231011,3036.67854307622,5503.65135975261
"2018-07-02 09:00:00",4473,3810.48036088087,3003.94694998518,4617.01377177656,2576.99395254267,5043.96676921906
"2018-07-02 10:00:00",4172,3394.56679199541,2588.03338109972,4201.1002028911,2161.08038365722,4628.0532003336
"2018-07-02 11:00:00",4498,3646.61108434406,2840.07767344837,4453.14449523975,2413.12467600587,4880.09749268226
"2018-07-02 12:00:00",4617,3915.23461590016,3108.70120500447,4721.76802679585,2681.74820756196,5148.72102423835
"2018-07-02 13:00:00",4667,3856.75676215597,3050.22335126028,4663.29017305166,2623.27035381778,5090.24317049416
"2018-07-02 14:00:00",4728,4126.99375794823,3320.46034705254,4933.52716884393,2893.50734961004,5360.48016628643
"2018-07-02 15:00:00",5115,4730.96172419175,3924.42831329606,5537.49513508744,3497.47531585356,5964.44813252995
"2018-07-02 16:00:00",5853,5531.52655019732,4724.99313930163,6338.05996109301,4298.04014185912,6765.01295853551
"2018-07-02 17:00:00",5241,5296.94378152526,4490.41037062957,6103.47719242095,4063.45737318707,6530.43018986345
"2018-07-02 18:00:00",3922,3796.11440501901,2989.58099412332,4602.6478159147,2562.62799668081,5029.6008133572
"2018-07-02 19:00:00",3183,2722.76121220115,1916.22780130546,3529.29462309684,1489.27480386296,3956.24762053934
"2018-07-02 20:00:00",2792,2279.24229222125,1472.70888132555,3085.77570311694,1045.75588388305,3512.72870055944
"2018-07-02 21:00:00",2552,1852.71011659173,1046.17670569604,2659.24352748742,619.223708253534,3086.19652492992
"2018-07-02 22:00:00",2118,1248.93388561524,442.400474719553,2055.46729651093,15.4474772770502,2482.42029395344
"2018-07-02 23:00:00",1461,747.932946321441,-58.6004645742502,1554.46635721713,-485.553462016753,1981.41935465963
"2018-07-03 00:00:00",722,649.363867271525,-157.169543624166,1455.89727816722,-584.122541066669,1882.85027560972
"2018-07-03 01:00:00",455,450.215134187071,-356.318276708621,1256.74854508276,-783.271274151123,1683.70154252526
"2018-07-03 02:00:00",340,398.259730490497,-408.273680405194,1204.79314138619,-835.226677847697,1631.74613882869
"2018-07-03 03:00:00",391,484.415267106032,-322.118143789659,1290.94867800172,-749.071141232162,1717.90167544423
"2018-07-03 04:00:00",863,1025.65749134118,219.124080445488,1832.19090223687,-207.828916997014,2259.14389967937
"2018-07-03 05:00:00",2836,2946.1297090401,2139.59629814441,3752.66311993579,1712.6433007019,4179.61611737829
"2018-07-03 06:00:00",5264,5618.89456345037,4812.36115255468,6425.42797434606,4385.40815511218,6852.38097178857
"2018-07-03 07:00:00",5737,6284.66503516411,5478.13162426842,7091.19844605981,5051.17862682592,7518.15144350231
"2018-07-03 08:00:00",5017,6001.40653792383,5194.87312702814,6807.93994881952,4767.92012958563,7234.89294626202
"2018-07-03 09:00:00",4373,5725.44478642614,4918.91137553045,6531.97819732184,4491.95837808795,6958.93119476434
"2018-07-03 10:00:00",4099,4507.69539824038,3701.16198734469,5314.22880913607,3274.20898990219,5741.18180657858
"2018-07-03 11:00:00",4415,4755.85926565803,3949.32585476234,5562.39267655372,3522.37285731984,5989.34567399623
"2018-07-03 12:00:00",4775,5013.89997144176,4207.36656054607,5820.43338233745,3780.41356310357,6247.38637977995
"2018-07-03 13:00:00",4799,4962.8664672353,4156.33305633961,5769.39987813099,3729.38005889711,6196.35287557349
"2018-07-03 14:00:00",4968,5280.81682291148,4474.28341201579,6087.35023380717,4047.33041457329,6514.30323124968
"2018-07-03 15:00:00",5526,5884.0395955047,5077.50618460901,6690.57300640039,4650.55318716651,7117.52600384289
"2018-07-03 16:00:00",6135,6718.35499529102,5911.82158439533,7524.88840618671,5484.86858695283,7951.84140362921
"2018-07-03 17:00:00",5092,6323.40818828519,5516.8747773895,7129.94159918088,5089.921779947,7556.89459662339
"2018-07-03 18:00:00",4313,4863.96729260672,4057.43388171103,5670.50070350241,3630.48088426853,6097.45370094491
"2018-07-03 19:00:00",3308,3531.05117156435,2724.51776066866,4337.58458246004,2297.56476322615,4764.53757990254
"2018-07-03 20:00:00",3055,2951.95186422022,2145.41845332453,3758.48527511591,1718.46545588203,4185.43827255842
"2018-07-03 21:00:00",2700,3486.93716665682,2680.40375576113,4293.47057755251,2253.45075831863,4720.42357499502
"2018-07-03 22:00:00",2176,3360.6938515618,2554.16044066611,4167.22726245749,2127.2074432236,4594.18025989999
"2018-07-03 23:00:00",1741,1381.27823341235,574.744822516657,2187.81164430804,147.791825074154,2614.76464175054
"2018-07-04 00:00:00",1021,606.73072643909,-199.802684456601,1413.26413733478,-626.755681899104,1840.21713477728
"2018-07-04 01:00:00",605,380.919776729935,-425.613634165756,1187.45318762563,-852.566631608259,1614.40618506813
"2018-07-04 02:00:00",573,234.430157195462,-572.103253700229,1040.96356809115,-999.056251142732,1467.91656553366
"2018-07-04 03:00:00",353,319.096283144658,-487.437127751033,1125.62969404035,-914.390125193536,1552.58269148285
"2018-07-04 04:00:00",354,788.853973592366,-17.6794373033251,1595.38738448806,-444.632434745828,2022.34038193056
"2018-07-04 05:00:00",698,2806.68456474038,2000.15115384469,3613.21797563607,1573.19815640219,4040.17097307858
"2018-07-04 06:00:00",1141,5711.35833863639,4904.82492774069,6517.89174953208,4477.87193029819,6944.84474697458
"2018-07-04 07:00:00",1128,6608.8704746504,5802.33706375471,7415.40388554609,5375.38406631221,7842.3568829886
"2018-07-04 08:00:00",1275,6377.45614662903,5570.92273573334,7183.98955752472,5143.96973829084,7610.94255496723
"2018-07-04 09:00:00",1687,5103.02259501823,4296.48918412254,5909.55600591392,3869.53618668003,6336.50900335642
"2018-07-04 10:00:00",1920,4468.61361865456,3662.08020775887,5275.14702955025,3235.12721031637,5702.10002699276
"2018-07-04 11:00:00",2603,4577.49428067451,3770.96086977882,5384.0276915702,3344.00787233631,5810.9806890127
"2018-07-04 12:00:00",2761,4759.04136283073,3952.50795193504,5565.57477372642,3525.55495449254,5992.52777116893
"2018-07-04 13:00:00",2929,4780.95398239875,3974.42057150306,5587.48739329445,3547.46757406056,6014.44039073695
"2018-07-04 14:00:00",3318,5206.97318709043,4400.43977619474,6013.50659798612,3973.48677875224,6440.45959542862
"2018-07-04 15:00:00",3070,5564.38609162937,4757.85268073367,6370.91950252506,4330.89968329117,6797.87249996756
"2018-07-04 16:00:00",3224,6752.6991383498,5946.16572745411,7559.23254924549,5519.21273001161,7986.185546688
"2018-07-04 17:00:00",3045,6192.92799300693,5386.39458211123,6999.46140390262,4959.44158466873,7426.41440134512
"2018-07-04 18:00:00",2664,4395.38667971869,3588.853268823,5201.92009061438,3161.90027138049,5628.87308805688
"2018-07-04 19:00:00",2596,3118.88591117988,2312.35250028419,3925.41932207558,1885.39950284169,4352.37231951808
"2018-07-04 20:00:00",2503,2815.28363377465,2008.75022287896,3621.81704467035,1581.79722543646,4048.77004211285
"2018-07-04 21:00:00",2582,2368.34680895307,1561.81339805738,3174.88021984876,1134.86040061488,3601.83321729127
"2018-07-04 22:00:00",2030,1562.42679759351,755.893386697815,2368.9602084892,328.940389255313,2795.9132059317
"2018-07-04 23:00:00",1936,949.299622376118,142.766211480427,1755.83303327181,-284.186785962075,2182.78603071431
"2018-07-05 00:00:00",971,731.974779283191,-74.5586316125002,1538.50819017888,-501.511629055003,1965.46118762138
"2018-07-05 01:00:00",476,520.549776994775,-285.983633900917,1327.08318789047,-712.936631343419,1754.03618533297
"2018-07-05 02:00:00",317,420.027203860082,-386.506207035609,1226.56061475577,-813.459204478112,1653.51361219828
"2018-07-05 03:00:00",338,525.553657932471,-280.97975296322,1332.08706882816,-707.932750405722,1759.04006627067
"2018-07-05 04:00:00",754,1038.77071858722,232.237307691531,1845.30412948291,-194.715689750971,2272.25712692542
"2018-07-05 05:00:00",2412,3052.00398545291,2245.47057455722,3858.5373963486,1818.51757711472,4285.49039379111
"2018-07-05 06:00:00",4500,5906.18537834806,5099.65196745237,6712.71878924376,4672.69897000987,7139.67178668626
"2018-07-05 07:00:00",4966,6602.87988467561,5796.34647377991,7409.4132955713,5369.39347633741,7836.3662930138
"2018-07-05 08:00:00",4440,6123.30249606095,5316.76908516526,6929.83590695664,4889.81608772276,7356.78890439915
"2018-07-05 09:00:00",4205,5957.55479651701,5151.02138562132,6764.0882074127,4724.06838817881,7191.0412048552
"2018-07-05 10:00:00",4154,4988.12206076242,4181.58864986673,5794.65547165812,3754.63565242423,6221.60846910062
"2018-07-05 11:00:00",4201,5137.90013245558,4331.36672155989,5944.43354335127,3904.41372411739,6371.38654079378
"2018-07-05 12:00:00",4416,5125.30230517961,4318.76889428392,5931.8357160753,3891.81589684142,6358.78871351781
"2018-07-05 13:00:00",4491,5207.69028233675,4401.15687144106,6014.22369323244,3974.20387399856,6441.17669067494
"2018-07-05 14:00:00",4708,5534.30593402347,4727.77252312778,6340.83934491917,4300.81952568528,6767.79234236167
"2018-07-05 15:00:00",5066,6259.15446876386,5452.62105786817,7065.68787965955,5025.66806042567,7492.64087710206
"2018-07-05 16:00:00",5908,7203.5485195187,6397.01510862301,8010.08193041439,5970.06211118051,8437.0349278569
"2018-07-05 17:00:00",5223,6821.28725143942,6014.75384054373,7627.82066233511,5587.80084310123,8054.77365977761
"2018-07-05 18:00:00",4115,5091.09825669427,4284.56484579858,5897.63166758996,3857.61184835608,6324.58466503246
"2018-07-05 19:00:00",3099,3782.14546763266,2975.61205673696,4588.67887852835,2548.65905929446,5015.63187597085
"2018-07-05 20:00:00",2713,3111.05171277381,2304.51830187812,3917.5851236695,1877.56530443562,4344.53812111201
"2018-07-05 21:00:00",2633,2853.56083484775,2047.02742395205,3660.09424574344,1620.07442650955,4087.04724318594
"2018-07-05 22:00:00",2002,2099.0117952393,1292.47838434361,2905.54520613499,865.525386901104,3332.49820357749
"2018-07-05 23:00:00",1287,1324.96457692919,518.431166033498,2131.49798782488,91.478168590995,2558.45098526738
"2018-07-06 00:00:00",743,828.592850178267,22.059439282576,1635.12626107396,-404.893558159927,2062.07925851646
"2018-07-06 01:00:00",435,565.703662501199,-240.829748394492,1372.23707339689,-667.782745836995,1799.19007083939
"2018-07-06 02:00:00",372,483.162693332785,-323.370717562906,1289.69610422848,-750.323715005409,1716.64910167098
"2018-07-06 03:00:00",343,539.075870182577,-267.457540713114,1345.60928107827,-694.410538155616,1772.56227852077
"2018-07-06 04:00:00",752,1016.09041304549,209.557002149802,1822.62382394118,-217.3959952927,2249.57682138369
"2018-07-06 05:00:00",2453,2906.85660624031,2100.32319534462,3713.390017136,1673.37019790212,4140.34301457851
"2018-07-06 06:00:00",4489,5572.89764655231,4766.36423565662,6379.431057448,4339.41123821411,6806.3840548905
"2018-07-06 07:00:00",5069,6717.34821906731,5910.81480817162,7523.881629963,5483.86181072912,7950.83462740551
"2018-07-06 08:00:00",4489,5980.9195060232,5174.3860951275,6787.45291691889,4747.433097685,7214.40591436139
"2018-07-06 09:00:00",4305,5315.88590587056,4509.35249497487,6122.41931676626,4082.39949753237,6549.37231420876
"2018-07-06 10:00:00",4215,4933.2962043511,4126.76279345541,5739.82961524679,3699.80979601291,6166.78261268929
"2018-07-06 11:00:00",4547,5309.4023584316,4502.86894753591,6115.93576932729,4075.9159500934,6542.88876676979
"2018-07-06 12:00:00",4684,5430.31300885132,4623.77959795563,6236.84641974701,4196.82660051313,6663.79941718951
"2018-07-06 13:00:00",4594,5265.4480080988,4458.91459720311,6071.98141899449,4031.9615997606,6498.93441643699
"2018-07-06 14:00:00",4818,5468.6748150874,4662.14140419171,6275.20822598309,4235.1884067492,6702.16122342559
"2018-07-06 15:00:00",5182,6082.69992602936,5276.16651513367,6889.23333692505,4849.21351769117,7316.18633436755
"2018-07-06 16:00:00",5353,6792.03381933626,5985.50040844057,7598.56723023195,5558.54741099807,8025.52022767445
"2018-07-06 17:00:00",4822,5721.71906912832,4915.18565823263,6528.25248002401,4488.23266079013,6955.20547746651
"2018-07-06 18:00:00",4089,4206.59403084826,3400.06061995257,5013.12744174396,2973.10762251007,5440.08043918646
"2018-07-06 19:00:00",3390,2941.23954440069,2134.706133505,3747.77295529638,1707.75313606249,4174.72595273888
"2018-07-06 20:00:00",2966,2369.12091362086,1562.58750272517,3175.65432451655,1135.63450528266,3602.60732195905
"2018-07-06 21:00:00",2903,2224.79067443226,1418.25726353657,3031.32408532795,991.304266094069,3458.27708277046
"2018-07-06 22:00:00",2533,1902.63864001981,1096.10522912412,2709.1720509155,669.152231681617,3136.12504835801
"2018-07-06 23:00:00",2227,1304.48354525079,497.9501343551,2111.01695614648,70.9971369125979,2537.96995358899
"2018-07-07 00:00:00",1233,781.916418699036,-24.6169921966548,1588.44982959473,-451.569989639158,2015.40282703723
"2018-07-07 01:00:00",689,597.44301788913,-209.090393006561,1403.97642878482,-636.043390449064,1830.92942622732
"2018-07-07 02:00:00",604,581.055228855159,-225.478182040532,1387.58863975085,-652.431179483034,1814.54163719335
"2018-07-07 03:00:00",382,462.248872980194,-344.284537915497,1268.78228387588,-771.237535358,1695.73528131839
"2018-07-07 04:00:00",429,503.331995598077,-303.201415297614,1309.86540649377,-730.154412740117,1736.81840393627
"2018-07-07 05:00:00",769,714.853115188232,-91.6802957074588,1521.38652608392,-518.633293149962,1948.33952352643
"2018-07-07 06:00:00",1246,1096.57220841914,290.038797523449,1903.10561931483,-136.914199919054,2330.05861675733
"2018-07-07 07:00:00",1710,1404.76571969777,598.232308802084,2211.29913059347,171.279311359581,2638.25212803597
"2018-07-07 08:00:00",2428,1585.70631790712,779.172907011428,2392.23972880281,352.219909568925,2819.19272624531
"2018-07-07 09:00:00",3029,1827.64115043701,1021.10773954132,2634.17456133271,594.15474209882,3061.12755877521
"2018-07-07 10:00:00",3386,2103.99416634666,1297.46075545097,2910.52757724235,870.507758008469,3337.48057468486
"2018-07-07 11:00:00",4045,2225.14435886671,1418.61094797102,3031.6777697624,991.657950528519,3458.63076720491
"2018-07-07 12:00:00",4160,2189.45994629852,1382.92653540283,2995.99335719421,955.973537960323,3422.94635463671
"2018-07-07 13:00:00",4118,2033.61751706403,1227.08410616834,2840.15092795972,800.131108725833,3267.10392540222
"2018-07-07 14:00:00",3992,1889.0463445712,1082.51293367551,2695.57975546689,655.559936233005,3122.53275290939
"2018-07-07 15:00:00",4022,1995.41072216156,1188.87731126587,2801.94413305725,761.924313823367,3228.89713049975
"2018-07-07 16:00:00",4289,1522.66374747129,716.130336575599,2329.19715836698,289.177339133096,2756.15015580948
"2018-07-07 17:00:00",4085,1601.38288531536,794.849474419667,2407.91629621105,367.896476977164,2834.86929365355
"2018-07-07 18:00:00",3986,1162.9531967736,356.419785877911,1969.48660766929,-70.533211564592,2396.4396051118
"2018-07-07 19:00:00",3416,969.136499207164,162.603088311473,1775.66991010285,-264.34990913103,2202.62290754536
"2018-07-07 20:00:00",3191,678.436299683102,-128.097111212589,1484.96971057879,-555.050108655091,1911.9227080213
"2018-07-07 21:00:00",3616,808.23089996213,1.69748906643906,1614.76431085782,-425.255508376064,2041.71730830032
"2018-07-07 22:00:00",3055,716.66449827149,-89.868912624201,1523.19790916718,-516.821910066704,1950.15090660968
"2018-07-07 23:00:00",2246,719.28389945228,-87.2495114434111,1525.81731034797,-514.202508885914,1952.77030779047
"2018-07-08 00:00:00",1423,556.201217551137,-250.332193344554,1362.73462844683,-677.285190787056,1789.68762588933
"2018-07-08 01:00:00",786,482.526116583296,-324.007294312395,1289.05952747899,-750.960291754898,1716.01252492149
"2018-07-08 02:00:00",693,401.068800816696,-405.464610078995,1207.60221171239,-832.417607521498,1634.55520915489
"2018-07-08 03:00:00",357,304.588472506444,-501.944938389247,1111.12188340214,-928.897935831749,1538.07488084464
"2018-07-08 04:00:00",327,344.72578274659,-461.807628149102,1151.25919364228,-888.760625591604,1578.21219108478
"2018-07-08 05:00:00",476,481.954118440085,-324.579292455606,1288.48752933578,-751.532289898109,1715.44052677828
"2018-07-08 06:00:00",876,667.650651707928,-138.882759187763,1474.18406260362,-565.835756630266,1901.13706004612
"2018-07-08 07:00:00",1084,770.985589739981,-35.5478211557103,1577.51900063567,-462.500818598213,2004.47199807817
"2018-07-08 08:00:00",1920,818.269484317023,11.7360734213322,1624.80289521271,-415.21692402117,2051.75589265522
"2018-07-08 09:00:00",2584,1099.1421223486,292.608711452906,1905.67553324429,-134.344285989597,2332.62853068679
"2018-07-08 10:00:00",3236,1626.48094983384,819.947538938148,2433.01436072953,392.994541495646,2859.96735817203
"2018-07-08 11:00:00",3837,1866.58615770807,1060.05274681238,2673.11956860376,633.099749369877,3100.07256604626
"2018-07-08 12:00:00",4075,2110.84968042028,1304.31626952459,2917.38309131598,877.363272082091,3344.33608875848
"2018-07-08 13:00:00",4211,2281.52357293142,1474.99016203573,3088.05698382711,1048.03716459323,3515.00998126961
"2018-07-08 14:00:00",4470,2475.62242883106,1669.08901793537,3282.15583972675,1242.13602049287,3709.10883716925
"2018-07-08 15:00:00",4397,2263.88448711467,1457.35107621898,3070.41789801036,1030.39807877648,3497.37089545287
"2018-07-08 16:00:00",4514,2209.2749345854,1402.74152368971,3015.80834548109,975.788526247206,3442.76134292359
"2018-07-08 17:00:00",4297,1953.53793121339,1147.0045203177,2760.07134210908,720.051522875193,3187.02433955158
"2018-07-08 18:00:00",3953,1754.13501044871,947.601599553023,2560.66842134441,520.64860211052,2987.62141878691
"2018-07-08 19:00:00",3969,1534.87322218784,728.339811292152,2341.40663308353,301.38681384965,2768.35963052604
"2018-07-08 20:00:00",3571,1765.81486866927,959.281457773575,2572.34827956496,532.328460331072,2999.30127700746
"2018-07-08 21:00:00",2948,2937.52900780083,2130.99559690514,3744.06241869653,1704.04259946264,4171.01541613903
"2018-07-08 22:00:00",2039,1292.19288597933,485.659475083635,2098.72629687502,58.7064776411326,2525.67929431752
"2018-07-08 23:00:00",1339,866.978558642638,60.4451477469472,1673.51196953833,-366.507849695555,2100.46496698083
"2018-07-09 00:00:00",676,218.218157369527,-588.315253526164,1024.75156826522,-1015.26825096867,1451.70456570772
"2018-07-09 01:00:00",423,102.758284871188,-703.775126024504,909.291695766879,-1130.72812346701,1336.24469320938
"2018-07-09 02:00:00",320,112.941604186982,-693.591806708709,919.475015082673,-1120.54480415121,1346.42801252518
"2018-07-09 03:00:00",348,164.979255351965,-641.554155543726,971.512666247656,-1068.50715298623,1398.46566369016
"2018-07-09 04:00:00",903,606.722343069226,-199.811067826465,1413.25575396492,-626.764065268967,1840.20875140742
"2018-07-09 05:00:00",2977,2065.41004610012,1258.87663520443,2871.94345699581,831.923637761928,3298.89645443832
"2018-07-09 06:00:00",5679,4183.52486746324,3376.99145656755,4990.05827835893,2950.03845912505,5417.01127580144
"2018-07-09 07:00:00",6178,4767.41977220051,3960.88636130482,5573.9531830962,3533.93336386231,6000.9061805387
"2018-07-09 08:00:00",5656,4289.27931268482,3482.74590178913,5095.81272358051,3055.79290434662,5522.76572102301
"2018-07-09 09:00:00",4586,3819.16748050334,3012.63406960765,4625.70089139903,2585.68107216515,5052.65388884153
"2018-07-09 10:00:00",4266,3389.85708083868,2583.32366994299,4196.39049173437,2156.37067250048,4623.34348917687
"2018-07-09 11:00:00",4448,3641.93934642091,2835.40593552522,4448.4727573166,2408.45293808272,4875.42575475911
"2018-07-09 12:00:00",4689,3914.69820387085,3108.16479297515,4721.23161476654,2681.21179553265,5148.18461220904
"2018-07-09 13:00:00",4621,3856.27010815687,3049.73669726118,4662.80351905257,2622.78369981868,5089.75651649507
"2018-07-09 14:00:00",4836,4126.55620726843,3320.02279637274,4933.08961816412,2893.06979893023,5360.04261560662
"2018-07-09 15:00:00",5429,4730.58440691694,3924.05099602125,5537.11781781263,3497.09799857875,5964.07081525513
"2018-07-09 16:00:00",6311,5540.6392319203,4734.10582102461,6347.17264281599,4307.15282358211,6774.12564025849
"2018-07-09 17:00:00",5805,5306.06562920118,4499.53221830549,6112.59904009687,4072.57922086298,6539.55203753937
"2018-07-09 18:00:00",4290,3805.24083567139,2998.7074247757,4611.77424656708,2571.7544273332,5038.72724400958
"2018-07-09 19:00:00",3240,2737.26261199613,1930.72920110044,3543.79602289182,1503.77620365794,3970.74902033432
"2018-07-09 20:00:00",2861,2298.79007212325,1492.25666122756,3105.32348301894,1065.30366378505,3532.27648046144
"2018-07-09 21:00:00",2633,1871.05680534127,1064.52339444558,2677.59021623697,637.570397003081,3104.54321367947
"2018-07-09 22:00:00",2071,1267.11558721198,460.582176316287,2073.64899810767,33.629178873784,2500.60199555017
"2018-07-09 23:00:00",1189,767.052545279236,-39.4808656164545,1573.58595617493,-466.433863058957,2000.53895361743
"2018-07-10 00:00:00",688,668.362344708406,-138.171066187285,1474.8957556041,-565.124063629788,1901.8487530466
"2018-07-10 01:00:00",389,469.12195209461,-337.411458801081,1275.6553629903,-764.364456243583,1702.6083604328
"2018-07-10 02:00:00",295,417.080781267011,-389.45262962868,1223.6141921627,-816.405627071183,1650.5671896052
"2018-07-10 03:00:00",364,503.22518779684,-303.308223098851,1309.75859869253,-730.261220541354,1736.71159613503
"2018-07-10 04:00:00",898,1044.44187830596,237.908467410266,1850.97528920165,-189.044530032237,2277.92828664415
"2018-07-10 05:00:00",3137,2964.8571361545,2158.32372525881,3771.39054705019,1731.37072781631,4198.34354449269
"2018-07-10 06:00:00",5886,5637.59776626059,4831.0643553649,6444.13117715628,4404.1113579224,6871.08417459878
"2018-07-10 07:00:00",6134,6303.40621120792,5496.87280031223,7109.93962210361,5069.91980286972,7536.89261954611
"2018-07-10 08:00:00",5786,6000.36076079575,5193.82734990006,6806.89417169144,4766.87435245756,7233.84716913395
"2018-07-10 09:00:00",4843,5724.50441775681,4917.97100686112,6531.0378286525,4491.01800941862,6957.990826095
"2018-07-10 10:00:00",4442,4506.79431222648,3700.26090133079,5313.32772312217,3273.30790388829,5740.28072056467
"2018-07-10 11:00:00",4586,4754.97520212815,3948.44179123246,5561.50861302384,3521.48879378996,5988.46161046635
"2018-07-10 12:00:00",4865,5009.00366767173,4202.47025677603,5815.53707856742,3775.51725933353,6242.49007600992
"2018-07-10 13:00:00",4719,4962.06555199275,4155.53214109706,5768.59896288844,3728.57914365456,6195.55196033094
"2018-07-10 14:00:00",4789,5280.14423101001,4473.61082011432,6086.6776419057,4046.65782267181,6513.6306393482
"2018-07-10 15:00:00",5681,5903.42566180851,5096.89225091282,6709.9590727042,4669.93925347031,7136.9120701467
"2018-07-10 16:00:00",6566,6727.29352390826,5920.76011301256,7533.82693480395,5493.80711557006,7960.77993224645
"2018-07-10 17:00:00",6081,6332.37552418308,5525.84211328739,7138.90893507877,5098.88911584488,7565.86193252127
"2018-07-10 18:00:00",4404,4872.939866192,4066.40645529631,5679.47327708769,3639.4534578538,6106.42627453019
"2018-07-10 19:00:00",3219,3549.44499950041,2742.91158860472,4355.9784103961,2315.95859116222,4782.93140783861
"2018-07-10 20:00:00",3053,2970.26974568912,2163.73633479343,3776.80315658481,1736.78333735093,4203.75615402731
"2018-07-10 21:00:00",3060,3501.10400916971,2694.57059827402,4307.6374200654,2267.61760083151,4734.5904175079
"2018-07-10 22:00:00",2203,3374.73826313192,2568.20485223623,4181.27167402761,2141.25185479373,4608.22467147011
"2018-07-10 23:00:00",1311,1400.37164393319,593.838233037498,2206.90505482888,166.885235594995,2633.85805227138
"2018-07-11 00:00:00",661,625.767831820479,-180.765579075212,1432.30124271617,-607.718576517715,1859.25424015867
"2018-07-11 01:00:00",401,399.904505237414,-406.628905658277,1206.43791613311,-833.581903100779,1633.39091357561
"2018-07-11 02:00:00",321,253.371674781966,-553.161736113725,1059.90508567766,-980.114733556227,1486.85808312016
"2018-07-11 03:00:00",384,338.015540559751,-468.51787033594,1144.54895145544,-895.470867778442,1571.50194889795
"2018-07-11 04:00:00",948,807.777159273003,1.24374837731148,1614.31057016869,-425.709249065191,2041.2635676112
"2018-07-11 05:00:00",3193,2825.58679967146,2019.05338877577,3632.12021056715,1592.10039133326,4059.07320800965
"2018-07-11 06:00:00",5179,5730.264501833,4923.73109093731,6536.79791272869,4496.77809349481,6963.75091017119
"2018-07-11 07:00:00",6295,6617.32713602767,5810.79372513198,7423.86054692337,5383.84072768948,7850.81354436587
"2018-07-11 08:00:00",5930,6386.00708637934,5579.47367548365,7192.54049727503,5152.52067804115,7619.49349471754
"2018-07-11 09:00:00",5025,5102.24263052524,4295.70921962955,5908.77604142093,3868.75622218705,6335.72903886343
"2018-07-11 10:00:00",4829,4467.89977996489,3661.36636906919,5274.43319086058,3234.41337162669,5701.38618830308
"2018-07-11 11:00:00",5052,4576.83281885874,3770.29940796305,5383.36622975443,3343.34641052055,5810.31922719693
"2018-07-11 12:00:00",4974,4758.49316600479,3951.9597551091,5565.02657690048,3525.0067576666,5991.97957434299
"2018-07-11 13:00:00",4779,4780.51119403156,3973.97778313587,5587.04460492725,3547.02478569336,6013.99760236975
"2018-07-11 14:00:00",4974,5226.56417791341,4420.03076701772,6033.0975888091,3993.07776957521,6460.0505862516
"2018-07-11 15:00:00",5817,5564.06966247047,4757.53625157478,6370.60307336617,4330.58325413228,6797.55607080867
"2018-07-11 16:00:00",6522,6752.43966904129,5945.90625814559,7558.97307993698,5518.95326070309,7985.92607737948
"2018-07-11 17:00:00",5935,6202.09632515844,5395.56291426275,7008.62973605413,4968.60991682024,7435.58273349663
"2018-07-11 18:00:00",4568,4395.07483353626,3588.54142264057,5201.60824443195,3161.58842519807,5628.56124187446
"2018-07-11 19:00:00",3412,3118.54591242773,2312.01250153204,3925.07932332342,1885.05950408954,4352.03232076593
"2018-07-11 20:00:00",3033,2814.90631649984,2008.37290560415,3621.43972739553,1581.41990816165,4048.39272483804
"2018-07-11 21:00:00",2687,2367.88961694555,1561.35620604986,3174.42302784124,1134.40320860736,3601.37602528374
"2018-07-11 22:00:00",1960,1561.94210772718,755.40869683149,2368.47551862287,328.455699388988,2795.42851606538
"2018-07-11 23:00:00",1294,968.724971335358,162.191560439667,1775.25838223105,-264.761437002835,2202.21137967355
"2018-07-12 00:00:00",699,751.375249227324,-55.1581616683671,1557.90866012302,-482.11115911087,1984.86165756552
"2018-07-12 01:00:00",408,539.909654861628,-266.623756034063,1346.44306575732,-693.576753476566,1773.39606319982
"2018-07-12 02:00:00",296,439.366785688296,-367.166625207396,1245.90019658399,-794.119622649898,1672.85319402649
"2018-07-12 03:00:00",364,544.861158925416,-261.672251970275,1351.39456982111,-688.625249412778,1778.34756726361
"2018-07-12 04:00:00",940,1058.05203114321,251.518620247521,1864.5854420389,-175.434377194981,2291.53843948141
"2018-07-12 05:00:00",3070,3071.23946824423,2264.70605734854,3877.77287913992,1837.75305990604,4304.72587658243
"2018-07-12 06:00:00",5702,5925.40776692091,5118.87435602522,6731.9411778166,4691.92135858271,7158.8941752591
"2018-07-12 07:00:00",6456,6622.08394134258,5815.55053044689,7428.61735223827,5388.59753300439,7855.57034968077
"2018-07-12 08:00:00",5583,6122.56312364524,5316.02971274955,6929.09653454093,4889.07671530705,7356.04953198344
"2018-07-12 09:00:00",4958,5956.8455408038,5150.31212990811,6763.37895169949,4723.3591324656,7190.33194914199
"2018-07-12 10:00:00",4610,4983.42478911324,4176.89137821755,5789.95820000893,3749.93838077505,6216.91119745144
"2018-07-12 11:00:00",4848,5133.30957868699,4326.7761677913,5939.84298958268,3899.8231703488,6366.79598702518
"2018-07-12 12:00:00",4891,5120.76281886308,4314.22940796739,5927.29622975877,3887.27641052489,6354.24922720128
"2018-07-12 13:00:00",5188,5207.26124289895,4400.72783200326,6013.79465379465,3973.77483456076,6440.74765123715
"2018-07-12 14:00:00",5139,5533.97968420073,4727.44627330503,6340.51309509642,4300.49327586253,6767.46609253892
"2018-07-12 15:00:00",5743,6278.84432093634,5472.31091004065,7085.37773183203,5045.35791259815,7512.33072927454
"2018-07-12 16:00:00",6612,7203.3388082404,6396.80539734471,8009.87221913609,5969.85239990221,8436.82521657859
"2018-07-12 17:00:00",5795,6841.00067320516,6034.46726230947,7647.53408410085,5607.51426486697,8074.48708154335
"2018-07-12 18:00:00",3890,5086.52341598785,4279.99000509216,5893.05682688354,3853.03700764966,6320.00982432605
"2018-07-12 19:00:00",3237,3781.33800528087,2974.80459438517,4587.87141617656,2547.85159694267,5014.82441361906
"2018-07-12 20:00:00",2727,3119.66877832743,2313.13536743174,3926.20218922312,1886.18236998924,4353.15518666563
"2018-07-12 21:00:00",2497,2852.72521992623,2046.19180903054,3659.25863082192,1619.23881158804,4086.21162826442
"2018-07-12 22:00:00",1870,2094.11745560203,1287.58404470634,2900.65086649772,860.631047263839,3327.60386394023
"2018-07-12 23:00:00",1320,1333.54890693661,527.015496040923,2140.08231783231,100.06249859842,2567.03531527481
"2018-07-13 00:00:00",705,842.560660570297,36.0272496746061,1649.09407146599,-390.925747767897,2076.04706890849
"2018-07-13 01:00:00",439,560.817179395021,-245.71623150067,1367.35059029071,-672.669228943172,1794.30358773321
"2018-07-13 02:00:00",350,478.253950055197,-328.279460840495,1284.78736095089,-755.232458282997,1711.74035839339
"2018-07-13 03:00:00",373,558.158150617713,-248.375260277978,1364.6915615134,-675.328257720481,1791.64455895591
"2018-07-13 04:00:00",888,1024.63218684287,218.098775947176,1831.16559773856,-208.854221495326,2258.11859518106
"2018-07-13 05:00:00",2917,2915.39379706122,2108.86038616553,3721.92720795691,1681.90738872303,4148.88020539941
"2018-07-13 06:00:00",5268,5581.44465803707,4774.91124714138,6387.97806893276,4347.95824969888,6814.93106637527
"2018-07-13 07:00:00",5994,6712.40215726706,5905.86874637137,7518.93556816275,5478.91574892887,7945.88856560526
"2018-07-13 08:00:00",5288,5980.0269312513,5173.49352035561,6786.56034214699,4746.54052291311,7213.5133395895
"2018-07-13 09:00:00",4543,5310.95752126526,4504.42411036957,6117.49093216095,4077.47111292707,6544.44392960345
"2018-07-13 10:00:00",4392,4928.35472552732,4121.82131463163,5734.88813642301,3694.86831718912,6161.84113386551
"2018-07-13 11:00:00",4740,5317.94413222897,4511.41072133328,6124.47754312466,4084.45772389078,6551.43054056716
"2018-07-13 12:00:00",5123,5438.88293521842,4632.34952432273,6245.41634611411,4205.39652688023,6672.36934355661
"2018-07-13 13:00:00",5059,5260.59360582789,4454.0601949322,6067.12701672358,4027.10719748969,6494.08001416608
"2018-07-13 14:00:00",5363,5487.86446811405,4681.33105721835,6294.39787900974,4254.37805977585,6721.35087645224
"2018-07-13 15:00:00",5914,6091.41650764341,5284.88309674771,6897.9499185391,4857.93009930521,7324.9029159816
"2018-07-13 16:00:00",6153,6791.2957563424,5984.76234544671,7597.82916723809,5557.80934800421,8024.78216468059
"2018-07-13 17:00:00",5257,5721.04058482853,4914.50717393284,6527.57399572422,4487.55417649034,6954.52699316673
"2018-07-13 18:00:00",4664,4206.00655136689,3399.4731404712,5012.53996226258,2972.5201430287,5439.49295970509
"2018-07-13 19:00:00",3664,2940.65271963024,2134.11930873455,3747.18613052593,1707.16631129205,4174.13912796843
"2018-07-13 20:00:00",3260,2388.48537446418,1581.95196356849,3195.01878535987,1154.99896612598,3621.97178280237
"2018-07-13 21:00:00",3064,2244.02484780173,1437.49143690604,3050.55825869743,1010.53843946354,3477.51125613993
"2018-07-13 22:00:00",2835,1911.25963383897,1104.72622294328,2717.79304473466,677.773225500779,3144.74604217717
"2018-07-13 23:00:00",1971,1323.52850716327,516.995096267576,2130.06191805896,90.042098825073,2557.01491550146
"2018-07-14 00:00:00",1233,800.914896135917,-5.61851475977392,1607.44830703161,-432.571512202277,2034.40130447411
"2018-07-14 01:00:00",696,616.376678944549,-190.156731951143,1422.91008984024,-617.109729393645,1849.86308728274
"2018-07-14 02:00:00",646,599.969248582862,-206.564162312829,1406.50265947855,-633.517159755332,1833.45565692106
"2018-07-14 03:00:00",437,481.148489067571,-325.38492182812,1287.68189996326,-752.337919270622,1714.63489740577
"2018-07-14 04:00:00",444,498.169224482029,-308.364186413662,1304.70263537772,-735.317183856165,1731.65563282022
"2018-07-14 05:00:00",858,709.675285720936,-96.8581251747555,1516.20869661663,-523.811122617258,1943.16169405913
"2018-07-14 06:00:00",1422,1115.3533218293,308.819910933607,1921.88673272499,-118.133086508895,2348.83973016749
"2018-07-14 07:00:00",1991,1418.48997762613,611.956566730437,2225.02338852182,185.003569287934,2651.97638596432
"2018-07-14 08:00:00",2714,1580.66466831199,774.131257416294,2387.19807920768,347.178259973792,2814.15107665018
"2018-07-14 09:00:00",3471,1846.76074939481,1040.22733849912,2653.2941602905,613.274341056616,3080.247157733
"2018-07-14 10:00:00",3718,2122.16080959215,1315.62739869646,2928.69422048784,888.674401253954,3355.64721793034
"2018-07-14 11:00:00",4213,2244.48066714031,1437.94725624462,3051.014078036,1010.99425880211,3477.9670754785
"2018-07-14 12:00:00",4524,2198.36770350233,1391.83429260664,3004.90111439802,964.881295164137,3431.85411184052
"2018-07-14 13:00:00",4218,2053.10637298288,1246.57296208719,2859.63978387857,819.619964644688,3286.59278132108
"2018-07-14 14:00:00",4242,1898.06540263207,1091.53199173638,2704.59881352776,664.578994293876,3131.55181097026
"2018-07-14 15:00:00",4306,2004.46251576862,1197.92910487293,2810.99592666432,770.976107430431,3237.94892410682
"2018-07-14 16:00:00",4317,1531.72470703129,725.191296135597,2338.25811792698,298.238298693094,2765.21111536948
"2018-07-14 17:00:00",4354,1610.44842785182,803.915016956132,2416.98183874751,376.962019513629,2843.93483619002
"2018-07-14 18:00:00",4109,1172.0141563336,365.480745437909,1978.54756722929,-61.4722520045939,2405.50056467179
"2018-07-14 19:00:00",3446,978.169306197436,171.635895301745,1784.70271709313,-255.317102140758,2211.65571453563
"2018-07-14 20:00:00",3192,692.801519605918,-113.731891289773,1499.33493050161,-540.684888732276,1926.28792794411
"2018-07-14 21:00:00",3272,822.497913246366,15.9645023506748,1629.03132414206,-410.988495091828,2055.98432158456
"2018-07-14 22:00:00",3074,734.801679525401,-71.7317313702899,1541.33509042109,-498.684728812793,1968.28808786359
"2018-07-14 23:00:00",2275,738.403498410076,-68.1299124856154,1544.93690930577,-495.082909928118,1971.88990674827
"2018-07-15 00:00:00",1350,575.270403767796,-231.263007127896,1381.80381466349,-658.216004570398,1808.75681210599
"2018-07-15 01:00:00",826,501.550127746208,-304.983283149483,1308.0835386419,-731.936280591986,1735.0365360844
"2018-07-15 02:00:00",699,420.043053949394,-386.490356946297,1226.57646484508,-813.4433543888,1653.52946228759
"2018-07-15 03:00:00",435,323.544393733274,-482.989017162417,1130.07780462897,-909.94201460492,1557.03080207147
"2018-07-15 04:00:00",366,363.675156864181,-442.85825403151,1170.20856775987,-869.811251474013,1597.16156520237
"2018-07-15 05:00:00",508,500.868138167787,-305.665272727904,1307.40154906348,-732.618270170406,1734.35454650598
"2018-07-15 06:00:00",933,686.553541349925,-119.979869545766,1493.08695224562,-546.932866988269,1920.03994968812
"2018-07-15 07:00:00",1195,779.410170281984,-27.1232406137075,1585.94358117767,-454.07623805621,2012.89657862018
"2018-07-15 08:00:00",1814,836.2822704954,29.7488595997092,1642.81568139109,-397.204137842794,2069.76867883359
"2018-07-15 09:00:00",2911,1117.31793154702,310.784520651325,1923.85134244271,-116.168476791178,2350.80433988521
"2018-07-15 10:00:00",3310,1645.83428059145,839.300869695763,2452.36769148715,412.34787225326,2879.32068892965
"2018-07-15 11:00:00",3655,1875.49129606819,1068.9578851725,2682.02470696388,642.004887729996,3108.97770440638
"2018-07-15 12:00:00",4245,2110.3715376632,1303.83812676751,2916.90494855889,876.885129325005,3343.85794600139
"2018-07-15 13:00:00",4233,2301.02094009229,1494.48752919659,3107.55435098798,1067.53453175409,3534.50734843048
"2018-07-15 14:00:00",4129,2475.21237601006,1668.67896511437,3281.74578690575,1241.72596767186,3708.69878434825
"2018-07-15 15:00:00",4063,2263.50258686339,1456.9691759677,3070.03599775908,1030.0161785252,3496.98899520159
"2018-07-15 16:00:00",4438,2208.90220028706,1402.36878939136,3015.43561118275,975.415791948862,3442.38860862525
"2018-07-15 17:00:00",4321,1953.16519691504,1146.63178601935,2759.69860781073,719.678788576849,3186.65160525324
"2018-07-15 18:00:00",3836,1773.68279035072,967.149379455025,2580.21620124641,540.196382012522,3007.16919868891
"2018-07-15 19:00:00",3535,1534.38394934505,727.85053844936,2340.91736024074,300.897541006858,2767.87035768324
"2018-07-15 20:00:00",3015,1765.2221515005,958.688740604813,2571.75556239619,531.73574316231,2998.7085598387
"2018-07-15 21:00:00",2671,2936.81975208762,2130.28634119193,3743.35316298331,1703.33334374943,4170.30616042582
"2018-07-15 22:00:00",2009,1291.3788765183,484.845465622607,2097.91228741399,57.8924681801043,2524.86528485649
"2018-07-15 23:00:00",1244,886.077861561794,79.5444506661031,1692.61127245749,-347.4085467764,2119.56426989999
"2018-07-16 00:00:00",721,237.251989196296,-569.281421699395,1043.78540009199,-996.234419141897,1470.73839753449
"2018-07-16 01:00:00",458,121.699147746768,-684.834263148923,928.23255864246,-1111.78726059143,1355.18555608496
"2018-07-16 02:00:00",297,131.838601430664,-674.694809465027,938.372012326355,-1101.64780690753,1365.32500976886
"2018-07-16 03:00:00",368,183.81078150326,-622.722629392431,990.344192398951,-1049.67562683493,1417.29718984145
"2018-07-16 04:00:00",935,625.510003588623,-181.023407307068,1432.04341448431,-607.97640474957,1858.99641192682
"2018-07-16 05:00:00",3048,2084.17217289349,1277.6387619978,2890.70558378918,850.685764555294,3317.65858123168
"2018-07-16 06:00:00",5593,4202.20973836759,3395.6763274719,5008.74314926328,2968.7233300294,5435.69614670579
"2018-07-16 07:00:00",5793,4785.05348075397,3978.52006985828,5591.58689164966,3551.56707241577,6018.53988909216
"2018-07-16 08:00:00",5647,4308.12655189829,3501.5931410026,5114.65996279398,3074.64014356009,5541.61296023648
"2018-07-16 09:00:00",4603,3838.16072025283,3031.62730935714,4644.69413114852,2604.67431191464,5071.64712859102
"2018-07-16 10:00:00",4346,3408.97667979647,2602.44326890078,4215.51009069216,2175.49027145828,4642.46308813467
"2018-07-16 11:00:00",4504,3660.10664437732,2853.57323348163,4466.64005527301,2426.62023603913,4893.59305271551
"2018-07-16 12:00:00",4588,3934.03778569906,3127.50437480337,4740.57119659475,2700.55137736087,5167.52419403725
"2018-07-16 13:00:00",4558,3875.65159148421,3069.11818058852,4682.18500237991,2642.16518314602,5109.13799982241
"2018-07-16 14:00:00",4794,4146.00316168816,3339.46975079246,4952.53657258385,2912.51675334996,5379.48957002635
"2018-07-16 15:00:00",5558,4739.53799388542,3933.00458298973,5546.07140478112,3506.05158554723,5973.02440222362
"2018-07-16 16:00:00",6269,5549.59085475601,4743.05744386032,6356.1242656517,4316.10444641782,6783.07726309421
"2018-07-16 17:00:00",5708,5325.54990214356,4519.01649124787,6132.08331303926,4092.06349380537,6559.03631048176
"2018-07-16 18:00:00",4203,3814.18983966341,3007.65642876772,4620.7232505591,2580.70343132521,5047.6762480016
"2018-07-16 19:00:00",3277,2746.18346341842,1939.65005252273,3552.71687431411,1512.69705508023,3979.66987175662
"2018-07-16 20:00:00",2900,2313.05250243102,1506.51909153533,3119.58591332671,1079.56609409282,3546.53891076921
"2018-07-16 21:00:00",2424,1890.3309160771,1083.79750518141,2696.86432697279,656.844507738909,3123.8173244153
"2018-07-16 22:00:00",1965,1275.7601506244,469.226739728708,2082.29356152009,42.2737422862049,2509.24655896259
"2018-07-16 23:00:00",1096,775.602830318621,-30.93058057707,1582.13624121431,-457.883578019573,2009.08923865681
"2018-07-17 00:00:00",595,676.862217006653,-129.671193889038,1483.39562790234,-556.624191331541,1910.34862534485
"2018-07-17 01:00:00",407,477.583851159273,-328.949559736418,1284.11726205496,-755.90255717892,1711.07025949747
"2018-07-17 02:00:00",274,425.436617162008,-381.096793733683,1231.9700280577,-808.049791176186,1658.9230255002
"2018-07-17 03:00:00",356,522.08290238509,-284.450508510601,1328.61631328078,-711.403505953104,1755.56931072328
"2018-07-17 04:00:00",930,1063.25507255138,256.721661655693,1869.78848344708,-170.231335786809,2296.74148088958
"2018-07-17 05:00:00",3171,2983.57474260504,2177.04133170935,3790.10815350073,1750.08833426685,4217.06115094324
"2018-07-17 06:00:00",5870,5656.26365054815,4849.73023965246,6462.79706144384,4422.77724220996,6889.75005888634
"2018-07-17 07:00:00",6417,6316.98381388932,5510.45040299363,7123.51722478502,5083.49740555113,7550.47022222752
"2018-07-17 08:00:00",5455,6014.05948499807,5207.52607410238,6820.59289589376,4780.57307665988,7247.54589333627
"2018-07-17 09:00:00",5030,5738.31313339434,4931.77972249865,6544.84654429003,4504.82672505615,6971.79954173253
"2018-07-17 10:00:00",4346,4525.81832338939,3719.2849124937,5332.35173428508,3292.3319150512,5759.30473172758
"2018-07-17 11:00:00",4540,4763.55167560449,3957.0182647088,5570.08508650018,3530.0652672663,5997.03808394268
"2018-07-17 12:00:00",4952,5017.63448215475,4211.10107125905,5824.16789305044,3784.14807381655,6251.12089049294
"2018-07-17 13:00:00",4576,4970.73368499843,4164.20027410274,5777.26709589412,3737.24727666024,6204.22009333662
"2018-07-17 14:00:00",5011,5288.86932386606,4482.33591297037,6095.40273476176,4055.38291552787,6522.35573220426
"2018-07-17 15:00:00",5573,5912.17694310152,5105.64353220583,6718.71035399721,4678.69053476333,7145.66335143971
"2018-07-17 16:00:00",6358,6741.49048312364,5934.95707222795,7548.02389401933,5508.00407478544,7974.97689146183
"2018-07-17 17:00:00",5698,6346.56790042199,5540.0344895263,7153.10131131768,5113.0814920838,7580.05430876019
"2018-07-17 18:00:00",4360,4892.25587842695,4085.72246753126,5698.78928932264,3658.76947008876,6125.74228676514
"2018-07-17 19:00:00",3337,3568.75708346983,2762.22367257413,4375.29049436552,2335.27067513163,4802.24349180802
"2018-07-17 20:00:00",3113,2984.41563745244,2177.88222655675,3790.94904834813,1750.92922911425,4217.90204579063
"2018-07-17 21:00:00",2754,3515.10455510793,2708.57114421224,4321.63796600362,2281.61814676974,4748.59096344612
"2018-07-17 22:00:00",2209,3388.57775018287,2582.04433928718,4195.11116107856,2155.09134184468,4622.06415852107
"2018-07-17 23:00:00",1242,1419.2254302559,612.692019360205,2225.75884115159,185.739021917703,2652.71183859409
"2018-07-18 00:00:00",657,644.582335487754,-161.951075407937,1451.11574638345,-588.90407285044,1878.06874382595
"2018-07-18 01:00:00",410,418.645026570293,-387.888384325398,1225.17843746598,-814.841381767901,1652.13143490849
"2018-07-18 02:00:00",313,272.042142045992,-534.4912688497,1078.57555294168,-961.444266292202,1505.52855038419
"2018-07-18 03:00:00",377,356.703030307797,-449.830380587894,1163.23644120349,-876.783378030397,1590.18943864599
"2018-07-18 04:00:00",894,826.421438100073,19.8880272043822,1632.95484899576,-407.064970238121,2059.90784643827
"2018-07-18 05:00:00",3189,2844.20489006157,2037.67147916588,3650.73830095726,1610.71848172338,4077.69129839977
"2018-07-18 06:00:00",5769,5748.86949800464,4942.33608710895,6555.40290890033,4515.38308966645,6982.35590634283
"2018-07-18 07:00:00",6200,6625.4368006153,5818.90338971961,7431.97021151099,5391.9503922771,7858.92320895349
"2018-07-18 08:00:00",5696,6404.818316492,5598.28490559631,7211.35172738769,5171.3319081538,7638.30472483019
"2018-07-18 09:00:00",5129,5121.21753836886,4314.68412747317,5927.75094926455,3887.73113003067,6354.70394670706
"2018-07-18 10:00:00",4560,4467.05107082489,3660.5176599292,5273.58448172058,3233.5646624867,5700.53747916309
"2018-07-18 11:00:00",4752,4576.08886346656,3769.55545257087,5382.62227436226,3342.60245512837,5809.57527180476
"2018-07-18 12:00:00",4916,4757.814681705,3951.28127080931,5564.3480926007,3524.32827336681,5991.3010900432
"2018-07-18 13:00:00",4714,4779.89097900399,3973.3575681083,5586.42438989968,3546.4045706658,6013.37738734219
"2018-07-18 14:00:00",5138,5225.96425892448,4419.43084802879,6032.49766982017,3992.47785058629,6459.45066726268
"2018-07-18 15:00:00",5677,5563.49134894204,4756.95793804635,6370.02475983773,4330.00494060384,6796.97775728023
"2018-07-18 16:00:00",6606,6751.85284427084,5945.31943337515,7558.38625516653,5518.36643593264,7985.33925260903
"2018-07-18 17:00:00",6084,6201.51801163,5394.98460073431,7008.05142252569,4968.03160329181,7435.00441996819
"2018-07-18 18:00:00",4941,4414.4425679342,3607.90915703851,5220.97597882989,3180.95615959601,5647.9289762724
"2018-07-18 19:00:00",3461,3117.91587673631,2311.38246584062,3924.449287632,1884.42946839812,4351.4022850745
"2018-07-18 20:00:00",3177,2814.23634344206,2007.70293254637,3620.76975433776,1580.74993510387,4047.72275178026
"2018-07-18 21:00:00",2949,2367.1024506324,1560.56903973671,3173.63586152809,1133.61604229421,3600.58885897059
"2018-07-18 22:00:00",2200,1561.04953295529,754.516122059599,2367.58294385098,327.563124617096,2794.53594129348
"2018-07-18 23:00:00",1271,987.765350271366,181.231939375675,1794.29876116706,-245.721058066827,2221.25175860956
"2018-07-19 00:00:00",697,770.346228805403,-36.1871820902885,1576.87963970109,-463.140179532791,2003.8326371436
"2018-07-19 01:00:00",423,558.855100713676,-247.678310182015,1365.38851160937,-674.631307624518,1792.34150905187
"2018-07-19 02:00:00",303,458.286043103389,-348.247367792302,1264.81945399908,-775.200365234805,1691.77245144158
"2018-07-19 03:00:00",369,563.749644927088,-242.783765968604,1370.28305582278,-669.736763411106,1797.23605326528
"2018-07-19 04:00:00",896,1076.94771896505,270.414308069356,1883.48112986074,-156.538689373147,2310.43412730324
"2018-07-19 05:00:00",3110,3090.12599011313,2283.59257921744,3896.65940100882,1856.63958177494,4323.61239845133
"2018-07-19 06:00:00",5752,5944.29887176627,5137.76546087058,6750.83228266197,4710.81246342808,7177.78528010447
"2018-07-19 07:00:00",6246,6641.01236471061,5834.47895381492,7447.5457756063,5407.52595637241,7874.4987730488
"2018-07-19 08:00:00",5702,6141.55636339473,5335.02295249904,6948.08977429042,4908.06995505654,7375.04277173293
"2018-07-19 09:00:00",4855,5951.89031305062,5145.35690215492,6758.42372394631,4718.40390471242,7185.37672138881
"2018-07-19 10:00:00",4492,4982.53221434135,4175.99880344566,5789.06562523704,3749.04580600316,6216.01862267954
"2018-07-19 11:00:00",4677,5128.37202812875,4321.83861723306,5934.90543902444,3894.88561979056,6361.85843646695
"2018-07-19 12:00:00",4861,5115.76045192338,4309.22704102769,5922.29386281907,3882.27404358519,6349.24686026158
"2018-07-19 13:00:00",4734,5202.26673249034,4395.73332159465,6008.80014338603,3968.78032415215,6435.75314082853
"2018-07-19 14:00:00",5135,5529.00088685428,4722.46747595859,6335.53429774997,4295.51447851609,6762.48729519248
"2018-07-19 15:00:00",5704,6273.8655235899,5467.33211269421,7080.39893448559,5040.37911525171,7507.35193192809
"2018-07-19 16:00:00",6459,7198.3226923713,6391.78928147561,8004.85610326699,5964.8362840331,8431.80910070949
"2018-07-19 17:00:00",5872,6835.97539138312,6029.44198048743,7642.50880227881,5602.48898304493,8069.46179972132
"2018-07-19 18:00:00",4497,5081.4509949793,4274.91758408361,5887.98440587499,3847.9645866411,6314.93740331749
"2018-07-19 19:00:00",3419,3776.21451682025,2969.68110592456,4582.74792771594,2542.72810848206,5009.70092515844
"2018-07-19 20:00:00",2991,3114.53088622649,2307.9974753308,3921.06429712218,1881.0444778883,4348.01729456468
"2018-07-19 21:00:00",2613,2847.54346219339,2041.0100512977,3654.07687308908,1614.0570538552,4081.02987053158
"2018-07-19 22:00:00",2282,2088.92718662718,1282.39377573149,2895.46059752287,855.440778288989,3322.41359496538
"2018-07-19 23:00:00",1454,1328.35863796176,521.825227066073,2134.89204885745,94.8722296235703,2561.84504629996
"2018-07-20 00:00:00",693,837.376283993762,30.8428730980706,1643.90969488945,-396.110124344432,2070.86269233196
"2018-07-20 01:00:00",460,555.622327443704,-250.911083451987,1362.1557383394,-677.864080894489,1789.1087357819
"2018-07-20 02:00:00",360,473.069573478661,-333.46383741703,1279.60298437435,-760.416834859533,1706.55598181685
"2018-07-20 03:00:00",376,552.950204447918,-253.583206447773,1359.48361534361,-680.536203890275,1786.43661278611
"2018-07-20 04:00:00",873,1019.42424067307,212.890829777382,1825.95765156876,-214.062167665121,2252.91064901127
"2018-07-20 05:00:00",2822,2910.1989451099,2103.66553421421,3716.73235600559,1676.71253677171,4143.6853534481
"2018-07-20 06:00:00",5266,5576.24980608576,4769.71639519006,6382.78321698145,4342.76339774756,6809.73621442395
"2018-07-20 07:00:00",5821,6707.22039953422,5900.68698863853,7513.75381042991,5473.73399119603,7940.70680787242
"2018-07-20 08:00:00",5339,5974.85826773694,5168.32485684125,6781.39167863263,4741.37185939875,7208.34467607513
"2018-07-20 09:00:00",4816,5305.79147659459,4499.2580656989,6112.32488749028,4072.3050682564,6539.27788493279
"2018-07-20 10:00:00",4592,4923.21683342638,4116.68342253068,5729.75024432207,3689.73042508818,6156.70324176457
"2018-07-20 11:00:00",4823,5316.93501891263,4510.40160801694,6123.46842980832,4083.44861057444,6550.42142725082
"2018-07-20 12:00:00",5253,5437.97268325159,4631.43927235589,6244.50609414728,4204.48627491339,6671.45909158978
"2018-07-20 13:00:00",5169,5259.77173983577,4453.23832894008,6066.30515073146,4026.28533149758,6493.25814817397
"2018-07-20 14:00:00",5413,5487.11134676894,4680.57793587325,6293.64475766463,4253.62493843074,6720.59775510713
"2018-07-20 15:00:00",5602,6090.72951210161,5284.19610120592,6897.2629229973,4857.24310376341,7324.2159204398
"2018-07-20 16:00:00",6086,6790.64804345603,5984.11463256034,7597.18145435172,5557.16163511784,8024.13445179423
"2018-07-20 17:00:00",4987,5720.36602879429,4913.8326178986,6526.89943968998,4486.87962045609,6953.85243713248
"2018-07-20 18:00:00",4465,4205.26717895119,3398.73376805549,5011.80058984688,2971.78077061299,5438.75358728938
"2018-07-20 19:00:00",3574,2935.73350097787,2129.20009008218,3742.26691187356,1702.24709263968,4169.21990931606
"2018-07-20 20:00:00",3124,2387.50506842849,1580.9716575328,3194.03847932418,1154.0186600903,3620.99147676668
"2018-07-20 21:00:00",3121,2243.00133084507,1436.46791994938,3049.53474174076,1009.51492250688,3476.48773918326
"2018-07-20 22:00:00",3032,1910.19945307057,1103.66604217488,2716.73286396626,676.713044732378,3143.68586140877
"2018-07-20 23:00:00",2030,1331.87386768348,525.340456787791,2138.40727857917,98.3874593452883,2565.36027602168
"2018-07-21 00:00:00",1235,819.741839310746,13.2084284150548,1626.27525020644,-413.744569027448,2053.22824764894
"2018-07-21 01:00:00",781,635.192492033671,-171.34091886202,1441.72590292936,-598.293916304522,1868.67890037187
"2018-07-21 02:00:00",648,598.801695222947,-207.731715672744,1405.33510611864,-634.684713115247,1832.28810356114
"2018-07-21 03:00:00",418,489.404808902141,-317.12860199355,1295.93821979783,-744.081599436053,1722.89121724033
"2018-07-21 04:00:00",478,516.933315408167,-289.600095487524,1323.46672630386,-716.553092930027,1750.41972374636
"2018-07-21 05:00:00",903,728.40664110088,-78.1267697948109,1534.94005199657,-505.079767237314,1961.89304943907
"2018-07-21 06:00:00",1500,1134.07551125631,327.542100360618,1940.608922152,-99.4108970818847,2367.5619195945
"2018-07-21 07:00:00",2236,1436.13350684345,629.600095947755,2242.66691773914,202.647098505252,2669.61991518164
"2018-07-21 08:00:00",3031,1599.46542304986,792.932012154168,2405.99883394555,365.979014711666,2832.95183138805
"2018-07-21 09:00:00",3883,1864.59610891282,1058.06269801713,2671.12951980851,631.109700574626,3098.08251725101
"2018-07-21 10:00:00",4045,2141.16779827104,1334.63438737535,2947.70120916673,907.681389932845,3374.65420660923
"2018-07-21 11:00:00",4418,2263.58127948131,1457.04786858562,3070.114690377,1030.09487114312,3497.0676878195
"2018-07-21 12:00:00",4505,2197.59297669673,1391.05956580104,3004.12638759243,964.10656835854,3431.07938503493
"2018-07-21 13:00:00",4644,2052.39711726967,1245.86370637398,2858.93052816536,818.910708931478,3285.88352560787
"2018-07-21 14:00:00",4796,1906.84680062758,1100.31338973189,2713.38021152327,673.360392289384,3140.33320896577
"2018-07-21 15:00:00",4674,2003.84099131921,1197.30758042352,2810.3744022149,770.354582981018,3237.32739965741
"2018-07-21 16:00:00",4788,1531.11627680035,724.582865904662,2337.64968769604,297.629868462159,2764.60268513855
"2018-07-21 17:00:00",4562,1609.86094837045,803.32753747476,2416.39435926614,376.374540032258,2843.34735670865
"2018-07-21 18:00:00",4253,1180.87019137443,374.336780478738,1987.40360227012,-52.6162169637651,2414.35659971262
"2018-07-21 19:00:00",3815,987.001116934082,180.46770603839,1793.53452782977,-246.485291404112,2220.48752527227
"2018-07-21 20:00:00",3434,692.149223743084,-114.384187152607,1498.68263463877,-541.33718459511,1925.63563208128
"2018-07-21 21:00:00",3435,836.585535737463,30.052124841772,1643.11894663315,-396.900872600731,2070.07194407566
"2018-07-21 22:00:00",3131,748.780620003137,-57.7527908925542,1555.31403089883,-484.705788335057,1982.26702834133
"2018-07-21 23:00:00",2292,757.436020814997,-49.0973900806937,1563.96943171069,-476.050387523196,1990.92242915319
"2018-07-22 00:00:00",1408,594.245966322341,-212.28744457335,1400.77937721803,-639.240442015853,1827.73237466053
"2018-07-22 01:00:00",969,520.477896403311,-286.05551449238,1327.011307299,-713.008511934882,1753.96430474151
"2018-07-22 02:00:00",749,438.924338130903,-367.609072764788,1245.45774902659,-794.562070207291,1672.4107464691
"2018-07-22 03:00:00",344,342.388359392123,-464.145051503568,1148.92177028781,-891.098048946071,1575.87476773032
"2018-07-22 04:00:00",355,382.476566312979,-424.056844582713,1189.00997720867,-851.009842025215,1615.96297465117
"2018-07-22 05:00:00",525,509.112673205728,-297.420737689963,1315.64608410142,-724.373735132466,1742.59908154392
"2018-07-22 06:00:00",902,681.284707064211,-125.24870383148,1487.8181179599,-552.201701273983,1914.7711154024
"2018-07-22 07:00:00",1297,778.194823024627,-28.3385878710641,1584.72823392032,-455.291585313567,2011.68123136282
"2018-07-22 08:00:00",2009,831.04617175588,24.5127608601887,1637.57958265157,-402.440236582314,2064.53258009407
"2018-07-22 09:00:00",2927,1116.15496116357,309.621550267877,1922.68837205926,-117.331447174626,2349.64136950176
"2018-07-22 10:00:00",3711,1654.17964111167,847.646230215978,2460.71305200736,420.693232773476,2887.66604944986
"2018-07-22 11:00:00",4021,1883.95777810932,1077.42436721363,2690.49118900501,650.471369771126,3117.44418644751
"2018-07-22 12:00:00",4250,2129.40667891182,1322.87326801612,2935.94008980751,895.920270573622,3362.89308725001
"2018-07-22 13:00:00",4491,2320.17327459627,1513.63986370058,3126.70668549197,1086.68686625808,3553.65968293447
"2018-07-22 14:00:00",4463,2483.9152086947,1677.38179779901,3290.44861959039,1250.42880035651,3717.4016170329
"2018-07-22 15:00:00",4657,2272.26892650765,1465.73551561196,3078.80233740334,1038.78251816946,3505.75533484585
"2018-07-22 16:00:00",4875,2217.71436969599,1411.18095880029,3024.24778059168,984.227961357792,3451.20077803418
"2018-07-22 17:00:00",4657,1962.00813773739,1155.4747268417,2768.54154863308,728.5217293992,3195.49454607559
"2018-07-22 18:00:00",4098,1782.52965943861,975.99624854292,2589.0630703343,549.043251100417,3016.0160677768
"2018-07-22 19:00:00",3661,1543.20462999599,736.671219100301,2349.73804089168,309.718221657798,2776.69103833419
"2018-07-22 20:00:00",3135,1779.37982806045,972.846417164763,2585.91323895615,545.89341972226,3012.86623639865
"2018-07-22 21:00:00",2803,2950.85958068128,2144.32616978559,3757.39299157697,1717.37317234309,4184.34598901947
"2018-07-22 22:00:00",2224,1305.28776292718,498.754352031489,2111.82117382287,71.8013545889867,2538.77417126537
"2018-07-22 23:00:00",1397,905.027235679385,98.4938247836942,1711.56064657508,-328.459172658808,2138.51364401758
"2018-07-23 00:00:00",714,256.153569416446,-550.379841479246,1062.68698031214,-977.332838921748,1489.63997775464
"2018-07-23 01:00:00",402,140.526745632521,-666.00666526317,947.060156528212,-1092.95966270567,1374.01315397071
"2018-07-23 02:00:00",354,150.631499637452,-655.901911258239,957.164910533143,-1082.85490870074,1384.11790797565
"2018-07-23 03:00:00",355,202.542136883205,-603.991274012486,1009.0755477789,-1030.94427145499,1436.0285452214
"2018-07-23 04:00:00",957,644.206659289603,-162.326751606088,1450.74007018529,-589.279749048591,1877.6930676278
"2018-07-23 05:00:00",3008,2102.87733983648,1296.34392894079,2909.41075073217,869.390931498284,3336.36374817467
"2018-07-23 06:00:00",5617,4220.90181109211,3414.36840019641,5027.4352219878,2987.41540275391,5454.3882194303
"2018-07-23 07:00:00",6306,4803.76715893897,3997.23374804328,5610.30056983466,3570.28075060077,6037.25356727716
"2018-07-23 08:00:00",5522,4316.40644132611,3509.87303043042,5122.93985222181,3082.92003298792,5549.89284966431
"2018-07-23 09:00:00",4735,3846.57548013097,3040.04206923528,4653.10889102667,2613.08907179278,5080.06188846917
"2018-07-23 10:00:00",4209,3417.50404995352,2610.97063905783,4224.03746084921,2184.01764161533,4650.99045829172
"2018-07-23 11:00:00",4485,3674.17200669701,2867.63859580132,4480.7054175927,2440.68559835881,4907.6584150352
"2018-07-23 12:00:00",4800,3933.36781264128,3126.83440174559,4739.90122353697,2699.88140430309,5166.85422097948
"2018-07-23 13:00:00",4475,3870.97592529552,3064.44251439983,4677.50933619121,2637.48951695733,5104.46233363372
"2018-07-23 14:00:00",4677,4141.36677815489,3334.8333672592,4947.90018905058,2907.8803698167,5374.85318649309
"2018-07-23 15:00:00",5413,4734.90553861771,3928.37212772202,5541.4389495134,3501.41913027951,5968.3919469559
"2018-07-23 16:00:00",6317,5549.04724090654,4742.51383001085,6355.58065180223,4315.56083256835,6782.53364924473
"2018-07-23 17:00:00",5701,5325.00236002855,4518.46894913286,6131.53577092424,4091.51595169035,6558.48876836674
"2018-07-23 18:00:00",4293,3813.67634251643,3007.14293162074,4620.20975341212,2580.18993417824,5047.16275085463
"2018-07-23 19:00:00",3143,2755.09187533316,1948.55846443747,3561.62528622885,1521.60546699497,3988.57828367135
"2018-07-23 20:00:00",2833,2321.90853747185,1515.37512657615,3128.44194836754,1088.42212913365,3555.39494581004
"2018-07-23 21:00:00",2492,1904.45782122363,1097.92441032794,2710.99123211932,670.971412885438,3137.94422956183
"2018-07-23 22:00:00",1690,1293.79257813049,487.2591672348,2100.32598902618,60.3061697922979,2527.27898646869
"2018-07-23 23:00:00",1182,794.643863965553,-11.8895469301381,1601.17727486124,-438.842544372641,2028.13027230375
"2018-07-24 00:00:00",638,695.833196584731,-110.70021431096,1502.36660748042,-537.653211753462,1929.31960492293
"2018-07-24 01:00:00",391,496.511619816377,-310.021791079314,1303.04503071207,-736.974788521817,1729.99802815457
"2018-07-24 02:00:00",297,444.303497703192,-362.229913192499,1250.83690859888,-789.182910635001,1677.78990604139
"2018-07-24 03:00:00",390,540.892823075898,-265.640587819793,1347.42623397159,-692.593585262296,1774.37923141409
"2018-07-24 04:00:00",891,1082.01719934475,275.483788449059,1888.55061024044,-151.469208993443,2315.50360768294
"2018-07-24 05:00:00",3184,3002.27990954803,2195.74649865234,3808.81332044372,1768.79350120984,4235.76631788623
"2018-07-24 06:00:00",5782,5674.95768740543,4868.42427650974,6481.49109830113,4441.47127906724,6908.44409574363
"2018-07-24 07:00:00",6409,6334.61817715371,5528.08476625802,7141.1515880494,5101.13176881551,7568.1045854919
"2018-07-24 08:00:00",5658,6031.82086218169,5225.287451286,6838.35427307738,4798.33445384349,7265.30727051988
"2018-07-24 09:00:00",4984,5757.31030140937,4950.77689051368,6563.84371230507,4523.82389307118,6990.79670974757
"2018-07-24 10:00:00",4386,4543.8677733795,3737.33436248381,5350.4011842752,3310.38136504131,5777.3541817177
"2018-07-24 11:00:00",4634,4777.6314415645,3971.09803066881,5584.16485246019,3544.14503322631,6011.11784990269
"2018-07-24 12:00:00",4805,5026.38576344776,4219.85235255206,5832.91917434345,3792.89935510956,6259.87217178595
"2018-07-24 13:00:00",4664,4984.95421380707,4178.42080291138,5791.48762470276,3751.46780546888,6218.44062214526
"2018-07-24 14:00:00",4944,5303.13175417383,4496.59834327814,6109.66516506952,4069.64534583564,6536.61816251203
"2018-07-24 15:00:00",5699,5931.57741304565,5125.04400214996,6738.11082394134,4698.09100470746,7165.06382138385
"2018-07-24 16:00:00",6558,6761.20710259579,5954.6736917001,7567.74051349148,5527.72069425759,7994.69351093398
"2018-07-24 17:00:00",5636,6360.90955075155,5554.37613985586,7167.44296164724,5127.42314241335,7594.39595908974
"2018-07-24 18:00:00",4430,4910.62417263699,4104.09076174129,5717.15758353268,3677.13776429879,6144.11058097518
"2018-07-24 19:00:00",3371,3587.09002328997,2780.55661239428,4393.62343418566,2353.60361495178,4820.57643162817
"2018-07-24 20:00:00",3266,3002.68376089112,2196.15034999543,3809.21717178682,1769.19735255293,4236.17016922932
"2018-07-24 21:00:00",2727,3533.25483058032,2726.72141968463,4339.78824147601,2299.76842224212,4766.74123891851
"2018-07-24 22:00:00",2178,3406.58398925201,2600.05057835632,4213.1174001477,2173.09758091382,4640.07039759021
"2018-07-24 23:00:00",1269,1438.20557578691,631.672164891218,2244.7389866826,204.719167448715,2671.6919841251
"2018-07-25 00:00:00",664,663.505521168391,-143.0278897273,1470.03893206408,-569.980887169803,1896.99192950658
"2018-07-25 01:00:00",388,437.520418353488,-369.012992542204,1244.05382924918,-795.965989984706,1671.00682669168
"2018-07-25 02:00:00",290,290.839623229246,-515.693787666445,1097.37303412494,-942.646785108947,1524.32603156744
"2018-07-25 03:00:00",372,375.471704210402,-431.061706685289,1182.00511510609,-858.014704127792,1608.9581125486
"2018-07-25 04:00:00",955,845.161959432952,38.6285485372608,1651.69537032864,-388.324448905242,2078.64836777115
"2018-07-25 05:00:00",3121,2862.95392263646,2056.42051174077,3669.48733353215,1629.46751429827,4096.44033097466
"2018-07-25 06:00:00",5926,5767.61656644676,4961.08315555107,6574.14997734245,4534.13015810856,7001.10297478495
"2018-07-25 07:00:00",6595,6633.67937152047,5827.14596062478,7440.21278241616,5400.19296318227,7867.16577985866
"2018-07-25 08:00:00",5651,6399.67584141459,5593.1424305189,7206.20925231028,5166.1894330764,7633.16224975278
"2018-07-25 09:00:00",4974,5116.14904562585,4309.61563473016,5922.68245652154,3882.66263728766,6349.63545396405
"2018-07-25 10:00:00",4545,4462.02644371378,3655.49303281809,5268.55985460947,3228.54003537559,5695.51285205197
"2018-07-25 11:00:00",4879,4571.10810198735,3764.57469109166,5377.64151288304,3337.62169364916,5804.59451032554
"2018-07-25 12:00:00",4799,4756.95680661208,3950.42339571639,5563.49021750777,3523.47039827388,5990.44321495027
"2018-07-25 13:00:00",4860,4779.13785765888,3972.60444676319,5585.67126855457,3545.65144932069,6012.62426599708
"2018-07-25 14:00:00",5032,5225.31589132719,4418.7824804315,6031.84930222288,3991.829482989,6458.80229966538
"2018-07-25 15:00:00",5826,5562.86065853969,4756.327247644,6369.39406943538,4329.3742502015,6796.34706687788
"2018-07-25 16:00:00",6668,6751.17697881475,5944.64356791905,7557.71038971044,5517.69057047655,7984.66338715294
"2018-07-25 17:00:00",6108,6210.25619870453,5403.72278780884,7016.78960960022,4976.76979036634,7443.74260704273
"2018-07-25 18:00:00",4459,4413.69599369833,3607.16258280264,5220.22940459402,3180.20958536014,5647.18240203653
"2018-07-25 19:00:00",3473,3117.14114993071,2310.60773903502,3923.6745608264,1883.65474159252,4350.62755826891
"2018-07-25 20:00:00",3053,2828.23688938029,2021.7034784846,3634.77030027598,1594.75048104209,4061.72329771848
"2018-07-25 21:00:00",3072,2385.05631282763,1578.52290193194,3191.58972372332,1151.56990448944,3618.54272116582
"2018-07-25 22:00:00",2422,1578.91173562118,772.378324725487,2385.44514651687,345.425327282984,2812.39814395937
"2018-07-25 23:00:00",1922,1006.63615907809,200.102748182403,1813.16956997378,-226.8502492601,2240.12256741629
"2018-07-26 00:00:00",750,789.146983543277,-17.3864273524144,1595.68039443897,-444.339424794917,2022.63339188147
"2018-07-26 01:00:00",411,577.61853692889,-228.914873966801,1384.15194782458,-655.867871409304,1811.10494526708
"2018-07-26 02:00:00",306,477.022636170724,-329.510774724967,1283.55604706642,-756.463772167469,1710.50904450892
"2018-07-26 03:00:00",409,582.443681784372,-224.089729111319,1388.97709268006,-651.042726553822,1815.93009012257
"2018-07-26 04:00:00",911,1071.63240020374,265.098989308048,1878.16581109943,-161.854008134455,2305.11880854193
"2018-07-26 05:00:00",3147,3108.76110298727,2302.22769209158,3915.29451388296,1875.27469464907,4342.24751132546
"2018-07-26 06:00:00",5813,5962.91630744547,5156.38289654978,6769.44971834116,4729.42989910727,7196.40271578366
"2018-07-26 07:00:00",6299,6659.63634749904,5853.10293660335,7466.16975839473,5426.14993916084,7893.12275583723
"2018-07-26 08:00:00",5866,6140.27161677945,5333.73820588376,6946.80502767514,4906.78520844125,7373.75802511764
"2018-07-26 09:00:00",4925,5946.577613133,5140.04420223731,6753.11102402869,4713.09120479481,7180.0640214712
"2018-07-26 10:00:00",4390,4977.25879707917,4170.72538618348,5783.79220797486,3743.77238874098,6210.74520541736
"2018-07-26 11:00:00",4654,5123.13134641276,4316.59793551707,5929.66475730846,3889.64493807457,6356.61775475096
"2018-07-26 12:00:00",4806,5110.56167170652,4304.02826081083,5917.09508260221,3877.07526336833,6344.04808004471
"2018-07-26 13:00:00",5029,5197.11509146,4390.58168056431,6003.64850235569,3963.6286831218,6430.60149979819
"2018-07-26 14:00:00",5264,5527.90797053969,4721.374559644,6334.44138143538,4294.42156220149,6761.39437887788
"2018-07-26 15:00:00",5752,6272.81450877443,5466.28109787874,7079.34791967012,5039.32810043624,7506.30091711263
"2018-07-26 16:00:00",6566,7197.32339971882,6390.78998882313,8003.85681061451,5963.83699138062,8430.80980805701
"2018-07-26 17:00:00",5905,6834.94794616092,6028.41453526522,7641.48135705661,5601.46153782272,8068.43435449911
"2018-07-26 18:00:00",4555,5080.39277834367,4273.85936744798,5886.92618923936,3846.90637000547,6313.87918668186
"2018-07-26 19:00:00",3707,3784.59457701943,2978.06116612374,4591.12798791512,2551.10816868124,5018.08098535762
"2018-07-26 20:00:00",3154,3113.4379699119,2306.90455901621,3919.97138080759,1879.9515615737,4346.92437825009
"2018-07-26 21:00:00",3206,2855.84692121448,2049.31351031879,3662.38033211017,1622.36051287628,4089.33332955267
"2018-07-26 22:00:00",2959,2087.74653904879,1281.2131281531,2894.27994994448,854.260130710597,3321.23294738698
"2018-07-26 23:00:00",1412,1323.10420731638,516.570796420684,2129.63761821207,89.6177989781816,2556.59061565457
"2018-07-27 00:00:00",774,832.102866731581,25.5694558358898,1638.63627762727,-401.383541606613,2065.58927506977
"2018-07-27 01:00:00",456,574.327494386694,-232.205916508997,1380.86090528239,-659.1589139515,1807.81390272489
"2018-07-27 02:00:00",344,491.713852305732,-314.819558589959,1298.24726320142,-741.772556032462,1725.20026064393
"2018-07-27 03:00:00",390,571.537523424613,-234.995887471078,1378.0709343203,-661.948884913581,1805.02393176281
"2018-07-27 04:00:00",836,1037.99715600944,231.463745113751,1844.53056690513,-195.489252328751,2271.48356434764
"2018-07-27 05:00:00",2945,2928.73912490008,2122.20571400439,3735.27253579577,1695.25271656188,4162.22553323827
"2018-07-27 06:00:00",5353,5594.73368073648,4788.20026984079,6401.26709163217,4361.24727239829,6828.22008907467
"2018-07-27 07:00:00",5950,6724.63019695172,5918.09678605603,7531.16360784741,5491.14378861353,7958.11660528992
"2018-07-27 08:00:00",5232,5992.36103410563,5185.82762320994,6798.89444500132,4758.87462576743,7225.84744244382
"2018-07-27 09:00:00",4674,5323.42976812452,4516.89635722883,6129.96317902021,4089.94335978633,6556.91617646271
"2018-07-27 10:00:00",4571,4942.05097842137,4135.51756752568,5748.58438931706,3708.56457008317,6175.53738675956
"2018-07-27 11:00:00",4813,5334.83192125748,4528.29851036179,6141.36533215317,4101.34551291929,6568.31832959568
"2018-07-27 12:00:00",5121,5437.08534616708,4630.55193527139,6243.61875706278,4203.59893782889,6670.57175450528
"2018-07-27 13:00:00",5228,5268.38291299108,4461.84950209539,6074.91632388677,4034.89650465288,6501.86932132927
"2018-07-27 14:00:00",5400,5495.76049315782,4689.22708226213,6302.29390405352,4262.27408481963,6729.24690149602
"2018-07-27 15:00:00",5795,6099.4061563493,5292.87274545361,6905.93956724499,4865.9197480111,7332.89256468749
"2018-07-27 16:00:00",6254,6799.3377819222,5992.80437102651,7605.87119281789,5565.85137358401,8032.82419026039
"2018-07-27 17:00:00",5160,5729.07802743187,4922.54461653617,6535.61143832756,4495.59161909367,6962.56443577006
"2018-07-27 18:00:00",4303,4213.95691741735,3407.42350652166,5020.49032831304,2980.47050907916,5447.44332575555
"2018-07-27 19:00:00",3506,2944.39246803062,2137.85905713492,3750.92587892631,1710.90605969242,4177.87887636881
"2018-07-27 20:00:00",3184,2406.61091845688,1600.07750756119,3213.14432935257,1173.12451011869,3640.09732679508
"2018-07-27 21:00:00",3191,2261.98605935255,1455.45264845686,3068.51947024824,1028.49965101436,3495.47246769074
"2018-07-27 22:00:00",3112,1927.92613057522,1121.39271967953,2734.45954147091,694.439722237027,3161.41253891341
"2018-07-27 23:00:00",2048,1350.59212884495,544.058717949258,2157.12553974064,117.105720506756,2584.07853718314
"2018-07-28 00:00:00",1225,838.346835482385,31.8134245866936,1644.88024637808,-395.139572855809,2071.83324382058
"2018-07-28 01:00:00",871,653.732671823848,-152.800739071843,1460.26608271954,-579.753736514346,1887.21908016204
"2018-07-28 02:00:00",581,617.304556490463,-189.228854405228,1423.83796738615,-616.18185184773,1850.79096482866
"2018-07-28 03:00:00",384,507.878862889007,-298.654548006684,1314.4122737847,-725.607545449186,1741.3652712272
"2018-07-28 04:00:00",451,535.341898302647,-271.191512593044,1341.87530919834,-698.144510035547,1768.82830664084
"2018-07-28 05:00:00",902,746.825044659218,-59.7083662364731,1553.35845555491,-486.661363678976,1980.31145299741
"2018-07-28 06:00:00",1530,1152.4513586046,345.917947708905,1958.98476950029,-81.035049733598,2385.93776694279
"2018-07-28 07:00:00",1974,1454.5139371682,647.980526272508,2261.04734806389,221.027528830006,2688.00034550639
"2018-07-28 08:00:00",2713,1616.95574991099,810.422339015302,2423.48916080668,383.4693415728,2850.44215824919
"2018-07-28 09:00:00",3457,1883.38311472129,1076.8497038256,2689.91652561698,649.896706383099,3116.86952305949
"2018-07-28 10:00:00",3639,2159.05095168649,1352.5175407908,2965.58436258218,925.564543348297,3392.53736002468
"2018-07-28 11:00:00",4009,2282.66355991645,1476.13014902076,3089.19697081214,1049.17715157825,3516.14996825464
"2018-07-28 12:00:00",4158,2216.76036955197,1410.22695865628,3023.29378044766,983.273961213778,3450.24677789017
"2018-07-28 13:00:00",4229,2051.64006765902,1245.10665676333,2858.17347855471,818.153659320826,3285.12647599721
"2018-07-28 14:00:00",4175,1915.58564241304,1109.05223151734,2722.11905330873,682.099234074842,3149.07205075123
"2018-07-28 15:00:00",3948,2012.60929509624,1206.07588420055,2819.14270599193,779.12288675805,3246.09570343444
"2018-07-28 16:00:00",3974,1539.89374653032,733.360335634627,2346.42715742601,306.407338192124,2773.38015486851
"2018-07-28 17:00:00",4007,1618.64234636596,812.108935470269,2425.17575726165,385.155938027766,2852.12875470415
"2018-07-28 18:00:00",3657,1180.2126578242,373.679246928513,1986.74606871989,-53.2737505139901,2413.6990661624
"2018-07-28 19:00:00",3247,982.182069053062,175.648658157371,1788.71547994875,-251.304339285132,2215.66847739126
"2018-07-28 20:00:00",2937,687.212327895769,-119.321082999922,1493.74573879146,-546.274080442425,1920.69873623396
"2018-07-28 21:00:00",3001,845.005533302999,38.4721224073077,1651.53894419869,-388.480875035195,2078.49194164119
"2018-07-28 22:00:00",3005,757.093244977159,-49.4401659185321,1563.62665587285,-476.393163361035,1990.57965331535
"2018-07-28 23:00:00",1968,776.195528764668,-30.337882131023,1582.72893966036,-457.290879573526,2009.68193710286
"2018-07-29 00:00:00",1487,612.926254250224,-193.607156645467,1419.45966514592,-620.560154087969,1846.41266258842
"2018-07-29 01:00:00",924,539.117592253915,-267.415818641776,1345.65100314961,-694.368816084279,1772.60400059211
"2018-07-29 02:00:00",869,457.515585373141,-349.01782552255,1264.04899626883,-775.970822965053,1691.00199371133
"2018-07-29 03:00:00",546,360.9285391823,-445.604871713392,1167.46195007799,-872.557869155894,1594.41494752049
"2018-07-29 04:00:00",378,401.006925439297,-405.526485456394,1207.54033633499,-832.479482898897,1634.49333377749
"2018-07-29 05:00:00",657,527.586727192594,-278.946683703097,1334.12013808829,-705.8996811456,1761.07313553079
"2018-07-29 06:00:00",1210,699.749595098143,-106.783815797548,1506.28300599383,-533.736813240051,1933.23600343634
"2018-07-29 07:00:00",1286,772.685709829855,-33.8477010658357,1579.21912072555,-460.800698508339,2006.17211816805
"2018-07-29 08:00:00",1866,848.628158146355,42.0947472506634,1655.16156904205,-384.858250191839,2082.11456648455
"2018-07-29 09:00:00",2855,1133.91502892533,327.381618029643,1940.44843982102,-99.5713794128599,2367.40143726353
"2018-07-29 10:00:00",3500,1672.13612215059,865.602711254903,2478.66953304629,438.6497138124,2905.62253048879
"2018-07-29 11:00:00",3824,1903.10749376961,1096.57408287392,2709.6409046653,669.621085431419,3136.59390210781
"2018-07-29 12:00:00",4016,2148.65722005438,1342.12380915869,2955.19063095007,915.17081171619,3382.14362839258
"2018-07-29 13:00:00",4489,2328.96776681026,1522.43435591457,3135.50117770595,1095.48135847207,3562.45417514845
"2018-07-29 14:00:00",4435,2492.75618538428,1686.22277448859,3299.28959627997,1259.26977704609,3726.24259372247
"2018-07-29 15:00:00",4412,2286.50516837847,1479.97175748278,3093.03857927416,1053.01876004027,3519.99157671666
"2018-07-29 16:00:00",4485,2217.09873764489,1410.5653267492,3023.63214854058,983.612329306694,3450.58514598308
"2018-07-29 17:00:00",4146,1961.31328566451,1154.77987476882,2767.8466965602,727.826877326315,3194.7996940027
"2018-07-29 18:00:00",3947,1801.7369896602,995.203578764513,2608.2704005559,568.25058132201,3035.2233979984
"2018-07-29 19:00:00",3604,1542.47835179876,735.94494090307,2349.01176269445,308.991943460567,2775.96476013695
"2018-07-29 20:00:00",3344,1798.56096984509,992.027558949402,2605.09438074078,565.074561506899,3032.04737818329
"2018-07-29 21:00:00",2794,2959.38367728371,2152.85026638802,3765.9170881794,1725.89726894551,4192.8700856219
"2018-07-29 22:00:00",2084,1313.69859453978,507.165183644091,2120.23200543547,80.2121862015883,2547.18500287798
"2018-07-29 23:00:00",1224,923.871856049158,117.338445153467,1730.40526694485,-309.614552289036,2157.35826438735
"2018-07-30 00:00:00",640,274.880341819923,-531.653069075768,1081.41375271561,-958.606066518271,1508.36675015812
"2018-07-30 01:00:00",384,159.192629920079,-647.340780975612,965.72604081577,-1074.29377841811,1392.67903825827
"2018-07-30 02:00:00",317,169.246316472948,-637.287094422743,975.779727368639,-1064.24009186525,1402.73272481114
"2018-07-30 03:00:00",333,221.147133054844,-585.386277840847,1027.68054395053,-1012.33927528335,1454.63354139304
"2018-07-30 04:00:00",915,662.767789829343,-143.765621066348,1469.30120072503,-570.718618508851,1896.25419816754
"2018-07-30 05:00:00",3051,2121.4076989628,1314.87428806711,2927.94110985849,887.921290624603,3354.89410730099
"2018-07-30 06:00:00",5560,4239.43217021842,3432.89875932273,5045.96558111411,3005.94576188023,5472.91857855662
"2018-07-30 07:00:00",6313,4821.21885785559,4014.6854469599,5627.75226875128,3587.7324495174,6054.70526619379
"2018-07-30 08:00:00",5427,4335.08476512123,3528.55135422554,5141.61817601692,3101.59835678303,5568.57117345942
"2018-07-30 09:00:00",4638,3864.4003642742,3057.86695337851,4670.93377516989,2630.91395593601,5097.8867726124
"2018-07-30 10:00:00",4233,3435.50112306973,2628.96771217404,4242.03453396542,2202.01471473153,4668.98753140792
"2018-07-30 11:00:00",4491,3693.42189312865,2886.88848223296,4499.95530402434,2459.93548479046,4926.90830146684
"2018-07-30 12:00:00",4522,3947.587686739,3141.05427584331,4754.12109763469,2714.1012784008,5181.07409507719
"2018-07-30 13:00:00",4625,3879.84047157836,3073.30706068267,4686.37388247405,2646.35406324017,5113.32687991655
"2018-07-30 14:00:00",4808,4150.25882229654,3343.72541140084,4956.79223319223,2916.77241395834,5383.74523063473
"2018-07-30 15:00:00",5483,4749.20659686998,3942.67318597429,5555.74000776567,3515.72018853179,5982.69300520818
"2018-07-30 16:00:00",5632,5557.98184125823,4751.44843036254,6364.51525215392,4324.49543292004,6791.46824959643
"2018-07-30 17:00:00",5590,5333.91339078698,4527.37997989129,6140.44680168267,4100.42698244879,6567.39979912518
"2018-07-30 18:00:00",4288,3822.5965392278,3016.06312833211,4629.12995012349,2589.11013088961,5056.08294756599
"2018-07-30 19:00:00",3190,2763.97147996725,1957.43806907156,3570.50489086294,1530.48507162905,3997.45788830544
"2018-07-30 20:00:00",2911,2336.09174775783,1529.55833686214,3142.62515865352,1102.60533941963,3569.57815609602
"2018-07-30 21:00:00",2431,1918.50026866098,1111.96685776529,2725.03367955667,685.013860322788,3151.98667699918
"2018-07-30 22:00:00",1742,1312.7013601708,506.167949275112,2119.23477106649,79.2149518326094,2546.187768509
"2018-07-30 23:00:00",1116,813.504852108423,6.97144121273152,1620.03826300411,-419.981556229771,2046.99126044662
"2018-07-31 00:00:00",625,714.605798752879,-91.9276121428118,1521.13920964857,-518.880609585314,1948.09220709107
"2018-07-31 01:00:00",368,515.218750892139,-291.314660003552,1321.75216178783,-718.267657446055,1748.70515923033
"2018-07-31 02:00:00",299,462.973310256294,-343.560100639398,1269.50672115198,-770.5130980819,1696.45971859449
"2018-07-31 03:00:00",352,559.540375457588,-246.993035438103,1366.07378635328,-673.946032880606,1793.02678379578
"2018-07-31 04:00:00",819,1100.65165750796,294.118246612272,1907.18506840365,-132.834750830231,2334.13806584616
"2018-07-31 05:00:00",2764,3020.86526439196,2214.33185349627,3827.39867528765,1787.37885605376,4254.35167273015
"2018-07-31 06:00:00",4240,5693.52012736702,4886.98671647133,6500.05353826271,4460.03371902883,6927.00653570522
"2018-07-31 07:00:00",5655,6348.12899932088,5541.59558842519,7154.66241021657,5114.64259098269,7581.61540765907
"2018-07-31 08:00:00",5960,6049.6123560678,5243.07894517211,6856.14576696349,4816.1259477296,7283.09876440599
"2018-07-31 09:00:00",4925,5776.38538002435,4969.85196912866,6582.91879092004,4542.89897168615,7009.87178836254
"2018-07-31 10:00:00",4455,4563.12224278762,3756.58883189192,5369.65565368331,3329.63583444942,5796.60865112581
"2018-07-31 11:00:00",4727,4791.85393450591,3985.32052361022,5598.3873454016,3558.36752616772,6025.34034284411
"2018-07-31 12:00:00",4998,5040.66063326308,4234.12722236739,5847.19404415877,3807.17422492488,6274.14704160127
"2018-07-31 13:00:00",4875,4999.25854561397,4192.72513471827,5805.79195650966,3765.77213727577,6232.74495395216
"2018-07-31 14:00:00",4922,5317.46423855045,4510.93082765476,6123.99764944615,4083.97783021226,6550.95064688865
"2018-07-31 15:00:00",5722,5940.52576232675,5133.99235143105,6747.05917322244,4707.03935398855,7174.01217066494
"2018-07-31 16:00:00",6357,6770.19277039954,5963.65935950385,7576.72618129523,5536.70636206135,8003.67917873774
"2018-07-31 17:00:00",5912,6375.30750622056,5568.77409532487,7181.84091711625,5141.82109788236,7608.79391455875
"2018-07-31 18:00:00",4740,4924.99855851273,4118.46514761704,5731.53196940843,3691.51215017454,6158.48496685093
"2018-07-31 19:00:00",3288,3601.40875873719,2794.8753478415,4407.94216963288,2367.922350399,4834.89516707539
"2018-07-31 20:00:00",3076,3016.91541978547,2210.38200888978,3823.44883068116,1783.42901144728,4250.40182812366
"2018-07-31 21:00:00",2686,3547.33787009495,2740.80445919926,4353.87128099064,2313.85146175675,4780.82427843314
"2018-07-31 22:00:00",2152,3425.61913050063,2619.08571960494,4232.15254139632,2192.13272216243,4659.10553883882
"2018-07-31 23:00:00",1263,1452.04375341601,645.510342520323,2258.57716431171,218.55734507782,2685.53016175421
"2018-08-01 00:00:00",662,671.924209312079,-134.609201583612,1478.45762020777,-561.562199026115,1905.41061765027
"2018-08-01 01:00:00",398,436.483152467422,-370.050258428269,1243.01656336311,-797.003255870772,1669.96956080562
"2018-08-01 02:00:00",352,289.767657664216,-516.765753231475,1096.30106855991,-943.718750673978,1523.25406600241
"2018-08-01 03:00:00",409,383.833432503714,-422.699978391977,1190.3668433994,-849.65297583448,1617.31984084191
"2018-08-01 04:00:00",908,853.510593507787,46.9771826120955,1660.04400440348,-379.975814830407,2086.99700184598
"2018-08-01 05:00:00",3063,2861.85184036893,2055.31842947324,3668.38525126462,1628.36543203074,4095.33824870713
"2018-08-01 06:00:00",5431,5762.47801963489,4955.9446087392,6569.01143053058,4528.9916112967,6995.96442797309
"2018-08-01 07:00:00",5853,6628.52773049012,5821.99431959443,7435.06114138582,5395.04132215193,7862.01413882832
"2018-08-01 08:00:00",5873,6394.53336633718,5587.99995544149,7201.06677723287,5161.04695799899,7628.01977467537
"2018-08-01 09:00:00",5068,5115.08428188098,4308.55087098529,5921.61769277667,3881.59787354279,6348.57069021918
"2018-08-01 10:00:00",4665,4461.08345620075,3654.55004530506,5267.61686709644,3227.59704786256,5694.56986453894
"2018-08-01 11:00:00",4986,4570.19850473144,3763.66509383575,5376.73191562713,3336.71209639324,5803.68491306963
"2018-08-01 12:00:00",5141,4756.14934426029,3949.6159333646,5562.68275515598,3522.66293592209,5989.63575259848
"2018-08-01 13:00:00",4874,4774.29262134091,3967.75921044522,5580.8260322366,3540.80621300271,6007.7790296791
"2018-08-01 14:00:00",5044,5224.5221779048,4417.98876700911,6031.05558880049,3991.03576956661,6458.008586243
"2018-08-01 15:00:00",5655,5562.05516032067,4755.52174942498,6368.58857121636,4328.56875198248,6795.54156865887
"2018-08-01 16:00:00",6455,6746.25710545145,5939.72369455576,7552.79051634714,5512.77069711326,7979.74351378964
"2018-08-01 17:00:00",5773,6205.26365242869,5398.730241533,7011.79706332438,4971.7772440905,7438.75006076688
"2018-08-01 18:00:00",4500,4408.6104784713,3602.07706757561,5215.14388936699,3175.12407013311,5642.0968868095
"2018-08-01 19:00:00",3389,3112.00784080624,2305.47442991055,3918.54125170193,1878.52143246805,4345.49424914443
"2018-08-01 20:00:00",2992,2823.04792982728,2016.51451893159,3629.58134072298,1589.56152148909,4056.53433816548
"2018-08-01 21:00:00",2559,2379.80057276039,1573.2671618647,3186.33398365608,1146.3141644222,3613.28698109859
"2018-08-01 22:00:00",2344,1577.64597562268,771.112564726993,2384.17938651837,344.15956728449,2811.13238396088
"2018-08-01 23:00:00",1320,1005.33766353341,198.804252637716,1811.8710744291,-228.148744804787,2238.8240718716
"2018-08-02 00:00:00",709,783.777323775288,-22.7560871204032,1590.31073467098,-449.709084562906,2017.26373211348
"2018-08-02 01:00:00",413,572.218760458403,-234.314650437288,1378.75217135409,-661.26764787979,1805.7051687966
"2018-08-02 02:00:00",324,471.592088286816,-334.941322608875,1278.12549918251,-761.894320051377,1705.07849662501
"2018-08-02 03:00:00",403,577.004622658454,-229.528788237238,1383.53803355414,-656.48178567974,1810.49103099665
"2018-08-02 04:00:00",887,1066.16715264087,259.633741745175,1872.70056353656,-167.319255697328,2299.65356097906
"2018-08-02 05:00:00",3091,3103.30043840086,2296.76702750517,3909.83384929655,1869.81403006267,4336.78684673906
"2018-08-02 06:00:00",5589,5957.42487144564,5150.89146054995,6763.95828234133,4723.93846310745,7190.91127978383
"2018-08-02 07:00:00",6435,6654.13574554628,5847.60233465059,7460.66915644197,5420.64933720808,7887.62215388447
"2018-08-02 08:00:00",5736,6134.77166953761,5328.23825864192,6941.3050804333,4901.28526119942,7368.2580778758
"2018-08-02 09:00:00",4976,5941.13855400708,5134.60514311139,6747.67196490277,4707.65214566889,7174.62496234528
"2018-08-02 10:00:00",4388,4971.89633913134,4165.36292823565,5778.42975002703,3738.40993079315,6205.38274746954
"2018-08-02 11:00:00",4652,5117.81406351868,4311.28065262299,5924.34747441438,3884.32765518049,6351.30047185688
"2018-08-02 12:00:00",4977,5105.28825444434,4298.75484354865,5911.82166534003,3871.80184610615,6338.77466278253
"2018-08-02 13:00:00",4931,5191.88815867341,4385.35474777772,5998.4215695691,3958.40175033522,6425.3745670116
"2018-08-02 14:00:00",5104,5526.7960676083,4720.26265671261,6333.32947850399,4293.30965927011,6760.2824759465
"2018-08-02 15:00:00",5707,6271.76087511527,5465.22746421958,7078.29428601096,5038.27446677708,7505.24728345346
"2018-08-02 16:00:00",6303,7205.76434803392,6399.23093713822,8012.29775892961,5972.27793969572,8439.25075637211
"2018-08-02 17:00:00",5783,6853.94969715242,6047.41628625672,7660.48310804811,5620.46328881422,8087.43610549061
"2018-08-02 18:00:00",4569,5099.41613479566,4292.88272389996,5905.94954569135,3865.92972645746,6332.90254313385
"2018-08-02 19:00:00",3570,3793.07087972442,2986.53746882873,4599.60429062011,2559.58447138622,5026.55728806261
"2018-08-02 20:00:00",3103,3132.38734402949,2325.8539331338,3938.92075492518,1898.90093569129,4365.87375236768
"2018-08-02 21:00:00",3023,2873.55592152418,2067.02251062849,3680.08933241987,1640.06951318599,4107.04232986238
"2018-08-02 22:00:00",2303,2105.35995156361,1298.82654066792,2911.8933624593,871.873543225418,3338.84635990181
"2018-08-02 23:00:00",1379,1341.74390316698,535.210492271288,2148.27731406267,108.257494828785,2575.23031150517
"2018-08-03 00:00:00",778,850.720957121697,44.187546226006,1657.25436801739,-382.765451216497,2084.20736545989
"2018-08-03 01:00:00",435,592.897136168444,-213.636274727247,1399.43054706414,-640.589272169749,1826.38354450664
"2018-08-03 02:00:00",371,510.301171282426,-296.232239613265,1316.83458217812,-723.185237055767,1743.78757962062
"2018-08-03 03:00:00",398,590.137936619785,-216.395474275906,1396.67134751548,-643.348471718409,1823.62434495798
"2018-08-03 04:00:00",853,1056.63357830543,250.100167409736,1863.16698920112,-176.852830032767,2290.11998664362
"2018-08-03 05:00:00",2900,2947.3958432347,2140.86243233901,3753.92925413039,1713.90943489651,4180.8822515729
"2018-08-03 06:00:00",5265,5593.44893412119,4786.9155232255,6399.98234501688,4359.962525783,6826.93534245939
"2018-08-03 07:00:00",5783,6723.37163877339,5916.8382278777,7529.90504966908,5489.8852304352,7956.85804711158
"2018-08-03 08:00:00",5213,5991.14568684827,5184.61227595258,6797.67909774396,4757.65927851008,7224.63209518646
"2018-08-03 09:00:00",4577,5322.31328221667,4515.77987132098,6128.84669311236,4088.82687387847,6555.79969055486
"2018-08-03 10:00:00",4384,4955.76672510771,4149.23331421202,5762.3001360034,3722.28031676952,6189.2531334459
"2018-08-03 11:00:00",4820,5333.80382132435,4527.27041042866,6140.33723222004,4100.31741298616,6567.29022966255
"2018-08-03 12:00:00",5073,5456.13030807956,4649.59689718387,6262.66371897525,4222.64389974137,6689.61671641775
"2018-08-03 13:00:00",5067,5287.52608154213,4480.99267064644,6094.05949243782,4054.03967320394,6521.01248988033
"2018-08-03 14:00:00",5456,5514.97306106681,4708.43965017112,6321.5064719625,4281.48665272861,6748.459469405
"2018-08-03 15:00:00",5646,6118.74835702121,5312.21494612551,6925.2817679169,4885.26194868301,7352.2347653594
"2018-08-03 16:00:00",5888,6798.77256261224,5992.23915171655,7605.30597350793,5565.28615427405,8032.25897095043
"2018-08-03 17:00:00",5135,5728.56976797228,4922.03635707659,6535.10317886797,4495.08335963409,6962.05617631048
"2018-08-03 18:00:00",4753,4233.35542322871,3426.82201233302,5039.88883412441,2999.86901489052,5466.84183156691
"2018-08-03 19:00:00",3767,2939.7298960604,2133.19648516471,3746.26330695609,1706.24348772221,4173.21630439859
"2018-08-03 20:00:00",3461,2425.87455381793,1619.34114292224,3232.40796471362,1192.38814547973,3659.36096215612
"2018-08-03 21:00:00",2632,2257.09237442621,1450.55896353052,3063.6257853219,1023.60596608802,3490.5787827644
"2018-08-03 22:00:00",2594,1922.89168280025,1116.35827190456,2729.42509369594,689.405274462056,3156.37809113844
"2018-08-03 23:00:00",1833,1369.5676913995,563.034280503804,2176.10110229519,136.081283061301,2603.05409973769
"2018-08-04 00:00:00",1078,837.375695399629,30.842284503938,1643.90910629532,-396.110712938565,2070.86210373782
"2018-08-04 01:00:00",668,672.721328596871,-133.81208229882,1479.25473949256,-560.765079741323,1906.20773693506
"2018-08-04 02:00:00",519,636.316782856745,-170.216628038946,1442.85019375244,-597.169625481448,1869.80319119494
"2018-08-04 03:00:00",362,526.90483818469,-279.628572711001,1333.43824908038,-706.581570153503,1760.39124652288
"2018-08-04 04:00:00",423,554.419595761315,-252.113815134376,1360.95300665701,-679.066812576879,1787.90600409951
"2018-08-04 05:00:00",850,745.945564105803,-60.5878467898877,1552.47897500149,-487.54084423239,1979.431972444
"2018-08-04 06:00:00",1427,1171.53167490696,364.998264011268,1978.06508580265,-61.9547334312342,2405.01808324515
"2018-08-04 07:00:00",1817,1449.57245834442,643.039047448726,2256.10586924011,216.086050006224,2683.05886668261
"2018-08-04 08:00:00",2559,1611.98611851749,805.452707621794,2418.51952941318,378.499710179291,2845.47252685568
"2018-08-04 09:00:00",3477,1878.41479274963,1071.88138185394,2684.94820364532,644.928384411438,3111.90120108783
"2018-08-04 10:00:00",3962,2178.1050795519,1371.57166865621,2984.63849044759,944.618671213706,3411.59148789009
"2018-08-04 11:00:00",4236,2277.75023366239,1471.2168227667,3084.28364455808,1044.2638253242,3511.23664200058
"2018-08-04 12:00:00",4263,2211.85620925085,1405.32279835516,3018.38962014654,978.369800912657,3445.34261758904
"2018-08-04 13:00:00",4552,2046.7031718117,1240.16976091601,2853.2365827074,813.216763473511,3280.1895801499
"2018-08-04 14:00:00",4379,1910.61142804306,1104.07801714737,2717.14483893875,677.125019704866,3144.09783638125
"2018-08-04 15:00:00",4493,2007.69138586572,1201.15797497003,2814.22479676141,774.204977527527,3241.17779420391
"2018-08-04 16:00:00",4300,1535.01315582246,728.479744926764,2341.54656671815,301.526747484262,2768.49956416065
"2018-08-04 17:00:00",4602,1613.78467054043,807.251259644741,2420.31808143612,380.298262202239,2847.27107887863
"2018-08-04 18:00:00",4087,1188.88079082988,382.347379934193,1995.41420172557,-44.6056175083102,2422.36719916808
"2018-08-04 19:00:00",3237,990.889484714174,184.356073818483,1797.42289560987,-242.59692362402,2224.37589305237
"2018-08-04 20:00:00",2962,695.915160580414,-110.618250315277,1502.4485714761,-537.57124775778,1929.40156891861
"2018-08-04 21:00:00",2938,864.180782689323,57.6473717936317,1670.71419358501,-369.305625648871,2097.66719102752
"2018-08-04 22:00:00",2573,765.691323913986,-40.8420869817055,1572.22473480968,-467.795084424208,1999.17773225218
"2018-08-04 23:00:00",2015,795.254239606544,-11.2791712891467,1601.78765050224,-438.232168731649,2028.74064794474
"2018-08-05 00:00:00",1323,631.967287897156,-174.566122998535,1438.50069879285,-601.519120441037,1865.45369623535
"2018-08-05 01:00:00",812,558.185469048725,-248.347941846966,1364.71887994442,-675.300939289468,1791.67187738692
"2018-08-05 02:00:00",689,476.565130262083,-329.968280633608,1283.09854115777,-756.921278076111,1710.05153860028
"2018-08-05 03:00:00",396,369.437577433481,-437.09583346221,1175.97098832917,-864.048830904713,1602.92398577167
"2018-08-05 04:00:00",356,420.028317758513,-386.505093137178,1226.5617286542,-813.458090579681,1653.51472609671
"2018-08-05 05:00:00",504,546.593061160561,-259.94034973513,1353.12647205625,-686.893347177632,1780.07946949876
"2018-08-05 06:00:00",962,718.764440308121,-87.7689705875704,1525.29785120381,-514.721968030073,1952.25084864631
"2018-08-05 07:00:00",1210,767.704293639718,-38.8291172559734,1574.23770453541,-465.782114698476,2001.19070197791
"2018-08-05 08:00:00",1903,867.658716418505,61.1253055228136,1674.1921273142,-365.827691919689,2101.1451247567
"2018-08-05 09:00:00",3030,1153.06736342932,346.533952533632,1959.60077432501,-80.419044908871,2386.55377176752
"2018-08-05 10:00:00",3735,1691.41416115196,884.880750256274,2497.94757204766,457.927752813771,2924.90056949016
"2018-08-05 11:00:00",4072,1922.47457345663,1115.94116256094,2729.00798435232,688.988165118436,3155.96098179482
"2018-08-05 12:00:00",4454,2157.57807147667,1351.04466058098,2964.11148237237,924.091663138481,3391.06447981487
"2018-08-05 13:00:00",4507,2348.43829082325,1541.90487992756,3154.97170171894,1114.95188248505,3581.92469916144
"2018-08-05 14:00:00",4396,2492.26625783057,1685.73284693487,3298.79966872626,1258.77984949237,3725.75266616876
"2018-08-05 15:00:00",4595,2305.95736048558,1499.42394958989,3112.49077138128,1072.47095214739,3539.44376882378
"2018-08-05 16:00:00",4875,2236.52277718228,1429.98936628659,3043.05618807797,1003.03636884409,3470.00918552047
"2018-08-05 17:00:00",4555,1956.69916230266,1150.16575140697,2763.23257319835,723.212753964465,3190.18557064085
"2018-08-05 18:00:00",4229,1797.10453439249,990.571123496794,2603.63794528818,563.618126054292,3030.59094273068
"2018-08-05 19:00:00",3684,1537.80726858653,731.273857690844,2344.34067948223,304.320860248341,2771.29367692473
"2018-08-05 20:00:00",3316,1793.84209273542,987.308681839734,2600.37550363112,560.355684397231,3027.32850107362
"2018-08-05 21:00:00",2735,2958.66918388311,2152.13577298742,3765.2025947788,1725.18277554491,4192.1555922213
"2018-08-05 22:00:00",2109,1312.91993946864,506.386528572951,2119.45335036433,79.4335311304487,2546.40634780684
"2018-08-05 23:00:00",1560,942.977051366629,136.443640470938,1749.51046226232,-290.509356971565,2176.46345970482
"2018-08-06 00:00:00",703,293.962622255058,-512.570788640633,1100.49603315075,-939.523786083135,1527.44903059325
"2018-08-06 01:00:00",421,178.242174809021,-628.29123608667,984.775585704713,-1055.24423352917,1411.72858314721
"2018-08-06 02:00:00",327,177.713453225002,-628.819957670689,984.246864120693,-1055.77295511319,1411.1998615632
"2018-08-06 03:00:00",375,240.07031873548,-566.463092160211,1046.60372963117,-993.416089602713,1473.55672707367
"2018-08-06 04:00:00",890,681.63008739406,-124.903323501631,1488.16349828975,-551.856320944133,1915.11649573225
"2018-08-06 05:00:00",3047,2116.22332238626,1309.68991149057,2922.75673328195,882.736914048067,3349.70973072445
"2018-08-06 06:00:00",5580,4258.21983073782,3451.68641984213,5064.75324163351,3024.73342239963,5491.70623907601
"2018-08-06 07:00:00",6280,4834.87306171509,4028.3396508194,5641.40647261078,3601.3866533769,6068.35947005329
"2018-08-06 08:00:00",5582,4343.43012564144,3536.89671474575,5149.96353653713,3109.94371730325,5576.91653397964
"2018-08-06 09:00:00",4694,3863.35065888058,3056.81724798489,4669.88406977627,2629.86425054239,5096.83706721878
"2018-08-06 10:00:00",4357,3430.49417315356,2623.96076225787,4237.02758404925,2197.00776481536,4663.98058149175
"2018-08-06 11:00:00",4432,3688.44113164944,2881.90772075375,4494.97454254513,2454.95472331124,4921.92753998763
"2018-08-06 12:00:00",4606,3946.73766817716,3140.20425728147,4753.27107907285,2713.25125983896,5180.22407651535
"2018-08-06 13:00:00",4669,3888.50794987312,3081.97453897743,4695.04136076881,2655.02154153492,5121.99435821131
"2018-08-06 14:00:00",4814,4159.01534127694,3352.48193038125,4965.54875217263,2925.52893293874,5392.50174961513
"2018-08-06 15:00:00",5395,4758.0403717394,3951.50696084371,5564.57378263509,3524.55396340121,5991.52678007759
"2018-08-06 16:00:00",6651,5557.40811070626,4750.87469981057,6363.94152160195,4323.92170236807,6790.89451904446
"2018-08-06 17:00:00",5590,5342.81067261601,4536.27726172032,6149.34408351171,4109.32426427782,6576.29708095421
"2018-08-06 18:00:00",4308,3831.48923808037,3024.95582718468,4638.02264897606,2598.00282974217,5064.97564641856
"2018-08-06 19:00:00",3314,2763.36501386908,1956.83160297339,3569.89842476477,1529.87860553089,3996.85142220728
"2018-08-06 20:00:00",2795,2355.32068343991,1548.78727254422,3161.8540943356,1121.83427510171,3588.8070917781
"2018-08-06 21:00:00",2330,1917.69542515289,1111.1620142572,2724.22883604858,684.209016814694,3151.18183349108
"2018-08-06 22:00:00",1723,1321.20581544552,514.672404549826,2127.73922634121,87.7194071073234,2554.69222378371
"2018-08-06 23:00:00",1148,832.451607382318,25.9181964866272,1638.98501827801,-401.034800955876,2065.93801572051
"2018-08-07 00:00:00",606,733.491665910856,-73.0417449848354,1540.02507680655,-499.994742427338,1966.97807424905
"2018-08-07 01:00:00",376,534.05289588713,-272.480515008561,1340.58630678282,-699.433512451064,1767.53930422532
"2018-08-07 02:00:00",288,481.7557330883,-324.777677807392,1288.28914398399,-751.730675249894,1715.24214142649
"2018-08-07 03:00:00",362,578.328690687909,-228.204720207782,1384.8621015836,-655.157717650285,1811.8150990261
"2018-08-07 04:00:00",912,1119.4019995047,312.868588609009,1925.93541040039,-114.084408833494,2352.88840784289
"2018-08-07 05:00:00",3153,3039.6103687013,2233.07695780561,3846.14377959699,1806.12396036311,4273.0967770395
"2018-08-07 06:00:00",5814,5712.27308820745,4905.73967731176,6518.80649910315,4478.78667986926,6945.75949654565
"2018-08-07 07:00:00",5655,6364.1048370796,5557.57142618391,7170.63824797529,5130.61842874141,7597.5912454178
"2018-08-07 08:00:00",5960,6062.81041603389,5256.27700513819,6869.34382692958,4829.32400769569,7296.29682437208
"2018-08-07 09:00:00",4925,5786.80631690873,4980.27290601303,6593.33972780442,4553.31990857053,7020.29272524692
"2018-08-07 10:00:00",4416,4570.76605659028,3764.23264569459,5377.29946748597,3337.27964825209,5804.25246492848
"2018-08-07 11:00:00",4515,4786.86859005023,3980.33517915454,5593.40200094592,3553.38218171204,6020.35499838843
"2018-08-07 12:00:00",4940,5049.20240706045,4242.66899616476,5855.73581795614,3815.71599872226,6282.68881539865
"2018-08-07 13:00:00",4726,4994.36878895317,4187.83537805748,5800.90219984886,3760.88238061498,6227.85519729136
"2018-08-07 14:00:00",5040,5326.08130410407,4519.54789320838,6132.61471499977,4092.59489576588,6559.56771244227
"2018-08-07 15:00:00",5555,5959.68791749459,5153.1545065989,6766.22132839028,4726.2015091564,7193.17432583279
"2018-08-07 16:00:00",6471,6769.42197185949,5962.8885609638,7575.95538275518,5535.9355635213,8002.90838019768
"2018-08-07 17:00:00",5656,6374.55111132083,5568.01770042514,7181.08452221652,5141.06470298264,7608.03751965902
"2018-08-07 18:00:00",4121,4924.28406511213,4117.75065421644,5730.81747600782,3690.79765677394,6157.77047345033
"2018-08-07 19:00:00",3272,3600.70866897692,2794.17525808123,4407.24207987261,2367.22226063872,4834.19507731511
"2018-08-07 20:00:00",2888,3016.13676471433,2209.60335381864,3822.67017561002,1782.65035637614,4249.62317305253
"2018-08-07 21:00:00",2532,3555.87047793939,2749.3370670437,4362.40388883508,2322.38406960119,4789.35688627758
"2018-08-07 22:00:00",1771,3434.06924476866,2627.53583387297,4240.60265566435,2200.58283643047,4667.55565310686
"2018-08-07 23:00:00",1168,1470.92503759752,664.391626701832,2277.45844849321,237.43862925933,2704.41144593572
"2018-08-08 00:00:00",643,690.768174970928,-115.765235924763,1497.30158586662,-542.718233367266,1924.25458330912
"2018-08-08 01:00:00",393,455.279978939753,-351.253431955938,1261.81338983544,-778.206429398441,1688.76638727795
"2018-08-08 02:00:00",295,308.55990116008,-497.973509735611,1115.09331205577,-924.926507178114,1542.04630949827
"2018-08-08 03:00:00",374,402.551038954257,-403.982371941434,1209.08444984995,-830.935369383937,1636.03744729245
"2018-08-08 04:00:00",912,872.211177474309,65.6777665786184,1678.74458837,-361.275230863884,2105.6975858125
"2018-08-08 05:00:00",3119,2870.02239307248,2063.48898217679,3676.55580396817,1636.53598473428,4103.50880141067
"2018-08-08 06:00:00",5730,5781.17663946864,4974.64322857295,6587.71005036433,4547.69023113045,7014.66304780684
"2018-08-08 07:00:00",6430,6647.24533694067,5840.71192604498,7453.77874783636,5413.75892860247,7880.73174527886
"2018-08-08 08:00:00",5864,6413.31644388011,5606.78303298442,7219.8498547758,5179.83003554192,7646.8028522183
"2018-08-08 09:00:00",4902,5133.99764689776,4327.46423600207,5940.53105779345,3900.51123855957,6367.48405523596
"2018-08-08 10:00:00",4610,4480.18406854175,3673.65065764606,5286.71747943745,3246.69766020356,5713.67047687995
"2018-08-08 11:00:00",4838,4589.44380818662,3782.91039729092,5395.97721908231,3355.95739984842,5822.93021652481
"2018-08-08 12:00:00",5004,4764.99163037171,3958.45821947602,5571.52504126741,3531.50522203352,5998.47803870991
"2018-08-08 13:00:00",4741,4793.75332469004,3987.21991379435,5600.28673558573,3560.26691635184,6027.23973302823
"2018-08-08 14:00:00",5128,5244.06275598664,4437.52934509095,6050.59616688233,4010.57634764845,6477.54916432484
"2018-08-08 15:00:00",5798,5576.55263185011,4770.01922095442,6383.0860427458,4343.06622351191,6810.0390401883
"2018-08-08 16:00:00",6652,6765.90898439035,5959.37557349466,7572.44239528604,5532.42257605215,7999.39539272854
"2018-08-08 17:00:00",6043,6224.91160310204,5418.37819220635,7031.44501399773,4991.42519476385,7458.39801144024
"2018-08-08 18:00:00",4806,4423.13021017215,3616.59679927646,5229.66362106784,3189.64380183395,5656.61661851034
"2018-08-08 19:00:00",3655,3121.09957177966,2314.56616088397,3927.63298267535,1887.61316344147,4354.58598011785
"2018-08-08 20:00:00",3130,2822.62281865503,2016.08940775934,3629.15622955072,1589.13641031684,4056.10922699323
"2018-08-08 21:00:00",3267,2388.67428499617,1582.14087410047,3195.20769589186,1155.18787665797,3622.16069333436
"2018-08-08 22:00:00",2711,1595.84862796898,789.31521707329,2402.38203886467,362.362219630787,2829.33503630717
"2018-08-08 23:00:00",1478,1024.5174958962,217.984085000507,1831.05090679189,-208.968912441996,2258.00390423439
"2018-08-09 00:00:00",801,802.915254638952,-3.61815625673944,1609.44866553464,-430.571153699242,2036.40166297715
"2018-08-09 01:00:00",482,591.329848174189,-215.203562721502,1397.86325906988,-642.156560164005,1824.81625651238
"2018-08-09 02:00:00",336,490.613480606032,-315.919930289659,1297.14689150172,-742.872927732161,1724.09988894423
"2018-08-09 03:00:00",379,596.010956626421,-210.52245426927,1402.54436752211,-637.475451711773,1829.49736496461
"2018-08-09 04:00:00",936,1061.12943131128,254.596020415585,1867.66284220697,-172.356977026918,2294.61583964947
"2018-08-09 05:00:00",3022,3098.17171225286,2291.63830135716,3904.70512314855,1864.68530391466,4331.65812059105
"2018-08-09 06:00:00",5423,5956.33588339659,5149.8024725009,6762.86929429228,4722.8494750584,7189.82229173478
"2018-08-09 07:00:00",6313,6672.98429418159,5866.4508832859,7479.51770507728,5439.4978858434,7906.47070251979
"2018-08-09 08:00:00",5908,6152.62863451611,5346.09522362042,6959.1620454118,4919.14222617791,7386.1150428543
"2018-08-09 09:00:00",4788,5959.12646117035,5152.59305027466,6765.65987206605,4725.64005283216,7192.61286950855
"2018-08-09 10:00:00",4517,4990.01126021384,4183.47784931815,5796.54467110953,3756.52485187565,6223.49766855204
"2018-08-09 11:00:00",4675,5136.09004348846,4329.55663259276,5942.62345438415,3902.60363515026,6369.57645182665
"2018-08-09 12:00:00",4927,5123.67488056024,4317.14146966455,5930.20829145593,3890.18847222205,6357.16128889844
"2018-08-09 13:00:00",4990,5206.27694818949,4399.74353729379,6012.81035908518,3972.79053985129,6439.76335652768
"2018-08-09 14:00:00",5155,5541.22872275628,4734.69531186059,6347.76213365197,4307.74231441808,6774.71513109447
"2018-08-09 15:00:00",5654,6280.80939516772,5474.27598427202,7087.34280606341,5047.32298682952,7514.29580350591
"2018-08-09 16:00:00",6532,7214.85149603087,6408.31808513518,8021.38490692656,5981.36508769267,8448.33790436906
"2018-08-09 17:00:00",5871,6853.58678351793,6047.05337262224,7660.12019441362,5620.10037517974,8087.07319185612
"2018-08-09 18:00:00",4426,5113.84027870162,4307.30686780593,5920.37368959731,3880.35387036342,6347.32668703981
"2018-08-09 19:00:00",3530,3802.02904966937,2995.49563877368,4608.56246056506,2568.54264133118,5035.51545800756
"2018-08-09 20:00:00",3290,3146.6674515322,2340.13404063651,3953.20086242789,1913.18104319401,4380.1538598704
"2018-08-09 21:00:00",3176,2892.80253440121,2086.26912350552,3699.3359452969,1659.31612606301,4126.2889427394
"2018-08-09 22:00:00",2420,2123.40940155372,1316.87599065803,2929.94281244942,889.922993215531,3356.89580989192
"2018-08-09 23:00:00",1406,1360.80261400886,554.269203113164,2167.33602490455,127.316205670661,2594.28902234705
"2018-08-10 00:00:00",731,869.70961389472,63.176202999029,1676.24302479041,-363.776794443474,2103.19602223291
"2018-08-10 01:00:00",471,611.837999044025,-194.695411851666,1418.37140993972,-621.648409294168,1845.32440738222
"2018-08-10 02:00:00",374,529.193585549642,-277.33982534605,1335.72699644533,-704.292822788552,1762.67999388784
"2018-08-10 03:00:00",404,608.991722942492,-197.541687953199,1415.52513383818,-624.494685395702,1842.47813128069
"2018-08-10 04:00:00",818,1075.43891601977,268.905505124077,1881.97232691546,-158.047492318426,2308.92532435796
"2018-08-10 05:00:00",2854,2966.16648127008,2159.63307037439,3772.69989216577,1732.68007293189,4199.65288960827
"2018-08-10 06:00:00",5227,5612.18028950114,4805.64687860545,6418.71370039683,4378.69388116294,6845.66669783933
"2018-08-10 07:00:00",5950,6741.0367734512,5934.5033625555,7547.57018434689,5507.550365113,7974.52318178939
"2018-08-10 08:00:00",5211,6008.91492056297,5202.38150966728,6815.44833145866,4775.42851222478,7242.40132890116
"2018-08-10 09:00:00",4584,5340.27369152113,4533.74028062544,6146.80710241683,4106.78728318294,6573.76009985933
"2018-08-10 10:00:00",4512,4974.916440768,4168.38302987231,5781.44985166369,3741.43003242981,6208.4028491062
"2018-08-10 11:00:00",4796,5352.02611499837,4545.49270410267,6158.55952589406,4118.53970666017,6585.51252333656
"2018-08-10 12:00:00",4941,5475.54452695309,4669.0111160574,6282.07793784879,4242.0581186149,6709.03093529129
"2018-08-10 13:00:00",5053,5305.9336584076,4499.40024751191,6112.46706930329,4072.4472500694,6539.42006674579
"2018-08-10 14:00:00",5367,5529.3788730669,4722.84546217121,6335.91228396259,4295.89246472871,6762.8652814051
"2018-08-10 15:00:00",5684,6133.18952341119,5326.6561125155,6939.72293430688,4899.703115073,7366.67593174938
"2018-08-10 16:00:00",5868,6813.21503842407,6006.68162752838,7619.74844931976,5579.72863008588,8046.70144676226
"2018-08-10 17:00:00",5309,5737.64840472722,4931.11499383153,6544.18181562291,4504.16199638903,6971.13481306542
"2018-08-10 18:00:00",4616,4252.9248085912,3446.39139769551,5059.4582194869,3019.43840025301,5486.4112169294
"2018-08-10 19:00:00",3713,2948.69723195829,2142.16382106259,3755.23064285398,1715.21082362009,4182.18364029648
"2018-08-10 20:00:00",3344,2445.28288029315,1638.74946939746,3251.81629118884,1211.79647195495,3678.76928863134
"2018-08-10 21:00:00",3374,2276.31738184275,1469.78397094706,3082.85079273844,1042.83097350455,3509.80379018094
"2018-08-10 22:00:00",3117,1941.96021430598,1135.42680341029,2748.49362520168,708.47380596779,3175.44662264418
"2018-08-10 23:00:00",2271,1388.54259924312,582.009188347426,2195.07601013881,155.056190904923,2622.02900758131
"2018-08-11 00:00:00",1412,856.3080470332,49.7746361375087,1662.84145792889,-377.178361304994,2089.79445537139
"2018-08-11 01:00:00",831,691.611778731314,-114.921632164377,1498.14518962701,-541.87462960688,1925.09818706951
"2018-08-11 02:00:00",665,655.160748515594,-151.372662380097,1461.69415941129,-578.325659822599,1888.64715685379
"2018-08-11 03:00:00",423,545.719996562889,-260.813414332802,1352.25340745858,-687.766411775304,1779.20640490108
"2018-08-11 04:00:00",459,573.192852640387,-233.340558255304,1379.72626353608,-660.293555697807,1806.67926097858
"2018-08-11 05:00:00",876,764.700489079007,-41.8329218166841,1571.2338999747,-468.785919259187,1998.1868974172
"2018-08-11 06:00:00",1560,1190.26761326337,383.73420236768,1996.80102415906,-43.2187950748225,2423.75402160157
"2018-08-11 07:00:00",2004,1468.30381372436,661.770402828671,2274.83722462005,234.817405386168,2701.79022206256
"2018-08-11 08:00:00",2806,1629.69970180366,823.166290907966,2436.23311269935,396.213293465463,2863.18611014185
"2018-08-11 09:00:00",3514,1897.40344952266,1090.87003862696,2703.93686041835,663.917041184462,3130.88985786085
"2018-08-11 10:00:00",3971,2197.23384446263,1390.70043356694,3003.76725535832,963.747436124435,3430.72025280082
"2018-08-11 11:00:00",4198,2297.06559118642,1490.53218029073,3103.59900208211,1063.57918284823,3530.55199952461
"2018-08-11 12:00:00",4310,2231.25929803868,1424.72588714299,3037.79270893437,997.772889700485,3464.74570637687
"2018-08-11 13:00:00",4262,2066.19661070703,1259.66319981133,2872.73002160272,832.710202368832,3299.68301904522
"2018-08-11 14:00:00",4280,1930.13760248458,1123.60419158888,2736.67101338027,696.651194146381,3163.62401082277
"2018-08-11 15:00:00",4188,2027.26928247022,1220.73587157453,2833.80269336591,793.782874132027,3260.75569080841
"2018-08-11 16:00:00",4305,1554.60021837989,748.066807484199,2361.13362927558,321.113810041696,2788.08662671808
"2018-08-11 17:00:00",4134,1609.37088872128,802.837477825593,2415.90429961698,375.884480383091,2842.85729705948
"2018-08-11 18:00:00",3920,1188.48579636013,381.952385464437,1995.01920725582,-45.0006119780658,2421.97220469832
"2018-08-11 19:00:00",3567,1010.39798196074,203.864571065053,1816.93139285644,-223.088426377449,2243.88439029894
"2018-08-11 20:00:00",3362,715.320213501014,-91.2131973946773,1521.8536243967,-518.16619483718,1948.80662183921
"2018-08-11 21:00:00",3378,883.462095245313,76.9286843496216,1689.995506141,-350.024313092881,2116.94850358351
"2018-08-11 22:00:00",3167,774.308389467604,-32.2250214280868,1580.8418003633,-459.17801887059,2007.7947978058
"2018-08-11 23:00:00",2511,814.271048949293,7.73763805360238,1620.80445984498,-419.2153593889,2047.75745728749
"2018-08-12 00:00:00",1406,650.93237507692,-155.601035818771,1457.46578597261,-582.554033261274,1884.41878341511
"2018-08-12 01:00:00",868,577.094905799961,-229.43850509573,1383.62831669565,-656.391502538233,1810.58131413815
"2018-08-12 02:00:00",678,495.441176756201,-311.09223413949,1301.97458765189,-738.045231581992,1728.92758509439
"2018-08-12 03:00:00",392,388.272377139396,-418.261033756295,1194.80578803509,-845.214031198798,1621.75878547759
"2018-08-12 04:00:00",365,438.848713824103,-367.684697071588,1245.38212471979,-794.637694514091,1672.3351221623
"2018-08-12 05:00:00",529,565.389887632892,-241.143523262799,1371.92329852858,-668.096520705302,1798.87629597109
"2018-08-12 06:00:00",984,737.557338514908,-68.9760723807826,1544.0907494106,-495.929069823285,1971.0437468531
"2018-08-12 07:00:00",1196,786.458563901997,-20.0748469936937,1592.99197479769,-447.027844436196,2019.94497224019
"2018-08-12 08:00:00",1850,885.437770797062,78.9043599013713,1691.97118169275,-348.048637541131,2118.92417913526
"2018-08-12 09:00:00",2713,1172.10708765441,365.573676758716,1978.6404985501,-61.3793206837868,2405.5934959926
"2018-08-12 10:00:00",3534,1709.55527067142,903.021859775728,2516.08868156711,476.068862333225,2943.04167900961
"2018-08-12 11:00:00",3856,1941.80957230838,1135.27616141268,2748.34298320407,708.323163970182,3175.29598064657
"2018-08-12 12:00:00",4037,2175.92868849177,1369.39527759607,2982.46209938746,942.442280153572,3409.41509682996
"2018-08-12 13:00:00",4522,2366.85306950888,1560.31965861319,3173.38648040457,1133.36666117068,3600.33947784707
"2018-08-12 14:00:00",4468,2511.81796599811,1705.28455510242,3318.3513768938,1278.33155765992,3745.3043743363
"2018-08-12 15:00:00",4351,2325.53525709008,1519.00184619439,3132.06866798578,1092.04884875189,3559.02166542828
"2018-08-12 16:00:00",4466,2255.06980747453,1448.53639657884,3061.60321837022,1021.58339913634,3488.55621581272
"2018-08-12 17:00:00",4313,1975.24619259491,1168.71278169922,2781.7796034906,741.759784256715,3208.7326009331
"2018-08-12 18:00:00",4012,1806.20935958438,999.675948688692,2612.74277048007,572.722951246189,3039.69576792258
"2018-08-12 19:00:00",3658,1556.26918645868,749.735775562991,2362.80259735437,322.782778120488,2789.75559479688
"2018-08-12 20:00:00",3151,1813.3067243501,1006.77331345441,2619.84013524579,579.820316011903,3046.79313268829
"2018-08-12 21:00:00",2708,2977.99894504746,2171.46553415177,3784.53235594315,1744.51253670927,4211.48535338566
"2018-08-12 22:00:00",1930,1331.0309322856,524.497521389908,2137.56434318129,97.5445239474052,2564.51734062379
"2018-08-12 23:00:00",1282,962.109744542902,155.576333647211,1768.64315543859,-271.376663795292,2195.5961528811
"2018-08-13 00:00:00",651,313.0560327759,-493.477378119792,1119.58944367159,-920.430375562294,1546.54244111409
"2018-08-13 01:00:00",434,197.323800533233,-609.209610362458,1003.85721142892,-1036.16260780496,1430.81020887143
"2018-08-13 02:00:00",355,196.780675308889,-609.752735586802,1003.31408620458,-1036.70573302931,1430.26708364708
"2018-08-13 03:00:00",348,259.133612553824,-547.399798341867,1065.66702344951,-974.35279578437,1492.62002089202
"2018-08-13 04:00:00",924,700.654098556972,-105.879312338719,1507.18750945266,-532.832309781222,1934.14050689517
"2018-08-13 05:00:00",3025,2135.20674147189,1328.6733305762,2941.74015236758,901.7203331337,3368.69314981009
"2018-08-13 06:00:00",5546,4277.19408387052,3470.66067297483,5083.72749476621,3043.70767553232,5510.68049220871
"2018-08-13 07:00:00",6383,4853.85189782426,4047.31848692857,5660.38530871995,3620.36548948606,6087.33830616245
"2018-08-13 08:00:00",5642,4362.44955382789,3555.91614293219,5168.98296472358,3128.96314548969,5595.93596216608
"2018-08-13 09:00:00",4714,3882.48400676778,3075.95059587209,4689.01741766347,2648.99759842959,5115.97041510597
"2018-08-13 10:00:00",4216,3449.76304620199,2643.2296353063,4256.29645709769,2216.2766378638,4683.24945454019
"2018-08-13 11:00:00",4440,3706.78323742252,2900.24982652683,4513.31664831821,2473.29682908432,4940.26964576071
"2018-08-13 12:00:00",4673,3966.25009368927,3159.71668279358,4772.78350458496,2732.76368535108,5199.73650202746
"2018-08-13 13:00:00",4494,3908.13822335153,3101.60481245583,4714.67163424722,2674.65181501333,5141.62463168972
"2018-08-13 14:00:00",4811,4173.56518968028,3367.03177878459,4980.09860057597,2940.07878134209,5407.05159801848
"2018-08-13 15:00:00",5245,4777.74069928666,3971.20728839097,5584.27411018235,3544.25429094847,6011.22710762486
"2018-08-13 16:00:00",6163,5577.10712883168,4770.57371793599,6383.64053972737,4343.62072049348,6810.59353716987
"2018-08-13 17:00:00",5603,5357.39129243278,4550.85788153709,6163.92470332847,4123.90488409459,6590.87770077097
"2018-08-13 18:00:00",4077,3846.05283541311,3039.51942451742,4652.5862463088,2612.56642707492,5079.53924375131
"2018-08-13 19:00:00",3247,2781.91204416133,1975.37863326564,3588.44545505702,1548.42563582314,4015.39845249953
"2018-08-13 20:00:00",2835,2373.77212593727,1567.23871504158,3180.30553683296,1140.28571759908,3607.25853427547
"2018-08-13 21:00:00",2615,1935.9753333882,1129.44192249251,2742.50874428389,702.488925050007,3169.46174172639
"2018-08-13 22:00:00",1823,1340.45177361162,533.918362715927,2146.98518450731,106.965365273425,2573.93818194981
"2018-08-13 23:00:00",1117,851.660247025759,45.1268361300682,1658.19365792145,-381.826161312434,2085.14665536395
"2018-08-14 00:00:00",571,752.702924397992,-53.8304864976989,1559.23633529368,-480.783483940202,1986.18933273619
"2018-08-14 01:00:00",394,542.702042276018,-263.831368619673,1349.23545317171,-690.784366062176,1776.18845061421
"2018-08-14 02:00:00",284,500.898901639354,-305.634509256337,1307.43231253505,-732.58750669884,1734.38530997755
"2018-08-14 03:00:00",340,577.475398571449,-229.058012324242,1384.00880946714,-656.011009766745,1810.96180690964
"2018-08-14 04:00:00",940,1133.36719105303,326.833780157343,1939.90060194873,-100.119217285159,2366.85359939123
"2018-08-14 05:00:00",3184,3048.14755952221,2241.61414862652,3854.6809704179,1814.66115118402,4281.6339678604
"2018-08-14 06:00:00",5702,5726.1728086634,4919.63939776771,6532.70621955909,4492.68640032521,6959.6592170016
"2018-08-14 07:00:00",6573,6383.08432789969,5576.550917004,7189.61773879538,5149.5979195615,7616.57073623789
"2018-08-14 08:00:00",5841,6081.88614935978,5275.35273846409,6888.41956025547,4848.39974102159,7315.37255769798
"2018-08-14 09:00:00",4766,5786.05777854008,4979.52436764439,6592.59118943577,4552.57137020189,7019.54418687828
"2018-08-14 10:00:00",4478,4570.10328535267,3763.56987445698,5376.63669624836,3336.61687701447,5803.58969369086
"2018-08-14 11:00:00",4741,4786.28176527979,3979.74835438409,5592.81517617548,3552.79535694159,6019.76817361798
"2018-08-14 12:00:00",4996,5044.65833776746,4238.12492687176,5851.19174866315,3811.17192942926,6278.14474610565
"2018-08-14 13:00:00",4832,5013.88121446528,4207.34780356959,5820.41462536097,3780.39480612709,6247.36762280348
"2018-08-14 14:00:00",4985,5325.67125128307,4519.13784038738,6132.20466217876,4092.18484294488,6559.15765962126
"2018-08-14 15:00:00",5672,5959.33351510212,5152.80010420642,6765.86692599781,4725.84710676392,7192.81992344031
"2018-08-14 16:00:00",6373,6769.05774880316,5962.52433790746,7575.59115969885,5535.57134046496,8002.54415714135
"2018-08-14 17:00:00",6014,6383.55183747583,5577.01842658014,7190.08524837152,5150.06542913764,7617.03824581402
"2018-08-14 18:00:00",4525,4919.7635654124,4113.2301545167,5726.29697630809,3686.2771570742,6153.24997375059
"2018-08-14 19:00:00",3423,3600.10874998799,2793.5753390923,4406.64216088368,2366.6223416498,4833.59515832619
"2018-08-14 20:00:00",3046,3011.42574413575,2204.89233324006,3817.95915503144,1777.93933579756,4244.91215247394
"2018-08-14 21:00:00",2784,3555.13961676569,2748.60620587,4361.67302766138,2321.6532084275,4788.62602510388
"2018-08-14 22:00:00",2287,3453.2065209214,2646.67311002571,4259.73993181709,2219.72011258321,4686.6929292596
"2018-08-14 23:00:00",2772,1479.4969280974,672.963517201704,2286.03033899309,246.010519759202,2712.98333643559
"2018-08-15 00:00:00",793,689.867088957026,-116.666321938665,1496.40049985272,-543.619319381168,1923.35349729522
"2018-08-15 01:00:00",492,474.310537211903,-332.222873683788,1280.84394810759,-759.175871126291,1707.7969455501
"2018-08-15 02:00:00",335,307.569774460532,-498.963636435159,1114.10318535622,-925.916633877662,1541.05618279873
"2018-08-15 03:00:00",403,421.500413071848,-385.032997823843,1228.03382396754,-811.985995266346,1654.98682141004
"2018-08-15 04:00:00",948,891.121268936469,84.5878580407776,1697.65467983216,-342.365139401725,2124.60767727466
"2018-08-15 05:00:00",3181,2888.8657040204,2082.33229312471,3695.39911491609,1655.37929568221,4122.3521123586
"2018-08-15 06:00:00",5767,5799.9878695813,4993.45445868561,6606.52128047699,4566.50146124311,7033.47427791949
"2018-08-15 07:00:00",6561,6642.05506796582,5835.52165707013,7448.58847886151,5408.56865962762,7875.54147630401
"2018-08-15 08:00:00",5930,6432.19576392885,5625.66235303316,7238.72917482454,5198.70935559065,7665.68217226704
"2018-08-15 09:00:00",4672,5133.01734086207,4326.48392996638,5939.55075175776,3899.53093252388,6366.50374920027
"2018-08-15 10:00:00",4638,4499.29057328107,3692.75716238538,5305.82398417676,3265.80416494288,5732.77698161927
"2018-08-15 11:00:00",4979,4603.53994191972,3797.00653102403,5410.07335281541,3370.05353358153,5837.02635025792
"2018-08-15 12:00:00",5016,4784.33775930917,3977.80434841348,5590.87117020486,3550.85135097097,6017.82416764736
"2018-08-15 13:00:00",4841,4813.14331925939,4006.6099083637,5619.67673015508,3579.65691092119,6046.62972759758
"2018-08-15 14:00:00",4968,5252.97836972154,4446.44495882585,6059.51178061723,4019.49196138335,6486.46477805974
"2018-08-15 15:00:00",5428,5596.04345190173,4789.51004100604,6402.57686279742,4362.55704356354,6829.52986023993
"2018-08-15 16:00:00",5541,6774.8946521941,5968.36124129841,7581.42806308979,5541.40824385591,8008.3810605323
"2018-08-15 17:00:00",5920,6239.28206071225,5432.74864981656,7045.81547160794,5005.79565237405,7472.76846905044
"2018-08-15 18:00:00",4545,4432.10802144481,3625.57461054912,5238.64143234051,3198.62161310662,5665.59442978301
"2018-08-15 19:00:00",3358,3140.53736024645,2334.00394935076,3947.07077114214,1907.05095190826,4374.02376858465
"2018-08-15 20:00:00",3133,2836.86298879139,2030.3295778957,3643.39639968708,1603.3765804532,4070.34939712958
"2018-08-15 21:00:00",2687,2406.8422376635,1600.30882676781,3213.37564855919,1173.3558293253,3640.32864600169
"2018-08-15 22:00:00",1742,1614.97739287971,808.44398198402,2421.5108037754,381.490984541517,2848.4638012179
"2018-08-15 23:00:00",1051,1043.57620673807,237.042795842383,1850.10961763377,-189.91020160012,2277.06261507627
"2018-08-16 00:00:00",652,821.943194067406,15.4097831717153,1628.4766049631,-411.543214270787,2055.4296024056
"2018-08-16 01:00:00",399,605.15885985036,-201.374551045331,1411.69227074605,-628.327548487834,1838.64526818855
"2018-08-16 02:00:00",300,509.540594552212,-296.992816343479,1316.0740054479,-723.945813785982,1743.02700289041
"2018-08-16 03:00:00",412,614.916465112113,-191.616945783578,1421.4498760078,-618.569943226081,1848.40287345031
"2018-08-16 04:00:00",977,1080.02250028941,273.489089393724,1886.55591118511,-153.463908048779,2313.50890862761
"2018-08-16 05:00:00",3150,3111.8874589392,2305.35404804351,3918.42086983489,1878.401050601,4345.37386727739
"2018-08-16 06:00:00",5386,5975.17592078989,5168.6425098942,6781.70933168559,4741.6895124517,7208.66232912809
"2018-08-16 07:00:00",6494,6691.80272611441,5885.26931521872,7498.3361370101,5458.31631777622,7925.28913445261
"2018-08-16 08:00:00",5847,6160.99560049681,5354.46218960112,6967.5290113925,4927.50919215862,7394.482008835
"2018-08-16 09:00:00",4976,5973.0562983288,5166.52288743311,6779.58970922449,4739.56988999061,7206.54270666699
"2018-08-16 10:00:00",4466,5004.10477510326,4197.57136420756,5810.63818599895,3770.61836676506,6237.59118344145
"2018-08-16 11:00:00",4574,5155.41063869988,4348.87722780419,5961.94404959557,3921.92423036168,6388.89704703807
"2018-08-16 12:00:00",4961,5143.09826538671,4336.56485449102,5949.6316762824,3909.61185704852,6376.5846737249
"2018-08-16 13:00:00",4785,5205.77719997191,4399.24378907622,6012.3106108676,3972.29079163372,6439.26360831011
"2018-08-16 14:00:00",4927,5540.76236479582,4734.22895390013,6347.29577569151,4307.27595645763,6774.24877313401
"2018-08-16 15:00:00",5729,6280.26905487286,5473.73564397717,7086.80246576855,5046.78264653467,7513.75546321106
"2018-08-16 16:00:00",6272,7214.2476487764,6407.71423788071,8020.78105967209,5980.76124043821,8447.73405711459
"2018-08-16 17:00:00",5928,6872.90803344028,6066.37462254458,7679.44144433597,5639.42162510208,8106.39444177847
"2018-08-16 18:00:00",4580,5133.16545688951,4326.63204599382,5939.6988677852,3899.67904855131,6366.6518652277
"2018-08-16 19:00:00",3725,3801.39835926702,2994.86494837133,4607.93177016271,2567.91195092883,5034.88476760522
"2018-08-16 20:00:00",3205,3165.97429781422,2359.44088691853,3972.50770870991,1932.48788947603,4399.46070615242
"2018-08-16 21:00:00",3090,2891.99703618219,2085.4636252865,3698.53044707788,1658.510627844,4125.48344452038
"2018-08-16 22:00:00",2377,2122.58295258514,1316.04954168945,2929.11636348083,889.096544246949,3356.06936092334
"2018-08-16 23:00:00",1380,1379.84626649948,573.312855603792,2186.37967739517,146.359858161289,2613.33267483768
"2018-08-17 00:00:00",809,888.683867027418,82.150456131727,1695.21727792311,-344.802541310776,2122.17027536561
"2018-08-17 01:00:00",449,630.736960420479,-175.796450475212,1437.27037131617,-602.749447917715,1864.22336875867
"2018-08-17 02:00:00",363,548.065703778217,-258.467707117474,1354.59911467391,-685.420704559977,1781.55211211641
"2018-08-17 03:00:00",408,622.720563847312,-183.812847048379,1429.253974743,-610.765844490882,1856.20697218551
"2018-08-17 04:00:00",899,1094.28811936601,287.754708470317,1900.8215302617,-139.198288972186,2327.7745277042
"2018-08-17 05:00:00",2821,2984.9849132029,2178.45150230721,3791.51832409859,1751.4985048647,4218.47132154109
"2018-08-17 06:00:00",5243,5625.84365931357,4819.31024841788,6432.37707020926,4392.35725097538,6859.33006765176
"2018-08-17 07:00:00",5994,6754.66740771744,5948.13399682175,7561.20081861313,5521.18099937924,7988.15381605563
"2018-08-17 08:00:00",5406,6017.19873825634,5210.66532736065,6823.73214915203,4783.71232991815,7250.68514659454
"2018-08-17 09:00:00",4719,5354.14198585274,4547.60857495705,6160.67539674843,4120.65557751454,6587.62839419093
"2018-08-17 10:00:00",4510,4974.05856567508,4167.52515477939,5780.59197657077,3740.57215733688,6207.54497401327
"2018-08-17 11:00:00",4948,5351.28674258266,4544.75333168697,6157.82015347835,4117.80033424446,6584.77315092085
"2018-08-17 12:00:00",5076,5470.82106686696,4664.28765597127,6277.35447776265,4237.33465852876,6704.30747520515
"2018-08-17 13:00:00",5027,5301.27305057015,4494.73963967446,6107.80646146585,4067.78664223196,6534.75945890835
"2018-08-17 14:00:00",5289,5524.73005002609,4718.1966391304,6331.26346092178,4291.24364168789,6758.21645836428
"2018-08-17 15:00:00",5581,6132.6288870777,5326.09547618201,6939.16229797339,4899.1424787395,7366.11529541589
"2018-08-17 16:00:00",5734,6832.64889862532,6026.11548772963,7639.18230952101,5599.16249028713,8066.13530696352
"2018-08-17 17:00:00",5141,5733.09975245776,4926.56634156207,6539.63316335345,4499.61334411957,6966.58616079595
"2018-08-17 18:00:00",4536,4272.38551194033,3465.85210104464,5078.91892283602,3038.89910360214,5505.87192027853
"2018-08-17 19:00:00",3703,2968.10032074611,2161.56690985042,3774.6337316418,1734.61391240792,4201.58672908431
"2018-08-17 20:00:00",3279,2464.60805848104,1658.07464758535,3271.14146937673,1231.12165014284,3698.09446681923
"2018-08-17 21:00:00",3177,2295.46382394842,1488.93041305273,3101.99723484411,1061.97741561023,3528.95023228661
"2018-08-17 22:00:00",2903,1950.4371717219,1143.90376082621,2756.97058261759,716.950763383702,3183.92358006009
"2018-08-17 23:00:00",2126,1407.44221533049,600.908804434803,2213.97562622619,173.955806992301,2640.92862366869
"2018-08-18 00:00:00",1569,875.170344597917,68.6369337022259,1681.70375549361,-358.316063740277,2108.65675293611
"2018-08-18 01:00:00",806,710.436757773371,-96.0966531223198,1516.97016866906,-523.049650564823,1943.92316611157
"2018-08-18 02:00:00",598,673.952992011458,-132.580418884233,1480.48640290715,-559.533416326735,1907.43940034965
"2018-08-18 03:00:00",448,564.465100872235,-242.068310023456,1370.99851176793,-669.021307465959,1797.95150921043
"2018-08-18 04:00:00",523,591.91045909093,-214.622951804761,1398.44386998662,-641.575949247263,1825.39686742912
"2018-08-18 05:00:00",940,759.410049332806,-47.1233615628854,1565.9434602285,-474.076359005388,1992.896457671
"2018-08-18 06:00:00",1648,1208.97081607359,402.437405177899,2015.50422696928,-24.515592264604,2442.45722441178
"2018-08-18 07:00:00",2229,1486.96511503545,680.431704139762,2293.49852593114,253.478706697259,2720.45152337365
"2018-08-18 08:00:00",2987,1648.4585550424,841.925144146712,2454.99196593809,414.97214670421,2881.9449633806
"2018-08-18 09:00:00",3922,1915.15435133149,1108.6209404358,2721.68776222718,681.667942993293,3148.64075966968
"2018-08-18 10:00:00",5146,2215.11568845623,1408.58227756054,3021.64909935192,981.62928011804,3448.60209679443
"2018-08-18 11:00:00",4916,2315.09670927067,1508.56329837498,3121.63012016636,1081.61030093247,3548.58311760886
"2018-08-18 12:00:00",4448,2250.5222786888,1443.98886779311,3057.05568958449,1017.03587035061,3484.00868702699
"2018-08-18 13:00:00",4438,2065.62222544413,1259.08881454844,2872.15563633982,832.135817105938,3299.10863378233
"2018-08-18 14:00:00",4710,1949.56229673289,1143.0288858372,2756.09570762858,716.075888394697,3183.04870507108
"2018-08-18 15:00:00",4893,2022.73765268478,1216.20424178909,2829.27106358047,789.251244346583,3256.22406102297
"2018-08-18 16:00:00",4897,1574.07794421304,767.544533317347,2380.61135510873,340.591535874845,2807.56435255123
"2018-08-18 17:00:00",4664,1628.83224678134,822.298835885646,2435.36565767703,395.345838443143,2862.31865511953
"2018-08-18 18:00:00",4157,1187.96837094761,381.434960051919,1994.5017818433,-45.5180373905839,2421.4547792858
"2018-08-18 19:00:00",3619,1019.27103948559,212.737628589903,1825.80445038128,-214.2153688526,2252.75744782379
"2018-08-18 20:00:00",3543,714.650895154159,-91.8825157415317,1521.18430604985,-518.835513184034,1948.13730349235
"2018-08-18 21:00:00",3442,882.639574542274,76.106163646583,1689.17298543797,-350.84683379592,2116.12598288047
"2018-08-18 22:00:00",3128,792.265525217453,-14.2678856782383,1598.79893611314,-441.220883120741,2025.75193355565
"2018-08-18 23:00:00",2044,833.250539769382,26.7171288736912,1639.78395066507,-400.235868568811,2066.73694810758
"2018-08-19 00:00:00",1346,669.868654976034,-136.664755919657,1476.40206587172,-563.61775336216,1903.35506331423
"2018-08-19 01:00:00",997,595.99648602011,-210.536924875581,1402.5298969158,-637.489922318084,1829.4828943583
"2018-08-19 02:00:00",726,514.321151515863,-292.212259379828,1320.85456241155,-719.165256822331,1747.80755985406
"2018-08-19 03:00:00",386,407.126163462103,-399.407247433588,1213.65957435779,-826.360244876091,1640.6125718003
"2018-08-19 04:00:00",388,457.669109889693,-348.864301005998,1264.20252078538,-775.817298448501,1691.15551822789
"2018-08-19 05:00:00",552,584.201117745548,-222.332293150143,1390.73452864124,-649.285290592646,1817.68752608374
"2018-08-19 06:00:00",994,756.354164987239,-50.1792459084517,1562.88757588293,-477.132243350954,1989.84057332543
"2018-08-19 07:00:00",1277,805.246224421394,-1.28718647429685,1611.77963531709,-428.240183916799,2038.73263275959
"2018-08-19 08:00:00",1971,904.285664721455,97.7522538257635,1710.81907561715,-329.200743616739,2137.77207305965
"2018-08-19 09:00:00",2895,1191.06039003754,384.52697914185,1997.59380093323,-42.4260183006525,2424.54679837574
"2018-08-19 10:00:00",3766,1708.70066913311,902.16725823742,2515.2340800288,475.214260794917,2942.18707747131
"2018-08-19 11:00:00",4384,1961.00380831149,1154.4703974158,2767.53721920718,727.517399973298,3194.49021664969
"2018-08-19 12:00:00",4624,2171.26153354508,1364.72812264939,2977.79494444077,937.775125206888,3404.74794188328
"2018-08-19 13:00:00",4596,2362.24811209996,1555.71470120427,3168.78152299565,1128.76170376177,3595.73452043815
"2018-08-19 14:00:00",4742,2507.2516365337,1700.71822563801,3313.78504742939,1273.76522819551,3740.7380448719
"2018-08-19 15:00:00",4779,2320.9996990391,1514.46628814341,3127.53310993479,1087.5132907009,3554.48610737729
"2018-08-19 16:00:00",4989,2250.55127190756,1444.01786101187,3057.08468280325,1017.06486356937,3484.03768024576
"2018-08-19 17:00:00",4870,1994.72850140452,1188.19509050883,2801.26191230022,761.242093066331,3228.21490974272
"2018-08-19 18:00:00",4287,1815.1308657176,1008.59745482191,2621.66427661329,581.644457379404,3048.61727405579
"2018-08-19 19:00:00",3792,1575.65525276249,769.121841866799,2382.18866365818,342.168844424296,2809.14166110068
"2018-08-19 20:00:00",3213,1832.61422534304,1026.08081444735,2639.14763623873,599.127817004847,3066.10063368123
"2018-08-19 21:00:00",2682,2997.24555792449,2190.7121470288,3803.77896882018,1763.75914958629,4230.73196626268
"2018-08-19 22:00:00",1973,1350.23367953073,543.700268635034,2156.76709042642,116.747271192532,2583.72008786892
"2018-08-19 23:00:00",2369,981.269280867053,174.735869971362,1787.80269176274,-252.217127471141,2214.75568920525
"2018-08-20 00:00:00",922,332.180214710162,-474.353196185529,1138.71362560585,-901.306193628032,1565.66662304836
"2018-08-20 01:00:00",473,216.408699812064,-590.124711083627,1022.94211070775,-1017.07770852613,1449.89510815026
"2018-08-20 02:00:00",346,195.857983834499,-610.675427061192,1002.39139473019,-1037.62842450369,1429.34439217269
"2018-08-20 03:00:00",369,267.640686672233,-538.892724223458,1074.17409756792,-965.845721665961,1501.12709501043
"2018-08-20 04:00:00",941,709.148078456904,-97.3853324387869,1515.6814893526,-524.33832988129,1942.6344867951
"2018-08-20 05:00:00",3005,2134.22709014713,1327.69367925144,2940.76050104282,900.740681808933,3367.71349848532
"2018-08-20 06:00:00",5352,4285.63503218562,3479.10162128993,5092.16844308131,3052.14862384742,5519.12144052381
"2018-08-20 07:00:00",6077,4872.79865309815,4066.26524220246,5679.33206399384,3639.31224475996,6106.28506143635
"2018-08-20 08:00:00",5349,4357.39873827982,3550.86532738413,5163.93214917551,3123.91232994162,5590.88514661801
"2018-08-20 09:00:00",4777,3877.43319121971,3070.89978032402,4683.9666021154,2643.94678288152,5110.91959955791
"2018-08-20 10:00:00",4375,3444.74693033289,2638.2135194372,4251.28034122858,2211.2605219947,4678.23333867109
"2018-08-20 11:00:00",4532,3725.8092127182,2919.27580182251,4532.34262361389,2492.32280438001,4959.29562105639
"2018-08-20 12:00:00",4842,3974.83835196224,3168.30494106655,4781.37176285793,2741.35194362405,5208.32476030043
"2018-08-20 13:00:00",4690,3907.34254579637,3100.80913490067,4713.87595669206,2673.85613745817,5140.82895413456
"2018-08-20 14:00:00",5001,4168.70227616736,3362.16886527167,4975.23568706305,2935.21586782917,5402.18868450556
"2018-08-20 15:00:00",5388,4796.91136569652,3990.37795480083,5603.44477659221,3563.42495735833,6030.39777403471
"2018-08-20 16:00:00",6423,5596.28303292893,4789.74962203324,6402.81644382462,4362.79662459073,6829.76944126712
"2018-08-20 17:00:00",5848,5366.08495916449,4559.5515482688,6172.61837006018,4132.5985508263,6599.57136750269
"2018-08-20 18:00:00",4285,3865.20386049525,3058.67044959956,4671.73727139094,2631.71745215706,5098.69026883345
"2018-08-20 19:00:00",3231,2776.99348021989,1970.46006932419,3583.52689111558,1543.50707188169,4010.47988855808
"2018-08-20 20:00:00",2726,2382.23598913471,1575.70257823902,3188.7694000304,1148.74958079651,3615.7223974729
"2018-08-20 21:00:00",2240,1934.93544865844,1128.40203776275,2741.46885955413,701.449040320246,3168.42185699663
"2018-08-20 22:00:00",1617,1335.32304746361,528.78963656792,2141.8564583593,101.836639125418,2568.80945580181
"2018-08-20 23:00:00",1005,865.371410735635,58.8379998399438,1671.90482163133,-368.114997602559,2098.85781907383
"2018-08-21 00:00:00",659,761.010966395547,-45.5224445001438,1567.54437729124,-472.475441942646,1994.49737473374
"2018-08-21 01:00:00",416,550.998954187867,-255.534456707824,1357.53236508356,-682.487454150327,1784.48536252606
"2018-08-21 02:00:00",316,496.183801098812,-310.349609796879,1302.7172119945,-737.302607239382,1729.67020943701
"2018-08-21 03:00:00",336,572.268107112578,-234.265303783113,1378.80151800827,-661.218301225616,1805.75451545077
"2018-08-21 04:00:00",996,1128.14091297737,321.607502081681,1934.67432387306,-105.345495360822,2361.62732131557
"2018-08-21 05:00:00",3136,3042.93044739948,2236.39703650379,3849.46385829517,1809.44403906129,4276.41685573767
"2018-08-21 06:00:00",5701,5720.93670992388,4914.40329902819,6527.47012081957,4487.45030158569,6954.42311826208
"2018-08-21 07:00:00",6837,6377.83448023077,5571.30106933508,7184.36789112646,5144.34807189258,7611.32088856896
"2018-08-21 08:00:00",6123,6076.64088466733,5270.10747377164,6883.17429556302,4843.15447632913,7310.12729300552
"2018-08-21 09:00:00",5053,5780.83673815181,4974.30332725612,6587.3701490475,4547.35032981362,7014.32314649001
"2018-08-21 10:00:00",4540,4578.4080537956,3771.87464289991,5384.94146469129,3344.92164545741,5811.8944621338
"2018-08-21 11:00:00",4652,4794.62254282353,3988.08913192784,5601.15595371923,3561.13613448534,6028.10895116173
"2018-08-21 12:00:00",4794,5058.39241635967,4251.85900546398,5864.92582725536,3824.90600802147,6291.87882469786
"2018-08-21 13:00:00",4762,5012.80270179101,4206.26929089532,5819.3361126867,3779.31629345282,6246.28911012921
"2018-08-21 14:00:00",4994,5334.11612786371,4527.58271696802,6140.6495387594,4100.62971952552,6567.60253620191
"2018-08-21 15:00:00",5660,5954.34489709182,5147.81148619612,6760.87830798751,4720.85848875362,7187.83130543001
"2018-08-21 16:00:00",6229,6768.1605910548,5961.62718015911,7574.69400195049,5534.6741827166,8001.64699939299
"2018-08-21 17:00:00",5875,6382.6553344384,5576.12192354271,7189.18874533409,5149.1689261002,7616.14174277659
"2018-08-21 18:00:00",4435,4928.32236169379,4121.7889507981,5734.85577258948,3694.8359533556,6161.80877003198
"2018-08-21 19:00:00",3410,3614.04382483383,2807.51041393814,4420.57723572952,2380.55741649564,4847.53023317202
"2018-08-21 20:00:00",3003,3025.25606523377,2218.72265433808,3831.78947612946,1791.76965689557,4258.74247357196
"2018-08-21 21:00:00",2504,3572.85385476279,2766.3204438671,4379.38726565848,2339.36744642459,4806.34026310098
"2018-08-21 22:00:00",1747,3471.8488356157,2665.31542472001,4278.38224651139,2238.36242727751,4705.33524395389
"2018-08-21 23:00:00",1117,1498.08424707409,691.550836178399,2304.61765796978,264.597838735896,2731.57065541228
"2018-08-22 00:00:00",635,708.401376348887,-98.1320345468037,1514.93478724458,-525.085031989306,1941.88778468708
"2018-08-22 01:00:00",425,492.82714740882,-313.706263486871,1299.36055830451,-740.659260929374,1726.31355574701
"2018-08-22 02:00:00",279,326.09162234484,-480.441788550851,1132.62503324053,-907.394785993353,1559.57803068303
"2018-08-22 03:00:00",393,439.982978300725,-366.550432594966,1246.51638919642,-793.503430037469,1673.46938663892
"2018-08-22 04:00:00",994,909.564551509913,103.031140614222,1716.0979624056,-323.92185682828,2143.05095984811
"2018-08-22 05:00:00",3163,2907.39606314672,2100.86265225103,3713.92947404241,1673.90965480853,4140.88247148491
"2018-08-22 06:00:00",5766,5818.38270354638,5011.84929265069,6624.91611444207,4584.89629520818,7051.86911188457
"2018-08-22 07:00:00",6589,6659.32803080023,5852.79461990454,7465.86144169592,5425.84162246204,7892.81443913842
"2018-08-22 08:00:00",6056,6450.65934254093,5644.12593164524,7257.19275343662,5217.17293420274,7684.14575087913
"2018-08-22 09:00:00",5116,5151.6301935648,4345.09678266911,5958.16360446049,3918.1437852266,6385.11660190299
"2018-08-22 10:00:00",4583,4518.11293347944,3711.57952258374,5324.64634437513,3284.62652514124,5751.59934181763
"2018-08-22 11:00:00",4734,4622.56329837171,3816.02988747602,5429.0967092674,3389.07689003352,5856.0497067099
"2018-08-22 12:00:00",5043,4803.52282935935,3996.98941846366,5610.05624025504,3570.03642102116,6037.00923769754
"2018-08-22 13:00:00",4938,4827.30230524119,4020.7688943455,5633.83571613688,3593.81589690299,6060.78871357938
"2018-08-22 14:00:00",5216,5261.76435069352,4455.23093979783,6068.29776158921,4028.27794235532,6495.25075903171
"2018-08-22 15:00:00",5707,5615.38958083919,4808.8561699435,6421.92299173488,4381.90317250099,6848.87598917738
"2018-08-22 16:00:00",6470,6789.13482233046,5982.60141143477,7595.66823322615,5555.64841399226,8022.62123066865
"2018-08-22 17:00:00",5819,6248.13547690938,5441.60206601369,7054.66888780507,5014.64906857119,7481.62188524758
"2018-08-22 18:00:00",4446,4446.33182380808,3639.79841291238,5252.86523470377,3212.84541546988,5679.81823214627
"2018-08-22 19:00:00",3444,3158.74721441291,2352.21380351722,3965.2806253086,1925.26080607472,4392.23362275111
"2018-08-22 20:00:00",3154,2854.95564970248,2048.42223880679,3661.48906059817,1621.46924136428,4088.44205804067
"2018-08-22 21:00:00",2627,2425.80405128864,1619.27064039295,3232.33746218433,1192.31764295045,3659.29045962684
"2018-08-22 22:00:00",1928,1633.78273059405,827.249319698361,2440.31614148974,400.296322255858,2867.26913893225
"2018-08-22 23:00:00",1169,1062.26697004074,255.733559145048,1868.80038093643,-171.219438297455,2295.75337837893
"2018-08-23 00:00:00",596,521.706528152169,-284.826882743522,1328.23993904786,-711.779880186024,1755.19293649036
"2018-08-23 01:00:00",402,304.898624341864,-501.634786553827,1111.43203523756,-928.58778399633,1538.38503268006
"2018-08-23 02:00:00",392,209.268574247087,-597.264836648605,1015.80198514278,-1024.21783409111,1442.75498258528
"2018-08-23 03:00:00",381,314.633314721282,-491.900096174409,1121.16672561697,-918.853093616912,1548.11972305948
"2018-08-23 04:00:00",976,779.688937157446,-26.8444737382451,1586.22234805314,-453.797471180748,2013.17534549564
"2018-08-23 05:00:00",3163,2811.54276572152,2005.00935482583,3618.07617661721,1578.05635738333,4045.02917405972
"2018-08-23 06:00:00",5860,5674.75266226136,4868.21925136566,6481.28607315705,4441.26625392316,6908.23907059955
"2018-08-23 07:00:00",6815,6390.2877131577,5583.75430226201,7196.82112405339,5156.80130481951,7623.7741214959
"2018-08-23 08:00:00",6162,5860.669239185,5054.13582828931,6667.2026500807,4627.18283084681,7094.1556475232
"2018-08-23 09:00:00",5583,5672.88052052948,4866.34710963379,6479.41393142517,4439.39411219129,6906.36692886768
"2018-08-23 10:00:00",4837,4704.1227917374,3897.58938084171,5510.65620263309,3470.63638339921,5937.6092000756
"2018-08-23 11:00:00",5015,4854.51825583176,4047.98484493607,5661.05166672746,3621.03184749357,6088.00466416996
"2018-08-23 12:00:00",5136,4843.36638159377,4036.83297069808,5649.89979248946,3609.87997325558,6076.85278993197
"2018-08-23 13:00:00",5051,4900.99828136103,4094.46487046534,5707.53169225672,3667.51187302283,6134.48468969922
"2018-08-23 14:00:00",5312,5221.19638864448,4414.66297774879,6027.72979954018,3987.70998030629,6454.68279698268
"2018-08-23 15:00:00",5848,5960.71028054169,5154.176869646,6767.24369143738,4727.2238722035,7194.19668887988
"2018-08-23 16:00:00",6586,6894.7072063511,6088.17379545541,7701.24061724679,5661.2207980129,8128.19361468929
"2018-08-23 17:00:00",5780,6549.28202315134,5742.74861225565,7355.81543404704,5315.79561481315,7782.76843148954
"2018-08-23 18:00:00",4750,4809.51129403085,4002.97788313516,5616.04470492654,3576.02488569266,6042.99770236904
"2018-08-23 19:00:00",3519,3481.74530656281,2675.21189566712,4288.27871745851,2248.25889822462,4715.23171490101
"2018-08-23 20:00:00",2996,2846.27934361089,2039.74593271519,3652.81275450658,1612.79293527269,4079.76575194908
"2018-08-23 21:00:00",2717,2581.68143483052,1775.14802393482,3388.21484572621,1348.19502649232,3815.16784316871
"2018-08-23 22:00:00",2107,1812.24247221836,1005.70906132267,2618.77588311405,578.756063880168,3045.72888055656
"2018-08-23 23:00:00",1904,1056.03431830817,249.500907412484,1862.56772920387,-177.452090030019,2289.52072664637
"2018-08-24 00:00:00",790,883.720782743149,77.1873718474575,1690.25419363884,-349.765625595045,2117.20719108134
"2018-08-24 01:00:00",505,625.743759433712,-180.789651461979,1432.2771703294,-607.742648904482,1859.23016777191
"2018-08-24 02:00:00",387,533.413523398164,-273.119887497527,1339.94693429386,-700.07288494003,1766.89993173636
"2018-08-24 03:00:00",424,605.682571207723,-200.850839687969,1412.21598210341,-627.803837130471,1839.16897954592
"2018-08-24 04:00:00",916,1086.85214626933,280.318735373637,1893.38555716502,-146.634262068865,2320.33855460752
"2018-08-24 05:00:00",2950,2975.07219976746,2168.53878887177,3781.60561066315,1741.58579142926,4208.55860810565
"2018-08-24 06:00:00",5259,5611.45240163537,4804.91899073968,6417.98581253106,4377.96599329718,6844.93880997357
"2018-08-24 07:00:00",6243,6745.5448944253,5939.0114835296,7552.07830532099,5512.0584860871,7979.03130276349
"2018-08-24 08:00:00",5687,6008.45237678866,5201.91896589297,6814.98578768435,4774.96596845046,7241.93878512685
"2018-08-24 09:00:00",4971,5326.27727569107,4519.74386479538,6132.81068658676,4092.79086735287,6559.76368402926
"2018-08-24 10:00:00",4539,4949.76958933396,4143.23617843827,5756.30300022965,3716.28318099576,6183.25599767215
"2018-08-24 11:00:00",4391,5308.43677081954,4501.90335992384,6114.97018171523,4074.95036248134,6541.92317915773
"2018-08-24 12:00:00",4971,5410.64061332013,4604.10720242443,6217.17402421582,4177.15420498193,6644.12702165832
"2018-08-24 13:00:00",5149,5270.1269962861,4463.5935853904,6076.66040718179,4036.6405879479,6503.61340462429
"2018-08-24 14:00:00",5499,5498.89005865075,4692.35664775506,6305.42346954644,4265.40365031256,6732.37646698894
"2018-08-24 15:00:00",5879,6100.39365997571,5293.86024908002,6906.9270708714,4866.90725163751,7333.8800683139
"2018-08-24 16:00:00",6088,6810.37743925037,6003.84402835468,7616.91085014606,5576.89103091218,8043.86384758856
"2018-08-24 17:00:00",5750,5675.04673057311,4868.51331967742,6481.58014146881,4441.56032223492,6908.53313891131
"2018-08-24 18:00:00",4755,4240.35047290266,3433.81706200697,5046.88388379835,3006.86406456447,5473.83688124086
"2018-08-24 19:00:00",3467,2959.01250713294,2152.47909623725,3765.54591802863,1725.52609879474,4192.49891547113
"2018-08-24 20:00:00",3076,2456.34796146317,1649.81455056748,3262.88137235886,1222.86155312497,3689.83436980136
"2018-08-24 21:00:00",3164,2299.53237603811,1492.99896514242,3106.0657869338,1066.04596769991,3533.0187843763
"2018-08-24 22:00:00",2435,1944.78141415125,1138.24800325556,2751.31482504694,711.29500581306,3178.26782248945
"2018-08-24 23:00:00",1860,1403.90652690599,597.373116010297,2210.43993780168,170.420118567794,2637.39293524418
"2018-08-25 00:00:00",1089,853.182722807156,46.6493119114648,1659.71613370285,-380.303685531038,2086.66913114535
"2018-08-25 01:00:00",725,699.281669163814,-107.251741731877,1505.81508005951,-534.204739174379,1932.76807750201
"2018-08-25 02:00:00",495,666.376256066148,-140.157154829543,1472.90966696184,-567.110152272046,1899.86266440434
"2018-08-25 03:00:00",366,542.472896105007,-264.060514790684,1349.0063070007,-691.013512233187,1775.9593044432
"2018-08-25 04:00:00",500,569.922182589245,-236.611228306446,1376.45559348494,-663.564225748948,1803.40859092744
"2018-08-25 05:00:00",875,747.033613037888,-59.4997978578028,1553.56702393358,-486.452795300305,1980.52002137608
"2018-08-25 06:00:00",1837,1194.1503749861,387.616964090413,2000.68378588179,-39.3360333520898,2427.6367833243
"2018-08-25 07:00:00",2672,1472.14074568242,665.607334786733,2278.67415657811,238.65433734423,2705.62715402062
"2018-08-25 08:00:00",3503,1636.08670172395,829.553290828262,2442.62011261964,402.600293385759,2869.57311006215
"2018-08-25 09:00:00",4100,1893.20011979784,1086.66670890215,2699.73353069353,659.713711459649,3126.68652813604
"2018-08-25 10:00:00",4509,2193.21448850742,1386.68107761173,2999.74789940311,959.728080169229,3426.70089684562
"2018-08-25 11:00:00",4647,2293.26294454701,1486.72953365132,3099.7963554427,1059.77653620882,3526.74935288521
"2018-08-25 12:00:00",4846,2228.72648719873,1422.19307630304,3035.25989809442,995.240078860538,3462.21289553693
"2018-08-25 13:00:00",4585,2055.09882384868,1248.56541295299,2861.63223474437,821.612415510486,3288.58523218687
"2018-08-25 14:00:00",4696,1935.06135457625,1128.52794368056,2741.59476547194,701.574946238057,3168.54776291444
"2018-08-25 15:00:00",5015,2012.29936350943,1205.76595261374,2818.83277440512,778.812955171234,3245.78577184762
"2018-08-25 16:00:00",4677,1556.57264510577,750.039234210074,2363.10605600146,323.086236767572,2790.05905344396
"2018-08-25 17:00:00",4541,1627.9474635634,821.414052667706,2434.48087445909,394.461055225203,2861.43387190159
"2018-08-25 18:00:00",3914,1179.91182404993,373.378413154237,1986.44523494562,-53.5745842882659,2413.39823238812
"2018-08-25 19:00:00",3371,1016.56523742632,210.031826530632,1823.09864832201,-216.921170911871,2250.05164576452
"2018-08-25 20:00:00",3071,711.857361831091,-94.6760490646001,1518.39077272678,-521.629046507103,1945.34377016928
"2018-08-25 21:00:00",3156,890.922017836664,84.3886069409732,1697.45542873236,-342.564390501529,2124.40842617486
"2018-08-25 22:00:00",2713,793.27603406075,-13.2573768349414,1599.80944495644,-440.210374277444,2026.76244239894
"2018-08-25 23:00:00",2134,835.274892440909,28.741481545218,1641.8083033366,-398.211515897285,2068.7613007791
"2018-08-26 00:00:00",1375,671.865509788759,-134.667901106933,1478.39892068445,-561.620898549435,1905.35191812695
"2018-08-26 01:00:00",855,605.116001193287,-201.417409702404,1411.64941208898,-628.370407144907,1838.60240953148
"2018-08-26 02:00:00",614,516.283961360547,-290.249449535144,1322.81737225624,-717.202446977647,1749.77036969874
"2018-08-26 03:00:00",382,409.126291829447,-397.407119066244,1215.65970272514,-824.360116508747,1642.61270016764
"2018-08-26 04:00:00",325,466.857369709876,-339.676041185815,1273.39078060557,-766.629038628318,1700.34377804807
"2018-08-26 05:00:00",551,562.267836961468,-244.265573934223,1368.80124785716,-671.218571376726,1795.75424529966
"2018-08-26 06:00:00",1106,738.501214379395,-68.0321965162965,1545.03462527509,-494.985193958799,1971.98762271759
"2018-08-26 07:00:00",1657,752.276162498813,-54.2572483968783,1558.8095733945,-481.210245839381,1985.76257083701
"2018-08-26 08:00:00",2467,894.492884575233,87.9594736795418,1701.02629547092,-338.993523762961,2127.97929291343
"2018-08-26 09:00:00",3408,1199.21716834028,392.683757444593,2005.75057923598,-34.2692399979096,2432.70357667848
"2018-08-26 10:00:00",4017,1698.19429002168,891.660879125989,2504.72770091737,464.707881683486,2931.68069835987
"2018-08-26 11:00:00",4394,1963.34831462479,1156.8149037291,2769.88172552048,729.861906286594,3196.83472296298
"2018-08-26 12:00:00",4638,2153.69338218912,1347.15997129343,2960.22679308481,920.206973850924,3387.17979052731
"2018-08-26 13:00:00",4494,2347.90560998689,1541.3721990912,3154.43902088259,1114.4192016487,3581.39201832509
"2018-08-26 14:00:00",4565,2489.82359331545,1683.29018241975,3296.35700421114,1256.33718497725,3723.31000165364
"2018-08-26 15:00:00",4289,2309.54302256479,1503.00961166909,3116.07643346048,1076.05661422659,3543.02943090298
"2018-08-26 16:00:00",4259,2233.22536359343,1426.69195269774,3039.75877448912,999.738955255235,3466.71177193162
"2018-08-26 17:00:00",3998,1986.95282549318,1180.41941459749,2793.48623638887,753.466417154986,3220.43923383137
"2018-08-26 18:00:00",3688,1812.69218571526,1006.15877481957,2619.22559661095,579.20577737707,3046.17859405346
"2018-08-26 19:00:00",3165,1577.22619415661,770.692783260923,2383.75960505231,343.73978581842,2810.71260249481
"2018-08-26 20:00:00",2840,1834.0902336532,1027.55682275751,2640.6236445489,600.603825315011,3067.5766419914
"2018-08-26 21:00:00",2330,2989.18704689403,2182.65363599834,3795.72045778973,1755.70063855584,4222.67345523223
"2018-08-26 22:00:00",1913,1351.59969640568,545.066285509989,2158.13310730137,118.113288067486,2585.08610474387
"2018-08-26 23:00:00",1208,973.152500564376,166.619089668685,1779.68591146007,-260.333907773818,2206.63890890257
"2018-08-27 00:00:00",666,334.577097897367,-471.956312998324,1141.11050879306,-898.909310440826,1568.06350623556
"2018-08-27 01:00:00",337,194.812595153773,-611.720815741918,1001.34600604946,-1038.67381318442,1428.29900349197
"2018-08-27 02:00:00",292,184.243522027536,-622.289888868155,990.776932923227,-1049.24288631066,1417.72993036573
"2018-08-27 03:00:00",358,270.013345555256,-536.520065340435,1076.54675645095,-963.473062782938,1503.49975389345
"2018-08-27 04:00:00",933,718.671550270105,-87.861860625586,1525.2049611658,-514.814858068089,1952.1579586083
"2018-08-27 05:00:00",3129,2131.48593369797,1324.95252280228,2938.01934459366,897.999525359774,3364.97234203616
"2018-08-27 06:00:00",5575,4268.0406923927,3461.50728149701,5074.57410328839,3034.55428405451,5501.52710073089
"2018-08-27 07:00:00",6493,4855.20758685985,4048.67417596416,5661.74099775555,3621.72117852166,6088.69399519805
"2018-08-27 08:00:00",6125,4339.85088296249,3533.3174720668,5146.38429385818,3106.3644746243,5573.33729130069
"2018-08-27 09:00:00",5094,3869.37926316573,3062.84585227004,4675.91267406142,2635.89285482753,5102.86567150392
"2018-08-27 10:00:00",4672,3423.26474537535,2616.73133447966,4229.79815627104,2189.77833703716,4656.75115371355
"2018-08-27 11:00:00",4775,3714.00630319259,2907.4728922969,4520.53971408828,2480.51989485439,4947.49271153078
"2018-08-27 12:00:00",4880,3953.44193413573,3146.90852324004,4759.97534503142,2719.95552579753,5186.92834247392
"2018-08-27 13:00:00",4890,3885.96249574295,3079.42908484726,4692.49590663864,2652.47608740476,5119.44890408114
"2018-08-27 14:00:00",5048,4147.33335619965,3340.79994530396,4953.86676709534,2913.84694786146,5380.81976453785
"2018-08-27 15:00:00",5661,4804.3541205407,3997.82070964501,5610.8875314364,3570.86771220251,6037.8405288789
"2018-08-27 16:00:00",6535,5598.94180048568,4792.40838958999,6405.47521138137,4365.45539214748,6832.42820882387
"2018-08-27 17:00:00",5298,5358.20518421625,4551.67177332056,6164.73859511194,4124.71877587806,6591.69159255445
"2018-08-27 18:00:00",3629,3826.20945878571,3019.67604789002,4632.7428696814,2592.72305044751,5059.6958671239
"2018-08-27 19:00:00",2922,2754.56708457355,1948.03367367786,3561.10049546925,1521.08067623536,3988.05349291175
"2018-08-27 20:00:00",2536,2376.35501555081,1569.82160465512,3182.8884264465,1142.86860721262,3609.841423889
"2018-08-27 21:00:00",2139,1926.55154629883,1120.01813540313,2733.08495719452,693.065137960632,3160.03795463702
"2018-08-27 22:00:00",1503,1322.79778509552,516.264374199826,2129.33119599121,89.3113767573229,2556.28419343371
"2018-08-27 23:00:00",1014,847.429932436743,40.8965215410515,1653.96334333243,-386.056475901451,2080.91634077494
"2018-08-28 00:00:00",576,733.586036208099,-72.9473746875922,1540.11944710379,-499.900372130095,1967.07244454629
"2018-08-28 01:00:00",364,531.455337189675,-275.078073706017,1337.98874808537,-702.031071148519,1764.94174552787
"2018-08-28 02:00:00",234,476.619233351055,-329.914177544636,1283.15264424675,-756.867174987138,1710.10564168925
"2018-08-28 03:00:00",367,540.731420624549,-265.801990271142,1347.26483152024,-692.754987713645,1774.21782896274
"2018-08-28 04:00:00",986,1108.55604919098,302.022638295284,1915.08946008667,-124.930359147218,2342.04245752917
"2018-08-28 05:00:00",3161,3023.3351082383,2216.80169734261,3829.86851913399,1789.84869990011,4256.8215165765
"2018-08-28 06:00:00",5611,5689.34961069472,4882.81619979902,6495.88302159041,4455.86320235652,6922.83601903291
"2018-08-28 07:00:00",6147,6366.1882086035,5559.65479770781,7172.7216194992,5132.70180026531,7599.6746169417
"2018-08-28 08:00:00",5692,6069.6091836766,5263.07577278091,6876.14259457229,4836.1227753384,7303.09559201479
"2018-08-28 09:00:00",5153,5777.03779095878,4970.50438006309,6583.57120185447,4543.55138262058,7010.52419929697
"2018-08-28 10:00:00",4624,4564.71468202044,3758.18127112475,5371.24809291613,3331.22827368225,5798.20109035864
"2018-08-28 11:00:00",4678,4780.59033774658,3974.05692685089,5587.12374864227,3547.10392940838,6014.07674608477
"2018-08-28 12:00:00",4954,5049.07356652956,4242.54015563387,5855.60697742525,3815.58715819136,6282.55997486775
"2018-08-28 13:00:00",5032,5000.85209861157,4194.31868771588,5807.38550950726,3767.36569027338,6234.33850694977
"2018-08-28 14:00:00",5273,5326.50992992683,4519.97651903114,6133.04334082252,4093.02352158863,6559.99633826502
"2018-08-28 15:00:00",5865,5946.75310279526,5140.21969189957,6753.28651369095,4713.26669445706,7180.23951113345
"2018-08-28 16:00:00",6657,6760.57992684394,5954.04651594825,7567.11333773963,5527.09351850575,7994.06633518214
"2018-08-28 17:00:00",5716,6379.1281572559,5572.59474636021,7185.66156815159,5145.64174891771,7612.61456559409
"2018-08-28 18:00:00",4363,4920.75217285772,4114.21876196203,5727.28558375341,3687.26576451952,6154.23858119591
"2018-08-28 19:00:00",3406,3605.22544516452,2798.69203426883,4411.75885606021,2371.73903682632,4838.71185350271
"2018-08-28 20:00:00",2896,3016.40429530734,2209.87088441165,3822.93770620303,1782.91788696915,4249.89070364553
"2018-08-28 21:00:00",2576,3565.18545928814,2758.65204839244,4371.71887018383,2331.69905094994,4798.67186762633
"2018-08-28 22:00:00",1733,3464.13199153268,2657.59858063699,4270.66540242837,2230.64558319449,4697.61839987088
"2018-08-28 23:00:00",1153,1494.37244141106,687.839030515373,2300.90585230676,260.886033072871,2727.85884974926
"2018-08-29 00:00:00",623,724.593717113112,-81.9396937825795,1531.1271280088,-508.892691225082,1958.08012545131
"2018-08-29 01:00:00",335,508.962528322668,-297.570882573023,1315.49593921836,-724.523880015526,1742.44893666086
"2018-08-29 02:00:00",299,342.166769853693,-464.366641041998,1148.70018074938,-891.319638484501,1575.65317819189
"2018-08-29 03:00:00",372,432.037640105279,-374.495770790412,1238.57105100097,-801.448768232915,1665.52404844347
"2018-08-29 04:00:00",981,915.067766256659,108.534355360968,1721.60117715235,-318.418642081534,2148.55417459485
"2018-08-29 05:00:00",3103,2899.41537056139,2092.8819596657,3705.94878145708,1665.92896222319,4132.90177889958
"2018-08-29 06:00:00",5902,5834.36750094774,5027.83409005205,6640.90091184343,4600.88109260954,7067.85390928593
"2018-08-29 07:00:00",6775,6664.7716668529,5858.23825595721,7471.3050777486,5431.28525851471,7898.2580751911
"2018-08-29 08:00:00",6164,6442.68061408837,5636.14720319268,7249.21402498406,5209.19420575018,7676.16702242656
"2018-08-29 09:00:00",5421,5157.21393775518,4350.68052685949,5963.74734865087,3923.72752941698,6390.70034609337
"2018-08-29 10:00:00",4871,4514.38672417608,3707.85331328039,5320.92013507177,3280.90031583789,5747.87313251428
"2018-08-29 11:00:00",4969,4621.29033655305,3814.75692565736,5427.82374744875,3387.80392821486,5854.77674489125
"2018-08-29 12:00:00",5134,4799.95767894327,3993.42426804758,5606.49108983896,3566.47127060508,6033.44408728146
"2018-08-29 13:00:00",4999,4823.77905632423,4017.24564542854,5630.31246721992,3590.29264798604,6057.26546466243
"2018-08-29 14:00:00",5349,5258.30919171265,4451.77578081696,6064.84260260834,4024.82278337445,6491.79560005084
"2018-08-29 15:00:00",5814,5611.98679873222,4805.45338783653,6418.52020962792,4378.50039039403,6845.47320707042
"2018-08-29 16:00:00",6578,6788.152552162,5981.61914126631,7594.68596305769,5554.6661438238,8021.63896050019
"2018-08-29 17:00:00",5860,6244.79554705111,5438.26213615542,7051.3289579468,5011.30913871292,7478.2819553893
"2018-08-29 18:00:00",4554,4452.44130087032,3645.90788997463,5258.97471176601,3218.95489253213,5685.92770920851
"2018-08-29 19:00:00",3487,3155.38567909415,2348.85226819846,3961.91908998984,1921.89927075596,4388.87208743235
"2018-08-29 20:00:00",3205,2871.44261038244,2064.90919948675,3677.97602127813,1637.95620204425,4104.92901872063
"2018-08-29 21:00:00",2800,2436.98274749204,1630.44933659635,3243.51615838773,1203.49633915384,3670.46915583023
"2018-08-29 22:00:00",2106,1649.98685615491,843.453445259214,2456.5202670506,416.500447816712,2883.4732644931
"2018-08-29 23:00:00",1272,1078.40562450921,271.872213613515,1884.9390354049,-155.080783828987,2311.8920328474
"2018-08-30 00:00:00",670,537.822267738302,-268.71114315739,1344.35567863399,-695.664140599892,1771.3086760765
"2018-08-30 01:00:00",456,320.967879452402,-485.565531443289,1127.50129034809,-912.518528885792,1554.4542877906
"2018-08-30 02:00:00",326,225.326044560995,-581.207366334696,1031.85945545669,-1008.1603637772,1458.81245289919
"2018-08-30 03:00:00",388,330.689475613342,-475.843935282349,1137.22288650903,-902.796932724852,1564.17588395154
"2018-08-30 04:00:00",1008,795.755573424288,-10.7778374714028,1602.28898431998,-437.730834913905,2029.24198176248
"2018-08-30 05:00:00",3070,2827.60416430098,2021.07075340528,3634.13757519667,1594.11775596278,4061.09057263917
"2018-08-30 06:00:00",5886,5680.2859937106,4873.75258281491,6486.81940460629,4446.79958537241,6913.77240204879
"2018-08-30 07:00:00",6466,6406.33798165145,5599.80457075576,7212.87139254714,5172.85157331326,7639.82438998964
"2018-08-30 08:00:00",5995,5876.7758128182,5070.24240192251,6683.30922371389,4643.28940448001,7110.2622211564
"2018-08-30 09:00:00",5467,5684.0160058119,4877.48259491621,6490.54941670759,4450.52959747371,6917.5024141501
"2018-08-30 10:00:00",4911,4720.52136644264,3913.98795554695,5527.05477733833,3487.03495810445,5954.00777478084
"2018-08-30 11:00:00",5095,4869.98548028518,4063.45206938949,5676.51889118087,3636.49907194699,6103.47188862337
"2018-08-30 12:00:00",5308,4858.91871846729,4052.3853075716,5665.45212936299,3625.4323101291,6092.40512680549
"2018-08-30 13:00:00",5213,4917.68231002907,4111.14889913338,5724.21572092476,3684.19590169088,6151.16871836727
"2018-08-30 14:00:00",5680,5237.94196013937,4431.40854924368,6044.47537103506,4004.45555180118,6471.42836847757
"2018-08-30 15:00:00",6238,5966.99194657691,5160.45853568122,6773.5253574726,4733.50553823872,7200.4783549151
"2018-08-30 16:00:00",6453,6906.42211080114,6099.88869990544,7712.95552169683,5672.93570246294,8139.90851913933
"2018-08-30 17:00:00",5775,6566.13038426128,5759.59697336559,7372.66379515697,5332.64397592309,7799.61679259947
"2018-08-30 18:00:00",4531,4826.34721563323,4019.81380473754,5632.88062652892,3592.86080729504,6059.83362397143
"2018-08-30 19:00:00",3884,3474.52473336009,2667.9913224644,4281.05814425578,2241.03832502189,4708.01114169828
"2018-08-30 20:00:00",3332,2839.01555948718,2032.48214859149,3645.54897038287,1605.52915114899,4072.50196782538
"2018-08-30 21:00:00",3049,2574.39473582448,1767.86132492879,3380.92814672017,1340.90832748628,3807.88114416267
"2018-08-30 22:00:00",2221,1804.94071486107,998.407303965383,2611.47412575677,571.45430652288,3038.42712319927
"2018-08-30 23:00:00",1396,1052.76378780783,246.230376912142,1859.29719870352,-180.722620530361,2286.25019614603
"2018-08-31 00:00:00",764,880.439122157101,73.9057112614099,1686.97253305279,-353.047286181093,2113.92553049529
"2018-08-31 01:00:00",456,622.452278183806,-184.081132711885,1428.9856890795,-611.034130154387,1855.938686522
"2018-08-31 02:00:00",358,526.072483385444,-280.460927510247,1332.60589428114,-707.413924952749,1759.55889172364
"2018-08-31 03:00:00",378,587.475607756682,-219.057803139009,1394.00901865237,-646.010800581512,1820.96201609488
"2018-08-31 04:00:00",851,1073.78240704784,267.24899615215,1880.31581794353,-159.704001290352,2307.26881538604
"2018-08-31 05:00:00",2754,2975.87168565544,2169.33827475975,3782.40509655113,1742.38527731724,4209.35809399363
"2018-08-31 06:00:00",5200,5608.12360186281,4801.59019096712,6414.6570127585,4374.63719352461,6841.610010201
"2018-08-31 07:00:00",6270,6751.64062255814,5945.10721166245,7558.17403345383,5518.15421421995,7985.12703089633
"2018-08-31 08:00:00",5687,6005.1209581724,5198.58754727671,6811.65436906809,4771.6345498342,7238.60736651059
"2018-08-31 09:00:00",5328,5332.41490532304,4525.88149442735,6138.94831621873,4098.92849698484,6565.90131366123
"2018-08-31 10:00:00",5102,4966.50337603222,4159.96996513653,5773.03678692791,3733.01696769402,6199.98978437041
"2018-08-31 11:00:00",5359,5301.24762374115,4494.71421284546,6107.78103463684,4067.76121540296,6534.73403207935
"2018-08-31 12:00:00",5587,5405.79472229123,4599.26131139554,6212.32813318692,4172.30831395303,6639.28113062942
"2018-08-31 13:00:00",5400,5266.99984747808,4460.46643658239,6073.53325837377,4033.51343913989,6500.48625581627
"2018-08-31 14:00:00",5705,5495.90236326952,4689.36895237382,6302.43577416521,4262.41595493132,6729.38877160771
"2018-08-31 15:00:00",5998,6097.47274510871,5290.93933421302,6904.0061560044,4863.98633677051,7330.9591534469
"2018-08-31 16:00:00",5925,6807.5147936556,6000.9813827599,7614.04820455129,5574.0283853174,8041.00120199379
"2018-08-31 17:00:00",5418,5692.11507455347,4885.58166365778,6498.64848544916,4458.62866621527,6925.60148289166
"2018-08-31 18:00:00",4935,4237.43806927767,3430.90465838198,5043.97148017336,3003.95166093948,5470.92447761587
"2018-08-31 19:00:00",3945,2956.03921539203,2149.50580449634,3762.57262628772,1722.55280705384,4189.52562373022
"2018-08-31 20:00:00",3233,2473.26375779826,1666.73034690257,3279.79716869395,1239.77734946007,3706.75016613645
"2018-08-31 21:00:00",2910,2296.42617797965,1489.89276708396,3102.95958887535,1062.93976964146,3529.91258631785
"2018-08-31 22:00:00",2830,1961.59834913684,1155.06493824115,2768.13176003253,728.11194079865,3195.08475747504
"2018-08-31 23:00:00",2147,1410.18884765213,603.655436756441,2216.72225854782,176.702439313938,2643.67525599033
"2018-09-01 00:00:00",1335,869.955137449923,63.421726554232,1676.48854834561,-363.531270888271,2103.44154578812
"2018-09-01 01:00:00",785,716.000397510825,-90.5330133848664,1522.53380840652,-517.486010827369,1949.48680584902
"2018-09-01 02:00:00",569,663.120783917055,-143.412626978636,1469.65419481275,-570.365624421139,1896.60719225525
"2018-09-01 03:00:00",425,548.654391368876,-257.879019526815,1355.18780226457,-684.832016969318,1782.14079970707
"2018-09-01 04:00:00",419,576.089274212789,-230.444136682902,1382.62268510848,-657.397134125405,1809.57568255098
"2018-09-01 05:00:00",741,739.703048399951,-66.8303624957405,1546.23645929564,-493.783359938243,1973.18945673814
"2018-09-01 06:00:00",1529,1186.81391794985,380.28050705416,1993.34732884554,-46.6724903883421,2420.30032628805
"2018-09-01 07:00:00",2477,1478.28230357994,671.748892684246,2284.81571447563,244.795895241743,2711.76871191813
"2018-09-01 08:00:00",3476,1632.78998278666,826.256571890965,2439.32339368235,399.303574448463,2866.27639112485
"2018-09-01 09:00:00",4212,1888.24751088836,1081.71409999266,2694.78092178405,654.761102550161,3121.73391922655
"2018-09-01 10:00:00",4578,2185.96314389127,1379.42973299558,2992.49655478696,952.476735553079,3419.44955222947
"2018-09-01 11:00:00",4897,2286.08689168711,1479.55348079142,3092.6203025828,1052.60048334891,3519.5733000253
"2018-09-01 12:00:00",4854,2240.51668340501,1433.98327250932,3047.0500943007,1007.03027506682,3474.00309174321
"2018-09-01 13:00:00",4972,2061.5670824972,1255.03367160151,2868.10049339289,828.080674159007,3295.05349083539
"2018-09-01 14:00:00",5056,1941.59442960623,1135.06101871054,2748.12784050193,708.10802126804,3175.08083794443
"2018-09-01 15:00:00",4719,2018.8952907881,1212.36187989241,2825.42870168379,785.408882449908,3252.3816991263
"2018-09-01 16:00:00",4649,1573.71889968606,767.185488790368,2380.25231058175,340.232491347865,2807.20530802425
"2018-09-01 17:00:00",4622,1645.12710840081,838.593697505116,2451.6605192965,411.640700062614,2878.613516739
"2018-09-01 18:00:00",4261,1197.0574239193,390.524013023606,2003.59083481499,-36.4289844188963,2430.54383225749
"2018-09-01 19:00:00",3518,1033.67089992934,227.137489033646,1840.20431082503,-199.815508408857,2267.15730826753
"2018-09-01 20:00:00",3196,728.816369087159,-77.7170418085317,1535.34977998285,-504.670039251034,1962.30277742535
"2018-09-01 21:00:00",2880,897.185351966016,90.6519410703248,1703.71876286171,-336.301056372178,2130.67176030421
"2018-09-01 22:00:00",2815,808.924613440078,2.39120254438672,1615.45802433577,-424.561794898116,2042.41102177827
"2018-09-01 23:00:00",1945,851.964813507269,45.4314026115784,1658.49822440296,-381.521594830924,2085.45122184546
"2018-09-02 00:00:00",1273,688.537753660175,-117.995657235516,1495.07116455587,-544.948654678019,1922.02416199837
"2018-09-02 01:00:00",801,621.771877291607,-184.761533604085,1428.3052881873,-611.714531046587,1855.2582856298
"2018-09-02 02:00:00",565,522.423555125288,-284.109855770403,1328.95696602098,-711.062853212906,1755.90996346348
"2018-09-02 03:00:00",386,425.788715037005,-380.744695858686,1232.3221259327,-807.697693301189,1659.2751233752
"2018-09-02 04:00:00",316,483.518483495586,-323.014927400105,1290.05189439128,-749.967924842607,1717.00489183378
"2018-09-02 05:00:00",532,568.452605779956,-238.080805115735,1374.98601667565,-665.033802558238,1801.93901411815
"2018-09-02 06:00:00",1003,744.680090799568,-61.8533200961233,1551.21350169526,-488.806317538626,1978.16649913776
"2018-09-02 07:00:00",1607,758.428195771108,-48.1052151245834,1564.9616066668,-475.058212567086,1991.9146041093
"2018-09-02 08:00:00",2334,887.143333320503,80.6099224248121,1693.67674421619,-346.343075017691,2120.6297416587
"2018-09-02 09:00:00",2929,1191.86499824186,385.331587346168,1998.39840913755,-41.6214100963348,2425.35140658005
"2018-09-02 10:00:00",3571,1656.04243437917,849.509023483478,2462.57584527486,422.556026040976,2889.52884271736
"2018-09-02 11:00:00",4040,1926.31477333423,1119.78136243854,2732.84818422992,692.828364996037,3159.80118167242
"2018-09-02 12:00:00",4549,2139.58311668741,1333.04970579172,2946.1165275831,906.096708349215,3373.0695250256
"2018-09-02 13:00:00",4414,2364.6295760213,1558.0961651256,3171.16298691699,1131.1431676831,3598.11598435949
"2018-09-02 14:00:00",4299,2486.71019343683,1680.17678254114,3293.24360433252,1253.22378509864,3720.19660177502
"2018-09-02 15:00:00",4330,2306.51669923905,1499.98328834335,3113.05011013474,1073.03029090085,3540.00310757724
"2018-09-02 16:00:00",4197,2250.20532159906,1443.67191070337,3056.73873249475,1016.71891326087,3483.69172993725
"2018-09-02 17:00:00",3833,1993.45251026605,1186.91909937036,2799.98592116174,759.966101927853,3226.93891860424
"2018-09-02 18:00:00",3601,1809.72675050544,1003.19333960975,2616.26016140113,576.240342167248,3043.21315884364
"2018-09-02 19:00:00",3098,1594.1721071942,787.638696298514,2400.7055180899,360.685698856011,2827.6585155324
"2018-09-02 20:00:00",3115,1830.96635839981,1024.43294750412,2637.4997692955,597.479950061614,3064.452766738
"2018-09-02 21:00:00",2669,3005.90642995197,2199.37301905628,3812.43984084766,1772.42002161378,4239.39283829016
"2018-09-02 22:00:00",2066,1363.09003500883,556.556624113142,2169.62344590452,129.603626670639,2596.57644334703
"2018-09-02 23:00:00",1475,989.699694649334,183.166283753643,1796.23310554502,-243.78671368886,2223.18610298753
"2018-09-03 00:00:00",962,32.2086475610532,-774.324763334638,838.742058456744,-1201.27776077714,1265.69505589925
"2018-09-03 01:00:00",694,-107.606922634603,-914.140333530293,698.926488261089,-1341.0933309728,1125.87948570359
"2018-09-03 02:00:00",421,-128.687040407027,-935.220451302718,677.846370488665,-1362.17344874522,1104.79936793117
"2018-09-03 03:00:00",310,-42.9244186994696,-849.457829595161,763.608992196221,-1276.41082703766,1190.56198963872
"2018-09-03 04:00:00",325,396.292890336875,-410.240520558816,1202.82630123257,-837.193518001319,1629.77929867507
"2018-09-03 05:00:00",590,1829.05528582389,1022.5218749282,2635.58869671958,595.568877485694,3062.54169416208
"2018-09-03 06:00:00",1141,3965.62837642449,3159.0949655288,4772.16178732018,2732.14196808629,5199.11478476268
"2018-09-03 07:00:00",1556,4532.83023634847,3726.29682545278,5339.36364724416,3299.34382801028,5766.31664468667
"2018-09-03 08:00:00",1995,4017.48662666959,3210.9532157739,4824.02003756528,2784.00021833139,5250.97303500778
"2018-09-03 09:00:00",2524,3543.01586085114,2736.48244995545,4349.54927174684,2309.52945251295,4776.50226918934
"2018-09-03 10:00:00",3050,3096.97794423886,2290.44453334317,3903.51135513455,1863.49153590067,4330.46435257706
"2018-09-03 11:00:00",3616,3384.11700182686,2577.58359093117,4190.65041272255,2150.63059348867,4617.60341016505
"2018-09-03 12:00:00",3901,3627.2913128714,2820.75790197571,4433.82472376709,2393.80490453321,4860.7777212096
"2018-09-03 13:00:00",4110,3559.87734557101,2753.34393467532,4366.4107564667,2326.39093723282,4793.3637539092
"2018-09-03 14:00:00",4446,3821.23707594201,3014.70366504632,4627.7704868377,2587.75066760381,5054.7234842802
"2018-09-03 15:00:00",4411,4478.2617685486,3671.72835765291,5284.79517944429,3244.77536021041,5711.7481768868
"2018-09-03 16:00:00",4017,5272.85665031374,4466.32323941805,6079.39006120943,4039.37024197554,6506.34305865193
"2018-09-03 17:00:00",3900,5026.08065410348,4219.54724320779,5832.61406499917,3792.59424576528,6259.56706244167
"2018-09-03 18:00:00",3487,3499.24244894113,2692.70903804543,4305.77585983682,2265.75604060293,4732.72885727932
"2018-09-03 19:00:00",3006,2426.59455143091,1620.06114053522,3233.1279623266,1193.10814309272,3660.08095976911
"2018-09-03 20:00:00",2627,2047.69360897968,1241.16019808399,2854.22701987537,814.207200641487,3281.18001731787
"2018-09-03 21:00:00",2081,1600.33807278581,793.804661890118,2406.8714836815,366.851664447615,2833.824481124
"2018-09-03 22:00:00",1588,996.56401554386,190.030604648169,1803.09742643955,-236.922392794334,2230.05042388205
"2018-09-03 23:00:00",1012,521.194198752314,-285.339212143377,1327.72760964801,-712.292209585879,1754.68060709051
"2018-09-04 00:00:00",528,726.230592555054,-80.3028183406367,1532.76400345075,-507.255815783139,1959.71700089325
"2018-09-04 01:00:00",321,524.099238825706,-282.434172069985,1330.6326497214,-709.387169512488,1757.5856471639
"2018-09-04 02:00:00",254,469.260516143392,-337.2728947523,1275.79392703908,-764.225892194802,1702.74692448159
"2018-09-04 03:00:00",332,533.376631682428,-273.156779213263,1339.91004257812,-700.109776655766,1766.86304002062
"2018-09-04 04:00:00",901,1101.20126024885,294.667849353164,1907.73467114455,-132.285148089339,2334.68766858705
"2018-09-04 05:00:00",2863,3015.97704574156,2209.44363484587,3822.51045663725,1782.49063740337,4249.46345407976
"2018-09-04 06:00:00",5280,5684.80928390065,4878.27587300496,6491.34269479634,4451.32287556245,6918.29569223884
"2018-09-04 07:00:00",6379,6379.23365120231,5572.70024030662,7185.767062098,5145.74724286411,7612.7200595405
"2018-09-04 08:00:00",5856,6061.57992494632,5255.04651405063,6868.11333584201,4828.09351660812,7295.06633328451
"2018-09-04 09:00:00",5242,5747.36376190473,4940.83035100904,6553.89717280042,4513.87735356653,6980.85017024292
"2018-09-04 10:00:00",4403,4553.24448318073,3746.71107228504,5359.77789407642,3319.75807484254,5786.73089151893
"2018-09-04 11:00:00",4477,4764.25438949314,3957.72097859745,5570.78780038883,3530.76798115495,5997.74079783134
"2018-09-04 12:00:00",4583,5046.9215291224,4240.38811822671,5853.45494001809,3813.4351207842,6280.40793746059
"2018-09-04 13:00:00",4652,4991.18424706166,4184.65083616597,5797.71765795735,3757.69783872346,6224.67065539985
"2018-09-04 14:00:00",4785,5304.20269166864,4497.66928077295,6110.73610256433,4070.71628333045,6537.68910000683
"2018-09-04 15:00:00",5436,5917.26428019347,5110.73086929778,6723.79769108916,4683.77787185527,7150.75068853166
"2018-09-04 16:00:00",5667,6729.66367609416,5923.13026519847,7536.19708698985,5496.17726775597,7963.15008443235
"2018-09-04 17:00:00",5494,6359.10066808758,5552.56725719189,7165.63407898327,5125.61425974939,7592.58707642578
"2018-09-04 18:00:00",4383,4892.27677453604,4085.74336364035,5698.81018543173,3658.79036619784,6125.76318287423
"2018-09-04 19:00:00",3017,3570.9878361868,2764.45442529111,4377.52124708249,2337.50142784861,4804.47424452499
"2018-09-04 20:00:00",2385,2986.86825677984,2180.33484588415,3793.40166767553,1753.38184844165,4220.35466511804
"2018-09-04 21:00:00",2105,3546.48129923092,2739.94788833523,4353.01471012661,2312.99489089272,4779.96770756911
"2018-09-04 22:00:00",1351,3437.79618971221,2631.26277881652,4244.3296006079,2204.30978137401,4671.2825980504
"2018-09-04 23:00:00",921,1476.08887678193,669.555465886241,2282.62228767762,242.602468443738,2709.57528512013
"2018-09-05 00:00:00",522,713.541616047945,-92.9917948477457,1520.07502694364,-519.944792290248,1947.02802438614
"2018-09-05 01:00:00",304,499.69416797289,-306.839242922801,1306.22757886858,-733.792240365304,1733.18057631108
"2018-09-05 02:00:00",254,356.228057646955,-450.305353248736,1162.76146854265,-877.258350691238,1589.71446598515
"2018-09-05 03:00:00",323,437.74273603415,-368.790674861541,1244.27614692984,-795.743672304043,1671.22914437234
"2018-09-05 04:00:00",882,907.289609564374,100.756198668683,1713.82302046007,-326.19679877382,2140.77601790257
"2018-09-05 05:00:00",3013,2895.57292967036,2089.03951877466,3702.10634056605,1662.08652133216,4129.05933800855
"2018-09-05 06:00:00",5633,5830.8913912173,5024.35798032161,6637.42480211299,4597.40498287911,7064.3777995555
"2018-09-05 07:00:00",6668,6654.78628050491,5848.25286960922,7461.3196914006,5421.29987216672,7888.27268884311
"2018-09-05 08:00:00",6327,6437.47659618412,5630.94318528843,7244.01000707981,5203.99018784592,7670.96300452231
"2018-09-05 09:00:00",5237,5151.94968644593,4345.41627555024,5958.48309734162,3918.46327810774,6385.43609478413
"2018-09-05 10:00:00",4599,4509.12378228869,3702.59037139299,5315.65719318438,3275.63737395049,5742.61019062688
"2018-09-05 11:00:00",4635,4616.04114359506,3809.50773269936,5422.57455449075,3382.55473525686,5849.52755193325
"2018-09-05 12:00:00",5001,4798.79339913797,3992.25998824228,5605.32681003366,3565.30699079978,6032.27980747617
"2018-09-05 13:00:00",4781,4842.62433140493,4036.09092050924,5649.15774230062,3609.13792306674,6076.11073974312
"2018-09-05 14:00:00",4816,5277.21993788573,4470.68652699004,6083.75334878142,4043.73352954754,6510.70634622392
"2018-09-05 15:00:00",5661,5611.01303980577,4804.47962891008,6417.54645070146,4377.52663146758,6844.49944814397
"2018-09-05 16:00:00",6555,6787.21545704728,5980.68204615159,7593.74886794297,5553.72904870909,8020.70186538548
"2018-09-05 17:00:00",5938,6263.82610532326,5457.29269442757,7070.35951621895,5030.33969698507,7497.31251366145
"2018-09-05 18:00:00",4426,4471.46400261138,3664.93059171569,5277.99741350707,3237.97759427319,5704.95041094958
"2018-09-05 19:00:00",3414,3172.0094743572,2365.47606346151,3978.54288525289,1938.52306601901,4405.4958826954
"2018-09-05 20:00:00",3130,2885.48360213706,2078.95019124137,3692.01701303275,1651.99719379887,4118.97001047526
"2018-09-05 21:00:00",2532,2435.53753172327,1629.00412082758,3242.07094261896,1202.05112338508,3669.02394006146
"2018-09-05 22:00:00",1629,1657.88367471514,851.350263819449,2464.41708561083,424.397266376946,2891.37008305333
"2018-09-05 23:00:00",993,1077.75412798193,271.220717086234,1884.28753887762,-155.732280356268,2311.24053632012
"2018-09-06 00:00:00",570,530.000316953126,-276.533093942565,1336.53372784882,-703.486091385068,1763.48672529132
"2018-09-06 01:00:00",350,308.295815576482,-498.237595319209,1114.82922647217,-925.190592761712,1541.78222391468
"2018-09-06 02:00:00",281,214.993308469017,-591.540102426674,1021.52671936471,-1018.49309986918,1448.47971680721
"2018-09-06 03:00:00",337,322.798780181161,-483.73463071453,1129.33219107685,-910.687628157033,1556.28518851935
"2018-09-06 04:00:00",909,787.816429383741,-18.7169815119499,1594.34984027943,-445.669978954453,2021.30283772194
"2018-09-06 05:00:00",3036,2824.34825880478,2017.81484790909,3630.88166970047,1590.86185046659,4057.83466714297
"2018-09-06 06:00:00",5868,5676.96199827832,4870.42858738263,6483.49540917401,4443.47558994013,6910.44840661652
"2018-09-06 07:00:00",6526,6393.14098587547,5586.60757497978,7199.67439677116,5159.65457753728,7626.62739421366
"2018-09-06 08:00:00",5996,5871.18778135823,5064.65437046254,6677.72119225392,4637.70137302003,7104.67418969642
"2018-09-06 09:00:00",5328,5689.40720001353,4882.87378911784,6495.94061090922,4455.92079167534,6922.89360835173
"2018-09-06 10:00:00",4579,4734.35154127978,3927.81813038409,5540.88495217547,3500.86513294159,5967.83794961798
"2018-09-06 11:00:00",4727,4888.75808245333,4082.22467155764,5695.29149334902,3655.27167411514,6122.24449079152
"2018-09-06 12:00:00",4765,4875.41419038927,4068.88077949358,5681.94760128496,3641.92778205107,6108.90059872746
"2018-09-06 13:00:00",4853,4936.60418628786,4130.07077539217,5743.13759718355,3703.11777794967,6170.09059462605
"2018-09-06 14:00:00",4947,5246.40189507127,4439.86848417557,6052.93530596696,4012.91548673307,6479.88830340946
"2018-09-06 15:00:00",5786,5986.02970666922,5179.49629577353,6792.56311756491,4752.54329833103,7219.51611500742
"2018-09-06 16:00:00",6396,6914.98221650438,6108.44880560869,7721.51562740007,5681.49580816618,8148.46862484257
"2018-09-06 17:00:00",6008,6565.2574508171,5758.72403992141,7371.7908617128,5331.77104247891,7798.7438591553
"2018-09-06 18:00:00",4373,4825.46053325966,4018.92712236396,5631.99394415535,3591.97412492146,6058.94694159785
"2018-09-06 19:00:00",3382,3473.55948567565,2667.02607477995,4280.09289657134,2240.07307733745,4707.04589401384
"2018-09-06 20:00:00",3223,2857.82613488891,2051.29272399322,3664.35954578461,1624.33972655072,4091.31254322711
"2018-09-06 21:00:00",2712,2582.52666058351,1775.99324968782,3389.0600714792,1349.04025224532,3816.01306892171
"2018-09-06 22:00:00",2096,1823.45143265968,1016.91802176399,2629.98484355537,589.965024321483,3056.93784099787
"2018-09-06 23:00:00",1248,1071.21950988883,264.68609899314,1877.75292078452,-162.266898449363,2304.70591822702
"2018-09-07 00:00:00",550,898.860799270058,92.327388374367,1705.39421016575,-334.625609068136,2132.34720760825
"2018-09-07 01:00:00",417,640.847766859809,-165.685644035882,1447.3811777555,-592.638641478385,1874.334175198
"2018-09-07 02:00:00",307,544.456187264817,-262.077223630874,1350.98959816051,-689.030221073376,1777.94259560301
"2018-09-07 03:00:00",338,605.855383370512,-200.678027525179,1412.3887942662,-627.631024967682,1839.34179170871
"2018-09-07 04:00:00",892,1092.15629026336,285.622879367665,1898.68970115905,-141.330118074837,2325.64269860155
"2018-09-07 05:00:00",2942,2994.22265398862,2187.68924309293,3800.75606488431,1760.73624565042,4227.70906232681
"2018-09-07 06:00:00",5542,5626.45623829012,4819.92282739443,6432.98964918581,4392.96982995193,6859.94264662831
"2018-09-07 07:00:00",6675,6750.02328279353,5943.48987189784,7556.55669368922,5516.53687445534,7983.50969113172
"2018-09-07 08:00:00",5923,6023.51317329378,5216.97976239809,6830.04658418947,4790.02676495559,7256.99958163197
"2018-09-07 09:00:00",5061,5350.94330031658,4544.40988942089,6157.47671121227,4117.45689197839,6584.42970865478
"2018-09-07 10:00:00",4720,4985.19413933488,4178.66072843919,5791.72755023057,3751.70773099669,6218.68054767308
"2018-09-07 11:00:00",4700,5300.19922776938,4493.66581687369,6106.73263866507,4066.71281943119,6533.68563610758
"2018-09-07 12:00:00",5073,5414.27364383991,4607.74023294422,6220.8070547356,4180.78723550172,6647.76005217811
"2018-09-07 13:00:00",4832,5266.10858212804,4459.57517123235,6072.64199302373,4032.62217378984,6499.59499046623
"2018-09-07 14:00:00",5163,5495.07067661354,4688.53726571785,6301.60408750923,4261.58426827535,6728.55708495174
"2018-09-07 15:00:00",4831,6116.62966258916,5310.09625169347,6923.16307348485,4883.14325425097,7350.11607092736
"2018-09-07 16:00:00",6148,6816.18685492682,6009.65344403113,7622.72026582251,5582.70044658863,8049.67326326501
"2018-09-07 17:00:00",5426,5711.30014460365,4904.76673370796,6517.83355549934,4477.81373626546,6944.78655294184
"2018-09-07 18:00:00",4699,4256.58909435981,3450.05568346412,5063.12250525551,3023.10268602162,5490.07550269801
"2018-09-07 19:00:00",3734,2975.14506542042,2168.61165452473,3781.67847631612,1741.65865708223,4208.63147375862
"2018-09-07 20:00:00",3360,2487.08556765427,1680.55215675858,3293.61897854996,1253.59915931608,3720.57197599246
"2018-09-07 21:00:00",2803,2310.09936845595,1503.56595756026,3116.63277935164,1076.61296011775,3543.58577679414
"2018-09-07 22:00:00",2669,1975.17857066195,1168.64515976626,2781.71198155764,741.692162323752,3208.66497900014
"2018-09-07 23:00:00",1957,1428.84098301029,622.307572114597,2235.37439390598,195.354574672095,2662.32739134848
"2018-09-08 00:00:00",1131,888.545075270313,82.011664374622,1695.078486166,-344.941333067881,2122.03148360851
"2018-09-08 01:00:00",690,734.54712441024,-71.9862864854514,1541.08053530593,-498.939283927954,1968.03353274843
"2018-09-08 02:00:00",488,681.615133942561,-124.91827695313,1488.14854483825,-551.871274395633,1915.10154228075
"2018-09-08 03:00:00",393,567.113387004493,-239.420023891198,1373.64679790018,-666.373021333701,1800.59979534269
"2018-09-08 04:00:00",459,594.50309479466,-212.030316101031,1401.03650569035,-638.983313543534,1827.98950313285
"2018-09-08 05:00:00",830,758.080859881009,-48.4525510146823,1564.6142707767,-475.405548457185,1991.5672682192
"2018-09-08 06:00:00",1504,1205.18845587629,398.6550449806,2011.72186677198,-28.2979524619032,2438.67486421448
"2018-09-08 07:00:00",2063,1495.53955335218,689.006142456484,2302.07296424787,262.053145013982,2729.02596169037
"2018-09-08 08:00:00",3043,1651.16713955679,844.6337286611,2457.70055045248,417.680731218597,2884.65354789498
"2018-09-08 09:00:00",3588,1906.82828275581,1100.29487186012,2713.3616936515,673.341874417617,3140.314691094
"2018-09-08 10:00:00",4039,2204.6774767872,1398.14406589151,3011.21088768289,971.191068449003,3438.16388512539
"2018-09-08 11:00:00",4249,2303.83648407409,1497.3030731784,3110.36989496978,1070.3500757359,3537.32289241229
"2018-09-08 12:00:00",4690,2258.37364838351,1451.84023748782,3064.9070592792,1024.88724004532,3491.8600567217
"2018-09-08 13:00:00",4550,2079.50195807564,1272.96854717995,2886.03536897133,846.015549737445,3312.98836641383
"2018-09-08 14:00:00",4612,1960.64986689349,1154.1164559978,2767.18327778918,727.163458555297,3194.13627523168
"2018-09-08 15:00:00",4756,2036.91069581017,1230.37728491448,2843.44410670587,803.424287471981,3270.39710414837
"2018-09-08 16:00:00",4848,1591.752636614,785.219225718308,2398.28604750969,358.266228275806,2825.23904495219
"2018-09-08 17:00:00",4125,1664.22641131996,857.693000424272,2470.75982221565,430.74000298177,2897.71281965816
"2018-09-08 18:00:00",3745,1215.06693654306,408.533525647364,2021.60034743875,-18.4194717951386,2448.55334488125
"2018-09-08 19:00:00",3399,1051.603811375,245.070400479312,1858.13722227069,-181.882596963191,2285.0902197132
"2018-09-08 20:00:00",3245,742.519021555025,-64.0143893406663,1549.05243245072,-490.967386783169,1976.00542989322
"2018-09-08 21:00:00",2814,910.736766210469,104.203355314778,1717.27017710616,-322.749642127725,2144.22317454866
"2018-09-08 22:00:00",2478,826.465353042349,19.9319421466581,1632.99876393804,-407.021055295845,2059.95176138054
"2018-09-08 23:00:00",1916,870.532491156248,63.9990802605571,1677.06590205194,-362.953917181946,2104.01889949444
"2018-09-09 00:00:00",1286,707.073350473884,-99.460060421807,1513.60676136957,-526.41305786431,1940.55975881208
"2018-09-09 01:00:00",794,640.301581707001,-166.23182918869,1446.83499260269,-593.184826631193,1873.78799004519
"2018-09-09 02:00:00",620,540.932308791119,-265.601102104572,1347.46571968681,-692.554099547075,1774.41871712931
"2018-09-09 03:00:00",345,444.243127696155,-362.290283199536,1250.77653859185,-789.243280642039,1677.72953603435
"2018-09-09 04:00:00",353,501.944088874087,-304.589322021605,1308.47749976978,-731.542319464107,1735.43049721228
"2018-09-09 05:00:00",541,586.833690815633,-219.699720080058,1393.36710171132,-646.65271752256,1820.32009915383
"2018-09-09 06:00:00",1140,763.04677219492,-43.4866387007708,1569.58018309061,-470.439636143273,1996.53318053311
"2018-09-09 07:00:00",1806,776.759522776572,-29.7738881191195,1583.29293367226,-456.726885561622,2010.24593111477
"2018-09-09 08:00:00",2224,900.38703343074,93.8536225350491,1706.92044432643,-333.099374907453,2133.87344176893
"2018-09-09 09:00:00",3449,1210.35542000182,403.822009106131,2016.88883089751,-23.130988336372,2443.84182834002
"2018-09-09 10:00:00",4322,1672.34411186768,865.810700971988,2478.87752276337,438.857703529485,2905.83052020587
"2018-09-09 11:00:00",4273,1925.1275786466,1118.59416775091,2731.66098954229,691.641170308406,3158.61398698479
"2018-09-09 12:00:00",3990,2138.50984170053,1331.97643080484,2945.04325259622,905.023433362337,3371.99625003872
"2018-09-09 13:00:00",3993,2383.57764071704,1577.04422982135,3190.11105161273,1150.09123237885,3617.06404905523
"2018-09-09 14:00:00",3852,2485.76655121288,1679.23314031719,3292.29996210857,1252.28014287468,3719.25295955107
"2018-09-09 15:00:00",3888,2305.60972082683,1499.07630993114,3112.14313172252,1072.12331248863,3539.09612916502
"2018-09-09 16:00:00",4126,2269.27319839387,1462.73978749818,3075.80660928956,1035.78679005568,3502.75960673207
"2018-09-09 17:00:00",3959,1992.56648260339,1186.0330717077,2799.09989349908,759.080074265199,3226.05289094159
"2018-09-09 18:00:00",3692,1828.7684388633,1022.23502796761,2635.30184975899,595.282030525104,3062.25484720149
"2018-09-09 19:00:00",3258,1613.16141867815,806.628007782461,2419.69482957384,379.675010339958,2846.64782701635
"2018-09-09 20:00:00",2755,1839.28029279568,1032.74688189999,2645.81370369137,605.793884457484,3072.76670113387
"2018-09-09 21:00:00",2140,3014.11757473279,2207.5841638371,3820.65098562848,1780.6311663946,4247.60398307099
"2018-09-09 22:00:00",1534,1371.22457861156,564.691167715873,2177.75798950726,137.73817027337,2604.71098694976
"2018-09-09 23:00:00",996,1008.2863589151,201.752948019414,1814.8197698108,-225.200049423089,2241.7727672533
"2018-09-10 00:00:00",534,50.70823527395,-755.825175621741,857.241646169641,-1182.77817306424,1284.19464361214
"2018-09-10 01:00:00",303,-89.1780437014829,-895.711454597174,717.355367194208,-1322.66445203968,1144.30836463671
"2018-09-10 02:00:00",286,-110.275183957927,-916.808594853619,696.258226937764,-1343.76159229612,1123.21122438027
"2018-09-10 03:00:00",329,-24.5315488671625,-831.064959762854,782.001862028529,-1258.01795720536,1208.95485947103
"2018-09-10 04:00:00",861,414.673320661629,-391.860090234063,1221.20673155732,-818.813087676565,1648.15972899982
"2018-09-10 05:00:00",2963,1847.43571614864,1040.90230525295,2653.96912704433,613.949307810447,3080.92212448683
"2018-09-10 06:00:00",5721,3983.9885107106,3177.45509981491,4790.52192160629,2750.50210237241,5217.47491904879
"2018-09-10 07:00:00",6561,4551.17727641611,3744.64386552042,5357.7106873118,3317.69086807791,5784.6636847543
"2018-09-10 08:00:00",6009,4030.75782463863,3224.22441374294,4837.29123553432,2797.27141630043,5264.24423297682
"2018-09-10 09:00:00",5236,3561.541637001,2755.0082261053,4368.07504789669,2328.0552286628,4795.02804533919
"2018-09-10 10:00:00",4201,3110.54769038918,2304.01427949349,3917.08110128488,1877.06128205099,4344.03409872738
"2018-09-10 11:00:00",4498,3402.99501245375,2596.46160155806,4209.52842334944,2169.50860411556,4636.48142079194
"2018-09-10 12:00:00",4724,3646.33627478388,2839.80286388819,4452.86968567957,2412.84986644568,4879.82268312207
"2018-09-10 13:00:00",4462,3577.92679556112,2771.39338466543,4384.46020645681,2344.44038722293,4811.41320389932
"2018-09-10 14:00:00",5016,3840.46339278039,3033.9299818847,4646.99680367608,2606.9769844422,5073.94980111859
"2018-09-10 15:00:00",5688,4487.00257446683,3680.46916357114,5293.53598536252,3253.51616612864,5720.48898280502
"2018-09-10 16:00:00",6344,5281.61775227061,4475.08434137491,6088.1511631663,4048.13134393241,6515.1041606088
"2018-09-10 17:00:00",5857,5025.41526402216,4218.88185312647,5831.94867491786,3791.92885568397,6258.90167236036
"2018-09-10 18:00:00",4245,3507.9871831249,2701.45377222921,4314.52059402059,2274.5007747867,4741.47359146309
"2018-09-10 19:00:00",3184,2445.81235702729,1639.2789461316,3252.34576792298,1212.32594868909,3679.29876536548
"2018-09-10 20:00:00",2732,2056.25698823754,1249.72357734185,2862.79039913323,822.770579899349,3289.74339657574
"2018-09-10 21:00:00",2235,1619.32083716052,812.787426264826,2425.85424805621,385.834428822324,2852.80724549871
"2018-09-10 22:00:00",1389,1010.35243514275,203.81902424706,1816.88584603844,-223.133973195442,2243.83884348095
"2018-09-10 23:00:00",887,540.073518801052,-266.459892094639,1346.60692969674,-693.412889537142,1773.55992713925
"2018-09-11 00:00:00",516,745.07062994836,-61.4627809473308,1551.60404084405,-488.415778389833,1978.55703828655
"2018-09-11 01:00:00",330,542.903921829123,-263.629489066568,1349.43733272481,-690.58248650907,1776.39033016732
"2018-09-11 02:00:00",265,488.043593686321,-318.48981720937,1294.57700458201,-745.442814651872,1721.53000202452
"2018-09-11 03:00:00",332,552.137449053947,-254.395961841745,1358.67085994964,-681.348959284247,1785.62385739214
"2018-09-11 04:00:00",891,1119.91559314478,313.382182249088,1926.44900404047,-113.570815193415,2353.40200148297
"2018-09-11 05:00:00",3055,3034.67828441901,2228.14487352332,3841.2116953147,1801.19187608082,4268.1646927572
"2018-09-11 06:00:00",5927,5703.50070191424,4896.96729101854,6510.03411280993,4470.01429357604,6936.98711025243
"2018-09-11 07:00:00",6496,6397.9087014428,5591.37529054711,7204.44211233849,5164.42229310461,7631.39510978099
"2018-09-11 08:00:00",6123,6080.28050891284,5273.74709801715,6886.81391980853,4846.79410057465,7313.76691725103
"2018-09-11 09:00:00",5471,5766.20248987619,4959.66907898049,6572.73590077188,4532.71608153799,6999.68889821438
"2018-09-11 10:00:00",4257,4572.23510408653,3765.70169319084,5378.76851498222,3338.74869574833,5805.72151242472
"2018-09-11 11:00:00",5074,4782.29729237402,3975.76388147833,5588.83070326971,3548.81088403582,6015.78370071221
"2018-09-11 12:00:00",4734,5066.15635720279,4259.6229463071,5872.68976809848,3832.6699488646,6299.64276554099
"2018-09-11 13:00:00",4875,5010.4943668983,4203.96095600261,5817.02777779399,3777.0079585601,6243.98077523649
"2018-09-11 14:00:00",4922,5322.49896767705,4515.96555678136,6129.03237857274,4089.01255933886,6555.98537601524
"2018-09-11 15:00:00",5636,5935.60180299008,5129.06839209439,6742.13521388577,4702.11539465189,7169.08821132828
"2018-09-11 16:00:00",6601,6748.03917212436,5941.50576122867,7554.57258302005,5514.55276378617,7981.52558046255
"2018-09-11 17:00:00",5859,6358.59175391708,5552.05834302138,7165.12516481277,5125.10534557888,7592.07816225527
"2018-09-11 18:00:00",4372,4911.68510101126,4105.15169011557,5718.21851190695,3678.19869267306,6145.17150934945
"2018-09-11 19:00:00",3427,3570.37744182309,2763.8440309274,4376.91085271878,2336.8910334849,4803.86385016129
"2018-09-11 20:00:00",3114,2986.13674089522,2179.60332999953,3792.67015179091,1752.65033255703,4219.62314923341
"2018-09-11 21:00:00",2501,3565.66964283572,2759.13623194003,4372.20305373141,2332.18323449752,4799.15605117391
"2018-09-11 22:00:00",1860,3446.40212518012,2639.86871428443,4252.93553607581,2212.91571684193,4679.88853351831
"2018-09-11 23:00:00",2682,1495.16264597506,688.629235079366,2301.69605687075,261.676237636863,2728.64905431325
"2018-09-12 00:00:00",750,732.604909866289,-73.9285010294024,1539.13832076198,-500.881498471905,1966.09131820448
"2018-09-12 01:00:00",344,518.715560292106,-287.817850603585,1325.2489711878,-714.770848046088,1752.2019686303
"2018-09-12 02:00:00",314,375.222606818293,-431.310804077398,1181.75601771398,-858.263801519901,1608.70901515649
"2018-09-12 03:00:00",371,456.701276104676,-349.832134791015,1263.23468700037,-776.785132233518,1690.18768444287
"2018-09-12 04:00:00",937,926.197082182838,119.663671287147,1732.73049307853,-307.289326155356,2159.68349052103
"2018-09-12 05:00:00",3085,2914.4607609611,2107.92735006541,3720.99417185679,1680.97435262291,4147.9471692993
"2018-09-12 06:00:00",5908,5847.42614579471,5040.89273489902,6653.9595566904,4613.93973745651,7080.9125541329
"2018-09-12 07:00:00",6677,6673.64661393686,5867.11320304117,7480.18002483255,5440.16020559867,7907.13302227505
"2018-09-12 08:00:00",6297,6432.34066821595,5625.80725732026,7238.87407911164,5198.85425987775,7665.82707655414
"2018-09-12 09:00:00",5551,5120.59370017289,4314.0602892772,5927.12711106858,3887.10729183469,6354.08010851108
"2018-09-12 10:00:00",4499,4494.27956491448,3687.74615401879,5300.81297581017,3260.79315657629,5727.76597325267
"2018-09-12 11:00:00",4598,4615.2153493374,3808.68193844171,5421.74876023309,3381.7289409992,5848.70175767559
"2018-09-12 12:00:00",4759,4818.02953664022,4011.49612574453,5624.56294753591,3584.54312830202,6051.51594497841
"2018-09-12 13:00:00",4733,4861.96587736591,4055.43246647022,5668.49928826161,3628.47946902772,6095.45228570411
"2018-09-12 14:00:00",5056,5286.11591029291,4479.58249939722,6092.64932118861,4052.62950195472,6519.60231863111
"2018-09-12 15:00:00",5739,5619.96531735241,4813.43190645672,6426.4987282481,4386.47890901422,6853.4517256906
"2018-09-12 16:00:00",6450,6796.19326831995,5989.65985742426,7602.72667921564,5562.70685998176,8029.67967665814
"2018-09-12 17:00:00",6245,6283.30775942195,5476.77434852626,7089.84117031764,5049.82135108376,7516.79416776015
"2018-09-12 18:00:00",4668,4485.79059458969,3679.257183694,5292.32400548538,3252.3041862515,5719.27700292788
"2018-09-12 19:00:00",3510,3186.26666697758,2379.73325608189,3992.80007787327,1952.78025863939,4419.75307531578
"2018-09-12 20:00:00",3064,2903.63387760945,2097.10046671376,3710.16728850514,1670.14746927126,4137.12028594764
"2018-09-12 21:00:00",2705,2453.57519691675,1647.04178602106,3260.10860781244,1220.08878857856,3687.06160525495
"2018-09-12 22:00:00",1813,1675.87027245656,869.336861560872,2482.40368335225,442.383864118369,2909.35668079476
"2018-09-12 23:00:00",2842,1096.76308079359,290.229669897897,1903.29649168928,-136.723327544606,2330.24948913178
"2018-09-13 00:00:00",699,548.973260663976,-257.560150231715,1355.50667155967,-684.513147674218,1782.45966900217
"2018-09-13 01:00:00",413,327.221620100814,-479.311790794877,1133.7550309965,-906.26478823738,1560.70802843901
"2018-09-13 02:00:00",332,233.888996290851,-572.64441460484,1040.42240718654,-999.597412047343,1467.37540462904
"2018-09-13 03:00:00",383,341.657149480335,-464.876261415356,1148.19056037603,-891.829258857859,1575.14355781853
"2018-09-13 04:00:00",914,806.604089903138,0.0706790074468699,1613.13750079883,-426.882318435056,2040.09049824133
"2018-09-13 05:00:00",3052,2843.13460990233,2036.60119900664,3649.66802079802,1609.64820156413,4076.62101824052
"2018-09-13 06:00:00",5830,5695.72739862631,4889.19398773062,6502.260809522,4462.24099028811,6929.2138069645
"2018-09-13 07:00:00",6433,6411.88412605205,5605.35071515635,7218.41753694774,5178.39771771385,7645.37053439024
"2018-09-13 08:00:00",6162,5888.87190265283,5082.33849175713,6695.40531354852,4655.38549431463,7122.35831099102
"2018-09-13 09:00:00",5092,5703.1975837452,4896.66417284951,6509.73099464089,4469.711175407,6936.68399208339
"2018-09-13 10:00:00",4584,4753.36704120068,3946.83363030499,5559.90045209637,3519.88063286249,5986.85344953888
"2018-09-13 11:00:00",4767,4897.40330057667,4090.86988968098,5703.93671147237,3663.91689223848,6130.88970891487
"2018-09-13 12:00:00",4851,4889.56793868367,4083.03452778798,5696.10134957936,3656.08153034548,6123.05434702187
"2018-09-13 13:00:00",4826,4945.43992529005,4138.90651439436,5751.97333618574,3711.95351695186,6178.92633362824
"2018-09-13 14:00:00",5014,5245.87333957304,4439.33992867735,6052.40675046873,4012.38693123485,6479.35974791123
"2018-09-13 15:00:00",5617,5994.99245959064,5188.45904869495,6801.52587048633,4761.50605125245,7228.47886792883
"2018-09-13 16:00:00",6514,6914.52044152039,6107.9870306247,7721.05385241608,5681.03403318219,8148.00684985858
"2018-09-13 17:00:00",5701,6574.233297957,5767.69988706131,7380.76670885269,5340.74688961881,7807.71970629519
"2018-09-13 18:00:00",4443,4834.4213220483,4027.88791115261,5640.95473294399,3600.93491371011,6067.9077303865
"2018-09-13 19:00:00",3669,3482.46658816854,2675.93317727284,4288.99999906423,2248.98017983034,4715.95299650673
"2018-09-13 20:00:00",3282,2866.61604412643,2060.08263323074,3673.14945502212,1633.12963578824,4100.10245246463
"2018-09-13 21:00:00",2676,2595.87789041722,1789.34447952153,3402.41130131291,1362.39148207902,3829.36429875541
"2018-09-13 22:00:00",1921,1839.19232627927,1032.65891538358,2645.72573717496,605.705917941076,3072.67873461746
"2018-09-13 23:00:00",1167,1077.47957046356,270.946159567872,1884.01298135925,-156.006837874631,2310.96597880176
"2018-09-14 00:00:00",603,907.431380348082,100.897969452391,1713.96479124377,-326.055027990111,2140.91778868628
"2018-09-14 01:00:00",376,659.898621170599,-146.634789725092,1466.43203206629,-573.587787167595,1893.38502950879
"2018-09-14 02:00:00",333,563.494602068054,-243.038808827637,1370.02801296374,-669.99180627014,1796.98101040625
"2018-09-14 03:00:00",377,624.867609736794,-181.665801158897,1431.40102063248,-608.6187986014,1858.35401807499
"2018-09-14 04:00:00",892,1088.8386205765,282.305209680805,1895.37203147219,-144.647787761697,2322.32502891469
"2018-09-14 05:00:00",2899,3002.71336033393,2196.17994943824,3809.24677122962,1769.22695199574,4236.19976867213
"2018-09-14 06:00:00",5569,5634.94105223712,4828.40764134143,6441.47446313281,4401.45464389892,6868.42746057531
"2018-09-14 07:00:00",6728,6745.03073651769,5938.497325622,7551.56414741338,5511.54432817949,7978.51714485588
"2018-09-14 08:00:00",5934,6022.5714952026,5216.03808430691,6829.10490609829,4789.0850868644,7256.05790354079
"2018-09-14 09:00:00",5025,5322.04972748117,4515.51631658548,6128.58313837686,4088.56331914297,6555.53613581936
"2018-09-14 10:00:00",4566,5004.29409696496,4197.76068606927,5810.82750786065,3770.80768862677,6237.78050530316
"2018-09-14 11:00:00",4836,5299.47098543938,4492.93757454369,6106.00439633507,4065.98457710119,6532.95739377757
"2018-09-14 12:00:00",5019,5413.62396682077,4607.09055592508,6220.15737771646,4180.13755848258,6647.11037515897
"2018-09-14 13:00:00",4830,5265.56104001302,4459.02762911733,6072.09445090871,4032.07463167483,6499.04744835121
"2018-09-14 14:00:00",5231,5494.56961897412,4688.03620807843,6301.10302986981,4261.08321063593,6728.05602731232
"2018-09-14 15:00:00",5953,6125.623186924,5319.08977602831,6932.1565978197,4892.13677858581,7359.1095952622
"2018-09-14 16:00:00",6196,6815.7709097075,6009.23749881181,7622.30432060319,5582.28450136931,8049.25731804569
"2018-09-14 17:00:00",5358,5710.89794831373,4904.36453741804,6517.43135920942,4477.41153997554,6944.38435665193
"2018-09-14 18:00:00",4687,4256.1731491405,3449.6397382448,5062.70656003619,3022.6867408023,5489.65955747869
"2018-09-14 19:00:00",3880,2984.07770163935,2177.54429074365,3790.61111253504,1750.59129330115,4217.56410997754
"2018-09-14 20:00:00",3329,2501.30675117384,1694.77334027814,3307.84016206953,1267.82034283564,3734.79315951203
"2018-09-14 21:00:00",3169,2318.82511602293,1512.29170512724,3125.35852691862,1085.33870768473,3552.31152436112
"2018-09-14 22:00:00",2810,1994.39637625832,1187.86296536263,2800.92978715401,760.909967920128,3227.88278459652
"2018-09-14 23:00:00",2024,1448.04307554449,641.5096646488,2254.57648644018,214.556667206297,2681.52948388268
"2018-09-15 00:00:00",1179,887.758563668087,81.225152772396,1694.29197456378,-345.727844670107,2121.24497200628
"2018-09-15 01:00:00",808,748.567966387103,-57.9654445085883,1555.10137728279,-484.918441951091,1982.0543747253
"2018-09-15 02:00:00",584,700.737351744052,-105.796059151639,1507.27076263974,-532.749056594142,1934.22376008225
"2018-09-15 03:00:00",428,586.229712407669,-220.303698488022,1392.76312330336,-647.256695930525,1819.71612074586
"2018-09-15 04:00:00",502,613.595195893653,-192.938215002038,1420.12860678934,-619.891212444541,1847.08160423185
"2018-09-15 05:00:00",871,777.156593206906,-29.3768176887855,1583.6900041026,-456.329815131288,2010.6430015451
"2018-09-15 06:00:00",1469,1224.24978556186,417.716374666171,2030.78319645755,-9.23662277633139,2457.73619390006
"2018-09-15 07:00:00",2117,1507.10191015695,700.568499261262,2313.63532105264,273.61550181876,2740.58831849515
"2018-09-15 08:00:00",3442,1659.69843797938,853.165027083692,2466.23184887507,426.21202964119,2893.18484631758
"2018-09-15 09:00:00",3999,1925.96883246317,1119.43542156748,2732.50224335886,692.482424124977,3159.45524080136
"2018-09-15 10:00:00",4448,2204.00030190926,1397.46689101356,3010.53371280495,970.513893571062,3437.48671024745
"2018-09-15 11:00:00",4772,2312.74293185606,1506.20952096037,3119.27634275175,1079.25652351786,3546.22934019425
"2018-09-15 12:00:00",4990,2272.78993575839,1466.2565248627,3079.32334665408,1039.30352742019,3506.27634409658
"2018-09-15 13:00:00",4848,2088.63689997003,1282.10348907434,2895.17031086572,855.150491631839,3322.12330830823
"2018-09-15 14:00:00",4343,1960.38777874128,1153.85436784559,2766.92118963697,726.901370403086,3193.87418707947
"2018-09-15 15:00:00",4296,2046.15039145239,1239.6169805567,2852.68380234808,812.663983114194,3279.63679979058
"2018-09-15 16:00:00",4219,1601.00477176377,794.471360868075,2407.53818265946,367.518363425572,2834.49118010196
"2018-09-15 17:00:00",3953,1678.87250222912,872.339091333425,2485.40591312481,445.386093890922,2912.35891056731
"2018-09-15 18:00:00",3826,1229.67112595308,423.13771505739,2036.20453684877,-3.81528238511328,2463.15753429127
"2018-09-15 19:00:00",3455,1071.26812982145,264.734718925762,1877.80154071714,-162.218278516741,2304.75453815965
"2018-09-15 20:00:00",3208,760.899755272613,-45.633655623078,1567.4331661683,-472.586653065581,1994.38616361081
"2018-09-15 21:00:00",3055,930.059980265586,123.526569369895,1736.59339116128,-303.426428072608,2163.54638860378
"2018-09-15 22:00:00",2741,845.719822450461,39.1864115547696,1652.25323334615,-387.766585887733,2079.20623078865
"2018-09-15 23:00:00",2123,889.762081549253,83.2286706535618,1696.29549244494,-343.724326788941,2123.24848988745
"2018-09-16 00:00:00",1353,726.285918382868,-80.2474925128228,1532.81932927856,-507.200489955325,1959.77232672106
"2018-09-16 01:00:00",786,659.484032913488,-147.049377982203,1466.01744380918,-574.002375424706,1892.97044125168
"2018-09-16 02:00:00",607,560.092499826194,-246.440911069497,1366.62591072189,-673.393908511999,1793.57890816439
"2018-09-16 03:00:00",401,463.380403848895,-343.153007046796,1269.91381474459,-770.106004489299,1696.86681218709
"2018-09-16 04:00:00",313,521.042737082318,-285.490673813373,1327.57614797801,-712.443671255875,1754.52914542051
"2018-09-16 05:00:00",467,581.904651499405,-224.628759396286,1388.4380623951,-651.581756838789,1815.3910598376
"2018-09-16 06:00:00",850,762.155506844876,-44.377904050815,1568.68891774057,-471.330901493318,1995.64191518307
"2018-09-16 07:00:00",1302,785.283619379002,-21.2497915166895,1591.81703027469,-448.202788959192,2018.7700277172
"2018-09-16 08:00:00",2090,919.428067077672,112.894656181981,1725.96147797336,-314.058341260522,2152.91447541587
"2018-09-16 09:00:00",3039,1218.98885332854,412.455442432846,2025.52226422423,-14.4975550096567,2452.47526166673
"2018-09-16 10:00:00",3278,1681.08950076237,874.556089866684,2487.62291165807,447.603092424181,2914.57590910057
"2018-09-16 11:00:00",4352,1939.43256516442,1132.89915426873,2745.96597606011,705.946156826226,3172.91897350261
"2018-09-16 12:00:00",3978,2158.02750490004,1351.49409400434,2964.56091579573,924.541096561841,3391.51391323823
"2018-09-16 13:00:00",3935,2392.64514738628,1586.11173649058,3199.17855828197,1159.15873904808,3626.13155572447
"2018-09-16 14:00:00",3829,2494.91000434928,1688.37659345359,3301.44341524497,1261.42359601109,3728.39641268748
"2018-09-16 15:00:00",4101,2314.76233991617,1508.22892902048,3121.29575081186,1081.27593157797,3548.24874825436
"2018-09-16 16:00:00",4539,2278.44873236555,1471.91532146985,3084.98214326124,1044.96232402735,3511.93514070374
"2018-09-16 17:00:00",4154,2012.25371593218,1205.72030503649,2818.78712682787,778.767307593985,3245.74012427037
"2018-09-16 18:00:00",3701,1843.2842422986,1036.75083140291,2649.81765319429,609.797833960408,3076.7706506368
"2018-09-16 19:00:00",3400,1631.65214383095,825.118732935258,2438.18555472664,398.165735492755,2865.13855216914
"2018-09-16 20:00:00",3092,1858.70302291122,1052.16961201553,2665.23643380691,625.216614573029,3092.18943124942
"2018-09-16 21:00:00",2623,3032.33855898496,2225.80514808927,3838.87196988065,1798.85215064676,4265.82496732315
"2018-09-16 22:00:00",1725,1389.37681821672,582.843407321033,2195.91022911241,155.89040987853,2622.86322655492
"2018-09-16 23:00:00",1088,1027.49041558208,220.957004686388,1834.02382647777,-205.995992756115,2260.97682392027
"2018-09-17 00:00:00",550,69.8559868014718,-736.677424094219,876.389397697163,-1163.63042153672,1303.34239513967
"2018-09-17 01:00:00",280,-70.0558258999918,-876.589236795683,736.477584995699,-1303.54223423819,1163.4305824382
"2018-09-17 02:00:00",260,-91.1771904606193,-897.71060135631,715.356220435072,-1324.66359879881,1142.30921787757
"2018-09-17 03:00:00",344,-25.388114538242,-831.921525433933,781.145296357449,-1258.87452287644,1208.09829379995
"2018-09-17 04:00:00",880,409.761958540344,-396.771452355347,1216.29536943604,-823.72444979785,1643.24836687854
"2018-09-17 05:00:00",2965,1855.98600118803,1049.45259029233,2662.51941208372,622.499592849832,3089.47240952622
"2018-09-17 06:00:00",5667,3992.50933375841,3185.97592286272,4799.0427446541,2759.02292542022,5225.9957420966
"2018-09-17 07:00:00",6533,4564.99646742842,3758.46305653273,5371.52987832411,3331.51005909023,5798.48287576662
"2018-09-17 08:00:00",6070,4039.21383130498,3232.68042040928,4845.74724220067,2805.72742296678,5272.70023964317
"2018-09-17 09:00:00",5145,3580.56368403114,2774.03027313544,4387.09709492683,2347.07727569294,4814.05009236933
"2018-09-17 10:00:00",4201,3128.54279937262,2322.00938847693,3935.07621026831,1895.05639103442,4362.02920771081
"2018-09-17 11:00:00",4371,3421.06541319343,2614.53200229774,4227.59882408912,2187.57900485523,4654.55182153162
"2018-09-17 12:00:00",4533,3655.02077556265,2848.48736466696,4461.55418645834,2421.53436722446,4888.50718390085
"2018-09-17 13:00:00",4680,3573.13720967168,2766.60379877599,4379.67062056737,2339.65080133348,4806.62361800987
"2018-09-17 14:00:00",4930,3811.54494092987,3005.01153003418,4618.07835182556,2578.05853259168,5045.03134926807
"2018-09-17 15:00:00",5327,4454.85615783291,3648.32274693722,5261.3895687286,3221.36974949472,5688.34256617111
"2018-09-17 16:00:00",6354,5243.74460056069,4437.211189665,6050.27801145638,4010.2581922225,6477.23100889888
"2018-09-17 17:00:00",5412,5000.72530129244,4194.19189039675,5807.25871218814,3767.23889295425,6234.21170963064
"2018-09-17 18:00:00",4000,3503.1332497983,2696.59983890261,4309.66666069399,2269.64684146011,4736.61965813649
"2018-09-17 19:00:00",2897,2451.17388319951,1644.64047230382,3257.7072940952,1217.68747486132,3684.66029153771
"2018-09-17 20:00:00",2466,2047.63610104966,1241.10269015397,2854.16951194535,814.14969271147,3281.12250938786
"2018-09-17 21:00:00",2090,1609.14558464461,802.612173748916,2415.6789955403,375.659176306413,2842.6319929828
"2018-09-17 22:00:00",1434,1016.09592879856,209.562517902864,1822.62933969425,-217.390479539638,2249.58233713675
"2018-09-17 23:00:00",869,558.668694308833,-247.864716586858,1365.20210520452,-674.817714029361,1792.15510264703
"2018-09-18 00:00:00",536,737.291588327576,-69.241822568115,1543.82499922327,-496.194820010618,1970.77799666577
"2018-09-18 01:00:00",351,517.137605831413,-289.395805064278,1323.6710167271,-716.34880250678,1750.62401416961
"2018-09-18 02:00:00",227,466.424113710545,-340.109297185146,1272.95752460624,-767.062294627649,1699.91052204874
"2018-09-18 03:00:00",340,534.955464462068,-271.577946433623,1341.48887535776,-698.530943876126,1768.44187280026
"2018-09-18 04:00:00",858,1066.28916312233,259.755752226638,1872.82257401802,-167.197245215864,2299.77557146052
"2018-09-18 05:00:00",3027,3018.19828734464,2211.66487644895,3824.73169824033,1784.71187900644,4251.68469568283
"2018-09-18 06:00:00",5642,5675.41928243677,4868.88587154108,6481.95269333246,4441.93287409857,6908.90569077496
"2018-09-18 07:00:00",6516,6390.17483487576,5583.64142398007,7196.70824577145,5156.68842653757,7623.66124321396
"2018-09-18 08:00:00",5873,6070.74960948259,5264.2161985869,6877.28302037828,4837.2632011444,7304.23601782079
"2018-09-18 09:00:00",5123,5736.89121147135,4930.35780057566,6543.42462236704,4503.40480313315,6970.37761980954
"2018-09-18 10:00:00",4527,4557.34584161284,3750.81243071715,5363.87925250853,3323.85943327465,5790.83224995104
"2018-09-18 11:00:00",4593,4773.33814985608,3966.80473896039,5579.87156075177,3539.85174151788,6006.82455819427
"2018-09-18 12:00:00",4725,5060.80895760621,4254.27554671052,5867.34236850191,3827.32254926802,6294.29536594441
"2018-09-18 13:00:00",4737,5002.83513737658,4196.30172648089,5809.36854827227,3769.34872903839,6236.32154571477
"2018-09-18 14:00:00",4931,5317.24519174259,4510.71178084689,6123.77860263828,4083.75878340439,6550.73160008078
"2018-09-18 15:00:00",5623,5930.37159664888,5123.83818575318,6736.90500754457,4696.88518831068,7163.85800498707
"2018-09-18 16:00:00",6623,6742.810275205,5936.27686430931,7549.34368610069,5509.32386686681,7976.29668354319
"2018-09-18 17:00:00",5916,6353.34976277924,5546.81635188355,7159.88317367493,5119.86335444105,7586.83617111743
"2018-09-18 18:00:00",4423,4904.05926174666,4097.52585085097,5710.59267264235,3670.57285340846,6137.54567008485
"2018-09-18 19:00:00",3309,3562.73654420724,2756.20313331155,4369.26995510294,2329.25013586905,4796.22295254544
"2018-09-18 20:00:00",2805,2978.47947550628,2171.94606461058,3785.01288640197,1744.99306716808,4211.96588384447
"2018-09-18 21:00:00",2400,3560.35039580887,2753.81698491318,4366.88380670456,2326.86398747067,4793.83680414706
"2018-09-18 22:00:00",2631,3438.70295829205,2632.16954739635,4245.23636918774,2205.21654995385,4672.18936663024
"2018-09-18 23:00:00",1501,1489.8348877062,683.301476810504,2296.36829860189,256.348479368002,2723.32129604439
"2018-09-19 00:00:00",617,724.922765462236,-81.6106454334548,1531.45617635793,-508.563642875957,1958.40917380043
"2018-09-19 01:00:00",401,495.848620933207,-310.684789962484,1302.3820318289,-737.637787404987,1729.3350292714
"2018-09-19 02:00:00",282,352.357631592165,-454.175779303526,1158.89104248786,-881.128776746029,1585.84403993036
"2018-09-19 03:00:00",358,448.993597974592,-357.539812921099,1255.52700887028,-784.492810363601,1682.48000631279
"2018-09-19 04:00:00",913,920.839207211479,114.305796315788,1727.37261810717,-312.647201126715,2154.32561554967
"2018-09-19 05:00:00",3074,2909.09044648219,2102.5570355865,3715.62385737788,1675.604038144,4142.57685482038
"2018-09-19 06:00:00",5803,5842.04928420656,5035.51587331086,6648.58269510225,4608.56287586836,7075.53569254475
"2018-09-19 07:00:00",6510,6665.90161728412,5859.36820638843,7472.43502817981,5432.41520894592,7899.38802562231
"2018-09-19 08:00:00",6101,6426.94678414378,5620.41337324809,7233.48019503947,5193.46037580558,7660.43319248197
"2018-09-19 09:00:00",5331,5112.83560930167,4306.30219840598,5919.36902019736,3879.34920096347,6346.32201763986
"2018-09-19 10:00:00",4266,4486.51492693402,3679.98151603833,5293.04833782971,3253.02851859583,5720.00133527221
"2018-09-19 11:00:00",4567,4577.25184751999,3770.7184366243,5383.78525841568,3343.7654391818,5810.73825585818
"2018-09-19 12:00:00",4734,4797.07928876521,3990.54587786952,5603.6126996609,3563.59288042702,6030.5656971034
"2018-09-19 13:00:00",4675,4853.40383742199,4046.8704265263,5659.93724831768,3619.9174290838,6086.89024576019
"2018-09-19 14:00:00",4980,5278.42983762332,4471.89642672763,6084.96324851901,4044.94342928512,6511.91624596151
"2018-09-19 15:00:00",5718,5614.66440223143,4808.13099133574,6421.19781312712,4381.17799389323,6848.15081056962
"2018-09-19 16:00:00",6382,6790.9316358544,5984.39822495871,7597.46504675009,5557.4452275162,8024.41804419259
"2018-09-19 17:00:00",5647,6274.41605212917,5467.88264123348,7080.94946302486,5040.92964379098,7507.90246046736
"2018-09-19 18:00:00",4469,4478.11958027134,3671.58616937565,5284.65299116703,3244.63317193315,5711.60598860954
"2018-09-19 19:00:00",3460,3180.92254093562,2374.38913003993,3987.45595183131,1947.43613259743,4414.40894927382
"2018-09-19 20:00:00",2865,2898.27141966162,2091.73800876593,3704.80483055732,1664.78501132343,4131.75782799982
"2018-09-19 21:00:00",2576,2448.17803928996,1641.64462839427,3254.71145018565,1214.69163095177,3681.66444762816
"2018-09-19 22:00:00",1693,1670.45019994744,863.916789051745,2476.98361084313,436.963791609243,2903.93660828563
"2018-09-19 23:00:00",994,1091.33122348783,284.797812592141,1897.86463438352,-142.155184850361,2324.81763182603
"2018-09-20 00:00:00",583,543.528309139743,-263.005101755948,1350.06172003543,-689.958099198451,1777.01471747794
"2018-09-20 01:00:00",349,321.773395021961,-484.76001587373,1128.30680591765,-911.713013316232,1555.25980336016
"2018-09-20 02:00:00",265,226.079837967569,-580.453572928122,1032.61324886326,-1007.40657037062,1459.56624630576
"2018-09-20 03:00:00",344,336.20172258132,-470.331688314371,1142.73513347701,-897.284685756873,1569.68813091951
"2018-09-20 04:00:00",914,784.387973999948,-22.1454368957426,1590.92138489564,-449.098434338245,2017.87438233814
"2018-09-20 05:00:00",2924,2830.06390901315,2023.53049811746,3636.59731990884,1596.57750067496,4063.55031735134
"2018-09-20 06:00:00",5417,5682.76661243315,4876.23320153746,6489.30002332884,4449.28020409495,6916.25302077134
"2018-09-20 07:00:00",5766,6397.23818582446,5590.70477492877,7203.77159672016,5163.75177748627,7630.72459416266
"2018-09-20 08:00:00",5331,5867.81959661289,5061.2861857172,6674.35300750858,4634.33318827469,7101.30600495108
"2018-09-20 09:00:00",5264,5685.55159487491,4879.01818397922,6492.0850057706,4452.06518653672,6919.03800321311
"2018-09-20 10:00:00",4326,4739.89800505483,3933.36459415914,5546.43141595052,3506.41159671664,5973.38441339303
"2018-09-20 11:00:00",4592,4881.69241183534,4075.15900093965,5688.22582273103,3648.20600349715,6115.17882017354
"2018-09-20 12:00:00",4695,4876.73154756605,4070.19813667036,5683.26495846174,3643.24513922785,6110.21795590424
"2018-09-20 13:00:00",4459,4935.37270007658,4128.83928918089,5741.90611097227,3701.88629173838,6168.85910841477
"2018-09-20 14:00:00",4517,5201.54683634264,4395.01342544694,6008.08024723833,3968.06042800444,6435.03324468083
"2018-09-20 15:00:00",5257,5944.64163477065,5138.10822387496,6751.17504566634,4711.15522643245,7178.12804310884
"2018-09-20 16:00:00",6331,6858.2434250102,6051.71001411451,7664.77683590589,5624.757016672,8091.72983334839
"2018-09-20 17:00:00",5065,6520.13143026724,5713.59801937155,7326.66484116293,5286.64502192905,7753.61783860544
"2018-09-20 18:00:00",3898,4738.57503634692,3932.04162545122,5545.10844724261,3505.08862800872,5972.06144468511
"2018-09-20 19:00:00",2957,3377.38723292853,2570.85382203284,4183.92064382422,2143.90082459034,4610.87364126672
"2018-09-20 20:00:00",2740,2794.43400984775,1987.90059895206,3600.96742074345,1560.94760150956,4027.92041818595
"2018-09-20 21:00:00",3497,2562.79018889497,1756.25677799928,3369.32359979066,1329.30378055677,3796.27659723316
"2018-09-20 22:00:00",2356,1831.64243348184,1025.10902258615,2638.17584437753,598.156025143644,3065.12884182003
"2018-09-20 23:00:00",1633,1069.96110379048,263.427692894785,1876.49451468617,-163.525304547717,2303.44751212867
"2018-09-21 00:00:00",698,902.288250559751,95.7548396640594,1708.82166145544,-331.198157778443,2135.77465889794
"2018-09-21 01:00:00",407,654.702459797434,-151.830951098257,1461.23587069312,-578.78394854076,1888.18886813563
"2018-09-21 02:00:00",304,555.85959685052,-250.673814045171,1362.39300774621,-677.626811487674,1789.34600518871
"2018-09-21 03:00:00",377,619.53264964777,-187.000761247921,1426.06606054346,-613.953758690424,1853.01905798596
"2018-09-21 04:00:00",867,1081.0811844162,274.547773520509,1887.61459531189,-152.405223921994,2314.56759275439
"2018-09-21 05:00:00",2919,2998.9164422508,2192.38303135511,3805.44985314649,1765.43003391261,4232.402850589
"2018-09-21 06:00:00",5457,5629.41622598017,4822.88281508448,6435.94963687586,4395.92981764198,6862.90263431837
"2018-09-21 07:00:00",6539,6739.44371272297,5932.91030182728,7545.97712361867,5505.95730438478,7972.93012106117
"2018-09-21 08:00:00",5653,6016.90917965164,5210.37576875595,6823.44259054733,4783.42277131345,7250.39558798983
"2018-09-21 09:00:00",4981,5314.016003311,4507.48259241531,6120.54941420669,4080.52959497281,6547.50241164919
"2018-09-21 10:00:00",4548,4998.61475892999,4192.08134803429,5805.14816982568,3765.12835059179,6232.10116726818
"2018-09-21 11:00:00",4937,5293.80408691196,4487.27067601627,6100.33749780765,4060.31767857376,6527.29049525015
"2018-09-21 12:00:00",5039,5407.9583777152,4601.42496681951,6214.49178861089,4174.471969377,6641.44478605339
"2018-09-21 13:00:00",4901,5259.92491289902,4453.39150200333,6066.45832379471,4026.43850456083,6493.41132123721
"2018-09-21 14:00:00",5185,5488.96950096093,4682.43609006524,6295.50291185662,4255.48309262274,6722.45590929913
"2018-09-21 15:00:00",5973,6120.05776858978,5313.52435769409,6926.59117948547,4886.57136025159,7353.54417692797
"2018-09-21 16:00:00",6007,6814.31462883016,6007.78121793447,7620.84803972585,5580.82822049197,8047.80103716836
"2018-09-21 17:00:00",5489,5709.48946133384,4902.95605043814,6516.02287222953,4476.00305299564,6942.97586967203
"2018-09-21 18:00:00",4607,4264.20490312818,3457.67149223249,5070.73831402387,3030.71849478999,5497.69131146637
"2018-09-21 19:00:00",3958,2997.43794029403,2190.90452939834,3803.97135118972,1763.95153195584,4230.92434863222
"2018-09-21 20:00:00",3255,2519.62498396082,1713.09157306513,3326.15839485651,1286.13857562263,3753.11139229902
"2018-09-21 21:00:00",2931,2335.95600658686,1529.42259569117,3142.48941748255,1102.46959824867,3569.44241492505
"2018-09-21 22:00:00",2570,2012.51164865891,1205.97823776322,2819.0450595546,779.025240320717,3245.9980569971
"2018-09-21 23:00:00",2179,1466.11317289133,659.579761995642,2272.64658378702,232.62676455314,2699.59958122953
"2018-09-22 00:00:00",1516,905.77628414102,99.2428732453293,1712.30969503671,-327.710124197174,2139.26269247921
"2018-09-22 01:00:00",1273,766.560807844929,-39.9726030507619,1573.09421874062,-466.925600493265,2000.04721618312
"2018-09-22 02:00:00",1207,718.721681959868,-87.8117289358229,1525.25509285556,-514.764726378326,1952.20809029806
"2018-09-22 03:00:00",611,604.198329561313,-202.335081334378,1410.731740457,-629.288078776881,1837.68473789951
"2018-09-22 04:00:00",647,631.558575359906,-174.974835535785,1438.0919862556,-601.927832978288,1865.0449836981
"2018-09-22 05:00:00",960,795.125865071473,-11.4075458242181,1601.65927596716,-438.360543266721,2028.61227340967
"2018-09-22 06:00:00",1635,1242.23607991045,435.702669014759,2048.76949080614,8.74967157225637,2475.72248824864
"2018-09-22 07:00:00",2445,1525.12094005173,718.587529156043,2331.65435094743,291.634531713541,2758.60734838993
"2018-09-22 08:00:00",3415,1677.7403827565,871.206971860809,2484.27379365219,444.253974418306,2911.22679109469
"2018-09-22 09:00:00",3770,1944.12273280827,1137.58932191258,2750.65614370396,710.636324470074,3177.60914114646
"2018-09-22 10:00:00",4308,2222.32442709456,1415.79101619887,3028.85783799025,988.838018756364,3455.81083543275
"2018-09-22 11:00:00",4638,2331.19603509336,1524.66262419767,3137.72944598905,1097.70962675517,3564.68244343155
"2018-09-22 12:00:00",4831,2290.27895319767,1483.74554230198,3096.81236409336,1056.79254485948,3523.76536153587
"2018-09-22 13:00:00",4565,2102.15885222291,1295.62544132722,2908.6922631186,868.672443884718,3335.64526056111
"2018-09-22 14:00:00",4654,1971.62670834967,1165.09329745398,2778.16011924536,738.140300011475,3205.11311668786
"2018-09-22 15:00:00",4589,2054.41522252897,1247.88181163328,2860.94863342466,820.928814190774,3287.90163086716
"2018-09-22 16:00:00",4582,1619.83891675876,813.305505863066,2426.37232765445,386.352508420563,2853.32532509695
"2018-09-22 17:00:00",4847,1687.22702870227,880.693617806574,2493.76043959796,453.740620364072,2920.71343704046
"2018-09-22 18:00:00",4620,1228.57624550571,422.042834610024,2035.10965640141,-4.91016283247905,2462.06265384391
"2018-09-22 19:00:00",4347,1070.11628952371,263.58287862802,1876.6497004194,-163.370118814483,2303.6026978619
"2018-09-22 20:00:00",3602,769.017931102248,-37.5154797934433,1575.55134199794,-464.468477235946,2002.50433944044
"2018-09-22 21:00:00",2985,938.11530384653,131.581892950839,1744.64871474222,-295.371104491664,2171.60171218472
"2018-09-22 22:00:00",2480,844.299550673935,37.7661397782437,1650.83296156963,-389.186857664259,2077.78595901213
"2018-09-22 23:00:00",1871,903.142616242577,96.6092053468864,1709.67602713827,-330.343792095616,2136.62902458077
"2018-09-23 00:00:00",1249,734.205062091648,-72.3283488040427,1540.73847298734,-499.281346246545,1967.69147042984
"2018-09-23 01:00:00",690,653.942838883447,-152.590572012244,1460.47624977914,-579.543569454747,1887.42924722164
"2018-09-23 02:00:00",565,568.006405847583,-238.527005048108,1374.53981674327,-665.48000249061,1801.49281418578
"2018-09-23 03:00:00",319,471.252408371157,-335.281002524534,1277.78581926685,-762.233999967037,1704.73881670935
"2018-09-23 04:00:00",339,539.385848884412,-267.147562011279,1345.9192597801,-694.100559453782,1772.87225722261
"2018-09-23 05:00:00",514,600.199969404056,-206.333441491635,1406.73338029975,-633.286438934137,1833.68637774225
"2018-09-23 06:00:00",910,780.433147554583,-26.1002633411078,1586.96655845027,-453.053260783611,2013.91955589278
"2018-09-23 07:00:00",1402,798.457920131309,-8.07549076438204,1604.991331027,-435.028488206885,2031.9443284695
"2018-09-23 08:00:00",2203,932.629865688782,126.096454793091,1739.16327658447,-300.856542649412,2166.11627402698
"2018-09-23 09:00:00",3562,1232.33599776474,425.802586869053,2038.86940866044,-1.15041057344934,2465.82240610294
"2018-09-23 10:00:00",4594,1699.70824586341,893.174834967724,2506.24165675911,466.221837525221,2933.19465420161
"2018-09-23 11:00:00",4252,1958.20909559811,1151.67568470242,2764.7425064938,724.722687259917,3191.6955039363
"2018-09-23 12:00:00",3945,2156.95946760055,1350.42605670486,2963.49287849624,923.473059262354,3390.44587593874
"2018-09-23 13:00:00",4107,2409.29905935182,1602.76564845613,3215.83247024752,1175.81265101363,3642.78546769002
"2018-09-23 14:00:00",4091,2503.46618178698,1696.93277089129,3309.99959268267,1269.97977344879,3736.95259012518
"2018-09-23 15:00:00",4195,2333.87997474119,1527.3465638455,3140.41338563688,1100.393566403,3567.36638307939
"2018-09-23 16:00:00",4413,2297.59844802584,1491.06503713015,3104.13185892153,1064.11203968764,3531.08485636403
"2018-09-23 17:00:00",4117,2020.90548116476,1214.37207026907,2827.43889206045,787.419072826568,3254.39188950296
"2018-09-23 18:00:00",3997,1851.8869042119,1045.3534933162,2658.42031510759,618.400495873702,3085.37331255009
"2018-09-23 19:00:00",3516,1630.75629550444,824.222884608747,2437.28970640013,397.269887166244,2864.24270384263
"2018-09-23 20:00:00",2846,1857.65724578315,1051.12383488746,2664.19065667884,624.170837444953,3091.14365412134
"2018-09-23 21:00:00",2346,3051.20413010429,2244.6707192086,3857.73754099999,1817.7177217661,4284.69053844249
"2018-09-23 22:00:00",1635,1397.67111128488,591.137700389187,2204.20452218057,164.184702946684,2631.15751962307
"2018-09-23 23:00:00",934,1046.28069494517,239.74728404948,1852.81410584086,-187.205713393023,2279.76710328336
"2018-09-24 00:00:00",509,88.5958534234266,-717.937557472265,895.129264319118,-1144.89055491477,1322.08226176162
"2018-09-24 01:00:00",344,-51.3552419334689,-857.88865282916,755.178168962222,-1284.84165027166,1182.13116640473
"2018-09-24 02:00:00",219,-72.5244003915384,-879.057811287229,734.009010504153,-1306.01080872973,1160.96200794666
"2018-09-24 03:00:00",328,-6.75103753133377,-813.284448427025,799.782373364357,-1240.23744586953,1226.73537080686
"2018-09-24 04:00:00",888,428.359752891821,-378.17365800387,1234.89316378751,-805.126655446373,1661.84616123001
"2018-09-24 05:00:00",2954,1874.56611834456,1068.03270744887,2681.09952924025,641.079710006363,3108.05252668275
"2018-09-24 06:00:00",5747,4011.05147768136,3204.51806678567,4817.58488857705,2777.56506934317,5244.53788601955
"2018-09-24 07:00:00",6591,4563.5735768082,3757.04016591251,5370.10698770389,3330.08716847001,5797.05998514639
"2018-09-24 08:00:00",5900,4037.79159539568,3231.25818449999,4844.32500629137,2804.30518705748,5271.27800373387
"2018-09-24 09:00:00",4936,3599.16606135908,2792.63265046339,4405.69947225477,2365.67965302089,4832.65246969727
"2018-09-24 10:00:00",4351,3127.3065013657,2320.77309047001,3933.83991226139,1893.8200930275,4360.79290970389
"2018-09-24 11:00:00",4468,3419.96987803514,2613.43646713945,4226.50328893083,2186.48346969694,4653.45628637333
"2018-09-24 12:00:00",4531,3654.01231695724,2847.47890606155,4460.54572785293,2420.52590861904,4887.49872529543
"2018-09-24 13:00:00",4433,3568.20096853529,2761.6675576396,4374.73437943098,2334.71456019709,4801.68737687348
"2018-09-24 14:00:00",4816,3820.13778217931,3013.60437128362,4626.671193075,2586.65137384111,5053.6241905175
"2018-09-24 15:00:00",5443,4454.04476721558,3647.51135631989,5260.57817811127,3220.55835887739,5687.53117555377
"2018-09-24 16:00:00",6307,5262.92246879071,4456.38905789502,6069.4558796864,4029.43606045252,6496.4088771289
"2018-09-24 17:00:00",5562,5019.88680174937,4213.35339085368,5826.42021264506,3786.40039341117,6253.37321008756
"2018-09-24 18:00:00",4167,3498.24676669212,2691.71335579643,4304.78017758781,2264.76035835393,4731.73317503031
"2018-09-24 19:00:00",3253,2446.18657461106,1639.65316371537,3252.71998550675,1212.70016627287,3679.67298294926
"2018-09-24 20:00:00",2559,2042.52898036214,1235.99556946645,2849.06239125783,809.04257202395,3276.01538870034
"2018-09-24 21:00:00",2084,1594.31728702603,787.783876130344,2400.85069792173,360.830878687841,2827.80369536423
"2018-09-24 22:00:00",1392,989.241171433029,182.707760537338,1795.77458232872,-244.245236905164,2222.72757977122
"2018-09-24 23:00:00",826,508.643531832965,-297.889879062726,1315.17694272866,-724.842876505228,1742.12994017116
"2018-09-25 00:00:00",527,724.695169162241,-81.8382417334506,1531.22858005793,-508.791239175953,1958.18157750043
"2018-09-25 01:00:00",302,509.304223203949,-297.229187691742,1315.83763409964,-724.182185134245,1742.79063154214
"2018-09-25 02:00:00",234,458.566506778897,-347.966904116794,1265.09991767459,-774.919901559296,1692.05291511709
"2018-09-25 03:00:00",366,529.430638205124,-277.102772690567,1335.96404910081,-704.05577013307,1762.91704654332
"2018-09-25 04:00:00",880,1064.74449627027,258.211085374578,1871.27790716596,-168.741912067924,2298.23090460846
"2018-09-25 05:00:00",3063,3012.58507511297,2206.05166421728,3819.11848600866,1779.09866677478,4246.07148345117
"2018-09-25 06:00:00",5833,5669.76416870597,4863.23075781028,6476.29757960166,4436.27776036778,6903.25057704417
"2018-09-25 07:00:00",6568,6384.5315059416,5577.99809504591,7191.06491683729,5151.0450976034,7618.01791427979
"2018-09-25 08:00:00",6080,6065.1056258375,5258.57221494181,6871.63903673319,4831.61921749931,7298.5920341757
"2018-09-25 09:00:00",5083,5731.23282418593,4924.69941329024,6537.76623508162,4497.74641584774,6964.71923252413
"2018-09-25 10:00:00",4385,4549.33241348132,3742.79900258562,5355.86582437701,3315.84600514312,5782.81882181951
"2018-09-25 11:00:00",4458,4758.06333938743,3951.52992849174,5564.59675028312,3524.57693104924,5991.54974772562
"2018-09-25 12:00:00",4580,5047.97749721921,4241.44408632352,5854.5109081149,3814.49108888102,6281.46390555741
"2018-09-25 13:00:00",4716,4990.94307448433,4184.40966358864,5797.47648538002,3757.45666614613,6224.42948282252
"2018-09-25 14:00:00",4973,5309.21015815057,4502.67674725488,6115.74356904626,4075.72374981238,6542.69656648876
"2018-09-25 15:00:00",5748,5922.33918190056,5115.80577100487,6728.87259279625,4688.85277356236,7155.82559023875
"2018-09-25 16:00:00",6597,6737.15057849774,5930.61716760205,7543.68398939343,5503.66417015955,7970.63698683593
"2018-09-25 17:00:00",5734,6351.78872815408,5545.25531725839,7158.32213904977,5118.30231981589,7585.27513649228
"2018-09-25 18:00:00",4320,4896.11064999659,4089.5772391009,5702.64406089228,3662.6242416584,6129.59705833479
"2018-09-25 19:00:00",3058,3557.12202255373,2750.58861165804,4363.65543344942,2323.63561421554,4790.60843089192
"2018-09-25 20:00:00",2765,2976.85362449966,2170.32021360397,3783.38703539535,1743.36721616146,4210.34003283785
"2018-09-25 21:00:00",2282,3573.49130630406,2766.95789540837,4380.02471719975,2340.00489796586,4806.97771464225
"2018-09-25 22:00:00",1571,3451.76792232007,2645.23451142438,4258.30133321576,2218.28151398187,4685.25433065826
"2018-09-25 23:00:00",924,1507.98878805129,701.455377155601,2314.52219894698,274.502379713098,2741.47519638949
"2018-09-26 00:00:00",543,743.038037862825,-63.4953730328658,1549.57144875852,-490.448370475369,1976.52444620102
"2018-09-26 01:00:00",358,513.969131021187,-292.564279874505,1320.50254191688,-719.517277317007,1747.45553935938
"2018-09-26 02:00:00",227,346.501521607746,-460.031889287945,1153.03493250344,-886.984886730448,1579.98792994594
"2018-09-26 03:00:00",358,443.167604692671,-363.36580620302,1249.70101558836,-790.318803645523,1676.65401303086
"2018-09-26 04:00:00",890,915.000774422004,108.467363526313,1721.5341853177,-318.48563391619,2148.4871827602
"2018-09-26 05:00:00",3052,2916.68092530719,2110.1475144115,3723.21433620288,1683.194516969,4150.16733364538
"2018-09-26 06:00:00",5930,5860.06765939041,5053.53424849472,6666.6010702861,4626.58125105222,7093.55406772861
"2018-09-26 07:00:00",6193,6684.17263503638,5877.63922414069,7490.70604593207,5450.68622669818,7917.65904337457
"2018-09-26 08:00:00",6032,6422.66145171145,5616.12804081576,7229.19486260714,5189.17504337325,7656.14786004964
"2018-09-26 09:00:00",5320,5106.95789385676,4300.42448296107,5913.49130475245,3873.47148551857,6340.44430219496
"2018-09-26 10:00:00",4523,4494.22456314717,3687.69115225147,5300.75797404286,3260.73815480897,5727.71097148536
"2018-09-26 11:00:00",4721,4575.66658859065,3769.13317769496,5382.19999948634,3342.18018025246,5809.15299692884
"2018-09-26 12:00:00",4793,4795.56932159212,3989.03591069642,5602.10273248781,3562.08291325392,6029.05572993031
"2018-09-26 13:00:00",4624,4851.96130547405,4045.42789457836,5658.49471636975,3618.47489713586,6085.44771381225
"2018-09-26 14:00:00",4928,5286.46355574377,4479.93014484808,6092.99696663947,4052.97714740558,6519.94996408197
"2018-09-26 15:00:00",5693,5622.7616273115,4816.22821641581,6429.29503820719,4389.2752189733,6856.24803564969
"2018-09-26 16:00:00",6334,6809.56543930669,6003.032028411,7616.09885020238,5576.07903096849,8043.05184764488
"2018-09-26 17:00:00",5954,6282.55452399744,5476.02111310175,7089.08793489313,5049.06811565925,7516.04093233564
"2018-09-26 18:00:00",4661,4486.26198040516,3679.72856950947,5292.79539130085,3252.77557206697,5719.74838874336
"2018-09-26 19:00:00",3639,3199.50462222493,2392.97121132924,4006.03803312062,1966.01821388673,4432.99103056312
"2018-09-26 20:00:00",3197,2906.19776519057,2099.66435429488,3712.73117608626,1672.71135685237,4139.68417352876
"2018-09-26 21:00:00",3475,2465.45034741345,1658.91693651776,3271.98375830914,1231.96393907526,3698.93675575164
"2018-09-26 22:00:00",1973,1687.72905518016,881.195644284471,2494.26246607585,454.242646841969,2921.21546351836
"2018-09-26 23:00:00",1209,1109.71165381259,303.178242916895,1916.24506470828,-123.774754525608,2343.19806215078
"2018-09-27 00:00:00",654,551.417990856949,-255.115420038742,1357.95140175264,-682.068417481244,1784.90439919514
"2018-09-27 01:00:00",421,320.260154294247,-486.273256601444,1126.79356518994,-913.226254043947,1553.74656263244
"2018-09-27 02:00:00",312,234.028443667923,-572.504967227768,1040.56185456361,-999.457964670271,1467.51485200612
"2018-09-27 03:00:00",373,334.750024680449,-471.783386215242,1141.28343557614,-898.736383657745,1568.23643301864
"2018-09-27 04:00:00",919,782.936930810001,-23.5964800856901,1589.47034170569,-450.549477528193,2016.42333914819
"2018-09-27 05:00:00",3002,2826.24080249307,2019.70739159738,3632.77421338876,1592.75439415487,4059.72721083126
"2018-09-27 06:00:00",5685,5701.18043301502,4894.64702211933,6507.71384391071,4467.69402467682,6934.66684135321
"2018-09-27 07:00:00",6589,6391.6387225222,5585.10531162651,7198.17213341789,5158.15231418401,7625.12513086039
"2018-09-27 08:00:00",5946,5886.21246644519,5079.6790555495,6692.74587734089,4652.726058107,7119.69887478339
"2018-09-27 09:00:00",5181,5679.97373703314,4873.44032613744,6486.50714792883,4446.48732869494,6913.46014537133
"2018-09-27 10:00:00",4500,4734.37841648528,3927.84500558959,5540.91182738097,3500.89200814708,5967.86482482347
"2018-09-27 11:00:00",4670,4873.84986325495,4067.31645235925,5680.38327415064,3640.36345491675,6107.33627159314
"2018-09-27 12:00:00",4849,4871.26760942502,4064.73419852933,5677.80102032071,3637.78120108683,6104.75401776322
"2018-09-27 13:00:00",4787,4929.93298623973,4123.39957534404,5736.46639713543,3696.44657790154,6163.41939457793
"2018-09-27 14:00:00",4943,5196.15753524693,4389.62412435124,6002.69094614262,3962.67112690874,6429.64394358512
"2018-09-27 15:00:00",5892,5963.24597623136,5156.71256533567,6769.77938712705,4729.75956789317,7196.73238456956
"2018-09-27 16:00:00",6451,6856.91874102855,6050.38533013286,7663.45215192425,5623.43233269036,8090.40514936675
"2018-09-27 17:00:00",5968,6514.71986900013,5708.18645810444,7321.25327989582,5281.23346066193,7748.20627733832
"2018-09-27 18:00:00",4498,4737.17309647626,3930.63968558057,5543.70650737195,3503.68668813806,5970.65950481445
"2018-09-27 19:00:00",3419,3371.90168932702,2565.36827843133,4178.43510022271,2138.41528098883,4605.38809766521
"2018-09-27 20:00:00",2856,2807.74907344869,2001.215662553,3614.28248434438,1574.2626651105,4041.23548178689
"2018-09-27 21:00:00",2649,2581.16472682141,1774.63131592572,3387.6981377171,1347.67831848321,3814.6511351596
"2018-09-27 22:00:00",2003,1830.00217883489,1023.4687679392,2636.53558973058,596.5157704967,3063.48858717309
"2018-09-27 23:00:00",1278,1088.2171390397,281.683728144005,1894.75054993539,-145.269269298498,2321.70354737789
"2018-09-28 00:00:00",699,920.494527778756,113.961116883065,1727.02793867445,-312.991880559437,2153.98093611695
"2018-09-28 01:00:00",461,672.8884409778,-133.644969917891,1479.42185187349,-560.597967360394,1906.37484931599
"2018-09-28 02:00:00",301,574.007604797302,-232.525806098389,1380.54101569299,-659.478803540892,1807.4940131355
"2018-09-28 03:00:00",367,627.120509629075,-179.412901266616,1433.65392052477,-606.365898709119,1860.60691796727
"2018-09-28 04:00:00",870,1099.15193647397,292.618525578275,1905.68534736966,-134.334471864228,2332.63834481216
"2018-09-28 05:00:00",2751,3016.98392075395,2210.45050985826,3823.51733164964,1783.49751241576,4250.47032909214
"2018-09-28 06:00:00",5521,5642.31947641,4835.78606551431,6448.85288730569,4408.83306807181,6875.80588474819
"2018-09-28 07:00:00",6401,6757.44244657912,5950.90903568342,7563.97585747481,5523.95603824092,7990.92885491731
"2018-09-28 08:00:00",5798,6034.8948192893,5228.36140839361,6841.428230185,4801.40841095111,7268.3812276275
"2018-09-28 09:00:00",4791,5332.04747271334,4525.51406181764,6138.58088360903,4098.56106437514,6565.53388105153
"2018-09-28 10:00:00",4574,5016.73854257258,4210.20513167689,5823.27195346828,3783.25213423439,6250.22495091078
"2018-09-28 11:00:00",4863,5292.0702086029,4485.53679770721,6098.60361949859,4058.58380026471,6525.55661694109
"2018-09-28 12:00:00",5066,5415.7354491535,4609.20203825781,6222.26886004919,4182.24904081531,6649.22185749169
"2018-09-28 13:00:00",4898,5254.23182593464,4447.69841503895,6060.76523683033,4020.74541759645,6487.71823427284
"2018-09-28 14:00:00",5193,5496.84216019412,4690.30874929843,6303.37557108981,4263.35575185593,6730.32856853231
"2018-09-28 15:00:00",5838,6127.9395937759,5321.40618288021,6934.47300467159,4894.45318543771,7361.42600211409
"2018-09-28 16:00:00",6188,6822.20889352384,6015.67548262814,7628.74230441953,5588.72248518564,8055.69530186203
"2018-09-28 17:00:00",5695,5707.93955679438,4901.40614589869,6514.47296769008,4474.45314845619,6941.42596513258
"2018-09-28 18:00:00",5104,4272.03762499501,3465.50421409932,5078.5710358907,3038.55121665682,5505.5240333332
"2018-09-28 19:00:00",4286,3010.58408847661,2204.05067758092,3817.1174993723,1777.09768013842,4244.07049681481
"2018-09-28 20:00:00",3538,2527.25081717571,1720.71740628002,3333.7842280714,1293.76440883752,3760.73722551391
"2018-09-28 21:00:00",3058,2343.45679001529,1536.9233791196,3149.99020091098,1109.9703816771,3576.94319835348
"2018-09-28 22:00:00",2713,2025.32520369217,1218.79179279648,2831.85861458786,791.838795353975,3258.81161203036
"2018-09-28 23:00:00",3544,1484.0084624215,677.475051525813,2290.5418733172,250.52205408331,2717.4948707597
"2018-09-29 00:00:00",1733,921.233384537746,114.699973642055,1727.76679543344,-312.253023800448,2154.71979287594
"2018-09-29 01:00:00",867,784.311406260926,-22.222004634765,1590.84481715662,-449.175002077268,2017.79781459912
"2018-09-29 02:00:00",524,736.473589797713,-70.0598210979782,1543.0070006934,-497.012818540481,1969.95999813591
"2018-09-29 03:00:00",359,621.907026478183,-184.626384417508,1428.44043737387,-611.579381860011,1855.39343481638
"2018-09-29 04:00:00",425,649.24435739444,-157.289053501251,1455.77776829013,-584.242050943754,1882.73076573263
"2018-09-29 05:00:00",743,812.838490253886,6.3050793581948,1619.37190114958,-420.647918084308,2046.32489859208
"2018-09-29 06:00:00",1359,1259.94608624917,453.412675353477,2066.47949714486,26.4596779109738,2493.43249458736
"2018-09-29 07:00:00",2036,1542.84207647616,736.308665580466,2349.37548737185,309.355668137964,2776.32848481435
"2018-09-29 08:00:00",3073,1675.54820680074,869.014795905048,2482.08161769643,442.061798462545,2909.03461513893
"2018-09-29 09:00:00",3725,1937.93402967453,1131.40061877883,2744.46744057022,704.447621336331,3171.42043801272
"2018-09-29 10:00:00",4059,2240.20400356256,1433.67059266686,3046.73741445825,1006.71759522436,3473.69041190075
"2018-09-29 11:00:00",4378,2325.13238174608,1518.59897085039,3131.66579264177,1091.64597340788,3558.61879008427
"2018-09-29 12:00:00",4657,2284.26833143522,1477.73492053953,3090.80174233091,1050.78192309703,3517.75473977342
"2018-09-29 13:00:00",4553,2096.1986432016,1289.66523230591,2902.73205409729,862.712234863405,3329.68505153979
"2018-09-29 14:00:00",4618,1965.70905553841,1159.17564464272,2772.2424664341,732.222647200213,3199.1954638766
"2018-09-29 15:00:00",4564,2048.54209006053,1242.00867916484,2855.07550095622,815.055681722334,3282.02849839872
"2018-09-29 16:00:00",4735,1613.99328214912,807.459871253428,2420.52669304481,380.506873810926,2847.47969048731
"2018-09-29 17:00:00",4878,1681.3833582254,874.849947329709,2487.91676912109,447.896949887206,2914.86976656359
"2018-09-29 18:00:00",4569,1222.70507717005,416.171666274355,2029.23848806574,-10.7813311681473,2456.19148550824
"2018-09-29 19:00:00",3818,1064.22286101663,257.68945012094,1870.75627191232,-169.263547321563,2297.70926935482
"2018-09-29 20:00:00",3338,763.115991353158,-43.4174195425331,1569.64940224885,-470.370416985036,1996.60239969135
"2018-09-29 21:00:00",2950,932.203543433582,125.670132537891,1738.73695432927,-301.282864904612,2165.68995177178
"2018-09-29 22:00:00",2607,838.396956213921,31.86354531823,1644.93036710961,-395.089452124273,2071.88336455211
"2018-09-29 23:00:00",3856,897.225618142239,90.6922072465477,1703.75902903793,-336.260790195955,2130.71202648043
"2018-09-30 00:00:00",1826,728.286754569462,-78.2466563262291,1534.82016546515,-505.199653768732,1961.77316290766
"2018-09-30 01:00:00",920,648.017329541098,-158.516081354593,1454.55074043679,-585.469078797096,1881.50373787929
"2018-09-30 02:00:00",696,562.073039974148,-244.460370921543,1368.60645086984,-671.413368364046,1795.55944831234
"2018-09-30 03:00:00",364,465.319697208646,-341.213713687045,1271.85310810434,-768.166711129548,1698.80610554684
"2018-09-30 04:00:00",335,533.440043503423,-273.093367392268,1339.97345439911,-700.046364834771,1766.92645184162
"2018-09-30 05:00:00",444,594.259401710459,-212.274009185233,1400.79281260615,-639.227006627735,1827.74581004865
"2018-09-30 06:00:00",802,774.506328790387,-32.0270821053045,1581.03973968608,-458.980079547807,2007.99273712858
"2018-09-30 07:00:00",1175,792.530446656188,-14.0029642395026,1599.06385755188,-440.955961682005,2026.01685499438
"2018-09-30 08:00:00",2002,926.710248744748,120.176837849057,1733.24365964044,-306.776159593446,2160.19665708294
"2018-09-30 09:00:00",2882,1226.43864099212,419.905230096431,2032.97205188781,-7.04776734607208,2459.92504933032
"2018-09-30 10:00:00",3701,1697.90562290735,891.372212011661,2504.43903380304,464.419214569159,2931.39203124555
"2018-09-30 11:00:00",4049,1952.41387372961,1145.88046283392,2758.9472846253,718.927465391417,3185.9002820678
"2018-09-30 12:00:00",4429,2155.24261177551,1348.70920087982,2961.7760226712,921.756203437318,3388.72902011371
"2018-09-30 13:00:00",4547,2403.55948791185,1597.02607701616,3210.09289880754,1170.07307957366,3637.04589625005
"2018-09-30 14:00:00",4380,2497.75607233858,1691.22266144289,3304.28948323428,1264.26966400039,3731.24248067678
"2018-09-30 15:00:00",4302,2332.2384106724,1525.70499977671,3138.77182156809,1098.75200233421,3565.72481901059
"2018-09-30 16:00:00",4283,2295.99223834694,1489.45882745124,3102.52564924263,1062.50583000874,3529.47864668513
"2018-09-30 17:00:00",4132,2019.32611463374,1212.79270373805,2825.85952552943,785.839706295543,3252.81252297193
"2018-09-30 18:00:00",3947,1847.91386889025,1041.38045799456,2654.44727978594,614.427460552054,3081.40027722844
"2018-09-30 19:00:00",3543,1629.08919770962,822.555786813924,2435.62260860531,395.602789371422,2862.57560604781
"2018-09-30 20:00:00",2781,1851.89999714823,1045.36658625254,2658.43340804392,618.413588810037,3085.38640548642
"2018-09-30 21:00:00",2159,3045.44491733661,2238.91150644092,3851.9783282323,1811.95850899841,4278.9313256748
"2018-09-30 22:00:00",1450,1391.86999701806,585.336586122372,2198.40340791375,158.383588679869,2625.35640535626
"2018-09-30 23:00:00",954,1040.48154481113,233.948133915436,1847.01495570682,-193.004863527066,2273.96795314932
