"date_time","actual","forecast","lo80","hi80","lo95","hi95"
"2018-04-19 13:00:00",5110,5315.16080225686,4828.55123483365,5801.77036968008,4570.95569001323,6059.3659145005
"2018-04-19 14:00:00",5444,5537.92428956715,4916.75405104199,6159.0945280923,4587.92638974788,6487.92218938641
"2018-04-19 15:00:00",6188,6207.81495211874,5535.19244288951,6880.43746134797,5179.12759475904,7236.50230947844
"2018-04-19 16:00:00",6851,7158.6942996326,6455.12359234365,7862.26500692155,6082.67575778195,8234.71284148324
"2018-04-19 17:00:00",6368,6749.2830162544,6031.01517565388,7467.55085685493,5650.78714868302,7847.77888382579
"2018-04-19 18:00:00",4978,4999.5379906736,4274.36703809738,5724.70894324982,3890.4847243854,6108.5912569618
"2018-04-19 19:00:00",3676,3631.6133114506,2902.45408823101,4360.7725346702,2516.4605115722,4746.76611132901
"2018-04-19 20:00:00",3471,3016.8644247843,2285.13079981402,3748.59804975458,1897.7744171893,4135.9544323793
"2018-04-19 21:00:00",3451,2697.96763332768,1964.33547825398,3431.59978840138,1575.97407450126,3819.9611921541
"2018-04-19 22:00:00",2148,1990.42824376226,1255.19857427244,2725.65791325207,865.99149747109,3114.86499005342
"2018-04-19 23:00:00",1273,1107.03068969367,370.357997986932,1843.70338140041,-19.6129686329571,2233.6743480203
"2018-04-20 00:00:00",712,573.680424592256,-164.345926363038,1311.70677554755,-555.033476903542,1702.39432608805
"2018-04-20 01:00:00",417,329.313246651483,-410.007012961401,1068.63350626437,-801.37951737029,1460.00601067326
"2018-04-20 02:00:00",322,249.905044309648,-490.658546648335,990.468635267632,-882.689230913672,1382.49931953297
"2018-04-20 03:00:00",393,301.450788355613,-440.307377025384,1043.20895373661,-832.970430791704,1435.87200750293
"2018-04-20 04:00:00",830,792.950556439881,50.0466546052477,1535.85445827451,-343.222915402744,1929.1240282825
"2018-04-20 05:00:00",2691,2669.40730294925,1925.40682060211,3413.40778529639,1531.55675593584,3807.25784996266
"2018-04-20 06:00:00",5492,5375.82458532702,4630.77640927444,6120.87276137959,4236.37172906231,6515.27744159173
"2018-04-20 07:00:00",6626,6536.20533541491,5790.1573939158,7282.25327691402,5395.22346984548,7677.18720098433
"2018-04-20 08:00:00",6126,5846.55184499428,5099.55061294022,6593.55307704834,4704.11204733321,6988.99164265535
"2018-04-20 09:00:00",5141,5180.86585585142,4432.95604853019,5928.77566317266,4037.03651222998,6324.69519947286
"2018-04-20 10:00:00",4670,4808.14867668078,4059.3730986473,5556.92425471425,3662.99525101653,5953.30210234502
"2018-04-20 11:00:00",5200,5189.40133375617,4439.80083905339,5939.00182845895,4042.98630691601,6335.81636059633
"2018-04-20 12:00:00",5433,5259.62467959797,4509.23819818291,6010.01116101303,4112.00758981333,6407.24176938261
"2018-04-20 13:00:00",5370,5132.81946205969,4381.68406192177,5883.9548621976,3984.05699992827,6281.58192419111
"2018-04-20 14:00:00",5803,5289.9863688339,4538.13733497338,6041.83540269441,4140.13249810679,6439.840239561
"2018-04-20 15:00:00",6383,5914.12605261652,5161.59697159564,6666.65513363739,4763.23213950802,7065.01996572501
"2018-04-20 16:00:00",6900,6648.23914395806,5895.06198813042,7401.4162997857,5496.35408596341,7800.12420195272
"2018-04-20 17:00:00",6268,5650.32625747461,4896.53146617961,6404.12104876962,4497.49660754611,6803.15590740311
"2018-04-20 18:00:00",4959,4131.38799443457,3377.0045511036,4885.77143776553,2977.65807890543,5285.1179099637
"2018-04-20 19:00:00",4091,2847.42494358401,2092.48044855132,3602.36943861669,1692.83697352285,4002.01291364517
"2018-04-20 20:00:00",3552,2286.43768128309,1530.95842046459,3041.91694210158,1131.03185752916,3441.84350503701
"2018-04-20 21:00:00",3538,2125.42677144288,1369.43778116804,2881.41576171772,969.241383757888,3281.61215912787
"2018-04-20 22:00:00",2842,1741.39276547205,984.917893768305,2497.8676371758,584.464286266583,2898.32124467752
"2018-04-20 23:00:00",1977,1112.33620230505,355.398166907753,1869.27423770234,-45.3006246428797,2269.97302925297
"2018-04-21 00:00:00",1291,595.257608515079,-162.1219481607,1352.63716519086,-563.054466957765,1753.56968398792
"2018-04-21 01:00:00",732,412.157498492699,-345.64296023013,1169.95795721553,-746.79829111184,1571.11328809724
"2018-04-21 02:00:00",526,369.036374667757,-389.165340576234,1127.23808991175,-790.533083829384,1528.6058331649
"2018-04-21 03:00:00",386,281.89472775619,-476.689525212803,1040.47898072518,-878.259771705271,1442.04922721765
"2018-04-21 04:00:00",369,273.733037018399,-485.215916994397,1032.6819910312,-886.979224557514,1434.44529859431
"2018-04-21 05:00:00",683,514.551770520848,-244.744887586256,1273.84842862795,-646.692258578467,1675.79579962016
"2018-04-21 06:00:00",1418,961.351385396007,201.723220684321,1720.97955010769,-200.399639303864,2123.10241009588
"2018-04-21 07:00:00",2307,1287.13232809806,527.188093084693,2047.07656311142,124.897915585689,2449.36674061042
"2018-04-21 08:00:00",3392,1465.89503465316,705.649440833604,2226.14062847272,303.199733619062,2628.59033568727
"2018-04-21 09:00:00",4153,1732.63993090389,972.106999551283,2493.17286225651,569.505185034854,2895.77467677293
"2018-04-21 10:00:00",4464,1956.3674327477,1195.56052779716,2717.17433769825,792.813680418756,3119.92118507665
"2018-04-21 11:00:00",4985,2132.07794636964,1371.00980568997,2893.14608704932,968.124668470027,3296.03122426926
"2018-04-21 12:00:00",5263,2126.77186846946,1365.45463360553,2888.08910333338,962.437633889657,3291.10610304926
"2018-04-21 13:00:00",5307,1967.44958648324,1205.89483094762,2729.00434201885,802.752095383284,3132.14707758319
"2018-04-21 14:00:00",5296,1803.11147879983,1041.33023498784,2564.89272261182,638.067603772347,2968.15535382731
"2018-04-21 15:00:00",5340,1862.75791497215,1100.7606997705,2624.75513017379,697.383740207374,3028.13208973692
"2018-04-21 16:00:00",5027,1443.38925592351,681.186095078756,2205.59241676826,277.700114477632,2609.07839736938
"2018-04-21 17:00:00",5007,1461.00585414916,698.606305458611,2223.40540283971,295.016363411759,2626.99534488656
"2018-04-21 18:00:00",4541,1051.60805391309,289.021229297423,1814.19487852876,-114.667850635719,2217.8839584619
"2018-04-21 19:00:00",3892,865.196191440227,102.430777953863,1627.96160492659,-301.35284121674,2031.74522409719
"2018-04-21 20:00:00",3346,602.770595104159,-160.165125063559,1365.70631527188,-564.038899145423,1769.58008935374
"2018-04-21 21:00:00",3199,692.331585610487,-70.7665448721261,1455.4297160931,-474.726293781348,1859.38946500232
"2018-04-21 22:00:00",3814,579.879476175868,-183.373535947271,1343.13248829901,-587.415274244382,1747.17422659612
"2018-04-21 23:00:00",2760,512.4145727029,-250.986142814043,1275.81528821984,-655.106070564765,1679.93521597056
"2018-04-22 00:00:00",1447,339.93717395091,-423.604400699959,1103.47874860178,-827.79889477197,1507.67324267379
"2018-04-22 01:00:00",945,246.447571702763,-517.228336151364,1010.12347955689,-921.493941925646,1414.38908533117
"2018-04-22 02:00:00",671,185.946050927773,-577.857967615302,949.750069470848,-982.191391091754,1354.0834929473
"2018-04-22 03:00:00",465,139.432889940806,-624.493305988785,903.359085870398,-1028.89140626683,1307.75718614844
"2018-04-22 04:00:00",368,163.908360557674,-600.134355137251,927.951076252598,-1004.59413725314,1332.41085836849
"2018-04-22 05:00:00",563,290.372728246893,-473.781112383867,1054.52656887765,-878.29972048738,1459.04517698117
"2018-04-22 06:00:00",904,479.826252277909,-284.43356897128,1244.0860735271,-689.008279825278,1648.6607843811
"2018-04-22 07:00:00",1289,624.269185865847,-140.091710497293,1388.63008222899,-544.719927284566,1793.25829901626
"2018-04-22 08:00:00",2200,664.701776312895,-99.755517325888,1429.15906995168,-504.434763748419,1833.83831637421
"2018-04-22 09:00:00",3219,975.124265146375,210.575035025083,1739.67349526767,-194.152879631462,2144.40140992421
"2018-04-22 10:00:00",4088,1485.5368882536,720.899975518281,2250.17380098891,316.125644489674,2654.94813201752
"2018-04-22 11:00:00",4541,1785.93987601356,1021.21933725215,2550.66041477497,616.400737279408,2955.47901474771
"2018-04-22 12:00:00",4781,2029.33345342558,1264.53315713593,2794.13374971523,859.672336078123,3198.99457077303
"2018-04-22 13:00:00",4761,2197.71784023491,1432.84147558342,2962.59420488639,1027.94038636728,3367.49529410254
"2018-04-22 14:00:00",4753,2399.09325105543,1634.1443362244,3164.04216588646,1229.20484126313,3568.98166084774
"2018-04-22 15:00:00",4866,2164.4598954895,1399.44178563283,2929.47800534617,994.465661037609,3334.45412994139
"2018-04-22 16:00:00",4713,2102.81797824493,1337.73387307087,2867.90208341899,932.722812664932,3272.91314382493
"2018-04-22 17:00:00",4303,1843.16769924932,1078.02065024796,2608.31474825068,672.976269392583,3013.35912910605
"2018-04-22 18:00:00",3787,1653.50925376166,888.302171094066,2418.71633642926,483.226010335468,2823.79249718786
"2018-04-22 19:00:00",3228,1411.84283248139,646.578491546408,2177.10717341637,241.472020091988,2582.21364487078
"2018-04-22 20:00:00",3139,1637.1686216548,871.84966934885,2402.48757396075,466.714288380932,2807.62295492867
"2018-04-22 21:00:00",2412,2804.48680317909,2039.1157638634,3569.85784249478,1633.9528096981,3975.02079666008
"2018-04-22 22:00:00",1906,1198.79755470388,433.376835893076,1964.21827351469,28.1875829916421,2369.40752641613
"2018-04-22 23:00:00",1356,702.101049730437,-63.3670524844451,1467.56915194532,-468.581388644829,1872.7834881057
"2018-04-23 00:00:00",614,403.397457708491,-362.115838072946,1168.91075348993,-767.354098262323,1574.1490136793
"2018-04-23 01:00:00",349,268.686944130895,-496.869456704151,1034.24334496594,-902.130535330551,1439.50442359234
"2018-04-23 02:00:00",259,243.969670626,-521.627843375058,1009.56718462706,-926.91068599688,1414.85002724888
"2018-04-23 03:00:00",373,354.245795047901,-411.390932376618,1119.88252247242,-816.694533330904,1525.1861234267
"2018-04-23 04:00:00",900,776.515471564569,10.8413425857572,1542.18960054338,-394.482057555393,1947.51300068453
"2018-04-23 05:00:00",2864,2235.77885074393,1470.06904827943,3001.48865320844,1064.72676373567,3406.83093775219
"2018-04-23 06:00:00",5769,4362.03607963794,3596.29225183909,5127.77990743679,3190.93195537135,5533.14020390453
"2018-04-23 07:00:00",6574,4961.28730186466,4195.51102066825,5727.06358306108,3790.13354440959,6132.44105931974
"2018-04-23 08:00:00",5970,4461.53265768848,3695.72542234722,5227.33989302975,3290.33155995409,5632.73375542288
"2018-04-23 09:00:00",5325,4043.77228409841,3277.93552454739,4809.60904364943,2872.5260329817,5215.01853521512
"2018-04-23 10:00:00",4547,3625.00631488455,2859.14139495121,4390.87123481789,2453.7169961796,4796.2956335895
"2018-04-23 11:00:00",4577,3859.23488071283,3093.34310117785,4625.1266602478,2687.90448379202,5030.56527763364
"2018-04-23 12:00:00",4739,4148.45810919793,3382.54071071396,4914.37550768189,2977.08853147574,5319.82768692011
"2018-04-23 13:00:00",4803,4109.67612497454,3343.73429084945,4875.61795909964,2938.26917616418,5281.0830737849
"2018-04-23 14:00:00",5243,4386.88904976697,3620.92390861785,5152.85419091608,3215.44645593936,5558.33164359457
"2018-04-23 15:00:00",5852,4942.09700245705,4176.10963074121,5708.0843741729,3770.62040991155,6113.57359500256
"2018-04-23 16:00:00",6883,5788.3000991506,5022.29152357896,6554.30867472223,4616.79107810607,6959.80912019512
"2018-04-23 17:00:00",6188,5567.49845324215,4801.46965308088,6333.52725340342,4395.95850135695,6739.03840512735
"2018-04-23 18:00:00",4660,4061.69217547834,3295.64408474365,4827.74026621303,2890.122721207,5233.26162974968
"2018-04-23 19:00:00",3243,2979.8813740197,2213.81488357094,3745.94786446846,1808.28377981402,4151.47896822537
"2018-04-23 20:00:00",2759,2557.06615450105,1790.98211403679,3323.15019496532,1385.44171986286,3728.69058913924
"2018-04-23 21:00:00",2183,2101.2466200905,1335.14584005208,2867.34740012892,929.596584482874,3272.89665569813
"2018-04-23 22:00:00",1537,1490.42287154702,724.30612493396,2256.53961816009,318.748417170692,2662.09732592335
"2018-04-23 23:00:00",963,979.595007276727,213.463031377962,1745.72698317549,-192.102738282174,2151.29275283563
"2018-04-24 00:00:00",530,525.763123387794,-240.383378567201,1291.90962534279,-645.956837857009,1697.4830846326
"2018-04-24 01:00:00",330,337.927313744143,-428.233043522455,1104.08767101074,-833.813837371178,1509.66846485946
"2018-04-24 02:00:00",248,273.087670017832,-493.085902798866,1039.26124283453,-898.673692537222,1444.84903257289
"2018-04-24 03:00:00",346,349.244281740247,-416.941896415975,1115.43045989647,-822.536359017998,1521.02492249849
"2018-04-24 04:00:00",911,900.397236352084,134.199034881887,1666.59543782228,-271.401792478088,2072.19626518226
"2018-04-24 05:00:00",2936,2850.54661925217,2084.33694961121,3616.75628889313,1678.73005136834,4022.363187136
"2018-04-24 06:00:00",5886,5518.69251384515,4752.47190553669,6284.91312215362,4346.85921671303,6690.52581097728
"2018-04-24 07:00:00",6535,6210.83500158805,5444.60395966031,6977.06604351579,5038.98574761224,7382.68425556386
"2018-04-24 08:00:00",5905,5894.97416203575,5128.73316821202,6661.21515585948,4723.10968794845,7066.83863612306
"2018-04-24 09:00:00",5509,5680.11007288542,4913.85958664185,6446.360559129,4508.23108139474,6851.9890643761
"2018-04-24 10:00:00",4540,4459.24281001987,3692.98326961341,5225.50235042633,3287.349971382,5631.13564865775
"2018-04-24 11:00:00",4957,4718.37244754996,3952.1042709988,5484.64062410112,3546.46640106853,5890.27849403139
"2018-04-24 12:00:00",4881,4965.49905785593,4199.22264387454,5731.77547183733,3793.58041331211,6137.41770239976
"2018-04-24 13:00:00",4960,4916.62271162786,4150.33844051881,5682.90698273691,3744.69205064425,6088.55337261147
"2018-04-24 14:00:00",5353,5223.7434779051,4457.45171240967,5990.03524340052,4051.80135524662,6395.68560056358
"2018-04-24 15:00:00",6010,5847.86142411482,5081.56251022427,6614.16033800537,4675.90836892941,7019.81447930023
"2018-04-24 16:00:00",7149,6660.9766161097,5894.67088383896,7427.28234838043,5489.01313311166,7832.94009910773
"2018-04-24 17:00:00",6253,6281.08911820463,5514.77688233035,7047.40135407891,5109.1156888033,7453.06254760595
"2018-04-24 18:00:00",4513,4831.19899321268,4064.88055397708,5597.51743244829,3659.2160765889,6003.18190983646
"2018-04-24 19:00:00",3325,3485.30630248014,2718.98194626231,4251.63065869797,2313.31433661295,4657.29826834733
"2018-04-24 20:00:00",3115,2881.41110592075,2115.08110587701,3647.7411059645,1709.41050856668,4053.41170327482
"2018-04-24 21:00:00",2497,3422.51346204922,2656.17807872379,4188.84884537464,2250.50463167629,4594.52229242215
"2018-04-24 22:00:00",1589,3298.61342801382,2532.27290992135,4064.95394610628,2126.59674469236,4470.63011133527
"2018-04-24 23:00:00",988,1301.71105962833,535.365643809438,2068.05647544723,129.686885880692,2473.73523337597
"2018-04-25 00:00:00",532,830.806411403228,64.4563239544038,1597.15649885205,-341.224906985842,2002.8377297923
"2018-04-25 01:00:00",310,598.899536576056,-167.455006844901,1365.25407999701,-573.138596634307,1770.93766978642
"2018-04-25 02:00:00",237,435.990487141203,-330.368306550735,1202.34928083314,-736.054146297689,1608.03512058009
"2018-04-25 03:00:00",341,526.079313878907,-240.283533879709,1292.44216163752,-645.971519719927,1698.13014747774
"2018-04-25 04:00:00",904,980.166066383615,213.799351704322,1746.53278106291,-191.890681160051,2152.22281392728
"2018-04-25 05:00:00",2917,2991.25079309167,2224.88038999769,3757.62119618566,1819.18840460452,4163.31318157882
"2018-04-25 06:00:00",5866,5948.33354130837,5181.95962006463,6714.7074625521,4776.26577227548,7120.40131034125
"2018-04-25 07:00:00",6303,6876.41435723434,6110.03708024527,7642.7916342234,5704.34145603185,8048.48725843682
"2018-04-25 08:00:00",5850,6619.49328599137,5853.11280816383,7385.8737638189,5447.41548952888,7791.57108245385
"2018-04-25 09:00:00",5455,5383.57037164759,4617.18684073709,6149.95390255809,4211.48790589765,6555.65283739753
"2018-04-25 10:00:00",4524,4756.64565724208,3990.25921418295,5523.0321003012,3584.55873774515,5928.73257673901
"2018-04-25 11:00:00",4891,4829.71918480888,4063.32996402925,5596.10840558851,3657.62801715503,6001.81035246272
"2018-04-25 12:00:00",5067,5018.79099540048,4252.39912512266,5785.1828656783,3846.69577568883,6190.88621511214
"2018-04-25 13:00:00",5020,5022.86112911076,4256.46673163778,5789.25552658374,3850.76204438763,6194.96021383388
"2018-04-25 14:00:00",5276,5442.9296250973,4676.53281708621,6209.3264331084,4270.82685377426,6615.03239642034
"2018-04-25 15:00:00",6002,5840.99652160334,5074.59741432587,6607.39562888081,4668.89023385583,7013.10280935085
"2018-04-25 16:00:00",6816,7028.06185597906,6261.66055557027,7794.46315638785,5855.95221412664,8200.17149783148
"2018-04-25 17:00:00",6420,6465.12566470247,5698.7222723979,7231.52905700703,5293.01282357154,7637.2385058334
"2018-04-25 18:00:00",4695,4669.18798339975,3902.78259576164,5435.59337103787,3497.07209066949,5841.30387613001
"2018-04-25 19:00:00",3543,3399.24884686518,2632.84155599818,4165.65613773219,2227.13004339752,4571.36765033285
"2018-04-25 20:00:00",3225,3040.30828908053,2273.89918283753,3806.71739532354,1868.18670923488,4212.42986892619
"2018-04-25 21:00:00",2560,2610.36634323405,1843.95550541247,3376.77718105563,1438.24211516749,3782.49057130061
"2018-04-25 22:00:00",1618,1732.42304173899,966.010552268004,2498.83553120997,560.296287692638,2904.54979578534
"2018-04-25 23:00:00",1023,1091.4784162517,325.064351370815,1857.89248113259,-80.6507471761795,2263.60757967959
"2018-04-26 00:00:00",551,567.532497689335,-198.883069881291,1333.94806525996,-604.598963904181,1739.66395928285
"2018-04-26 01:00:00",358,357.585316247059,-408.831684649998,1124.00231714411,-814.548337430066,1529.71896992418
"2018-04-26 02:00:00",255,281.636901414948,-484.781466647121,1048.05526947702,-890.49884316063,1453.77264599053
"2018-04-26 03:00:00",350,367.687281994444,-398.732390125301,1134.10695411419,-804.450456965244,1539.82502095413
"2018-04-26 04:00:00",899,915.73648611443,149.315570131259,1682.1574020976,-256.403155170208,2087.87612739907
"2018-04-26 05:00:00",2953,2891.78454124694,2125.36243881598,3658.2066436779,1719.643085447,4063.92599704688
"2018-04-26 06:00:00",5813,5721.83147422249,4955.40824010905,6488.25470833594,4549.68828766355,6893.97466078144
"2018-04-26 07:00:00",6493,6467.87731124509,5701.45299768647,7234.3016248037,5295.73247381721,7640.02214867296
"2018-04-26 08:00:00",5890,6052.9220779068,5286.49673472904,6819.34742108456,4880.77566581232,7225.06849000128
"2018-04-26 09:00:00",5495,5848.96579920212,5082.53947393125,6615.39212447299,4676.81788512585,7021.11371327839
"2018-04-26 10:00:00",4675,4889.00849954186,4122.58123751013,5655.43576157359,3716.85915281348,6061.15784627024
"2018-04-26 11:00:00",5110,5042.05020276681,4275.62204721393,5808.4783583197,3869.89948951575,6214.20091601787
"2018-04-26 12:00:00",5078,5034.09093216105,4267.66192433078,5800.51993999133,3861.93891546421,6206.2429488579
"2018-04-26 13:00:00",5281,5117.13071046494,4350.70088969725,5883.56053123264,3944.9774504876,6289.28397044228
"2018-04-26 14:00:00",5661,5451.16955988781,4684.73896370674,6217.60015606888,4279.01511401805,6623.32400575757
"2018-04-26 15:00:00",6257,6195.20750212038,5428.7761663179,6961.63883792287,5023.05192509728,7367.36307914348
"2018-04-26 16:00:00",7139,6858.24455834686,6091.81251706279,7624.67659963094,5686.08790238277,8030.40121431095
"2018-04-26 17:00:00",6372,6375.28074925678,5608.84803505505,7141.7134634585,5203.12306415395,7547.4384343596
"2018-04-26 18:00:00",5068,4985.31609505652,4218.88273899796,5751.74945111507,3813.15742831838,6157.47476179465
"2018-04-26 19:00:00",3813,3683.35061548064,2916.91664719233,4449.78458376894,2511.19101241789,4855.51021854338
"2018-04-26 20:00:00",3338,3478.38432980285,2711.9497775443,4244.81888206139,2306.2238336347,4650.544825971
"2018-04-26 21:00:00",3058,3458.4172568468,2691.9821475731,4224.85236612049,2286.25590879748,4630.57860489611
"2018-04-26 22:00:00",2171,2155.44941499657,1389.01377441859,2921.88505557456,983.287254387469,3327.61157560568
"2018-04-26 23:00:00",1253,1280.48082220697,514.044674848771,2046.91696956517,108.317886544415,2452.64375786953
"2018-04-27 00:00:00",683,719.51149601351,-46.925134732827,1485.94812675985,-452.652178927407,1891.67517095443
"2018-04-27 01:00:00",422,424.541453542234,-341.895638279917,1190.97854536438,-747.622926553289,1596.70583363776
"2018-04-27 02:00:00",328,329.570711519267,-436.866820096283,1096.00824313482,-842.594341182217,1501.73576422075
"2018-04-27 03:00:00",380,400.599286280155,-365.838664828748,1167.03723738906,-771.566407981049,1572.76498054136
"2018-04-27 04:00:00",849,837.627193778984,71.1888425397517,1604.06554501822,-334.539112428751,2009.79349998672
"2018-04-27 05:00:00",2744,2698.65444959729,1932.21571669698,3465.0931824976,1526.48755968931,3870.82133950527
"2018-04-27 06:00:00",5573,5499.68106895276,4733.24197200811,6266.1201658974,4327.51362228701,6671.84851561851
"2018-04-27 07:00:00",6712,6633.70706670771,5867.26762252231,7400.14651089312,5461.53908898305,7805.87504443238
"2018-04-27 08:00:00",6109,6133.73245737743,5367.29268197921,6900.17223277565,4961.56397310648,7305.90094164839
"2018-04-27 09:00:00",5414,5148.75725513824,4382.31716381533,5915.19734646114,3976.58828770217,6320.9262225743
"2018-04-27 10:00:00",4946,4677.7814738354,3911.34108117026,5444.22186650055,3505.61204553615,5849.95090213465
"2018-04-27 11:00:00",5365,5207.80512699091,4441.36444689287,5974.24580708895,4035.63525910099,6379.97499488083
"2018-04-27 12:00:00",5622,5440.82822781097,4674.38727354736,6207.26918207459,4268.65794062098,6612.99851500096
"2018-04-27 13:00:00",5487,5377.85078919342,4611.40957341915,6144.2920049677,4205.68010205739,6550.02147632945
"2018-04-27 14:00:00",6005,5810.87282373491,5044.43135852077,6577.31428894906,4638.70175511352,6983.0438923563
"2018-04-27 15:00:00",6560,6390.89434373794,5624.45264059755,7157.33604687833,5218.72291123976,7563.06577623612
"2018-04-27 16:00:00",6471,6907.91536121772,6141.47343113326,7674.35729130219,5735.74358163853,8080.08714079691
"2018-04-27 17:00:00",6459,6275.93588790891,5509.49374135563,7042.37803446219,5103.76377726924,7448.10799854858
"2018-04-27 18:00:00",5355,4966.95593527212,4200.51358224177,5733.39828830247,3794.78350885301,6139.12836169123
"2018-04-27 19:00:00",4083,4098.97551450036,3332.53296452348,4865.41806447725,2926.80278687752,5271.14824212321
"2018-04-27 20:00:00",3319,3559.99463652527,2793.55189869247,4326.43737435806,2387.82162160161,4732.16765144892
"2018-04-27 21:00:00",3384,3546.01331202319,2779.57039500551,4312.45622904086,2373.84002305989,4718.18660098648
"2018-04-27 22:00:00",2709,2850.03155142118,2083.5884634894,3616.47463935296,1677.85800106733,4022.20510177503
"2018-04-27 23:00:00",1942,1985.04936490281,1218.60611394595,2751.49261585966,812.875565223612,3157.223164582
"2018-04-28 00:00:00",1097,1299.06676241383,532.623355956778,2065.51016887089,126.892724917608,2471.24079991006
"2018-04-28 01:00:00",725,740.083753667778,-26.3598011119307,1506.52730844749,-432.09051066837,1912.25801800393
"2018-04-28 02:00:00",531,534.10034815133,-232.343348104786,1300.54404440745,-638.074132554311,1706.27482885697
"2018-04-28 03:00:00",382,394.116555129654,-372.327276072633,1160.56038633194,-778.058131958346,1566.29124221765
"2018-04-28 04:00:00",365,377.132383651556,-389.311576268087,1143.5763435712,-795.042500292652,1549.30726759576
"2018-04-28 05:00:00",744,691.147842554544,-75.2962401411496,1457.59192525024,-481.02722915943,1863.32291426852
"2018-04-28 06:00:00",1366,1426.16294046975,659.718740665077,2192.60714027443,253.987689653045,2598.33819128646
"2018-04-28 07:00:00",2330,2315.17768582677,1548.7333743186,3081.62199733495,1143.00226417431,3487.35310747924
"2018-04-28 08:00:00",3737,3400.19208685835,2633.74766880266,4166.63650491404,2228.01650225552,4572.36767146117
"2018-04-28 09:00:00",4509,4161.20615160497,3394.76163191976,4927.65067129018,2989.03041157321,5333.38189163674
"2018-04-28 10:00:00",4752,4472.21988791939,3705.77527129565,5238.66450454314,3300.04399963293,5644.39577620585
"2018-04-28 11:00:00",5130,4993.23330347097,4226.78859438316,5759.67801255879,3821.05727377292,6165.40933316903
"2018-04-28 12:00:00",5453,5271.24640574999,4504.80160846603,6037.69120303395,4099.07024116757,6443.42257033241
"2018-04-28 13:00:00",5529,5315.25920207181,4548.81432066264,6081.70408348098,4143.08290883099,6487.43549531263
"2018-04-28 14:00:00",5191,5304.27169958098,4537.82673792963,6070.71666123234,4132.09528362033,6476.44811554164
"2018-04-28 15:00:00",4925,5348.28390525521,4581.83886706547,6114.72894344495,4176.1073722392,6520.46043827123
"2018-04-28 16:00:00",5034,5035.29582590927,4268.85071471398,5801.74093710456,3863.1191812409,6207.47247057764
"2018-04-28 17:00:00",4991,5015.30746819878,4248.86228736771,5781.75264902986,3843.13071703167,6187.4842193659
"2018-04-28 18:00:00",4300,4549.31883862398,3782.87359137134,5315.76408587661,3377.14198587386,5721.49569137409
"2018-04-28 19:00:00",3764,3900.32994353327,3133.88463292495,4666.77525414159,2728.15299388898,5072.50689317755
"2018-04-28 20:00:00",3189,3354.34078912684,2587.89541808718,4120.7861601665,2182.1637470608,4526.51783119288
"2018-04-28 21:00:00",3076,3207.3513814601,2440.90595277847,3973.79681014173,2035.17425123827,4379.52851168192
"2018-04-28 22:00:00",2900,3822.36172644702,3055.91624278405,4588.80721011,2650.18451213848,4994.53894075557
"2018-04-28 23:00:00",3360,2768.37182986352,2001.92629375701,3534.81736597004,1596.19453534951,3940.54912437754
"2018-04-29 00:00:00",1532,1455.38169735061,688.936111221227,2221.82728348,283.204326333226,2627.559068368
"2018-04-29 01:00:00",821,953.391334417582,186.94570057427,1719.83696826089,-218.786109571959,2125.56877840712
"2018-04-29 02:00:00",601,679.40074644508,-87.0449329097967,1445.84642579996,-492.776767148393,1851.57826003855
"2018-04-29 03:00:00",347,473.409938688102,-293.035784077632,1239.85566145384,-698.767641296548,1645.58751867275
"2018-04-29 04:00:00",280,376.418916278933,-390.026847893915,1142.86468045178,-795.758727032432,1548.5965595903
"2018-04-29 05:00:00",427,571.427684230015,-195.018119438692,1337.87348789872,-600.750019485055,1743.60538794508
"2018-04-29 06:00:00",839,912.436247436737,145.990406095207,1678.88208877827,-259.741513893943,2084.61400876742
"2018-04-29 07:00:00",1397,1297.44461068018,530.998733404715,2063.89048795564,125.26679439329,2469.62242696707
"2018-04-29 08:00:00",2153,2208.45277862977,1442.006867079,2974.89869018054,1036.27490992332,3380.63064733622
"2018-04-29 09:00:00",3258,3227.46075584591,2461.0148116019,3993.90670008992,2055.28283713947,4399.63867455235
"2018-04-29 10:00:00",3848,4096.46854678249,3330.02257135429,4862.9145222107,2924.29058038394,5268.64651318105
"2018-04-29 11:00:00",4381,4549.47615578943,3783.03015061641,5315.92216096244,3377.29814390011,5721.65416767874
"2018-04-29 12:00:00",4886,4789.48358711502,4023.03755357015,5555.92962065989,3617.3055318347,5961.66164239535
"2018-04-29 13:00:00",4828,4769.4908449084,4003.04478430125,5535.93690551555,3597.3127482399,5941.66894157691
"2018-04-29 14:00:00",4715,4761.49793322179,3995.0518468015,5527.94401964209,3589.31979707549,5933.6760693681
"2018-04-29 15:00:00",4570,4874.5048560128,4108.05874497083,5640.95096705477,3702.32668221089,6046.68302981471
"2018-04-29 16:00:00",4886,4721.51161714661,3955.06548261944,5487.95775167377,3549.33340742719,5893.68982686602
"2018-04-29 17:00:00",4390,4311.51822039814,3545.07206346981,5077.96437732648,3139.33997641909,5483.6964643772
"2018-04-29 18:00:00",3903,3795.5246694542,3029.07849115867,4561.97084774972,2623.34639279684,4967.70294611155
"2018-04-29 19:00:00",3351,3236.53096791545,2470.08476923899,4002.9771665919,2064.35266008815,4408.70927574274
"2018-04-29 20:00:00",3026,3147.5371192985,2381.09090118185,3913.98333741515,1975.35878174,4319.71545685701
"2018-04-29 21:00:00",2367,2420.54312703785,1654.09689037832,3186.98936369739,1248.36476112046,3592.72149295525
"2018-04-29 22:00:00",1703,1914.54899448779,1148.10274014127,2680.99524883431,742.370601520482,3086.72738745509
"2018-04-29 23:00:00",1035,1364.55472492427,598.10845370715,2131.00099614138,192.37630615561,2536.73314369292
"2018-04-30 00:00:00",541,622.560321546754,-143.885965762253,1389.00660885576,-549.618121832326,1794.73876492583
"2018-04-30 01:00:00",327,357.565787479999,-408.880515178136,1124.01209013813,-814.612679373545,1529.74425433354
"2018-04-30 02:00:00",275,267.571125775785,-498.875191522998,1034.01744307457,-904.607363468698,1439.74961502027
"2018-04-30 03:00:00",355,381.576339414631,-384.869991849022,1148.02267067828,-790.602171187278,1553.75485001654
"2018-04-30 04:00:00",891,908.581431307459,142.13508672352,1675.0277758914,-263.597099666069,2080.75996228099
"2018-04-30 05:00:00",2871,2872.58640429721,2106.14004700782,3639.0327615866,1700.40785389237,4044.76495470205
"2018-04-30 06:00:00",5730,5777.59126116045,5011.14489175206,6544.03763056884,4605.4126922212,6949.7698300997
"2018-04-30 07:00:00",6633,6582.5960046089,5816.14962364089,7349.0423855769,5410.41741799074,7754.77459122705
"2018-04-30 08:00:00",5724,5978.60063729095,5212.1542452969,6745.04702928501,4806.42203380991,7150.779240772
"2018-04-30 09:00:00",5171,5333.60516179317,4567.158759282,6100.05156430434,4161.42654222759,6505.78378135875
"2018-04-30 10:00:00",4523,4555.60958064171,3789.16316809887,5322.05599318455,3383.43094573401,5727.78821554941
"2018-04-30 11:00:00",4619,4585.61389630373,3819.16747419226,5352.0603184152,3413.43524676208,5757.79254584539
"2018-04-30 12:00:00",4825,4747.6181111888,3981.17167995036,5514.06454242723,3575.43944768865,5919.79677468894
"2018-04-30 13:00:00",4837,4811.62222765019,4045.17578770607,5578.06866759431,3639.44355083585,5983.80090446453
"2018-04-30 14:00:00",5147,5251.62624798624,4485.17979973827,6018.07269623422,4079.44755847226,6423.80493750023
"2018-04-30 15:00:00",5792,5860.63017444163,5094.18371827309,6627.07663061017,4688.45147281418,7032.80887606908
"2018-04-30 16:00:00",6901,6891.63400920859,6125.18754548508,7658.08047293211,5719.45529602681,8063.81272239038
"2018-04-30 17:00:00",6184,6196.63775442819,5430.19128349843,6963.08422535796,5024.4590302254,7368.81647863099
"2018-04-30 18:00:00",4568,4668.64141219149,3902.1949343881,5435.08788999489,3496.46267747639,5840.8201469066
"2018-04-30 19:00:00",3259,3251.64498454072,2485.19850018096,4018.09146890047,2079.46623979853,4423.82372928291
"2018-04-30 20:00:00",2673,2767.64847347041,2001.20198285693,3534.0949640839,1595.46971916396,3939.82722777687
"2018-04-30 21:00:00",2329,2191.65188092855,1425.20538434999,2958.09837750711,1019.4731174993,3363.8306443578
"2018-04-30 22:00:00",1594,1545.6552088176,779.208706549295,2312.10171108591,373.476436686644,2717.83398094856
"2018-04-30 23:00:00",1061,971.658458995622,205.211951300199,1738.10496669105,-200.520321435394,2143.83723942664
"2018-05-01 00:00:00",576,538.661633277279,-227.784879594758,1305.10814614932,-633.517155070685,1710.84042162524
"2018-05-01 01:00:00",395,338.664733434861,-427.78178437485,1105.11125124457,-833.514062464624,1510.84352933435
"2018-05-01 02:00:00",275,256.667761199272,-509.778761320201,1023.11428371875,-915.511041903173,1428.84656430172
"2018-05-01 03:00:00",370,354.670718260999,-411.775808750846,1121.11724527284,-817.508091711935,1526.84952823393
"2018-05-01 04:00:00",916,919.673606271051,153.227074974192,1686.12013756791,-252.505210255247,2091.85242279735
"2018-05-01 05:00:00",2893,2944.67642684188,2178.2298914578,3711.12296222597,1772.49760406471,4116.85524961906
"2018-05-01 06:00:00",5653,5894.6791815483,5128.23264226565,6661.12572083096,4722.50035280878,7066.85801028783
"2018-05-01 07:00:00",6046,6543.68187192834,5777.23532892706,7310.12841492962,5371.50303750167,7715.860706355
"2018-05-01 08:00:00",6140,5913.6844994841,5147.23795293584,6680.13104603236,4741.50565963279,7085.86333933541
"2018-05-01 09:00:00",5420,5517.68706568263,4751.24051575111,6284.13361561415,4345.50822065708,6689.86591070819
"2018-05-01 10:00:00",4468,4548.68957195671,3782.24301879809,5315.13612511532,3376.51072199573,5720.86842191768
"2018-05-01 11:00:00",4473,4965.69201970565,4199.24546346889,5732.13857594241,3793.51316503707,6137.87087437424
"2018-05-01 12:00:00",5111,4889.69441029612,4123.24785112329,5656.14096946894,3717.51555113721,6061.87326945502
"2018-05-01 13:00:00",4988,4968.69674506283,4202.25018308947,5735.14330703619,3796.51788162087,6140.87560850479
"2018-05-01 14:00:00",4926,5361.69902530936,4595.25246066472,6128.14558995399,4189.52015778204,6533.87789283668
"2018-05-01 15:00:00",5802,6018.70125230883,5252.25468511622,6785.14781950144,4846.52238088471,7190.88012373294
"2018-05-01 16:00:00",6900,7157.70342730463,6391.25685768166,7924.14999692761,5985.5245521636,8329.88230244567
"2018-05-01 17:00:00",6410,6261.70555151113,5495.25897956997,7028.15212345229,5089.52667282474,7433.88443019753
"2018-05-01 18:00:00",4866,4521.70762611434,3755.26105196199,5288.15420026668,3349.52874404623,5693.88650818244
"2018-05-01 19:00:00",3411,3333.70965227255,2567.26307601108,4100.15622853402,2161.53076697882,4505.88853756628
"2018-05-01 20:00:00",2907,3123.71163111703,2357.2650528438,3890.15820939027,1951.53274274657,4295.8905194875
"2018-05-01 21:00:00",2287,2505.71356375263,1739.26698356049,3272.16014394478,1333.53467244745,3677.89245505782
"2018-05-01 22:00:00",1438,1597.71545125839,831.268869235905,2364.16203328088,425.536557153941,2769.89434536284
"2018-05-01 23:00:00",1093,996.717294688156,230.270710919815,1763.1638784565,-175.461602086349,2168.89619146266
"2018-05-02 00:00:00",517,540.719095071166,-225.727490362446,1307.16568050478,-631.459804250151,1712.89799439248
"2018-05-02 01:00:00",324,318.720853412624,-447.725733609394,1085.16744043464,-853.45804833795,1490.8997551632
"2018-05-02 02:00:00",253,245.722570694262,-520.724017842844,1012.16915923137,-926.45633337344,1417.90147476196
"2018-05-02 03:00:00",351,349.724247874886,-416.722342107375,1116.17083785715,-822.454658402989,1521.90315415276
"2018-05-02 04:00:00",915,912.725885890913,146.279294530202,1679.17247725162,-259.453022495119,2084.90479427695
"2018-05-02 05:00:00",2959,2925.72748565689,2159.28089298136,3692.17407833243,1753.54857526001,4097.90639605378
"2018-05-02 06:00:00",5910,5874.72904806602,5108.28245413635,6641.17564199569,4702.5501357511,7046.90796038094
"2018-05-02 07:00:00",6606,6311.73057399063,5545.28397886471,7078.17716911655,5139.55165984621,7483.90948813505
"2018-05-02 08:00:00",5676,5858.73206428269,5092.28546801574,6625.17866054964,4686.55314839322,7030.91098017217
"2018-05-02 09:00:00",5638,5463.73351977428,4697.28692241896,6230.18011712959,4291.55460222029,6635.91243732826
"2018-05-02 10:00:00",4815,4532.73494127802,3766.28834288458,5299.18153967146,3360.55602213636,5704.91386041969
"2018-05-02 11:00:00",4999,4899.73632958759,4133.28973020394,5666.18292897125,3727.55740893153,6071.91525024366
"2018-05-02 12:00:00",5088,5075.73768547813,4309.29108514997,5842.18428580628,3903.55876337757,6247.91660757869
"2018-05-02 13:00:00",5034,5028.73900970666,4262.29240847759,5795.18561093572,3856.56008622828,6200.91793318503
"2018-05-02 14:00:00",5179,5284.74030301253,4518.29370092414,6051.18690510092,4112.56137821993,6456.91922780513
"2018-05-02 15:00:00",5913,6010.74156611783,5244.29496320978,6777.18816902589,4838.56264007167,7182.920492164
"2018-05-02 16:00:00",6935,6824.7427997278,6058.29619603792,7591.18940341768,5652.56387248593,7996.92172696967
"2018-05-02 17:00:00",6291,6428.74400453119,5662.29740009557,7195.19060896681,5256.56507614881,7600.92293291357
"2018-05-02 18:00:00",4763,4703.74518120067,3937.29857605374,5470.19178634761,3531.56625173043,5875.92411067092
"2018-05-02 19:00:00",3518,3551.74633039322,2785.2997245678,4318.19293621864,2379.56739988532,4723.92526090112
"2018-05-02 20:00:00",3114,3233.74745275046,2467.30084627787,4000.19405922305,2061.5685212528,4405.92638424812
"2018-05-02 21:00:00",2634,2568.74854889903,1802.30194180914,3335.19515598892,1396.56961645729,3740.92748134076
"2018-05-02 22:00:00",1721,1626.74961945094,860.303011772247,2393.19622712963,454.570686108708,2798.92855279317
"2018-05-02 23:00:00",1074,1031.75066500391,265.304056763595,1798.19727324423,-140.428269197251,2203.92959920508
"2018-05-03 00:00:00",591,559.751686141712,-206.69492263431,1326.19829491773,-612.42724887874,1731.93062116216
"2018-05-03 01:00:00",373,366.752683434463,-399.693925852534,1133.19929272146,-805.426252367459,1538.93161923638
"2018-05-03 02:00:00",259,263.753657438983,-502.692952335404,1030.20026721337,-908.425279108337,1435.9325939863
"2018-05-03 03:00:00",345,358.754608699088,-407.692001540193,1125.20121893837,-813.424328559227,1530.9335459574
"2018-05-03 04:00:00",937,907.755537745891,141.308927063174,1674.20214842861,-264.423400190599,2079.93447568238
"2018-05-03 05:00:00",3025,2961.7564450981,2195.30983399242,3728.20305620379,1789.57750651474,4133.93538368147
"2018-05-03 06:00:00",5893,5821.75733126233,5055.3107197532,6588.20394277146,4649.57839206195,6993.93627046271
"2018-05-03 07:00:00",6457,6501.75819673334,5735.31158483939,7268.20480862729,5329.57925694443,7673.93713652225
"2018-05-03 08:00:00",6084,5898.75904199434,5132.31242973334,6665.20565425535,4726.58010164406,7070.93798234462
"2018-05-03 09:00:00",5289,5503.75986751728,4737.31325490615,6270.20648012841,4331.58092663154,6675.93880840302
"2018-05-03 10:00:00",4763,4683.76067376306,3917.31406081798,5450.20728670814,3511.58173236658,5855.93961515954
"2018-05-03 11:00:00",4987,5118.76146118183,4352.31484791821,5885.20807444546,3946.58251929819,6290.94040306548
"2018-05-03 12:00:00",5210,5086.76223021324,4320.31561664578,5853.2088437807,3914.58328786491,6258.94117256157
"2018-05-03 13:00:00",5332,5289.76298128665,4523.31636742937,6056.20959514392,4117.58403849509,6461.94192407821
"2018-05-03 14:00:00",5462,5669.7637148214,4903.31710068769,6436.21032895511,4497.58477160707,6841.94265803573
"2018-05-03 15:00:00",6103,6265.76443122706,5499.31781682967,7032.21104562445,5093.58548760946,7437.94337484465
"2018-05-03 16:00:00",6977,7147.7651309036,6381.31851625471,7914.2117455525,5975.58618690137,8319.94407490584
"2018-05-03 17:00:00",6630,6380.76581424169,5614.3191993529,7147.21242913048,5208.58686987256,7552.94475861082
"2018-05-03 18:00:00",5019,5076.76648162284,4310.31986650522,5843.21309674046,3904.58753690375,6248.94542634193
"2018-05-03 19:00:00",3664,3821.76713341968,3055.32051808379,4588.21374875556,2649.58818836678,4993.94607847257
"2018-05-03 20:00:00",3325,3346.76776999611,2580.32115445204,4113.21438554018,2174.58882462482,4518.9467153674
"2018-05-03 21:00:00",2716,3066.76839170756,2300.32177596491,3833.21500745021,1894.58944603257,4238.94733738255
"2018-05-03 22:00:00",1918,2179.76899890115,1413.32238296909,2946.21561483321,1007.59005293648,3351.94794486582
"2018-05-03 23:00:00",1308,1261.76959191589,495.322975803161,2028.21620802862,89.590645674911,2433.94853815687
"2018-05-04 00:00:00",655,691.770171082879,-74.6764452021835,1458.21678736794,-480.408775421659,1863.94911758742
"2018-05-04 01:00:00",393,430.770736725477,-335.675879723961,1197.21735317492,-741.408210030453,1602.94968348141
"2018-05-04 02:00:00",338,336.771289159501,-429.675327446726,1103.21790576573,-835.407657836217,1508.95023615522
"2018-05-04 03:00:00",409,388.771828693391,-377.674788062389,1155.21844544917,-783.407118531048,1560.95077591783
"2018-05-04 04:00:00",882,857.772355628383,91.325738729954,1624.21897252681,-314.406591814219,2029.95130307098
"2018-05-04 05:00:00",2841,2752.77287025868,1986.32625322419,3519.21948729317,1580.59392260798,3924.95181790937
"2018-05-04 06:00:00",5503,5581.77337287161,4815.32675570733,6348.21999003589,4409.59442502243,6753.9523207208
"2018-05-04 07:00:00",6587,6720.77386374781,5954.32724645973,7487.22048103588,5548.5949157093,7892.95281178632
"2018-05-04 08:00:00",5771,6117.77434316133,5351.32772575518,6884.22096056748,4945.59539494223,7289.95329138043
"2018-05-04 09:00:00",5156,5422.77481137985,4656.32819386107,6189.22142889863,4250.59586298851,6594.9537597712
"2018-05-04 10:00:00",4982,4954.7752686648,4188.32865103858,5721.22188629101,3782.59632010915,6126.95421722044
"2018-05-04 11:00:00",5275,5373.77571527147,4607.32909754279,6140.22233300016,4201.59676655911,6545.95466398384
"2018-05-04 12:00:00",5528,5630.77615144924,4864.32953362281,6397.22276927566,4458.59720258739,6802.95510031109
"2018-05-04 13:00:00",5557,5495.77657744162,4729.32995952196,6262.22319536127,4323.59762843718,6667.95552644605
"2018-05-04 14:00:00",5869,6013.77699348646,5247.33037547788,6780.22361149504,4841.59804434602,7185.9559426269
"2018-05-04 15:00:00",6262,6568.77739981605,5802.33078172265,7335.22401790946,5396.59845054589,7740.95634908621
"2018-05-04 16:00:00",6662,6479.77779665726,5713.33117848294,7246.22441483157,5307.59884726336,7651.95674605116
"2018-05-04 17:00:00",6014,6467.77818423165,5701.33156598016,7234.22480248314,5295.59923471972,7639.95713374357
"2018-05-04 18:00:00",5024,5363.77856275562,4597.33194443052,6130.22518108071,4191.59961313111,6535.95751238012
"2018-05-04 19:00:00",4000,4091.7789324405,3325.33231404519,4858.22555083581,2919.59998270862,5263.95788217239
"2018-05-04 20:00:00",3541,3327.77929349271,2561.33267503042,4094.22591195499,2155.6003436584,4499.95824332702
"2018-05-04 21:00:00",3323,3392.77964611382,2626.33302758766,4159.22626463999,2220.60069618182,4564.95859604583
"2018-05-04 22:00:00",2718,2717.77999050072,1951.33337191363,3484.22660908782,1545.60104047553,3889.95894052592
"2018-05-04 23:00:00",2103,1950.78032684569,1184.33370820048,2717.22694549091,778.601376731609,3122.95927695977
"2018-05-05 00:00:00",1446,1105.78065533652,339.334036635864,1872.22727403717,-66.3982948623488,2277.95960553538
"2018-05-05 01:00:00",691,733.780976156606,-32.6656425969257,1500.22759491014,-438.397974123131,1905.95992643634
"2018-05-05 02:00:00",518,539.781289485081,-226.665329318888,1306.22790828905,-632.397660871793,1711.96023984195
"2018-05-05 03:00:00",345,390.781595496882,-375.665023355196,1157.22821434896,-781.397354933569,1562.96054592733
"2018-05-05 04:00:00",399,373.781894362865,-392.664724535102,1140.22851326083,-798.397056137767,1545.9608448635
"2018-05-05 05:00:00",687,752.782186249894,-13.6644326918438,1519.22880519163,-419.396764317679,1924.96113681747
"2018-05-05 06:00:00",1382,1374.78247132094,608.33585233745,2141.22909030443,202.603520689514,2546.96142195236
"2018-05-05 07:00:00",2248,2338.78274973516,1572.33613071185,3105.22936875847,1166.60379904283,3510.96170042749
"2018-05-05 08:00:00",3095,3745.78302164801,2979.33640258671,4512.2296407093,2573.60407089759,4917.96197239843
"2018-05-05 09:00:00",3848,4517.78328721129,3751.33666811377,5284.22990630882,3345.60433640546,5689.96223801713
"2018-05-05 10:00:00",3915,4760.7835465733,3994.33692744121,5527.23016570538,3588.60459571461,5932.96249743198
"2018-05-05 11:00:00",4280,5138.78379987882,4372.33718071377,5905.23041904387,3966.60484896972,6310.96275078792
"2018-05-05 12:00:00",4775,5461.78404726929,4695.33742807279,6228.23066646578,4289.6050963121,6633.96299822648
"2018-05-05 13:00:00",4730,5537.78428888283,4771.33766965635,6304.23090810932,4365.60533787978,6709.96323988589
"2018-05-05 14:00:00",4394,5199.78452485435,4433.33790559926,5966.23114410945,4027.60557380754,6371.96347590116
"2018-05-05 15:00:00",4699,4933.7847553156,4167.33813603322,5700.23137459798,3761.60580422705,6105.96370640414
"2018-05-05 16:00:00",4580,5042.78498039523,4276.33836108683,5809.23159970364,3870.60602926689,6214.96393152358
"2018-05-05 17:00:00",4539,4999.78520021894,4233.3385808857,5766.23181955217,3827.60624905262,6171.96415138525
"2018-05-05 18:00:00",4156,4308.78541490944,3542.33879555252,5075.23203426635,3136.60646370691,5480.96436611197
"2018-05-05 19:00:00",3146,3772.78562458661,3006.3390052071,4539.23224396611,2600.60667334953,4944.96457582368
"2018-05-05 20:00:00",2767,3197.78582936751,2431.33920996646,3964.23244876855,2025.60687809748,4369.96478063753
"2018-05-05 21:00:00",2922,3084.78602936648,2318.33940994488,3851.23264878807,1912.60707806502,4256.96498066793
"2018-05-05 22:00:00",3145,2908.78622469518,2142.33960525398,3675.23284413638,1736.60727336375,4080.96517602661
"2018-05-05 23:00:00",2432,3368.78641546268,2602.33979600278,4135.23303492257,2196.60746410265,4540.9653668227
"2018-05-06 00:00:00",1674,1540.78660177548,774.33998229775,2307.23322125321,368.607650388179,2712.96555316278
"2018-05-06 01:00:00",784,829.786783737603,63.3401642428654,1596.23340323234,-342.39216767571,2001.96573515092
"2018-05-06 02:00:00",509,609.78696145065,-156.659658060313,1376.23358096161,-562.391989987478,1781.96591288878
"2018-05-06 03:00:00",346,355.787135013839,-410.659484512601,1122.23375454028,-816.391816447959,1527.96608647564
"2018-05-06 04:00:00",269,288.787304524076,-477.659315017126,1055.23392406528,-883.391646960298,1460.96625600845
"2018-05-06 05:00:00",459,435.787470076004,-330.659149479279,1202.23408963129,-736.391481429905,1607.96642158191
"2018-05-06 06:00:00",998,847.787631762055,81.3410121933407,1614.23425133077,-324.391319764396,2019.9665832885
"2018-05-06 07:00:00",1332,1405.7877896725,639.341170090977,2172.23440925403,233.608838126459,2577.96674121854
"2018-05-06 08:00:00",2390,2161.78794389551,1395.34132430177,2928.23456348925,989.60899233078,3333.96689546024
"2018-05-06 09:00:00",3000,3266.78809451719,2500.34147491179,4033.23471412259,2094.60914293463,4438.96704609975
"2018-05-06 10:00:00",3568,3856.78824162163,3090.34162200512,4623.23486123815,2684.60929002207,5028.96719322119
"2018-05-06 11:00:00",3914,4389.78838529098,3623.34176566385,5156.2350049181,3217.6094336752,5561.96733690675
"2018-05-06 12:00:00",4053,4894.78852560543,4128.34190596819,5661.23514524267,3722.60957397418,6066.96747723668
"2018-05-06 13:00:00",4237,4836.78866264334,4070.34204299646,5603.23528229022,3664.60971099734,6008.96761428934
"2018-05-06 14:00:00",4295,4723.78879648122,3957.34217682513,5490.2354161373,3551.60984482114,5895.96774814129
"2018-05-06 15:00:00",4332,4578.78892719378,3812.34230752892,5345.23554685865,3406.60997552028,5750.96787886728
"2018-05-06 16:00:00",4181,4894.78905485402,4128.34243518079,5661.23567452726,3722.61010316772,6066.96800654033
"2018-05-06 17:00:00",3739,4398.78917953321,3632.34255985199,5165.23579921444,3226.61022783469,5570.96813123173
"2018-05-06 18:00:00",3778,3911.78930130096,3145.34268161212,4678.2359209898,2739.61034959079,5083.96825301113
"2018-05-06 19:00:00",3041,3359.78942022526,2593.34280052915,4126.23603992136,2187.61046850397,4531.96837194654
"2018-05-06 20:00:00",2658,3034.7895363725,2268.34291666946,3801.23615607554,1862.61058464061,4206.96848810438
"2018-05-06 21:00:00",2350,2375.78964980753,1609.34303009788,3142.23626951718,1203.61069806554,3547.96860154952
"2018-05-06 22:00:00",1717,1711.78976059369,945.343140877736,2478.23638030965,539.610808842054,2883.96871234533
"2018-05-06 23:00:00",1248,1043.78986879284,277.343249070867,1810.23648851481,-128.389082967999,2215.96882055367
"2018-05-07 00:00:00",597,549.789974465374,-216.656645262332,1316.23659419308,-622.388977304234,1721.96892623498
"2018-05-07 01:00:00",353,335.790077670305,-430.656542062873,1102.23669740348,-836.388874107672,1507.96902944828
"2018-05-07 02:00:00",244,283.790178465252,-482.656441273146,1050.23679820365,-888.388773320708,1455.96913025121
"2018-05-07 03:00:00",326,363.79027690649,-402.656342836887,1130.23689664987,-808.388674887084,1535.96922870006
"2018-05-07 04:00:00",875,899.790373048983,133.343753300857,1666.23699279711,-272.388578751855,2071.96932484982
"2018-05-07 05:00:00",2729,2879.79046694641,2113.34384719375,3646.23708669907,1707.61151513864,4051.96941875417
"2018-05-07 06:00:00",5780,5738.79055865119,4972.34393889422,6505.23717840817,4566.61160683682,6910.96951046557
"2018-05-07 07:00:00",6339,6641.79064821454,5875.34402845344,7408.23726797564,5469.61169639386,7813.96960003522
"2018-05-07 08:00:00",5793,5732.79073568645,4966.34411592142,6499.23735545148,4560.61178385976,6904.96968751314
"2018-05-07 09:00:00",4932,5179.79082111577,4413.34420134699,5946.23744088455,4007.61186928335,6351.96977294819
"2018-05-07 10:00:00",4369,4531.79090455019,3765.34428477783,5298.23752432254,3359.61195271229,5703.96985638808
"2018-05-07 11:00:00",4608,4627.79098603629,3861.34436626052,5394.23760581206,3455.61203419318,5799.9699378794
"2018-05-07 12:00:00",4792,4833.79106561957,4067.34444584055,5600.2376853986,3661.61211377149,6005.97001746766
"2018-05-07 13:00:00",4815,4845.79114334447,4079.34452356235,5612.2377631266,3673.61219149164,6017.97009519731
"2018-05-07 14:00:00",4969,5155.79121925438,4389.3445994693,5922.23783903947,3983.61226739702,6327.97017111175
"2018-05-07 15:00:00",5799,5800.79129339169,5034.34467360378,6567.2379131796,4628.61234153001,6972.97024525337
"2018-05-07 16:00:00",6663,6909.79136579778,6143.34474600718,7676.23798558838,5737.61241393198,8081.97031766358
"2018-05-07 17:00:00",6197,6192.79143651308,5426.34481671991,6959.23805630626,5020.61248464335,7364.97038838282
"2018-05-07 18:00:00",4502,4576.79150557708,3810.34488578146,5343.23812537271,3404.6125537036,5748.97045745056
"2018-05-07 19:00:00",3292,3267.79157302834,2501.34495323038,4034.2381928263,2095.61262115128,4439.97052490539
"2018-05-07 20:00:00",2791,2681.79163890451,1915.34501910432,3448.2382587047,1509.61268702404,3853.97059078497
"2018-05-07 21:00:00",2494,2337.79170324237,1571.34508344006,3104.23832304469,1165.61275135866,3509.97065512609
"2018-05-07 22:00:00",1591,1602.79176607786,836.345146273513,2369.2383858822,430.612814191041,2774.97071796467
"2018-05-07 23:00:00",1010,1069.79182744604,303.345207639763,1836.23844725232,-102.387124443733,2241.97077933582
"2018-05-08 00:00:00",585,584.79188738119,-181.654732426934,1351.23850718931,-587.387064511407,1756.97083927379
"2018-05-08 01:00:00",356,403.791945916766,-362.654673893119,1170.23856572665,-768.387005978523,1575.97089781206
"2018-05-08 02:00:00",264,283.792003085451,-482.654616726113,1050.23862289701,-888.386948812406,1455.97095498331
"2018-05-08 03:00:00",331,378.792058919165,-387.654560894,1145.23867873233,-793.386892981142,1550.97101081947
"2018-05-08 04:00:00",868,924.79211344908,158.345493634388,1691.23873326377,-247.386838453562,2096.97106535172
"2018-05-08 05:00:00",2849,2901.79216670564,2135.34554688949,3668.23878652179,1729.61321480077,4073.97111861051
"2018-05-08 06:00:00",5958,5661.79221871859,4895.34559890105,6428.23883853613,4489.61326681159,6833.97117062558
"2018-05-08 07:00:00",6651,6054.79226951696,5288.34564969809,6821.23888933582,4882.61331760793,7226.97122142598
"2018-05-08 08:00:00",6203,6148.79231912911,5382.34569930898,6915.23893894924,4976.61336721815,7320.97127104006
"2018-05-08 09:00:00",5428,5428.79236758274,4662.34574776141,6195.23898740408,4256.61341566994,6600.97131949554
"2018-05-08 10:00:00",4500,4476.79241490492,3710.34579508243,5243.2390347274,3304.61346299036,5648.97136681948
"2018-05-08 11:00:00",4614,4481.79246112205,3715.34584129847,5248.23908094563,3309.61350920581,5653.97141303829
"2018-05-08 12:00:00",4601,5119.79250625995,4353.34588643532,5886.23912608457,3947.61355434211,6291.97145817778
"2018-05-08 13:00:00",4583,4996.79255034381,4230.34593051818,5763.23917016943,3824.61359842444,6168.97150226317
"2018-05-08 14:00:00",5196,4934.79259339825,4168.34597357167,5701.23921322482,3762.61364147742,6106.97154531907
"2018-05-08 15:00:00",5855,5810.7926354473,5044.34601561981,6577.23925527479,4638.61368352509,6982.97158736951
"2018-05-08 16:00:00",6578,6908.79267651445,6142.34605668609,7675.2392963428,5736.61372459091,8080.97162843798
"2018-05-08 17:00:00",6279,6418.79271662262,5652.34609679344,7185.2393364518,5246.61376469782,7590.97166854742
"2018-05-08 18:00:00",4545,4874.79275579421,4108.34613596424,5641.23937562418,3702.6138038682,6046.97170772021
"2018-05-08 19:00:00",3274,3419.79279405108,2653.34617422036,4186.2394138818,2247.61384212392,4591.97174597824
"2018-05-08 20:00:00",3044,2915.7928314146,2149.34621158316,3682.23945124604,1743.61387948635,4087.97178334285
"2018-05-08 21:00:00",2334,2295.79286790563,1529.34624807351,3062.23948773775,1123.61391597633,3467.97181983493
"2018-05-08 22:00:00",1513,1446.79290354454,680.346283711764,2213.23952337731,274.613951614242,2618.97185547483
"2018-05-08 23:00:00",1027,1101.79293835123,335.346318517831,1868.23955818462,-70.3860135800198,2273.97189028248
"2018-05-09 00:00:00",516,525.792972345131,-240.65364748886,1292.23959217912,-646.385979587025,1697.97192427729
"2018-05-09 01:00:00",319,332.793005545227,-433.65361428933,1099.23962537978,-839.385946387795,1504.97195747825
"2018-05-09 02:00:00",261,261.793037970052,-504.653581865045,1028.23965780515,-910.385913963796,1433.9719899039
"2018-05-09 03:00:00",340,359.793069637712,-406.653550197901,1126.23968947332,-812.385882296925,1531.97202157235
"2018-05-09 04:00:00",885,923.793100565885,157.346480729781,1690.23972040199,-248.385851369503,2095.97205250127
"2018-05-09 05:00:00",2881,2967.79313077184,2201.34651093527,3734.23975060841,1795.61417883574,4139.97208270795
"2018-05-09 06:00:00",6008,5918.79316027244,5152.34654043542,6685.23978010946,4746.61420833566,7090.97211220923
"2018-05-09 07:00:00",6523,6614.79318908416,5848.34656924672,7381.23980892161,5442.61423714672,7786.9721410216
"2018-05-09 08:00:00",6254,5684.79321722309,4918.34659738524,6451.23983706094,4512.61426528503,6856.97216916115
"2018-05-09 09:00:00",5210,5646.79324470493,4880.34662486669,6413.23986454317,4474.61429276628,6818.97219664359
"2018-05-09 10:00:00",4720,4823.79327154503,4057.34665170642,5590.23989138364,3651.61431960581,5995.97222348425
"2018-05-09 11:00:00",4693,5007.79329775838,4241.34667791941,5774.23991759734,3835.61434581862,6179.97224969814
"2018-05-09 12:00:00",4840,5096.7933233596,4330.3467035203,5863.2399431989,3924.61437141933,6268.97227529988
"2018-05-09 13:00:00",4933,5042.793348363,4276.34672852338,5809.23996820262,3870.61439642224,6214.97230030377
"2018-05-09 14:00:00",5109,5187.79337278254,4421.34675294261,5954.23999262246,4015.6144208413,6359.97232472377
"2018-05-09 15:00:00",6159,5921.79339663184,5155.34677679162,6688.24001647206,4749.61444469016,7093.97234857352
"2018-05-09 16:00:00",6844,6943.79341992423,6177.34680008373,7710.24003976472,5771.61446798212,8115.97237186633
"2018-05-09 17:00:00",6436,6299.7934426727,5533.34682283194,7066.24006251346,5127.61449073019,7471.97239461521
"2018-05-09 18:00:00",4768,4771.79346488997,4005.34684504895,5538.24008473098,3599.61451294707,5943.97241683287
"2018-05-09 19:00:00",3511,3526.79348658843,2760.34686674717,4293.24010642969,2354.61453464516,4698.9724385317
"2018-05-09 20:00:00",3287,3122.7935077802,2356.34688793871,3889.24012762169,1950.61455583657,4294.97245972382
"2018-05-09 21:00:00",2734,2642.79352847711,1876.3469086354,3409.24014831882,1470.61457653315,3814.97248042107
"2018-05-09 22:00:00",1736,1729.79354869072,963.346928848799,2496.24016853264,557.614596746436,2901.972500635
"2018-05-09 23:00:00",1466,1082.79356843231,316.34694859019,1849.24018827443,-89.3853835122791,2254.9725203769
"2018-05-10 00:00:00",633,599.793587712907,-166.653032129405,1366.24020755522,-572.385364231975,1771.97253965779
"2018-05-10 01:00:00",364,381.793606543274,-384.653013299221,1148.24022638577,-790.385345401888,1553.97255848844
"2018-05-10 02:00:00",270,267.793624933925,-498.652994908744,1034.24024477659,-904.385327011504,1439.97257687935
"2018-05-10 03:00:00",374,353.793642895127,-412.652976947708,1120.24026273796,-818.385309050555,1525.97259484081
"2018-05-10 04:00:00",928,945.793660436909,179.347040593917,1712.2402802799,-226.385291509014,2117.97261238283
"2018-05-10 05:00:00",2881,3033.79367756907,2267.34705772592,3800.24029741221,1861.61472562291,4205.97262951522
"2018-05-10 06:00:00",5840,5901.79369430116,5135.34707445787,6668.24031414445,4729.61474235479,7073.97264624753
"2018-05-10 07:00:00",6197,6465.79371064254,5699.34709079911,7232.24033048596,5293.61475869596,7637.97266258912
"2018-05-10 08:00:00",5690,6092.79372660232,5326.34710675877,6859.24034644587,4920.61477465554,7264.9726785491
"2018-05-10 09:00:00",5568,5297.79374218942,4531.34712234574,6064.2403620331,4125.61479024244,6469.97269413639
"2018-05-10 10:00:00",4691,4771.79375741254,4005.34713756874,5538.24037725633,3599.61480546538,5943.97270935969
"2018-05-10 11:00:00",5120,4995.79377228017,4229.34715243626,5762.24039212408,3823.61482033284,6167.9727242275
"2018-05-10 12:00:00",5268,5218.79378680062,4452.3471669566,5985.24040664465,4046.61483485313,6390.97273874812
"2018-05-10 13:00:00",5140,5340.793800982,4574.34718113788,6107.24042082613,4168.61484903435,6512.97275292966
"2018-05-10 14:00:00",5599,5470.79381483223,4704.34719498801,6237.24043467645,4298.61486288442,6642.97276678003
"2018-05-10 15:00:00",6364,6111.79382835903,5345.34720851472,6878.24044820335,4939.61487641108,7283.97278030698
"2018-05-10 16:00:00",7074,6985.79384156996,6219.34722172556,7752.24046141437,5813.61488962188,8157.97279351805
"2018-05-10 17:00:00",6722,6638.7938544724,5872.34723462791,7405.24047431689,5466.61490252418,7810.97280642062
"2018-05-10 18:00:00",5110,5027.79386707355,4261.34724722897,5794.24048691812,3855.61491512521,6199.97281902189
"2018-05-10 19:00:00",3824,3672.79387938044,2906.34725953579,4439.24049922509,2500.61492743198,4844.9728313289
"2018-05-10 20:00:00",3310,3333.79389139995,2567.34727155522,4100.24051124467,2161.61493945137,4505.97284334852
"2018-05-10 21:00:00",2906,2724.79390313878,1958.34728329399,3491.24052298357,1552.6149511901,3896.97285508746
"2018-05-10 22:00:00",2014,1926.7939146035,1160.34729475864,2693.24053444836,754.614962654717,3098.97286655228
"2018-05-10 23:00:00",1287,1316.7939258005,550.347305955571,2083.24054564542,144.614973851618,2488.97287774937
"2018-05-11 00:00:00",660,663.793936736027,-102.652683108958,1430.24055658101,-508.385015212944,1835.972888685
"2018-05-11 01:00:00",379,401.793947416199,-364.652672428845,1168.24056726124,-770.385004532862,1573.97289936526
"2018-05-11 02:00:00",302,346.793957846973,-419.652661998127,1113.24057769207,-825.384994102173,1518.97290979612
"2018-05-11 03:00:00",342,417.793968034174,-348.652651810979,1184.24058787933,-754.384983915054,1589.9729199834
"2018-05-11 04:00:00",814,890.793977983488,124.347358138284,1657.24059782869,-281.384973965817,2062.97292993279
"2018-05-11 05:00:00",2640,2849.79398770047,2083.34736785522,3616.24060754572,1677.61503575109,4021.97293964985
"2018-05-11 06:00:00",5561,5511.79399719055,4745.34737734525,6278.24061703585,4339.6150452411,6683.97294914
"2018-05-11 07:00:00",6472,6595.79400645902,5829.34738661368,7362.24062630436,5423.6150545095,7767.97295840854
"2018-05-11 08:00:00",5594,5779.79401551106,5013.34739566567,6546.24063535645,4607.61506356147,6951.97296746064
"2018-05-11 09:00:00",5189,5164.79402435172,4398.34740450629,5931.24064419715,3992.61507240207,6336.97297630137
"2018-05-11 10:00:00",4978,4990.79403298594,4224.34741314047,5757.2406528314,3818.61508103623,6162.97298493564
"2018-05-11 11:00:00",5292,5283.79404141854,4517.34742157303,6050.24066126404,4111.61508946877,6455.9729933683
"2018-05-11 12:00:00",5530,5536.79404965422,4770.34742980868,6303.24066949976,4364.6150977044,6708.97300160403
"2018-05-11 13:00:00",5323,5565.79405769759,4799.34743785202,6332.24067754316,4393.61510574772,6737.97300964745
"2018-05-11 14:00:00",5648,5877.79406555313,5111.34744570753,6644.24068539873,4705.61511360322,7049.97301750305
"2018-05-11 15:00:00",6354,6270.79407322524,5504.3474533796,7037.24069307087,5098.61512127528,7442.9730251752
"2018-05-11 16:00:00",6858,6670.79408071819,5904.34746087253,7437.24070056385,5498.61512876818,7842.97303266819
"2018-05-11 17:00:00",5773,6022.79408803617,5256.34746819048,6789.24070788186,4850.61513608612,7194.97303998621
"2018-05-11 18:00:00",5138,5032.79409518326,4266.34747533755,5799.24071502898,3860.61514323318,6204.97304713335
"2018-05-11 19:00:00",3863,4008.79410216346,3242.34748231772,4775.2407220092,2836.61515021334,5180.97305411359
"2018-05-11 20:00:00",3108,3549.79410898066,2783.3474891349,4316.24072882643,2377.6151570305,4721.97306093082
"2018-05-11 21:00:00",3134,3331.79411563867,2565.34749579289,4098.24073548446,2159.61516368848,4503.97306758887
"2018-05-11 22:00:00",2436,2726.79412214121,1960.3475022954,3493.24074198702,1554.61517019098,3898.97307409144
"2018-05-11 23:00:00",1740,2111.7941284919,1345.34750864607,2878.24074833773,939.615176541639,3283.97308044216
"2018-05-12 00:00:00",1107,1454.79413469429,688.347514848446,2221.24075454014,282.615182744004,2626.97308664458
"2018-05-12 01:00:00",642,699.794140751854,-66.6524790940131,1466.24076059772,-472.384811198465,1871.97309270217
"2018-05-12 02:00:00",427,526.79414666796,-239.652473177924,1293.24076651384,-645.384805282386,1698.97309861831
"2018-05-12 03:00:00",482,353.794152445917,-412.652467399984,1120.24077229182,-818.384799504455,1525.97310439629
"2018-05-12 04:00:00",440,407.79415808895,-358.652461756967,1174.24077793487,-764.384793861447,1579.97311003935
"2018-05-12 05:00:00",809,695.794163600211,-70.652456245723,1462.24078344614,-476.384788350211,1867.97311555063
"2018-05-12 06:00:00",1428,1390.79416898277,624.347549136826,2157.24078882872,218.615217032331,2562.97312093322
"2018-05-12 07:00:00",2113,2256.79417423965,1490.34755439369,3023.24079408561,1084.61522228918,3428.97312619011
"2018-05-12 08:00:00",3110,3103.79417937377,2337.34755952779,3870.24079921974,1931.61522742328,4275.97313132425
"2018-05-12 09:00:00",3792,3856.794184388,3090.34756454201,4623.24080423399,2684.61523243749,5028.9731363385
"2018-05-12 10:00:00",4455,3923.79418928513,3157.34756943913,4690.24080913114,2751.61523733461,5095.97314123566
"2018-05-12 11:00:00",4818,4288.79419406792,3522.3475742219,5055.24081391393,3116.61524211737,5460.97314601846
"2018-05-12 12:00:00",5167,4783.79419873902,4017.34757889299,5550.24081858504,3611.61524678846,5955.97315068958
"2018-05-12 13:00:00",4769,4738.79420330104,3972.347583455,5505.24082314708,3566.61525135046,5910.97315525162
"2018-05-12 14:00:00",4631,4402.79420775653,3636.34758791049,5169.24082760258,3230.61525580594,5574.97315970713
"2018-05-12 15:00:00",4283,4707.79421210798,3941.34759226193,5474.24083195404,3535.61526015737,5879.97316405859
"2018-05-12 16:00:00",4148,4588.79421635782,3822.34759651175,5355.24083620389,3416.6152644072,5760.97316830845
"2018-05-12 17:00:00",3972,4547.79422050842,3781.34760066234,5314.24084035449,3375.61526855778,5719.97317245906
"2018-05-12 18:00:00",3736,4164.79422456209,3398.34760471601,4931.24084440818,2992.61527261144,5336.97317651275
"2018-05-12 19:00:00",3060,3154.79422852111,2388.34760867502,3921.2408483672,1982.61527657045,4326.97318047177
"2018-05-12 20:00:00",2718,2775.79423238768,2009.34761254158,3542.24085223378,1603.615280437,3947.97318433835
"2018-05-12 21:00:00",2727,2930.79423616395,2164.34761631785,3697.24085601006,1758.61528421327,4102.97318811464
"2018-05-12 22:00:00",2527,3153.79423985205,2387.34762000594,3920.24085969816,1981.61528790135,4325.97319180275
"2018-05-12 23:00:00",2033,2440.79424345402,1674.3476236079,3207.24086330014,1268.61529150332,3612.97319540473
"2018-05-13 00:00:00",1191,1682.79424697189,916.34762712576,2449.24086681801,510.61529502117,2854.9731989226
"2018-05-13 01:00:00",756,792.794250407601,26.3476305614688,1559.24087025373,-379.384701543124,1964.97320235833
"2018-05-13 02:00:00",622,517.794253763087,-248.652366083051,1284.24087360923,-654.384698187647,1689.97320571382
"2018-05-13 03:00:00",353,354.794257040218,-411.652362805926,1121.24087688636,-817.384694910525,1526.97320899096
"2018-05-13 04:00:00",342,277.794260240823,-488.652359605326,1044.24088008697,-894.384691709928,1449.97321219157
"2018-05-13 05:00:00",460,467.794263366689,-298.652356479465,1234.24088321284,-704.384688584069,1639.97321531745
"2018-05-13 06:00:00",868,1006.79426641956,240.347646573403,1773.24088626572,-165.384685531204,2178.97321837033
"2018-05-13 07:00:00",1304,1340.79426940114,574.347649554982,2107.24088924731,168.615317450372,2512.97322135192
"2018-05-13 08:00:00",1965,2398.7942723131,1632.34765246694,3165.24089215927,1226.61532036232,3570.97322426388
"2018-05-13 09:00:00",3117,3008.79427515706,2242.34765531089,3775.24089500324,1836.61532320628,4180.97322710785
"2018-05-13 10:00:00",3725,3576.79427793461,2810.34765808844,4343.24089778079,2404.61532598382,4748.97322988541
"2018-05-13 11:00:00",3983,3922.79428064731,3156.34766080113,4689.24090049349,2750.61532869651,5094.9732325981
"2018-05-13 12:00:00",4088,4061.79428329665,3295.34766345047,4828.24090314283,2889.61533134585,5233.97323524745
"2018-05-13 13:00:00",4184,4245.79428588413,3479.34766603794,5012.24090573032,3073.61533393332,5417.97323783494
"2018-05-13 14:00:00",4091,4303.79428841119,3537.347668565,5070.24090825738,3131.61533646037,5475.973240362
"2018-05-13 15:00:00",4072,4340.79429087923,3574.34767103304,5107.24091072543,3168.61533892842,5512.97324283005
"2018-05-13 16:00:00",4169,4189.79429328965,3423.34767344345,4956.24091313584,3017.61534133883,5361.97324524047
"2018-05-13 17:00:00",3827,3747.79429564378,2981.34767579758,4514.24091548997,2575.61534369295,4919.9732475946
"2018-05-13 18:00:00",3555,3786.79429794293,3020.34767809673,4553.24091778913,2614.61534599211,4958.97324989376
"2018-05-13 19:00:00",3256,3049.7943001884,2283.3476803422,3816.2409200346,1877.61534823757,4221.97325213923
"2018-05-13 20:00:00",3049,2666.79430238143,1900.34768253523,3433.24092222764,1494.6153504306,3838.97325433227
"2018-05-13 21:00:00",2586,2358.79430452325,1592.34768467705,3125.24092436946,1186.61535257242,3530.97325647409
"2018-05-13 22:00:00",1759,1725.79430661506,959.347686768854,2492.24092646127,553.615354664221,2897.9732585659
"2018-05-13 23:00:00",1077,1256.79430865802,490.347688811812,2023.24092850423,84.6153567071781,2428.97326060887
"2018-05-14 00:00:00",598,605.794310653276,-160.652309192936,1372.24093049949,-566.384641297572,1777.97326260412
"2018-05-14 01:00:00",366,361.794312601939,-404.652307244277,1128.24093244815,-810.384639348913,1533.97326455279
"2018-05-14 02:00:00",243,252.794314505097,-513.652305341121,1019.24093435131,-919.384637445759,1424.97326645595
"2018-05-14 03:00:00",308,334.794316363813,-431.652303482406,1101.24093621003,-837.384635587045,1506.97326831467
"2018-05-14 04:00:00",875,883.794318179126,117.347698332905,1650.24093802535,-288.384633771736,2055.97327012999
"2018-05-14 05:00:00",2816,2737.79431995205,1971.34770010583,3504.24093979827,1565.61536800118,3909.97327190291
"2018-05-14 06:00:00",5792,5788.79432168357,5022.34770183735,6555.2409415298,4616.6153697327,6960.97327363444
"2018-05-14 07:00:00",6559,6347.79432337466,5581.34770352843,7114.24094322089,5175.61537142379,7519.97327532553
"2018-05-14 08:00:00",5870,5801.79432502626,5035.34770518003,6568.24094487249,4629.61537307539,6973.97327697713
"2018-05-14 09:00:00",5052,4940.79432663929,4174.34770679306,5707.24094648552,3768.61537468842,6112.97327859017
"2018-05-14 10:00:00",4392,4377.79432821466,3611.34770836842,5144.24094806089,3205.61537626378,5549.97328016554
"2018-05-14 11:00:00",4573,4616.79432975324,3850.347709907,5383.24094959947,3444.61537780235,5788.97328170412
"2018-05-14 12:00:00",4794,4800.79433125589,4034.34771140965,5567.24095110212,3628.615379305,5972.97328320677
"2018-05-14 13:00:00",4831,4823.79433272345,4057.34771287721,5590.24095256969,3651.61538077256,5995.97328467433
"2018-05-14 14:00:00",5025,4977.79433415674,4211.3477143105,5744.24095400298,3805.61538220585,6149.97328610763
"2018-05-14 15:00:00",5598,5807.79433555656,5041.34771571032,6574.2409554028,4635.61538360568,6979.97328750745
"2018-05-14 16:00:00",6463,6671.7943369237,5905.34771707746,7438.24095676994,5499.61538497281,7843.97328887458
"2018-05-14 17:00:00",5971,6205.79433825891,5439.34771841267,6972.24095810515,5033.61538630802,7377.97329020979
"2018-05-14 18:00:00",4545,4510.79433956294,3744.3477197167,5277.24095940918,3338.61538761205,5682.97329151382
"2018-05-14 19:00:00",3113,3300.79434083652,2534.34772099028,4067.24096068276,2128.61538888563,4472.97329278741
"2018-05-14 20:00:00",2681,2799.79434208036,2033.34772223412,3566.2409619266,1627.61539012947,3971.97329403125
"2018-05-14 21:00:00",2293,2502.79434329515,1736.34772344891,3269.24096314139,1330.61539134426,3674.97329524604
"2018-05-14 22:00:00",2107,1599.79434448158,833.347724635337,2366.24096432782,427.615392530687,2771.97329643247
"2018-05-14 23:00:00",1022,1018.7943456403,252.347725794059,1785.24096548654,-153.384606310592,2190.97329759119
"2018-05-15 00:00:00",555,593.794346771966,-172.652273074277,1360.24096661821,-578.384605178928,1765.97329872286
"2018-05-15 01:00:00",309,364.794347877204,-401.65227196904,1131.24096772345,-807.384604073692,1536.9732998281
"2018-05-15 02:00:00",248,272.794348956634,-493.652270889611,1039.24096880288,-899.384602994264,1444.97330090753
"2018-05-15 03:00:00",349,339.794350010857,-426.65226983539,1106.2409698571,-832.384601940043,1511.97330196176
"2018-05-15 04:00:00",934,876.794351040463,110.347731194215,1643.24097088671,-295.38460091044,2048.97330299137
"2018-05-15 05:00:00",3020,2857.79435204603,2091.34773219978,3624.24097189228,1685.61540009512,4029.97330399693
"2018-05-15 06:00:00",5914,5966.79435302811,5200.34773318186,6733.24097287436,4794.6154010772,7138.97330497901
"2018-05-15 07:00:00",6264,6659.79435398726,5893.34773414101,7426.24097383351,5487.61540203635,7831.97330593816
"2018-05-15 08:00:00",5433,6211.79435492401,5445.34773507776,6978.24097477026,5039.6154029731,7383.97330687491
"2018-05-15 09:00:00",5399,5436.79435583888,4670.34773599263,6203.24097568513,4264.61540388798,6608.97330778979
"2018-05-15 10:00:00",4528,4508.7943567324,3742.34773688615,5275.24097657865,3336.61540478149,5680.9733086833
"2018-05-15 11:00:00",4808,4622.79435760504,3856.34773775879,5389.2409774513,3450.61540565414,5794.97330955595
"2018-05-15 12:00:00",4967,4609.79435845731,3843.34773861106,5376.24097830357,3437.61540650641,5781.97331040822
"2018-05-15 13:00:00",5017,4591.79435928968,3825.34773944343,5358.24097913594,3419.61540733878,5763.97331124059
"2018-05-15 14:00:00",5380,5204.79436010262,4438.34774025636,5971.24097994887,4032.61540815171,6376.97331205352
"2018-05-15 15:00:00",6033,5863.79436089656,5097.34774105031,6630.24098074282,4691.61540894565,7035.97331284747
"2018-05-15 16:00:00",6888,6586.79436167197,5820.34774182572,7353.24098151823,5414.61540972106,7758.97331362288
"2018-05-15 17:00:00",6548,6287.79436242927,5521.34774258302,7054.24098227553,5115.61541047836,7459.97331438019
"2018-05-15 18:00:00",4953,4553.79436316889,3787.34774332264,5320.24098301515,3381.61541121798,5725.9733151198
"2018-05-15 19:00:00",3602,3282.79436389124,2516.34774404498,4049.24098373749,2110.61541194033,4454.97331584215
"2018-05-15 20:00:00",3050,3052.79436459672,2286.34774475046,3819.24098444297,1880.61541264581,4224.97331654763
"2018-05-15 21:00:00",2773,2342.79436528572,1576.34774543947,3109.24098513198,1170.61541333481,3514.97331723663
"2018-05-15 22:00:00",3335,1521.79436595864,755.347746112383,2288.24098580489,349.615414007725,2693.97331790955
"2018-05-15 23:00:00",2286,1035.79436661584,269.347746769585,1802.24098646209,-136.384585335072,2207.97331856675
"2018-05-16 00:00:00",720,524.794367257695,-241.652252588559,1291.24098710395,-647.384584693216,1696.97331920861
"2018-05-16 01:00:00",442,327.794367884562,-438.652251961691,1094.24098773082,-844.384584066348,1499.97331983547
"2018-05-16 02:00:00",352,269.794368496791,-496.652251349462,1036.24098834304,-902.384583454119,1441.9733204477
"2018-05-16 03:00:00",367,348.794369094723,-417.65225075153,1115.24098894098,-823.384582856187,1520.97332104563
"2018-05-16 04:00:00",895,893.794369678693,127.34774983244,1660.24098952495,-278.384582272217,2065.9733216296
"2018-05-16 05:00:00",3014,2889.79437024903,2123.34775040277,3656.24099009528,1717.61541829812,4061.97332219994
"2018-05-16 06:00:00",5844,6016.79437080604,5250.34775095979,6783.2409906523,4844.61541885513,7188.97332275695
"2018-05-16 07:00:00",5988,6531.79437135005,5765.34775150379,7298.2409911963,5359.61541939914,7703.97332330096
"2018-05-16 08:00:00",5293,6262.79437188135,5496.3477520351,7029.24099172761,5090.61541993044,7434.97332383227
"2018-05-16 09:00:00",5122,5218.79437240025,4452.347752554,5985.24099224651,4046.61542044934,6390.97332435116
"2018-05-16 10:00:00",4941,4728.79437290703,3962.34775306078,5495.24099275329,3556.61542095612,5900.97332485795
"2018-05-16 11:00:00",5110,4701.79437340198,3935.34775355572,5468.24099324824,3529.61542145107,5873.97332535289
"2018-05-16 12:00:00",5042,4848.79437388537,4082.34775403911,5615.24099373163,3676.61542193446,6020.97332583628
"2018-05-16 13:00:00",4952,4941.79437435747,4175.34775451121,5708.24099420373,3769.61542240656,6113.97332630838
"2018-05-16 14:00:00",5286,5117.79437481855,4351.34775497229,5884.2409946648,3945.61542286764,6289.97332676946
"2018-05-16 15:00:00",5871,6167.79437526886,5401.3477554226,6934.24099511511,4995.61542331795,7339.97332721977
"2018-05-16 16:00:00",6775,6852.79437570865,6086.3477558624,7619.24099555491,5680.61542375774,8024.97332765956
"2018-05-16 17:00:00",6123,6444.79437613818,5678.34775629192,7211.24099598443,5272.61542418726,7616.97332808909
"2018-05-16 18:00:00",4717,4776.79437655767,4010.34775671142,5543.24099640393,3604.61542460676,5948.97332850859
"2018-05-16 19:00:00",3697,3519.79437696737,2753.34775712112,4286.24099681363,2347.61542501646,4691.97332891829
"2018-05-16 20:00:00",3387,3295.7943773675,2529.34775752125,4062.24099721376,2123.61542541659,4467.97332931842
"2018-05-16 21:00:00",3187,2742.79437775829,1976.34775791203,3509.24099760455,1570.61542580737,3914.97332970921
"2018-05-16 22:00:00",2443,1744.79437813995,978.347758293697,2511.24099798621,572.615426189037,2916.97333009087
"2018-05-16 23:00:00",2291,1474.79437851271,708.347758666447,2241.24099835896,302.615426561788,2646.97333046362
"2018-05-17 00:00:00",684,641.794378876752,-124.652240969506,1408.24099872301,-530.384573074165,1813.97333082767
"2018-05-17 01:00:00",495,372.794379232297,-393.65224061396,1139.24099907855,-799.38457271862,1544.97333118321
"2018-05-17 02:00:00",294,278.79437957954,-487.652240266717,1045.2409994258,-893.384572371376,1450.97333153046
"2018-05-17 03:00:00",364,382.794379918674,-383.652239927583,1149.24099976493,-789.384572032242,1554.97333186959
"2018-05-17 04:00:00",929,936.794380249889,170.347760403632,1703.24100009615,-235.384571701027,2108.9733322008
"2018-05-17 05:00:00",2935,2889.79438057337,2123.34776072711,3656.24100041963,1717.61542862245,4061.97333252429
"2018-05-17 06:00:00",5846,5848.7943808893,5082.34776104304,6615.24100073555,4676.61542893838,7020.97333284021
"2018-05-17 07:00:00",6323,6205.79438119785,5439.34776135159,6972.2410010441,5033.61542924693,7377.97333314876
"2018-05-17 08:00:00",5494,5698.79438149919,4932.34776165293,6465.24100134545,4526.61542954827,6870.97333345011
"2018-05-17 09:00:00",5299,5576.7943817935,4810.34776194724,6343.24100163976,4404.61542984258,6748.97333374442
"2018-05-17 10:00:00",4444,4699.79438208093,3933.34776223467,5466.24100192719,3527.61543013001,5871.97333403185
"2018-05-17 11:00:00",4913,5128.79438236166,4362.3477625154,5895.24100220791,3956.61543041074,6300.97333431257
"2018-05-17 12:00:00",5120,5276.79438263582,4510.34776278956,6043.24100248208,4104.6154306849,6448.97333458674
"2018-05-17 13:00:00",5096,5148.79438290359,4382.34776305733,5915.24100274985,3976.61543095267,6320.97333485451
"2018-05-17 14:00:00",5480,5607.7943831651,4841.34776331884,6374.24100301136,4435.61543121418,6779.97333511602
"2018-05-17 15:00:00",6289,6372.79438342051,5606.34776357425,7139.24100326677,5200.61543146959,7544.97333537143
"2018-05-17 16:00:00",6594,7082.79438366995,6316.34776382369,7849.24100351621,5910.61543171903,8254.97333562087
"2018-05-17 17:00:00",6171,6730.79438391357,5964.34776406731,7497.24100375983,5558.61543196265,7902.97333586449
"2018-05-17 18:00:00",4989,5118.7943841515,4352.34776430524,5885.24100399775,3946.61543220058,6290.97333610241
"2018-05-17 19:00:00",3647,3832.79438438387,3066.34776453761,4599.24100423013,2660.61543243295,5004.97333633479
"2018-05-17 20:00:00",3400,3318.79438461081,2552.34776476456,4085.24100445707,2146.6154326599,4490.97333656173
"2018-05-17 21:00:00",3238,2914.79438483246,2148.3477649862,3681.24100467872,1742.61543288154,4086.97333678338
"2018-05-17 22:00:00",2677,2022.79438504893,1256.34776520267,2789.24100489519,850.615433098015,3194.97333699985
"2018-05-17 23:00:00",1852,1295.79438526035,529.34776541409,2062.2410051066,123.615433309431,2467.97333721126
"2018-05-18 00:00:00",736,668.794385466826,-97.6522343794306,1435.24100531308,-503.384566484089,1840.97333741774
"2018-05-18 01:00:00",453,387.794385668484,-378.652234177773,1154.24100551474,-784.384566282432,1559.9733376194
"2018-05-18 02:00:00",365,310.794385865432,-455.652233980825,1077.24100571169,-861.384566085484,1482.97333781635
"2018-05-18 03:00:00",351,350.794386057782,-415.652233788475,1117.24100590404,-821.384565893134,1522.9733380087
"2018-05-18 04:00:00",846,822.794386245639,56.3477663993824,1589.2410060919,-349.384565705276,1994.97333819656
"2018-05-18 05:00:00",2786,2648.79438642911,1882.34776658285,3415.24100627537,1476.61543447819,3820.97333838003
"2018-05-18 06:00:00",5552,5569.7943866083,4803.34776676204,6336.24100645455,4397.61543465738,6741.97333855921
"2018-05-18 07:00:00",6583,6480.7943867833,5714.34776693704,7247.24100662956,5308.61543483238,7652.97333873422
"2018-05-18 08:00:00",5321,5602.79438695422,4836.34776710796,6369.24100680047,4430.6154350033,6774.97333890513
"2018-05-18 09:00:00",4984,5197.79438712114,4431.34776727488,5964.2410069674,4025.61543517022,6369.97333907206
"2018-05-18 10:00:00",4736,4986.79438728417,4220.34776743791,5753.24100713043,3814.61543533325,6158.97333923509
"2018-05-18 11:00:00",5133,5300.79438744339,4534.34776759713,6067.24100728965,4128.61543549247,6472.97333939431
"2018-05-18 12:00:00",5337,5538.79438759889,4772.34776775263,6305.24100744515,4366.61543564797,6710.97333954981
"2018-05-18 13:00:00",5316,5331.79438775076,4565.3477679045,6098.24100759702,4159.61543579984,6503.97333970168
"2018-05-18 14:00:00",5810,5656.79438789908,4890.34776805282,6423.24100774535,4484.61543594816,6828.97333985001
"2018-05-18 15:00:00",6400,6362.79438804395,5596.34776819768,7129.24100789021,5190.61543609302,7534.97333999487
"2018-05-18 16:00:00",6496,6866.79438818542,6100.34776833916,7633.24100803168,5694.6154362345,8038.97334013635
"2018-05-18 17:00:00",6197,5781.7943883236,5015.34776847734,6548.24100816986,4609.61543637267,6953.97334027452
"2018-05-18 18:00:00",5241,5146.79438845854,4380.34776861228,5913.24100830481,3974.61543650762,6318.97334040947
"2018-05-18 19:00:00",3850,3871.79438859034,3105.34776874408,4638.2410084366,2699.61543663942,5043.97334054126
"2018-05-18 20:00:00",3441,3116.79438871906,2350.3477688728,3883.24100856532,1944.61543676814,4288.97334066998
"2018-05-18 21:00:00",3196,3142.79438884477,2376.34776899851,3909.24100869103,1970.61543689385,4314.9733407957
"2018-05-18 22:00:00",2728,2444.79438896755,1678.34776912129,3211.24100881381,1272.61543701663,3616.97334091847
"2018-05-18 23:00:00",1797,1748.79438908746,982.3477692412,2515.24100893372,576.615437136539,2920.97334103838
"2018-05-19 00:00:00",1420,1115.79438920457,349.347769358311,1882.24100905083,-56.38456274635,2287.97334115549
"2018-05-19 01:00:00",855,650.794389318948,-115.652230527313,1417.24100916521,-521.384562631974,1822.97334126987
"2018-05-19 02:00:00",639,435.794389430653,-330.652230415609,1202.24100927691,-736.38456252027,1607.97334138157
"2018-05-19 03:00:00",494,490.794389539749,-275.652230306512,1257.24100938601,-681.384562411173,1662.97334149067
"2018-05-19 04:00:00",477,448.794389646298,-317.652230199963,1215.24100949256,-723.384562304624,1620.97334159722
"2018-05-19 05:00:00",806,817.794389750359,51.3477699040976,1584.24100959662,-354.384562200563,1989.97334170128
"2018-05-19 06:00:00",1430,1436.79438985199,670.347770005729,2203.24100969825,264.615437901068,2608.97334180291
"2018-05-19 07:00:00",2062,2121.79438995125,1355.34777010499,2888.24100979751,949.615438000326,3293.97334190217
"2018-05-19 08:00:00",3277,3118.79439004819,2352.34777020193,3885.24100989445,1946.61543809727,4290.97334199911
"2018-05-19 09:00:00",3569,3800.79439014286,3034.3477702966,4567.24100998912,2628.61543819194,4972.97334209378
"2018-05-19 10:00:00",3857,4463.79439023533,3697.34777038907,5230.24101008159,3291.61543828441,5635.97334218625
"2018-05-19 11:00:00",4112,4826.79439032563,4060.34777047938,5593.24101017189,3654.61543837472,5998.97334227655
"2018-05-19 12:00:00",4259,5175.79439041383,4409.34777056758,5942.24101026009,4003.61543846292,6347.97334236475
"2018-05-19 13:00:00",4542,4777.79439049997,4011.34777065371,5544.24101034623,3605.61543854905,5949.97334245088
"2018-05-19 14:00:00",4802,4639.7943905841,3873.34777073784,5406.24101043035,3467.61543863318,5811.97334253501
"2018-05-19 15:00:00",4598,4291.79439066626,3525.34777082,5058.24101051251,3119.61543871534,5463.97334261717
"2018-05-19 16:00:00",4398,4156.7943907465,3390.34777090025,4923.24101059276,2984.61543879559,5328.97334269741
"2018-05-19 17:00:00",4133,3980.79439082487,3214.34777097861,4747.24101067112,2808.61543887396,5152.97334277578
"2018-05-19 18:00:00",3640,3744.79439090141,2978.34777105515,4511.24101074767,2572.6154389505,4916.97334285232
"2018-05-19 19:00:00",2979,3068.79439097616,2302.34777112991,3835.24101082242,1896.61543902525,4240.97334292708
"2018-05-19 20:00:00",2706,2726.79439104917,1960.34777120291,3493.24101089542,1554.61543909825,3898.97334300008
"2018-05-19 21:00:00",2705,2735.79439112047,1969.34777127421,3502.24101096673,1563.61543916955,3907.97334307138
"2018-05-19 22:00:00",2714,2535.79439119011,1769.34777134385,3302.24101103636,1363.61543923919,3707.97334314102
"2018-05-19 23:00:00",2047,2041.79439125812,1275.34777141186,2808.24101110437,869.615439307203,3213.97334320903
"2018-05-20 00:00:00",1216,1199.79439132454,433.347771478285,1966.24101117079,27.6154393736269,2371.97334327545
"2018-05-20 01:00:00",761,764.794391389411,-1.65222845684355,1531.24101123567,-407.384560561501,1936.97334334032
"2018-05-20 02:00:00",525,630.794391452768,-135.652228393487,1397.24101129902,-541.384560498144,1802.97334340368
"2018-05-20 03:00:00",324,361.794391514645,-404.65222833161,1128.2410113609,-810.384560436267,1533.97334346556
"2018-05-20 04:00:00",273,350.794391575077,-415.652228271177,1117.24101142133,-821.384560375835,1522.97334352599
"2018-05-20 05:00:00",433,468.794391634098,-297.652228212157,1235.24101148035,-703.384560316814,1640.97334358501
"2018-05-20 06:00:00",850,876.794391691741,110.347771845486,1643.241011538,-295.384560259172,2048.97334364265
"2018-05-20 07:00:00",1242,1312.79439174804,546.347771901782,2079.24101159429,140.615439797125,2484.97334369895
"2018-05-20 08:00:00",1829,1973.79439180302,1207.34777195676,2740.24101164927,801.615439852107,3145.97334375393
"2018-05-20 09:00:00",2638,3125.79439185672,2359.34777201046,3892.24101170297,1953.6154399058,4297.97334380763
"2018-05-20 10:00:00",3501,3733.79439190916,2967.34777206291,4500.24101175542,2561.61543995825,4905.97334386008
"2018-05-20 11:00:00",4300,3991.79439196038,3225.34777211412,4758.24101180664,2819.61544000947,5163.9733439113
"2018-05-20 12:00:00",4661,4096.79439201041,3330.34777216415,4863.24101185666,2924.61544005949,5268.97334396132
"2018-05-20 13:00:00",3956,4192.79439205926,3426.347772213,4959.24101190552,3020.61544010834,5364.97334401018
"2018-05-20 14:00:00",3932,4099.79439210698,3333.34777226072,4866.24101195323,2927.61544015606,5271.97334405789
"2018-05-20 15:00:00",3920,4080.79439215358,3314.34777230732,4847.24101199983,2908.61544020266,5252.97334410449
"2018-05-20 16:00:00",3938,4177.79439219909,3411.34777235283,4944.24101204535,3005.61544024817,5349.97334415001
"2018-05-20 17:00:00",3768,3835.79439224354,3069.34777239728,4602.24101208979,2663.61544029262,5007.97334419446
"2018-05-20 18:00:00",3378,3563.79439228695,2797.34777244069,4330.24101213321,2391.61544033603,4735.97334423787
"2018-05-20 19:00:00",2842,3264.79439232935,2498.34777248309,4031.2410121756,2092.61544037843,4436.97334428026
"2018-05-20 20:00:00",2692,3057.79439237075,2291.3477725245,3824.24101221701,1885.61544041984,4229.97334432167
"2018-05-20 21:00:00",2194,2594.79439241119,1828.34777256494,3361.24101225745,1422.61544046028,3766.97334436211
"2018-05-20 22:00:00",1696,1767.79439245069,1001.34777260443,2534.24101229695,595.615440499772,2939.97334440161
"2018-05-20 23:00:00",1107,1085.79439248927,319.347772643007,1852.24101233552,-86.3845594616532,2257.97334444018
"2018-05-21 00:00:00",652,606.794392526939,-159.65222731932,1373.2410123732,-565.38455942398,1778.97334447786
"2018-05-21 01:00:00",350,374.794392563732,-391.652227282526,1141.24101240999,-797.384559387186,1546.97334451465
"2018-05-21 02:00:00",321,251.794392599667,-514.652227246592,1018.24101244593,-920.384559351251,1423.97334455058
"2018-05-21 03:00:00",333,316.794392634762,-449.652227211496,1083.24101248102,-855.384559316155,1488.97334458568
"2018-05-21 04:00:00",860,883.794392669038,117.347772822781,1650.2410125153,-288.384559281878,2055.97334461995
"2018-05-21 05:00:00",2796,2824.79439270251,2058.34777285626,3591.24101254877,1652.6154407516,3996.97334465343
"2018-05-21 06:00:00",5721,5800.79439273521,5034.34777288895,6567.24101258146,4628.61544078429,6972.97334468612
"2018-05-21 07:00:00",6799,6567.79439276714,5801.34777292088,7334.24101261339,5395.61544081622,7739.97334471805
"2018-05-21 08:00:00",5726,5878.79439279832,5112.34777295206,6645.24101264458,4706.6154408474,7050.97334474924
"2018-05-21 09:00:00",4865,5060.79439282878,4294.34777298252,5827.24101267504,3888.61544087786,6232.9733447797
"2018-05-21 10:00:00",4254,4400.79439285852,3634.34777301226,5167.24101270478,3228.61544090761,5572.97334480944
"2018-05-21 11:00:00",4454,4581.79439288757,3815.34777304132,5348.24101273383,3409.61544093666,5753.97334483849
"2018-05-21 12:00:00",4810,4802.79439291595,4036.34777306969,5569.24101276221,3630.61544096503,5974.97334486687
"2018-05-21 13:00:00",2040,4839.79439294366,4073.3477730974,5606.24101278991,3667.61544099274,6011.97334489458
"2018-05-21 14:00:00",4224,5033.79439297072,4267.34777312446,5800.24101281698,3861.6154410198,6205.97334492164
"2018-05-21 15:00:00",5895,5606.79439299715,4840.34777315089,6373.24101284341,4434.61544104623,6778.97334494807
"2018-05-21 16:00:00",6968,6471.79439302296,5705.34777317671,7238.24101286922,5299.61544107205,7643.97334497388
"2018-05-21 17:00:00",6134,5979.79439304817,5213.34777320192,6746.24101289443,4807.61544109726,7151.97334499909
"2018-05-21 18:00:00",4586,4553.7943930728,3787.34777322654,5320.24101291905,3381.61544112188,5725.97334502371
"2018-05-21 19:00:00",3249,3121.79439309684,2355.34777325059,3888.2410129431,1949.61544114593,4293.97334504776
"2018-05-21 20:00:00",2699,2689.79439312033,1923.34777327407,3456.24101296659,1517.61544116941,3861.97334507125
"2018-05-21 21:00:00",2318,2301.79439314327,1535.34777329701,3068.24101298952,1129.61544119235,3473.97334509418
"2018-05-21 22:00:00",1668,2115.79439316567,1349.34777331941,2882.24101301193,943.61544121475,3287.97334511658
"2018-05-21 23:00:00",1060,1030.79439318755,264.347773341287,1797.2410130338,-141.384558763372,2202.97334513846
"2018-05-22 00:00:00",554,563.794393208913,-202.652226637345,1330.24101305517,-608.384558742005,1735.97334515983
"2018-05-22 01:00:00",333,317.794393229782,-448.652226616476,1084.24101307604,-854.384558721136,1489.9733451807
"2018-05-22 02:00:00",249,256.794393250163,-509.652226596095,1023.24101309642,-915.384558700754,1428.97334520108
"2018-05-22 03:00:00",337,357.794393270068,-408.652226576189,1124.24101311633,-814.384558680849,1529.97334522099
"2018-05-22 04:00:00",886,942.794393289509,176.347773443251,1709.24101313577,-229.384558661408,2114.97334524043
"2018-05-22 05:00:00",3026,3028.7943933085,2262.34777346224,3795.24101315475,1856.61544135758,4200.97334525941
"2018-05-22 06:00:00",5875,5922.79439332704,5156.34777348078,6689.2410131733,4750.61544137612,7094.97334527795
"2018-05-22 07:00:00",6019,6272.79439334515,5506.34777349889,7039.24101319141,5100.61544139423,7444.97334529607
"2018-05-22 08:00:00",5752,5441.79439336284,4675.34777351658,6208.24101320909,4269.61544141192,6613.97334531375
"2018-05-22 09:00:00",5085,5407.79439338011,4641.34777353385,6174.24101322637,4235.61544142919,6579.97334533103
"2018-05-22 10:00:00",4450,4536.79439339698,3770.34777355072,5303.24101324324,3364.61544144606,5708.9733453479
"2018-05-22 11:00:00",4631,4816.79439341346,4050.3477735672,5583.24101325972,3644.61544146254,5988.97334536438
"2018-05-22 12:00:00",4760,4975.79439342955,4209.34777358329,5742.24101327581,3803.61544147863,6147.97334538047
"2018-05-22 13:00:00",4840,5025.79439344527,4259.34777359901,5792.24101329152,3853.61544149435,6197.97334539618
"2018-05-22 14:00:00",5197,5388.79439346062,4622.34777361436,6155.24101330687,4216.6154415097,6560.97334541153
"2018-05-22 15:00:00",5901,6041.79439347561,5275.34777362935,6808.24101332186,4869.61544152469,7213.97334542652
"2018-05-22 16:00:00",6907,6896.79439349025,6130.34777364399,7663.2410133365,5724.61544153933,8068.97334544116
"2018-05-22 17:00:00",6371,6556.79439350455,5790.34777365829,7323.2410133508,5384.61544155363,7728.97334545546
"2018-05-22 18:00:00",4649,4961.79439351851,4195.34777367225,5728.24101336477,3789.61544156759,6133.97334546943
"2018-05-22 19:00:00",3367,3610.79439353215,2844.34777368589,4377.24101337841,2438.61544158123,4782.97334548307
"2018-05-22 20:00:00",3028,3058.79439354547,2292.34777369921,3825.24101339173,1886.61544159455,4230.97334549639
"2018-05-22 21:00:00",3047,2781.79439355848,2015.34777371222,3548.24101340474,1609.61544160756,3953.9733455094
"2018-05-22 22:00:00",1953,3343.79439357119,2577.34777372493,4110.24101341744,2171.61544162027,4515.9733455221
"2018-05-22 23:00:00",1084,2294.7943935836,1528.34777373734,3061.24101342985,1122.61544163268,3466.97334553451
"2018-05-23 00:00:00",599,728.794393595714,-37.6522262505433,1495.24101344197,-443.384558355202,1900.97334554663
"2018-05-23 01:00:00",363,450.79439360755,-315.652226238706,1217.24101345381,-721.384558343365,1622.97334555847
"2018-05-23 02:00:00",303,360.79439361911,-405.652226227146,1127.24101346537,-811.384558331804,1532.97334557002
"2018-05-23 03:00:00",349,375.7943936304,-390.652226215856,1142.24101347666,-796.384558320514,1547.97334558131
"2018-05-23 04:00:00",919,903.794393641426,137.347773795171,1670.24101348768,-268.384558309487,2075.97334559234
"2018-05-23 05:00:00",2989,3022.7943936522,2256.34777380594,3789.24101349845,1850.61544170128,4194.97334560311
"2018-05-23 06:00:00",5979,5852.79439366271,5086.34777381646,6619.24101350897,4680.6154417118,7024.97334561363
"2018-05-23 07:00:00",6641,5996.79439367298,5230.34777382673,6763.24101351924,4824.61544172207,7168.9733456239
"2018-05-23 08:00:00",5557,5301.79439368302,4535.34777383676,6068.24101352927,4129.6154417321,6473.97334563393
"2018-05-23 09:00:00",5217,5130.79439369281,4364.34777384656,5897.24101353907,3958.6154417419,6302.97334564373
"2018-05-23 10:00:00",4728,4949.79439370238,4183.34777385613,5716.24101354864,3777.61544175147,6121.9733456533
"2018-05-23 11:00:00",4956,5118.79439371173,4352.34777386547,5885.24101355798,3946.61544176081,6290.97334566264
"2018-05-23 12:00:00",4760,5050.79439372085,4284.3477738746,5817.24101356711,3878.61544176994,6222.97334567177
"2018-05-23 13:00:00",4912,4960.79439372977,4194.34777388351,5727.24101357602,3788.61544177885,6132.97334568068
"2018-05-23 14:00:00",5221,5294.79439373847,4528.34777389222,6061.24101358473,4122.61544178756,6466.97334568939
"2018-05-23 15:00:00",5959,5879.79439374698,5113.34777390072,6646.24101359323,4707.61544179606,7051.97334569789
"2018-05-23 16:00:00",6897,6783.79439375528,6017.34777390902,7550.24101360154,5611.61544180437,7955.97334570619
"2018-05-23 17:00:00",6228,6131.79439376339,5365.34777391713,6898.24101360965,4959.61544181248,7303.9733457143
"2018-05-23 18:00:00",4632,4725.79439377131,3959.34777392506,5492.24101361757,3553.6154418204,5897.97334572223
"2018-05-23 19:00:00",3359,3705.79439377905,2939.34777393279,4472.2410136253,2533.61544182813,4877.97334572996
"2018-05-23 20:00:00",2993,3395.7943937866,2629.34777394035,4162.24101363286,2223.61544183569,4567.97334573752
"2018-05-23 21:00:00",2888,3195.79439379398,2429.34777394773,3962.24101364024,2023.61544184307,4367.97334574489
"2018-05-23 22:00:00",2028,2451.79439380119,1685.34777395493,3218.24101364744,1279.61544185028,3623.9733457521
"2018-05-23 23:00:00",1215,2299.79439380823,1533.34777396197,3066.24101365448,1127.61544185731,3471.97334575914
"2018-05-24 00:00:00",628,692.794393815099,-73.652226031154,1459.24101366135,-479.38455813581,1864.97334576601
"2018-05-24 01:00:00",356,503.794393821812,-262.65222602444,1270.24101366807,-668.384558129097,1675.97334577272
"2018-05-24 02:00:00",261,302.794393828369,-463.652226017884,1069.24101367462,-869.384558122541,1474.97334577928
"2018-05-24 03:00:00",363,372.794393834772,-393.65222601148,1139.24101368102,-799.384558116137,1544.97334578568
"2018-05-24 04:00:00",883,937.794393841026,171.347773994773,1704.24101368728,-234.384558109883,2109.97334579194
"2018-05-24 05:00:00",3012,2943.79439384713,2177.34777400088,3710.24101369339,1771.61544189622,4115.97334579804
"2018-05-24 06:00:00",5763,5854.7943938531,5088.34777400685,6621.24101369935,4682.61544190219,7026.97334580401
"2018-05-24 07:00:00",6298,6331.79439385893,5565.34777401267,7098.24101370518,5159.61544190801,7503.97334580984
"2018-05-24 08:00:00",5695,5502.79439386461,4736.34777401836,6269.24101371087,4330.6154419137,6674.97334581553
"2018-05-24 09:00:00",5232,5307.79439387017,4541.34777402392,6074.24101371643,4135.61544191926,6479.97334582108
"2018-05-24 10:00:00",4532,4452.7943938756,3686.34777402934,5219.24101372185,3280.61544192469,5624.97334582651
"2018-05-24 11:00:00",4923,4921.7943938809,4155.34777403464,5688.24101372716,3749.61544192998,6093.97334583181
"2018-05-24 12:00:00",4969,5128.79439388608,4362.34777403982,5895.24101373233,3956.61544193516,6300.97334583699
"2018-05-24 13:00:00",5036,5104.79439389113,4338.34777404488,5871.24101373739,3932.61544194022,6276.97334584205
"2018-05-24 14:00:00",5414,5488.79439389607,4722.34777404981,6255.24101374233,4316.61544194515,6660.97334584699
"2018-05-24 15:00:00",6184,6297.79439390089,5531.34777405464,7064.24101374715,5125.61544194998,7469.97334585181
"2018-05-24 16:00:00",6193,6602.7943939056,5836.34777405934,7369.24101375186,5430.61544195469,7774.97334585652
"2018-05-24 17:00:00",6107,6179.7943939102,5413.34777406394,6946.24101375646,5007.61544195928,7351.97334586112
"2018-05-24 18:00:00",4787,4997.79439391469,4231.34777406844,5764.24101376095,3825.61544196378,6169.97334586561
"2018-05-24 19:00:00",3746,3655.79439391908,2889.34777407282,4422.24101376534,2483.61544196816,4827.97334587
"2018-05-24 20:00:00",2938,3408.79439392337,2642.34777407711,4175.24101376963,2236.61544197245,4580.97334587428
"2018-05-24 21:00:00",2626,3246.79439392755,2480.34777408129,4013.24101377381,2074.61544197663,4418.97334587847
"2018-05-24 22:00:00",1938,2685.79439393164,1919.34777408538,3452.2410137779,1513.61544198072,3857.97334588256
"2018-05-24 23:00:00",1261,1860.79439393563,1094.34777408937,2627.24101378189,688.615441984711,3032.97334588655
"2018-05-25 00:00:00",648,744.79439393953,-21.6522259067302,1511.24101378579,-427.384558011391,1916.97334589045
"2018-05-25 01:00:00",430,461.794393943337,-304.652225902923,1228.2410137896,-710.384558007584,1633.97334589426
"2018-05-25 02:00:00",300,373.794393947056,-392.652225899205,1140.24101379332,-798.384558003865,1545.97334589798
"2018-05-25 03:00:00",329,359.794393950688,-406.652225895573,1126.24101379695,-812.384558000233,1531.97334590161
"2018-05-25 04:00:00",788,854.794393954235,88.3477741079745,1621.24101380049,-317.384557996686,2026.97334590516
"2018-05-25 05:00:00",2645,2794.7943939577,2028.34777411144,3561.24101380396,1622.61544200678,3966.97334590862
"2018-05-25 06:00:00",5111,5560.79439396108,4794.34777411482,6327.24101380734,4388.61544201016,6732.973345912
"2018-05-25 07:00:00",6075,6591.79439396439,5825.34777411813,7358.24101381065,5419.61544201347,7763.97334591531
"2018-05-25 08:00:00",5206,5329.79439396761,4563.34777412135,6096.24101381387,4157.61544201669,6501.97334591853
"2018-05-25 09:00:00",4859,4992.79439397077,4226.34777412451,5759.24101381703,3820.61544201985,6164.97334592169
"2018-05-25 10:00:00",4534,4744.79439397384,3978.34777412758,5511.2410138201,3572.61544202292,5916.97334592476
"2018-05-25 11:00:00",4928,5141.79439397685,4375.34777413059,5908.24101382311,3969.61544202593,6313.97334592777
"2018-05-25 12:00:00",5139,5345.79439397979,4579.34777413353,6112.24101382605,4173.61544202886,6517.97334593071
"2018-05-25 13:00:00",5148,5324.79439398265,4558.34777413639,6091.24101382892,4152.61544203173,6496.97334593358
"2018-05-25 14:00:00",5403,5818.79439398545,5052.34777413919,6585.24101383172,4646.61544203453,6990.97334593638
"2018-05-25 15:00:00",6083,6408.79439398819,5642.34777414193,7175.24101383445,5236.61544203727,7580.97334593911
"2018-05-25 16:00:00",5753,6504.79439399086,5738.3477741446,7271.24101383712,5332.61544203994,7676.97334594178
"2018-05-25 17:00:00",4904,6205.79439399347,5439.34777414721,6972.24101383973,5033.61544204255,7377.97334594439
"2018-05-25 18:00:00",4023,5249.79439399602,4483.34777414976,6016.24101384228,4077.6154420451,6421.97334594694
"2018-05-25 19:00:00",3334,3858.79439399851,3092.34777415225,4625.24101384477,2686.61544204758,5030.97334594943
"2018-05-25 20:00:00",3026,3449.79439400094,2683.34777415468,4216.2410138472,2277.61544205002,4621.97334595186
"2018-05-25 21:00:00",2953,3204.79439400331,2438.34777415705,3971.24101384957,2032.61544205239,4376.97334595423
"2018-05-25 22:00:00",2863,2736.79439400563,1970.34777415937,3503.24101385189,1564.61544205471,3908.97334595655
"2018-05-25 23:00:00",1828,1805.79439400789,1039.34777416163,2572.24101385415,633.615442056972,2977.97334595881
"2018-05-26 00:00:00",1300,1428.7943940101,662.347774163844,2195.24101385636,256.615442059184,2600.97334596102
"2018-05-26 01:00:00",719,863.794394012263,97.3477741660039,1630.24101385852,-308.384557938656,2035.97334596318
"2018-05-26 02:00:00",579,647.794394014373,-118.652225831887,1414.24101386063,-524.384557936547,1819.97334596529
"2018-05-26 03:00:00",363,502.794394016432,-263.652225829827,1269.24101386269,-669.384557934486,1674.97334596735
"2018-05-26 04:00:00",376,485.794394018444,-280.652225827815,1252.2410138647,-686.384557932475,1657.97334596936
"2018-05-26 05:00:00",649,814.794394020409,48.3477741741502,1581.24101386667,-357.38455793051,1986.97334597133
"2018-05-26 06:00:00",1263,1438.79439402233,672.347774176069,2205.24101386859,266.615442071409,2610.97334597325
"2018-05-26 07:00:00",1690,2070.7943940242,1304.34777417794,2837.24101387046,898.615442073284,3242.97334597512
"2018-05-26 08:00:00",2392,3285.79439402603,2519.34777417977,4052.24101387229,2113.61544207512,4457.97334597695
"2018-05-26 09:00:00",3360,3577.79439402782,2811.34777418156,4344.24101387408,2405.6154420769,4749.97334597874
"2018-05-26 10:00:00",3540,3865.79439402957,3099.34777418331,4632.24101387582,2693.61544207865,5037.97334598048
"2018-05-26 11:00:00",3937,4120.79439403127,3354.34777418501,4887.24101387753,2948.61544208035,5292.97334598219
"2018-05-26 12:00:00",4176,4267.79439403294,3501.34777418668,5034.2410138792,3095.61544208202,5439.97334598386
"2018-05-26 13:00:00",4130,4550.79439403456,3784.3477741883,5317.24101388082,3378.61544208364,5722.97334598548
"2018-05-26 14:00:00",3887,4810.79439403615,4044.34777418989,5577.24101388241,3638.61544208523,5982.97334598707
"2018-05-26 15:00:00",3761,4606.7943940377,3840.34777419144,5373.24101388396,3434.61544208678,5778.97334598862
"2018-05-26 16:00:00",3970,4406.79439403922,3640.34777419296,5173.24101388548,3234.6154420883,5578.97334599014
"2018-05-26 17:00:00",3858,4141.7943940407,3375.34777419444,4908.24101388696,2969.61544208978,5313.97334599162
"2018-05-26 18:00:00",3714,3648.79439404214,2882.34777419588,4415.2410138884,2476.61544209122,4820.97334599306
"2018-05-26 19:00:00",2965,2987.79439404355,2221.34777419729,3754.24101388981,1815.61544209263,4159.97334599448
"2018-05-26 20:00:00",2855,2714.79439404493,1948.34777419867,3481.24101389119,1542.61544209401,3886.97334599585
"2018-05-26 21:00:00",2956,2713.79439404628,1947.34777420002,3480.24101389254,1541.61544209536,3885.9733459972
"2018-05-26 22:00:00",3036,2722.79439404759,1956.34777420133,3489.24101389385,1550.61544209667,3894.97334599851
"2018-05-26 23:00:00",2141,2055.79439404888,1289.34777420262,2822.24101389514,883.615442097958,3227.9733459998
"2018-05-27 00:00:00",1633,1224.79439405013,458.347774203872,1991.24101389639,52.615442099212,2396.97334600105
"2018-05-27 01:00:00",829,769.794394051357,3.34777420509738,1536.24101389762,-402.384557899563,1941.97334600228
"2018-05-27 02:00:00",712,533.794394052553,-232.652225793706,1300.24101389881,-638.384557898366,1705.97334600347
"2018-05-27 03:00:00",486,332.794394053721,-433.652225792538,1099.24101389998,-839.384557897198,1504.97334600464
"2018-05-27 04:00:00",401,281.794394054862,-484.652225791397,1048.24101390112,-890.384557896057,1453.97334600578
"2018-05-27 05:00:00",844,441.794394055977,-324.652225790282,1208.24101390224,-730.384557894942,1613.9733460069
"2018-05-27 06:00:00",1192,858.794394057065,92.3477742108068,1625.24101390332,-313.384557893853,2030.97334600798
"2018-05-27 07:00:00",1205,1250.79439405813,484.34777421187,2017.24101390439,78.6154421072108,2422.97334600905
"2018-05-27 08:00:00",1819,1837.79439405917,1071.34777421291,2604.24101390542,665.615442108249,3009.97334601008
"2018-05-27 09:00:00",2660,2646.79439406018,1880.34777421392,3413.24101390644,1474.61544210926,3818.9733460111
"2018-05-27 10:00:00",3431,3509.79439406117,2743.34777421491,4276.24101390743,2337.61544211025,4681.97334601209
"2018-05-27 11:00:00",3782,4308.79439406214,3542.34777421588,5075.24101390839,3136.61544211122,5480.97334601305
"2018-05-27 12:00:00",4190,4669.79439406308,3903.34777421683,5436.24101390934,3497.61544211217,5841.973346014
"2018-05-27 13:00:00",4139,3964.794394064,3198.34777421775,4731.24101391026,2792.61544211309,5136.97334601492
"2018-05-27 14:00:00",3963,3940.79439406491,3174.34777421865,4707.24101391116,2768.61544211399,5112.97334601582
"2018-05-27 15:00:00",3821,3928.79439406579,3162.34777421953,4695.24101391204,2756.61544211487,5100.9733460167
"2018-05-27 16:00:00",3739,3946.79439406664,3180.34777422039,4713.2410139129,2774.61544211573,5118.97334601756
"2018-05-27 17:00:00",3266,3776.79439406748,3010.34777422123,4543.24101391374,2604.61544211657,4948.9733460184
"2018-05-27 18:00:00",3127,3386.7943940683,2620.34777422205,4153.24101391456,2214.61544211739,4558.97334601922
"2018-05-27 19:00:00",2830,2850.7943940691,2084.34777422285,3617.24101391536,1678.61544211819,4022.97334602002
"2018-05-27 20:00:00",2825,2700.79439406989,1934.34777422363,3467.24101391614,1528.61544211897,3872.9733460208
"2018-05-27 21:00:00",2656,2202.79439407065,1436.34777422439,2969.24101391691,1030.61544211973,3374.97334602157
"2018-05-27 22:00:00",2565,1704.7943940714,938.347774225137,2471.24101391765,532.615442120478,2876.97334602231
"2018-05-27 23:00:00",1660,1115.79439407212,349.347774225865,1882.24101391838,-56.3845578787943,2287.97334602304
"2018-05-28 00:00:00",1088,321.633001584119,-444.81361826214,1088.07962143038,-850.5459503668,1493.81195353504
"2018-05-28 01:00:00",559,19.633001584814,-746.813618261445,786.079621431073,-1152.54595036611,1191.81195353573
"2018-05-28 02:00:00",440,-9.36699841450746,-775.813618260767,757.079621431752,-1181.54595036543,1162.81195353641
"2018-05-28 03:00:00",332,2.63300158615516,-763.813618260105,769.079621432415,-1169.54595036477,1174.81195353708
"2018-05-28 04:00:00",314,529.633001586802,-236.813618259458,1296.07962143306,-642.545950364119,1701.81195353772
"2018-05-28 05:00:00",488,2465.63300158743,1699.18638174117,3232.0796214337,1293.45404963651,3637.81195353836
"2018-05-28 06:00:00",882,5390.63300158805,4624.18638174179,6157.07962143431,4218.45404963713,6562.81195353897
"2018-05-28 07:00:00",989,6468.63300158865,5702.18638174239,7235.07962143491,5296.45404963773,7640.81195353958
"2018-05-28 08:00:00",1294,5395.63300158924,4629.18638174298,6162.0796214355,4223.45404963832,6567.81195354016
"2018-05-28 09:00:00",1873,4534.63300158982,3768.18638174356,5301.07962143608,3362.4540496389,5706.81195354074
"2018-05-28 10:00:00",2576,3923.63300159038,3157.18638174412,4690.07962143664,2751.45404963946,5095.8119535413
"2018-05-28 11:00:00",3037,4123.63300159093,3357.18638174467,4890.07962143719,2951.45404964001,5295.81195354185
"2018-05-28 12:00:00",3375,4479.63300159146,3713.18638174521,5246.07962143772,3307.45404964055,5651.81195354238
"2018-05-28 13:00:00",3611,1709.63300159199,943.18638174573,2476.07962143825,537.45404964107,2881.8119535429
"2018-05-28 14:00:00",4032,3893.6330015925,3127.18638174624,4660.07962143876,2721.45404964158,5065.81195354342
"2018-05-28 15:00:00",3812,5564.633001593,4798.18638174674,6331.07962143926,4392.45404964208,6736.81195354392
"2018-05-28 16:00:00",3810,6637.63300159349,5871.18638174723,7404.07962143974,5465.45404964257,7809.8119535444
"2018-05-28 17:00:00",3822,5803.63300159396,5037.1863817477,6570.07962144022,4631.45404964304,6975.81195354488
"2018-05-28 18:00:00",3749,4255.63300159443,3489.18638174817,5022.07962144068,3083.45404964351,5427.81195354534
"2018-05-28 19:00:00",3145,2918.63300159488,2152.18638174862,3685.07962144114,1746.45404964396,4090.8119535458
"2018-05-28 20:00:00",2611,2368.63300159532,1602.18638174907,3135.07962144158,1196.45404964441,3540.81195354624
"2018-05-28 21:00:00",2338,1987.63300159576,1221.1863817495,2754.07962144201,815.45404964484,3159.81195354667
"2018-05-28 22:00:00",1936,1337.63300159618,571.186381749922,2104.07962144244,165.454049645263,2509.8119535471
"2018-05-28 23:00:00",1141,729.633001596593,-36.8136182496651,1496.07962144285,-442.545950354324,1901.81195354751
"2018-05-29 00:00:00",565,562.794394085712,-203.652225760546,1329.24101393197,-609.384557865205,1734.97334603663
"2018-05-29 01:00:00",347,341.794394086106,-424.652225760152,1108.24101393236,-830.384557864812,1513.97334603702
"2018-05-29 02:00:00",239,257.794394086491,-508.652225759768,1024.24101393275,-914.384557864427,1429.97334603741
"2018-05-29 03:00:00",340,345.794394086866,-420.652225759392,1112.24101393312,-826.384557864051,1517.97334603778
"2018-05-29 04:00:00",828,894.794394087233,128.347774240975,1661.24101393349,-277.384557863684,2066.97334603815
"2018-05-29 05:00:00",2911,3034.79439408759,2268.34777424133,3801.24101393385,1862.61544213667,4206.97334603851
"2018-05-29 06:00:00",5723,5883.79439408794,5117.34777424168,6650.2410139342,4711.61544213702,7055.97334603886
"2018-05-29 07:00:00",6106,6027.79439408828,5261.34777424203,6794.24101393454,4855.61544213737,7199.9733460392
"2018-05-29 08:00:00",5530,5760.79439408862,4994.34777424236,6527.24101393488,4588.6154421377,6932.97334603954
"2018-05-29 09:00:00",5117,5093.79439408894,4327.34777424269,5860.2410139352,3921.61544213803,6265.97334603986
"2018-05-29 10:00:00",4530,4458.79439408926,3692.347774243,5225.24101393552,3286.61544213834,5630.97334604018
"2018-05-29 11:00:00",4436,4639.79439408957,3873.34777424332,5406.24101393583,3467.61544213866,5811.97334604049
"2018-05-29 12:00:00",4866,4768.79439408988,4002.34777424362,5535.24101393614,3596.61544213896,5940.9733460408
"2018-05-29 13:00:00",4973,4848.79439409017,4082.34777424392,5615.24101393643,3676.61544213926,6020.97334604109
"2018-05-29 14:00:00",5159,5205.79439409046,4439.34777424421,5972.24101393672,4033.61544213955,6377.97334604138
"2018-05-29 15:00:00",6018,5909.79439409075,5143.34777424449,6676.24101393701,4737.61544213983,7081.97334604167
"2018-05-29 16:00:00",6820,6915.79439409102,6149.34777424476,7682.24101393728,5743.61544214011,8087.97334604194
"2018-05-29 17:00:00",5990,6379.79439409129,5613.34777424503,7146.24101393755,5207.61544214038,7551.97334604221
"2018-05-29 18:00:00",4267,4657.79439409156,3891.3477742453,5424.24101393782,3485.61544214064,5829.97334604247
"2018-05-29 19:00:00",3036,3375.79439409181,2609.34777424556,4142.24101393807,2203.6154421409,4547.97334604273
"2018-05-29 20:00:00",2466,3036.79439409207,2270.34777424581,3803.24101393832,1864.61544214115,4208.97334604298
"2018-05-29 21:00:00",2154,3055.79439409231,2289.34777424605,3822.24101393857,1883.6154421414,4227.97334604323
"2018-05-29 22:00:00",1595,1961.79439409255,1195.34777424629,2728.24101393881,789.615442141635,3133.97334604347
"2018-05-29 23:00:00",969,1092.79439409279,326.347774246529,1859.24101393904,-79.3845578581306,2264.9733460437
"2018-05-30 00:00:00",527,607.794394093015,-158.652225753243,1374.24101393927,-564.384557857902,1779.97334604393
"2018-05-30 01:00:00",351,371.794394093239,-394.652225753019,1138.2410139395,-800.384557857679,1543.97334604416
"2018-05-30 02:00:00",306,311.794394093457,-454.652225752801,1078.24101393971,-860.384557857461,1483.97334604437
"2018-05-30 03:00:00",329,357.79439409367,-408.652225752588,1124.24101393993,-814.384557857248,1529.97334604459
"2018-05-30 04:00:00",893,927.794394093878,161.34777424762,1694.24101394014,-244.384557857039,2099.9733460448
"2018-05-30 05:00:00",3023,2997.79439409408,2231.34777424782,3764.24101394034,1825.61544214316,4169.973346045
"2018-05-30 06:00:00",6046,5987.79439409428,5221.34777424802,6754.24101394054,4815.61544214336,7159.9733460452
"2018-05-30 07:00:00",6326,6649.79439409447,5883.34777424822,7416.24101394073,5477.61544214356,7821.97334604539
"2018-05-30 08:00:00",5716,5565.79439409466,4799.34777424841,6332.24101394092,4393.61544214375,6737.97334604558
"2018-05-30 09:00:00",5283,5225.79439409485,4459.34777424859,5992.24101394111,4053.61544214393,6397.97334604576
"2018-05-30 10:00:00",4554,4736.79439409503,3970.34777424877,5503.24101394129,3564.61544214411,5908.97334604594
"2018-05-30 11:00:00",4744,4964.79439409521,4198.34777424895,5731.24101394146,3792.61544214429,6136.97334604612
"2018-05-30 12:00:00",4923,4768.79439409538,4002.34777424912,5535.24101394163,3596.61544214447,5940.97334604629
"2018-05-30 13:00:00",4823,4920.79439409555,4154.34777424929,5687.2410139418,3748.61544214463,6092.97334604646
"2018-05-30 14:00:00",5343,5229.79439409571,4463.34777424946,5996.24101394196,4057.6154421448,6401.97334604662
"2018-05-30 15:00:00",6062,5967.79439409587,5201.34777424962,6734.24101394212,4795.61544214496,7139.97334604678
"2018-05-30 16:00:00",7042,6905.79439409603,6139.34777424978,7672.24101394228,5733.61544214512,8077.97334604694
"2018-05-30 17:00:00",6429,6236.79439409618,5470.34777424993,7003.24101394243,5064.61544214527,7408.97334604709
"2018-05-30 18:00:00",4621,4640.79439409633,3874.34777425008,5407.24101394258,3468.61544214542,5812.97334604724
"2018-05-30 19:00:00",3555,3367.79439409648,2601.34777425022,4134.24101394273,2195.61544214557,4539.97334604739
"2018-05-30 20:00:00",2788,3001.79439409662,2235.34777425037,3768.24101394287,1829.61544214571,4173.97334604753
"2018-05-30 21:00:00",2612,2896.79439409676,2130.34777425051,3663.24101394301,1724.61544214585,4068.97334604767
"2018-05-30 22:00:00",1932,2036.79439409689,1270.34777425064,2803.24101394315,864.615442145985,3208.9733460478
"2018-05-30 23:00:00",1233,1223.79439409703,457.347774250775,1990.24101394328,51.6154421461183,2395.97334604794
"2018-05-31 00:00:00",695,636.794394097157,-129.652225749096,1403.24101394341,-535.384557853752,1808.97334604807
"2018-05-31 01:00:00",382,364.794394097284,-401.652225748969,1131.24101394354,-807.384557853626,1536.97334604819
"2018-05-31 02:00:00",307,269.794394097408,-496.652225748845,1036.24101394366,-902.384557853502,1441.97334604832
"2018-05-31 03:00:00",343,371.794394097529,-394.652225748725,1138.24101394378,-800.384557853381,1543.97334604844
"2018-05-31 04:00:00",922,891.794394097647,125.347774251394,1658.2410139439,-280.384557853263,2063.97334604856
"2018-05-31 05:00:00",3013,3020.79439409776,2254.34777425151,3787.24101394402,1848.61544214685,4192.97334604867
"2018-05-31 06:00:00",6007,5771.79439409787,5005.34777425162,6538.24101394413,4599.61544214697,6943.97334604878
"2018-05-31 07:00:00",6420,6306.79439409798,5540.34777425173,7073.24101394424,5134.61544214708,7478.97334604889
"2018-05-31 08:00:00",5912,5703.79439409809,4937.34777425184,6470.24101394435,4531.61544214718,6875.973346049
"2018-05-31 09:00:00",5313,5240.7943940982,4474.34777425194,6007.24101394445,4068.61544214729,6412.97334604911
"2018-05-31 10:00:00",4734,4540.7943940983,3774.34777425205,5307.24101394455,3368.61544214739,5712.97334604921
"2018-05-31 11:00:00",5008,4931.7943940984,4165.34777425215,5698.24101394465,3759.61544214749,6103.97334604931
"2018-05-31 12:00:00",5031,4977.7943940985,4211.34777425224,5744.24101394475,3805.61544214759,6149.97334604941
"2018-05-31 13:00:00",5199,5044.79439409859,4278.34777425234,5811.24101394485,3872.61544214768,6216.9733460495
"2018-05-31 14:00:00",5407,5422.79439409869,4656.34777425243,6189.24101394494,4250.61544214777,6594.9733460496
"2018-05-31 15:00:00",5950,6192.79439409878,5426.34777425252,6959.24101394503,5020.61544214786,7364.97334604969
"2018-05-31 16:00:00",6860,6201.79439409887,5435.34777425261,6968.24101394512,5029.61544214795,7373.97334604978
"2018-05-31 17:00:00",6358,6115.79439409895,5349.3477742527,6882.24101394521,4943.61544214804,7287.97334604987
"2018-05-31 18:00:00",5042,4795.79439409904,4029.34777425278,5562.24101394529,3623.61544214812,5967.97334604995
"2018-05-31 19:00:00",3671,3754.79439409912,2988.34777425286,4521.24101394538,2582.61544214821,4926.97334605004
"2018-05-31 20:00:00",3037,2946.7943940992,2180.34777425294,3713.24101394546,1774.61544214829,4118.97334605012
"2018-05-31 21:00:00",3102,2634.79439409928,1868.34777425302,3401.24101394554,1462.61544214836,3806.9733460502
"2018-05-31 22:00:00",2222,1946.79439409936,1180.3477742531,2713.24101394562,774.615442148442,3118.97334605027
"2018-05-31 23:00:00",1446,1269.79439409943,503.347774253176,2036.24101394569,97.6154421485164,2441.97334605035
"2018-06-01 00:00:00",786,656.794394099507,-109.652225746751,1423.24101394576,-515.384557851411,1828.97334605042
"2018-06-01 01:00:00",497,438.794394099579,-327.65222574668,1205.24101394584,-733.384557851339,1610.9733460505
"2018-06-01 02:00:00",346,308.794394099649,-457.65222574661,1075.24101394591,-863.384557851269,1480.97334605057
"2018-06-01 03:00:00",395,337.794394099717,-428.652225746541,1104.24101394598,-834.384557851201,1509.97334605064
"2018-06-01 04:00:00",872,796.794394099784,30.3477742535256,1563.24101394604,-375.384557851134,1968.9733460507
"2018-06-01 05:00:00",2965,2653.79439409985,1887.34777425359,3420.24101394611,1481.61544214893,3825.97334605077
"2018-06-01 06:00:00",5345,5119.79439409991,4353.34777425366,5886.24101394617,3947.615442149,6291.97334605083
"2018-06-01 07:00:00",6658,6083.79439409998,5317.34777425372,6850.24101394623,4911.61544214906,7255.97334605089
"2018-06-01 08:00:00",5639,5214.79439410004,4448.34777425378,5981.2410139463,4042.61544214912,6386.97334605096
"2018-06-01 09:00:00",5132,4867.7943941001,4101.34777425384,5634.24101394636,3695.61544214918,6039.97334605101
"2018-06-01 10:00:00",4739,4542.79439410015,3776.3477742539,5309.24101394641,3370.61544214924,5714.97334605107
"2018-06-01 11:00:00",5043,4936.79439410021,4170.34777425395,5703.24101394647,3764.61544214929,6108.97334605113
"2018-06-01 12:00:00",5387,5147.79439410027,4381.34777425401,5914.24101394652,3975.61544214935,6319.97334605118
"2018-06-01 13:00:00",5381,5156.79439410032,4390.34777425406,5923.24101394658,3984.6154421494,6328.97334605124
"2018-06-01 14:00:00",5742,5411.79439410037,4645.34777425412,6178.24101394663,4239.61544214946,6583.97334605129
"2018-06-01 15:00:00",6352,6091.79439410043,5325.34777425417,6858.24101394668,4919.61544214951,7263.97334605134
"2018-06-01 16:00:00",6860,5761.79439410048,4995.34777425422,6528.24101394673,4589.61544214956,6933.97334605139
"2018-06-01 17:00:00",5983,4912.79439410053,4146.34777425427,5679.24101394678,3740.61544214961,6084.97334605144
"2018-06-01 18:00:00",4926,4031.79439410057,3265.34777425432,4798.24101394683,2859.61544214966,5203.97334605149
"2018-06-01 19:00:00",3804,3342.79439410062,2576.34777425436,4109.24101394688,2170.6154421497,4514.97334605154
"2018-06-01 20:00:00",3446,3034.79439410067,2268.34777425441,3801.24101394692,1862.61544214975,4206.97334605158
"2018-06-01 21:00:00",3519,2961.79439410071,2195.34777425445,3728.24101394697,1789.61544214979,4133.97334605163
"2018-06-01 22:00:00",2865,2871.79439410075,2105.3477742545,3638.24101394701,1699.61544214984,4043.97334605167
"2018-06-01 23:00:00",2218,1836.7943941008,1070.34777425454,2603.24101394706,664.615442149879,3008.97334605172
"2018-06-02 00:00:00",1601,1308.79439410084,542.34777425458,2075.2410139471,136.61544214992,2480.97334605176
"2018-06-02 01:00:00",830,727.79439410088,-38.6522257453797,1494.24101394714,-444.38455785004,1899.9733460518
"2018-06-02 02:00:00",638,587.79439410092,-178.652225745341,1354.24101394718,-584.384557850001,1759.97334605184
"2018-06-02 03:00:00",446,371.794394100959,-394.652225745302,1138.24101394722,-800.384557849963,1543.97334605188
"2018-06-02 04:00:00",424,384.794394100997,-381.652225745264,1151.24101394726,-787.384557849925,1556.97334605192
"2018-06-02 05:00:00",746,657.794394101034,-108.652225745228,1424.2410139473,-514.384557849889,1829.97334605196
"2018-06-02 06:00:00",1385,1271.79439410107,505.347774254809,2038.24101394733,99.6154421501474,2443.97334605199
"2018-06-02 07:00:00",1928,1698.79439410111,932.347774254844,2465.24101394737,526.615442150183,2870.97334605203
"2018-06-02 08:00:00",2730,2400.79439410114,1634.34777425488,3167.2410139474,1228.61544215022,3572.97334605206
"2018-06-02 09:00:00",3707,3368.79439410117,2602.34777425491,4135.24101394744,2196.61544215025,4540.9733460521
"2018-06-02 10:00:00",3864,3548.79439410121,2782.34777425495,4315.24101394747,2376.61544215029,4720.97334605213
"2018-06-02 11:00:00",4260,3945.79439410124,3179.34777425498,4712.2410139475,2773.61544215032,5117.97334605216
"2018-06-02 12:00:00",4671,4184.79439410127,3418.34777425501,4951.24101394753,3012.61544215035,5356.97334605219
"2018-06-02 13:00:00",4741,4138.7943941013,3372.34777425504,4905.24101394756,2966.61544215038,5310.97334605222
"2018-06-02 14:00:00",4896,3895.79439410133,3129.34777425507,4662.24101394759,2723.61544215041,5067.97334605225
"2018-06-02 15:00:00",4509,3769.79439410136,3003.3477742551,4536.24101394762,2597.61544215044,4941.97334605228
"2018-06-02 16:00:00",4560,3978.79439410139,3212.34777425513,4745.24101394765,2806.61544215047,5150.97334605231
"2018-06-02 17:00:00",4221,3866.79439410142,3100.34777425516,4633.24101394768,2694.61544215049,5038.97334605234
"2018-06-02 18:00:00",4013,3722.79439410144,2956.34777425518,4489.24101394771,2550.61544215052,4894.97334605237
"2018-06-02 19:00:00",3480,2973.79439410147,2207.34777425521,3740.24101394773,1801.61544215055,4145.97334605239
"2018-06-02 20:00:00",3074,2863.7943941015,2097.34777425524,3630.24101394776,1691.61544215058,4035.97334605242
"2018-06-02 21:00:00",2905,2964.79439410152,2198.34777425526,3731.24101394778,1792.6154421506,4136.97334605244
"2018-06-02 22:00:00",2808,3044.79439410155,2278.34777425529,3811.24101394781,1872.61544215063,4216.97334605247
"2018-06-02 23:00:00",2103,2149.79439410157,1383.34777425531,2916.24101394783,977.615442150651,3321.97334605249
"2018-06-03 00:00:00",1516,1641.7943941016,875.347774255336,2408.24101394785,469.615442150676,2813.97334605251
"2018-06-03 01:00:00",905,837.794394101618,71.3477742553604,1604.24101394788,-334.384557849299,2009.97334605254
"2018-06-03 02:00:00",647,720.794394101641,-45.6522257446163,1487.2410139479,-451.384557849275,1892.97334605256
"2018-06-03 03:00:00",477,494.794394101663,-271.652225744594,1261.24101394792,-677.384557849253,1666.97334605258
"2018-06-03 04:00:00",419,409.794394101684,-356.652225744572,1176.24101394794,-762.38455784923,1581.9733460526
"2018-06-03 05:00:00",643,852.794394101706,86.3477742554497,1619.24101394796,-319.384557849208,2024.97334605262
"2018-06-03 06:00:00",1103,1200.79439410173,434.347774255471,1967.24101394798,28.6154421508131,2372.97334605264
"2018-06-03 07:00:00",1519,1213.79439410175,447.347774255491,1980.241013948,41.6154421508336,2385.97334605266
"2018-06-03 08:00:00",2380,1827.79439410177,1061.34777425551,2594.24101394802,655.615442150853,2999.97334605268
"2018-06-03 09:00:00",3350,2668.79439410178,1902.34777425553,3435.24101394804,1496.61544215087,3840.9733460527
"2018-06-03 10:00:00",3820,3439.7943941018,2673.34777425555,4206.24101394806,2267.61544215089,4611.97334605272
"2018-06-03 11:00:00",4453,3790.79439410182,3024.34777425557,4557.24101394808,2618.61544215091,4962.97334605274
"2018-06-03 12:00:00",4858,4198.79439410184,3432.34777425558,4965.2410139481,3026.61544215092,5370.97334605276
"2018-06-03 13:00:00",4563,4147.79439410186,3381.3477742556,4914.24101394811,2975.61544215094,5319.97334605277
"2018-06-03 14:00:00",4458,3971.79439410187,3205.34777425562,4738.24101394813,2799.61544215096,5143.97334605279
"2018-06-03 15:00:00",4554,3829.79439410189,3063.34777425564,4596.24101394815,2657.61544215098,5001.9733460528
"2018-06-03 16:00:00",4547,3747.79439410191,2981.34777425565,4514.24101394816,2575.61544215099,4919.97334605282
"2018-06-03 17:00:00",4262,3274.79439410192,2508.34777425567,4041.24101394818,2102.61544215101,4446.97334605283
"2018-06-03 18:00:00",3972,3135.79439410194,2369.34777425568,3902.24101394819,1963.61544215103,4307.97334605285
"2018-06-03 19:00:00",3527,2838.79439410195,2072.3477742557,3605.24101394821,1666.61544215104,4010.97334605287
"2018-06-03 20:00:00",3043,2833.79439410197,2067.34777425571,3600.24101394822,1661.61544215106,4005.97334605288
"2018-06-03 21:00:00",2490,2664.79439410198,1898.34777425573,3431.24101394824,1492.61544215107,3836.9733460529
"2018-06-03 22:00:00",2051,2573.794394102,1807.34777425574,3340.24101394825,1401.61544215108,3745.97334605291
"2018-06-03 23:00:00",1166,1668.79439410201,902.347774255755,2435.24101394827,496.615442151098,2840.97334605292
"2018-06-04 00:00:00",667,1096.79439410202,330.347774255768,1863.24101394828,-75.3845578488902,2268.97334605294
"2018-06-04 01:00:00",377,567.794394102037,-198.652225744219,1334.24101394829,-604.384557848878,1739.97334605295
"2018-06-04 02:00:00",285,448.79439410205,-317.652225744207,1215.24101394831,-723.384557848866,1620.97334605296
"2018-06-04 03:00:00",375,340.794394102062,-425.652225744195,1107.24101394832,-831.384557848854,1512.97334605298
"2018-06-04 04:00:00",928,322.794394102074,-443.652225744183,1089.24101394833,-849.384557848843,1494.97334605299
"2018-06-04 05:00:00",3021,496.794394102086,-269.652225744172,1263.24101394834,-675.384557848831,1668.973346053
"2018-06-04 06:00:00",5765,890.794394102098,124.34777425584,1657.24101394836,-281.38455784882,2062.97334605302
"2018-06-04 07:00:00",6081,997.794394102109,231.347774255851,1764.24101394837,-174.384557848808,2169.97334605303
"2018-06-04 08:00:00",5546,1302.79439410212,536.347774255862,2069.24101394838,130.615442151203,2474.97334605304
"2018-06-04 09:00:00",5108,1881.79439410213,1115.34777425587,2648.24101394839,709.615442151214,3053.97334605305
"2018-06-04 10:00:00",4334,2584.79439410214,1818.34777425588,3351.2410139484,1412.61544215122,3756.97334605306
"2018-06-04 11:00:00",4489,3045.79439410215,2279.34777425589,3812.24101394841,1873.61544215123,4217.97334605307
"2018-06-04 12:00:00",4741,3383.79439410216,2617.3477742559,4150.24101394842,2211.61544215124,4555.97334605308
"2018-06-04 13:00:00",4873,3619.79439410217,2853.34777425591,4386.24101394843,2447.61544215125,4791.97334605309
"2018-06-04 14:00:00",5170,4040.79439410218,3274.34777425592,4807.24101394844,2868.61544215126,5212.9733460531
"2018-06-04 15:00:00",5797,3820.79439410219,3054.34777425593,4587.24101394845,2648.61544215127,4992.97334605311
"2018-06-04 16:00:00",7024,3818.7943941022,3052.34777425594,4585.24101394846,2646.61544215128,4990.97334605312
"2018-06-04 17:00:00",6234,3830.79439410221,3064.34777425595,4597.24101394847,2658.61544215129,5002.97334605313
"2018-06-04 18:00:00",4374,3757.79439410222,2991.34777425596,4524.24101394848,2585.6154421513,4929.97334605314
"2018-06-04 19:00:00",3279,3153.79439410223,2387.34777425597,3920.24101394848,1981.61544215131,4325.97334605314
"2018-06-04 20:00:00",2941,2619.79439410224,1853.34777425598,3386.24101394849,1447.61544215132,3791.97334605315
"2018-06-04 21:00:00",2776,2346.79439410224,1580.34777425599,3113.2410139485,1174.61544215133,3518.97334605316
"2018-06-04 22:00:00",1871,1944.79439410225,1178.34777425599,2711.24101394851,772.615442151335,3116.97334605317
"2018-06-04 23:00:00",1115,1149.79439410226,383.347774256001,1916.24101394852,-22.384557848658,2321.97334605318
"2018-06-05 00:00:00",635,573.794394102267,-192.652225743991,1340.24101394853,-598.384557848651,1745.97334605318
"2018-06-05 01:00:00",399,355.794394102274,-410.652225743984,1122.24101394853,-816.384557848644,1527.97334605319
"2018-06-05 02:00:00",297,247.794394102282,-518.652225743977,1014.24101394854,-924.384557848637,1419.9733460532
"2018-06-05 03:00:00",355,348.794394102289,-417.65222574397,1115.24101394855,-823.38455784863,1520.97334605321
"2018-06-05 04:00:00",952,836.794394102296,70.3477742560368,1603.24101394855,-335.384557848623,2008.97334605321
"2018-06-05 05:00:00",3078,2919.7943941023,2153.34777425604,3686.24101394856,1747.61544215138,4091.97334605322
"2018-06-05 06:00:00",5970,5731.79439410231,4965.34777425605,6498.24101394857,4559.61544215139,6903.97334605323
"2018-06-05 07:00:00",5972,6114.79439410232,5348.34777425606,6881.24101394857,4942.6154421514,7286.97334605323
"2018-06-05 08:00:00",5645,5538.79439410232,4772.34777425607,6305.24101394858,4366.61544215141,6710.97334605324
"2018-06-05 09:00:00",5046,5125.79439410233,4359.34777425607,5892.24101394858,3953.61544215141,6297.97334605324
"2018-06-05 10:00:00",4592,4538.79439410233,3772.34777425608,5305.24101394859,3366.61544215142,5710.97334605325
"2018-06-05 11:00:00",4778,4444.79439410234,3678.34777425608,5211.2410139486,3272.61544215142,5616.97334605326
"2018-06-05 12:00:00",5256,4874.79439410235,4108.34777425609,5641.2410139486,3702.61544215143,6046.97334605326
"2018-06-05 13:00:00",5285,4981.79439410235,4215.34777425609,5748.24101394861,3809.61544215143,6153.97334605327
"2018-06-05 14:00:00",5340,5167.79439410236,4401.3477742561,5934.24101394861,3995.61544215144,6339.97334605327
"2018-06-05 15:00:00",6102,6026.79439410236,5260.3477742561,6793.24101394862,4854.61544215144,7198.97334605328
"2018-06-05 16:00:00",7037,6828.79439410237,6062.34777425611,7595.24101394863,5656.61544215145,8000.97334605328
"2018-06-05 17:00:00",6431,5998.79439410237,5232.34777425611,6765.24101394863,4826.61544215145,7170.97334605329
"2018-06-05 18:00:00",4582,4275.79439410238,3509.34777425612,5042.24101394863,3103.61544215146,5447.97334605329
"2018-06-05 19:00:00",3510,3044.79439410238,2278.34777425612,3811.24101394864,1872.61544215147,4216.9733460533
"2018-06-05 20:00:00",3012,2474.79439410239,1708.34777425613,3241.24101394864,1302.61544215147,3646.9733460533
"2018-06-05 21:00:00",2754,2162.79439410239,1396.34777425613,2929.24101394865,990.615442151475,3334.97334605331
"2018-06-05 22:00:00",2212,1603.7943941024,837.347774256138,2370.24101394865,431.615442151479,2775.97334605331
"2018-06-05 23:00:00",1227,977.7943941024,211.347774256142,1744.24101394866,-194.384557848518,2149.97334605332
"2018-06-06 00:00:00",663,535.794394102405,-230.652225743854,1302.24101394866,-636.384557848514,1707.97334605332
"2018-06-06 01:00:00",415,359.794394102409,-406.652225743849,1126.24101394867,-812.384557848509,1531.97334605333
"2018-06-06 02:00:00",318,314.794394102413,-451.652225743845,1081.24101394867,-857.384557848505,1486.97334605333
"2018-06-06 03:00:00",362,337.794394102417,-428.652225743841,1104.24101394868,-834.3845578485,1509.97334605333
"2018-06-06 04:00:00",934,901.794394102421,135.347774256163,1668.24101394868,-270.384557848496,2073.97334605334
"2018-06-06 05:00:00",2980,3031.79439410243,2265.34777425617,3798.24101394868,1859.61544215151,4203.97334605334
"2018-06-06 06:00:00",5195,6054.79439410243,5288.34777425617,6821.24101394869,4882.61544215151,7226.97334605334
"2018-06-06 07:00:00",6083,6334.79439410243,5568.34777425618,7101.24101394869,5162.61544215152,7506.97334605335
"2018-06-06 08:00:00",5301,5724.79439410244,4958.34777425618,6491.24101394869,4552.61544215152,6896.97334605335
"2018-06-06 09:00:00",5324,5291.79439410244,4525.34777425618,6058.2410139487,4119.61544215152,6463.97334605336
"2018-06-06 10:00:00",4621,4562.79439410244,3796.34777425618,5329.2410139487,3390.61544215153,5734.97334605336
"2018-06-06 11:00:00",4915,4752.79439410245,3986.34777425619,5519.2410139487,3580.61544215153,5924.97334605336
"2018-06-06 12:00:00",5098,4931.79439410245,4165.34777425619,5698.24101394871,3759.61544215153,6103.97334605337
"2018-06-06 13:00:00",4799,4831.79439410245,4065.34777425619,5598.24101394871,3659.61544215153,6003.97334605337
"2018-06-06 14:00:00",5226,5351.79439410246,4585.3477742562,6118.24101394871,4179.61544215154,6523.97334605337
"2018-06-06 15:00:00",6264,6070.79439410246,5304.3477742562,6837.24101394872,4898.61544215154,7242.97334605338
"2018-06-06 16:00:00",6925,7050.79439410246,6284.3477742562,7817.24101394872,5878.61544215155,8222.97334605338
"2018-06-06 17:00:00",6637,6437.79439410247,5671.34777425621,7204.24101394872,5265.61544215155,7609.97334605338
"2018-06-06 18:00:00",5055,4629.79439410247,3863.34777425621,5396.24101394872,3457.61544215155,5801.97334605338
"2018-06-06 19:00:00",3648,3563.79439410247,2797.34777425621,4330.24101394873,2391.61544215156,4735.97334605338
"2018-06-06 20:00:00",3157,2796.79439410247,2030.34777425622,3563.24101394873,1624.61544215156,3968.97334605339
"2018-06-06 21:00:00",2723,2620.79439410248,1854.34777425622,3387.24101394873,1448.61544215156,3792.97334605339
"2018-06-06 22:00:00",2224,1940.79439410248,1174.34777425622,2707.24101394873,768.615442151564,3112.97334605339
"2018-06-06 23:00:00",1303,1241.79439410248,475.347774256225,2008.24101394874,69.6154421515666,2413.97334605339
"2018-06-07 00:00:00",685,703.794394102483,-62.6522257437729,1470.24101394874,-468.384557848431,1875.9733460534
"2018-06-07 01:00:00",439,390.794394102485,-375.652225743771,1157.24101394874,-781.384557848429,1562.9733460534
"2018-06-07 02:00:00",328,315.794394102488,-450.652225743768,1082.24101394874,-856.384557848426,1487.9733460534
"2018-06-07 03:00:00",380,351.79439410249,-414.652225743765,1118.24101394875,-820.384557848424,1523.9733460534
"2018-06-07 04:00:00",977,930.794394102492,164.347774256237,1697.24101394875,-241.384557848421,2102.97334605341
"2018-06-07 05:00:00",3018,3021.79439410249,2255.34777425624,3788.24101394875,1849.61544215158,4193.97334605341
"2018-06-07 06:00:00",5885,6015.7943941025,5249.34777425624,6782.24101394875,4843.61544215158,7187.97334605341
"2018-06-07 07:00:00",6097,6428.7943941025,5662.34777425624,7195.24101394875,5256.61544215159,7600.97334605341
"2018-06-07 08:00:00",5871,5920.7943941025,5154.34777425624,6687.24101394876,4748.61544215159,7092.97334605341
"2018-06-07 09:00:00",5136,5321.7943941025,4555.34777425625,6088.24101394876,4149.61544215159,6493.97334605342
"2018-06-07 10:00:00",4691,4742.79439410251,3976.34777425625,5509.24101394876,3570.61544215159,5914.97334605342
"2018-06-07 11:00:00",5168,5016.79439410251,4250.34777425625,5783.24101394876,3844.61544215159,6188.97334605342
"2018-06-07 12:00:00",5220,5039.79439410251,4273.34777425625,5806.24101394876,3867.61544215159,6211.97334605342
"2018-06-07 13:00:00",5094,5207.79439410251,4441.34777425626,5974.24101394876,4035.6154421516,6379.97334605342
"2018-06-07 14:00:00",5399,5415.79439410251,4649.34777425626,6182.24101394877,4243.6154421516,6587.97334605342
"2018-06-07 15:00:00",6202,5958.79439410251,5192.34777425626,6725.24101394877,4786.6154421516,7130.97334605342
"2018-06-07 16:00:00",6858,6868.79439410252,6102.34777425626,7635.24101394877,5696.61544215161,8040.97334605342
"2018-06-07 17:00:00",6286,6366.79439410252,5600.34777425626,7133.24101394877,5194.61544215161,7538.97334605343
"2018-06-07 18:00:00",4858,5050.79439410252,4284.34777425627,5817.24101394877,3878.61544215161,6222.97334605343
"2018-06-07 19:00:00",3715,3679.79439410252,2913.34777425627,4446.24101394877,2507.61544215161,4851.97334605343
"2018-06-07 20:00:00",3222,3045.79439410252,2279.34777425627,3812.24101394877,1873.61544215161,4217.97334605343
"2018-06-07 21:00:00",2912,3110.79439410252,2344.34777425627,3877.24101394878,1938.61544215161,4282.97334605343
"2018-06-07 22:00:00",2215,2230.79439410252,1464.34777425627,2997.24101394878,1058.61544215161,3402.97334605344
"2018-06-07 23:00:00",1398,1454.79439410253,688.347774256271,2221.24101394878,282.615442151614,2626.97334605344
"2018-06-08 00:00:00",800,794.794394102527,28.347774256272,1561.24101394878,-377.384557848386,1966.97334605344
"2018-06-08 01:00:00",480,505.794394102529,-260.652225743727,1272.24101394878,-666.384557848385,1677.97334605344
"2018-06-08 02:00:00",354,354.79439410253,-411.652225743726,1121.24101394879,-817.384557848384,1526.97334605344
"2018-06-08 03:00:00",364,403.794394102531,-362.652225743725,1170.24101394879,-768.384557848383,1575.97334605345
"2018-06-08 04:00:00",884,880.794394102533,114.347774256276,1647.24101394879,-291.384557848383,2052.97334605345
"2018-06-08 05:00:00",2793,2973.79439410253,2207.34777425628,3740.24101394879,1801.61544215162,4145.97334605345
"2018-06-08 06:00:00",5554,5353.79439410254,4587.34777425628,6120.24101394879,4181.61544215162,6525.97334605345
"2018-06-08 07:00:00",6584,6666.79439410254,5900.34777425628,7433.24101394879,5494.61544215162,7838.97334605345
"2018-06-08 08:00:00",5442,5647.79439410254,4881.34777425628,6414.24101394879,4475.61544215162,6819.97334605345
"2018-06-08 09:00:00",5011,5140.79439410254,4374.34777425628,5907.2410139488,3968.61544215162,6312.97334605346
"2018-06-08 10:00:00",4681,4747.79439410254,3981.34777425628,5514.2410139488,3575.61544215162,5919.97334605346
"2018-06-08 11:00:00",4996,5051.79439410254,4285.34777425628,5818.2410139488,3879.61544215162,6223.97334605346
"2018-06-08 12:00:00",5415,5395.79439410254,4629.34777425628,6162.2410139488,4223.61544215162,6567.97334605346
"2018-06-08 13:00:00",5563,5389.79439410254,4623.34777425628,6156.2410139488,4217.61544215162,6561.97334605346
"2018-06-08 14:00:00",5936,5750.79439410254,4984.34777425628,6517.2410139488,4578.61544215162,6922.97334605346
"2018-06-08 15:00:00",6290,6360.79439410255,5594.34777425628,7127.2410139488,5188.61544215162,7532.97334605347
"2018-06-08 16:00:00",6727,6868.79439410255,6102.34777425629,7635.24101394881,5696.61544215162,8040.97334605347
"2018-06-08 17:00:00",5865,5991.79439410255,5225.34777425629,6758.24101394881,4819.61544215163,7163.97334605347
"2018-06-08 18:00:00",4959,4934.79439410255,4168.34777425629,5701.24101394881,3762.61544215163,6106.97334605347
"2018-06-08 19:00:00",3792,3812.79439410255,3046.34777425629,4579.24101394881,2640.61544215163,4984.97334605347
"2018-06-08 20:00:00",3251,3454.79439410255,2688.34777425629,4221.24101394881,2282.61544215163,4626.97334605347
"2018-06-08 21:00:00",3050,3527.79439410255,2761.34777425629,4294.24101394881,2355.61544215163,4699.97334605347
"2018-06-08 22:00:00",3360,2873.79439410255,2107.34777425629,3640.24101394881,1701.61544215163,4045.97334605347
"2018-06-08 23:00:00",2903,2226.79439410255,1460.34777425629,2993.24101394881,1054.61544215163,3398.97334605347
"2018-06-09 00:00:00",1511,1609.79439410255,843.347774256293,2376.24101394881,437.615442151632,2781.97334605347
"2018-06-09 01:00:00",1110,838.794394102553,72.3477742562932,1605.24101394881,-333.384557848367,2010.97334605347
"2018-06-09 02:00:00",866,646.794394102554,-119.652225743706,1413.24101394881,-525.384557848367,1818.97334605348
"2018-06-09 03:00:00",614,454.794394102555,-311.652225743706,1221.24101394882,-717.384557848367,1626.97334605348
"2018-06-09 04:00:00",517,432.794394102556,-333.652225743706,1199.24101394882,-739.384557848367,1604.97334605348
"2018-06-09 05:00:00",795,754.794394102556,-11.6522257437053,1521.24101394882,-417.384557848367,1926.97334605348
"2018-06-09 06:00:00",1398,1393.79439410256,627.347774256295,2160.24101394882,221.615442151634,2565.97334605348
"2018-06-09 07:00:00",2172,1936.79439410256,1170.3477742563,2703.24101394882,764.615442151635,3108.97334605348
"2018-06-09 08:00:00",2686,2738.79439410256,1972.3477742563,3505.24101394882,1566.61544215164,3910.97334605348
"2018-06-09 09:00:00",3367,3715.79439410256,2949.3477742563,4482.24101394882,2543.61544215164,4887.97334605348
"2018-06-09 10:00:00",3684,3872.79439410256,3106.3477742563,4639.24101394882,2700.61544215164,5044.97334605348
"2018-06-09 11:00:00",4085,4268.79439410256,3502.3477742563,5035.24101394882,3096.61544215164,5440.97334605348
"2018-06-09 12:00:00",4257,4679.79439410256,3913.3477742563,5446.24101394882,3507.61544215164,5851.97334605348
"2018-06-09 13:00:00",4186,4749.79439410256,3983.3477742563,5516.24101394882,3577.61544215164,5921.97334605348
"2018-06-09 14:00:00",4196,4904.79439410256,4138.3477742563,5671.24101394882,3732.61544215164,6076.97334605348
"2018-06-09 15:00:00",3957,4517.79439410256,3751.3477742563,5284.24101394882,3345.61544215164,5689.97334605348
"2018-06-09 16:00:00",3940,4568.79439410256,3802.3477742563,5335.24101394882,3396.61544215164,5740.97334605348
"2018-06-09 17:00:00",3589,4229.79439410256,3463.3477742563,4996.24101394882,3057.61544215164,5401.97334605348
"2018-06-09 18:00:00",3571,4021.79439410256,3255.34777425631,4788.24101394882,2849.61544215164,5193.97334605348
"2018-06-09 19:00:00",3128,3488.79439410256,2722.34777425631,4255.24101394882,2316.61544215165,4660.97334605348
"2018-06-09 20:00:00",2782,3082.79439410257,2316.34777425631,3849.24101394882,1910.61544215165,4254.97334605348
"2018-06-09 21:00:00",2835,2913.79439410257,2147.34777425631,3680.24101394882,1741.61544215165,4085.97334605348
"2018-06-09 22:00:00",2863,2816.79439410257,2050.34777425631,3583.24101394882,1644.61544215165,3988.97334605348
"2018-06-09 23:00:00",1928,2111.79439410257,1345.34777425631,2878.24101394882,939.615442151649,3283.97334605348
"2018-06-10 00:00:00",1226,1524.79439410257,758.347774256309,2291.24101394882,352.61544215165,2696.97334605348
"2018-06-10 01:00:00",777,913.794394102567,147.347774256309,1680.24101394883,-258.38455784835,2085.97334605348
"2018-06-10 02:00:00",570,655.794394102568,-110.652225743691,1422.24101394883,-516.38455784835,1827.97334605349
"2018-06-10 03:00:00",350,485.794394102568,-280.652225743691,1252.24101394883,-686.384557848351,1657.97334605349
"2018-06-10 04:00:00",293,427.794394102569,-338.652225743691,1194.24101394883,-744.384557848352,1599.97334605349
"2018-06-10 05:00:00",427,651.794394102569,-114.652225743691,1418.24101394883,-520.384557848352,1823.97334605349
"2018-06-10 06:00:00",808,1111.79439410257,345.347774256309,1878.24101394883,-60.3845578483513,2283.97334605349
"2018-06-10 07:00:00",1012,1527.79439410257,761.34777425631,2294.24101394883,355.615442151649,2699.97334605349
"2018-06-10 08:00:00",1617,2388.79439410257,1622.34777425631,3155.24101394883,1216.61544215165,3560.97334605349
"2018-06-10 09:00:00",2417,3358.79439410257,2592.34777425631,4125.24101394883,2186.61544215165,4530.97334605349
"2018-06-10 10:00:00",3075,3828.79439410257,3062.34777425631,4595.24101394883,2656.61544215165,5000.97334605349
"2018-06-10 11:00:00",3656,4461.79439410257,3695.34777425631,5228.24101394883,3289.61544215165,5633.97334605349
"2018-06-10 12:00:00",3993,4866.79439410257,4100.34777425631,5633.24101394883,3694.61544215165,6038.97334605349
"2018-06-10 13:00:00",3888,4571.79439410257,3805.34777425631,5338.24101394883,3399.61544215165,5743.97334605349
"2018-06-10 14:00:00",4125,4466.79439410257,3700.34777425631,5233.24101394883,3294.61544215165,5638.97334605349
"2018-06-10 15:00:00",4062,4562.79439410257,3796.34777425631,5329.24101394883,3390.61544215165,5734.97334605349
"2018-06-10 16:00:00",3901,4555.79439410257,3789.34777425631,5322.24101394883,3383.61544215165,5727.97334605349
"2018-06-10 17:00:00",3584,4270.79439410257,3504.34777425631,5037.24101394883,3098.61544215165,5442.97334605349
"2018-06-10 18:00:00",3477,3980.79439410257,3214.34777425631,4747.24101394883,2808.61544215165,5152.97334605349
"2018-06-10 19:00:00",3010,3535.79439410257,2769.34777425631,4302.24101394883,2363.61544215165,4707.97334605349
"2018-06-10 20:00:00",2979,3051.79439410257,2285.34777425632,3818.24101394883,1879.61544215166,4223.97334605349
"2018-06-10 21:00:00",2353,2498.79439410257,1732.34777425632,3265.24101394883,1326.61544215166,3670.97334605349
"2018-06-10 22:00:00",1834,2059.79439410257,1293.34777425632,2826.24101394883,887.615442151657,3231.97334605349
"2018-06-10 23:00:00",1101,1174.79439410257,408.347774256317,1941.24101394883,2.61544215165782,2346.97334605349
"2018-06-11 00:00:00",642,675.794394102575,-90.6522257436822,1442.24101394883,-496.384557848341,1847.97334605349
"2018-06-11 01:00:00",396,385.794394102575,-380.652225743682,1152.24101394883,-786.384557848341,1557.97334605349
"2018-06-11 02:00:00",291,293.794394102575,-472.652225743681,1060.24101394883,-878.38455784834,1465.97334605349
"2018-06-11 03:00:00",310,383.794394102576,-382.652225743681,1150.24101394883,-788.38455784834,1555.97334605349
"2018-06-11 04:00:00",873,936.794394102576,170.347774256319,1703.24101394883,-235.384557848339,2108.97334605349
"2018-06-11 05:00:00",2947,3029.79439410258,2263.34777425632,3796.24101394883,1857.61544215166,4201.97334605349
"2018-06-11 06:00:00",5476,5773.79439410258,5007.34777425632,6540.24101394883,4601.61544215166,6945.97334605349
"2018-06-11 07:00:00",6336,6089.79439410258,5323.34777425632,6856.24101394883,4917.61544215166,7261.97334605349
"2018-06-11 08:00:00",5676,5554.79439410258,4788.34777425632,6321.24101394883,4382.61544215166,6726.97334605349
"2018-06-11 09:00:00",4588,5116.79439410258,4350.34777425632,5883.24101394883,3944.61544215166,6288.97334605349
"2018-06-11 10:00:00",4270,4342.79439410258,3576.34777425632,5109.24101394883,3170.61544215166,5514.97334605349
"2018-06-11 11:00:00",4435,4497.79439410258,3731.34777425632,5264.24101394883,3325.61544215166,5669.97334605349
"2018-06-11 12:00:00",4763,4749.79439410258,3983.34777425632,5516.24101394883,3577.61544215166,5921.97334605349
"2018-06-11 13:00:00",4658,4881.79439410258,4115.34777425632,5648.24101394884,3709.61544215166,6053.9733460535
"2018-06-11 14:00:00",4923,5178.79439410258,4412.34777425632,5945.24101394884,4006.61544215166,6350.9733460535
"2018-06-11 15:00:00",5691,5805.79439410258,5039.34777425632,6572.24101394884,4633.61544215166,6977.9733460535
"2018-06-11 16:00:00",6556,7032.79439410258,6266.34777425632,7799.24101394884,5860.61544215166,8204.9733460535
"2018-06-11 17:00:00",5922,6242.79439410258,5476.34777425632,7009.24101394884,5070.61544215166,7414.9733460535
"2018-06-11 18:00:00",4512,4382.79439410258,3616.34777425632,5149.24101394884,3210.61544215166,5554.9733460535
"2018-06-11 19:00:00",3078,3287.79439410258,2521.34777425632,4054.24101394884,2115.61544215166,4459.9733460535
"2018-06-11 20:00:00",2611,2949.79439410258,2183.34777425632,3716.24101394884,1777.61544215166,4121.9733460535
"2018-06-11 21:00:00",2240,2784.79439410258,2018.34777425632,3551.24101394884,1612.61544215166,3956.9733460535
"2018-06-11 22:00:00",1861,1879.79439410258,1113.34777425632,2646.24101394884,707.615442151658,3051.9733460535
"2018-06-11 23:00:00",1109,1123.79439410258,357.34777425632,1890.24101394884,-48.3845578483406,2295.9733460535
"2018-06-12 00:00:00",621,643.79439410258,-122.652225743679,1410.24101394884,-528.384557848339,1815.9733460535
"2018-06-12 01:00:00",396,407.79439410258,-358.652225743678,1174.24101394884,-764.384557848338,1579.9733460535
"2018-06-12 02:00:00",314,305.79439410258,-460.652225743678,1072.24101394884,-866.384557848337,1477.9733460535
"2018-06-12 03:00:00",362,363.79439410258,-402.652225743678,1130.24101394884,-808.384557848337,1535.9733460535
"2018-06-12 04:00:00",912,960.79439410258,194.347774256322,1727.24101394884,-211.384557848337,2132.9733460535
"2018-06-12 05:00:00",3013,3086.79439410258,2320.34777425632,3853.24101394884,1914.61544215166,4258.9733460535
"2018-06-12 06:00:00",5905,5978.79439410258,5212.34777425632,6745.24101394884,4806.61544215166,7150.9733460535
"2018-06-12 07:00:00",6283,5980.79439410258,5214.34777425632,6747.24101394884,4808.61544215166,7152.9733460535
"2018-06-12 08:00:00",5656,5653.79439410258,4887.34777425632,6420.24101394884,4481.61544215166,6825.9733460535
"2018-06-12 09:00:00",4948,5054.79439410258,4288.34777425632,5821.24101394884,3882.61544215166,6226.9733460535
"2018-06-12 10:00:00",4574,4600.79439410258,3834.34777425632,5367.24101394884,3428.61544215166,5772.9733460535
"2018-06-12 11:00:00",4531,4786.79439410258,4020.34777425632,5553.24101394884,3614.61544215166,5958.9733460535
"2018-06-12 12:00:00",4911,5264.79439410258,4498.34777425632,6031.24101394884,4092.61544215166,6436.9733460535
"2018-06-12 13:00:00",4777,5293.79439410258,4527.34777425632,6060.24101394884,4121.61544215166,6465.9733460535
"2018-06-12 14:00:00",5185,5348.79439410258,4582.34777425632,6115.24101394884,4176.61544215166,6520.9733460535
"2018-06-12 15:00:00",6092,6110.79439410258,5344.34777425632,6877.24101394884,4938.61544215166,7282.9733460535
"2018-06-12 16:00:00",6777,7045.79439410258,6279.34777425632,7812.24101394884,5873.61544215166,8217.9733460535
"2018-06-12 17:00:00",6366,6439.79439410258,5673.34777425632,7206.24101394884,5267.61544215166,7611.9733460535
"2018-06-12 18:00:00",4701,4590.79439410258,3824.34777425632,5357.24101394884,3418.61544215166,5762.9733460535
"2018-06-12 19:00:00",3235,3518.79439410258,2752.34777425632,4285.24101394884,2346.61544215166,4690.9733460535
"2018-06-12 20:00:00",2975,3020.79439410258,2254.34777425632,3787.24101394884,1848.61544215166,4192.9733460535
"2018-06-12 21:00:00",2990,2762.79439410258,1996.34777425632,3529.24101394884,1590.61544215166,3934.9733460535
"2018-06-12 22:00:00",2332,2220.79439410258,1454.34777425632,2987.24101394884,1048.61544215166,3392.9733460535
"2018-06-12 23:00:00",1250,1235.79439410258,469.347774256324,2002.24101394884,63.6154421516644,2407.9733460535
"2018-06-13 00:00:00",684,671.794394102582,-94.6522257436762,1438.24101394884,-500.384557848336,1843.9733460535
"2018-06-13 01:00:00",439,423.794394102582,-342.652225743676,1190.24101394884,-748.384557848336,1595.9733460535
"2018-06-13 02:00:00",328,326.794394102582,-439.652225743676,1093.24101394884,-845.384557848336,1498.9733460535
"2018-06-13 03:00:00",387,370.794394102582,-395.652225743676,1137.24101394884,-801.384557848336,1542.9733460535
"2018-06-13 04:00:00",922,942.794394102582,176.347774256324,1709.24101394884,-229.384557848336,2114.9733460535
"2018-06-13 05:00:00",3022,2988.79439410258,2222.34777425632,3755.24101394884,1816.61544215166,4160.9733460535
"2018-06-13 06:00:00",5767,5203.79439410258,4437.34777425632,5970.24101394884,4031.61544215166,6375.9733460535
"2018-06-13 07:00:00",6127,6091.79439410258,5325.34777425632,6858.24101394884,4919.61544215166,7263.9733460535
"2018-06-13 08:00:00",5664,5309.79439410258,4543.34777425632,6076.24101394884,4137.61544215166,6481.9733460535
"2018-06-13 09:00:00",5157,5332.79439410258,4566.34777425632,6099.24101394884,4160.61544215166,6504.9733460535
"2018-06-13 10:00:00",4579,4629.79439410258,3863.34777425633,5396.24101394884,3457.61544215167,5801.9733460535
"2018-06-13 11:00:00",4687,4923.79439410258,4157.34777425633,5690.24101394884,3751.61544215167,6095.9733460535
"2018-06-13 12:00:00",5110,5106.79439410258,4340.34777425633,5873.24101394884,3934.61544215167,6278.9733460535
"2018-06-13 13:00:00",4998,4807.79439410258,4041.34777425633,5574.24101394884,3635.61544215167,5979.9733460535
"2018-06-13 14:00:00",5227,5234.79439410258,4468.34777425633,6001.24101394884,4062.61544215167,6406.9733460535
"2018-06-13 15:00:00",6188,6272.79439410258,5506.34777425633,7039.24101394884,5100.61544215167,7444.9733460535
"2018-06-13 16:00:00",6781,6933.79439410258,6167.34777425633,7700.24101394884,5761.61544215167,8105.9733460535
"2018-06-13 17:00:00",5644,6645.79439410258,5879.34777425633,7412.24101394884,5473.61544215167,7817.9733460535
"2018-06-13 18:00:00",4617,5063.79439410258,4297.34777425633,5830.24101394884,3891.61544215167,6235.9733460535
"2018-06-13 19:00:00",3560,3656.79439410258,2890.34777425633,4423.24101394884,2484.61544215167,4828.9733460535
"2018-06-13 20:00:00",3277,3165.79439410258,2399.34777425633,3932.24101394884,1993.61544215167,4337.9733460535
"2018-06-13 21:00:00",2777,2731.79439410258,1965.34777425633,3498.24101394884,1559.61544215167,3903.9733460535
"2018-06-13 22:00:00",2123,2232.79439410258,1466.34777425633,2999.24101394884,1060.61544215167,3404.9733460535
"2018-06-13 23:00:00",1283,1311.79439410258,545.347774256326,2078.24101394884,139.615442151667,2483.9733460535
"2018-06-14 00:00:00",724,693.794394102584,-72.6522257436734,1460.24101394884,-478.384557848332,1865.9733460535
"2018-06-14 01:00:00",424,447.794394102584,-318.652225743673,1214.24101394884,-724.384557848331,1619.9733460535
"2018-06-14 02:00:00",308,336.794394102584,-429.652225743672,1103.24101394884,-835.38455784833,1508.9733460535
"2018-06-14 03:00:00",368,388.794394102584,-377.652225743671,1155.24101394884,-783.384557848329,1560.9733460535
"2018-06-14 04:00:00",928,985.794394102584,219.34777425633,1752.24101394884,-186.384557848328,2157.9733460535
"2018-06-14 05:00:00",3013,3026.79439410258,2260.34777425633,3793.24101394884,1854.61544215167,4198.97334605349
"2018-06-14 06:00:00",5824,5893.79439410258,5127.34777425633,6660.24101394884,4721.61544215167,7065.97334605349
"2018-06-14 07:00:00",6438,6105.79439410258,5339.34777425633,6872.24101394884,4933.61544215167,7277.97334605349
"2018-06-14 08:00:00",5778,5879.79439410258,5113.34777425633,6646.24101394884,4707.61544215167,7051.97334605349
"2018-06-14 09:00:00",4983,5144.79439410258,4378.34777425633,5911.24101394884,3972.61544215167,6316.97334605349
"2018-06-14 10:00:00",4510,4699.79439410258,3933.34777425633,5466.24101394884,3527.61544215167,5871.97334605349
"2018-06-14 11:00:00",4810,5176.79439410258,4410.34777425633,5943.24101394884,4004.61544215167,6348.97334605349
"2018-06-14 12:00:00",5062,5228.79439410258,4462.34777425633,5995.24101394884,4056.61544215168,6400.97334605349
"2018-06-14 13:00:00",5018,5102.79439410258,4336.34777425633,5869.24101394884,3930.61544215167,6274.97334605349
"2018-06-14 14:00:00",5434,5407.79439410258,4641.34777425633,6174.24101394884,4235.61544215167,6579.97334605349
"2018-06-14 15:00:00",6192,6210.79439410258,5444.34777425633,6977.24101394884,5038.61544215167,7382.97334605349
"2018-06-14 16:00:00",6890,6866.79439410258,6100.34777425633,7633.24101394884,5694.61544215167,8038.97334605349
"2018-06-14 17:00:00",6049,6294.79439410258,5528.34777425633,7061.24101394884,5122.61544215167,7466.97334605349
"2018-06-14 18:00:00",4819,4866.79439410258,4100.34777425633,5633.24101394884,3694.61544215167,6038.97334605349
"2018-06-14 19:00:00",3709,3723.79439410258,2957.34777425633,4490.24101394884,2551.61544215167,4895.97334605349
"2018-06-14 20:00:00",3274,3230.79439410258,2464.34777425633,3997.24101394884,2058.61544215167,4402.97334605349
"2018-06-14 21:00:00",2922,2920.79439410258,2154.34777425633,3687.24101394884,1748.61544215167,4092.97334605349
"2018-06-14 22:00:00",2284,2223.79439410258,1457.34777425633,2990.24101394884,1051.61544215168,3395.97334605349
"2018-06-14 23:00:00",1388,1406.79439410258,640.347774256331,2173.24101394884,234.615442151675,2578.97334605349
"2018-06-15 00:00:00",830,808.794394102584,42.347774256331,1575.24101394884,-363.384557848326,1980.97334605349
"2018-06-15 01:00:00",500,488.794394102584,-277.652225743669,1255.24101394884,-683.384557848326,1660.97334605349
"2018-06-15 02:00:00",358,362.794394102584,-403.652225743669,1129.24101394884,-809.384557848326,1534.9733460535
"2018-06-15 03:00:00",384,372.794394102585,-393.65222574367,1139.24101394884,-799.384557848327,1544.9733460535
"2018-06-15 04:00:00",866,892.794394102585,126.34777425633,1659.24101394884,-279.384557848327,2064.9733460535
"2018-06-15 05:00:00",2843,2801.79439410258,2035.34777425633,3568.24101394884,1629.61544215167,3973.9733460535
"2018-06-15 06:00:00",5432,5562.79439410258,4796.34777425633,6329.24101394884,4390.61544215167,6734.9733460535
"2018-06-15 07:00:00",6361,6592.79439410258,5826.34777425633,7359.24101394884,5420.61544215167,7764.9733460535
"2018-06-15 08:00:00",5671,5450.79439410258,4684.34777425633,6217.24101394884,4278.61544215167,6622.9733460535
"2018-06-15 09:00:00",4977,5019.79439410259,4253.34777425633,5786.24101394884,3847.61544215167,6191.9733460535
"2018-06-15 10:00:00",4801,4689.79439410259,3923.34777425633,5456.24101394884,3517.61544215167,5861.9733460535
"2018-06-15 11:00:00",5025,5004.79439410259,4238.34777425633,5771.24101394884,3832.61544215167,6176.9733460535
"2018-06-15 12:00:00",5396,5423.79439410259,4657.34777425633,6190.24101394884,4251.61544215167,6595.9733460535
"2018-06-15 13:00:00",5168,5571.79439410259,4805.34777425633,6338.24101394884,4399.61544215167,6743.9733460535
"2018-06-15 14:00:00",5614,5944.79439410259,5178.34777425633,6711.24101394884,4772.61544215167,7116.9733460535
"2018-06-15 15:00:00",5993,6298.79439410259,5532.34777425633,7065.24101394884,5126.61544215167,7470.9733460535
"2018-06-15 16:00:00",6333,6735.79439410259,5969.34777425633,7502.24101394884,5563.61544215167,7907.9733460535
"2018-06-15 17:00:00",5165,5873.79439410259,5107.34777425633,6640.24101394884,4701.61544215167,7045.9733460535
"2018-06-15 18:00:00",4369,4967.79439410259,4201.34777425633,5734.24101394884,3795.61544215167,6139.9733460535
"2018-06-15 19:00:00",3688,3800.79439410258,3034.34777425633,4567.24101394884,2628.61544215167,4972.9733460535
"2018-06-15 20:00:00",3123,3259.79439410258,2493.34777425633,4026.24101394884,2087.61544215167,4431.9733460535
"2018-06-15 21:00:00",3118,3058.79439410259,2292.34777425633,3825.24101394884,1886.61544215167,4230.9733460535
"2018-06-15 22:00:00",2778,3368.79439410259,2602.34777425633,4135.24101394884,2196.61544215167,4540.9733460535
"2018-06-15 23:00:00",2666,2911.79439410259,2145.34777425633,3678.24101394884,1739.61544215167,4083.9733460535
"2018-06-16 00:00:00",1386,1519.79439410258,753.347774256326,2286.24101394884,347.615442151667,2691.9733460535
"2018-06-16 01:00:00",825,1118.79439410258,352.347774256327,1885.24101394884,-53.3845578483326,2290.9733460535
"2018-06-16 02:00:00",587,874.794394102585,108.347774256327,1641.24101394884,-297.384557848332,2046.9733460535
"2018-06-16 03:00:00",391,622.794394102585,-143.652225743673,1389.24101394884,-549.384557848332,1794.9733460535
"2018-06-16 04:00:00",402,525.794394102585,-240.652225743672,1292.24101394884,-646.384557848331,1697.9733460535
"2018-06-16 05:00:00",772,803.794394102585,37.347774256328,1570.24101394884,-368.384557848331,1975.9733460535
"2018-06-16 06:00:00",1196,1406.79439410259,640.347774256328,2173.24101394884,234.61544215167,2578.9733460535
"2018-06-16 07:00:00",1651,2180.79439410259,1414.34777425633,2947.24101394884,1008.61544215167,3352.9733460535
"2018-06-16 08:00:00",2329,2694.79439410259,1928.34777425633,3461.24101394884,1522.61544215167,3866.9733460535
"2018-06-16 09:00:00",3017,3375.79439410259,2609.34777425633,4142.24101394884,2203.61544215167,4547.9733460535
"2018-06-16 10:00:00",3514,3692.79439410259,2926.34777425633,4459.24101394884,2520.61544215167,4864.9733460535
"2018-06-16 11:00:00",3907,4093.79439410259,3327.34777425633,4860.24101394884,2921.61544215167,5265.9733460535
"2018-06-16 12:00:00",4494,4265.79439410259,3499.34777425633,5032.24101394884,3093.61544215167,5437.9733460535
"2018-06-16 13:00:00",4834,4194.79439410259,3428.34777425633,4961.24101394884,3022.61544215167,5366.9733460535
"2018-06-16 14:00:00",4900,4204.79439410259,3438.34777425633,4971.24101394884,3032.61544215167,5376.9733460535
"2018-06-16 15:00:00",4363,3965.79439410259,3199.34777425633,4732.24101394884,2793.61544215167,5137.9733460535
"2018-06-16 16:00:00",4495,3948.79439410259,3182.34777425633,4715.24101394884,2776.61544215166,5120.97334605351
"2018-06-16 17:00:00",4053,3597.79439410259,2831.34777425632,4364.24101394885,2425.61544215166,4769.97334605351
"2018-06-16 18:00:00",3987,3579.79439410259,2813.34777425632,4346.24101394885,2407.61544215166,4751.97334605351
"2018-06-16 19:00:00",3223,3136.79439410259,2370.34777425632,3903.24101394885,1964.61544215166,4308.97334605351
"2018-06-16 20:00:00",2928,2790.79439410259,2024.34777425632,3557.24101394885,1618.61544215166,3962.97334605351
"2018-06-16 21:00:00",2887,2843.79439410259,2077.34777425632,3610.24101394885,1671.61544215166,4015.97334605351
"2018-06-16 22:00:00",2606,2871.79439410259,2105.34777425632,3638.24101394885,1699.61544215166,4043.97334605351
"2018-06-16 23:00:00",2047,1936.79439410259,1170.34777425632,2703.24101394885,764.615442151663,3108.97334605351
"2018-06-17 00:00:00",1332,1234.79439410259,468.347774256324,2001.24101394885,62.615442151663,2406.97334605351
"2018-06-17 01:00:00",866,785.794394102585,19.3477742563242,1552.24101394885,-386.384557848337,1957.97334605351
"2018-06-17 02:00:00",659,578.794394102585,-187.652225743676,1345.24101394885,-593.384557848337,1750.97334605351
"2018-06-17 03:00:00",413,358.794394102585,-407.652225743676,1125.24101394885,-813.384557848337,1530.97334605351
"2018-06-17 04:00:00",393,301.794394102585,-464.652225743676,1068.24101394885,-870.384557848337,1473.97334605351
"2018-06-17 05:00:00",552,435.794394102585,-330.652225743676,1202.24101394885,-736.384557848337,1607.97334605351
"2018-06-17 06:00:00",885,816.794394102585,50.3477742563241,1583.24101394885,-355.384557848337,1988.97334605351
"2018-06-17 07:00:00",1185,1020.79439410259,254.347774256324,1787.24101394885,-151.384557848337,2192.97334605351
"2018-06-17 08:00:00",1724,1625.79439410259,859.347774256324,2392.24101394885,453.615442151663,2797.97334605351
"2018-06-17 09:00:00",2723,2425.79439410259,1659.34777425632,3192.24101394885,1253.61544215166,3597.97334605351
"2018-06-17 10:00:00",3488,3083.79439410259,2317.34777425632,3850.24101394885,1911.61544215166,4255.97334605351
"2018-06-17 11:00:00",3790,3664.79439410259,2898.34777425632,4431.24101394885,2492.61544215166,4836.97334605351
"2018-06-17 12:00:00",4260,4001.79439410259,3235.34777425632,4768.24101394885,2829.61544215166,5173.97334605351
"2018-06-17 13:00:00",4365,3896.79439410259,3130.34777425633,4663.24101394885,2724.61544215166,5068.97334605351
"2018-06-17 14:00:00",4192,4133.79439410259,3367.34777425633,4900.24101394885,2961.61544215166,5305.97334605351
"2018-06-17 15:00:00",4234,4070.79439410259,3304.34777425633,4837.24101394884,2898.61544215167,5242.9733460535
"2018-06-17 16:00:00",4404,3909.79439410259,3143.34777425633,4676.24101394884,2737.61544215167,5081.9733460535
"2018-06-17 17:00:00",4175,3592.79439410259,2826.34777425633,4359.24101394884,2420.61544215167,4764.9733460535
"2018-06-17 18:00:00",3843,3485.79439410259,2719.34777425633,4252.24101394884,2313.61544215167,4657.9733460535
"2018-06-17 19:00:00",3613,3018.79439410259,2252.34777425633,3785.24101394884,1846.61544215167,4190.9733460535
"2018-06-17 20:00:00",3185,2987.79439410259,2221.34777425633,3754.24101394884,1815.61544215167,4159.9733460535
"2018-06-17 21:00:00",2568,2361.79439410259,1595.34777425633,3128.24101394884,1189.61544215167,3533.9733460535
"2018-06-17 22:00:00",2045,1842.79439410259,1076.34777425633,2609.24101394884,670.615442151673,3014.9733460535
"2018-06-17 23:00:00",1218,1109.79439410259,343.34777425633,1876.24101394884,-62.3845578483276,2281.9733460535
"2018-06-18 00:00:00",627,650.794394102585,-115.65222574367,1417.24101394884,-521.384557848328,1822.9733460535
"2018-06-18 01:00:00",367,404.794394102585,-361.65222574367,1171.24101394884,-767.384557848329,1576.9733460535
"2018-06-18 02:00:00",272,299.794394102585,-466.652225743671,1066.24101394884,-872.384557848329,1471.9733460535
"2018-06-18 03:00:00",365,318.794394102585,-447.652225743671,1085.24101394884,-853.384557848329,1490.9733460535
"2018-06-18 04:00:00",802,881.794394102585,115.347774256329,1648.24101394884,-290.384557848329,2053.9733460535
"2018-06-18 05:00:00",2891,2955.79439410259,2189.34777425633,3722.24101394884,1783.61544215167,4127.9733460535
"2018-06-18 06:00:00",5541,5484.79439410259,4718.34777425633,6251.24101394884,4312.61544215167,6656.9733460535
"2018-06-18 07:00:00",6386,6344.79439410259,5578.34777425633,7111.24101394884,5172.61544215167,7516.9733460535
"2018-06-18 08:00:00",5765,5684.79439410259,4918.34777425633,6451.24101394884,4512.61544215167,6856.9733460535
"2018-06-18 09:00:00",4767,4596.79439410259,3830.34777425633,5363.24101394884,3424.61544215167,5768.9733460535
"2018-06-18 10:00:00",4161,4278.79439410259,3512.34777425633,5045.24101394884,3106.61544215167,5450.9733460535
"2018-06-18 11:00:00",4435,4443.79439410259,3677.34777425633,5210.24101394884,3271.61544215167,5615.9733460535
"2018-06-18 12:00:00",4829,4771.79439410259,4005.34777425633,5538.24101394884,3599.61544215167,5943.9733460535
"2018-06-18 13:00:00",4743,4666.79439410259,3900.34777425633,5433.24101394884,3494.61544215167,5838.9733460535
"2018-06-18 14:00:00",4935,4931.79439410259,4165.34777425633,5698.24101394884,3759.61544215167,6103.9733460535
"2018-06-18 15:00:00",5558,5699.79439410259,4933.34777425633,6466.24101394884,4527.61544215167,6871.9733460535
"2018-06-18 16:00:00",6757,6564.79439410259,5798.34777425633,7331.24101394884,5392.61544215167,7736.9733460535
"2018-06-18 17:00:00",6306,5930.79439410259,5164.34777425633,6697.24101394884,4758.61544215167,7102.9733460535
"2018-06-18 18:00:00",4352,4520.79439410259,3754.34777425633,5287.24101394884,3348.61544215167,5692.9733460535
"2018-06-18 19:00:00",3248,3086.79439410259,2320.34777425633,3853.24101394884,1914.61544215167,4258.9733460535
"2018-06-18 20:00:00",2762,2619.79439410259,1853.34777425633,3386.24101394884,1447.61544215167,3791.9733460535
"2018-06-18 21:00:00",2460,2248.79439410259,1482.34777425633,3015.24101394884,1076.61544215167,3420.9733460535
"2018-06-18 22:00:00",1710,1869.79439410259,1103.34777425633,2636.24101394884,697.615442151668,3041.9733460535
"2018-06-18 23:00:00",1012,1117.79439410259,351.347774256327,1884.24101394884,-54.3845578483324,2289.9733460535
"2018-06-19 00:00:00",592,629.794394102585,-136.652225743673,1396.24101394884,-542.384557848333,1801.9733460535
"2018-06-19 01:00:00",373,404.794394102585,-361.652225743673,1171.24101394884,-767.384557848333,1576.9733460535
"2018-06-19 02:00:00",269,322.794394102585,-443.652225743673,1089.24101394884,-849.384557848333,1494.9733460535
"2018-06-19 03:00:00",369,370.794394102585,-395.652225743673,1137.24101394884,-801.384557848333,1542.9733460535
"2018-06-19 04:00:00",893,920.794394102585,154.347774256326,1687.24101394884,-251.384557848333,2092.9733460535
"2018-06-19 05:00:00",3038,3021.79439410259,2255.34777425633,3788.24101394884,1849.61544215167,4193.9733460535
"2018-06-19 06:00:00",5483,5913.79439410259,5147.34777425633,6680.24101394884,4741.61544215167,7085.9733460535
"2018-06-19 07:00:00",5506,6291.79439410259,5525.34777425633,7058.24101394884,5119.61544215167,7463.9733460535
"2018-06-19 08:00:00",4851,5664.79439410259,4898.34777425633,6431.24101394884,4492.61544215167,6836.9733460535
"2018-06-19 09:00:00",4792,4956.79439410259,4190.34777425633,5723.24101394884,3784.61544215167,6128.9733460535
"2018-06-19 10:00:00",4244,4582.79439410259,3816.34777425633,5349.24101394884,3410.61544215167,5754.9733460535
"2018-06-19 11:00:00",4346,4539.79439410259,3773.34777425633,5306.24101394884,3367.61544215167,5711.9733460535
"2018-06-19 12:00:00",4585,4919.79439410259,4153.34777425633,5686.24101394884,3747.61544215167,6091.9733460535
"2018-06-19 13:00:00",4728,4785.79439410259,4019.34777425633,5552.24101394884,3613.61544215167,5957.9733460535
"2018-06-19 14:00:00",5109,5193.79439410259,4427.34777425633,5960.24101394884,4021.61544215167,6365.9733460535
"2018-06-19 15:00:00",5852,6100.79439410259,5334.34777425633,6867.24101394884,4928.61544215167,7272.9733460535
"2018-06-19 16:00:00",6821,6785.79439410259,6019.34777425633,7552.24101394884,5613.61544215167,7957.9733460535
"2018-06-19 17:00:00",6085,6374.79439410259,5608.34777425633,7141.24101394884,5202.61544215167,7546.9733460535
"2018-06-19 18:00:00",4546,4709.79439410259,3943.34777425633,5476.24101394884,3537.61544215167,5881.9733460535
"2018-06-19 19:00:00",3263,3243.79439410259,2477.34777425633,4010.24101394884,2071.61544215167,4415.9733460535
"2018-06-19 20:00:00",2804,2983.79439410259,2217.34777425633,3750.24101394884,1811.61544215167,4155.9733460535
"2018-06-19 21:00:00",2454,2998.79439410259,2232.34777425633,3765.24101394884,1826.61544215167,4170.9733460535
"2018-06-19 22:00:00",1796,2340.79439410259,1574.34777425633,3107.24101394884,1168.61544215167,3512.9733460535
"2018-06-19 23:00:00",1190,1258.79439410259,492.347774256329,2025.24101394884,86.6154421516701,2430.9733460535
"2018-06-20 00:00:00",663,692.794394102585,-73.6522257436711,1459.24101394884,-479.38455784833,1864.9733460535
"2018-06-20 01:00:00",406,447.794394102585,-318.652225743671,1214.24101394884,-724.38455784833,1619.9733460535
"2018-06-20 02:00:00",301,336.794394102585,-429.652225743672,1103.24101394884,-835.384557848331,1508.9733460535
"2018-06-20 03:00:00",385,395.794394102585,-370.652225743672,1162.24101394884,-776.384557848332,1567.9733460535
"2018-06-20 04:00:00",935,930.794394102585,164.347774256327,1697.24101394884,-241.384557848332,2102.9733460535
"2018-06-20 05:00:00",3134,3030.79439410259,2264.34777425633,3797.24101394884,1858.61544215167,4202.9733460535
"2018-06-20 06:00:00",5769,5775.79439410259,5009.34777425633,6542.24101394884,4603.61544215167,6947.9733460535
"2018-06-20 07:00:00",6295,6135.79439410259,5369.34777425633,6902.24101394884,4963.61544215167,7307.9733460535
"2018-06-20 08:00:00",5540,5672.79439410259,4906.34777425633,6439.24101394884,4500.61544215167,6844.9733460535
"2018-06-20 09:00:00",4890,5165.79439410259,4399.34777425633,5932.24101394884,3993.61544215167,6337.9733460535
"2018-06-20 10:00:00",4544,4587.79439410259,3821.34777425633,5354.24101394884,3415.61544215167,5759.9733460535
"2018-06-20 11:00:00",4675,4695.79439410259,3929.34777425633,5462.24101394884,3523.61544215167,5867.9733460535
"2018-06-20 12:00:00",4824,5118.79439410259,4352.34777425633,5885.24101394884,3946.61544215167,6290.9733460535
"2018-06-20 13:00:00",4941,5006.79439410259,4240.34777425633,5773.24101394884,3834.61544215167,6178.9733460535
"2018-06-20 14:00:00",5161,5235.79439410259,4469.34777425633,6002.24101394884,4063.61544215167,6407.9733460535
"2018-06-20 15:00:00",5864,6196.79439410259,5430.34777425633,6963.24101394884,5024.61544215167,7368.9733460535
"2018-06-20 16:00:00",6811,6789.79439410259,6023.34777425633,7556.24101394884,5617.61544215167,7961.9733460535
"2018-06-20 17:00:00",6439,5652.79439410259,4886.34777425633,6419.24101394884,4480.61544215167,6824.9733460535
"2018-06-20 18:00:00",4622,4625.79439410259,3859.34777425633,5392.24101394884,3453.61544215167,5797.9733460535
"2018-06-20 19:00:00",3418,3568.79439410259,2802.34777425633,4335.24101394884,2396.61544215167,4740.9733460535
"2018-06-20 20:00:00",3024,3285.79439410259,2519.34777425633,4052.24101394884,2113.61544215167,4457.9733460535
"2018-06-20 21:00:00",2758,2785.79439410259,2019.34777425633,3552.24101394884,1613.61544215167,3957.9733460535
"2018-06-20 22:00:00",1956,2131.79439410259,1365.34777425633,2898.24101394884,959.61544215167,3303.9733460535
"2018-06-20 23:00:00",1209,1291.79439410259,525.347774256328,2058.24101394884,119.615442151669,2463.9733460535
"2018-06-21 00:00:00",634,732.794394102586,-33.652225743672,1499.24101394884,-439.384557848331,1904.9733460535
"2018-06-21 01:00:00",462,432.794394102585,-333.652225743672,1199.24101394884,-739.384557848332,1604.9733460535
"2018-06-21 02:00:00",348,316.794394102585,-449.652225743673,1083.24101394884,-855.384557848332,1488.9733460535
"2018-06-21 03:00:00",426,376.794394102585,-389.652225743673,1143.24101394884,-795.384557848332,1548.9733460535
"2018-06-21 04:00:00",938,936.794394102586,170.347774256327,1703.24101394884,-235.384557848332,2108.9733460535
"2018-06-21 05:00:00",3112,3021.79439410259,2255.34777425633,3788.24101394884,1849.61544215167,4193.9733460535
"2018-06-21 06:00:00",5778,5832.79439410259,5066.34777425633,6599.24101394884,4660.61544215167,7004.9733460535
"2018-06-21 07:00:00",6557,6446.79439410259,5680.34777425633,7213.24101394884,5274.61544215167,7618.9733460535
"2018-06-21 08:00:00",5490,5786.79439410259,5020.34777425633,6553.24101394884,4614.61544215167,6958.9733460535
"2018-06-21 09:00:00",4982,4991.79439410259,4225.34777425633,5758.24101394884,3819.61544215167,6163.9733460535
"2018-06-21 10:00:00",4951,4518.79439410259,3752.34777425633,5285.24101394884,3346.61544215167,5690.9733460535
"2018-06-21 11:00:00",5167,4818.79439410259,4052.34777425633,5585.24101394884,3646.61544215167,5990.9733460535
"2018-06-21 12:00:00",5083,5070.79439410259,4304.34777425633,5837.24101394884,3898.61544215167,6242.9733460535
"2018-06-21 13:00:00",4942,5026.79439410259,4260.34777425633,5793.24101394884,3854.61544215167,6198.9733460535
"2018-06-21 14:00:00",5025,5442.79439410259,4676.34777425633,6209.24101394884,4270.61544215167,6614.9733460535
"2018-06-21 15:00:00",5768,6200.79439410259,5434.34777425633,6967.24101394884,5028.61544215167,7372.9733460535
"2018-06-21 16:00:00",6511,6898.79439410259,6132.34777425633,7665.24101394884,5726.61544215167,8070.9733460535
"2018-06-21 17:00:00",5997,6057.79439410259,5291.34777425633,6824.24101394884,4885.61544215167,7229.9733460535
"2018-06-21 18:00:00",4592,4827.79439410259,4061.34777425633,5594.24101394884,3655.61544215167,5999.9733460535
"2018-06-21 19:00:00",3823,3717.79439410259,2951.34777425633,4484.24101394884,2545.61544215167,4889.9733460535
"2018-06-21 20:00:00",3385,3282.79439410259,2516.34777425633,4049.24101394884,2110.61544215167,4454.9733460535
"2018-06-21 21:00:00",3446,2930.79439410259,2164.34777425633,3697.24101394884,1758.61544215167,4102.9733460535
"2018-06-21 22:00:00",2583,2292.79439410259,1526.34777425633,3059.24101394884,1120.61544215167,3464.9733460535
"2018-06-21 23:00:00",1455,1396.79439410259,630.34777425633,2163.24101394884,224.615442151672,2568.9733460535
"2018-06-22 00:00:00",805,838.794394102586,72.3477742563297,1605.24101394884,-333.384557848329,2010.9733460535
"2018-06-22 01:00:00",471,508.794394102586,-257.65222574367,1275.24101394884,-663.384557848328,1680.9733460535
"2018-06-22 02:00:00",364,366.794394102586,-399.65222574367,1133.24101394884,-805.384557848328,1538.9733460535
"2018-06-22 03:00:00",384,392.794394102586,-373.65222574367,1159.24101394884,-779.384557848328,1564.9733460535
"2018-06-22 04:00:00",876,874.794394102586,108.347774256331,1641.24101394884,-297.384557848327,2046.9733460535
"2018-06-22 05:00:00",3056,2851.79439410259,2085.34777425633,3618.24101394884,1679.61544215167,4023.9733460535
"2018-06-22 06:00:00",5460,5440.79439410259,4674.34777425633,6207.24101394884,4268.61544215168,6612.9733460535
"2018-06-22 07:00:00",6222,6369.79439410259,5603.34777425633,7136.24101394884,5197.61544215168,7541.9733460535
"2018-06-22 08:00:00",5604,5679.79439410259,4913.34777425633,6446.24101394884,4507.61544215168,6851.9733460535
"2018-06-22 09:00:00",5053,4985.79439410259,4219.34777425633,5752.24101394884,3813.61544215168,6157.97334605349
"2018-06-22 10:00:00",4765,4809.79439410259,4043.34777425633,5576.24101394884,3637.61544215168,5981.9733460535
"2018-06-22 11:00:00",5128,5033.79439410259,4267.34777425633,5800.24101394884,3861.61544215168,6205.9733460535
"2018-06-22 12:00:00",5225,5404.79439410259,4638.34777425633,6171.24101394884,4232.61544215168,6576.9733460535
"2018-06-22 13:00:00",5104,5176.79439410259,4410.34777425633,5943.24101394884,4004.61544215167,6348.9733460535
"2018-06-22 14:00:00",5351,5622.79439410259,4856.34777425633,6389.24101394884,4450.61544215167,6794.9733460535
"2018-06-22 15:00:00",5843,6001.79439410259,5235.34777425633,6768.24101394884,4829.61544215167,7173.9733460535
"2018-06-22 16:00:00",6010,6341.79439410259,5575.34777425633,7108.24101394884,5169.61544215167,7513.9733460535
"2018-06-22 17:00:00",5120,5173.79439410259,4407.34777425633,5940.24101394884,4001.61544215167,6345.9733460535
"2018-06-22 18:00:00",4676,4377.79439410259,3611.34777425633,5144.24101394884,3205.61544215167,5549.9733460535
"2018-06-22 19:00:00",3976,3696.79439410259,2930.34777425633,4463.24101394884,2524.61544215167,4868.9733460535
"2018-06-22 20:00:00",3535,3131.79439410259,2365.34777425633,3898.24101394884,1959.61544215167,4303.9733460535
"2018-06-22 21:00:00",3473,3126.79439410259,2360.34777425633,3893.24101394884,1954.61544215167,4298.9733460535
"2018-06-22 22:00:00",3529,2786.79439410259,2020.34777425633,3553.24101394884,1614.61544215167,3958.9733460535
"2018-06-22 23:00:00",3654,2674.79439410259,1908.34777425633,3441.24101394884,1502.61544215167,3846.9733460535
"2018-06-23 00:00:00",1540,1394.79439410259,628.347774256328,2161.24101394884,222.615442151669,2566.9733460535
"2018-06-23 01:00:00",872,833.794394102586,67.3477742563276,1600.24101394884,-338.384557848332,2005.9733460535
"2018-06-23 02:00:00",629,595.794394102586,-170.652225743673,1362.24101394884,-576.384557848332,1767.9733460535
"2018-06-23 03:00:00",407,399.794394102586,-366.652225743673,1166.24101394884,-772.384557848333,1571.9733460535
"2018-06-23 04:00:00",513,410.794394102586,-355.652225743673,1177.24101394884,-761.384557848333,1582.9733460535
"2018-06-23 05:00:00",966,780.794394102586,14.3477742563261,1547.24101394884,-391.384557848334,1952.97334605351
"2018-06-23 06:00:00",1495,1204.79439410259,438.347774256326,1971.24101394885,32.6154421516653,2376.97334605351
"2018-06-23 07:00:00",2474,1659.79439410259,893.347774256325,2426.24101394885,487.615442151665,2831.97334605351
"2018-06-23 08:00:00",3353,2337.79439410259,1571.34777425633,3104.24101394885,1165.61544215166,3509.97334605351
"2018-06-23 09:00:00",4065,3025.79439410259,2259.34777425633,3792.24101394885,1853.61544215166,4197.97334605351
"2018-06-23 10:00:00",4318,3522.79439410259,2756.34777425633,4289.24101394885,2350.61544215166,4694.97334605351
"2018-06-23 11:00:00",4621,3915.79439410259,3149.34777425633,4682.24101394885,2743.61544215166,5087.97334605351
"2018-06-23 12:00:00",5018,4502.79439410259,3736.34777425633,5269.24101394885,3330.61544215167,5674.97334605351
"2018-06-23 13:00:00",4560,4842.79439410259,4076.34777425633,5609.24101394885,3670.61544215167,6014.97334605351
"2018-06-23 14:00:00",4620,4908.79439410259,4142.34777425633,5675.24101394885,3736.61544215167,6080.97334605351
"2018-06-23 15:00:00",4417,4371.79439410259,3605.34777425633,5138.24101394885,3199.61544215167,5543.97334605351
"2018-06-23 16:00:00",4372,4503.79439410259,3737.34777425633,5270.24101394885,3331.61544215166,5675.97334605351
"2018-06-23 17:00:00",4510,4061.79439410259,3295.34777425633,4828.24101394885,2889.61544215166,5233.97334605351
"2018-06-23 18:00:00",3945,3995.79439410259,3229.34777425633,4762.24101394885,2823.61544215166,5167.97334605351
"2018-06-23 19:00:00",3660,3231.79439410259,2465.34777425632,3998.24101394885,2059.61544215166,4403.97334605351
"2018-06-23 20:00:00",3362,2936.79439410259,2170.34777425632,3703.24101394885,1764.61544215166,4108.97334605351
"2018-06-23 21:00:00",3504,2895.79439410259,2129.34777425632,3662.24101394885,1723.61544215166,4067.97334605351
"2018-06-23 22:00:00",3572,2614.79439410259,1848.34777425632,3381.24101394885,1442.61544215166,3786.97334605351
"2018-06-23 23:00:00",2484,2055.79439410259,1289.34777425632,2822.24101394885,883.615442151663,3227.97334605351
"2018-06-24 00:00:00",1515,1340.79439410259,574.347774256324,2107.24101394885,168.615442151663,2512.97334605351
"2018-06-24 01:00:00",1016,874.794394102586,108.347774256325,1641.24101394885,-297.384557848336,2046.97334605351
"2018-06-24 02:00:00",684,667.794394102586,-98.6522257436752,1434.24101394885,-504.384557848336,1839.97334605351
"2018-06-24 03:00:00",409,421.794394102586,-344.652225743675,1188.24101394885,-750.384557848336,1593.97334605351
"2018-06-24 04:00:00",373,401.794394102586,-364.652225743675,1168.24101394885,-770.384557848335,1573.97334605351
"2018-06-24 05:00:00",614,560.794394102586,-205.652225743675,1327.24101394885,-611.384557848335,1732.97334605351
"2018-06-24 06:00:00",1091,893.794394102586,127.347774256326,1660.24101394885,-278.384557848335,2065.97334605351
"2018-06-24 07:00:00",1499,1193.79439410259,427.347774256326,1960.24101394885,21.6154421516658,2365.97334605351
"2018-06-24 08:00:00",2362,1732.79439410259,966.347774256326,2499.24101394884,560.615442151666,2904.9733460535
"2018-06-24 09:00:00",3560,2731.79439410259,1965.34777425633,3498.24101394884,1559.61544215167,3903.9733460535
"2018-06-24 10:00:00",4187,3496.79439410259,2730.34777425633,4263.24101394884,2324.61544215167,4668.9733460535
"2018-06-24 11:00:00",4186,3798.79439410259,3032.34777425633,4565.24101394884,2626.61544215167,4970.9733460535
"2018-06-24 12:00:00",4302,4268.79439410259,3502.34777425633,5035.24101394884,3096.61544215167,5440.9733460535
"2018-06-24 13:00:00",4235,4373.79439410259,3607.34777425633,5140.24101394884,3201.61544215167,5545.9733460535
"2018-06-24 14:00:00",4317,4200.79439410259,3434.34777425633,4967.24101394884,3028.61544215167,5372.9733460535
"2018-06-24 15:00:00",4313,4242.79439410259,3476.34777425633,5009.24101394884,3070.61544215167,5414.9733460535
"2018-06-24 16:00:00",4256,4412.79439410259,3646.34777425633,5179.24101394884,3240.61544215167,5584.9733460535
"2018-06-24 17:00:00",4118,4183.79439410259,3417.34777425633,4950.24101394884,3011.61544215167,5355.9733460535
"2018-06-24 18:00:00",4022,3851.79439410259,3085.34777425633,4618.24101394884,2679.61544215167,5023.9733460535
"2018-06-24 19:00:00",3438,3621.79439410259,2855.34777425633,4388.24101394885,2449.61544215167,4793.97334605351
"2018-06-24 20:00:00",3187,3193.79439410259,2427.34777425633,3960.24101394885,2021.61544215166,4365.97334605351
"2018-06-24 21:00:00",2556,2576.79439410259,1810.34777425633,3343.24101394885,1404.61544215166,3748.97334605351
"2018-06-24 22:00:00",1962,2053.79439410259,1287.34777425633,2820.24101394885,881.615442151665,3225.97334605351
"2018-06-24 23:00:00",1209,1226.79439410259,460.347774256325,1993.24101394885,54.6154421516651,2398.97334605351
"2018-06-25 00:00:00",652,635.794394102586,-130.652225743675,1402.24101394885,-536.384557848335,1807.97334605351
"2018-06-25 01:00:00",422,375.794394102586,-390.652225743675,1142.24101394885,-796.384557848336,1547.97334605351
"2018-06-25 02:00:00",331,280.794394102586,-485.652225743675,1047.24101394885,-891.384557848336,1452.97334605351
"2018-06-25 03:00:00",406,373.794394102586,-392.652225743675,1140.24101394885,-798.384557848336,1545.97334605351
"2018-06-25 04:00:00",902,810.794394102586,44.3477742563255,1577.24101394885,-361.384557848335,1982.97334605351
"2018-06-25 05:00:00",2982,2899.79439410259,2133.34777425633,3666.24101394885,1727.61544215167,4071.97334605351
"2018-06-25 06:00:00",5588,5549.79439410259,4783.34777425633,6316.24101394884,4377.61544215167,6721.97334605351
"2018-06-25 07:00:00",6146,6394.79439410259,5628.34777425633,7161.24101394884,5222.61544215167,7566.97334605351
"2018-06-25 08:00:00",5383,5773.79439410259,5007.34777425633,6540.24101394884,4601.61544215167,6945.9733460535
"2018-06-25 09:00:00",4654,4775.79439410259,4009.34777425633,5542.24101394884,3603.61544215167,5947.9733460535
"2018-06-25 10:00:00",4310,4169.79439410259,3403.34777425633,4936.24101394884,2997.61544215167,5341.9733460535
"2018-06-25 11:00:00",4530,4443.79439410259,3677.34777425633,5210.24101394884,3271.61544215167,5615.9733460535
"2018-06-25 12:00:00",4748,4837.79439410259,4071.34777425633,5604.24101394884,3665.61544215167,6009.9733460535
"2018-06-25 13:00:00",4673,4751.79439410259,3985.34777425633,5518.24101394884,3579.61544215167,5923.9733460535
"2018-06-25 14:00:00",4877,4943.79439410259,4177.34777425633,5710.24101394884,3771.61544215167,6115.9733460535
"2018-06-25 15:00:00",5605,5566.79439410259,4800.34777425633,6333.24101394884,4394.61544215167,6738.9733460535
"2018-06-25 16:00:00",6232,6765.79439410259,5999.34777425633,7532.24101394884,5593.61544215167,7937.9733460535
"2018-06-25 17:00:00",5772,6314.79439410259,5548.34777425633,7081.24101394884,5142.61544215167,7486.9733460535
"2018-06-25 18:00:00",4086,4360.79439410259,3594.34777425633,5127.24101394884,3188.61544215167,5532.9733460535
"2018-06-25 19:00:00",3288,3256.79439410259,2490.34777425633,4023.24101394884,2084.61544215167,4428.9733460535
"2018-06-25 20:00:00",2944,2770.79439410259,2004.34777425633,3537.24101394884,1598.61544215167,3942.9733460535
"2018-06-25 21:00:00",2559,2468.79439410259,1702.34777425633,3235.24101394884,1296.61544215167,3640.9733460535
"2018-06-25 22:00:00",1974,1718.79439410259,952.347774256329,2485.24101394884,546.61544215167,2890.9733460535
"2018-06-25 23:00:00",1136,1020.79439410259,254.347774256329,1787.24101394884,-151.38455784833,2192.9733460535
"2018-06-26 00:00:00",624,600.794394102586,-165.652225743672,1367.24101394884,-571.384557848331,1772.9733460535
"2018-06-26 01:00:00",417,381.794394102586,-384.652225743672,1148.24101394884,-790.384557848331,1553.9733460535
"2018-06-26 02:00:00",297,277.794394102586,-488.652225743672,1044.24101394884,-894.384557848331,1449.9733460535
"2018-06-26 03:00:00",353,377.794394102586,-388.652225743672,1144.24101394884,-794.384557848331,1549.9733460535
"2018-06-26 04:00:00",887,901.794394102586,135.347774256328,1668.24101394884,-270.384557848332,2073.9733460535
"2018-06-26 05:00:00",2973,3046.79439410259,2280.34777425633,3813.24101394884,1874.61544215167,4218.9733460535
"2018-06-26 06:00:00",5381,5491.79439410259,4725.34777425633,6258.24101394884,4319.61544215167,6663.9733460535
"2018-06-26 07:00:00",6350,5514.79439410259,4748.34777425633,6281.24101394884,4342.61544215167,6686.97334605351
"2018-06-26 08:00:00",5756,4859.79439410259,4093.34777425633,5626.24101394885,3687.61544215167,6031.97334605351
"2018-06-26 09:00:00",4872,4800.79439410259,4034.34777425633,5567.24101394885,3628.61544215166,5972.97334605351
"2018-06-26 10:00:00",4452,4252.79439410259,3486.34777425633,5019.24101394885,3080.61544215166,5424.97334605351
"2018-06-26 11:00:00",4713,4354.79439410259,3588.34777425632,5121.24101394885,3182.61544215166,5526.97334605351
"2018-06-26 12:00:00",5083,4593.79439410259,3827.34777425632,5360.24101394885,3421.61544215166,5765.97334605351
"2018-06-26 13:00:00",4849,4736.79439410259,3970.34777425633,5503.24101394885,3564.61544215166,5908.97334605351
"2018-06-26 14:00:00",4905,5117.79439410259,4351.34777425633,5884.24101394885,3945.61544215167,6289.97334605351
"2018-06-26 15:00:00",5875,5860.79439410259,5094.34777425633,6627.24101394884,4688.61544215167,7032.9733460535
"2018-06-26 16:00:00",6765,6829.79439410259,6063.34777425633,7596.24101394884,5657.61544215167,8001.9733460535
"2018-06-26 17:00:00",6054,6093.79439410259,5327.34777425633,6860.24101394884,4921.61544215167,7265.9733460535
"2018-06-26 18:00:00",4473,4554.79439410259,3788.34777425633,5321.24101394884,3382.61544215167,5726.9733460535
"2018-06-26 19:00:00",3316,3271.79439410259,2505.34777425633,4038.24101394884,2099.61544215167,4443.9733460535
"2018-06-26 20:00:00",2910,2812.79439410259,2046.34777425633,3579.24101394884,1640.61544215167,3984.9733460535
"2018-06-26 21:00:00",2674,2462.79439410259,1696.34777425633,3229.24101394884,1290.61544215167,3634.9733460535
"2018-06-26 22:00:00",2083,1804.79439410259,1038.34777425633,2571.24101394884,632.615442151668,2976.9733460535
"2018-06-26 23:00:00",1161,1198.79439410259,432.347774256327,1965.24101394884,26.6154421516676,2370.9733460535
"2018-06-27 00:00:00",678,671.794394102586,-94.6522257436724,1438.24101394884,-500.384557848332,1843.9733460535
"2018-06-27 01:00:00",411,414.794394102586,-351.652225743672,1181.24101394884,-757.384557848331,1586.9733460535
"2018-06-27 02:00:00",313,309.794394102586,-456.652225743672,1076.24101394884,-862.384557848331,1481.9733460535
"2018-06-27 03:00:00",414,393.794394102586,-372.652225743672,1160.24101394884,-778.384557848331,1565.9733460535
"2018-06-27 04:00:00",898,943.794394102586,177.347774256328,1710.24101394884,-228.384557848331,2115.9733460535
"2018-06-27 05:00:00",3151,3142.79439410259,2376.34777425633,3909.24101394884,1970.61544215167,4314.9733460535
"2018-06-27 06:00:00",5883,5777.79439410259,5011.34777425633,6544.24101394884,4605.61544215167,6949.9733460535
"2018-06-27 07:00:00",6414,6303.79439410259,5537.34777425633,7070.24101394884,5131.61544215167,7475.9733460535
"2018-06-27 08:00:00",5717,5548.79439410259,4782.34777425633,6315.24101394884,4376.61544215167,6720.9733460535
"2018-06-27 09:00:00",5134,4898.79439410259,4132.34777425633,5665.24101394884,3726.61544215167,6070.9733460535
"2018-06-27 10:00:00",4614,4552.79439410259,3786.34777425633,5319.24101394884,3380.61544215167,5724.9733460535
"2018-06-27 11:00:00",4964,4683.79439410259,3917.34777425633,5450.24101394884,3511.61544215167,5855.9733460535
"2018-06-27 12:00:00",5102,4832.79439410259,4066.34777425633,5599.24101394884,3660.61544215167,6004.9733460535
"2018-06-27 13:00:00",4901,4949.79439410259,4183.34777425633,5716.24101394884,3777.61544215167,6121.9733460535
"2018-06-27 14:00:00",5036,5169.79439410259,4403.34777425633,5936.24101394884,3997.61544215167,6341.9733460535
"2018-06-27 15:00:00",5867,5872.79439410259,5106.34777425633,6639.24101394884,4700.61544215167,7044.9733460535
"2018-06-27 16:00:00",6666,6819.79439410259,6053.34777425633,7586.24101394884,5647.61544215167,7991.9733460535
"2018-06-27 17:00:00",6095,6447.79439410259,5681.34777425633,7214.24101394884,5275.61544215167,7619.9733460535
"2018-06-27 18:00:00",4563,4630.79439410259,3864.34777425633,5397.24101394884,3458.61544215167,5802.9733460535
"2018-06-27 19:00:00",3497,3426.79439410259,2660.34777425633,4193.24101394884,2254.61544215167,4598.9733460535
"2018-06-27 20:00:00",3126,3032.79439410259,2266.34777425633,3799.24101394884,1860.61544215167,4204.9733460535
"2018-06-27 21:00:00",3116,2766.79439410259,2000.34777425633,3533.24101394884,1594.61544215167,3938.9733460535
"2018-06-27 22:00:00",2292,1964.79439410259,1198.34777425633,2731.24101394884,792.615442151667,3136.9733460535
"2018-06-27 23:00:00",1339,1217.79439410259,451.347774256327,1984.24101394884,45.6154421516671,2389.9733460535
"2018-06-28 00:00:00",778,642.794394102586,-123.652225743673,1409.24101394884,-529.384557848332,1814.9733460535
"2018-06-28 01:00:00",457,470.794394102586,-295.652225743672,1237.24101394884,-701.384557848332,1642.9733460535
"2018-06-28 02:00:00",309,356.794394102586,-409.652225743672,1123.24101394884,-815.384557848331,1528.9733460535
"2018-06-28 03:00:00",365,434.794394102586,-331.652225743672,1201.24101394884,-737.384557848331,1606.9733460535
"2018-06-28 04:00:00",921,946.794394102586,180.347774256328,1713.24101394884,-225.384557848331,2118.9733460535
"2018-06-28 05:00:00",3121,3120.79439410259,2354.34777425633,3887.24101394884,1948.61544215167,4292.9733460535
"2018-06-28 06:00:00",5691,5786.79439410259,5020.34777425633,6553.24101394884,4614.61544215167,6958.9733460535
"2018-06-28 07:00:00",6264,6565.79439410259,5799.34777425633,7332.24101394884,5393.61544215167,7737.9733460535
"2018-06-28 08:00:00",5683,5498.79439410259,4732.34777425633,6265.24101394884,4326.61544215167,6670.9733460535
"2018-06-28 09:00:00",4983,4990.79439410259,4224.34777425633,5757.24101394884,3818.61544215167,6162.9733460535
"2018-06-28 10:00:00",4678,4959.79439410259,4193.34777425633,5726.24101394884,3787.61544215167,6131.9733460535
"2018-06-28 11:00:00",4866,5175.79439410259,4409.34777425633,5942.24101394884,4003.61544215167,6347.9733460535
"2018-06-28 12:00:00",5109,5091.79439410259,4325.34777425633,5858.24101394884,3919.61544215167,6263.9733460535
"2018-06-28 13:00:00",5011,4950.79439410259,4184.34777425633,5717.24101394884,3778.61544215167,6122.9733460535
"2018-06-28 14:00:00",5300,5033.79439410259,4267.34777425633,5800.24101394884,3861.61544215167,6205.9733460535
"2018-06-28 15:00:00",5945,5776.79439410259,5010.34777425633,6543.24101394884,4604.61544215167,6948.9733460535
"2018-06-28 16:00:00",6568,6519.79439410259,5753.34777425633,7286.24101394884,5347.61544215167,7691.9733460535
"2018-06-28 17:00:00",5930,6005.79439410259,5239.34777425633,6772.24101394884,4833.61544215167,7177.9733460535
"2018-06-28 18:00:00",4668,4600.79439410259,3834.34777425633,5367.24101394884,3428.61544215167,5772.9733460535
"2018-06-28 19:00:00",3794,3831.79439410259,3065.34777425633,4598.24101394884,2659.61544215167,5003.9733460535
"2018-06-28 20:00:00",3127,3393.79439410259,2627.34777425633,4160.24101394884,2221.61544215167,4565.9733460535
"2018-06-28 21:00:00",2908,3454.79439410259,2688.34777425633,4221.24101394884,2282.61544215168,4626.9733460535
"2018-06-28 22:00:00",2190,2591.79439410259,1825.34777425633,3358.24101394884,1419.61544215168,3763.97334605349
"2018-06-28 23:00:00",1475,1463.79439410259,697.347774256333,2230.24101394884,291.615442151676,2635.97334605349
"2018-06-29 00:00:00",841,813.794394102586,47.3477742563329,1580.24101394884,-358.384557848324,1985.97334605349
"2018-06-29 01:00:00",510,479.794394102586,-286.652225743667,1246.24101394884,-692.384557848323,1651.97334605349
"2018-06-29 02:00:00",385,372.794394102586,-393.652225743667,1139.24101394884,-799.384557848323,1544.97334605349
"2018-06-29 03:00:00",453,392.794394102586,-373.652225743667,1159.24101394884,-779.384557848323,1564.97334605349
"2018-06-29 04:00:00",984,884.794394102586,118.347774256333,1651.24101394884,-287.384557848324,2056.97334605349
"2018-06-29 05:00:00",2909,3064.79439410259,2298.34777425633,3831.24101394884,1892.61544215168,4236.9733460535
"2018-06-29 06:00:00",5427,5468.79439410259,4702.34777425633,6235.24101394884,4296.61544215168,6640.9733460535
"2018-06-29 07:00:00",6051,6230.79439410259,5464.34777425633,6997.24101394884,5058.61544215167,7402.9733460535
"2018-06-29 08:00:00",5204,5612.79439410259,4846.34777425633,6379.24101394884,4440.61544215167,6784.9733460535
"2018-06-29 09:00:00",4842,5061.79439410259,4295.34777425633,5828.24101394884,3889.61544215168,6233.9733460535
"2018-06-29 10:00:00",4626,4773.79439410259,4007.34777425633,5540.24101394884,3601.61544215168,5945.9733460535
"2018-06-29 11:00:00",5114,5136.79439410259,4370.34777425633,5903.24101394884,3964.61544215168,6308.9733460535
"2018-06-29 12:00:00",5222,5233.79439410259,4467.34777425633,6000.24101394884,4061.61544215168,6405.9733460535
"2018-06-29 13:00:00",5236,5112.79439410259,4346.34777425633,5879.24101394884,3940.61544215168,6284.9733460535
"2018-06-29 14:00:00",5319,5359.79439410259,4593.34777425633,6126.24101394884,4187.61544215168,6531.9733460535
"2018-06-29 15:00:00",5903,5851.79439410259,5085.34777425633,6618.24101394884,4679.61544215167,7023.9733460535
"2018-06-29 16:00:00",5902,6018.79439410259,5252.34777425633,6785.24101394884,4846.61544215167,7190.9733460535
"2018-06-29 17:00:00",5314,5128.79439410259,4362.34777425633,5895.24101394884,3956.61544215167,6300.9733460535
"2018-06-29 18:00:00",4798,4684.79439410259,3918.34777425633,5451.24101394884,3512.61544215167,5856.9733460535
"2018-06-29 19:00:00",3705,3984.79439410259,3218.34777425633,4751.24101394884,2812.61544215167,5156.9733460535
"2018-06-29 20:00:00",3340,3543.79439410259,2777.34777425633,4310.24101394884,2371.61544215167,4715.9733460535
"2018-06-29 21:00:00",3247,3481.79439410259,2715.34777425633,4248.24101394884,2309.61544215167,4653.9733460535
"2018-06-29 22:00:00",2781,3537.79439410259,2771.34777425633,4304.24101394884,2365.61544215167,4709.9733460535
"2018-06-29 23:00:00",2465,3662.79439410259,2896.34777425633,4429.24101394884,2490.61544215167,4834.9733460535
"2018-06-30 00:00:00",1423,1548.79439410259,782.347774256329,2315.24101394884,376.615442151671,2720.9733460535
"2018-06-30 01:00:00",869,880.794394102586,114.347774256329,1647.24101394884,-291.384557848329,2052.9733460535
"2018-06-30 02:00:00",617,637.794394102586,-128.652225743671,1404.24101394884,-534.38455784833,1809.9733460535
"2018-06-30 03:00:00",429,415.794394102586,-350.652225743671,1182.24101394884,-756.38455784833,1587.9733460535
"2018-06-30 04:00:00",429,521.794394102586,-244.652225743672,1288.24101394884,-650.384557848331,1693.9733460535
"2018-06-30 05:00:00",822,974.794394102586,208.347774256328,1741.24101394884,-197.384557848331,2146.9733460535
"2018-06-30 06:00:00",1489,1503.79439410259,737.347774256327,2270.24101394884,331.615442151668,2675.9733460535
"2018-06-30 07:00:00",2048,2482.79439410259,1716.34777425633,3249.24101394884,1310.61544215167,3654.9733460535
"2018-06-30 08:00:00",2840,3361.79439410259,2595.34777425633,4128.24101394884,2189.61544215167,4533.9733460535
"2018-06-30 09:00:00",3627,4073.79439410259,3307.34777425633,4840.24101394884,2901.61544215167,5245.9733460535
"2018-06-30 10:00:00",3922,4326.79439410259,3560.34777425633,5093.24101394884,3154.61544215167,5498.9733460535
"2018-06-30 11:00:00",4253,4629.79439410259,3863.34777425633,5396.24101394884,3457.61544215167,5801.9733460535
"2018-06-30 12:00:00",4776,5026.79439410259,4260.34777425633,5793.24101394884,3854.61544215167,6198.9733460535
"2018-06-30 13:00:00",4675,4568.79439410259,3802.34777425633,5335.24101394884,3396.61544215167,5740.9733460535
"2018-06-30 14:00:00",4533,4628.79439410259,3862.34777425633,5395.24101394884,3456.61544215167,5800.9733460535
"2018-06-30 15:00:00",4425,4425.79439410259,3659.34777425633,5192.24101394884,3253.61544215167,5597.9733460535
"2018-06-30 16:00:00",4707,4380.79439410259,3614.34777425633,5147.24101394884,3208.61544215167,5552.9733460535
"2018-06-30 17:00:00",4469,4518.79439410259,3752.34777425633,5285.24101394884,3346.61544215167,5690.9733460535
"2018-06-30 18:00:00",3871,3953.79439410259,3187.34777425633,4720.24101394884,2781.61544215167,5125.9733460535
"2018-06-30 19:00:00",3247,3668.79439410259,2902.34777425633,4435.24101394884,2496.61544215167,4840.9733460535
"2018-06-30 20:00:00",2936,3370.79439410259,2604.34777425633,4137.24101394884,2198.61544215167,4542.9733460535
"2018-06-30 21:00:00",2700,3512.79439410259,2746.34777425633,4279.24101394884,2340.61544215167,4684.9733460535
"2018-06-30 22:00:00",2760,3580.79439410259,2814.34777425633,4347.24101394884,2408.61544215167,4752.9733460535
"2018-06-30 23:00:00",2017,2492.79439410259,1726.34777425633,3259.24101394884,1320.61544215167,3664.9733460535
"2018-07-01 00:00:00",1314,1523.79439410259,757.347774256329,2290.24101394884,351.61544215167,2695.9733460535
"2018-07-01 01:00:00",848,1024.79439410259,258.347774256329,1791.24101394884,-147.38455784833,2196.9733460535
"2018-07-01 02:00:00",703,692.794394102586,-73.6522257436716,1459.24101394884,-479.384557848331,1864.9733460535
"2018-07-01 03:00:00",419,417.794394102586,-348.652225743672,1184.24101394884,-754.384557848331,1589.9733460535
"2018-07-01 04:00:00",372,381.794394102586,-384.652225743673,1148.24101394884,-790.384557848332,1553.9733460535
"2018-07-01 05:00:00",529,622.794394102586,-143.652225743673,1389.24101394884,-549.384557848333,1794.9733460535
"2018-07-01 06:00:00",979,1099.79439410259,333.347774256326,1866.24101394884,-72.3845578483338,2271.9733460535
"2018-07-01 07:00:00",1237,1507.79439410259,741.347774256326,2274.24101394885,335.615442151665,2679.97334605351
"2018-07-01 08:00:00",1682,2370.79439410259,1604.34777425633,3137.24101394885,1198.61544215166,3542.97334605351
"2018-07-01 09:00:00",2495,3568.79439410259,2802.34777425632,4335.24101394885,2396.61544215166,4740.97334605351
"2018-07-01 10:00:00",2924,4195.79439410259,3429.34777425632,4962.24101394885,3023.61544215166,5367.97334605351
"2018-07-01 11:00:00",3323,4194.79439410259,3428.34777425632,4961.24101394885,3022.61544215166,5366.97334605351
"2018-07-01 12:00:00",3696,4310.79439410259,3544.34777425632,5077.24101394885,3138.61544215166,5482.97334605351
"2018-07-01 13:00:00",4084,4243.79439410259,3477.34777425632,5010.24101394885,3071.61544215166,5415.97334605351
"2018-07-01 14:00:00",4187,4325.79439410259,3559.34777425632,5092.24101394885,3153.61544215166,5497.97334605351
"2018-07-01 15:00:00",4365,4321.79439410259,3555.34777425632,5088.24101394885,3149.61544215166,5493.97334605351
"2018-07-01 16:00:00",4380,4264.79439410259,3498.34777425632,5031.24101394885,3092.61544215166,5436.97334605351
"2018-07-01 17:00:00",4049,4126.79439410259,3360.34777425632,4893.24101394885,2954.61544215166,5298.97334605351
"2018-07-01 18:00:00",3680,4030.79439410259,3264.34777425632,4797.24101394885,2858.61544215166,5202.97334605351
"2018-07-01 19:00:00",3404,3446.79439410259,2680.34777425632,4213.24101394885,2274.61544215166,4618.97334605351
"2018-07-01 20:00:00",3018,3195.79439410259,2429.34777425632,3962.24101394885,2023.61544215166,4367.97334605351
"2018-07-01 21:00:00",2640,2564.79439410259,1798.34777425632,3331.24101394885,1392.61544215166,3736.97334605351
"2018-07-01 22:00:00",2152,1970.79439410259,1204.34777425632,2737.24101394885,798.615442151664,3142.97334605351
"2018-07-01 23:00:00",3078,1217.79439410259,451.347774256324,1984.24101394885,45.6154421516633,2389.97334605351
"2018-07-02 00:00:00",1043,660.794394102586,-105.652225743676,1427.24101394885,-511.384557848337,1832.97334605351
"2018-07-02 01:00:00",523,430.794394102586,-335.652225743676,1197.24101394885,-741.384557848337,1602.97334605351
"2018-07-02 02:00:00",425,339.794394102586,-426.652225743675,1106.24101394885,-832.384557848336,1511.97334605351
"2018-07-02 03:00:00",398,414.794394102586,-351.652225743675,1181.24101394885,-757.384557848336,1586.97334605351
"2018-07-02 04:00:00",896,910.794394102586,144.347774256325,1677.24101394885,-261.384557848335,2082.97334605351
"2018-07-02 05:00:00",2931,2990.79439410259,2224.34777425633,3757.24101394885,1818.61544215167,4162.97334605351
"2018-07-02 06:00:00",5305,5596.79439410259,4830.34777425633,6363.24101394884,4424.61544215167,6768.9733460535
"2018-07-02 07:00:00",5936,6154.79439410259,5388.34777425633,6921.24101394884,4982.61544215167,7326.9733460535
"2018-07-02 08:00:00",4859,5391.79439410259,4625.34777425633,6158.24101394884,4219.61544215167,6563.9733460535
"2018-07-02 09:00:00",4473,4662.79439410259,3896.34777425633,5429.24101394884,3490.61544215167,5834.9733460535
"2018-07-02 10:00:00",4172,4318.79439410259,3552.34777425633,5085.24101394884,3146.61544215167,5490.9733460535
"2018-07-02 11:00:00",4498,4538.79439410259,3772.34777425633,5305.24101394884,3366.61544215167,5710.9733460535
"2018-07-02 12:00:00",4617,4756.79439410259,3990.34777425633,5523.24101394884,3584.61544215167,5928.9733460535
"2018-07-02 13:00:00",4667,4681.79439410259,3915.34777425633,5448.24101394884,3509.61544215167,5853.9733460535
"2018-07-02 14:00:00",4728,4885.79439410259,4119.34777425633,5652.24101394884,3713.61544215167,6057.9733460535
"2018-07-02 15:00:00",5115,5613.79439410259,4847.34777425633,6380.24101394884,4441.61544215167,6785.9733460535
"2018-07-02 16:00:00",5853,6240.79439410259,5474.34777425633,7007.24101394884,5068.61544215167,7412.9733460535
"2018-07-02 17:00:00",5241,5780.79439410259,5014.34777425633,6547.24101394884,4608.61544215167,6952.9733460535
"2018-07-02 18:00:00",3922,4094.79439410259,3328.34777425633,4861.24101394884,2922.61544215167,5266.9733460535
"2018-07-02 19:00:00",3183,3296.79439410259,2530.34777425633,4063.24101394884,2124.61544215167,4468.9733460535
"2018-07-02 20:00:00",2792,2952.79439410259,2186.34777425633,3719.24101394884,1780.61544215167,4124.9733460535
"2018-07-02 21:00:00",2552,2567.79439410259,1801.34777425633,3334.24101394884,1395.61544215167,3739.9733460535
"2018-07-02 22:00:00",2118,1982.79439410259,1216.34777425633,2749.24101394884,810.615442151674,3154.9733460535
"2018-07-02 23:00:00",1461,1144.79439410259,378.347774256331,1911.24101394884,-27.384557848326,2316.9733460535
"2018-07-03 00:00:00",722,632.794394102586,-133.652225743669,1399.24101394884,-539.384557848326,1804.9733460535
"2018-07-03 01:00:00",455,425.794394102586,-340.652225743669,1192.24101394884,-746.384557848326,1597.9733460535
"2018-07-03 02:00:00",340,305.794394102586,-460.652225743669,1072.24101394884,-866.384557848326,1477.9733460535
"2018-07-03 03:00:00",391,361.794394102586,-404.652225743669,1128.24101394884,-810.384557848327,1533.9733460535
"2018-07-03 04:00:00",863,895.794394102586,129.347774256331,1662.24101394884,-276.384557848327,2067.9733460535
"2018-07-03 05:00:00",2836,2981.79439410259,2215.34777425633,3748.24101394884,1809.61544215167,4153.9733460535
"2018-07-03 06:00:00",5264,5389.79439410259,4623.34777425633,6156.24101394884,4217.61544215167,6561.9733460535
"2018-07-03 07:00:00",5737,6358.79439410259,5592.34777425633,7125.24101394884,5186.61544215167,7530.9733460535
"2018-07-03 08:00:00",5017,5764.79439410259,4998.34777425633,6531.24101394884,4592.61544215167,6936.9733460535
"2018-07-03 09:00:00",4373,4880.79439410259,4114.34777425633,5647.24101394884,3708.61544215167,6052.9733460535
"2018-07-03 10:00:00",4099,4460.79439410259,3694.34777425633,5227.24101394884,3288.61544215167,5632.9733460535
"2018-07-03 11:00:00",4415,4721.79439410259,3955.34777425633,5488.24101394884,3549.61544215167,5893.9733460535
"2018-07-03 12:00:00",4775,5091.79439410259,4325.34777425633,5858.24101394884,3919.61544215167,6263.9733460535
"2018-07-03 13:00:00",4799,4857.79439410259,4091.34777425633,5624.24101394884,3685.61544215167,6029.9733460535
"2018-07-03 14:00:00",4968,4913.79439410259,4147.34777425633,5680.24101394884,3741.61544215167,6085.9733460535
"2018-07-03 15:00:00",5526,5883.79439410259,5117.34777425633,6650.24101394884,4711.61544215167,7055.9733460535
"2018-07-03 16:00:00",6135,6773.79439410259,6007.34777425633,7540.24101394884,5601.61544215167,7945.9733460535
"2018-07-03 17:00:00",5092,6062.79439410259,5296.34777425633,6829.24101394884,4890.61544215167,7234.9733460535
"2018-07-03 18:00:00",4313,4481.79439410259,3715.34777425633,5248.24101394884,3309.61544215167,5653.9733460535
"2018-07-03 19:00:00",3308,3324.79439410259,2558.34777425633,4091.24101394884,2152.61544215167,4496.9733460535
"2018-07-03 20:00:00",3055,2918.79439410259,2152.34777425633,3685.24101394884,1746.61544215167,4090.9733460535
"2018-07-03 21:00:00",2700,2682.79439410259,1916.34777425633,3449.24101394884,1510.61544215167,3854.9733460535
"2018-07-03 22:00:00",2176,2091.79439410259,1325.34777425633,2858.24101394884,919.615442151667,3263.9733460535
"2018-07-03 23:00:00",1741,1169.79439410259,403.347774256327,1936.24101394884,-2.38455784833241,2341.9733460535
"2018-07-04 00:00:00",1021,347.63300161387,-418.813618232388,1114.07962146013,-824.545950337047,1519.81195356479
"2018-07-04 01:00:00",605,80.6330016138699,-685.813618232387,847.079621460127,-1091.54595033705,1252.81195356479
"2018-07-04 02:00:00",573,-17.3669983861301,-783.813618232387,749.079621460127,-1189.54595033705,1154.81195356479
"2018-07-04 03:00:00",353,83.6330016138699,-682.813618232387,850.079621460127,-1088.54595033705,1255.81195356479
"2018-07-04 04:00:00",354,567.63300161387,-198.813618232388,1334.07962146013,-604.545950337047,1739.81195356479
"2018-07-04 05:00:00",698,2820.63300161387,2054.18638176761,3587.07962146013,1648.45404966295,3992.81195356479
"2018-07-04 06:00:00",1141,5552.63300161387,4786.18638176761,6319.07962146013,4380.45404966295,6724.81195356479
"2018-07-04 07:00:00",1128,6083.63300161387,5317.18638176761,6850.07962146013,4911.45404966295,7255.81195356479
"2018-07-04 08:00:00",1275,5386.63300161387,4620.18638176761,6153.07962146013,4214.45404966295,6558.81195356479
"2018-07-04 09:00:00",1687,4803.63300161387,4037.18638176761,5570.07962146013,3631.45404966295,5975.81195356479
"2018-07-04 10:00:00",1920,4283.63300161387,3517.18638176761,5050.07962146013,3111.45404966295,5455.81195356479
"2018-07-04 11:00:00",2603,4633.63300161387,3867.18638176761,5400.07962146013,3461.45404966295,5805.81195356479
"2018-07-04 12:00:00",2761,4771.63300161387,4005.18638176761,5538.07962146013,3599.45404966295,5943.81195356479
"2018-07-04 13:00:00",2929,4570.63300161387,3804.18638176761,5337.07962146013,3398.45404966295,5742.81195356479
"2018-07-04 14:00:00",3318,4705.63300161387,3939.18638176761,5472.07962146013,3533.45404966295,5877.81195356479
"2018-07-04 15:00:00",3070,5536.63300161387,4770.18638176761,6303.07962146013,4364.45404966295,6708.81195356478
"2018-07-04 16:00:00",3224,6335.63300161387,5569.18638176761,7102.07962146013,5163.45404966295,7507.81195356479
"2018-07-04 17:00:00",3045,5764.63300161387,4998.18638176761,6531.07962146013,4592.45404966295,6936.81195356479
"2018-07-04 18:00:00",2664,4232.63300161387,3466.18638176761,4999.07962146013,3060.45404966295,5404.81195356479
"2018-07-04 19:00:00",2596,3166.63300161387,2400.18638176761,3933.07962146013,1994.45404966295,4338.81195356479
"2018-07-04 20:00:00",2503,2795.63300161387,2029.18638176761,3562.07962146013,1623.45404966295,3967.81195356479
"2018-07-04 21:00:00",2582,2785.63300161387,2019.18638176761,3552.07962146013,1613.45404966295,3957.81195356479
"2018-07-04 22:00:00",2030,1961.63300161387,1195.18638176761,2728.07962146013,789.454049662952,3133.81195356479
"2018-07-04 23:00:00",1936,1008.63300161387,242.186381767612,1775.07962146013,-163.545950337047,2180.81195356479
"2018-07-05 00:00:00",971,786.794394102586,20.347774256328,1553.24101394884,-385.384557848331,1958.9733460535
"2018-07-05 01:00:00",476,465.794394102586,-300.652225743672,1232.24101394884,-706.384557848331,1637.9733460535
"2018-07-05 02:00:00",317,317.794394102586,-448.652225743672,1084.24101394884,-854.384557848331,1489.9733460535
"2018-07-05 03:00:00",338,373.794394102586,-392.652225743672,1140.24101394884,-798.384557848331,1545.9733460535
"2018-07-05 04:00:00",754,929.794394102586,163.347774256328,1696.24101394884,-242.384557848332,2101.9733460535
"2018-07-05 05:00:00",2412,3129.79439410259,2363.34777425633,3896.24101394884,1957.61544215167,4301.9733460535
"2018-07-05 06:00:00",4500,5699.79439410259,4933.34777425633,6466.24101394884,4527.61544215167,6871.9733460535
"2018-07-05 07:00:00",4966,6272.79439410259,5506.34777425633,7039.24101394884,5100.61544215167,7444.9733460535
"2018-07-05 08:00:00",4440,5691.79439410259,4925.34777425633,6458.24101394884,4519.61544215167,6863.9733460535
"2018-07-05 09:00:00",4205,4991.79439410259,4225.34777425633,5758.24101394884,3819.61544215167,6163.9733460535
"2018-07-05 10:00:00",4154,4686.79439410259,3920.34777425633,5453.24101394884,3514.61544215167,5858.9733460535
"2018-07-05 11:00:00",4201,4874.79439410259,4108.34777425633,5641.24101394884,3702.61544215167,6046.9733460535
"2018-07-05 12:00:00",4416,5117.79439410259,4351.34777425633,5884.24101394884,3945.61544215167,6289.9733460535
"2018-07-05 13:00:00",4491,5019.79439410259,4253.34777425633,5786.24101394884,3847.61544215167,6191.9733460535
"2018-07-05 14:00:00",4708,5308.79439410259,4542.34777425633,6075.24101394884,4136.61544215167,6480.9733460535
"2018-07-05 15:00:00",5066,5953.79439410259,5187.34777425633,6720.24101394884,4781.61544215167,7125.9733460535
"2018-07-05 16:00:00",5908,6576.79439410259,5810.34777425633,7343.24101394884,5404.61544215167,7748.9733460535
"2018-07-05 17:00:00",5223,5938.79439410259,5172.34777425633,6705.24101394884,4766.61544215167,7110.9733460535
"2018-07-05 18:00:00",4115,4676.79439410259,3910.34777425633,5443.24101394884,3504.61544215167,5848.9733460535
"2018-07-05 19:00:00",3099,3802.79439410259,3036.34777425633,4569.24101394884,2630.61544215167,4974.9733460535
"2018-07-05 20:00:00",2713,3135.79439410259,2369.34777425633,3902.24101394884,1963.61544215167,4307.9733460535
"2018-07-05 21:00:00",2633,2916.79439410259,2150.34777425633,3683.24101394884,1744.61544215167,4088.9733460535
"2018-07-05 22:00:00",2002,2198.79439410259,1432.34777425633,2965.24101394884,1026.61544215167,3370.9733460535
"2018-07-05 23:00:00",1287,1483.79439410259,717.34777425633,2250.24101394884,311.615442151671,2655.9733460535
"2018-07-06 00:00:00",743,849.794394102586,83.34777425633,1616.24101394884,-322.384557848328,2021.9733460535
"2018-07-06 01:00:00",435,518.794394102586,-247.65222574367,1285.24101394884,-653.384557848328,1690.9733460535
"2018-07-06 02:00:00",372,393.794394102586,-372.65222574367,1160.24101394884,-778.384557848328,1565.9733460535
"2018-07-06 03:00:00",343,461.794394102586,-304.65222574367,1228.24101394884,-710.384557848328,1633.9733460535
"2018-07-06 04:00:00",752,992.794394102586,226.34777425633,1759.24101394884,-179.384557848328,2164.9733460535
"2018-07-06 05:00:00",2453,2917.79439410259,2151.34777425633,3684.24101394884,1745.61544215167,4089.9733460535
"2018-07-06 06:00:00",4489,5435.79439410259,4669.34777425633,6202.24101394884,4263.61544215167,6607.9733460535
"2018-07-06 07:00:00",5069,6059.79439410259,5293.34777425633,6826.24101394884,4887.61544215167,7231.9733460535
"2018-07-06 08:00:00",4489,5212.79439410259,4446.34777425633,5979.24101394884,4040.61544215167,6384.9733460535
"2018-07-06 09:00:00",4305,4850.79439410259,4084.34777425633,5617.24101394884,3678.61544215167,6022.9733460535
"2018-07-06 10:00:00",4215,4634.79439410259,3868.34777425633,5401.24101394884,3462.61544215167,5806.9733460535
"2018-07-06 11:00:00",4547,5122.79439410259,4356.34777425633,5889.24101394884,3950.61544215167,6294.9733460535
"2018-07-06 12:00:00",4684,5230.79439410259,4464.34777425633,5997.24101394884,4058.61544215167,6402.9733460535
"2018-07-06 13:00:00",4594,5244.79439410259,4478.34777425633,6011.24101394884,4072.61544215167,6416.9733460535
"2018-07-06 14:00:00",4818,5327.79439410259,4561.34777425633,6094.24101394884,4155.61544215167,6499.9733460535
"2018-07-06 15:00:00",5182,5911.79439410259,5145.34777425633,6678.24101394884,4739.61544215167,7083.9733460535
"2018-07-06 16:00:00",5353,5910.79439410259,5144.34777425633,6677.24101394884,4738.61544215167,7082.9733460535
"2018-07-06 17:00:00",4822,5322.79439410259,4556.34777425633,6089.24101394884,4150.61544215167,6494.9733460535
"2018-07-06 18:00:00",4089,4806.79439410259,4040.34777425633,5573.24101394884,3634.61544215167,5978.9733460535
"2018-07-06 19:00:00",3390,3713.79439410259,2947.34777425633,4480.24101394884,2541.61544215167,4885.9733460535
"2018-07-06 20:00:00",2966,3348.79439410259,2582.34777425633,4115.24101394884,2176.61544215167,4520.9733460535
"2018-07-06 21:00:00",2903,3255.79439410259,2489.34777425633,4022.24101394884,2083.61544215168,4427.9733460535
"2018-07-06 22:00:00",2533,2789.79439410259,2023.34777425633,3556.24101394884,1617.61544215168,3961.97334605349
"2018-07-06 23:00:00",2227,2473.79439410259,1707.34777425633,3240.24101394884,1301.61544215168,3645.97334605349
"2018-07-07 00:00:00",1233,1431.79439410259,665.347774256333,2198.24101394884,259.615442151676,2603.97334605349
"2018-07-07 01:00:00",689,877.794394102586,111.347774256333,1644.24101394884,-294.384557848324,2049.97334605349
"2018-07-07 02:00:00",604,625.794394102586,-140.652225743667,1392.24101394884,-546.384557848324,1797.97334605349
"2018-07-07 03:00:00",382,437.794394102586,-328.652225743668,1204.24101394884,-734.384557848324,1609.9733460535
"2018-07-07 04:00:00",429,437.794394102586,-328.652225743668,1204.24101394884,-734.384557848325,1609.9733460535
"2018-07-07 05:00:00",769,830.794394102586,64.3477742563308,1597.24101394884,-341.384557848327,2002.9733460535
"2018-07-07 06:00:00",1246,1497.79439410259,731.34777425633,2264.24101394884,325.615442151672,2669.9733460535
"2018-07-07 07:00:00",1710,2056.79439410259,1290.34777425633,2823.24101394884,884.615442151672,3228.9733460535
"2018-07-07 08:00:00",2428,2848.79439410259,2082.34777425633,3615.24101394884,1676.61544215167,4020.9733460535
"2018-07-07 09:00:00",3029,3635.79439410259,2869.34777425633,4402.24101394884,2463.61544215167,4807.9733460535
"2018-07-07 10:00:00",3386,3930.79439410259,3164.34777425633,4697.24101394884,2758.61544215167,5102.9733460535
"2018-07-07 11:00:00",4045,4261.79439410259,3495.34777425633,5028.24101394884,3089.61544215167,5433.9733460535
"2018-07-07 12:00:00",4160,4784.79439410259,4018.34777425633,5551.24101394884,3612.61544215167,5956.9733460535
"2018-07-07 13:00:00",4118,4683.79439410259,3917.34777425633,5450.24101394884,3511.61544215167,5855.9733460535
"2018-07-07 14:00:00",3992,4541.79439410259,3775.34777425633,5308.24101394884,3369.61544215167,5713.9733460535
"2018-07-07 15:00:00",4022,4433.79439410259,3667.34777425633,5200.24101394884,3261.61544215167,5605.9733460535
"2018-07-07 16:00:00",4289,4715.79439410259,3949.34777425633,5482.24101394884,3543.61544215167,5887.9733460535
"2018-07-07 17:00:00",4085,4477.79439410259,3711.34777425633,5244.24101394884,3305.61544215167,5649.9733460535
"2018-07-07 18:00:00",3986,3879.79439410259,3113.34777425633,4646.24101394884,2707.61544215167,5051.9733460535
"2018-07-07 19:00:00",3416,3255.79439410259,2489.34777425633,4022.24101394884,2083.61544215167,4427.9733460535
"2018-07-07 20:00:00",3191,2944.79439410259,2178.34777425633,3711.24101394884,1772.61544215167,4116.97334605351
"2018-07-07 21:00:00",3616,2708.79439410259,1942.34777425633,3475.24101394885,1536.61544215167,3880.97334605351
"2018-07-07 22:00:00",3055,2768.79439410259,2002.34777425633,3535.24101394885,1596.61544215166,3940.97334605351
"2018-07-07 23:00:00",2246,2025.79439410259,1259.34777425633,2792.24101394885,853.615442151665,3197.97334605351
"2018-07-08 00:00:00",1423,1322.79439410259,556.347774256325,2089.24101394885,150.615442151665,2494.97334605351
"2018-07-08 01:00:00",786,856.794394102586,90.3477742563254,1623.24101394885,-315.384557848335,2028.97334605351
"2018-07-08 02:00:00",693,711.794394102586,-54.6522257436745,1478.24101394885,-460.384557848335,1883.97334605351
"2018-07-08 03:00:00",357,427.794394102586,-338.652225743674,1194.24101394885,-744.384557848335,1599.97334605351
"2018-07-08 04:00:00",327,380.794394102586,-385.652225743674,1147.24101394885,-791.384557848334,1552.97334605351
"2018-07-08 05:00:00",476,537.794394102586,-228.652225743674,1304.24101394885,-634.384557848334,1709.97334605351
"2018-07-08 06:00:00",876,987.794394102586,221.347774256326,1754.24101394885,-184.384557848335,2159.97334605351
"2018-07-08 07:00:00",1084,1245.79439410259,479.347774256325,2012.24101394885,73.6154421516649,2417.97334605351
"2018-07-08 08:00:00",1920,1690.79439410259,924.347774256325,2457.24101394885,518.615442151664,2862.97334605351
"2018-07-08 09:00:00",2584,2503.79439410259,1737.34777425633,3270.24101394885,1331.61544215166,3675.97334605351
"2018-07-08 10:00:00",3236,2932.79439410259,2166.34777425632,3699.24101394885,1760.61544215166,4104.97334605351
"2018-07-08 11:00:00",3837,3331.79439410259,2565.34777425632,4098.24101394885,2159.61544215166,4503.97334605351
"2018-07-08 12:00:00",4075,3704.79439410259,2938.34777425632,4471.24101394885,2532.61544215166,4876.97334605351
"2018-07-08 13:00:00",4211,4092.79439410259,3326.34777425632,4859.24101394885,2920.61544215166,5264.97334605351
"2018-07-08 14:00:00",4470,4195.79439410259,3429.34777425632,4962.24101394885,3023.61544215166,5367.97334605351
"2018-07-08 15:00:00",4397,4373.79439410259,3607.34777425632,5140.24101394885,3201.61544215166,5545.97334605351
"2018-07-08 16:00:00",4514,4388.79439410259,3622.34777425632,5155.24101394885,3216.61544215166,5560.97334605351
"2018-07-08 17:00:00",4297,4057.79439410259,3291.34777425632,4824.24101394885,2885.61544215166,5229.97334605351
"2018-07-08 18:00:00",3953,3688.79439410259,2922.34777425633,4455.24101394885,2516.61544215166,4860.97334605351
"2018-07-08 19:00:00",3969,3412.79439410259,2646.34777425633,4179.24101394885,2240.61544215166,4584.97334605351
"2018-07-08 20:00:00",3571,3026.79439410259,2260.34777425633,3793.24101394885,1854.61544215167,4198.97334605351
"2018-07-08 21:00:00",2948,2648.79439410259,1882.34777425633,3415.24101394885,1476.61544215167,3820.97334605351
"2018-07-08 22:00:00",2039,2160.79439410259,1394.34777425633,2927.24101394885,988.615442151666,3332.97334605351
"2018-07-08 23:00:00",1339,3086.79439410259,2320.34777425633,3853.24101394884,1914.61544215167,4258.9733460535
"2018-07-09 00:00:00",676,1051.79439410259,285.347774256327,1818.24101394884,-120.384557848333,2223.9733460535
"2018-07-09 01:00:00",423,531.794394102586,-234.652225743673,1298.24101394884,-640.384557848333,1703.9733460535
"2018-07-09 02:00:00",320,433.794394102586,-332.652225743673,1200.24101394884,-738.384557848333,1605.9733460535
"2018-07-09 03:00:00",348,406.794394102586,-359.652225743673,1173.24101394884,-765.384557848333,1578.9733460535
"2018-07-09 04:00:00",903,904.794394102586,138.347774256327,1671.24101394884,-267.384557848332,2076.9733460535
"2018-07-09 05:00:00",2977,2939.79439410259,2173.34777425633,3706.24101394884,1767.61544215167,4111.9733460535
"2018-07-09 06:00:00",5679,5313.79439410259,4547.34777425633,6080.24101394884,4141.61544215167,6485.9733460535
"2018-07-09 07:00:00",6178,5944.79439410259,5178.34777425633,6711.24101394884,4772.61544215167,7116.9733460535
"2018-07-09 08:00:00",5656,4867.79439410259,4101.34777425633,5634.24101394884,3695.61544215167,6039.9733460535
"2018-07-09 09:00:00",4586,4481.79439410259,3715.34777425633,5248.24101394884,3309.61544215167,5653.9733460535
"2018-07-09 10:00:00",4266,4180.79439410259,3414.34777425633,4947.24101394885,3008.61544215167,5352.97334605351
"2018-07-09 11:00:00",4448,4506.79439410259,3740.34777425633,5273.24101394885,3334.61544215166,5678.97334605351
"2018-07-09 12:00:00",4689,4625.79439410259,3859.34777425633,5392.24101394885,3453.61544215166,5797.97334605351
"2018-07-09 13:00:00",4621,4675.79439410259,3909.34777425633,5442.24101394885,3503.61544215166,5847.97334605351
"2018-07-09 14:00:00",4836,4736.79439410259,3970.34777425633,5503.24101394885,3564.61544215166,5908.97334605351
"2018-07-09 15:00:00",5429,5123.79439410259,4357.34777425633,5890.24101394885,3951.61544215166,6295.97334605351
"2018-07-09 16:00:00",6311,5861.79439410259,5095.34777425632,6628.24101394885,4689.61544215166,7033.97334605351
"2018-07-09 17:00:00",5805,5249.79439410259,4483.34777425632,6016.24101394885,4077.61544215166,6421.97334605351
"2018-07-09 18:00:00",4290,3930.79439410259,3164.34777425633,4697.24101394885,2758.61544215166,5102.97334605351
"2018-07-09 19:00:00",3240,3191.79439410259,2425.34777425633,3958.24101394885,2019.61544215167,4363.97334605351
"2018-07-09 20:00:00",2861,2800.79439410259,2034.34777425633,3567.24101394885,1628.61544215167,3972.97334605351
"2018-07-09 21:00:00",2633,2560.79439410259,1794.34777425633,3327.24101394885,1388.61544215167,3732.97334605351
"2018-07-09 22:00:00",2071,2126.79439410259,1360.34777425633,2893.24101394884,954.615442151666,3298.97334605351
"2018-07-09 23:00:00",1189,1469.79439410259,703.347774256326,2236.24101394884,297.615442151666,2641.9733460535
"2018-07-10 00:00:00",688,730.794394102586,-35.6522257436735,1497.24101394884,-441.384557848334,1902.9733460535
"2018-07-10 01:00:00",389,463.794394102586,-302.652225743673,1230.24101394884,-708.384557848333,1635.9733460535
"2018-07-10 02:00:00",295,348.794394102586,-417.652225743673,1115.24101394884,-823.384557848333,1520.9733460535
"2018-07-10 03:00:00",364,399.794394102586,-366.652225743673,1166.24101394884,-772.384557848332,1571.9733460535
"2018-07-10 04:00:00",898,871.794394102586,105.347774256328,1638.24101394884,-300.384557848332,2043.9733460535
"2018-07-10 05:00:00",3137,2844.79439410259,2078.34777425633,3611.24101394884,1672.61544215167,4016.9733460535
"2018-07-10 06:00:00",5886,5272.79439410259,4506.34777425633,6039.24101394884,4100.61544215167,6444.9733460535
"2018-07-10 07:00:00",6134,5745.79439410259,4979.34777425633,6512.24101394884,4573.61544215167,6917.9733460535
"2018-07-10 08:00:00",5786,5025.79439410259,4259.34777425633,5792.24101394884,3853.61544215167,6197.9733460535
"2018-07-10 09:00:00",4843,4381.79439410259,3615.34777425633,5148.24101394884,3209.61544215167,5553.9733460535
"2018-07-10 10:00:00",4442,4107.79439410259,3341.34777425633,4874.24101394884,2935.61544215167,5279.9733460535
"2018-07-10 11:00:00",4586,4423.79439410259,3657.34777425633,5190.24101394884,3251.61544215167,5595.9733460535
"2018-07-10 12:00:00",4865,4783.79439410259,4017.34777425633,5550.24101394884,3611.61544215167,5955.9733460535
"2018-07-10 13:00:00",4719,4807.79439410259,4041.34777425633,5574.24101394884,3635.61544215167,5979.9733460535
"2018-07-10 14:00:00",4789,4976.79439410259,4210.34777425633,5743.24101394884,3804.61544215167,6148.9733460535
"2018-07-10 15:00:00",5681,5534.79439410259,4768.34777425633,6301.24101394884,4362.61544215167,6706.9733460535
"2018-07-10 16:00:00",6566,6143.79439410259,5377.34777425633,6910.24101394884,4971.61544215167,7315.9733460535
"2018-07-10 17:00:00",6081,5100.79439410259,4334.34777425633,5867.24101394884,3928.61544215167,6272.9733460535
"2018-07-10 18:00:00",4404,4321.79439410259,3555.34777425633,5088.24101394884,3149.61544215167,5493.9733460535
"2018-07-10 19:00:00",3219,3316.79439410259,2550.34777425633,4083.24101394884,2144.61544215167,4488.9733460535
"2018-07-10 20:00:00",3053,3063.79439410259,2297.34777425633,3830.24101394884,1891.61544215167,4235.9733460535
"2018-07-10 21:00:00",3060,2708.79439410259,1942.34777425633,3475.24101394884,1536.61544215167,3880.9733460535
"2018-07-10 22:00:00",2203,2184.79439410259,1418.34777425633,2951.24101394884,1012.61544215167,3356.97334605351
"2018-07-10 23:00:00",1311,1749.79439410259,983.347774256326,2516.24101394885,577.615442151665,2921.97334605351
"2018-07-11 00:00:00",661,1029.79439410259,263.347774256325,1796.24101394885,-142.384557848335,2201.97334605351
"2018-07-11 01:00:00",401,613.794394102586,-152.652225743675,1380.24101394885,-558.384557848336,1785.97334605351
"2018-07-11 02:00:00",321,581.794394102586,-184.652225743675,1348.24101394885,-590.384557848336,1753.97334605351
"2018-07-11 03:00:00",384,361.794394102586,-404.652225743675,1128.24101394885,-810.384557848336,1533.97334605351
"2018-07-11 04:00:00",948,362.794394102586,-403.652225743675,1129.24101394885,-809.384557848335,1534.97334605351
"2018-07-11 05:00:00",3193,706.794394102586,-59.6522257436741,1473.24101394885,-465.384557848334,1878.97334605351
"2018-07-11 06:00:00",5179,1149.79439410259,383.347774256327,1916.24101394884,-22.3845578483329,2321.9733460535
"2018-07-11 07:00:00",6295,1136.79439410259,370.347774256328,1903.24101394884,-35.3845578483317,2308.9733460535
"2018-07-11 08:00:00",5930,1283.79439410259,517.347774256328,2050.24101394884,111.615442151669,2455.9733460535
"2018-07-11 09:00:00",5025,1695.79439410259,929.347774256328,2462.24101394884,523.615442151669,2867.9733460535
"2018-07-11 10:00:00",4829,1928.79439410259,1162.34777425633,2695.24101394884,756.615442151669,3100.9733460535
"2018-07-11 11:00:00",5052,2611.79439410259,1845.34777425633,3378.24101394884,1439.61544215167,3783.9733460535
"2018-07-11 12:00:00",4974,2769.79439410259,2003.34777425633,3536.24101394884,1597.61544215167,3941.9733460535
"2018-07-11 13:00:00",4779,2937.79439410259,2171.34777425633,3704.24101394884,1765.61544215167,4109.9733460535
"2018-07-11 14:00:00",4974,3326.79439410259,2560.34777425633,4093.24101394884,2154.61544215167,4498.9733460535
"2018-07-11 15:00:00",5817,3078.79439410259,2312.34777425633,3845.24101394884,1906.61544215167,4250.9733460535
"2018-07-11 16:00:00",6522,3232.79439410259,2466.34777425633,3999.24101394884,2060.61544215167,4404.9733460535
"2018-07-11 17:00:00",5935,3053.79439410259,2287.34777425633,3820.24101394884,1881.61544215167,4225.9733460535
"2018-07-11 18:00:00",4568,2672.79439410259,1906.34777425633,3439.24101394884,1500.61544215167,3844.9733460535
"2018-07-11 19:00:00",3412,2604.79439410259,1838.34777425633,3371.24101394884,1432.61544215167,3776.9733460535
"2018-07-11 20:00:00",3033,2511.79439410259,1745.34777425633,3278.24101394884,1339.61544215167,3683.9733460535
"2018-07-11 21:00:00",2687,2590.79439410259,1824.34777425633,3357.24101394884,1418.61544215167,3762.9733460535
"2018-07-11 22:00:00",1960,2038.79439410259,1272.34777425633,2805.24101394884,866.615442151668,3210.9733460535
"2018-07-11 23:00:00",1294,1944.79439410259,1178.34777425633,2711.24101394884,772.615442151668,3116.9733460535
"2018-07-12 00:00:00",699,979.794394102586,213.347774256328,1746.24101394884,-192.384557848332,2151.9733460535
"2018-07-12 01:00:00",408,484.794394102586,-281.652225743673,1251.24101394884,-687.384557848332,1656.9733460535
"2018-07-12 02:00:00",296,325.794394102586,-440.652225743672,1092.24101394884,-846.384557848332,1497.9733460535
"2018-07-12 03:00:00",364,346.794394102586,-419.652225743672,1113.24101394884,-825.384557848332,1518.9733460535
"2018-07-12 04:00:00",940,762.794394102586,-3.65222574367249,1529.24101394884,-409.384557848332,1934.9733460535
"2018-07-12 05:00:00",3070,2420.79439410259,1654.34777425633,3187.24101394884,1248.61544215167,3592.9733460535
"2018-07-12 06:00:00",5702,4508.79439410259,3742.34777425633,5275.24101394884,3336.61544215167,5680.9733460535
"2018-07-12 07:00:00",6456,4974.79439410259,4208.34777425633,5741.24101394884,3802.61544215167,6146.9733460535
"2018-07-12 08:00:00",5583,4448.79439410259,3682.34777425633,5215.24101394884,3276.61544215167,5620.9733460535
"2018-07-12 09:00:00",4958,4213.79439410259,3447.34777425633,4980.24101394884,3041.61544215167,5385.9733460535
"2018-07-12 10:00:00",4610,4162.79439410259,3396.34777425633,4929.24101394884,2990.61544215167,5334.9733460535
"2018-07-12 11:00:00",4848,4209.79439410259,3443.34777425633,4976.24101394884,3037.61544215167,5381.9733460535
"2018-07-12 12:00:00",4891,4424.79439410259,3658.34777425633,5191.24101394884,3252.61544215167,5596.9733460535
"2018-07-12 13:00:00",5188,4499.79439410259,3733.34777425633,5266.24101394884,3327.61544215167,5671.9733460535
"2018-07-12 14:00:00",5139,4716.79439410259,3950.34777425633,5483.24101394884,3544.61544215167,5888.9733460535
"2018-07-12 15:00:00",5743,5074.79439410259,4308.34777425633,5841.24101394884,3902.61544215167,6246.9733460535
"2018-07-12 16:00:00",6612,5916.79439410259,5150.34777425633,6683.24101394884,4744.61544215167,7088.9733460535
"2018-07-12 17:00:00",5795,5231.79439410259,4465.34777425633,5998.24101394884,4059.61544215167,6403.9733460535
"2018-07-12 18:00:00",3890,4123.79439410259,3357.34777425633,4890.24101394884,2951.61544215167,5295.9733460535
"2018-07-12 19:00:00",3237,3107.79439410259,2341.34777425633,3874.24101394884,1935.61544215167,4279.9733460535
"2018-07-12 20:00:00",2727,2721.79439410259,1955.34777425633,3488.24101394884,1549.61544215167,3893.9733460535
"2018-07-12 21:00:00",2497,2641.79439410259,1875.34777425633,3408.24101394884,1469.61544215167,3813.9733460535
"2018-07-12 22:00:00",1870,2010.79439410259,1244.34777425633,2777.24101394884,838.615442151668,3182.9733460535
"2018-07-12 23:00:00",1320,1295.79439410259,529.347774256328,2062.24101394884,123.615442151668,2467.9733460535
"2018-07-13 00:00:00",705,751.794394102586,-14.6522257436726,1518.24101394884,-420.384557848332,1923.9733460535
"2018-07-13 01:00:00",439,443.794394102586,-322.652225743672,1210.24101394884,-728.384557848332,1615.9733460535
"2018-07-13 02:00:00",350,380.794394102586,-385.652225743672,1147.24101394884,-791.384557848332,1552.9733460535
"2018-07-13 03:00:00",373,351.794394102586,-414.652225743673,1118.24101394884,-820.384557848332,1523.9733460535
"2018-07-13 04:00:00",888,760.794394102586,-5.65222574367237,1527.24101394884,-411.384557848332,1932.9733460535
"2018-07-13 05:00:00",2917,2461.79439410259,1695.34777425633,3228.24101394884,1289.61544215167,3633.9733460535
"2018-07-13 06:00:00",5268,4497.79439410259,3731.34777425633,5264.24101394884,3325.61544215167,5669.9733460535
"2018-07-13 07:00:00",5994,5077.79439410259,4311.34777425633,5844.24101394884,3905.61544215167,6249.9733460535
"2018-07-13 08:00:00",5288,4497.79439410259,3731.34777425633,5264.24101394884,3325.61544215167,5669.9733460535
"2018-07-13 09:00:00",4543,4313.79439410259,3547.34777425633,5080.24101394884,3141.61544215167,5485.9733460535
"2018-07-13 10:00:00",4392,4223.79439410259,3457.34777425633,4990.24101394884,3051.61544215167,5395.9733460535
"2018-07-13 11:00:00",4740,4555.79439410259,3789.34777425633,5322.24101394884,3383.61544215167,5727.9733460535
"2018-07-13 12:00:00",5123,4692.79439410259,3926.34777425633,5459.24101394884,3520.61544215168,5864.9733460535
"2018-07-13 13:00:00",5059,4602.79439410259,3836.34777425633,5369.24101394884,3430.61544215168,5774.9733460535
"2018-07-13 14:00:00",5363,4826.79439410259,4060.34777425633,5593.24101394884,3654.61544215168,5998.97334605349
"2018-07-13 15:00:00",5914,5190.79439410259,4424.34777425633,5957.24101394884,4018.61544215168,6362.9733460535
"2018-07-13 16:00:00",6153,5361.79439410259,4595.34777425633,6128.24101394884,4189.61544215168,6533.97334605349
"2018-07-13 17:00:00",5257,4830.79439410259,4064.34777425633,5597.24101394884,3658.61544215168,6002.97334605349
"2018-07-13 18:00:00",4664,4097.79439410259,3331.34777425633,4864.24101394884,2925.61544215168,5269.97334605349
"2018-07-13 19:00:00",3664,3398.79439410259,2632.34777425633,4165.24101394884,2226.61544215168,4570.9733460535
"2018-07-13 20:00:00",3260,2974.79439410259,2208.34777425633,3741.24101394884,1802.61544215168,4146.9733460535
"2018-07-13 21:00:00",3064,2911.79439410259,2145.34777425633,3678.24101394884,1739.61544215168,4083.9733460535
"2018-07-13 22:00:00",2835,2541.79439410259,1775.34777425633,3308.24101394884,1369.61544215168,3713.9733460535
"2018-07-13 23:00:00",1971,2235.79439410259,1469.34777425633,3002.24101394884,1063.61544215168,3407.9733460535
"2018-07-14 00:00:00",1233,1241.79439410259,475.347774256332,2008.24101394884,69.6154421516753,2413.9733460535
"2018-07-14 01:00:00",696,697.794394102586,-68.6522257436678,1464.24101394884,-474.384557848325,1869.9733460535
"2018-07-14 02:00:00",646,612.794394102586,-153.652225743668,1379.24101394884,-559.384557848324,1784.9733460535
"2018-07-14 03:00:00",437,390.794394102586,-375.652225743667,1157.24101394884,-781.384557848324,1562.9733460535
"2018-07-14 04:00:00",444,437.794394102586,-328.652225743667,1204.24101394884,-734.384557848324,1609.97334605349
"2018-07-14 05:00:00",858,777.794394102586,11.3477742563326,1544.24101394884,-394.384557848324,1949.9733460535
"2018-07-14 06:00:00",1422,1254.79439410259,488.347774256332,2021.24101394884,82.6154421516753,2426.9733460535
"2018-07-14 07:00:00",1991,1718.79439410259,952.347774256332,2485.24101394884,546.615442151675,2890.9733460535
"2018-07-14 08:00:00",2714,2436.79439410259,1670.34777425633,3203.24101394884,1264.61544215167,3608.9733460535
"2018-07-14 09:00:00",3471,3037.79439410259,2271.34777425633,3804.24101394884,1865.61544215167,4209.9733460535
"2018-07-14 10:00:00",3718,3394.79439410259,2628.34777425633,4161.24101394884,2222.61544215167,4566.9733460535
"2018-07-14 11:00:00",4213,4053.79439410259,3287.34777425633,4820.24101394884,2881.61544215167,5225.9733460535
"2018-07-14 12:00:00",4524,4168.79439410259,3402.34777425633,4935.24101394884,2996.61544215167,5340.9733460535
"2018-07-14 13:00:00",4218,4126.79439410259,3360.34777425633,4893.24101394884,2954.61544215167,5298.9733460535
"2018-07-14 14:00:00",4242,4000.79439410259,3234.34777425633,4767.24101394884,2828.61544215167,5172.9733460535
"2018-07-14 15:00:00",4306,4030.79439410259,3264.34777425633,4797.24101394884,2858.61544215167,5202.9733460535
"2018-07-14 16:00:00",4317,4297.79439410259,3531.34777425633,5064.24101394884,3125.61544215167,5469.9733460535
"2018-07-14 17:00:00",4354,4093.79439410259,3327.34777425633,4860.24101394884,2921.61544215167,5265.9733460535
"2018-07-14 18:00:00",4109,3994.79439410259,3228.34777425633,4761.24101394884,2822.61544215167,5166.9733460535
"2018-07-14 19:00:00",3446,3424.79439410259,2658.34777425633,4191.24101394884,2252.61544215167,4596.9733460535
"2018-07-14 20:00:00",3192,3199.79439410259,2433.34777425633,3966.24101394884,2027.61544215167,4371.9733460535
"2018-07-14 21:00:00",3272,3624.79439410259,2858.34777425633,4391.24101394884,2452.61544215167,4796.9733460535
"2018-07-14 22:00:00",3074,3063.79439410259,2297.34777425633,3830.24101394884,1891.61544215167,4235.9733460535
"2018-07-14 23:00:00",2275,2254.79439410259,1488.34777425633,3021.24101394884,1082.61544215167,3426.9733460535
"2018-07-15 00:00:00",1350,1431.79439410259,665.347774256327,2198.24101394884,259.615442151667,2603.9733460535
"2018-07-15 01:00:00",826,794.794394102586,28.3477742563267,1561.24101394884,-377.384557848333,1966.9733460535
"2018-07-15 02:00:00",699,701.794394102586,-64.6522257436731,1468.24101394884,-470.384557848333,1873.9733460535
"2018-07-15 03:00:00",435,365.794394102586,-400.652225743673,1132.24101394884,-806.384557848333,1537.9733460535
"2018-07-15 04:00:00",366,335.794394102586,-430.652225743673,1102.24101394884,-836.384557848333,1507.9733460535
"2018-07-15 05:00:00",508,484.794394102586,-281.652225743673,1251.24101394884,-687.384557848333,1656.9733460535
"2018-07-15 06:00:00",933,884.794394102586,118.347774256327,1651.24101394884,-287.384557848332,2056.9733460535
"2018-07-15 07:00:00",1195,1092.79439410259,326.347774256328,1859.24101394884,-79.384557848332,2264.9733460535
"2018-07-15 08:00:00",1814,1928.79439410259,1162.34777425633,2695.24101394884,756.615442151668,3100.9733460535
"2018-07-15 09:00:00",2911,2592.79439410259,1826.34777425633,3359.24101394884,1420.61544215167,3764.9733460535
"2018-07-15 10:00:00",3310,3244.79439410259,2478.34777425633,4011.24101394884,2072.61544215167,4416.9733460535
"2018-07-15 11:00:00",3655,3845.79439410259,3079.34777425633,4612.24101394884,2673.61544215167,5017.9733460535
"2018-07-15 12:00:00",4245,4083.79439410259,3317.34777425633,4850.24101394884,2911.61544215167,5255.9733460535
"2018-07-15 13:00:00",4233,4219.79439410259,3453.34777425633,4986.24101394884,3047.61544215167,5391.9733460535
"2018-07-15 14:00:00",4129,4478.79439410259,3712.34777425633,5245.24101394884,3306.61544215167,5650.9733460535
"2018-07-15 15:00:00",4063,4405.79439410259,3639.34777425633,5172.24101394884,3233.61544215167,5577.9733460535
"2018-07-15 16:00:00",4438,4522.79439410259,3756.34777425633,5289.24101394884,3350.61544215167,5694.9733460535
"2018-07-15 17:00:00",4321,4305.79439410259,3539.34777425633,5072.24101394884,3133.61544215167,5477.9733460535
"2018-07-15 18:00:00",3836,3961.79439410259,3195.34777425633,4728.24101394884,2789.61544215167,5133.9733460535
"2018-07-15 19:00:00",3535,3977.79439410259,3211.34777425633,4744.24101394884,2805.61544215167,5149.9733460535
"2018-07-15 20:00:00",3015,3579.79439410259,2813.34777425633,4346.24101394884,2407.61544215167,4751.9733460535
"2018-07-15 21:00:00",2671,2956.79439410259,2190.34777425633,3723.24101394884,1784.61544215167,4128.9733460535
"2018-07-15 22:00:00",2009,2047.79439410259,1281.34777425633,2814.24101394885,875.615442151665,3219.97334605351
"2018-07-15 23:00:00",1244,1347.79439410259,581.347774256325,2114.24101394885,175.615442151664,2519.97334605351
"2018-07-16 00:00:00",721,684.794394102586,-81.6522257436754,1451.24101394885,-487.384557848336,1856.97334605351
"2018-07-16 01:00:00",458,431.794394102586,-334.652225743676,1198.24101394885,-740.384557848337,1603.97334605351
"2018-07-16 02:00:00",297,328.794394102586,-437.652225743676,1095.24101394885,-843.384557848337,1500.97334605351
"2018-07-16 03:00:00",368,356.794394102586,-409.652225743676,1123.24101394885,-815.384557848337,1528.97334605351
"2018-07-16 04:00:00",935,911.794394102586,145.347774256324,1678.24101394885,-260.384557848337,2083.97334605351
"2018-07-16 05:00:00",3048,2985.79439410259,2219.34777425632,3752.24101394885,1813.61544215166,4157.97334605351
"2018-07-16 06:00:00",5593,5687.79439410259,4921.34777425632,6454.24101394885,4515.61544215166,6859.97334605351
"2018-07-16 07:00:00",5793,6186.79439410259,5420.34777425632,6953.24101394885,5014.61544215166,7358.97334605351
"2018-07-16 08:00:00",5647,5664.79439410259,4898.34777425632,6431.24101394885,4492.61544215166,6836.97334605351
"2018-07-16 09:00:00",4603,4594.79439410259,3828.34777425632,5361.24101394885,3422.61544215166,5766.97334605351
"2018-07-16 10:00:00",4346,4274.79439410259,3508.34777425632,5041.24101394885,3102.61544215166,5446.97334605351
"2018-07-16 11:00:00",4504,4456.79439410259,3690.34777425632,5223.24101394885,3284.61544215166,5628.97334605351
"2018-07-16 12:00:00",4588,4697.79439410259,3931.34777425632,5464.24101394885,3525.61544215166,5869.97334605351
"2018-07-16 13:00:00",4558,4629.79439410259,3863.34777425632,5396.24101394885,3457.61544215166,5801.97334605351
"2018-07-16 14:00:00",4794,4844.79439410259,4078.34777425632,5611.24101394885,3672.61544215166,6016.97334605351
"2018-07-16 15:00:00",5558,5437.79439410259,4671.34777425632,6204.24101394885,4265.61544215166,6609.97334605351
"2018-07-16 16:00:00",6269,6319.79439410259,5553.34777425632,7086.24101394885,5147.61544215166,7491.97334605351
"2018-07-16 17:00:00",5708,5813.79439410259,5047.34777425632,6580.24101394885,4641.61544215166,6985.97334605351
"2018-07-16 18:00:00",4203,4298.79439410259,3532.34777425633,5065.24101394885,3126.61544215166,5470.97334605351
"2018-07-16 19:00:00",3277,3248.79439410259,2482.34777425633,4015.24101394885,2076.61544215166,4420.97334605351
"2018-07-16 20:00:00",2900,2869.79439410259,2103.34777425633,3636.24101394885,1697.61544215167,4041.97334605351
"2018-07-16 21:00:00",2424,2641.79439410259,1875.34777425633,3408.24101394884,1469.61544215167,3813.9733460535
"2018-07-16 22:00:00",1965,2079.79439410259,1313.34777425633,2846.24101394884,907.615442151668,3251.9733460535
"2018-07-16 23:00:00",1096,1197.79439410259,431.347774256328,1964.24101394884,25.6154421516694,2369.9733460535
"2018-07-17 00:00:00",595,696.794394102586,-69.6522257436712,1463.24101394884,-475.38455784833,1868.9733460535
"2018-07-17 01:00:00",407,397.794394102586,-368.652225743671,1164.24101394884,-774.384557848329,1569.9733460535
"2018-07-17 02:00:00",274,303.794394102586,-462.65222574367,1070.24101394884,-868.384557848328,1475.9733460535
"2018-07-17 03:00:00",356,372.794394102586,-393.65222574367,1139.24101394884,-799.384557848327,1544.9733460535
"2018-07-17 04:00:00",930,906.794394102586,140.347774256331,1673.24101394884,-265.384557848327,2078.9733460535
"2018-07-17 05:00:00",3171,3145.79439410259,2379.34777425633,3912.24101394884,1973.61544215167,4317.9733460535
"2018-07-17 06:00:00",5870,5894.79439410259,5128.34777425633,6661.24101394884,4722.61544215167,7066.9733460535
"2018-07-17 07:00:00",6417,6142.79439410259,5376.34777425633,6909.24101394884,4970.61544215167,7314.9733460535
"2018-07-17 08:00:00",5455,5794.79439410259,5028.34777425633,6561.24101394884,4622.61544215167,6966.9733460535
"2018-07-17 09:00:00",5030,4851.79439410259,4085.34777425633,5618.24101394884,3679.61544215167,6023.9733460535
"2018-07-17 10:00:00",4346,4450.79439410259,3684.34777425633,5217.24101394884,3278.61544215167,5622.9733460535
"2018-07-17 11:00:00",4540,4594.79439410259,3828.34777425633,5361.24101394884,3422.61544215167,5766.9733460535
"2018-07-17 12:00:00",4952,4873.79439410259,4107.34777425633,5640.24101394884,3701.61544215167,6045.9733460535
"2018-07-17 13:00:00",4576,4727.79439410259,3961.34777425633,5494.24101394884,3555.61544215167,5899.9733460535
"2018-07-17 14:00:00",5011,4797.79439410259,4031.34777425633,5564.24101394884,3625.61544215167,5969.9733460535
"2018-07-17 15:00:00",5573,5689.79439410259,4923.34777425633,6456.24101394884,4517.61544215167,6861.9733460535
"2018-07-17 16:00:00",6358,6574.79439410259,5808.34777425633,7341.24101394884,5402.61544215167,7746.9733460535
"2018-07-17 17:00:00",5698,6089.79439410259,5323.34777425633,6856.24101394884,4917.61544215167,7261.9733460535
"2018-07-17 18:00:00",4360,4412.79439410259,3646.34777425633,5179.24101394884,3240.61544215167,5584.9733460535
"2018-07-17 19:00:00",3337,3227.79439410259,2461.34777425633,3994.24101394884,2055.61544215167,4399.9733460535
"2018-07-17 20:00:00",3113,3061.79439410259,2295.34777425633,3828.24101394884,1889.61544215167,4233.9733460535
"2018-07-17 21:00:00",2754,3068.79439410259,2302.34777425633,3835.24101394884,1896.61544215167,4240.9733460535
"2018-07-17 22:00:00",2209,2211.79439410259,1445.34777425633,2978.24101394884,1039.61544215167,3383.9733460535
"2018-07-17 23:00:00",1242,1319.79439410259,553.347774256329,2086.24101394884,147.61544215167,2491.9733460535
"2018-07-18 00:00:00",657,669.794394102586,-96.6522257436716,1436.24101394884,-502.384557848331,1841.9733460535
"2018-07-18 01:00:00",410,409.794394102586,-356.652225743672,1176.24101394884,-762.384557848331,1581.9733460535
"2018-07-18 02:00:00",313,329.794394102586,-436.652225743672,1096.24101394884,-842.384557848332,1501.9733460535
"2018-07-18 03:00:00",377,392.794394102586,-373.652225743673,1159.24101394884,-779.384557848332,1564.9733460535
"2018-07-18 04:00:00",894,956.794394102586,190.347774256327,1723.24101394884,-215.384557848332,2128.9733460535
"2018-07-18 05:00:00",3189,3201.79439410259,2435.34777425633,3968.24101394884,2029.61544215167,4373.9733460535
"2018-07-18 06:00:00",5769,5187.79439410259,4421.34777425633,5954.24101394884,4015.61544215167,6359.9733460535
"2018-07-18 07:00:00",6200,6303.79439410259,5537.34777425633,7070.24101394884,5131.61544215167,7475.9733460535
"2018-07-18 08:00:00",5696,5938.79439410259,5172.34777425633,6705.24101394884,4766.61544215167,7110.9733460535
"2018-07-18 09:00:00",5129,5033.79439410259,4267.34777425633,5800.24101394884,3861.61544215167,6205.9733460535
"2018-07-18 10:00:00",4560,4837.79439410259,4071.34777425633,5604.24101394884,3665.61544215167,6009.9733460535
"2018-07-18 11:00:00",4752,5060.79439410259,4294.34777425633,5827.24101394884,3888.61544215167,6232.9733460535
"2018-07-18 12:00:00",4916,4982.79439410259,4216.34777425633,5749.24101394884,3810.61544215167,6154.9733460535
"2018-07-18 13:00:00",4714,4787.79439410259,4021.34777425633,5554.24101394884,3615.61544215167,5959.9733460535
"2018-07-18 14:00:00",5138,4982.79439410259,4216.34777425633,5749.24101394884,3810.61544215167,6154.9733460535
"2018-07-18 15:00:00",5677,5825.79439410259,5059.34777425633,6592.24101394884,4653.61544215167,6997.9733460535
"2018-07-18 16:00:00",6606,6530.79439410259,5764.34777425633,7297.24101394884,5358.61544215167,7702.9733460535
"2018-07-18 17:00:00",6084,5943.79439410259,5177.34777425633,6710.24101394884,4771.61544215167,7115.9733460535
"2018-07-18 18:00:00",4941,4576.79439410259,3810.34777425633,5343.24101394884,3404.61544215167,5748.9733460535
"2018-07-18 19:00:00",3461,3420.79439410259,2654.34777425633,4187.24101394884,2248.61544215167,4592.9733460535
"2018-07-18 20:00:00",3177,3041.79439410259,2275.34777425633,3808.24101394884,1869.61544215167,4213.9733460535
"2018-07-18 21:00:00",2949,2695.79439410259,1929.34777425633,3462.24101394884,1523.61544215167,3867.9733460535
"2018-07-18 22:00:00",2200,1968.79439410259,1202.34777425633,2735.24101394884,796.615442151667,3140.9733460535
"2018-07-18 23:00:00",1271,1302.79439410259,536.347774256327,2069.24101394884,130.615442151667,2474.9733460535
"2018-07-19 00:00:00",697,707.794394102586,-58.6522257436735,1474.24101394884,-464.384557848334,1879.9733460535
"2018-07-19 01:00:00",423,416.794394102586,-349.652225743673,1183.24101394884,-755.384557848333,1588.9733460535
"2018-07-19 02:00:00",303,304.794394102586,-461.652225743673,1071.24101394884,-867.384557848332,1476.9733460535
"2018-07-19 03:00:00",369,372.794394102586,-393.652225743672,1139.24101394884,-799.384557848331,1544.9733460535
"2018-07-19 04:00:00",896,948.794394102586,182.347774256329,1715.24101394884,-223.38455784833,2120.9733460535
"2018-07-19 05:00:00",3110,3078.79439410259,2312.34777425633,3845.24101394884,1906.61544215167,4250.9733460535
"2018-07-19 06:00:00",5752,5710.79439410259,4944.34777425633,6477.24101394884,4538.61544215167,6882.9733460535
"2018-07-19 07:00:00",6246,6464.79439410259,5698.34777425633,7231.24101394884,5292.61544215167,7636.9733460535
"2018-07-19 08:00:00",5702,5591.79439410259,4825.34777425633,6358.24101394884,4419.61544215167,6763.9733460535
"2018-07-19 09:00:00",4855,4966.79439410259,4200.34777425633,5733.24101394884,3794.61544215167,6138.9733460535
"2018-07-19 10:00:00",4492,4618.79439410259,3852.34777425633,5385.24101394884,3446.61544215167,5790.9733460535
"2018-07-19 11:00:00",4677,4856.79439410259,4090.34777425633,5623.24101394884,3684.61544215167,6028.9733460535
"2018-07-19 12:00:00",4861,4899.79439410259,4133.34777425633,5666.24101394884,3727.61544215167,6071.9733460535
"2018-07-19 13:00:00",4734,5196.79439410259,4430.34777425633,5963.24101394884,4024.61544215167,6368.9733460535
"2018-07-19 14:00:00",5135,5147.79439410259,4381.34777425633,5914.24101394884,3975.61544215167,6319.9733460535
"2018-07-19 15:00:00",5704,5751.79439410259,4985.34777425633,6518.24101394884,4579.61544215167,6923.9733460535
"2018-07-19 16:00:00",6459,6620.79439410259,5854.34777425633,7387.24101394884,5448.61544215167,7792.9733460535
"2018-07-19 17:00:00",5872,5803.79439410259,5037.34777425633,6570.24101394884,4631.61544215167,6975.9733460535
"2018-07-19 18:00:00",4497,3898.79439410259,3132.34777425633,4665.24101394884,2726.61544215167,5070.9733460535
"2018-07-19 19:00:00",3419,3245.79439410259,2479.34777425633,4012.24101394884,2073.61544215167,4417.9733460535
"2018-07-19 20:00:00",2991,2735.79439410259,1969.34777425633,3502.24101394884,1563.61544215167,3907.9733460535
"2018-07-19 21:00:00",2613,2505.79439410259,1739.34777425633,3272.24101394884,1333.61544215167,3677.9733460535
"2018-07-19 22:00:00",2282,1878.79439410259,1112.34777425633,2645.24101394884,706.615442151667,3050.9733460535
"2018-07-19 23:00:00",1454,1328.79439410259,562.347774256327,2095.24101394884,156.615442151668,2500.9733460535
"2018-07-20 00:00:00",693,713.794394102586,-52.6522257436724,1480.24101394884,-458.384557848332,1885.9733460535
"2018-07-20 01:00:00",460,447.794394102586,-318.652225743672,1214.24101394884,-724.384557848331,1619.9733460535
"2018-07-20 02:00:00",360,358.794394102586,-407.652225743672,1125.24101394884,-813.384557848331,1530.9733460535
"2018-07-20 03:00:00",376,381.794394102586,-384.652225743671,1148.24101394884,-790.38455784833,1553.9733460535
"2018-07-20 04:00:00",873,896.794394102586,130.347774256329,1663.24101394884,-275.38455784833,2068.9733460535
"2018-07-20 05:00:00",2822,2925.79439410259,2159.34777425633,3692.24101394884,1753.61544215167,4097.9733460535
"2018-07-20 06:00:00",5266,5276.79439410259,4510.34777425633,6043.24101394884,4104.61544215167,6448.9733460535
"2018-07-20 07:00:00",5821,6002.79439410259,5236.34777425633,6769.24101394884,4830.61544215167,7174.9733460535
"2018-07-20 08:00:00",5339,5296.79439410259,4530.34777425633,6063.24101394884,4124.61544215167,6468.9733460535
"2018-07-20 09:00:00",4816,4551.79439410259,3785.34777425633,5318.24101394884,3379.61544215167,5723.9733460535
"2018-07-20 10:00:00",4592,4400.79439410259,3634.34777425633,5167.24101394884,3228.61544215167,5572.9733460535
"2018-07-20 11:00:00",4823,4748.79439410259,3982.34777425633,5515.24101394884,3576.61544215167,5920.9733460535
"2018-07-20 12:00:00",5253,5131.79439410259,4365.34777425633,5898.24101394884,3959.61544215167,6303.9733460535
"2018-07-20 13:00:00",5169,5067.79439410259,4301.34777425633,5834.24101394884,3895.61544215167,6239.9733460535
"2018-07-20 14:00:00",5413,5371.79439410259,4605.34777425633,6138.24101394884,4199.61544215167,6543.9733460535
"2018-07-20 15:00:00",5602,5922.79439410259,5156.34777425633,6689.24101394884,4750.61544215167,7094.9733460535
"2018-07-20 16:00:00",6086,6161.79439410259,5395.34777425633,6928.24101394884,4989.61544215167,7333.9733460535
"2018-07-20 17:00:00",4987,5265.79439410259,4499.34777425633,6032.24101394884,4093.61544215167,6437.9733460535
"2018-07-20 18:00:00",4465,4672.79439410259,3906.34777425633,5439.24101394884,3500.61544215167,5844.9733460535
"2018-07-20 19:00:00",3574,3672.79439410259,2906.34777425633,4439.24101394884,2500.61544215167,4844.9733460535
"2018-07-20 20:00:00",3124,3268.79439410259,2502.34777425633,4035.24101394884,2096.61544215167,4440.9733460535
"2018-07-20 21:00:00",3121,3072.79439410259,2306.34777425633,3839.24101394884,1900.61544215167,4244.9733460535
"2018-07-20 22:00:00",3032,2843.79439410259,2077.34777425633,3610.24101394884,1671.61544215167,4015.9733460535
"2018-07-20 23:00:00",2030,1979.79439410259,1213.34777425633,2746.24101394884,807.615442151671,3151.9733460535
"2018-07-21 00:00:00",1235,1241.79439410259,475.34777425633,2008.24101394884,69.6154421516719,2413.9733460535
"2018-07-21 01:00:00",781,704.794394102586,-61.6522257436699,1471.24101394884,-467.384557848328,1876.9733460535
"2018-07-21 02:00:00",648,654.794394102586,-111.65222574367,1421.24101394884,-517.384557848328,1826.9733460535
"2018-07-21 03:00:00",418,445.794394102586,-320.65222574367,1212.24101394884,-726.384557848328,1617.9733460535
"2018-07-21 04:00:00",478,452.794394102586,-313.65222574367,1219.24101394884,-719.384557848328,1624.9733460535
"2018-07-21 05:00:00",903,866.794394102586,100.34777425633,1633.24101394884,-305.384557848328,2038.9733460535
"2018-07-21 06:00:00",1500,1430.79439410259,664.34777425633,2197.24101394884,258.615442151671,2602.9733460535
"2018-07-21 07:00:00",2236,1999.79439410259,1233.34777425633,2766.24101394884,827.615442151672,3171.9733460535
"2018-07-21 08:00:00",3031,2722.79439410259,1956.34777425633,3489.24101394884,1550.61544215167,3894.9733460535
"2018-07-21 09:00:00",3883,3479.79439410259,2713.34777425633,4246.24101394884,2307.61544215167,4651.9733460535
"2018-07-21 10:00:00",4045,3726.79439410259,2960.34777425633,4493.24101394884,2554.61544215167,4898.9733460535
"2018-07-21 11:00:00",4418,4221.79439410259,3455.34777425633,4988.24101394884,3049.61544215167,5393.9733460535
"2018-07-21 12:00:00",4505,4532.79439410259,3766.34777425633,5299.24101394884,3360.61544215168,5704.9733460535
"2018-07-21 13:00:00",4644,4226.79439410259,3460.34777425633,4993.24101394884,3054.61544215168,5398.9733460535
"2018-07-21 14:00:00",4796,4250.79439410259,3484.34777425633,5017.24101394884,3078.61544215168,5422.9733460535
"2018-07-21 15:00:00",4674,4314.79439410259,3548.34777425633,5081.24101394884,3142.61544215168,5486.97334605349
"2018-07-21 16:00:00",4788,4325.79439410259,3559.34777425633,5092.24101394884,3153.61544215168,5497.9733460535
"2018-07-21 17:00:00",4562,4362.79439410259,3596.34777425633,5129.24101394884,3190.61544215168,5534.9733460535
"2018-07-21 18:00:00",4253,4117.79439410259,3351.34777425633,4884.24101394884,2945.61544215168,5289.9733460535
"2018-07-21 19:00:00",3815,3454.79439410259,2688.34777425633,4221.24101394884,2282.61544215167,4626.9733460535
"2018-07-21 20:00:00",3434,3200.79439410259,2434.34777425633,3967.24101394884,2028.61544215167,4372.9733460535
"2018-07-21 21:00:00",3435,3280.79439410259,2514.34777425633,4047.24101394884,2108.61544215167,4452.9733460535
"2018-07-21 22:00:00",3131,3082.79439410259,2316.34777425633,3849.24101394884,1910.61544215167,4254.9733460535
"2018-07-21 23:00:00",2292,2283.79439410259,1517.34777425633,3050.24101394884,1111.61544215167,3455.9733460535
"2018-07-22 00:00:00",1408,1358.79439410259,592.347774256329,2125.24101394884,186.615442151671,2530.9733460535
"2018-07-22 01:00:00",969,834.794394102586,68.347774256329,1601.24101394884,-337.38455784833,2006.9733460535
"2018-07-22 02:00:00",749,707.794394102586,-58.6522257436714,1474.24101394884,-464.38455784833,1879.9733460535
"2018-07-22 03:00:00",344,443.794394102586,-322.652225743672,1210.24101394884,-728.384557848331,1615.9733460535
"2018-07-22 04:00:00",355,374.794394102586,-391.652225743672,1141.24101394884,-797.384557848331,1546.9733460535
"2018-07-22 05:00:00",525,516.794394102586,-249.652225743672,1283.24101394884,-655.384557848331,1688.9733460535
"2018-07-22 06:00:00",902,941.794394102586,175.347774256328,1708.24101394884,-230.384557848331,2113.9733460535
"2018-07-22 07:00:00",1297,1203.79439410259,437.347774256328,1970.24101394884,31.6154421516683,2375.9733460535
"2018-07-22 08:00:00",2009,1822.79439410259,1056.34777425633,2589.24101394884,650.615442151668,2994.9733460535
"2018-07-22 09:00:00",2927,2919.79439410259,2153.34777425633,3686.24101394884,1747.61544215167,4091.9733460535
"2018-07-22 10:00:00",3711,3318.79439410259,2552.34777425633,4085.24101394884,2146.61544215167,4490.9733460535
"2018-07-22 11:00:00",4021,3663.79439410259,2897.34777425633,4430.24101394884,2491.61544215167,4835.97334605351
"2018-07-22 12:00:00",4250,4253.79439410259,3487.34777425633,5020.24101394885,3081.61544215167,5425.97334605351
"2018-07-22 13:00:00",4491,4241.79439410259,3475.34777425633,5008.24101394885,3069.61544215166,5413.97334605351
"2018-07-22 14:00:00",4463,4137.79439410259,3371.34777425633,4904.24101394885,2965.61544215166,5309.97334605351
"2018-07-22 15:00:00",4657,4071.79439410259,3305.34777425633,4838.24101394885,2899.61544215166,5243.97334605351
"2018-07-22 16:00:00",4875,4446.79439410259,3680.34777425633,5213.24101394885,3274.61544215166,5618.97334605351
"2018-07-22 17:00:00",4657,4329.79439410259,3563.34777425633,5096.24101394885,3157.61544215166,5501.97334605351
"2018-07-22 18:00:00",4098,3844.79439410259,3078.34777425633,4611.24101394885,2672.61544215167,5016.97334605351
"2018-07-22 19:00:00",3661,3543.79439410259,2777.34777425633,4310.24101394885,2371.61544215167,4715.97334605351
"2018-07-22 20:00:00",3135,3023.79439410259,2257.34777425633,3790.24101394885,1851.61544215167,4195.97334605351
"2018-07-22 21:00:00",2803,2679.79439410259,1913.34777425633,3446.24101394885,1507.61544215167,3851.97334605351
"2018-07-22 22:00:00",2224,2017.79439410259,1251.34777425633,2784.24101394885,845.615442151665,3189.97334605351
"2018-07-22 23:00:00",1397,1252.79439410259,486.347774256325,2019.24101394885,80.6154421516644,2424.97334605351
"2018-07-23 00:00:00",714,729.794394102586,-36.6522257436751,1496.24101394885,-442.384557848336,1901.97334605351
"2018-07-23 01:00:00",402,466.794394102586,-299.652225743676,1233.24101394885,-705.384557848336,1638.97334605351
"2018-07-23 02:00:00",354,305.794394102586,-460.652225743676,1072.24101394885,-866.384557848337,1477.97334605351
"2018-07-23 03:00:00",355,376.794394102586,-389.652225743676,1143.24101394885,-795.384557848337,1548.97334605351
"2018-07-23 04:00:00",957,943.794394102586,177.347774256324,1710.24101394885,-228.384557848337,2115.97334605351
"2018-07-23 05:00:00",3008,3056.79439410259,2290.34777425632,3823.24101394885,1884.61544215166,4228.97334605351
"2018-07-23 06:00:00",5617,5601.79439410259,4835.34777425632,6368.24101394885,4429.61544215166,6773.97334605351
"2018-07-23 07:00:00",6306,5801.79439410259,5035.34777425632,6568.24101394885,4629.61544215166,6973.97334605351
"2018-07-23 08:00:00",5522,5655.79439410259,4889.34777425632,6422.24101394885,4483.61544215166,6827.97334605351
"2018-07-23 09:00:00",4735,4611.79439410259,3845.34777425633,5378.24101394885,3439.61544215166,5783.97334605351
"2018-07-23 10:00:00",4209,4354.79439410259,3588.34777425633,5121.24101394885,3182.61544215166,5526.97334605351
"2018-07-23 11:00:00",4485,4512.79439410259,3746.34777425633,5279.24101394885,3340.61544215166,5684.97334605351
"2018-07-23 12:00:00",4800,4596.79439410259,3830.34777425633,5363.24101394885,3424.61544215167,5768.97334605351
"2018-07-23 13:00:00",4475,4566.79439410259,3800.34777425633,5333.24101394884,3394.61544215167,5738.97334605351
"2018-07-23 14:00:00",4677,4802.79439410259,4036.34777425633,5569.24101394884,3630.61544215167,5974.9733460535
"2018-07-23 15:00:00",5413,5566.79439410259,4800.34777425633,6333.24101394884,4394.61544215167,6738.9733460535
"2018-07-23 16:00:00",6317,6277.79439410259,5511.34777425633,7044.24101394884,5105.61544215167,7449.9733460535
"2018-07-23 17:00:00",5701,5716.79439410259,4950.34777425633,6483.24101394884,4544.61544215167,6888.9733460535
"2018-07-23 18:00:00",4293,4211.79439410259,3445.34777425633,4978.24101394884,3039.61544215167,5383.9733460535
"2018-07-23 19:00:00",3143,3285.79439410259,2519.34777425633,4052.24101394884,2113.61544215167,4457.9733460535
"2018-07-23 20:00:00",2833,2908.79439410259,2142.34777425633,3675.24101394884,1736.61544215167,4080.9733460535
"2018-07-23 21:00:00",2492,2432.79439410259,1666.34777425633,3199.24101394884,1260.61544215167,3604.9733460535
"2018-07-23 22:00:00",1690,1973.79439410259,1207.34777425633,2740.24101394884,801.615442151669,3145.9733460535
"2018-07-23 23:00:00",1182,1104.79439410259,338.347774256327,1871.24101394884,-67.3845578483326,2276.9733460535
"2018-07-24 00:00:00",638,603.794394102586,-162.652225743674,1370.24101394884,-568.384557848334,1775.9733460535
"2018-07-24 01:00:00",391,415.794394102586,-350.652225743674,1182.24101394885,-756.384557848335,1587.97334605351
"2018-07-24 02:00:00",297,282.794394102586,-483.652225743675,1049.24101394885,-889.384557848335,1454.97334605351
"2018-07-24 03:00:00",390,364.794394102586,-401.652225743675,1131.24101394885,-807.384557848335,1536.97334605351
"2018-07-24 04:00:00",891,938.794394102586,172.347774256325,1705.24101394885,-233.384557848335,2110.97334605351
"2018-07-24 05:00:00",3184,3179.79439410259,2413.34777425633,3946.24101394885,2007.61544215167,4351.97334605351
"2018-07-24 06:00:00",5782,5878.79439410259,5112.34777425633,6645.24101394885,4706.61544215166,7050.97334605351
"2018-07-24 07:00:00",6409,6425.79439410259,5659.34777425632,7192.24101394885,5253.61544215166,7597.97334605351
"2018-07-24 08:00:00",5658,5463.79439410259,4697.34777425632,6230.24101394885,4291.61544215166,6635.97334605351
"2018-07-24 09:00:00",4984,5038.79439410259,4272.34777425632,5805.24101394885,3866.61544215166,6210.97334605351
"2018-07-24 10:00:00",4386,4354.79439410259,3588.34777425633,5121.24101394885,3182.61544215166,5526.97334605351
"2018-07-24 11:00:00",4634,4548.79439410259,3782.34777425633,5315.24101394885,3376.61544215167,5720.97334605351
"2018-07-24 12:00:00",4805,4960.79439410259,4194.34777425633,5727.24101394884,3788.61544215167,6132.97334605351
"2018-07-24 13:00:00",4664,4584.79439410259,3818.34777425633,5351.24101394884,3412.61544215167,5756.97334605351
"2018-07-24 14:00:00",4944,5019.79439410259,4253.34777425633,5786.24101394884,3847.61544215167,6191.9733460535
"2018-07-24 15:00:00",5699,5581.79439410259,4815.34777425633,6348.24101394884,4409.61544215167,6753.9733460535
"2018-07-24 16:00:00",6558,6366.79439410259,5600.34777425633,7133.24101394884,5194.61544215167,7538.9733460535
"2018-07-24 17:00:00",5636,5706.79439410259,4940.34777425633,6473.24101394884,4534.61544215167,6878.9733460535
"2018-07-24 18:00:00",4430,4368.79439410259,3602.34777425633,5135.24101394884,3196.61544215167,5540.9733460535
"2018-07-24 19:00:00",3371,3345.79439410259,2579.34777425633,4112.24101394884,2173.61544215167,4517.9733460535
"2018-07-24 20:00:00",3266,3121.79439410259,2355.34777425633,3888.24101394884,1949.61544215167,4293.9733460535
"2018-07-24 21:00:00",2727,2762.79439410259,1996.34777425633,3529.24101394884,1590.61544215167,3934.9733460535
"2018-07-24 22:00:00",2178,2217.79439410259,1451.34777425633,2984.24101394884,1045.61544215167,3389.9733460535
"2018-07-24 23:00:00",1269,1250.79439410259,484.347774256329,2017.24101394884,78.6154421516701,2422.9733460535
"2018-07-25 00:00:00",664,665.794394102586,-100.652225743671,1432.24101394884,-506.38455784833,1837.9733460535
"2018-07-25 01:00:00",388,418.794394102586,-347.652225743671,1185.24101394884,-753.38455784833,1590.9733460535
"2018-07-25 02:00:00",290,321.794394102586,-444.652225743671,1088.24101394884,-850.38455784833,1493.9733460535
"2018-07-25 03:00:00",372,385.794394102586,-380.652225743671,1152.24101394884,-786.38455784833,1557.9733460535
"2018-07-25 04:00:00",955,902.794394102586,136.347774256329,1669.24101394884,-269.38455784833,2074.9733460535
"2018-07-25 05:00:00",3121,3197.79439410259,2431.34777425633,3964.24101394884,2025.61544215167,4369.9733460535
"2018-07-25 06:00:00",5926,5777.79439410259,5011.34777425633,6544.24101394884,4605.61544215167,6949.9733460535
"2018-07-25 07:00:00",6595,6208.79439410259,5442.34777425633,6975.24101394884,5036.61544215167,7380.9733460535
"2018-07-25 08:00:00",5651,5704.79439410259,4938.34777425633,6471.24101394884,4532.61544215167,6876.9733460535
"2018-07-25 09:00:00",4974,5137.79439410259,4371.34777425633,5904.24101394884,3965.61544215167,6309.9733460535
"2018-07-25 10:00:00",4545,4568.79439410259,3802.34777425633,5335.24101394884,3396.61544215167,5740.9733460535
"2018-07-25 11:00:00",4879,4760.79439410259,3994.34777425633,5527.24101394884,3588.61544215167,5932.9733460535
"2018-07-25 12:00:00",4799,4924.79439410259,4158.34777425633,5691.24101394884,3752.61544215167,6096.9733460535
"2018-07-25 13:00:00",4860,4722.79439410259,3956.34777425633,5489.24101394884,3550.61544215167,5894.97334605351
"2018-07-25 14:00:00",5032,5146.79439410259,4380.34777425633,5913.24101394885,3974.61544215167,6318.97334605351
"2018-07-25 15:00:00",5826,5685.79439410259,4919.34777425633,6452.24101394885,4513.61544215166,6857.97334605351
"2018-07-25 16:00:00",6668,6614.79439410259,5848.34777425632,7381.24101394885,5442.61544215166,7786.97334605351
"2018-07-25 17:00:00",6108,6092.79439410259,5326.34777425632,6859.24101394885,4920.61544215166,7264.97334605351
"2018-07-25 18:00:00",4459,4949.79439410259,4183.34777425632,5716.24101394885,3777.61544215166,6121.97334605351
"2018-07-25 19:00:00",3473,3469.79439410259,2703.34777425633,4236.24101394885,2297.61544215166,4641.97334605351
"2018-07-25 20:00:00",3053,3185.79439410259,2419.34777425633,3952.24101394885,2013.61544215167,4357.97334605351
"2018-07-25 21:00:00",3072,2957.79439410259,2191.34777425633,3724.24101394884,1785.61544215167,4129.9733460535
"2018-07-25 22:00:00",2422,2208.79439410259,1442.34777425633,2975.24101394884,1036.61544215167,3380.9733460535
"2018-07-25 23:00:00",1922,1279.79439410259,513.347774256328,2046.24101394884,107.615442151669,2451.9733460535
"2018-07-26 00:00:00",750,705.794394102586,-60.652225743672,1472.24101394884,-466.384557848331,1877.9733460535
"2018-07-26 01:00:00",411,431.794394102586,-334.652225743672,1198.24101394884,-740.384557848331,1603.9733460535
"2018-07-26 02:00:00",306,311.794394102586,-454.652225743672,1078.24101394884,-860.384557848332,1483.9733460535
"2018-07-26 03:00:00",409,377.794394102586,-388.652225743673,1144.24101394884,-794.384557848332,1549.9733460535
"2018-07-26 04:00:00",911,904.794394102586,138.347774256327,1671.24101394884,-267.384557848332,2076.9733460535
"2018-07-26 05:00:00",3147,3118.79439410259,2352.34777425633,3885.24101394884,1946.61544215167,4290.9733460535
"2018-07-26 06:00:00",5813,5760.79439410259,4994.34777425633,6527.24101394884,4588.61544215167,6932.9733460535
"2018-07-26 07:00:00",6299,6254.79439410259,5488.34777425633,7021.24101394884,5082.61544215167,7426.9733460535
"2018-07-26 08:00:00",5866,5710.79439410259,4944.34777425633,6477.24101394884,4538.61544215167,6882.9733460535
"2018-07-26 09:00:00",4925,4863.79439410259,4097.34777425633,5630.24101394884,3691.61544215167,6035.9733460535
"2018-07-26 10:00:00",4390,4500.79439410259,3734.34777425633,5267.24101394884,3328.61544215167,5672.9733460535
"2018-07-26 11:00:00",4654,4685.79439410259,3919.34777425633,5452.24101394884,3513.61544215167,5857.9733460535
"2018-07-26 12:00:00",4806,4869.79439410259,4103.34777425633,5636.24101394884,3697.61544215167,6041.9733460535
"2018-07-26 13:00:00",5029,4742.79439410259,3976.34777425633,5509.24101394884,3570.61544215167,5914.9733460535
"2018-07-26 14:00:00",5264,5143.79439410259,4377.34777425633,5910.24101394884,3971.61544215167,6315.9733460535
"2018-07-26 15:00:00",5752,5712.79439410259,4946.34777425633,6479.24101394884,4540.61544215167,6884.9733460535
"2018-07-26 16:00:00",6566,6467.79439410259,5701.34777425633,7234.24101394884,5295.61544215167,7639.9733460535
"2018-07-26 17:00:00",5905,5880.79439410259,5114.34777425633,6647.24101394884,4708.61544215167,7052.9733460535
"2018-07-26 18:00:00",4555,4505.79439410259,3739.34777425633,5272.24101394884,3333.61544215167,5677.9733460535
"2018-07-26 19:00:00",3707,3427.79439410259,2661.34777425633,4194.24101394884,2255.61544215167,4599.9733460535
"2018-07-26 20:00:00",3154,2999.79439410259,2233.34777425633,3766.24101394884,1827.61544215167,4171.9733460535
"2018-07-26 21:00:00",3206,2621.79439410259,1855.34777425633,3388.24101394884,1449.61544215167,3793.9733460535
"2018-07-26 22:00:00",2959,2290.79439410259,1524.34777425633,3057.24101394884,1118.61544215167,3462.9733460535
"2018-07-26 23:00:00",1412,1462.79439410259,696.347774256327,2229.24101394884,290.615442151668,2634.9733460535
"2018-07-27 00:00:00",774,701.794394102586,-64.6522257436728,1468.24101394884,-470.384557848332,1873.9733460535
"2018-07-27 01:00:00",456,468.794394102586,-297.652225743673,1235.24101394884,-703.384557848333,1640.9733460535
"2018-07-27 02:00:00",344,368.794394102586,-397.652225743673,1135.24101394884,-803.384557848333,1540.9733460535
"2018-07-27 03:00:00",390,384.794394102586,-381.652225743673,1151.24101394884,-787.384557848333,1556.9733460535
"2018-07-27 04:00:00",836,881.794394102586,115.347774256327,1648.24101394884,-290.384557848333,2053.9733460535
"2018-07-27 05:00:00",2945,2830.79439410259,2064.34777425633,3597.24101394884,1658.61544215167,4002.9733460535
"2018-07-27 06:00:00",5353,5274.79439410259,4508.34777425633,6041.24101394884,4102.61544215167,6446.9733460535
"2018-07-27 07:00:00",5950,5829.79439410259,5063.34777425633,6596.24101394884,4657.61544215167,7001.9733460535
"2018-07-27 08:00:00",5232,5347.79439410259,4581.34777425633,6114.24101394884,4175.61544215167,6519.9733460535
"2018-07-27 09:00:00",4674,4824.79439410259,4058.34777425633,5591.24101394884,3652.61544215167,5996.9733460535
"2018-07-27 10:00:00",4571,4600.79439410259,3834.34777425633,5367.24101394884,3428.61544215167,5772.9733460535
"2018-07-27 11:00:00",4813,4831.79439410259,4065.34777425633,5598.24101394884,3659.61544215167,6003.9733460535
"2018-07-27 12:00:00",5121,5261.79439410259,4495.34777425633,6028.24101394884,4089.61544215167,6433.9733460535
"2018-07-27 13:00:00",5228,5177.79439410259,4411.34777425633,5944.24101394884,4005.61544215167,6349.9733460535
"2018-07-27 14:00:00",5400,5421.79439410259,4655.34777425633,6188.24101394884,4249.61544215167,6593.9733460535
"2018-07-27 15:00:00",5795,5610.79439410259,4844.34777425633,6377.24101394884,4438.61544215167,6782.9733460535
"2018-07-27 16:00:00",6254,6094.79439410259,5328.34777425633,6861.24101394884,4922.61544215167,7266.9733460535
"2018-07-27 17:00:00",5160,4995.79439410259,4229.34777425633,5762.24101394884,3823.61544215167,6167.9733460535
"2018-07-27 18:00:00",4303,4473.79439410259,3707.34777425633,5240.24101394884,3301.61544215167,5645.9733460535
"2018-07-27 19:00:00",3506,3582.79439410259,2816.34777425633,4349.24101394884,2410.61544215167,4754.9733460535
"2018-07-27 20:00:00",3184,3132.79439410259,2366.34777425633,3899.24101394884,1960.61544215167,4304.9733460535
"2018-07-27 21:00:00",3191,3129.79439410259,2363.34777425633,3896.24101394884,1957.61544215167,4301.9733460535
"2018-07-27 22:00:00",3112,3040.79439410259,2274.34777425633,3807.24101394884,1868.61544215167,4212.9733460535
"2018-07-27 23:00:00",2048,2038.79439410259,1272.34777425633,2805.24101394884,866.615442151672,3210.9733460535
"2018-07-28 00:00:00",1225,1243.79439410259,477.347774256331,2010.24101394884,71.6154421516731,2415.9733460535
"2018-07-28 01:00:00",871,789.794394102586,23.3477742563314,1556.24101394884,-382.384557848326,1961.9733460535
"2018-07-28 02:00:00",581,656.794394102586,-109.652225743668,1423.24101394884,-515.384557848325,1828.9733460535
"2018-07-28 03:00:00",384,426.794394102586,-339.652225743667,1193.24101394884,-745.384557848324,1598.9733460535
"2018-07-28 04:00:00",451,486.794394102586,-279.652225743667,1253.24101394884,-685.384557848324,1658.97334605349
"2018-07-28 05:00:00",902,911.794394102586,145.347774256333,1678.24101394884,-260.384557848324,2083.97334605349
"2018-07-28 06:00:00",1530,1508.79439410259,742.347774256333,2275.24101394884,336.615442151676,2680.97334605349
"2018-07-28 07:00:00",1974,2244.79439410259,1478.34777425633,3011.24101394884,1072.61544215168,3416.97334605349
"2018-07-28 08:00:00",2713,3039.79439410259,2273.34777425633,3806.24101394884,1867.61544215168,4211.97334605349
"2018-07-28 09:00:00",3457,3891.79439410259,3125.34777425633,4658.24101394884,2719.61544215168,5063.97334605349
"2018-07-28 10:00:00",3639,4053.79439410259,3287.34777425633,4820.24101394884,2881.61544215168,5225.9733460535
"2018-07-28 11:00:00",4009,4426.79439410259,3660.34777425633,5193.24101394884,3254.61544215168,5598.9733460535
"2018-07-28 12:00:00",4158,4513.79439410259,3747.34777425633,5280.24101394884,3341.61544215168,5685.9733460535
"2018-07-28 13:00:00",4229,4652.79439410259,3886.34777425633,5419.24101394884,3480.61544215168,5824.9733460535
"2018-07-28 14:00:00",4175,4804.79439410259,4038.34777425633,5571.24101394884,3632.61544215168,5976.9733460535
"2018-07-28 15:00:00",3948,4682.79439410259,3916.34777425633,5449.24101394884,3510.61544215168,5854.9733460535
"2018-07-28 16:00:00",3974,4796.79439410259,4030.34777425633,5563.24101394884,3624.61544215168,5968.9733460535
"2018-07-28 17:00:00",4007,4570.79439410259,3804.34777425633,5337.24101394884,3398.61544215168,5742.9733460535
"2018-07-28 18:00:00",3657,4261.79439410259,3495.34777425633,5028.24101394884,3089.61544215168,5433.9733460535
"2018-07-28 19:00:00",3247,3823.79439410259,3057.34777425633,4590.24101394884,2651.61544215168,4995.9733460535
"2018-07-28 20:00:00",2937,3442.79439410259,2676.34777425633,4209.24101394884,2270.61544215168,4614.9733460535
"2018-07-28 21:00:00",3001,3443.79439410259,2677.34777425633,4210.24101394884,2271.61544215168,4615.9733460535
"2018-07-28 22:00:00",3005,3139.79439410259,2373.34777425633,3906.24101394884,1967.61544215168,4311.9733460535
"2018-07-28 23:00:00",1968,2300.79439410259,1534.34777425633,3067.24101394884,1128.61544215167,3472.9733460535
"2018-07-29 00:00:00",1487,1416.79439410259,650.347774256331,2183.24101394884,244.615442151674,2588.9733460535
"2018-07-29 01:00:00",924,977.794394102586,211.347774256331,1744.24101394884,-194.384557848326,2149.9733460535
"2018-07-29 02:00:00",869,757.794394102586,-8.65222574366919,1524.24101394884,-414.384557848327,1929.9733460535
"2018-07-29 03:00:00",546,352.794394102586,-413.652225743669,1119.24101394884,-819.384557848327,1524.9733460535
"2018-07-29 04:00:00",378,363.794394102586,-402.65222574367,1130.24101394884,-808.384557848327,1535.9733460535
"2018-07-29 05:00:00",657,533.794394102586,-232.65222574367,1300.24101394884,-638.384557848328,1705.9733460535
"2018-07-29 06:00:00",1210,910.794394102586,144.347774256329,1677.24101394884,-261.384557848329,2082.9733460535
"2018-07-29 07:00:00",1286,1305.79439410259,539.347774256329,2072.24101394884,133.615442151671,2477.9733460535
"2018-07-29 08:00:00",1866,2017.79439410259,1251.34777425633,2784.24101394884,845.61544215167,3189.9733460535
"2018-07-29 09:00:00",2855,2935.79439410259,2169.34777425633,3702.24101394884,1763.61544215167,4107.9733460535
"2018-07-29 10:00:00",3500,3719.79439410259,2953.34777425633,4486.24101394884,2547.61544215167,4891.9733460535
"2018-07-29 11:00:00",3824,4029.79439410259,3263.34777425633,4796.24101394884,2857.61544215167,5201.9733460535
"2018-07-29 12:00:00",4016,4258.79439410259,3492.34777425633,5025.24101394884,3086.61544215167,5430.9733460535
"2018-07-29 13:00:00",4489,4499.79439410259,3733.34777425633,5266.24101394884,3327.61544215167,5671.9733460535
"2018-07-29 14:00:00",4435,4471.79439410259,3705.34777425633,5238.24101394884,3299.61544215167,5643.9733460535
"2018-07-29 15:00:00",4412,4665.79439410259,3899.34777425633,5432.24101394884,3493.61544215167,5837.9733460535
"2018-07-29 16:00:00",4485,4883.79439410259,4117.34777425633,5650.24101394884,3711.61544215167,6055.9733460535
"2018-07-29 17:00:00",4146,4665.79439410259,3899.34777425633,5432.24101394884,3493.61544215167,5837.9733460535
"2018-07-29 18:00:00",3947,4106.79439410259,3340.34777425633,4873.24101394884,2934.61544215167,5278.9733460535
"2018-07-29 19:00:00",3604,3669.79439410259,2903.34777425633,4436.24101394884,2497.61544215167,4841.9733460535
"2018-07-29 20:00:00",3344,3143.79439410259,2377.34777425633,3910.24101394884,1971.61544215167,4315.9733460535
"2018-07-29 21:00:00",2794,2811.79439410259,2045.34777425633,3578.24101394884,1639.61544215167,3983.9733460535
"2018-07-29 22:00:00",2084,2232.79439410259,1466.34777425633,2999.24101394884,1060.61544215167,3404.9733460535
"2018-07-29 23:00:00",1224,1405.79439410259,639.347774256328,2172.24101394884,233.615442151668,2577.9733460535
"2018-07-30 00:00:00",640,722.794394102586,-43.652225743672,1489.24101394884,-449.384557848331,1894.9733460535
"2018-07-30 01:00:00",384,410.794394102586,-355.652225743672,1177.24101394884,-761.384557848331,1582.9733460535
"2018-07-30 02:00:00",317,362.794394102586,-403.652225743671,1129.24101394884,-809.38455784833,1534.9733460535
"2018-07-30 03:00:00",333,363.794394102586,-402.652225743671,1130.24101394884,-808.38455784833,1535.9733460535
"2018-07-30 04:00:00",915,965.794394102586,199.347774256329,1732.24101394884,-206.38455784833,2137.9733460535
"2018-07-30 05:00:00",3051,3016.79439410259,2250.34777425633,3783.24101394884,1844.61544215167,4188.9733460535
"2018-07-30 06:00:00",5560,5625.79439410259,4859.34777425633,6392.24101394884,4453.61544215167,6797.9733460535
"2018-07-30 07:00:00",6313,6314.79439410259,5548.34777425633,7081.24101394884,5142.61544215167,7486.9733460535
"2018-07-30 08:00:00",5427,5530.79439410259,4764.34777425633,6297.24101394884,4358.61544215167,6702.9733460535
"2018-07-30 09:00:00",4638,4743.79439410259,3977.34777425633,5510.24101394884,3571.61544215167,5915.9733460535
"2018-07-30 10:00:00",4233,4217.79439410259,3451.34777425633,4984.24101394884,3045.61544215167,5389.9733460535
"2018-07-30 11:00:00",4491,4493.79439410259,3727.34777425633,5260.24101394884,3321.61544215167,5665.9733460535
"2018-07-30 12:00:00",4522,4808.79439410259,4042.34777425633,5575.24101394884,3636.61544215167,5980.9733460535
"2018-07-30 13:00:00",4625,4483.79439410259,3717.34777425633,5250.24101394885,3311.61544215167,5655.97334605351
"2018-07-30 14:00:00",4808,4685.79439410259,3919.34777425633,5452.24101394885,3513.61544215166,5857.97334605351
"2018-07-30 15:00:00",5483,5421.79439410259,4655.34777425632,6188.24101394885,4249.61544215166,6593.97334605351
"2018-07-30 16:00:00",5632,6325.79439410259,5559.34777425632,7092.24101394885,5153.61544215166,7497.97334605351
"2018-07-30 17:00:00",5590,5709.79439410259,4943.34777425632,6476.24101394885,4537.61544215166,6881.97334605351
"2018-07-30 18:00:00",4288,4301.79439410259,3535.34777425632,5068.24101394885,3129.61544215166,5473.97334605351
"2018-07-30 19:00:00",3190,3151.79439410259,2385.34777425632,3918.24101394885,1979.61544215166,4323.97334605351
"2018-07-30 20:00:00",2911,2841.79439410259,2075.34777425632,3608.24101394885,1669.61544215166,4013.97334605351
"2018-07-30 21:00:00",2431,2500.79439410259,1734.34777425632,3267.24101394885,1328.61544215166,3672.97334605351
"2018-07-30 22:00:00",1742,1698.79439410259,932.347774256325,2465.24101394885,526.615442151664,2870.97334605351
"2018-07-30 23:00:00",1116,1190.79439410259,424.347774256324,1957.24101394885,18.6154421516635,2362.97334605351
"2018-07-31 00:00:00",625,646.794394102586,-119.652225743676,1413.24101394885,-525.384557848337,1818.97334605351
"2018-07-31 01:00:00",368,399.794394102586,-366.652225743676,1166.24101394885,-772.384557848337,1571.97334605351
"2018-07-31 02:00:00",299,305.794394102586,-460.652225743676,1072.24101394885,-866.384557848337,1477.97334605351
"2018-07-31 03:00:00",352,398.794394102586,-367.652225743676,1165.24101394885,-773.384557848336,1570.97334605351
"2018-07-31 04:00:00",819,899.794394102586,133.347774256324,1666.24101394885,-272.384557848336,2071.97334605351
"2018-07-31 05:00:00",2764,3192.79439410259,2426.34777425632,3959.24101394885,2020.61544215166,4364.97334605351
"2018-07-31 06:00:00",4240,5790.79439410259,5024.34777425632,6557.24101394885,4618.61544215166,6962.97334605351
"2018-07-31 07:00:00",5655,6417.79439410259,5651.34777425632,7184.24101394885,5245.61544215166,7589.97334605351
"2018-07-31 08:00:00",5960,5666.79439410259,4900.34777425632,6433.24101394885,4494.61544215166,6838.97334605351
"2018-07-31 09:00:00",4925,4992.79439410259,4226.34777425632,5759.24101394885,3820.61544215166,6164.97334605351
"2018-07-31 10:00:00",4455,4394.79439410259,3628.34777425633,5161.24101394885,3222.61544215166,5566.97334605351
"2018-07-31 11:00:00",4727,4642.79439410259,3876.34777425633,5409.24101394885,3470.61544215167,5814.97334605351
"2018-07-31 12:00:00",4998,4813.79439410259,4047.34777425633,5580.24101394884,3641.61544215167,5985.9733460535
"2018-07-31 13:00:00",4875,4672.79439410259,3906.34777425633,5439.24101394884,3500.61544215167,5844.9733460535
"2018-07-31 14:00:00",4922,4952.79439410259,4186.34777425633,5719.24101394884,3780.61544215167,6124.9733460535
"2018-07-31 15:00:00",5722,5707.79439410259,4941.34777425633,6474.24101394884,4535.61544215167,6879.9733460535
"2018-07-31 16:00:00",6357,6566.79439410259,5800.34777425633,7333.24101394884,5394.61544215167,7738.9733460535
"2018-07-31 17:00:00",5912,5644.79439410259,4878.34777425633,6411.24101394884,4472.61544215167,6816.9733460535
"2018-07-31 18:00:00",4740,4438.79439410259,3672.34777425633,5205.24101394884,3266.61544215167,5610.9733460535
"2018-07-31 19:00:00",3288,3379.79439410259,2613.34777425633,4146.24101394884,2207.61544215167,4551.9733460535
"2018-07-31 20:00:00",3076,3274.79439410259,2508.34777425633,4041.24101394884,2102.61544215167,4446.9733460535
"2018-07-31 21:00:00",2686,2735.79439410259,1969.34777425633,3502.24101394884,1563.61544215167,3907.9733460535
"2018-07-31 22:00:00",2152,2186.79439410259,1420.34777425633,2953.24101394884,1014.61544215167,3358.9733460535
"2018-07-31 23:00:00",1263,1277.79439410259,511.347774256329,2044.24101394884,105.615442151671,2449.9733460535
"2018-08-01 00:00:00",662,672.794394102586,-93.6522257436708,1439.24101394884,-499.384557848329,1844.9733460535
"2018-08-01 01:00:00",398,396.794394102586,-369.652225743671,1163.24101394884,-775.384557848329,1568.9733460535
"2018-08-01 02:00:00",352,298.794394102586,-467.65222574367,1065.24101394884,-873.384557848328,1470.9733460535
"2018-08-01 03:00:00",409,380.794394102586,-385.652225743669,1147.24101394884,-791.384557848327,1552.9733460535
"2018-08-01 04:00:00",908,963.794394102586,197.347774256331,1730.24101394884,-208.384557848326,2135.9733460535
"2018-08-01 05:00:00",3063,3129.79439410259,2363.34777425633,3896.24101394884,1957.61544215167,4301.9733460535
"2018-08-01 06:00:00",5431,5934.79439410259,5168.34777425633,6701.24101394884,4762.61544215167,7106.9733460535
"2018-08-01 07:00:00",5853,6603.79439410259,5837.34777425633,7370.24101394884,5431.61544215167,7775.9733460535
"2018-08-01 08:00:00",5873,5659.79439410259,4893.34777425633,6426.24101394884,4487.61544215167,6831.9733460535
"2018-08-01 09:00:00",5068,4982.79439410259,4216.34777425633,5749.24101394884,3810.61544215167,6154.9733460535
"2018-08-01 10:00:00",4665,4553.79439410259,3787.34777425633,5320.24101394884,3381.61544215167,5725.9733460535
"2018-08-01 11:00:00",4986,4887.79439410259,4121.34777425633,5654.24101394884,3715.61544215167,6059.9733460535
"2018-08-01 12:00:00",5141,4807.79439410259,4041.34777425633,5574.24101394884,3635.61544215167,5979.9733460535
"2018-08-01 13:00:00",4874,4868.79439410259,4102.34777425633,5635.24101394884,3696.61544215167,6040.9733460535
"2018-08-01 14:00:00",5044,5040.79439410259,4274.34777425633,5807.24101394884,3868.61544215167,6212.9733460535
"2018-08-01 15:00:00",5655,5834.79439410259,5068.34777425633,6601.24101394884,4662.61544215167,7006.9733460535
"2018-08-01 16:00:00",6455,6676.79439410259,5910.34777425633,7443.24101394884,5504.61544215167,7848.9733460535
"2018-08-01 17:00:00",5773,6116.79439410259,5350.34777425633,6883.24101394884,4944.61544215167,7288.9733460535
"2018-08-01 18:00:00",4500,4467.79439410259,3701.34777425633,5234.24101394884,3295.61544215167,5639.9733460535
"2018-08-01 19:00:00",3389,3481.79439410259,2715.34777425633,4248.24101394884,2309.61544215167,4653.9733460535
"2018-08-01 20:00:00",2992,3061.79439410259,2295.34777425633,3828.24101394884,1889.61544215167,4233.9733460535
"2018-08-01 21:00:00",2559,3080.79439410259,2314.34777425633,3847.24101394884,1908.61544215167,4252.9733460535
"2018-08-01 22:00:00",2344,2430.79439410259,1664.34777425633,3197.24101394884,1258.61544215167,3602.9733460535
"2018-08-01 23:00:00",1320,1930.79439410259,1164.34777425633,2697.24101394884,758.615442151667,3102.9733460535
"2018-08-02 00:00:00",709,758.794394102586,-7.65222574367328,1525.24101394884,-413.384557848333,1930.9733460535
"2018-08-02 01:00:00",413,419.794394102586,-346.652225743673,1186.24101394884,-752.384557848333,1591.9733460535
"2018-08-02 02:00:00",324,314.794394102586,-451.652225743673,1081.24101394884,-857.384557848333,1486.9733460535
"2018-08-02 03:00:00",403,417.794394102586,-348.652225743673,1184.24101394884,-754.384557848333,1589.9733460535
"2018-08-02 04:00:00",887,919.794394102586,153.347774256327,1686.24101394884,-252.384557848333,2091.9733460535
"2018-08-02 05:00:00",3091,3155.79439410259,2389.34777425633,3922.24101394884,1983.61544215167,4327.9733460535
"2018-08-02 06:00:00",5589,5821.79439410259,5055.34777425633,6588.24101394884,4649.61544215167,6993.9733460535
"2018-08-02 07:00:00",6435,6307.79439410259,5541.34777425633,7074.24101394884,5135.61544215167,7479.9733460535
"2018-08-02 08:00:00",5736,5874.79439410259,5108.34777425633,6641.24101394884,4702.61544215167,7046.9733460535
"2018-08-02 09:00:00",4976,4933.79439410259,4167.34777425633,5700.24101394884,3761.61544215167,6105.9733460535
"2018-08-02 10:00:00",4388,4398.79439410259,3632.34777425633,5165.24101394884,3226.61544215167,5570.9733460535
"2018-08-02 11:00:00",4652,4662.79439410259,3896.34777425633,5429.24101394884,3490.61544215167,5834.9733460535
"2018-08-02 12:00:00",4977,4814.79439410259,4048.34777425633,5581.24101394884,3642.61544215167,5986.9733460535
"2018-08-02 13:00:00",4931,5037.79439410259,4271.34777425633,5804.24101394884,3865.61544215167,6209.9733460535
"2018-08-02 14:00:00",5104,5272.79439410259,4506.34777425633,6039.24101394884,4100.61544215167,6444.9733460535
"2018-08-02 15:00:00",5707,5760.79439410259,4994.34777425633,6527.24101394884,4588.61544215167,6932.9733460535
"2018-08-02 16:00:00",6303,6574.79439410259,5808.34777425633,7341.24101394884,5402.61544215167,7746.9733460535
"2018-08-02 17:00:00",5783,5913.79439410259,5147.34777425633,6680.24101394884,4741.61544215167,7085.9733460535
"2018-08-02 18:00:00",4569,4563.79439410259,3797.34777425633,5330.24101394884,3391.61544215167,5735.9733460535
"2018-08-02 19:00:00",3570,3715.79439410259,2949.34777425633,4482.24101394884,2543.61544215167,4887.9733460535
"2018-08-02 20:00:00",3103,3162.79439410259,2396.34777425633,3929.24101394884,1990.61544215167,4334.9733460535
"2018-08-02 21:00:00",3023,3214.79439410259,2448.34777425633,3981.24101394884,2042.61544215167,4386.9733460535
"2018-08-02 22:00:00",2303,2967.79439410259,2201.34777425633,3734.24101394884,1795.61544215167,4139.9733460535
"2018-08-02 23:00:00",1379,1420.79439410259,654.347774256328,2187.24101394884,248.615442151669,2592.9733460535
"2018-08-03 00:00:00",778,782.794394102586,16.3477742563276,1549.24101394884,-389.384557848332,1954.9733460535
"2018-08-03 01:00:00",435,464.794394102586,-301.652225743672,1231.24101394884,-707.384557848332,1636.9733460535
"2018-08-03 02:00:00",371,352.794394102586,-413.652225743673,1119.24101394884,-819.384557848332,1524.9733460535
"2018-08-03 03:00:00",398,398.794394102586,-367.652225743673,1165.24101394884,-773.384557848332,1570.9733460535
"2018-08-03 04:00:00",853,844.794394102586,78.3477742563276,1611.24101394884,-327.384557848332,2016.9733460535
"2018-08-03 05:00:00",2900,2953.79439410259,2187.34777425633,3720.24101394884,1781.61544215167,4125.9733460535
"2018-08-03 06:00:00",5265,5361.79439410259,4595.34777425633,6128.24101394884,4189.61544215167,6533.9733460535
"2018-08-03 07:00:00",5783,5958.79439410259,5192.34777425633,6725.24101394884,4786.61544215167,7130.9733460535
"2018-08-03 08:00:00",5213,5240.79439410259,4474.34777425633,6007.24101394884,4068.61544215167,6412.9733460535
"2018-08-03 09:00:00",4577,4682.79439410259,3916.34777425633,5449.24101394884,3510.61544215167,5854.9733460535
"2018-08-03 10:00:00",4384,4579.79439410259,3813.34777425633,5346.24101394884,3407.61544215167,5751.9733460535
"2018-08-03 11:00:00",4820,4821.79439410259,4055.34777425633,5588.24101394884,3649.61544215167,5993.9733460535
"2018-08-03 12:00:00",5073,5129.79439410259,4363.34777425633,5896.24101394884,3957.61544215167,6301.9733460535
"2018-08-03 13:00:00",5067,5236.79439410259,4470.34777425633,6003.24101394884,4064.61544215167,6408.9733460535
"2018-08-03 14:00:00",5456,5408.79439410259,4642.34777425633,6175.24101394884,4236.61544215167,6580.9733460535
"2018-08-03 15:00:00",5646,5803.79439410259,5037.34777425633,6570.24101394884,4631.61544215167,6975.9733460535
"2018-08-03 16:00:00",5888,6262.79439410259,5496.34777425633,7029.24101394884,5090.61544215167,7434.9733460535
"2018-08-03 17:00:00",5135,5168.79439410259,4402.34777425633,5935.24101394884,3996.61544215167,6340.9733460535
"2018-08-03 18:00:00",4753,4311.79439410259,3545.34777425633,5078.24101394884,3139.61544215167,5483.9733460535
"2018-08-03 19:00:00",3767,3514.79439410259,2748.34777425633,4281.24101394884,2342.61544215167,4686.9733460535
"2018-08-03 20:00:00",3461,3192.79439410259,2426.34777425633,3959.24101394884,2020.61544215167,4364.9733460535
"2018-08-03 21:00:00",2632,3199.79439410259,2433.34777425633,3966.24101394884,2027.61544215167,4371.9733460535
"2018-08-03 22:00:00",2594,3120.79439410259,2354.34777425633,3887.24101394884,1948.61544215167,4292.9733460535
"2018-08-03 23:00:00",1833,2056.79439410259,1290.34777425633,2823.24101394884,884.615442151668,3228.9733460535
"2018-08-04 00:00:00",1078,1233.79439410259,467.347774256327,2000.24101394884,61.6154421516676,2405.9733460535
"2018-08-04 01:00:00",668,879.794394102586,113.347774256327,1646.24101394884,-292.384557848332,2051.9733460535
"2018-08-04 02:00:00",519,589.794394102586,-176.652225743672,1356.24101394884,-582.384557848332,1761.9733460535
"2018-08-04 03:00:00",362,392.794394102586,-373.652225743672,1159.24101394884,-779.384557848331,1564.9733460535
"2018-08-04 04:00:00",423,459.794394102586,-306.652225743671,1226.24101394884,-712.38455784833,1631.9733460535
"2018-08-04 05:00:00",850,910.794394102586,144.34777425633,1677.24101394884,-261.384557848329,2082.9733460535
"2018-08-04 06:00:00",1427,1538.79439410259,772.34777425633,2305.24101394884,366.615442151672,2710.9733460535
"2018-08-04 07:00:00",1817,1982.79439410259,1216.34777425633,2749.24101394884,810.615442151672,3154.9733460535
"2018-08-04 08:00:00",2559,2721.79439410259,1955.34777425633,3488.24101394884,1549.61544215167,3893.9733460535
"2018-08-04 09:00:00",3477,3465.79439410259,2699.34777425633,4232.24101394884,2293.61544215167,4637.9733460535
"2018-08-04 10:00:00",3962,3647.79439410259,2881.34777425633,4414.24101394884,2475.61544215167,4819.9733460535
"2018-08-04 11:00:00",4236,4017.79439410259,3251.34777425633,4784.24101394884,2845.61544215167,5189.9733460535
"2018-08-04 12:00:00",4263,4166.79439410259,3400.34777425633,4933.24101394884,2994.61544215167,5338.9733460535
"2018-08-04 13:00:00",4552,4237.79439410259,3471.34777425633,5004.24101394884,3065.61544215167,5409.9733460535
"2018-08-04 14:00:00",4379,4183.79439410259,3417.34777425633,4950.24101394884,3011.61544215167,5355.9733460535
"2018-08-04 15:00:00",4493,3956.79439410259,3190.34777425633,4723.24101394884,2784.61544215167,5128.9733460535
"2018-08-04 16:00:00",4300,3982.79439410259,3216.34777425633,4749.24101394884,2810.61544215167,5154.9733460535
"2018-08-04 17:00:00",4602,4015.79439410259,3249.34777425633,4782.24101394884,2843.61544215167,5187.9733460535
"2018-08-04 18:00:00",4087,3665.79439410259,2899.34777425633,4432.24101394884,2493.61544215167,4837.9733460535
"2018-08-04 19:00:00",3237,3255.79439410259,2489.34777425633,4022.24101394884,2083.61544215167,4427.9733460535
"2018-08-04 20:00:00",2962,2945.79439410259,2179.34777425633,3712.24101394884,1773.61544215167,4117.9733460535
"2018-08-04 21:00:00",2938,3009.79439410259,2243.34777425633,3776.24101394884,1837.61544215167,4181.9733460535
"2018-08-04 22:00:00",2573,3013.79439410259,2247.34777425633,3780.24101394884,1841.61544215167,4185.9733460535
"2018-08-04 23:00:00",2015,1976.79439410259,1210.34777425633,2743.24101394884,804.615442151672,3148.9733460535
"2018-08-05 00:00:00",1323,1495.79439410259,729.34777425633,2262.24101394884,323.615442151672,2667.9733460535
"2018-08-05 01:00:00",812,932.794394102586,166.347774256331,1699.24101394884,-239.384557848327,2104.9733460535
"2018-08-05 02:00:00",689,877.794394102586,111.347774256332,1644.24101394884,-294.384557848325,2049.9733460535
"2018-08-05 03:00:00",396,554.794394102586,-211.652225743668,1321.24101394884,-617.384557848324,1726.9733460535
"2018-08-05 04:00:00",356,386.794394102586,-379.652225743667,1153.24101394884,-785.384557848324,1558.97334605349
"2018-08-05 05:00:00",504,665.794394102586,-100.652225743667,1432.24101394884,-506.384557848324,1837.97334605349
"2018-08-05 06:00:00",962,1218.79439410259,452.347774256333,1985.24101394884,46.6154421516765,2390.97334605349
"2018-08-05 07:00:00",1210,1294.79439410259,528.347774256333,2061.24101394884,122.615442151676,2466.97334605349
"2018-08-05 08:00:00",1903,1874.79439410259,1108.34777425633,2641.24101394884,702.615442151676,3046.97334605349
"2018-08-05 09:00:00",3030,2863.79439410259,2097.34777425633,3630.24101394884,1691.61544215168,4035.9733460535
"2018-08-05 10:00:00",3735,3508.79439410259,2742.34777425633,4275.24101394884,2336.61544215167,4680.9733460535
"2018-08-05 11:00:00",4072,3832.79439410259,3066.34777425633,4599.24101394884,2660.61544215167,5004.9733460535
"2018-08-05 12:00:00",4454,4024.79439410259,3258.34777425633,4791.24101394884,2852.61544215167,5196.9733460535
"2018-08-05 13:00:00",4507,4497.79439410259,3731.34777425633,5264.24101394884,3325.61544215167,5669.9733460535
"2018-08-05 14:00:00",4396,4443.79439410259,3677.34777425633,5210.24101394884,3271.61544215167,5615.9733460535
"2018-08-05 15:00:00",4595,4420.79439410259,3654.34777425633,5187.24101394884,3248.61544215167,5592.9733460535
"2018-08-05 16:00:00",4875,4493.79439410259,3727.34777425633,5260.24101394884,3321.61544215167,5665.9733460535
"2018-08-05 17:00:00",4555,4154.79439410259,3388.34777425633,4921.24101394884,2982.61544215167,5326.9733460535
"2018-08-05 18:00:00",4229,3955.79439410259,3189.34777425633,4722.24101394884,2783.61544215167,5127.9733460535
"2018-08-05 19:00:00",3684,3612.79439410259,2846.34777425633,4379.24101394884,2440.61544215167,4784.9733460535
"2018-08-05 20:00:00",3316,3352.79439410259,2586.34777425633,4119.24101394884,2180.61544215167,4524.9733460535
"2018-08-05 21:00:00",2735,2802.79439410259,2036.34777425633,3569.24101394884,1630.61544215167,3974.9733460535
"2018-08-05 22:00:00",2109,2092.79439410259,1326.34777425633,2859.24101394884,920.615442151668,3264.9733460535
"2018-08-05 23:00:00",1560,1232.79439410259,466.347774256327,1999.24101394884,60.6154421516678,2404.9733460535
"2018-08-06 00:00:00",703,648.794394102586,-117.652225743673,1415.24101394884,-523.384557848333,1820.9733460535
"2018-08-06 01:00:00",421,392.794394102586,-373.652225743673,1159.24101394884,-779.384557848333,1564.9733460535
"2018-08-06 02:00:00",327,325.794394102586,-440.652225743674,1092.24101394884,-846.384557848334,1497.97334605351
"2018-08-06 03:00:00",375,341.794394102586,-424.652225743674,1108.24101394885,-830.384557848335,1513.97334605351
"2018-08-06 04:00:00",890,923.794394102586,157.347774256325,1690.24101394885,-248.384557848335,2095.97334605351
"2018-08-06 05:00:00",3047,3059.79439410259,2293.34777425633,3826.24101394885,1887.61544215166,4231.97334605351
"2018-08-06 06:00:00",5580,5568.79439410259,4802.34777425633,6335.24101394885,4396.61544215166,6740.97334605351
"2018-08-06 07:00:00",6280,6321.79439410259,5555.34777425633,7088.24101394885,5149.61544215166,7493.97334605351
"2018-08-06 08:00:00",5582,5435.79439410259,4669.34777425633,6202.24101394885,4263.61544215166,6607.97334605351
"2018-08-06 09:00:00",4694,4646.79439410259,3880.34777425633,5413.24101394885,3474.61544215167,5818.97334605351
"2018-08-06 10:00:00",4357,4241.79439410259,3475.34777425633,5008.24101394885,3069.61544215167,5413.97334605351
"2018-08-06 11:00:00",4432,4499.79439410259,3733.34777425633,5266.24101394885,3327.61544215167,5671.97334605351
"2018-08-06 12:00:00",4606,4530.79439410259,3764.34777425633,5297.24101394885,3358.61544215167,5702.97334605351
"2018-08-06 13:00:00",4669,4633.79439410259,3867.34777425633,5400.24101394885,3461.61544215166,5805.97334605351
"2018-08-06 14:00:00",4814,4816.79439410259,4050.34777425633,5583.24101394885,3644.61544215166,5988.97334605351
"2018-08-06 15:00:00",5395,5491.79439410259,4725.34777425632,6258.24101394885,4319.61544215166,6663.97334605351
"2018-08-06 16:00:00",6651,5640.79439410259,4874.34777425632,6407.24101394885,4468.61544215166,6812.97334605351
"2018-08-06 17:00:00",5590,5598.79439410259,4832.34777425632,6365.24101394885,4426.61544215166,6770.97334605351
"2018-08-06 18:00:00",4308,4296.79439410259,3530.34777425632,5063.24101394885,3124.61544215166,5468.97334605351
"2018-08-06 19:00:00",3314,3198.79439410259,2432.34777425632,3965.24101394885,2026.61544215166,4370.97334605351
"2018-08-06 20:00:00",2795,2919.79439410259,2153.34777425632,3686.24101394885,1747.61544215166,4091.97334605351
"2018-08-06 21:00:00",2330,2439.79439410259,1673.34777425632,3206.24101394885,1267.61544215166,3611.97334605351
"2018-08-06 22:00:00",1723,1750.79439410259,984.347774256325,2517.24101394885,578.615442151664,2922.97334605351
"2018-08-06 23:00:00",1148,1124.79439410259,358.347774256325,1891.24101394885,-47.384557848336,2296.97334605351
"2018-08-07 00:00:00",606,633.794394102586,-132.652225743675,1400.24101394885,-538.384557848336,1805.97334605351
"2018-08-07 01:00:00",376,376.794394102586,-389.652225743675,1143.24101394885,-795.384557848335,1548.97334605351
"2018-08-07 02:00:00",288,307.794394102586,-458.652225743675,1074.24101394885,-864.384557848335,1479.97334605351
"2018-08-07 03:00:00",362,360.794394102586,-405.652225743674,1127.24101394885,-811.384557848335,1532.97334605351
"2018-08-07 04:00:00",912,827.794394102586,61.347774256326,1594.24101394885,-344.384557848334,1999.97334605351
"2018-08-07 05:00:00",3153,2772.79439410259,2006.34777425633,3539.24101394884,1600.61544215167,3944.9733460535
"2018-08-07 06:00:00",5814,4248.79439410259,3482.34777425633,5015.24101394884,3076.61544215167,5420.9733460535
"2018-08-07 07:00:00",5655,5663.79439410259,4897.34777425633,6430.24101394884,4491.61544215167,6835.9733460535
"2018-08-07 08:00:00",5960,5968.79439410259,5202.34777425633,6735.24101394884,4796.61544215167,7140.9733460535
"2018-08-07 09:00:00",4925,4933.79439410259,4167.34777425633,5700.24101394884,3761.61544215167,6105.9733460535
"2018-08-07 10:00:00",4416,4463.79439410259,3697.34777425633,5230.24101394884,3291.61544215167,5635.9733460535
"2018-08-07 11:00:00",4515,4735.79439410259,3969.34777425633,5502.24101394884,3563.61544215167,5907.9733460535
"2018-08-07 12:00:00",4940,5006.79439410259,4240.34777425633,5773.24101394884,3834.61544215167,6178.9733460535
"2018-08-07 13:00:00",4726,4883.79439410259,4117.34777425633,5650.24101394884,3711.61544215167,6055.9733460535
"2018-08-07 14:00:00",5040,4930.79439410259,4164.34777425633,5697.24101394884,3758.61544215167,6102.9733460535
"2018-08-07 15:00:00",5555,5730.79439410259,4964.34777425633,6497.24101394884,4558.61544215167,6902.9733460535
"2018-08-07 16:00:00",6471,6365.79439410259,5599.34777425633,7132.24101394885,5193.61544215167,7537.97334605351
"2018-08-07 17:00:00",5656,5920.79439410259,5154.34777425633,6687.24101394885,4748.61544215166,7092.97334605351
"2018-08-07 18:00:00",4121,4748.79439410259,3982.34777425633,5515.24101394885,3576.61544215166,5920.97334605351
"2018-08-07 19:00:00",3272,3296.79439410259,2530.34777425633,4063.24101394885,2124.61544215166,4468.97334605351
"2018-08-07 20:00:00",2888,3084.79439410259,2318.34777425633,3851.24101394885,1912.61544215167,4256.97334605351
"2018-08-07 21:00:00",2532,2694.79439410259,1928.34777425633,3461.24101394885,1522.61544215166,3866.97334605351
"2018-08-07 22:00:00",1771,2160.79439410259,1394.34777425633,2927.24101394885,988.615442151664,3332.97334605351
"2018-08-07 23:00:00",1168,1271.79439410259,505.347774256325,2038.24101394885,99.615442151664,2443.97334605351
"2018-08-08 00:00:00",643,670.794394102586,-95.652225743675,1437.24101394885,-501.384557848336,1842.97334605351
"2018-08-08 01:00:00",393,406.794394102586,-359.652225743675,1173.24101394885,-765.384557848335,1578.97334605351
"2018-08-08 02:00:00",295,360.794394102586,-405.652225743674,1127.24101394885,-811.384557848334,1532.97334605351
"2018-08-08 03:00:00",374,417.794394102586,-348.652225743674,1184.24101394885,-754.384557848334,1589.97334605351
"2018-08-08 04:00:00",912,916.794394102586,150.347774256326,1683.24101394884,-255.384557848334,2088.97334605351
"2018-08-08 05:00:00",3119,3071.79439410259,2305.34777425633,3838.24101394884,1899.61544215167,4243.9733460535
"2018-08-08 06:00:00",5730,5439.79439410259,4673.34777425633,6206.24101394884,4267.61544215167,6611.9733460535
"2018-08-08 07:00:00",6430,5861.79439410259,5095.34777425633,6628.24101394884,4689.61544215167,7033.9733460535
"2018-08-08 08:00:00",5864,5881.79439410259,5115.34777425633,6648.24101394884,4709.61544215167,7053.9733460535
"2018-08-08 09:00:00",4902,5076.79439410259,4310.34777425633,5843.24101394884,3904.61544215167,6248.9733460535
"2018-08-08 10:00:00",4610,4673.79439410259,3907.34777425633,5440.24101394884,3501.61544215167,5845.9733460535
"2018-08-08 11:00:00",4838,4994.79439410259,4228.34777425633,5761.24101394884,3822.61544215167,6166.9733460535
"2018-08-08 12:00:00",5004,5149.79439410259,4383.34777425633,5916.24101394884,3977.61544215167,6321.9733460535
"2018-08-08 13:00:00",4741,4882.79439410259,4116.34777425633,5649.24101394884,3710.61544215167,6054.9733460535
"2018-08-08 14:00:00",5128,5052.79439410259,4286.34777425633,5819.24101394884,3880.61544215167,6224.9733460535
"2018-08-08 15:00:00",5798,5663.79439410259,4897.34777425633,6430.24101394884,4491.61544215167,6835.9733460535
"2018-08-08 16:00:00",6652,6463.79439410259,5697.34777425633,7230.24101394884,5291.61544215167,7635.9733460535
"2018-08-08 17:00:00",6043,5781.79439410259,5015.34777425633,6548.24101394884,4609.61544215167,6953.9733460535
"2018-08-08 18:00:00",4806,4508.79439410259,3742.34777425633,5275.24101394884,3336.61544215167,5680.9733460535
"2018-08-08 19:00:00",3655,3397.79439410259,2631.34777425633,4164.24101394884,2225.61544215167,4569.9733460535
"2018-08-08 20:00:00",3130,3000.79439410259,2234.34777425633,3767.24101394884,1828.61544215167,4172.9733460535
"2018-08-08 21:00:00",3267,2567.79439410259,1801.34777425633,3334.24101394884,1395.61544215167,3739.9733460535
"2018-08-08 22:00:00",2711,2352.79439410259,1586.34777425633,3119.24101394884,1180.61544215167,3524.9733460535
"2018-08-08 23:00:00",1478,1328.79439410259,562.347774256328,2095.24101394884,156.615442151669,2500.9733460535
"2018-08-09 00:00:00",801,717.794394102586,-48.652225743672,1484.24101394884,-454.384557848331,1889.9733460535
"2018-08-09 01:00:00",482,421.794394102586,-344.652225743672,1188.24101394884,-750.384557848332,1593.9733460535
"2018-08-09 02:00:00",336,332.794394102586,-433.652225743673,1099.24101394884,-839.384557848332,1504.9733460535
"2018-08-09 03:00:00",379,411.794394102586,-354.652225743673,1178.24101394884,-760.384557848333,1583.9733460535
"2018-08-09 04:00:00",936,895.794394102586,129.347774256326,1662.24101394884,-276.384557848334,2067.97334605351
"2018-08-09 05:00:00",3022,3099.79439410259,2333.34777425633,3866.24101394885,1927.61544215167,4271.97334605351
"2018-08-09 06:00:00",5423,5597.79439410259,4831.34777425633,6364.24101394885,4425.61544215166,6769.97334605351
"2018-08-09 07:00:00",6313,6443.79439410259,5677.34777425632,7210.24101394885,5271.61544215166,7615.97334605351
"2018-08-09 08:00:00",5908,5744.79439410259,4978.34777425632,6511.24101394885,4572.61544215166,6916.97334605351
"2018-08-09 09:00:00",4788,4984.79439410259,4218.34777425632,5751.24101394885,3812.61544215166,6156.97334605351
"2018-08-09 10:00:00",4517,4396.79439410259,3630.34777425633,5163.24101394885,3224.61544215166,5568.97334605351
"2018-08-09 11:00:00",4675,4660.79439410259,3894.34777425633,5427.24101394885,3488.61544215167,5832.97334605351
"2018-08-09 12:00:00",4927,4985.79439410259,4219.34777425633,5752.24101394884,3813.61544215167,6157.9733460535
"2018-08-09 13:00:00",4990,4939.79439410259,4173.34777425633,5706.24101394884,3767.61544215167,6111.9733460535
"2018-08-09 14:00:00",5155,5112.79439410259,4346.34777425633,5879.24101394884,3940.61544215167,6284.9733460535
"2018-08-09 15:00:00",5654,5715.79439410259,4949.34777425633,6482.24101394884,4543.61544215167,6887.9733460535
"2018-08-09 16:00:00",6532,6311.79439410259,5545.34777425633,7078.24101394884,5139.61544215167,7483.9733460535
"2018-08-09 17:00:00",5871,5791.79439410259,5025.34777425633,6558.24101394884,4619.61544215167,6963.9733460535
"2018-08-09 18:00:00",4426,4577.79439410259,3811.34777425633,5344.24101394884,3405.61544215167,5749.9733460535
"2018-08-09 19:00:00",3530,3578.79439410259,2812.34777425633,4345.24101394884,2406.61544215167,4750.9733460535
"2018-08-09 20:00:00",3290,3111.79439410259,2345.34777425633,3878.24101394884,1939.61544215167,4283.9733460535
"2018-08-09 21:00:00",3176,3031.79439410259,2265.34777425633,3798.24101394884,1859.61544215167,4203.9733460535
"2018-08-09 22:00:00",2420,2311.79439410259,1545.34777425633,3078.24101394884,1139.61544215167,3483.9733460535
"2018-08-09 23:00:00",1406,1387.79439410259,621.347774256328,2154.24101394884,215.615442151669,2559.9733460535
"2018-08-10 00:00:00",731,786.794394102586,20.3477742563281,1553.24101394884,-385.384557848331,1958.9733460535
"2018-08-10 01:00:00",471,443.794394102586,-322.652225743672,1210.24101394884,-728.384557848331,1615.9733460535
"2018-08-10 02:00:00",374,379.794394102586,-386.652225743672,1146.24101394884,-792.384557848331,1551.9733460535
"2018-08-10 03:00:00",404,406.794394102586,-359.652225743672,1173.24101394884,-765.384557848331,1578.9733460535
"2018-08-10 04:00:00",818,861.794394102586,95.3477742563274,1628.24101394884,-310.384557848332,2033.9733460535
"2018-08-10 05:00:00",2854,2908.79439410259,2142.34777425633,3675.24101394884,1736.61544215167,4080.9733460535
"2018-08-10 06:00:00",5227,5273.79439410259,4507.34777425633,6040.24101394884,4101.61544215167,6445.9733460535
"2018-08-10 07:00:00",5950,5791.79439410259,5025.34777425633,6558.24101394884,4619.61544215167,6963.9733460535
"2018-08-10 08:00:00",5211,5221.79439410259,4455.34777425633,5988.24101394884,4049.61544215167,6393.9733460535
"2018-08-10 09:00:00",4584,4585.79439410259,3819.34777425633,5352.24101394884,3413.61544215167,5757.9733460535
"2018-08-10 10:00:00",4512,4392.79439410259,3626.34777425633,5159.24101394884,3220.61544215167,5564.9733460535
"2018-08-10 11:00:00",4796,4828.79439410259,4062.34777425633,5595.24101394884,3656.61544215167,6000.9733460535
"2018-08-10 12:00:00",4941,5081.79439410259,4315.34777425633,5848.24101394884,3909.61544215167,6253.9733460535
"2018-08-10 13:00:00",5053,5075.79439410259,4309.34777425633,5842.24101394884,3903.61544215167,6247.9733460535
"2018-08-10 14:00:00",5367,5464.79439410259,4698.34777425633,6231.24101394884,4292.61544215167,6636.9733460535
"2018-08-10 15:00:00",5684,5654.79439410259,4888.34777425633,6421.24101394884,4482.61544215167,6826.9733460535
"2018-08-10 16:00:00",5868,5896.79439410259,5130.34777425633,6663.24101394884,4724.61544215167,7068.9733460535
"2018-08-10 17:00:00",5309,5143.79439410259,4377.34777425633,5910.24101394884,3971.61544215167,6315.9733460535
"2018-08-10 18:00:00",4616,4761.79439410259,3995.34777425633,5528.24101394884,3589.61544215167,5933.9733460535
"2018-08-10 19:00:00",3713,3775.79439410259,3009.34777425633,4542.24101394884,2603.61544215167,4947.9733460535
"2018-08-10 20:00:00",3344,3469.79439410259,2703.34777425633,4236.24101394884,2297.61544215167,4641.9733460535
"2018-08-10 21:00:00",3374,2640.79439410259,1874.34777425633,3407.24101394884,1468.61544215167,3812.9733460535
"2018-08-10 22:00:00",3117,2602.79439410259,1836.34777425633,3369.24101394884,1430.61544215167,3774.9733460535
"2018-08-10 23:00:00",2271,1841.79439410259,1075.34777425633,2608.24101394884,669.615442151669,3013.9733460535
"2018-08-11 00:00:00",1412,1086.79439410259,320.347774256328,1853.24101394884,-85.384557848331,2258.9733460535
"2018-08-11 01:00:00",831,676.794394102586,-89.6522257436719,1443.24101394884,-495.384557848331,1848.9733460535
"2018-08-11 02:00:00",665,527.794394102586,-238.652225743672,1294.24101394884,-644.384557848331,1699.9733460535
"2018-08-11 03:00:00",423,370.794394102586,-395.652225743672,1137.24101394884,-801.384557848331,1542.9733460535
"2018-08-11 04:00:00",459,431.794394102586,-334.652225743672,1198.24101394884,-740.384557848332,1603.9733460535
"2018-08-11 05:00:00",876,858.794394102586,92.3477742563275,1625.24101394884,-313.384557848332,2030.9733460535
"2018-08-11 06:00:00",1560,1435.79439410259,669.347774256327,2202.24101394884,263.615442151668,2607.9733460535
"2018-08-11 07:00:00",2004,1825.79439410259,1059.34777425633,2592.24101394884,653.615442151668,2997.9733460535
"2018-08-11 08:00:00",2806,2567.79439410259,1801.34777425633,3334.24101394884,1395.61544215167,3739.9733460535
"2018-08-11 09:00:00",3514,3485.79439410259,2719.34777425633,4252.24101394884,2313.61544215167,4657.9733460535
"2018-08-11 10:00:00",3971,3970.79439410259,3204.34777425633,4737.24101394884,2798.61544215167,5142.9733460535
"2018-08-11 11:00:00",4198,4244.79439410259,3478.34777425633,5011.24101394884,3072.61544215167,5416.9733460535
"2018-08-11 12:00:00",4310,4271.79439410259,3505.34777425633,5038.24101394884,3099.61544215167,5443.9733460535
"2018-08-11 13:00:00",4262,4560.79439410259,3794.34777425633,5327.24101394884,3388.61544215167,5732.9733460535
"2018-08-11 14:00:00",4280,4387.79439410259,3621.34777425633,5154.24101394884,3215.61544215167,5559.9733460535
"2018-08-11 15:00:00",4188,4501.79439410259,3735.34777425633,5268.24101394884,3329.61544215167,5673.9733460535
"2018-08-11 16:00:00",4305,4308.79439410259,3542.34777425633,5075.24101394884,3136.61544215167,5480.9733460535
"2018-08-11 17:00:00",4134,4610.79439410259,3844.34777425633,5377.24101394884,3438.61544215167,5782.9733460535
"2018-08-11 18:00:00",3920,4095.79439410259,3329.34777425633,4862.24101394884,2923.61544215168,5267.9733460535
"2018-08-11 19:00:00",3567,3245.79439410259,2479.34777425633,4012.24101394884,2073.61544215168,4417.9733460535
"2018-08-11 20:00:00",3362,2970.79439410259,2204.34777425633,3737.24101394884,1798.61544215168,4142.97334605349
"2018-08-11 21:00:00",3378,2946.79439410259,2180.34777425633,3713.24101394884,1774.61544215168,4118.9733460535
"2018-08-11 22:00:00",3167,2581.79439410259,1815.34777425633,3348.24101394884,1409.61544215168,3753.97334605349
"2018-08-11 23:00:00",2511,2023.79439410259,1257.34777425633,2790.24101394884,851.615442151677,3195.97334605349
"2018-08-12 00:00:00",1406,1331.79439410259,565.347774256333,2098.24101394884,159.615442151677,2503.97334605349
"2018-08-12 01:00:00",868,820.794394102586,54.3477742563329,1587.24101394884,-351.384557848324,1992.97334605349
"2018-08-12 02:00:00",678,697.794394102586,-68.6522257436673,1464.24101394884,-474.384557848324,1869.97334605349
"2018-08-12 03:00:00",392,404.794394102586,-361.652225743668,1171.24101394884,-767.384557848324,1576.9733460535
"2018-08-12 04:00:00",365,364.794394102586,-401.652225743668,1131.24101394884,-807.384557848325,1536.9733460535
"2018-08-12 05:00:00",529,512.794394102586,-253.652225743668,1279.24101394884,-659.384557848325,1684.9733460535
"2018-08-12 06:00:00",984,970.794394102586,204.347774256332,1737.24101394884,-201.384557848325,2142.9733460535
"2018-08-12 07:00:00",1196,1218.79439410259,452.347774256332,1985.24101394884,46.6154421516753,2390.9733460535
"2018-08-12 08:00:00",1850,1911.79439410259,1145.34777425633,2678.24101394884,739.615442151676,3083.9733460535
"2018-08-12 09:00:00",2713,3038.79439410259,2272.34777425633,3805.24101394884,1866.61544215168,4210.9733460535
"2018-08-12 10:00:00",3534,3743.79439410259,2977.34777425633,4510.24101394884,2571.61544215168,4915.9733460535
"2018-08-12 11:00:00",3856,4080.79439410259,3314.34777425633,4847.24101394884,2908.61544215168,5252.9733460535
"2018-08-12 12:00:00",4037,4462.79439410259,3696.34777425633,5229.24101394884,3290.61544215168,5634.9733460535
"2018-08-12 13:00:00",4522,4515.79439410259,3749.34777425633,5282.24101394884,3343.61544215167,5687.9733460535
"2018-08-12 14:00:00",4468,4404.79439410259,3638.34777425633,5171.24101394884,3232.61544215167,5576.9733460535
"2018-08-12 15:00:00",4351,4603.79439410259,3837.34777425633,5370.24101394884,3431.61544215167,5775.9733460535
"2018-08-12 16:00:00",4466,4883.79439410259,4117.34777425633,5650.24101394884,3711.61544215167,6055.9733460535
"2018-08-12 17:00:00",4313,4563.79439410259,3797.34777425633,5330.24101394884,3391.61544215167,5735.9733460535
"2018-08-12 18:00:00",4012,4237.79439410259,3471.34777425633,5004.24101394884,3065.61544215167,5409.9733460535
"2018-08-12 19:00:00",3658,3692.79439410259,2926.34777425633,4459.24101394884,2520.61544215167,4864.9733460535
"2018-08-12 20:00:00",3151,3324.79439410259,2558.34777425633,4091.24101394884,2152.61544215167,4496.9733460535
"2018-08-12 21:00:00",2708,2743.79439410259,1977.34777425633,3510.24101394884,1571.61544215167,3915.9733460535
"2018-08-12 22:00:00",1930,2117.79439410259,1351.34777425633,2884.24101394884,945.615442151671,3289.9733460535
"2018-08-12 23:00:00",1282,1568.79439410259,802.347774256329,2335.24101394884,396.61544215167,2740.9733460535
"2018-08-13 00:00:00",651,711.794394102586,-54.6522257436715,1478.24101394884,-460.38455784833,1883.9733460535
"2018-08-13 01:00:00",434,429.794394102586,-336.652225743672,1196.24101394884,-742.384557848331,1601.9733460535
"2018-08-13 02:00:00",355,335.794394102586,-430.652225743672,1102.24101394884,-836.384557848331,1507.9733460535
"2018-08-13 03:00:00",348,383.794394102586,-382.652225743673,1150.24101394884,-788.384557848332,1555.9733460535
"2018-08-13 04:00:00",924,898.794394102586,132.347774256327,1665.24101394884,-273.384557848333,2070.9733460535
"2018-08-13 05:00:00",3025,3055.79439410259,2289.34777425633,3822.24101394884,1883.61544215167,4227.9733460535
"2018-08-13 06:00:00",5546,5588.79439410259,4822.34777425633,6355.24101394884,4416.61544215167,6760.9733460535
"2018-08-13 07:00:00",6383,6288.79439410259,5522.34777425633,7055.24101394884,5116.61544215167,7460.9733460535
"2018-08-13 08:00:00",5642,5590.79439410259,4824.34777425633,6357.24101394884,4418.61544215167,6762.9733460535
"2018-08-13 09:00:00",4714,4702.79439410259,3936.34777425633,5469.24101394884,3530.61544215167,5874.9733460535
"2018-08-13 10:00:00",4216,4365.79439410259,3599.34777425633,5132.24101394884,3193.61544215167,5537.9733460535
"2018-08-13 11:00:00",4440,4440.79439410259,3674.34777425633,5207.24101394884,3268.61544215167,5612.9733460535
"2018-08-13 12:00:00",4673,4614.79439410259,3848.34777425633,5381.24101394884,3442.61544215167,5786.9733460535
"2018-08-13 13:00:00",4494,4677.79439410259,3911.34777425633,5444.24101394884,3505.61544215167,5849.9733460535
"2018-08-13 14:00:00",4811,4822.79439410259,4056.34777425633,5589.24101394884,3650.61544215167,5994.9733460535
"2018-08-13 15:00:00",5245,5403.79439410259,4637.34777425633,6170.24101394884,4231.61544215167,6575.9733460535
"2018-08-13 16:00:00",6163,6659.79439410259,5893.34777425633,7426.24101394884,5487.61544215167,7831.9733460535
"2018-08-13 17:00:00",5603,5598.79439410259,4832.34777425633,6365.24101394884,4426.61544215167,6770.9733460535
"2018-08-13 18:00:00",4077,4316.79439410259,3550.34777425633,5083.24101394884,3144.61544215167,5488.9733460535
"2018-08-13 19:00:00",3247,3322.79439410259,2556.34777425633,4089.24101394884,2150.61544215167,4494.9733460535
"2018-08-13 20:00:00",2835,2803.79439410259,2037.34777425633,3570.24101394884,1631.61544215167,3975.9733460535
"2018-08-13 21:00:00",2615,2338.79439410259,1572.34777425633,3105.24101394884,1166.61544215167,3510.9733460535
"2018-08-13 22:00:00",1823,1731.79439410259,965.347774256329,2498.24101394884,559.61544215167,2903.9733460535
"2018-08-13 23:00:00",1117,1156.79439410259,390.347774256328,1923.24101394884,-15.3845578483306,2328.9733460535
"2018-08-14 00:00:00",571,614.794394102586,-151.652225743672,1381.24101394884,-557.384557848331,1786.9733460535
"2018-08-14 01:00:00",394,384.794394102586,-381.652225743673,1151.24101394884,-787.384557848332,1556.9733460535
"2018-08-14 02:00:00",284,296.794394102586,-469.652225743673,1063.24101394884,-875.384557848333,1468.9733460535
"2018-08-14 03:00:00",340,370.794394102586,-395.652225743674,1137.24101394884,-801.384557848334,1542.9733460535
"2018-08-14 04:00:00",940,920.794394102586,154.347774256326,1687.24101394885,-251.384557848335,2092.97334605351
"2018-08-14 05:00:00",3184,3161.79439410259,2395.34777425633,3928.24101394885,1989.61544215166,4333.97334605351
"2018-08-14 06:00:00",5702,5822.79439410259,5056.34777425632,6589.24101394885,4650.61544215166,6994.97334605351
"2018-08-14 07:00:00",6573,5663.79439410259,4897.34777425632,6430.24101394885,4491.61544215166,6835.97334605351
"2018-08-14 08:00:00",5841,5968.79439410259,5202.34777425632,6735.24101394885,4796.61544215166,7140.97334605351
"2018-08-14 09:00:00",4766,4933.79439410259,4167.34777425632,5700.24101394885,3761.61544215166,6105.97334605351
"2018-08-14 10:00:00",4478,4424.79439410259,3658.34777425632,5191.24101394885,3252.61544215166,5596.97334605351
"2018-08-14 11:00:00",4741,4523.79439410259,3757.34777425632,5290.24101394885,3351.61544215166,5695.97334605351
"2018-08-14 12:00:00",4996,4948.79439410259,4182.34777425632,5715.24101394885,3776.61544215166,6120.97334605351
"2018-08-14 13:00:00",4832,4734.79439410259,3968.34777425632,5501.24101394885,3562.61544215166,5906.97334605351
"2018-08-14 14:00:00",4985,5048.79439410259,4282.34777425632,5815.24101394885,3876.61544215166,6220.97334605351
"2018-08-14 15:00:00",5672,5563.79439410259,4797.34777425632,6330.24101394885,4391.61544215166,6735.97334605351
"2018-08-14 16:00:00",6373,6479.79439410259,5713.34777425632,7246.24101394885,5307.61544215166,7651.97334605351
"2018-08-14 17:00:00",6014,5664.79439410259,4898.34777425632,6431.24101394885,4492.61544215166,6836.97334605351
"2018-08-14 18:00:00",4525,4129.79439410259,3363.34777425632,4896.24101394885,2957.61544215166,5301.97334605351
"2018-08-14 19:00:00",3423,3280.79439410259,2514.34777425632,4047.24101394885,2108.61544215166,4452.97334605351
"2018-08-14 20:00:00",3046,2896.79439410259,2130.34777425632,3663.24101394885,1724.61544215166,4068.97334605351
"2018-08-14 21:00:00",2784,2540.79439410259,1774.34777425632,3307.24101394885,1368.61544215166,3712.97334605351
"2018-08-14 22:00:00",2287,1779.79439410259,1013.34777425632,2546.24101394885,607.615442151663,2951.97334605351
"2018-08-14 23:00:00",2772,1176.79439410259,410.347774256325,1943.24101394885,4.61544215166373,2348.97334605351
"2018-08-15 00:00:00",793,651.794394102586,-114.652225743675,1418.24101394885,-520.384557848336,1823.97334605351
"2018-08-15 01:00:00",492,401.794394102586,-364.652225743675,1168.24101394885,-770.384557848335,1573.97334605351
"2018-08-15 02:00:00",335,303.794394102586,-462.652225743674,1070.24101394885,-868.384557848335,1475.97334605351
"2018-08-15 03:00:00",403,382.794394102586,-383.652225743674,1149.24101394884,-789.384557848334,1554.9733460535
"2018-08-15 04:00:00",948,920.794394102586,154.347774256328,1687.24101394884,-251.384557848332,2092.9733460535
"2018-08-15 05:00:00",3181,3127.79439410259,2361.34777425633,3894.24101394884,1955.61544215167,4299.9733460535
"2018-08-15 06:00:00",5767,5738.79439410259,4972.34777425633,6505.24101394884,4566.61544215167,6910.9733460535
"2018-08-15 07:00:00",6561,6438.79439410259,5672.34777425633,7205.24101394884,5266.61544215167,7610.9733460535
"2018-08-15 08:00:00",5930,5872.79439410259,5106.34777425633,6639.24101394884,4700.61544215167,7044.9733460535
"2018-08-15 09:00:00",4672,4910.79439410259,4144.34777425633,5677.24101394884,3738.61544215167,6082.9733460535
"2018-08-15 10:00:00",4638,4618.79439410259,3852.34777425633,5385.24101394884,3446.61544215167,5790.9733460535
"2018-08-15 11:00:00",4979,4846.79439410259,4080.34777425633,5613.24101394884,3674.61544215167,6018.9733460535
"2018-08-15 12:00:00",5016,5012.79439410259,4246.34777425633,5779.24101394884,3840.61544215167,6184.9733460535
"2018-08-15 13:00:00",4841,4749.79439410259,3983.34777425633,5516.24101394884,3577.61544215167,5921.9733460535
"2018-08-15 14:00:00",4968,5136.79439410259,4370.34777425633,5903.24101394884,3964.61544215167,6308.9733460535
"2018-08-15 15:00:00",5428,5806.79439410259,5040.34777425633,6573.24101394884,4634.61544215167,6978.9733460535
"2018-08-15 16:00:00",5541,6660.79439410259,5894.34777425633,7427.24101394884,5488.61544215167,7832.9733460535
"2018-08-15 17:00:00",5920,6051.79439410259,5285.34777425633,6818.24101394884,4879.61544215167,7223.9733460535
"2018-08-15 18:00:00",4545,4814.79439410259,4048.34777425633,5581.24101394884,3642.61544215167,5986.9733460535
"2018-08-15 19:00:00",3358,3663.79439410259,2897.34777425633,4430.24101394884,2491.61544215167,4835.9733460535
"2018-08-15 20:00:00",3133,3138.79439410259,2372.34777425633,3905.24101394884,1966.61544215167,4310.9733460535
"2018-08-15 21:00:00",2687,3275.79439410259,2509.34777425633,4042.24101394884,2103.61544215167,4447.9733460535
"2018-08-15 22:00:00",1742,2719.79439410259,1953.34777425633,3486.24101394884,1547.61544215167,3891.9733460535
"2018-08-15 23:00:00",1051,1486.79439410259,720.347774256331,2253.24101394884,314.615442151674,2658.9733460535
"2018-08-16 00:00:00",652,809.794394102586,43.3477742563308,1576.24101394884,-362.384557848327,1981.9733460535
"2018-08-16 01:00:00",399,490.794394102586,-275.652225743669,1257.24101394884,-681.384557848327,1662.9733460535
"2018-08-16 02:00:00",300,344.794394102586,-421.652225743669,1111.24101394884,-827.384557848327,1516.9733460535
"2018-08-16 03:00:00",412,387.794394102586,-378.65222574367,1154.24101394884,-784.384557848328,1559.9733460535
"2018-08-16 04:00:00",977,944.794394102586,178.347774256329,1711.24101394884,-227.384557848329,2116.9733460535
"2018-08-16 05:00:00",3150,3030.79439410259,2264.34777425633,3797.24101394884,1858.61544215167,4202.9733460535
"2018-08-16 06:00:00",5386,5431.79439410259,4665.34777425633,6198.24101394884,4259.61544215167,6603.9733460535
"2018-08-16 07:00:00",6494,6321.79439410259,5555.34777425633,7088.24101394884,5149.61544215167,7493.9733460535
"2018-08-16 08:00:00",5847,5916.79439410259,5150.34777425633,6683.24101394884,4744.61544215167,7088.9733460535
"2018-08-16 09:00:00",4976,4796.79439410259,4030.34777425633,5563.24101394884,3624.61544215167,5968.9733460535
"2018-08-16 10:00:00",4466,4525.79439410259,3759.34777425633,5292.24101394884,3353.61544215167,5697.9733460535
"2018-08-16 11:00:00",4574,4683.79439410259,3917.34777425633,5450.24101394884,3511.61544215167,5855.9733460535
"2018-08-16 12:00:00",4961,4935.79439410259,4169.34777425633,5702.24101394884,3763.61544215167,6107.9733460535
"2018-08-16 13:00:00",4785,4998.79439410259,4232.34777425633,5765.24101394884,3826.61544215167,6170.9733460535
"2018-08-16 14:00:00",4927,5163.79439410259,4397.34777425633,5930.24101394884,3991.61544215167,6335.9733460535
"2018-08-16 15:00:00",5729,5662.79439410259,4896.34777425633,6429.24101394884,4490.61544215167,6834.9733460535
"2018-08-16 16:00:00",6272,6540.79439410259,5774.34777425633,7307.24101394884,5368.61544215167,7712.9733460535
"2018-08-16 17:00:00",5928,5879.79439410259,5113.34777425633,6646.24101394884,4707.61544215167,7051.9733460535
"2018-08-16 18:00:00",4580,4434.79439410259,3668.34777425633,5201.24101394884,3262.61544215167,5606.9733460535
"2018-08-16 19:00:00",3725,3538.79439410259,2772.34777425633,4305.24101394884,2366.61544215167,4710.9733460535
"2018-08-16 20:00:00",3205,3298.79439410259,2532.34777425633,4065.24101394884,2126.61544215167,4470.9733460535
"2018-08-16 21:00:00",3090,3184.79439410259,2418.34777425633,3951.24101394884,2012.61544215167,4356.9733460535
"2018-08-16 22:00:00",2377,2428.79439410259,1662.34777425633,3195.24101394884,1256.61544215167,3600.9733460535
"2018-08-16 23:00:00",1380,1414.79439410259,648.347774256329,2181.24101394884,242.61544215167,2586.9733460535
"2018-08-17 00:00:00",809,739.794394102586,-26.6522257436716,1506.24101394884,-432.384557848331,1911.9733460535
"2018-08-17 01:00:00",449,479.794394102586,-286.652225743672,1246.24101394884,-692.384557848331,1651.9733460535
"2018-08-17 02:00:00",363,382.794394102586,-383.652225743672,1149.24101394884,-789.384557848332,1554.9733460535
"2018-08-17 03:00:00",408,412.794394102586,-353.652225743673,1179.24101394884,-759.384557848332,1584.9733460535
"2018-08-17 04:00:00",899,826.794394102586,60.3477742563271,1593.24101394884,-345.384557848333,1998.9733460535
"2018-08-17 05:00:00",2821,2862.79439410259,2096.34777425633,3629.24101394884,1690.61544215167,4034.9733460535
"2018-08-17 06:00:00",5243,5235.79439410259,4469.34777425633,6002.24101394884,4063.61544215167,6407.9733460535
"2018-08-17 07:00:00",5994,5958.79439410259,5192.34777425633,6725.24101394884,4786.61544215167,7130.9733460535
"2018-08-17 08:00:00",5406,5219.79439410259,4453.34777425633,5986.24101394884,4047.61544215167,6391.9733460535
"2018-08-17 09:00:00",4719,4592.79439410259,3826.34777425633,5359.24101394884,3420.61544215167,5764.9733460535
"2018-08-17 10:00:00",4510,4520.79439410259,3754.34777425633,5287.24101394884,3348.61544215167,5692.9733460535
"2018-08-17 11:00:00",4948,4804.79439410259,4038.34777425633,5571.24101394884,3632.61544215167,5976.9733460535
"2018-08-17 12:00:00",5076,4949.79439410259,4183.34777425633,5716.24101394884,3777.61544215167,6121.9733460535
"2018-08-17 13:00:00",5027,5061.79439410259,4295.34777425633,5828.24101394884,3889.61544215167,6233.9733460535
"2018-08-17 14:00:00",5289,5375.79439410259,4609.34777425633,6142.24101394884,4203.61544215167,6547.9733460535
"2018-08-17 15:00:00",5581,5692.79439410259,4926.34777425633,6459.24101394884,4520.61544215167,6864.9733460535
"2018-08-17 16:00:00",5734,5876.79439410259,5110.34777425633,6643.24101394884,4704.61544215167,7048.9733460535
"2018-08-17 17:00:00",5141,5317.79439410259,4551.34777425633,6084.24101394884,4145.61544215167,6489.9733460535
"2018-08-17 18:00:00",4536,4624.79439410259,3858.34777425633,5391.24101394884,3452.61544215167,5796.9733460535
"2018-08-17 19:00:00",3703,3721.79439410259,2955.34777425633,4488.24101394884,2549.61544215167,4893.9733460535
"2018-08-17 20:00:00",3279,3352.79439410259,2586.34777425633,4119.24101394884,2180.61544215167,4524.9733460535
"2018-08-17 21:00:00",3177,3382.79439410259,2616.34777425633,4149.24101394884,2210.61544215167,4554.9733460535
"2018-08-17 22:00:00",2903,3125.79439410259,2359.34777425633,3892.24101394884,1953.61544215167,4297.9733460535
"2018-08-17 23:00:00",2126,2279.79439410259,1513.34777425633,3046.24101394884,1107.61544215167,3451.9733460535
"2018-08-18 00:00:00",1569,1420.79439410259,654.347774256328,2187.24101394884,248.615442151669,2592.9733460535
"2018-08-18 01:00:00",806,839.794394102586,73.3477742563275,1606.24101394884,-332.384557848332,2011.9733460535
"2018-08-18 02:00:00",598,673.794394102586,-92.6522257436729,1440.24101394884,-498.384557848333,1845.9733460535
"2018-08-18 03:00:00",448,431.794394102586,-334.652225743673,1198.24101394884,-740.384557848333,1603.9733460535
"2018-08-18 04:00:00",523,467.794394102586,-298.652225743673,1234.24101394884,-704.384557848333,1639.9733460535
"2018-08-18 05:00:00",940,884.794394102586,118.347774256327,1651.24101394884,-287.384557848332,2056.9733460535
"2018-08-18 06:00:00",1648,1568.79439410259,802.347774256328,2335.24101394884,396.615442151668,2740.9733460535
"2018-08-18 07:00:00",2229,2012.79439410259,1246.34777425633,2779.24101394884,840.615442151669,3184.9733460535
"2018-08-18 08:00:00",2987,2814.79439410259,2048.34777425633,3581.24101394884,1642.61544215167,3986.9733460535
"2018-08-18 09:00:00",3922,3522.79439410259,2756.34777425633,4289.24101394884,2350.61544215167,4694.9733460535
"2018-08-18 10:00:00",5146,3979.79439410259,3213.34777425633,4746.24101394884,2807.61544215167,5151.9733460535
"2018-08-18 11:00:00",4916,4206.79439410259,3440.34777425633,4973.24101394884,3034.61544215167,5378.9733460535
"2018-08-18 12:00:00",4448,4318.79439410259,3552.34777425633,5085.24101394884,3146.61544215167,5490.9733460535
"2018-08-18 13:00:00",4438,4270.79439410259,3504.34777425633,5037.24101394884,3098.61544215167,5442.9733460535
"2018-08-18 14:00:00",4710,4288.79439410259,3522.34777425633,5055.24101394884,3116.61544215167,5460.9733460535
"2018-08-18 15:00:00",4893,4196.79439410259,3430.34777425633,4963.24101394884,3024.61544215167,5368.9733460535
"2018-08-18 16:00:00",4897,4313.79439410259,3547.34777425633,5080.24101394884,3141.61544215167,5485.9733460535
"2018-08-18 17:00:00",4664,4142.79439410259,3376.34777425633,4909.24101394884,2970.61544215167,5314.9733460535
"2018-08-18 18:00:00",4157,3928.79439410259,3162.34777425633,4695.24101394884,2756.61544215167,5100.9733460535
"2018-08-18 19:00:00",3619,3575.79439410259,2809.34777425633,4342.24101394884,2403.61544215167,4747.9733460535
"2018-08-18 20:00:00",3543,3370.79439410259,2604.34777425633,4137.24101394884,2198.61544215167,4542.9733460535
"2018-08-18 21:00:00",3442,3386.79439410259,2620.34777425633,4153.24101394884,2214.61544215167,4558.9733460535
"2018-08-18 22:00:00",3128,3175.79439410259,2409.34777425633,3942.24101394884,2003.61544215167,4347.9733460535
"2018-08-18 23:00:00",2044,2519.79439410259,1753.34777425633,3286.24101394884,1347.61544215167,3691.9733460535
"2018-08-19 00:00:00",1346,1414.79439410259,648.34777425633,2181.24101394884,242.615442151672,2586.9733460535
"2018-08-19 01:00:00",997,876.794394102586,110.34777425633,1643.24101394884,-295.384557848328,2048.9733460535
"2018-08-19 02:00:00",726,686.794394102586,-79.6522257436702,1453.24101394884,-485.384557848328,1858.9733460535
"2018-08-19 03:00:00",386,400.794394102586,-365.65222574367,1167.24101394884,-771.384557848329,1572.9733460535
"2018-08-19 04:00:00",388,373.794394102586,-392.65222574367,1140.24101394884,-798.384557848329,1545.9733460535
"2018-08-19 05:00:00",552,537.794394102586,-228.65222574367,1304.24101394884,-634.384557848329,1709.9733460535
"2018-08-19 06:00:00",994,992.794394102586,226.34777425633,1759.24101394884,-179.384557848328,2164.9733460535
"2018-08-19 07:00:00",1277,1204.79439410259,438.34777425633,1971.24101394884,32.6154421516721,2376.9733460535
"2018-08-19 08:00:00",1971,1858.79439410259,1092.34777425633,2625.24101394884,686.615442151672,3030.9733460535
"2018-08-19 09:00:00",2895,2721.79439410259,1955.34777425633,3488.24101394884,1549.61544215167,3893.9733460535
"2018-08-19 10:00:00",3766,3542.79439410259,2776.34777425633,4309.24101394884,2370.61544215167,4714.9733460535
"2018-08-19 11:00:00",4384,3864.79439410259,3098.34777425633,4631.24101394884,2692.61544215167,5036.9733460535
"2018-08-19 12:00:00",4624,4045.79439410259,3279.34777425633,4812.24101394884,2873.61544215167,5217.9733460535
"2018-08-19 13:00:00",4596,4530.79439410259,3764.34777425633,5297.24101394884,3358.61544215167,5702.9733460535
"2018-08-19 14:00:00",4742,4476.79439410259,3710.34777425633,5243.24101394884,3304.61544215167,5648.9733460535
"2018-08-19 15:00:00",4779,4359.79439410259,3593.34777425633,5126.24101394884,3187.61544215167,5531.9733460535
"2018-08-19 16:00:00",4989,4474.79439410259,3708.34777425633,5241.24101394884,3302.61544215167,5646.9733460535
"2018-08-19 17:00:00",4870,4321.79439410259,3555.34777425633,5088.24101394884,3149.61544215167,5493.9733460535
"2018-08-19 18:00:00",4287,4020.79439410259,3254.34777425633,4787.24101394884,2848.61544215168,5192.9733460535
"2018-08-19 19:00:00",3792,3666.79439410259,2900.34777425633,4433.24101394884,2494.61544215168,4838.9733460535
"2018-08-19 20:00:00",3213,3159.79439410259,2393.34777425633,3926.24101394884,1987.61544215168,4331.9733460535
"2018-08-19 21:00:00",2682,2716.79439410259,1950.34777425633,3483.24101394884,1544.61544215168,3888.97334605349
"2018-08-19 22:00:00",1973,1938.79439410259,1172.34777425633,2705.24101394884,766.615442151676,3110.97334605349
"2018-08-19 23:00:00",2369,1290.79439410259,524.347774256333,2057.24101394884,118.615442151676,2462.97334605349
"2018-08-20 00:00:00",922,659.794394102586,-106.652225743668,1426.24101394884,-512.384557848324,1831.9733460535
"2018-08-20 01:00:00",473,442.794394102586,-323.652225743668,1209.24101394884,-729.384557848325,1614.9733460535
"2018-08-20 02:00:00",346,363.794394102586,-402.652225743669,1130.24101394884,-808.384557848327,1535.9733460535
"2018-08-20 03:00:00",369,356.794394102586,-409.65222574367,1123.24101394884,-815.384557848328,1528.9733460535
"2018-08-20 04:00:00",941,932.794394102586,166.34777425633,1699.24101394884,-239.384557848328,2104.9733460535
"2018-08-20 05:00:00",3005,3033.79439410259,2267.34777425633,3800.24101394884,1861.61544215167,4205.9733460535
"2018-08-20 06:00:00",5352,5554.79439410259,4788.34777425633,6321.24101394884,4382.61544215167,6726.9733460535
"2018-08-20 07:00:00",6077,6391.79439410259,5625.34777425633,7158.24101394884,5219.61544215167,7563.9733460535
"2018-08-20 08:00:00",5349,5650.79439410259,4884.34777425633,6417.24101394884,4478.61544215167,6822.9733460535
"2018-08-20 09:00:00",4777,4722.79439410259,3956.34777425633,5489.24101394884,3550.61544215167,5894.9733460535
"2018-08-20 10:00:00",4375,4224.79439410259,3458.34777425633,4991.24101394884,3052.61544215167,5396.9733460535
"2018-08-20 11:00:00",4532,4448.79439410259,3682.34777425633,5215.24101394884,3276.61544215167,5620.9733460535
"2018-08-20 12:00:00",4842,4681.79439410259,3915.34777425633,5448.24101394884,3509.61544215167,5853.9733460535
"2018-08-20 13:00:00",4690,4502.79439410259,3736.34777425633,5269.24101394884,3330.61544215167,5674.9733460535
"2018-08-20 14:00:00",5001,4819.79439410259,4053.34777425633,5586.24101394884,3647.61544215167,5991.9733460535
"2018-08-20 15:00:00",5388,5253.79439410259,4487.34777425633,6020.24101394884,4081.61544215167,6425.9733460535
"2018-08-20 16:00:00",6423,6171.79439410259,5405.34777425633,6938.24101394884,4999.61544215167,7343.9733460535
"2018-08-20 17:00:00",5848,5611.79439410259,4845.34777425633,6378.24101394884,4439.61544215167,6783.97334605351
"2018-08-20 18:00:00",4285,4085.79439410259,3319.34777425633,4852.24101394885,2913.61544215167,5257.97334605351
"2018-08-20 19:00:00",3231,3255.79439410259,2489.34777425633,4022.24101394885,2083.61544215166,4427.97334605351
"2018-08-20 20:00:00",2726,2843.79439410259,2077.34777425633,3610.24101394885,1671.61544215166,4015.97334605351
"2018-08-20 21:00:00",2240,2623.79439410259,1857.34777425633,3390.24101394885,1451.61544215166,3795.97334605351
"2018-08-20 22:00:00",1617,1831.79439410259,1065.34777425633,2598.24101394885,659.615442151665,3003.97334605351
"2018-08-20 23:00:00",1005,1125.79439410259,359.347774256325,1892.24101394885,-46.3845578483349,2297.97334605351
"2018-08-21 00:00:00",659,579.794394102586,-186.652225743674,1346.24101394885,-592.384557848335,1751.97334605351
"2018-08-21 01:00:00",416,402.794394102586,-363.652225743674,1169.24101394885,-769.384557848334,1574.97334605351
"2018-08-21 02:00:00",316,292.794394102586,-473.652225743674,1059.24101394885,-879.384557848334,1464.97334605351
"2018-08-21 03:00:00",336,348.794394102586,-417.652225743674,1115.24101394885,-823.384557848335,1520.97334605351
"2018-08-21 04:00:00",996,948.794394102586,182.347774256325,1715.24101394885,-223.384557848335,2120.97334605351
"2018-08-21 05:00:00",3136,3192.79439410259,2426.34777425633,3959.24101394885,2020.61544215166,4364.97334605351
"2018-08-21 06:00:00",5701,5710.79439410259,4944.34777425632,6477.24101394885,4538.61544215166,6882.97334605351
"2018-08-21 07:00:00",6837,6581.79439410259,5815.34777425632,7348.24101394885,5409.61544215166,7753.97334605351
"2018-08-21 08:00:00",6123,5849.79439410259,5083.34777425632,6616.24101394885,4677.61544215166,7021.97334605351
"2018-08-21 09:00:00",5053,4774.79439410259,4008.34777425632,5541.24101394885,3602.61544215166,5946.97334605351
"2018-08-21 10:00:00",4540,4486.79439410259,3720.34777425632,5253.24101394885,3314.61544215166,5658.97334605351
"2018-08-21 11:00:00",4652,4749.79439410259,3983.34777425632,5516.24101394885,3577.61544215166,5921.97334605351
"2018-08-21 12:00:00",4794,5004.79439410259,4238.34777425632,5771.24101394885,3832.61544215166,6176.97334605351
"2018-08-21 13:00:00",4762,4840.79439410259,4074.34777425632,5607.24101394885,3668.61544215166,6012.97334605351
"2018-08-21 14:00:00",4994,4993.79439410259,4227.34777425632,5760.24101394885,3821.61544215166,6165.97334605351
"2018-08-21 15:00:00",5660,5680.79439410259,4914.34777425632,6447.24101394885,4508.61544215166,6852.97334605351
"2018-08-21 16:00:00",6229,6381.79439410259,5615.34777425633,7148.24101394885,5209.61544215166,7553.97334605351
"2018-08-21 17:00:00",5875,6022.79439410259,5256.34777425633,6789.24101394885,4850.61544215166,7194.97334605351
"2018-08-21 18:00:00",4435,4533.79439410259,3767.34777425633,5300.24101394885,3361.61544215167,5705.97334605351
"2018-08-21 19:00:00",3410,3431.79439410259,2665.34777425633,4198.24101394884,2259.61544215167,4603.97334605351
"2018-08-21 20:00:00",3003,3054.79439410259,2288.34777425633,3821.24101394884,1882.61544215167,4226.9733460535
"2018-08-21 21:00:00",2504,2792.79439410259,2026.34777425633,3559.24101394884,1620.61544215167,3964.9733460535
"2018-08-21 22:00:00",1747,2295.79439410259,1529.34777425633,3062.24101394884,1123.61544215167,3467.9733460535
"2018-08-21 23:00:00",1117,2780.79439410259,2014.34777425633,3547.24101394884,1608.61544215167,3952.9733460535
"2018-08-22 00:00:00",635,801.794394102586,35.3477742563269,1568.24101394884,-370.384557848333,1973.9733460535
"2018-08-22 01:00:00",425,500.794394102586,-265.652225743673,1267.24101394884,-671.384557848332,1672.9733460535
"2018-08-22 02:00:00",279,343.794394102586,-422.652225743672,1110.24101394884,-828.384557848331,1515.9733460535
"2018-08-22 03:00:00",393,411.794394102586,-354.652225743672,1178.24101394884,-760.384557848331,1583.9733460535
"2018-08-22 04:00:00",994,956.794394102586,190.347774256328,1723.24101394884,-215.384557848331,2128.9733460535
"2018-08-22 05:00:00",3163,3189.79439410259,2423.34777425633,3956.24101394884,2017.61544215167,4361.9733460535
"2018-08-22 06:00:00",5766,5775.79439410259,5009.34777425633,6542.24101394884,4603.61544215167,6947.9733460535
"2018-08-22 07:00:00",6589,6569.79439410259,5803.34777425633,7336.24101394885,5397.61544215167,7741.97334605351
"2018-08-22 08:00:00",6056,5938.79439410259,5172.34777425633,6705.24101394885,4766.61544215166,7110.97334605351
"2018-08-22 09:00:00",5116,4680.79439410259,3914.34777425633,5447.24101394885,3508.61544215166,5852.97334605351
"2018-08-22 10:00:00",4583,4646.79439410259,3880.34777425633,5413.24101394885,3474.61544215166,5818.97334605351
"2018-08-22 11:00:00",4734,4987.79439410259,4221.34777425633,5754.24101394885,3815.61544215166,6159.97334605351
"2018-08-22 12:00:00",5043,5024.79439410259,4258.34777425633,5791.24101394885,3852.61544215166,6196.97334605351
"2018-08-22 13:00:00",4938,4849.79439410259,4083.34777425633,5616.24101394885,3677.61544215166,6021.97334605351
"2018-08-22 14:00:00",5216,4976.79439410259,4210.34777425632,5743.24101394885,3804.61544215166,6148.97334605351
"2018-08-22 15:00:00",5707,5436.79439410259,4670.34777425632,6203.24101394885,4264.61544215166,6608.97334605351
"2018-08-22 16:00:00",6470,5549.79439410259,4783.34777425633,6316.24101394885,4377.61544215166,6721.97334605351
"2018-08-22 17:00:00",5819,5928.79439410259,5162.34777425633,6695.24101394885,4756.61544215167,7100.97334605351
"2018-08-22 18:00:00",4446,4553.79439410259,3787.34777425633,5320.24101394884,3381.61544215167,5725.97334605351
"2018-08-22 19:00:00",3444,3366.79439410259,2600.34777425633,4133.24101394884,2194.61544215167,4538.97334605351
"2018-08-22 20:00:00",3154,3141.79439410259,2375.34777425633,3908.24101394884,1969.61544215167,4313.9733460535
"2018-08-22 21:00:00",2627,2695.79439410259,1929.34777425633,3462.24101394884,1523.61544215167,3867.9733460535
"2018-08-22 22:00:00",1928,1750.79439410259,984.347774256327,2517.24101394884,578.615442151667,2922.9733460535
"2018-08-22 23:00:00",1169,1059.79439410259,293.347774256327,1826.24101394884,-112.384557848333,2231.9733460535
"2018-08-23 00:00:00",596,321.63300161387,-444.813618232389,1088.07962146013,-850.545950337048,1493.81195356479
"2018-08-23 01:00:00",402,68.6330016138699,-697.813618232388,835.079621460128,-1103.54595033705,1240.81195356479
"2018-08-23 02:00:00",392,-30.3669983861301,-796.813618232388,736.079621460127,-1202.54595033705,1141.81195356479
"2018-08-23 03:00:00",381,81.6330016138699,-684.813618232387,848.079621460127,-1090.54595033705,1253.81195356479
"2018-08-23 04:00:00",976,646.63300161387,-119.813618232387,1413.07962146013,-525.545950337046,1818.81195356479
"2018-08-23 05:00:00",3163,2819.63300161387,2053.18638176761,3586.07962146013,1647.45404966295,3991.81195356479
"2018-08-23 06:00:00",5860,5055.63300161387,4289.18638176761,5822.07962146013,3883.45404966295,6227.81195356479
"2018-08-23 07:00:00",6815,6163.63300161387,5397.18638176761,6930.07962146013,4991.45404966295,7335.81195356479
"2018-08-23 08:00:00",6162,5516.63300161387,4750.18638176761,6283.07962146013,4344.45404966295,6688.81195356479
"2018-08-23 09:00:00",5583,4645.63300161387,3879.18638176761,5412.07962146013,3473.45404966295,5817.81195356479
"2018-08-23 10:00:00",4837,4135.63300161387,3369.18638176761,4902.07962146013,2963.45404966295,5307.81195356479
"2018-08-23 11:00:00",5015,4243.63300161387,3477.18638176761,5010.07962146013,3071.45404966295,5415.81195356479
"2018-08-23 12:00:00",5136,4630.63300161387,3864.18638176761,5397.07962146013,3458.45404966295,5802.81195356479
"2018-08-23 13:00:00",5051,4454.63300161387,3688.18638176761,5221.07962146013,3282.45404966295,5626.81195356479
"2018-08-23 14:00:00",5312,4596.63300161387,3830.18638176761,5363.07962146013,3424.45404966295,5768.81195356479
"2018-08-23 15:00:00",5848,5398.63300161387,4632.18638176761,6165.07962146013,4226.45404966295,6570.81195356479
"2018-08-23 16:00:00",6586,5941.63300161387,5175.18638176761,6708.07962146013,4769.45404966295,7113.81195356479
"2018-08-23 17:00:00",5780,5597.63300161387,4831.18638176761,6364.07962146013,4425.45404966295,6769.81195356479
"2018-08-23 18:00:00",4750,4249.63300161387,3483.18638176761,5016.07962146013,3077.45404966295,5421.81195356479
"2018-08-23 19:00:00",3519,3394.63300161387,2628.18638176761,4161.07962146013,2222.45404966295,4566.81195356479
"2018-08-23 20:00:00",2996,2874.63300161387,2108.18638176761,3641.07962146013,1702.45404966295,4046.81195356479
"2018-08-23 21:00:00",2717,2759.63300161387,1993.18638176761,3526.07962146013,1587.45404966295,3931.81195356479
"2018-08-23 22:00:00",2107,2046.63300161387,1280.18638176761,2813.07962146013,874.454049662949,3218.81195356479
"2018-08-23 23:00:00",1904,1049.63300161387,283.186381767609,1816.07962146013,-122.545950337052,2221.81195356479
"2018-08-24 00:00:00",790,817.794394102586,51.3477742563248,1584.24101394885,-354.384557848336,1989.97334605351
"2018-08-24 01:00:00",505,457.794394102586,-308.652225743675,1224.24101394885,-714.384557848335,1629.97334605351
"2018-08-24 02:00:00",387,371.794394102586,-394.652225743674,1138.24101394885,-800.384557848334,1543.97334605351
"2018-08-24 03:00:00",424,416.794394102586,-349.652225743673,1183.24101394884,-755.384557848333,1588.9733460535
"2018-08-24 04:00:00",916,907.794394102586,141.347774256328,1674.24101394884,-264.384557848332,2079.9733460535
"2018-08-24 05:00:00",2950,2829.79439410259,2063.34777425633,3596.24101394884,1657.61544215167,4001.9733460535
"2018-08-24 06:00:00",5259,5251.79439410259,4485.34777425633,6018.24101394884,4079.61544215167,6423.9733460535
"2018-08-24 07:00:00",6243,6002.79439410259,5236.34777425633,6769.24101394884,4830.61544215167,7174.9733460535
"2018-08-24 08:00:00",5687,5414.79439410259,4648.34777425633,6181.24101394884,4242.61544215167,6586.9733460535
"2018-08-24 09:00:00",4971,4727.79439410259,3961.34777425633,5494.24101394884,3555.61544215167,5899.9733460535
"2018-08-24 10:00:00",4539,4518.79439410259,3752.34777425633,5285.24101394884,3346.61544215167,5690.9733460535
"2018-08-24 11:00:00",4391,4956.79439410259,4190.34777425633,5723.24101394884,3784.61544215167,6128.9733460535
"2018-08-24 12:00:00",4971,5084.79439410259,4318.34777425633,5851.24101394884,3912.61544215167,6256.9733460535
"2018-08-24 13:00:00",5149,5035.79439410259,4269.34777425633,5802.24101394884,3863.61544215167,6207.9733460535
"2018-08-24 14:00:00",5499,5297.79439410259,4531.34777425633,6064.24101394884,4125.61544215167,6469.9733460535
"2018-08-24 15:00:00",5879,5589.79439410259,4823.34777425633,6356.24101394884,4417.61544215167,6761.9733460535
"2018-08-24 16:00:00",6088,5742.79439410259,4976.34777425633,6509.24101394884,4570.61544215167,6914.9733460535
"2018-08-24 17:00:00",5750,5149.79439410259,4383.34777425633,5916.24101394884,3977.61544215167,6321.9733460535
"2018-08-24 18:00:00",4755,4544.79439410259,3778.34777425633,5311.24101394884,3372.61544215167,5716.9733460535
"2018-08-24 19:00:00",3467,3711.79439410259,2945.34777425633,4478.24101394884,2539.61544215167,4883.9733460535
"2018-08-24 20:00:00",3076,3287.79439410259,2521.34777425633,4054.24101394884,2115.61544215167,4459.9733460535
"2018-08-24 21:00:00",3164,3185.79439410259,2419.34777425633,3952.24101394884,2013.61544215167,4357.9733460535
"2018-08-24 22:00:00",2435,2911.79439410259,2145.34777425633,3678.24101394884,1739.61544215167,4083.9733460535
"2018-08-24 23:00:00",1860,2134.79439410259,1368.34777425633,2901.24101394884,962.615442151668,3306.9733460535
"2018-08-25 00:00:00",1089,1577.79439410259,811.347774256328,2344.24101394884,405.615442151668,2749.9733460535
"2018-08-25 01:00:00",725,814.794394102586,48.3477742563275,1581.24101394884,-357.384557848332,1986.9733460535
"2018-08-25 02:00:00",495,606.794394102586,-159.652225743673,1373.24101394884,-565.384557848332,1778.9733460535
"2018-08-25 03:00:00",366,456.794394102586,-309.652225743673,1223.24101394884,-715.384557848332,1628.9733460535
"2018-08-25 04:00:00",500,531.794394102586,-234.652225743673,1298.24101394884,-640.384557848332,1703.9733460535
"2018-08-25 05:00:00",875,948.794394102586,182.347774256327,1715.24101394884,-223.384557848332,2120.9733460535
"2018-08-25 06:00:00",1837,1656.79439410259,890.347774256327,2423.24101394884,484.615442151668,2828.9733460535
"2018-08-25 07:00:00",2672,2237.79439410259,1471.34777425633,3004.24101394884,1065.61544215167,3409.9733460535
"2018-08-25 08:00:00",3503,2995.79439410259,2229.34777425633,3762.24101394884,1823.61544215167,4167.9733460535
"2018-08-25 09:00:00",4100,3930.79439410259,3164.34777425633,4697.24101394884,2758.61544215167,5102.9733460535
"2018-08-25 10:00:00",4509,5154.79439410259,4388.34777425633,5921.24101394884,3982.61544215167,6326.9733460535
"2018-08-25 11:00:00",4647,4924.79439410259,4158.34777425633,5691.24101394884,3752.61544215167,6096.9733460535
"2018-08-25 12:00:00",4846,4456.79439410259,3690.34777425633,5223.24101394884,3284.61544215167,5628.9733460535
"2018-08-25 13:00:00",4585,4446.79439410259,3680.34777425633,5213.24101394884,3274.61544215167,5618.9733460535
"2018-08-25 14:00:00",4696,4718.79439410259,3952.34777425633,5485.24101394884,3546.61544215167,5890.9733460535
"2018-08-25 15:00:00",5015,4901.79439410259,4135.34777425633,5668.24101394884,3729.61544215167,6073.9733460535
"2018-08-25 16:00:00",4677,4905.79439410259,4139.34777425633,5672.24101394884,3733.61544215167,6077.9733460535
"2018-08-25 17:00:00",4541,4672.79439410259,3906.34777425633,5439.24101394884,3500.61544215167,5844.9733460535
"2018-08-25 18:00:00",3914,4165.79439410259,3399.34777425633,4932.24101394884,2993.61544215167,5337.9733460535
"2018-08-25 19:00:00",3371,3627.79439410259,2861.34777425633,4394.24101394884,2455.61544215167,4799.9733460535
"2018-08-25 20:00:00",3071,3551.79439410259,2785.34777425633,4318.24101394884,2379.61544215167,4723.9733460535
"2018-08-25 21:00:00",3156,3450.79439410259,2684.34777425633,4217.24101394884,2278.61544215167,4622.9733460535
"2018-08-25 22:00:00",2713,3136.79439410259,2370.34777425633,3903.24101394884,1964.61544215167,4308.9733460535
"2018-08-25 23:00:00",2134,2052.79439410259,1286.34777425633,2819.24101394884,880.615442151668,3224.9733460535
"2018-08-26 00:00:00",1375,1354.79439410259,588.347774256327,2121.24101394884,182.615442151668,2526.9733460535
"2018-08-26 01:00:00",855,1005.79439410259,239.347774256328,1772.24101394884,-166.384557848332,2177.9733460535
"2018-08-26 02:00:00",614,734.794394102586,-31.6522257436719,1501.24101394884,-437.384557848331,1906.9733460535
"2018-08-26 03:00:00",382,394.794394102586,-371.652225743671,1161.24101394884,-777.38455784833,1566.9733460535
"2018-08-26 04:00:00",325,396.794394102586,-369.652225743671,1163.24101394884,-775.384557848329,1568.9733460535
"2018-08-26 05:00:00",551,560.794394102586,-205.65222574367,1327.24101394884,-611.384557848328,1732.9733460535
"2018-08-26 06:00:00",1106,1002.79439410259,236.347774256331,1769.24101394884,-169.384557848327,2174.9733460535
"2018-08-26 07:00:00",1657,1285.79439410259,519.347774256331,2052.24101394884,113.615442151674,2457.9733460535
"2018-08-26 08:00:00",2467,1979.79439410259,1213.34777425633,2746.24101394884,807.615442151675,3151.9733460535
"2018-08-26 09:00:00",3408,2903.79439410259,2137.34777425633,3670.24101394884,1731.61544215168,4075.9733460535
"2018-08-26 10:00:00",4017,3774.79439410259,3008.34777425633,4541.24101394884,2602.61544215168,4946.9733460535
"2018-08-26 11:00:00",4394,4392.79439410259,3626.34777425633,5159.24101394884,3220.61544215168,5564.97334605349
"2018-08-26 12:00:00",4638,4632.79439410259,3866.34777425633,5399.24101394884,3460.61544215168,5804.9733460535
"2018-08-26 13:00:00",4494,4604.79439410259,3838.34777425633,5371.24101394884,3432.61544215168,5776.97334605349
"2018-08-26 14:00:00",4565,4750.79439410259,3984.34777425633,5517.24101394884,3578.61544215168,5922.97334605349
"2018-08-26 15:00:00",4289,4787.79439410259,4021.34777425633,5554.24101394884,3615.61544215168,5959.97334605349
"2018-08-26 16:00:00",4259,4997.79439410259,4231.34777425633,5764.24101394884,3825.61544215168,6169.9733460535
"2018-08-26 17:00:00",3998,4878.79439410259,4112.34777425633,5645.24101394884,3706.61544215168,6050.9733460535
"2018-08-26 18:00:00",3688,4295.79439410259,3529.34777425633,5062.24101394884,3123.61544215168,5467.9733460535
"2018-08-26 19:00:00",3165,3800.79439410259,3034.34777425633,4567.24101394884,2628.61544215168,4972.9733460535
"2018-08-26 20:00:00",2840,3221.79439410259,2455.34777425633,3988.24101394884,2049.61544215168,4393.9733460535
"2018-08-26 21:00:00",2330,2690.79439410259,1924.34777425633,3457.24101394884,1518.61544215168,3862.9733460535
"2018-08-26 22:00:00",1913,1981.79439410259,1215.34777425633,2748.24101394884,809.615442151675,3153.9733460535
"2018-08-26 23:00:00",1208,2377.79439410259,1611.34777425633,3144.24101394884,1205.61544215168,3549.9733460535
"2018-08-27 00:00:00",666,930.794394102586,164.347774256333,1697.24101394884,-241.384557848324,2102.9733460535
"2018-08-27 01:00:00",337,481.794394102586,-284.652225743667,1248.24101394884,-690.384557848324,1653.97334605349
"2018-08-27 02:00:00",292,354.794394102586,-411.652225743667,1121.24101394884,-817.384557848324,1526.9733460535
"2018-08-27 03:00:00",358,377.794394102586,-388.652225743668,1144.24101394884,-794.384557848325,1549.9733460535
"2018-08-27 04:00:00",933,949.794394102586,183.347774256332,1716.24101394884,-222.384557848325,2121.9733460535
"2018-08-27 05:00:00",3129,3013.79439410259,2247.34777425633,3780.24101394884,1841.61544215167,4185.9733460535
"2018-08-27 06:00:00",5575,5360.79439410259,4594.34777425633,6127.24101394884,4188.61544215167,6532.9733460535
"2018-08-27 07:00:00",6493,6085.79439410259,5319.34777425633,6852.24101394884,4913.61544215167,7257.9733460535
"2018-08-27 08:00:00",6125,5357.79439410259,4591.34777425633,6124.24101394884,4185.61544215167,6529.9733460535
"2018-08-27 09:00:00",5094,4785.79439410259,4019.34777425633,5552.24101394884,3613.61544215167,5957.9733460535
"2018-08-27 10:00:00",4672,4383.79439410259,3617.34777425633,5150.24101394884,3211.61544215167,5555.9733460535
"2018-08-27 11:00:00",4775,4540.79439410259,3774.34777425633,5307.24101394884,3368.61544215167,5712.9733460535
"2018-08-27 12:00:00",4880,4850.79439410259,4084.34777425633,5617.24101394884,3678.61544215167,6022.9733460535
"2018-08-27 13:00:00",4890,4698.79439410259,3932.34777425633,5465.24101394884,3526.61544215167,5870.9733460535
"2018-08-27 14:00:00",5048,5009.79439410259,4243.34777425633,5776.24101394884,3837.61544215167,6181.9733460535
"2018-08-27 15:00:00",5661,5396.79439410259,4630.34777425633,6163.24101394884,4224.61544215167,6568.9733460535
"2018-08-27 16:00:00",6535,6431.79439410259,5665.34777425633,7198.24101394884,5259.61544215167,7603.9733460535
"2018-08-27 17:00:00",5298,5856.79439410259,5090.34777425633,6623.24101394884,4684.61544215167,7028.9733460535
"2018-08-27 18:00:00",3629,4293.79439410259,3527.34777425633,5060.24101394884,3121.61544215167,5465.9733460535
"2018-08-27 19:00:00",2922,3239.79439410259,2473.34777425633,4006.24101394884,2067.61544215167,4411.9733460535
"2018-08-27 20:00:00",2536,2734.79439410259,1968.34777425633,3501.24101394884,1562.61544215167,3906.9733460535
"2018-08-27 21:00:00",2139,2248.79439410259,1482.34777425633,3015.24101394884,1076.61544215167,3420.9733460535
"2018-08-27 22:00:00",1503,1625.79439410259,859.347774256327,2392.24101394884,453.615442151667,2797.9733460535
"2018-08-27 23:00:00",1014,1013.79439410259,247.347774256327,1780.24101394884,-158.384557848333,2185.9733460535
"2018-08-28 00:00:00",576,667.794394102586,-98.6522257436731,1434.24101394884,-504.384557848333,1839.9733460535
"2018-08-28 01:00:00",364,424.794394102586,-341.652225743673,1191.24101394884,-747.384557848333,1596.9733460535
"2018-08-28 02:00:00",234,324.794394102586,-441.652225743673,1091.24101394884,-847.384557848333,1496.9733460535
"2018-08-28 03:00:00",367,344.794394102586,-421.652225743673,1111.24101394884,-827.384557848332,1516.9733460535
"2018-08-28 04:00:00",986,1004.79439410259,238.347774256328,1771.24101394884,-167.384557848332,2176.9733460535
"2018-08-28 05:00:00",3161,3144.79439410259,2378.34777425633,3911.24101394884,1972.61544215167,4316.9733460535
"2018-08-28 06:00:00",5611,5709.79439410259,4943.34777425633,6476.24101394884,4537.61544215167,6881.9733460535
"2018-08-28 07:00:00",6147,6845.79439410259,6079.34777425633,7612.24101394884,5673.61544215167,8017.9733460535
"2018-08-28 08:00:00",5692,6131.79439410259,5365.34777425633,6898.24101394884,4959.61544215167,7303.9733460535
"2018-08-28 09:00:00",5153,5061.79439410259,4295.34777425633,5828.24101394884,3889.61544215167,6233.9733460535
"2018-08-28 10:00:00",4624,4548.79439410259,3782.34777425633,5315.24101394884,3376.61544215167,5720.9733460535
"2018-08-28 11:00:00",4678,4660.79439410259,3894.34777425633,5427.24101394884,3488.61544215167,5832.9733460535
"2018-08-28 12:00:00",4954,4802.79439410259,4036.34777425633,5569.24101394884,3630.61544215167,5974.9733460535
"2018-08-28 13:00:00",5032,4770.79439410259,4004.34777425633,5537.24101394884,3598.61544215167,5942.9733460535
"2018-08-28 14:00:00",5273,5002.79439410259,4236.34777425633,5769.24101394884,3830.61544215167,6174.9733460535
"2018-08-28 15:00:00",5865,5668.79439410259,4902.34777425633,6435.24101394884,4496.61544215167,6840.9733460535
"2018-08-28 16:00:00",6657,6237.79439410259,5471.34777425633,7004.24101394884,5065.61544215167,7409.9733460535
"2018-08-28 17:00:00",5716,5883.79439410259,5117.34777425633,6650.24101394884,4711.61544215167,7055.9733460535
"2018-08-28 18:00:00",4363,4443.79439410259,3677.34777425633,5210.24101394884,3271.61544215167,5615.9733460535
"2018-08-28 19:00:00",3406,3418.79439410259,2652.34777425633,4185.24101394885,2246.61544215167,4590.97334605351
"2018-08-28 20:00:00",2896,3011.79439410259,2245.34777425633,3778.24101394885,1839.61544215166,4183.97334605351
"2018-08-28 21:00:00",2576,2512.79439410259,1746.34777425632,3279.24101394885,1340.61544215166,3684.97334605351
"2018-08-28 22:00:00",1733,1755.79439410259,989.347774256324,2522.24101394885,583.615442151663,2927.97334605351
"2018-08-28 23:00:00",1153,1125.79439410259,359.347774256324,1892.24101394885,-46.3845578483372,2297.97334605351
"2018-08-29 00:00:00",623,643.794394102586,-122.652225743676,1410.24101394885,-528.384557848337,1815.97334605351
"2018-08-29 01:00:00",335,433.794394102586,-332.652225743676,1200.24101394885,-738.384557848337,1605.97334605351
"2018-08-29 02:00:00",299,287.794394102586,-478.652225743676,1054.24101394885,-884.384557848337,1459.97334605351
"2018-08-29 03:00:00",372,401.794394102586,-364.652225743676,1168.24101394885,-770.384557848336,1573.97334605351
"2018-08-29 04:00:00",981,1002.79439410259,236.347774256325,1769.24101394885,-169.384557848336,2174.97334605351
"2018-08-29 05:00:00",3103,3171.79439410259,2405.34777425632,3938.24101394885,1999.61544215166,4343.97334605351
"2018-08-29 06:00:00",5902,5774.79439410259,5008.34777425632,6541.24101394885,4602.61544215166,6946.97334605351
"2018-08-29 07:00:00",6775,6597.79439410259,5831.34777425632,7364.24101394885,5425.61544215166,7769.97334605351
"2018-08-29 08:00:00",6164,6064.79439410259,5298.34777425632,6831.24101394885,4892.61544215166,7236.97334605351
"2018-08-29 09:00:00",5421,5124.79439410259,4358.34777425632,5891.24101394885,3952.61544215166,6296.97334605351
"2018-08-29 10:00:00",4871,4591.79439410259,3825.34777425632,5358.24101394885,3419.61544215166,5763.97334605351
"2018-08-29 11:00:00",4969,4742.79439410259,3976.34777425632,5509.24101394885,3570.61544215166,5914.97334605351
"2018-08-29 12:00:00",5134,5051.79439410259,4285.34777425632,5818.24101394885,3879.61544215166,6223.97334605351
"2018-08-29 13:00:00",4999,4946.79439410259,4180.34777425632,5713.24101394885,3774.61544215166,6118.97334605351
"2018-08-29 14:00:00",5349,5224.79439410259,4458.34777425632,5991.24101394885,4052.61544215166,6396.97334605351
"2018-08-29 15:00:00",5814,5715.79439410259,4949.34777425632,6482.24101394885,4543.61544215166,6887.97334605351
"2018-08-29 16:00:00",6578,6478.79439410259,5712.34777425633,7245.24101394885,5306.61544215166,7650.97334605351
"2018-08-29 17:00:00",5860,5827.79439410259,5061.34777425633,6594.24101394885,4655.61544215167,6999.97334605351
"2018-08-29 18:00:00",4554,4454.79439410259,3688.34777425633,5221.24101394884,3282.61544215167,5626.9733460535
"2018-08-29 19:00:00",3487,3452.79439410259,2686.34777425633,4219.24101394884,2280.61544215167,4624.9733460535
"2018-08-29 20:00:00",3205,3162.79439410259,2396.34777425633,3929.24101394884,1990.61544215167,4334.9733460535
"2018-08-29 21:00:00",2800,2635.79439410259,1869.34777425633,3402.24101394884,1463.61544215167,3807.9733460535
"2018-08-29 22:00:00",2106,1936.79439410259,1170.34777425633,2703.24101394884,764.615442151671,3108.9733460535
"2018-08-29 23:00:00",1272,1177.79439410259,411.34777425633,1944.24101394884,5.61544215167169,2349.9733460535
"2018-08-30 00:00:00",670,604.794394102586,-161.65222574367,1371.24101394884,-567.384557848327,1776.9733460535
"2018-08-30 01:00:00",456,410.794394102586,-355.652225743669,1177.24101394884,-761.384557848327,1582.9733460535
"2018-08-30 02:00:00",326,400.794394102586,-365.65222574367,1167.24101394884,-771.384557848327,1572.9733460535
"2018-08-30 03:00:00",388,389.794394102586,-376.65222574367,1156.24101394884,-782.384557848328,1561.9733460535
"2018-08-30 04:00:00",1008,984.794394102586,218.34777425633,1751.24101394884,-187.384557848328,2156.9733460535
"2018-08-30 05:00:00",3070,3171.79439410259,2405.34777425633,3938.24101394884,1999.61544215167,4343.9733460535
"2018-08-30 06:00:00",5886,5868.79439410259,5102.34777425633,6635.24101394884,4696.61544215167,7040.9733460535
"2018-08-30 07:00:00",6466,6823.79439410259,6057.34777425633,7590.24101394884,5651.61544215167,7995.9733460535
"2018-08-30 08:00:00",5995,6170.79439410259,5404.34777425633,6937.24101394884,4998.61544215167,7342.9733460535
"2018-08-30 09:00:00",5467,5591.79439410259,4825.34777425633,6358.24101394884,4419.61544215167,6763.9733460535
"2018-08-30 10:00:00",4911,4845.79439410259,4079.34777425633,5612.24101394884,3673.61544215167,6017.9733460535
"2018-08-30 11:00:00",5095,5023.79439410259,4257.34777425633,5790.24101394884,3851.61544215167,6195.9733460535
"2018-08-30 12:00:00",5308,5144.79439410259,4378.34777425633,5911.24101394884,3972.61544215167,6316.9733460535
"2018-08-30 13:00:00",5213,5059.79439410259,4293.34777425633,5826.24101394884,3887.61544215167,6231.9733460535
"2018-08-30 14:00:00",5680,5320.79439410259,4554.34777425633,6087.24101394884,4148.61544215167,6492.9733460535
"2018-08-30 15:00:00",6238,5856.79439410259,5090.34777425633,6623.24101394884,4684.61544215167,7028.9733460535
"2018-08-30 16:00:00",6453,6594.79439410259,5828.34777425633,7361.24101394884,5422.61544215167,7766.9733460535
"2018-08-30 17:00:00",5775,5788.79439410259,5022.34777425633,6555.24101394884,4616.61544215167,6960.9733460535
"2018-08-30 18:00:00",4531,4758.79439410259,3992.34777425633,5525.24101394884,3586.61544215167,5930.9733460535
"2018-08-30 19:00:00",3884,3527.79439410259,2761.34777425633,4294.24101394884,2355.61544215167,4699.9733460535
"2018-08-30 20:00:00",3332,3004.79439410259,2238.34777425633,3771.24101394884,1832.61544215167,4176.9733460535
"2018-08-30 21:00:00",3049,2725.79439410259,1959.34777425633,3492.24101394884,1553.61544215167,3897.9733460535
"2018-08-30 22:00:00",2221,2115.79439410259,1349.34777425633,2882.24101394884,943.615442151669,3287.9733460535
"2018-08-30 23:00:00",1396,1912.79439410259,1146.34777425633,2679.24101394884,740.615442151668,3084.9733460535
"2018-08-31 00:00:00",764,798.794394102586,32.3477742563274,1565.24101394884,-373.384557848332,1970.9733460535
"2018-08-31 01:00:00",456,513.794394102586,-252.652225743673,1280.24101394884,-658.384557848332,1685.9733460535
"2018-08-31 02:00:00",358,395.794394102586,-370.652225743673,1162.24101394884,-776.384557848332,1567.9733460535
"2018-08-31 03:00:00",378,432.794394102586,-333.652225743673,1199.24101394884,-739.384557848332,1604.9733460535
"2018-08-31 04:00:00",851,924.794394102586,158.347774256327,1691.24101394884,-247.384557848332,2096.9733460535
"2018-08-31 05:00:00",2754,2958.79439410259,2192.34777425633,3725.24101394884,1786.61544215167,4130.9733460535
"2018-08-31 06:00:00",5200,5267.79439410259,4501.34777425633,6034.24101394884,4095.61544215167,6439.9733460535
"2018-08-31 07:00:00",6270,6251.79439410259,5485.34777425633,7018.24101394884,5079.61544215167,7423.9733460535
"2018-08-31 08:00:00",5687,5695.79439410259,4929.34777425633,6462.24101394884,4523.61544215167,6867.9733460535
"2018-08-31 09:00:00",5328,4979.79439410259,4213.34777425633,5746.24101394884,3807.61544215167,6151.9733460535
"2018-08-31 10:00:00",5102,4547.79439410259,3781.34777425633,5314.24101394884,3375.61544215167,5719.9733460535
"2018-08-31 11:00:00",5359,4399.79439410259,3633.34777425633,5166.24101394884,3227.61544215167,5571.9733460535
"2018-08-31 12:00:00",5587,4979.79439410259,4213.34777425633,5746.24101394884,3807.61544215167,6151.9733460535
"2018-08-31 13:00:00",5400,5157.79439410259,4391.34777425633,5924.24101394884,3985.61544215167,6329.9733460535
"2018-08-31 14:00:00",5705,5507.79439410259,4741.34777425633,6274.24101394884,4335.61544215167,6679.9733460535
"2018-08-31 15:00:00",5998,5887.79439410259,5121.34777425633,6654.24101394884,4715.61544215167,7059.9733460535
"2018-08-31 16:00:00",5925,6096.79439410259,5330.34777425633,6863.24101394884,4924.61544215167,7268.9733460535
"2018-08-31 17:00:00",5418,5758.79439410259,4992.34777425633,6525.24101394884,4586.61544215167,6930.9733460535
"2018-08-31 18:00:00",4935,4763.79439410259,3997.34777425633,5530.24101394884,3591.61544215167,5935.9733460535
"2018-08-31 19:00:00",3945,3475.79439410259,2709.34777425633,4242.24101394884,2303.61544215167,4647.9733460535
"2018-08-31 20:00:00",3233,3084.79439410259,2318.34777425633,3851.24101394884,1912.61544215167,4256.9733460535
"2018-08-31 21:00:00",2910,3172.79439410259,2406.34777425633,3939.24101394884,2000.61544215167,4344.9733460535
"2018-08-31 22:00:00",2830,2443.79439410259,1677.34777425633,3210.24101394884,1271.61544215167,3615.9733460535
"2018-08-31 23:00:00",2147,1868.79439410259,1102.34777425633,2635.24101394884,696.615442151668,3040.9733460535
"2018-09-01 00:00:00",1335,1097.79439410259,331.347774256328,1864.24101394884,-74.3845578483313,2269.9733460535
"2018-09-01 01:00:00",785,733.794394102586,-32.6522257436715,1500.24101394884,-438.38455784833,1905.9733460535
"2018-09-01 02:00:00",569,503.794394102586,-262.652225743671,1270.24101394884,-668.38455784833,1675.9733460535
"2018-09-01 03:00:00",425,374.794394102586,-391.652225743671,1141.24101394884,-797.38455784833,1546.9733460535
"2018-09-01 04:00:00",419,508.794394102586,-257.652225743671,1275.24101394884,-663.38455784833,1680.9733460535
"2018-09-01 05:00:00",741,883.794394102586,117.347774256328,1650.24101394884,-288.384557848331,2055.9733460535
"2018-09-01 06:00:00",1529,1845.79439410259,1079.34777425633,2612.24101394884,673.615442151668,3017.9733460535
"2018-09-01 07:00:00",2477,2680.79439410259,1914.34777425633,3447.24101394884,1508.61544215167,3852.9733460535
"2018-09-01 08:00:00",3476,3511.79439410259,2745.34777425633,4278.24101394884,2339.61544215167,4683.9733460535
"2018-09-01 09:00:00",4212,4108.79439410259,3342.34777425633,4875.24101394884,2936.61544215167,5280.9733460535
"2018-09-01 10:00:00",4578,4517.79439410259,3751.34777425633,5284.24101394884,3345.61544215167,5689.9733460535
"2018-09-01 11:00:00",4897,4655.79439410259,3889.34777425633,5422.24101394884,3483.61544215167,5827.9733460535
"2018-09-01 12:00:00",4854,4854.79439410259,4088.34777425633,5621.24101394884,3682.61544215167,6026.9733460535
"2018-09-01 13:00:00",4972,4593.79439410259,3827.34777425633,5360.24101394884,3421.61544215167,5765.9733460535
"2018-09-01 14:00:00",5056,4704.79439410259,3938.34777425633,5471.24101394884,3532.61544215167,5876.9733460535
"2018-09-01 15:00:00",4719,5023.79439410259,4257.34777425633,5790.24101394884,3851.61544215167,6195.9733460535
"2018-09-01 16:00:00",4649,4685.79439410259,3919.34777425633,5452.24101394884,3513.61544215167,5857.9733460535
"2018-09-01 17:00:00",4622,4549.79439410259,3783.34777425633,5316.24101394884,3377.61544215167,5721.9733460535
"2018-09-01 18:00:00",4261,3922.79439410259,3156.34777425633,4689.24101394884,2750.61544215167,5094.9733460535
"2018-09-01 19:00:00",3518,3379.79439410259,2613.34777425633,4146.24101394884,2207.61544215167,4551.9733460535
"2018-09-01 20:00:00",3196,3079.79439410259,2313.34777425633,3846.24101394884,1907.61544215167,4251.9733460535
"2018-09-01 21:00:00",2880,3164.79439410259,2398.34777425633,3931.24101394884,1992.61544215167,4336.9733460535
"2018-09-01 22:00:00",2815,2721.79439410259,1955.34777425633,3488.24101394884,1549.61544215167,3893.9733460535
"2018-09-01 23:00:00",1945,2142.79439410259,1376.34777425633,2909.24101394884,970.615442151669,3314.9733460535
"2018-09-02 00:00:00",1273,1383.79439410259,617.347774256329,2150.24101394884,211.61544215167,2555.9733460535
"2018-09-02 01:00:00",801,863.794394102586,97.3477742563285,1630.24101394884,-308.38455784833,2035.9733460535
"2018-09-02 02:00:00",565,622.794394102586,-143.652225743672,1389.24101394884,-549.384557848331,1794.9733460535
"2018-09-02 03:00:00",386,390.794394102586,-375.652225743672,1157.24101394884,-781.384557848331,1562.9733460535
"2018-09-02 04:00:00",316,333.794394102586,-432.652225743672,1100.24101394884,-838.384557848332,1505.9733460535
"2018-09-02 05:00:00",532,559.794394102586,-206.652225743673,1326.24101394884,-612.384557848332,1731.9733460535
"2018-09-02 06:00:00",1003,1114.79439410259,348.347774256327,1881.24101394884,-57.3845578483324,2286.9733460535
"2018-09-02 07:00:00",1607,1665.79439410259,899.347774256327,2432.24101394884,493.615442151668,2837.9733460535
"2018-09-02 08:00:00",2334,2475.79439410259,1709.34777425633,3242.24101394884,1303.61544215167,3647.9733460535
"2018-09-02 09:00:00",2929,3416.79439410259,2650.34777425633,4183.24101394884,2244.61544215167,4588.9733460535
"2018-09-02 10:00:00",3571,4025.79439410259,3259.34777425633,4792.24101394884,2853.61544215167,5197.9733460535
"2018-09-02 11:00:00",4040,4402.79439410259,3636.34777425633,5169.24101394884,3230.61544215167,5574.9733460535
"2018-09-02 12:00:00",4549,4646.79439410259,3880.34777425633,5413.24101394884,3474.61544215167,5818.9733460535
"2018-09-02 13:00:00",4414,4502.79439410259,3736.34777425633,5269.24101394884,3330.61544215167,5674.9733460535
"2018-09-02 14:00:00",4299,4573.79439410259,3807.34777425633,5340.24101394884,3401.61544215167,5745.9733460535
"2018-09-02 15:00:00",4330,4297.79439410259,3531.34777425633,5064.24101394884,3125.61544215167,5469.9733460535
"2018-09-02 16:00:00",4197,4267.79439410259,3501.34777425633,5034.24101394884,3095.61544215167,5439.9733460535
"2018-09-02 17:00:00",3833,4006.79439410259,3240.34777425633,4773.24101394884,2834.61544215167,5178.9733460535
"2018-09-02 18:00:00",3601,3696.79439410259,2930.34777425633,4463.24101394884,2524.61544215167,4868.9733460535
"2018-09-02 19:00:00",3098,3173.79439410259,2407.34777425633,3940.24101394884,2001.61544215167,4345.9733460535
"2018-09-02 20:00:00",3115,2848.79439410259,2082.34777425633,3615.24101394884,1676.61544215167,4020.9733460535
"2018-09-02 21:00:00",2669,2338.79439410259,1572.34777425633,3105.24101394884,1166.61544215167,3510.9733460535
"2018-09-02 22:00:00",2066,1921.79439410259,1155.34777425633,2688.24101394884,749.615442151672,3093.9733460535
"2018-09-02 23:00:00",1475,1216.79439410259,450.34777425633,1983.24101394884,44.6154421516724,2388.9733460535
"2018-09-03 00:00:00",962,335.63300161387,-430.813618232386,1102.07962146013,-836.545950337043,1507.81195356478
"2018-09-03 01:00:00",694,6.63300161386985,-759.813618232386,773.079621460125,-1165.54595033704,1178.81195356478
"2018-09-03 02:00:00",421,-38.3669983861301,-804.813618232386,728.079621460126,-1210.54595033704,1133.81195356478
"2018-09-03 03:00:00",310,27.6330016138699,-738.813618232386,794.079621460126,-1144.54595033704,1199.81195356478
"2018-09-03 04:00:00",325,602.63300161387,-163.813618232386,1369.07962146013,-569.545950337044,1774.81195356478
"2018-09-03 05:00:00",590,2798.63300161387,2032.18638176761,3565.07962146013,1626.45404966296,3970.81195356478
"2018-09-03 06:00:00",1141,5244.63300161387,4478.18638176761,6011.07962146013,4072.45404966296,6416.81195356478
"2018-09-03 07:00:00",1556,6162.63300161387,5396.18638176761,6929.07962146013,4990.45404966296,7334.81195356478
"2018-09-03 08:00:00",1995,5794.63300161387,5028.18638176762,6561.07962146012,4622.45404966296,6966.81195356478
"2018-09-03 09:00:00",2524,4763.63300161387,3997.18638176762,5530.07962146012,3591.45404966296,5935.81195356478
"2018-09-03 10:00:00",3050,4341.63300161387,3575.18638176762,5108.07962146012,3169.45404966296,5513.81195356478
"2018-09-03 11:00:00",3616,4444.63300161387,3678.18638176762,5211.07962146012,3272.45404966296,5616.81195356478
"2018-09-03 12:00:00",3901,4549.63300161387,3783.18638176762,5316.07962146012,3377.45404966296,5721.81195356478
"2018-09-03 13:00:00",4110,4559.63300161387,3793.18638176762,5326.07962146012,3387.45404966296,5731.81195356478
"2018-09-03 14:00:00",4446,4717.63300161387,3951.18638176762,5484.07962146012,3545.45404966296,5889.81195356478
"2018-09-03 15:00:00",4411,5330.63300161387,4564.18638176762,6097.07962146012,4158.45404966296,6502.81195356478
"2018-09-03 16:00:00",4017,6204.63300161387,5438.18638176762,6971.07962146012,5032.45404966296,7376.81195356478
"2018-09-03 17:00:00",3900,4967.63300161387,4201.18638176761,5734.07962146013,3795.45404966296,6139.81195356478
"2018-09-03 18:00:00",3487,3298.63300161387,2532.18638176761,4065.07962146013,2126.45404966296,4470.81195356478
"2018-09-03 19:00:00",3006,2591.63300161387,1825.18638176761,3358.07962146013,1419.45404966296,3763.81195356478
"2018-09-03 20:00:00",2627,2205.63300161387,1439.18638176761,2972.07962146013,1033.45404966296,3377.81195356478
"2018-09-03 21:00:00",2081,1808.63300161387,1042.18638176761,2575.07962146013,636.454049662955,2980.81195356478
"2018-09-03 22:00:00",1588,1172.63300161387,406.186381767613,1939.07962146013,0.454049662954731,2344.81195356479
"2018-09-03 23:00:00",1012,683.63300161387,-82.8136182323869,1450.07962146013,-488.545950337046,1855.81195356479
"2018-09-04 00:00:00",528,584.794394102586,-181.652225743672,1351.24101394884,-587.384557848331,1756.9733460535
"2018-09-04 01:00:00",321,372.794394102586,-393.652225743672,1139.24101394884,-799.384557848331,1544.9733460535
"2018-09-04 02:00:00",254,242.794394102586,-523.652225743672,1009.24101394884,-929.384557848331,1414.9733460535
"2018-09-04 03:00:00",332,375.794394102586,-390.652225743672,1142.24101394884,-796.384557848331,1547.9733460535
"2018-09-04 04:00:00",901,994.794394102586,228.347774256328,1761.24101394884,-177.384557848332,2166.9733460535
"2018-09-04 05:00:00",2863,3169.79439410259,2403.34777425633,3936.24101394884,1997.61544215167,4341.9733460535
"2018-09-04 06:00:00",5280,5619.79439410259,4853.34777425633,6386.24101394884,4447.61544215167,6791.9733460535
"2018-09-04 07:00:00",6379,6155.79439410259,5389.34777425633,6922.24101394884,4983.61544215167,7327.9733460535
"2018-09-04 08:00:00",5856,5700.79439410259,4934.34777425633,6467.24101394884,4528.61544215167,6872.97334605351
"2018-09-04 09:00:00",5242,5161.79439410259,4395.34777425633,5928.24101394885,3989.61544215167,6333.97334605351
"2018-09-04 10:00:00",4403,4632.79439410259,3866.34777425633,5399.24101394885,3460.61544215166,5804.97334605351
"2018-09-04 11:00:00",4477,4686.79439410259,3920.34777425633,5453.24101394885,3514.61544215166,5858.97334605351
"2018-09-04 12:00:00",4583,4962.79439410259,4196.34777425633,5729.24101394885,3790.61544215166,6134.97334605351
"2018-09-04 13:00:00",4652,5040.79439410259,4274.34777425633,5807.24101394885,3868.61544215166,6212.97334605351
"2018-09-04 14:00:00",4785,5281.79439410259,4515.34777425633,6048.24101394885,4109.61544215166,6453.97334605351
"2018-09-04 15:00:00",5436,5873.79439410259,5107.34777425633,6640.24101394885,4701.61544215167,7045.97334605351
"2018-09-04 16:00:00",5667,6665.79439410259,5899.34777425633,7432.24101394885,5493.61544215167,7837.97334605351
"2018-09-04 17:00:00",5494,5724.79439410259,4958.34777425633,6491.24101394885,4552.61544215167,6896.97334605351
"2018-09-04 18:00:00",4383,4371.79439410259,3605.34777425633,5138.24101394885,3199.61544215167,5543.97334605351
"2018-09-04 19:00:00",3017,3414.79439410259,2648.34777425633,4181.24101394885,2242.61544215166,4586.97334605351
"2018-09-04 20:00:00",2385,2904.79439410259,2138.34777425633,3671.24101394885,1732.61544215166,4076.97334605351
"2018-09-04 21:00:00",2105,2584.79439410259,1818.34777425633,3351.24101394885,1412.61544215166,3756.97334605351
"2018-09-04 22:00:00",1351,1741.79439410259,975.347774256324,2508.24101394885,569.615442151664,2913.97334605351
"2018-09-04 23:00:00",921,1161.79439410259,395.347774256324,1928.24101394885,-10.3845578483372,2333.97334605351
"2018-09-05 00:00:00",522,631.794394102586,-134.652225743676,1398.24101394885,-540.384557848337,1803.97334605351
"2018-09-05 01:00:00",304,343.794394102586,-422.652225743676,1110.24101394885,-828.384557848337,1515.97334605351
"2018-09-05 02:00:00",254,307.794394102586,-458.652225743676,1074.24101394885,-864.384557848337,1479.97334605351
"2018-09-05 03:00:00",323,380.794394102586,-385.652225743676,1147.24101394885,-791.384557848337,1552.97334605351
"2018-09-05 04:00:00",882,989.794394102586,223.347774256325,1756.24101394885,-182.384557848336,2161.97334605351
"2018-09-05 05:00:00",3013,3111.79439410259,2345.34777425632,3878.24101394885,1939.61544215166,4283.97334605351
"2018-09-05 06:00:00",5633,5910.79439410259,5144.34777425632,6677.24101394885,4738.61544215166,7082.97334605351
"2018-09-05 07:00:00",6668,6783.79439410259,6017.34777425633,7550.24101394885,5611.61544215166,7955.97334605351
"2018-09-05 08:00:00",6327,6172.79439410259,5406.34777425633,6939.24101394885,5000.61544215166,7344.97334605351
"2018-09-05 09:00:00",5237,5429.79439410259,4663.34777425633,6196.24101394885,4257.61544215167,6601.97334605351
"2018-09-05 10:00:00",4599,4879.79439410259,4113.34777425633,5646.24101394884,3707.61544215167,6051.97334605351
"2018-09-05 11:00:00",4635,4977.79439410259,4211.34777425633,5744.24101394884,3805.61544215167,6149.9733460535
"2018-09-05 12:00:00",5001,5142.79439410259,4376.34777425633,5909.24101394884,3970.61544215167,6314.9733460535
"2018-09-05 13:00:00",4781,5007.79439410259,4241.34777425633,5774.24101394884,3835.61544215167,6179.9733460535
"2018-09-05 14:00:00",4816,5357.79439410259,4591.34777425633,6124.24101394884,4185.61544215167,6529.9733460535
"2018-09-05 15:00:00",5661,5822.79439410259,5056.34777425633,6589.24101394884,4650.61544215167,6994.9733460535
"2018-09-05 16:00:00",6555,6586.79439410259,5820.34777425633,7353.24101394884,5414.61544215167,7758.9733460535
"2018-09-05 17:00:00",5938,5868.79439410259,5102.34777425633,6635.24101394884,4696.61544215167,7040.9733460535
"2018-09-05 18:00:00",4426,4562.79439410259,3796.34777425633,5329.24101394884,3390.61544215167,5734.9733460535
"2018-09-05 19:00:00",3414,3495.79439410259,2729.34777425633,4262.24101394884,2323.61544215167,4667.9733460535
"2018-09-05 20:00:00",3130,3213.79439410259,2447.34777425633,3980.24101394884,2041.61544215167,4385.9733460535
"2018-09-05 21:00:00",2532,2808.79439410259,2042.34777425633,3575.24101394884,1636.61544215167,3980.9733460535
"2018-09-05 22:00:00",1629,2114.79439410259,1348.34777425633,2881.24101394885,942.615442151665,3286.97334605351
"2018-09-05 23:00:00",993,1280.79439410259,514.347774256325,2047.24101394885,108.615442151665,2452.97334605351
"2018-09-06 00:00:00",570,678.794394102586,-87.6522257436746,1445.24101394885,-493.384557848335,1850.97334605351
"2018-09-06 01:00:00",350,464.794394102586,-301.652225743675,1231.24101394885,-707.384557848335,1636.97334605351
"2018-09-06 02:00:00",281,334.794394102586,-431.652225743675,1101.24101394885,-837.384557848335,1506.97334605351
"2018-09-06 03:00:00",337,396.794394102586,-369.652225743675,1163.24101394885,-775.384557848335,1568.97334605351
"2018-09-06 04:00:00",909,1016.79439410259,250.347774256325,1783.24101394885,-155.384557848336,2188.97334605351
"2018-09-06 05:00:00",3036,3078.79439410259,2312.34777425632,3845.24101394885,1906.61544215166,4250.97334605351
"2018-09-06 06:00:00",5868,5894.79439410259,5128.34777425632,6661.24101394885,4722.61544215166,7066.97334605351
"2018-09-06 07:00:00",6526,6474.79439410259,5708.34777425633,7241.24101394885,5302.61544215166,7646.97334605351
"2018-09-06 08:00:00",5996,6003.79439410259,5237.34777425633,6770.24101394885,4831.61544215167,7175.97334605351
"2018-09-06 09:00:00",5328,5475.79439410259,4709.34777425633,6242.24101394884,4303.61544215167,6647.97334605351
"2018-09-06 10:00:00",4579,4919.79439410259,4153.34777425633,5686.24101394884,3747.61544215167,6091.97334605351
"2018-09-06 11:00:00",4727,5103.79439410259,4337.34777425633,5870.24101394884,3931.61544215167,6275.9733460535
"2018-09-06 12:00:00",4765,5316.79439410259,4550.34777425633,6083.24101394884,4144.61544215167,6488.9733460535
"2018-09-06 13:00:00",4853,5221.79439410259,4455.34777425633,5988.24101394884,4049.61544215167,6393.9733460535
"2018-09-06 14:00:00",4947,5688.79439410259,4922.34777425633,6455.24101394884,4516.61544215167,6860.9733460535
"2018-09-06 15:00:00",5786,6246.79439410259,5480.34777425633,7013.24101394884,5074.61544215167,7418.9733460535
"2018-09-06 16:00:00",6396,6461.79439410259,5695.34777425633,7228.24101394884,5289.61544215167,7633.9733460535
"2018-09-06 17:00:00",6008,5783.79439410259,5017.34777425633,6550.24101394884,4611.61544215167,6955.9733460535
"2018-09-06 18:00:00",4373,4539.79439410259,3773.34777425633,5306.24101394884,3367.61544215167,5711.9733460535
"2018-09-06 19:00:00",3382,3892.79439410259,3126.34777425633,4659.24101394884,2720.61544215167,5064.9733460535
"2018-09-06 20:00:00",3223,3340.79439410259,2574.34777425633,4107.24101394884,2168.61544215167,4512.9733460535
"2018-09-06 21:00:00",2712,3057.79439410259,2291.34777425633,3824.24101394884,1885.61544215167,4229.9733460535
"2018-09-06 22:00:00",2096,2229.79439410259,1463.34777425633,2996.24101394884,1057.61544215167,3401.9733460535
"2018-09-06 23:00:00",1248,1404.79439410259,638.347774256329,2171.24101394884,232.61544215167,2576.9733460535
"2018-09-07 00:00:00",550,772.794394102586,6.34777425632865,1539.24101394884,-399.38455784833,1944.9733460535
"2018-09-07 01:00:00",417,464.794394102586,-301.652225743671,1231.24101394884,-707.38455784833,1636.9733460535
"2018-09-07 02:00:00",307,366.794394102586,-399.652225743671,1133.24101394884,-805.38455784833,1538.9733460535
"2018-09-07 03:00:00",338,386.794394102586,-379.652225743672,1153.24101394884,-785.384557848331,1558.9733460535
"2018-09-07 04:00:00",892,859.794394102586,93.3477742563281,1626.24101394884,-312.384557848331,2031.9733460535
"2018-09-07 05:00:00",2942,2762.79439410259,1996.34777425633,3529.24101394884,1590.61544215167,3934.9733460535
"2018-09-07 06:00:00",5542,5208.79439410259,4442.34777425633,5975.24101394884,4036.61544215167,6380.9733460535
"2018-09-07 07:00:00",6675,6278.79439410259,5512.34777425633,7045.24101394884,5106.61544215167,7450.9733460535
"2018-09-07 08:00:00",5923,5695.79439410259,4929.34777425633,6462.24101394884,4523.61544215167,6867.9733460535
"2018-09-07 09:00:00",5061,5336.79439410259,4570.34777425633,6103.24101394884,4164.61544215167,6508.9733460535
"2018-09-07 10:00:00",4720,5110.79439410259,4344.34777425633,5877.24101394884,3938.61544215167,6282.97334605351
"2018-09-07 11:00:00",4700,5367.79439410259,4601.34777425633,6134.24101394885,4195.61544215167,6539.97334605351
"2018-09-07 12:00:00",5073,5595.79439410259,4829.34777425633,6362.24101394885,4423.61544215166,6767.97334605351
"2018-09-07 13:00:00",4832,5408.79439410259,4642.34777425632,6175.24101394885,4236.61544215166,6580.97334605351
"2018-09-07 14:00:00",5163,5713.79439410259,4947.34777425632,6480.24101394885,4541.61544215166,6885.97334605351
"2018-09-07 15:00:00",4831,6006.79439410259,5240.34777425632,6773.24101394885,4834.61544215166,7178.97334605351
"2018-09-07 16:00:00",6148,5933.79439410259,5167.34777425633,6700.24101394885,4761.61544215166,7105.97334605351
"2018-09-07 17:00:00",5426,5426.79439410259,4660.34777425633,6193.24101394885,4254.61544215167,6598.97334605351
"2018-09-07 18:00:00",4699,4943.79439410259,4177.34777425633,5710.24101394884,3771.61544215167,6115.9733460535
"2018-09-07 19:00:00",3734,3953.79439410259,3187.34777425633,4720.24101394884,2781.61544215167,5125.9733460535
"2018-09-07 20:00:00",3360,3241.79439410259,2475.34777425633,4008.24101394884,2069.61544215167,4413.9733460535
"2018-09-07 21:00:00",2803,2918.79439410259,2152.34777425633,3685.24101394884,1746.61544215167,4090.9733460535
"2018-09-07 22:00:00",2669,2838.79439410259,2072.34777425633,3605.24101394884,1666.61544215167,4010.9733460535
"2018-09-07 23:00:00",1957,2155.79439410259,1389.34777425633,2922.24101394884,983.615442151668,3327.9733460535
"2018-09-08 00:00:00",1131,1343.79439410259,577.347774256327,2110.24101394884,171.615442151668,2515.9733460535
"2018-09-08 01:00:00",690,793.794394102586,27.3477742563272,1560.24101394884,-378.384557848332,1965.9733460535
"2018-09-08 02:00:00",488,577.794394102586,-188.652225743673,1344.24101394884,-594.384557848332,1749.9733460535
"2018-09-08 03:00:00",393,433.794394102586,-332.652225743672,1200.24101394884,-738.384557848332,1605.9733460535
"2018-09-08 04:00:00",459,427.794394102586,-338.652225743672,1194.24101394884,-744.384557848331,1599.9733460535
"2018-09-08 05:00:00",830,749.794394102586,-16.6522257436723,1516.24101394884,-422.384557848331,1921.9733460535
"2018-09-08 06:00:00",1504,1537.79439410259,771.347774256328,2304.24101394884,365.615442151669,2709.9733460535
"2018-09-08 07:00:00",2063,2485.79439410259,1719.34777425633,3252.24101394884,1313.61544215167,3657.9733460535
"2018-09-08 08:00:00",3043,3484.79439410259,2718.34777425633,4251.24101394884,2312.61544215167,4656.9733460535
"2018-09-08 09:00:00",3588,4220.79439410259,3454.34777425633,4987.24101394884,3048.61544215167,5392.9733460535
"2018-09-08 10:00:00",4039,4586.79439410259,3820.34777425633,5353.24101394884,3414.61544215167,5758.9733460535
"2018-09-08 11:00:00",4249,4905.79439410259,4139.34777425633,5672.24101394884,3733.61544215167,6077.9733460535
"2018-09-08 12:00:00",4690,4862.79439410259,4096.34777425633,5629.24101394884,3690.61544215167,6034.9733460535
"2018-09-08 13:00:00",4550,4980.79439410259,4214.34777425633,5747.24101394884,3808.61544215167,6152.9733460535
"2018-09-08 14:00:00",4612,5064.79439410259,4298.34777425633,5831.24101394884,3892.61544215167,6236.9733460535
"2018-09-08 15:00:00",4756,4727.79439410259,3961.34777425633,5494.24101394884,3555.61544215167,5899.9733460535
"2018-09-08 16:00:00",4848,4657.79439410259,3891.34777425633,5424.24101394884,3485.61544215167,5829.9733460535
"2018-09-08 17:00:00",4125,4630.79439410259,3864.34777425633,5397.24101394884,3458.61544215167,5802.9733460535
"2018-09-08 18:00:00",3745,4269.79439410259,3503.34777425633,5036.24101394884,3097.61544215167,5441.9733460535
"2018-09-08 19:00:00",3399,3526.79439410259,2760.34777425633,4293.24101394884,2354.61544215167,4698.9733460535
"2018-09-08 20:00:00",3245,3204.79439410259,2438.34777425633,3971.24101394884,2032.61544215167,4376.9733460535
"2018-09-08 21:00:00",2814,2888.79439410259,2122.34777425633,3655.24101394884,1716.61544215167,4060.9733460535
"2018-09-08 22:00:00",2478,2823.79439410259,2057.34777425633,3590.24101394884,1651.61544215167,3995.9733460535
"2018-09-08 23:00:00",1916,1953.79439410259,1187.34777425633,2720.24101394884,781.615442151667,3125.9733460535
"2018-09-09 00:00:00",1286,1281.79439410259,515.347774256327,2048.24101394884,109.615442151667,2453.9733460535
"2018-09-09 01:00:00",794,809.794394102586,43.3477742563269,1576.24101394884,-362.384557848333,1981.9733460535
"2018-09-09 02:00:00",620,573.794394102586,-192.652225743673,1340.24101394884,-598.384557848333,1745.9733460535
"2018-09-09 03:00:00",345,394.794394102586,-371.652225743673,1161.24101394884,-777.384557848332,1566.9733460535
"2018-09-09 04:00:00",353,324.794394102586,-441.652225743672,1091.24101394884,-847.384557848332,1496.9733460535
"2018-09-09 05:00:00",541,540.794394102586,-225.652225743672,1307.24101394884,-631.384557848331,1712.9733460535
"2018-09-09 06:00:00",1140,1011.79439410259,245.347774256328,1778.24101394884,-160.384557848331,2183.9733460535
"2018-09-09 07:00:00",1806,1615.79439410259,849.347774256328,2382.24101394884,443.615442151669,2787.9733460535
"2018-09-09 08:00:00",2224,2342.79439410259,1576.34777425633,3109.24101394884,1170.61544215167,3514.9733460535
"2018-09-09 09:00:00",3449,2937.79439410259,2171.34777425633,3704.24101394884,1765.61544215167,4109.9733460535
"2018-09-09 10:00:00",4322,3579.79439410259,2813.34777425633,4346.24101394884,2407.61544215167,4751.9733460535
"2018-09-09 11:00:00",4273,4048.79439410259,3282.34777425633,4815.24101394884,2876.61544215167,5220.9733460535
"2018-09-09 12:00:00",3990,4557.79439410259,3791.34777425633,5324.24101394884,3385.61544215167,5729.9733460535
"2018-09-09 13:00:00",3993,4422.79439410259,3656.34777425633,5189.24101394884,3250.61544215167,5594.9733460535
"2018-09-09 14:00:00",3852,4307.79439410259,3541.34777425633,5074.24101394884,3135.61544215167,5479.9733460535
"2018-09-09 15:00:00",3888,4338.79439410259,3572.34777425633,5105.24101394884,3166.61544215167,5510.9733460535
"2018-09-09 16:00:00",4126,4205.79439410259,3439.34777425633,4972.24101394884,3033.61544215167,5377.9733460535
"2018-09-09 17:00:00",3959,3841.79439410259,3075.34777425633,4608.24101394884,2669.61544215167,5013.9733460535
"2018-09-09 18:00:00",3692,3609.79439410259,2843.34777425633,4376.24101394884,2437.61544215167,4781.9733460535
"2018-09-09 19:00:00",3258,3106.79439410259,2340.34777425633,3873.24101394884,1934.61544215167,4278.9733460535
"2018-09-09 20:00:00",2755,3123.79439410259,2357.34777425633,3890.24101394884,1951.61544215167,4295.9733460535
"2018-09-09 21:00:00",2140,2677.79439410259,1911.34777425633,3444.24101394884,1505.61544215167,3849.9733460535
"2018-09-09 22:00:00",1534,2074.79439410259,1308.34777425633,2841.24101394884,902.615442151674,3246.9733460535
"2018-09-09 23:00:00",996,1483.79439410259,717.347774256332,2250.24101394884,311.615442151675,2655.9733460535
"2018-09-10 00:00:00",534,970.794394102586,204.347774256333,1737.24101394884,-201.384557848324,2142.9733460535
"2018-09-10 01:00:00",303,702.794394102586,-63.6522257436671,1469.24101394884,-469.384557848324,1874.97334605349
"2018-09-10 02:00:00",286,429.794394102586,-336.652225743667,1196.24101394884,-742.384557848324,1601.97334605349
"2018-09-10 03:00:00",329,318.794394102586,-447.652225743667,1085.24101394884,-853.384557848324,1490.97334605349
"2018-09-10 04:00:00",861,333.794394102586,-432.652225743667,1100.24101394884,-838.384557848323,1505.97334605349
"2018-09-10 05:00:00",2963,598.794394102586,-167.652225743667,1365.24101394884,-573.384557848323,1770.97334605349
"2018-09-10 06:00:00",5721,1149.79439410259,383.347774256333,1916.24101394884,-22.3845578483233,2321.97334605349
"2018-09-10 07:00:00",6561,1564.79439410259,798.347774256333,2331.24101394884,392.615442151676,2736.97334605349
"2018-09-10 08:00:00",6009,2003.79439410259,1237.34777425633,2770.24101394884,831.615442151676,3175.97334605349
"2018-09-10 09:00:00",5236,2532.79439410259,1766.34777425633,3299.24101394884,1360.61544215168,3704.9733460535
"2018-09-10 10:00:00",4201,3058.79439410259,2292.34777425633,3825.24101394884,1886.61544215168,4230.9733460535
"2018-09-10 11:00:00",4498,3624.79439410259,2858.34777425633,4391.24101394884,2452.61544215168,4796.9733460535
"2018-09-10 12:00:00",4724,3909.79439410259,3143.34777425633,4676.24101394884,2737.61544215168,5081.9733460535
"2018-09-10 13:00:00",4462,4118.79439410259,3352.34777425633,4885.24101394884,2946.61544215168,5290.9733460535
"2018-09-10 14:00:00",5016,4454.79439410259,3688.34777425633,5221.24101394884,3282.61544215168,5626.9733460535
"2018-09-10 15:00:00",5688,4419.79439410259,3653.34777425633,5186.24101394884,3247.61544215168,5591.9733460535
"2018-09-10 16:00:00",6344,4025.79439410259,3259.34777425633,4792.24101394884,2853.61544215168,5197.9733460535
"2018-09-10 17:00:00",5857,3908.79439410259,3142.34777425633,4675.24101394884,2736.61544215168,5080.9733460535
"2018-09-10 18:00:00",4245,3495.79439410259,2729.34777425633,4262.24101394884,2323.61544215168,4667.9733460535
"2018-09-10 19:00:00",3184,3014.79439410259,2248.34777425633,3781.24101394884,1842.61544215168,4186.9733460535
"2018-09-10 20:00:00",2732,2635.79439410259,1869.34777425633,3402.24101394884,1463.61544215167,3807.9733460535
"2018-09-10 21:00:00",2235,2089.79439410259,1323.34777425633,2856.24101394884,917.615442151674,3261.9733460535
"2018-09-10 22:00:00",1389,1596.79439410259,830.347774256331,2363.24101394884,424.615442151674,2768.9733460535
"2018-09-10 23:00:00",887,1020.79439410259,254.347774256331,1787.24101394884,-151.384557848327,2192.9733460535
"2018-09-11 00:00:00",516,536.794394102586,-229.652225743669,1303.24101394884,-635.384557848327,1708.9733460535
"2018-09-11 01:00:00",330,329.794394102586,-436.65222574367,1096.24101394884,-842.384557848327,1501.9733460535
"2018-09-11 02:00:00",265,262.794394102586,-503.65222574367,1029.24101394884,-909.384557848328,1434.9733460535
"2018-09-11 03:00:00",332,340.794394102586,-425.652225743671,1107.24101394884,-831.384557848329,1512.9733460535
"2018-09-11 04:00:00",891,909.794394102586,143.347774256329,1676.24101394884,-262.384557848329,2081.9733460535
"2018-09-11 05:00:00",3055,2871.79439410259,2105.34777425633,3638.24101394884,1699.61544215167,4043.9733460535
"2018-09-11 06:00:00",5927,5288.79439410259,4522.34777425633,6055.24101394884,4116.61544215167,6460.9733460535
"2018-09-11 07:00:00",6496,6387.79439410259,5621.34777425633,7154.24101394884,5215.61544215167,7559.9733460535
"2018-09-11 08:00:00",6123,5864.79439410259,5098.34777425633,6631.24101394884,4692.61544215167,7036.9733460535
"2018-09-11 09:00:00",5471,5250.79439410259,4484.34777425633,6017.24101394884,4078.61544215167,6422.9733460535
"2018-09-11 10:00:00",4257,4411.79439410259,3645.34777425633,5178.24101394884,3239.61544215167,5583.9733460535
"2018-09-11 11:00:00",5074,4485.79439410259,3719.34777425633,5252.24101394884,3313.61544215167,5657.9733460535
"2018-09-11 12:00:00",4734,4591.79439410259,3825.34777425633,5358.24101394884,3419.61544215167,5763.9733460535
"2018-09-11 13:00:00",4875,4660.79439410259,3894.34777425633,5427.24101394884,3488.61544215167,5832.9733460535
"2018-09-11 14:00:00",4922,4793.79439410259,4027.34777425633,5560.24101394884,3621.61544215167,5965.9733460535
"2018-09-11 15:00:00",5636,5444.79439410259,4678.34777425633,6211.24101394884,4272.61544215167,6616.9733460535
"2018-09-11 16:00:00",6601,5675.79439410259,4909.34777425633,6442.24101394884,4503.61544215167,6847.9733460535
"2018-09-11 17:00:00",5859,5502.79439410259,4736.34777425633,6269.24101394884,4330.61544215167,6674.9733460535
"2018-09-11 18:00:00",4372,4391.79439410259,3625.34777425633,5158.24101394884,3219.61544215167,5563.9733460535
"2018-09-11 19:00:00",3427,3025.79439410259,2259.34777425633,3792.24101394884,1853.61544215167,4197.9733460535
"2018-09-11 20:00:00",3114,2393.79439410259,1627.34777425633,3160.24101394884,1221.61544215167,3565.9733460535
"2018-09-11 21:00:00",2501,2113.79439410259,1347.34777425633,2880.24101394884,941.615442151669,3285.9733460535
"2018-09-11 22:00:00",1860,1359.79439410259,593.347774256328,2126.24101394884,187.615442151669,2531.9733460535
"2018-09-11 23:00:00",2682,929.794394102586,163.347774256329,1696.24101394884,-242.38455784833,2101.9733460535
"2018-09-12 00:00:00",750,530.794394102586,-235.652225743671,1297.24101394884,-641.38455784833,1702.9733460535
"2018-09-12 01:00:00",344,312.794394102586,-453.652225743671,1079.24101394884,-859.38455784833,1484.9733460535
"2018-09-12 02:00:00",314,262.794394102586,-503.652225743671,1029.24101394884,-909.38455784833,1434.9733460535
"2018-09-12 03:00:00",371,331.794394102586,-434.652225743671,1098.24101394884,-840.38455784833,1503.9733460535
"2018-09-12 04:00:00",937,890.794394102586,124.347774256329,1657.24101394884,-281.38455784833,2062.9733460535
"2018-09-12 05:00:00",3085,3021.79439410259,2255.34777425633,3788.24101394884,1849.61544215167,4193.9733460535
"2018-09-12 06:00:00",5908,5641.79439410259,4875.34777425633,6408.24101394884,4469.61544215167,6813.9733460535
"2018-09-12 07:00:00",6677,6676.79439410259,5910.34777425633,7443.24101394884,5504.61544215167,7848.9733460535
"2018-09-12 08:00:00",6297,6335.79439410259,5569.34777425633,7102.24101394884,5163.61544215167,7507.9733460535
"2018-09-12 09:00:00",5551,5245.79439410259,4479.34777425633,6012.24101394884,4073.61544215167,6417.9733460535
"2018-09-12 10:00:00",4499,4607.79439410259,3841.34777425633,5374.24101394885,3435.61544215167,5779.97334605351
"2018-09-12 11:00:00",4598,4643.79439410259,3877.34777425633,5410.24101394885,3471.61544215166,5815.97334605351
"2018-09-12 12:00:00",4759,5009.79439410259,4243.34777425632,5776.24101394885,3837.61544215166,6181.97334605351
"2018-09-12 13:00:00",4733,4789.79439410259,4023.34777425632,5556.24101394885,3617.61544215166,5961.97334605351
"2018-09-12 14:00:00",5056,4824.79439410259,4058.34777425632,5591.24101394885,3652.61544215166,5996.97334605351
"2018-09-12 15:00:00",5739,5669.79439410259,4903.34777425632,6436.24101394885,4497.61544215166,6841.97334605351
"2018-09-12 16:00:00",6450,6563.79439410259,5797.34777425632,7330.24101394885,5391.61544215166,7735.97334605351
"2018-09-12 17:00:00",6245,5946.79439410259,5180.34777425632,6713.24101394885,4774.61544215166,7118.97334605351
"2018-09-12 18:00:00",4668,4434.79439410259,3668.34777425632,5201.24101394885,3262.61544215166,5606.97334605351
"2018-09-12 19:00:00",3510,3422.79439410259,2656.34777425632,4189.24101394885,2250.61544215166,4594.97334605351
"2018-09-12 20:00:00",3064,3138.79439410259,2372.34777425632,3905.24101394885,1966.61544215166,4310.97334605351
"2018-09-12 21:00:00",2705,2540.79439410259,1774.34777425632,3307.24101394885,1368.61544215166,3712.97334605351
"2018-09-12 22:00:00",1813,1637.79439410259,871.347774256324,2404.24101394885,465.615442151663,2809.97334605351
"2018-09-12 23:00:00",2842,1001.79439410259,235.347774256324,1768.24101394885,-170.384557848337,2173.97334605351
"2018-09-13 00:00:00",699,578.794394102586,-187.652225743676,1345.24101394885,-593.384557848336,1750.97334605351
"2018-09-13 01:00:00",413,358.794394102586,-407.652225743676,1125.24101394885,-813.384557848336,1530.97334605351
"2018-09-13 02:00:00",332,289.794394102586,-476.652225743676,1056.24101394885,-882.384557848337,1461.97334605351
"2018-09-13 03:00:00",383,345.794394102586,-420.652225743676,1112.24101394885,-826.384557848337,1517.97334605351
"2018-09-13 04:00:00",914,917.794394102586,151.347774256324,1684.24101394885,-254.384557848337,2089.97334605351
"2018-09-13 05:00:00",3052,3044.79439410259,2278.34777425632,3811.24101394885,1872.61544215166,4216.97334605351
"2018-09-13 06:00:00",5830,5876.79439410259,5110.34777425632,6643.24101394885,4704.61544215166,7048.97334605351
"2018-09-13 07:00:00",6433,6534.79439410259,5768.34777425633,7301.24101394885,5362.61544215166,7706.97334605351
"2018-09-13 08:00:00",6162,6004.79439410259,5238.34777425633,6771.24101394885,4832.61544215167,7176.97334605351
"2018-09-13 09:00:00",5092,5336.79439410259,4570.34777425633,6103.24101394884,4164.61544215167,6508.9733460535
"2018-09-13 10:00:00",4584,4587.79439410259,3821.34777425633,5354.24101394884,3415.61544215167,5759.9733460535
"2018-09-13 11:00:00",4767,4735.79439410259,3969.34777425633,5502.24101394884,3563.61544215167,5907.9733460535
"2018-09-13 12:00:00",4851,4773.79439410259,4007.34777425633,5540.24101394884,3601.61544215167,5945.9733460535
"2018-09-13 13:00:00",4826,4861.79439410259,4095.34777425633,5628.24101394884,3689.61544215167,6033.9733460535
"2018-09-13 14:00:00",5014,4955.79439410259,4189.34777425633,5722.24101394884,3783.61544215167,6127.9733460535
"2018-09-13 15:00:00",5617,5794.79439410259,5028.34777425633,6561.24101394884,4622.61544215167,6966.9733460535
"2018-09-13 16:00:00",6514,6404.79439410259,5638.34777425633,7171.24101394884,5232.61544215167,7576.9733460535
"2018-09-13 17:00:00",5701,6016.79439410259,5250.34777425633,6783.24101394884,4844.61544215167,7188.9733460535
"2018-09-13 18:00:00",4443,4381.79439410259,3615.34777425633,5148.24101394884,3209.61544215167,5553.9733460535
"2018-09-13 19:00:00",3669,3390.79439410259,2624.34777425633,4157.24101394884,2218.61544215167,4562.9733460535
"2018-09-13 20:00:00",3282,3231.79439410259,2465.34777425633,3998.24101394884,2059.61544215167,4403.9733460535
"2018-09-13 21:00:00",2676,2720.79439410259,1954.34777425633,3487.24101394884,1548.61544215167,3892.9733460535
"2018-09-13 22:00:00",1921,2104.79439410259,1338.34777425633,2871.24101394884,932.615442151671,3276.9733460535
"2018-09-13 23:00:00",1167,1256.79439410259,490.34777425633,2023.24101394884,84.6154421516717,2428.9733460535
"2018-09-14 00:00:00",603,558.794394102586,-207.652225743669,1325.24101394884,-613.384557848327,1730.9733460535
"2018-09-14 01:00:00",376,425.794394102586,-340.652225743669,1192.24101394884,-746.384557848326,1597.9733460535
"2018-09-14 02:00:00",333,315.794394102586,-450.652225743669,1082.24101394884,-856.384557848326,1487.9733460535
"2018-09-14 03:00:00",377,346.794394102586,-419.652225743669,1113.24101394884,-825.384557848326,1518.9733460535
"2018-09-14 04:00:00",892,900.794394102586,134.347774256331,1667.24101394884,-271.384557848326,2072.9733460535
"2018-09-14 05:00:00",2899,2950.79439410259,2184.34777425633,3717.24101394884,1778.61544215167,4122.9733460535
"2018-09-14 06:00:00",5569,5550.79439410259,4784.34777425633,6317.24101394884,4378.61544215167,6722.9733460535
"2018-09-14 07:00:00",6728,6683.79439410259,5917.34777425633,7450.24101394884,5511.61544215167,7855.9733460535
"2018-09-14 08:00:00",5934,5931.79439410259,5165.34777425633,6698.24101394884,4759.61544215167,7103.9733460535
"2018-09-14 09:00:00",5025,5069.79439410259,4303.34777425633,5836.24101394884,3897.61544215167,6241.9733460535
"2018-09-14 10:00:00",4566,4728.79439410259,3962.34777425633,5495.24101394884,3556.61544215167,5900.9733460535
"2018-09-14 11:00:00",4836,4708.79439410259,3942.34777425633,5475.24101394884,3536.61544215167,5880.9733460535
"2018-09-14 12:00:00",5019,5081.79439410259,4315.34777425633,5848.24101394884,3909.61544215167,6253.9733460535
"2018-09-14 13:00:00",4830,4840.79439410259,4074.34777425633,5607.24101394884,3668.61544215167,6012.9733460535
"2018-09-14 14:00:00",5231,5171.79439410259,4405.34777425633,5938.24101394884,3999.61544215167,6343.9733460535
"2018-09-14 15:00:00",5953,4839.79439410259,4073.34777425633,5606.24101394884,3667.61544215167,6011.9733460535
"2018-09-14 16:00:00",6196,6156.79439410259,5390.34777425633,6923.24101394884,4984.61544215167,7328.9733460535
"2018-09-14 17:00:00",5358,5434.79439410259,4668.34777425633,6201.24101394884,4262.61544215167,6606.9733460535
"2018-09-14 18:00:00",4687,4707.79439410259,3941.34777425633,5474.24101394884,3535.61544215167,5879.9733460535
"2018-09-14 19:00:00",3880,3742.79439410259,2976.34777425633,4509.24101394884,2570.61544215167,4914.9733460535
"2018-09-14 20:00:00",3329,3368.79439410259,2602.34777425633,4135.24101394884,2196.61544215167,4540.9733460535
"2018-09-14 21:00:00",3169,2811.79439410259,2045.34777425633,3578.24101394884,1639.61544215167,3983.9733460535
"2018-09-14 22:00:00",2810,2677.79439410259,1911.34777425633,3444.24101394884,1505.61544215167,3849.9733460535
"2018-09-14 23:00:00",2024,1965.79439410259,1199.34777425633,2732.24101394884,793.615442151667,3137.9733460535
"2018-09-15 00:00:00",1179,1139.79439410259,373.347774256327,1906.24101394884,-32.3845578483329,2311.9733460535
"2018-09-15 01:00:00",808,698.794394102586,-67.6522257436731,1465.24101394884,-473.384557848333,1870.9733460535
"2018-09-15 02:00:00",584,496.794394102586,-269.652225743673,1263.24101394884,-675.384557848332,1668.9733460535
"2018-09-15 03:00:00",428,401.794394102586,-364.652225743672,1168.24101394884,-770.384557848331,1573.9733460535
"2018-09-15 04:00:00",502,467.794394102586,-298.652225743672,1234.24101394884,-704.384557848331,1639.9733460535
"2018-09-15 05:00:00",871,838.794394102586,72.3477742563285,1605.24101394884,-333.38455784833,2010.9733460535
"2018-09-15 06:00:00",1469,1512.79439410259,746.347774256328,2279.24101394884,340.615442151669,2684.9733460535
"2018-09-15 07:00:00",2117,2071.79439410259,1305.34777425633,2838.24101394884,899.615442151669,3243.9733460535
"2018-09-15 08:00:00",3442,3051.79439410259,2285.34777425633,3818.24101394884,1879.61544215167,4223.9733460535
"2018-09-15 09:00:00",3999,3596.79439410259,2830.34777425633,4363.24101394884,2424.61544215167,4768.9733460535
"2018-09-15 10:00:00",4448,4047.79439410259,3281.34777425633,4814.24101394884,2875.61544215167,5219.9733460535
"2018-09-15 11:00:00",4772,4257.79439410259,3491.34777425633,5024.24101394884,3085.61544215167,5429.9733460535
"2018-09-15 12:00:00",4990,4698.79439410259,3932.34777425633,5465.24101394884,3526.61544215167,5870.9733460535
"2018-09-15 13:00:00",4848,4558.79439410259,3792.34777425633,5325.24101394884,3386.61544215167,5730.9733460535
"2018-09-15 14:00:00",4343,4620.79439410259,3854.34777425633,5387.24101394884,3448.61544215167,5792.9733460535
"2018-09-15 15:00:00",4296,4764.79439410259,3998.34777425633,5531.24101394884,3592.61544215167,5936.9733460535
"2018-09-15 16:00:00",4219,4856.79439410259,4090.34777425633,5623.24101394884,3684.61544215167,6028.9733460535
"2018-09-15 17:00:00",3953,4133.79439410259,3367.34777425633,4900.24101394884,2961.61544215167,5305.9733460535
"2018-09-15 18:00:00",3826,3753.79439410259,2987.34777425633,4520.24101394884,2581.61544215167,4925.9733460535
"2018-09-15 19:00:00",3455,3407.79439410259,2641.34777425633,4174.24101394884,2235.61544215167,4579.9733460535
"2018-09-15 20:00:00",3208,3253.79439410259,2487.34777425633,4020.24101394884,2081.61544215167,4425.9733460535
"2018-09-15 21:00:00",3055,2822.79439410259,2056.34777425633,3589.24101394884,1650.61544215167,3994.9733460535
"2018-09-15 22:00:00",2741,2486.79439410259,1720.34777425633,3253.24101394884,1314.61544215167,3658.9733460535
"2018-09-15 23:00:00",2123,1924.79439410259,1158.34777425633,2691.24101394884,752.615442151668,3096.9733460535
"2018-09-16 00:00:00",1353,1294.79439410259,528.347774256327,2061.24101394884,122.615442151668,2466.9733460535
"2018-09-16 01:00:00",786,802.794394102586,36.3477742563276,1569.24101394884,-369.384557848332,1974.9733460535
"2018-09-16 02:00:00",607,628.794394102586,-137.652225743672,1395.24101394884,-543.384557848331,1800.9733460535
"2018-09-16 03:00:00",401,353.794394102586,-412.652225743672,1120.24101394884,-818.384557848331,1525.9733460535
"2018-09-16 04:00:00",313,361.794394102586,-404.652225743672,1128.24101394884,-810.384557848331,1533.9733460535
"2018-09-16 05:00:00",467,549.794394102586,-216.652225743672,1316.24101394884,-622.384557848331,1721.9733460535
"2018-09-16 06:00:00",850,1148.79439410259,382.347774256328,1915.24101394884,-23.384557848331,2320.9733460535
"2018-09-16 07:00:00",1302,1814.79439410259,1048.34777425633,2581.24101394884,642.615442151668,2986.9733460535
"2018-09-16 08:00:00",2090,2232.79439410259,1466.34777425633,2999.24101394884,1060.61544215167,3404.9733460535
"2018-09-16 09:00:00",3039,3457.79439410259,2691.34777425633,4224.24101394884,2285.61544215167,4629.9733460535
"2018-09-16 10:00:00",3278,4330.79439410259,3564.34777425633,5097.24101394884,3158.61544215167,5502.9733460535
"2018-09-16 11:00:00",4352,4281.79439410259,3515.34777425633,5048.24101394884,3109.61544215167,5453.9733460535
"2018-09-16 12:00:00",3978,3998.79439410259,3232.34777425633,4765.24101394884,2826.61544215167,5170.9733460535
"2018-09-16 13:00:00",3935,4001.79439410259,3235.34777425633,4768.24101394884,2829.61544215167,5173.9733460535
"2018-09-16 14:00:00",3829,3860.79439410259,3094.34777425633,4627.24101394884,2688.61544215167,5032.9733460535
"2018-09-16 15:00:00",4101,3896.79439410259,3130.34777425633,4663.24101394884,2724.61544215167,5068.9733460535
"2018-09-16 16:00:00",4539,4134.79439410259,3368.34777425633,4901.24101394884,2962.61544215167,5306.9733460535
"2018-09-16 17:00:00",4154,3967.79439410259,3201.34777425633,4734.24101394884,2795.61544215167,5139.9733460535
"2018-09-16 18:00:00",3701,3700.79439410259,2934.34777425633,4467.24101394884,2528.61544215167,4872.9733460535
"2018-09-16 19:00:00",3400,3266.79439410259,2500.34777425633,4033.24101394884,2094.61544215167,4438.9733460535
"2018-09-16 20:00:00",3092,2763.79439410259,1997.34777425633,3530.24101394884,1591.61544215167,3935.9733460535
"2018-09-16 21:00:00",2623,2148.79439410259,1382.34777425633,2915.24101394884,976.615442151668,3320.9733460535
"2018-09-16 22:00:00",1725,1542.79439410259,776.347774256327,2309.24101394884,370.615442151668,2714.9733460535
"2018-09-16 23:00:00",1088,1004.79439410259,238.347774256328,1771.24101394884,-167.384557848332,2176.9733460535
"2018-09-17 00:00:00",550,542.794394102586,-223.652225743672,1309.24101394884,-629.384557848331,1714.9733460535
"2018-09-17 01:00:00",280,311.794394102586,-454.652225743671,1078.24101394884,-860.38455784833,1483.9733460535
"2018-09-17 02:00:00",260,294.794394102586,-471.65222574367,1061.24101394884,-877.384557848329,1466.9733460535
"2018-09-17 03:00:00",344,337.794394102586,-428.65222574367,1104.24101394884,-834.384557848328,1509.9733460535
"2018-09-17 04:00:00",880,869.794394102586,103.34777425633,1636.24101394884,-302.384557848328,2041.9733460535
"2018-09-17 05:00:00",2965,2971.79439410259,2205.34777425633,3738.24101394884,1799.61544215167,4143.9733460535
"2018-09-17 06:00:00",5667,5729.79439410259,4963.34777425633,6496.24101394884,4557.61544215167,6901.9733460535
"2018-09-17 07:00:00",6533,6569.79439410259,5803.34777425633,7336.24101394884,5397.61544215167,7741.9733460535
"2018-09-17 08:00:00",6070,6017.79439410259,5251.34777425633,6784.24101394884,4845.61544215167,7189.9733460535
"2018-09-17 09:00:00",5145,5244.79439410259,4478.34777425633,6011.24101394884,4072.61544215167,6416.9733460535
"2018-09-17 10:00:00",4201,4209.79439410259,3443.34777425633,4976.24101394884,3037.61544215167,5381.9733460535
"2018-09-17 11:00:00",4371,4506.79439410259,3740.34777425633,5273.24101394884,3334.61544215167,5678.9733460535
"2018-09-17 12:00:00",4533,4732.79439410259,3966.34777425633,5499.24101394884,3560.61544215167,5904.9733460535
"2018-09-17 13:00:00",4680,4470.79439410259,3704.34777425633,5237.24101394884,3298.61544215167,5642.9733460535
"2018-09-17 14:00:00",4930,5024.79439410259,4258.34777425633,5791.24101394884,3852.61544215167,6196.9733460535
"2018-09-17 15:00:00",5327,5696.79439410259,4930.34777425633,6463.24101394884,4524.61544215167,6868.9733460535
"2018-09-17 16:00:00",6354,6352.79439410259,5586.34777425633,7119.24101394884,5180.61544215167,7524.9733460535
"2018-09-17 17:00:00",5412,5865.79439410259,5099.34777425633,6632.24101394884,4693.61544215167,7037.9733460535
"2018-09-17 18:00:00",4000,4253.79439410259,3487.34777425633,5020.24101394884,3081.61544215167,5425.9733460535
"2018-09-17 19:00:00",2897,3192.79439410259,2426.34777425633,3959.24101394884,2020.61544215167,4364.9733460535
"2018-09-17 20:00:00",2466,2740.79439410259,1974.34777425633,3507.24101394884,1568.61544215167,3912.9733460535
"2018-09-17 21:00:00",2090,2243.79439410259,1477.34777425633,3010.24101394884,1071.61544215167,3415.9733460535
"2018-09-17 22:00:00",1434,1397.79439410259,631.347774256331,2164.24101394884,225.615442151673,2569.9733460535
"2018-09-17 23:00:00",869,895.794394102586,129.347774256332,1662.24101394884,-276.384557848325,2067.9733460535
"2018-09-18 00:00:00",536,524.794394102586,-241.652225743668,1291.24101394884,-647.384557848324,1696.9733460535
"2018-09-18 01:00:00",351,338.794394102586,-427.652225743667,1105.24101394884,-833.384557848324,1510.97334605349
"2018-09-18 02:00:00",227,273.794394102586,-492.652225743667,1040.24101394884,-898.384557848324,1445.97334605349
"2018-09-18 03:00:00",340,340.794394102586,-425.652225743667,1107.24101394884,-831.384557848324,1512.97334605349
"2018-09-18 04:00:00",858,899.794394102586,133.347774256333,1666.24101394884,-272.384557848324,2071.97334605349
"2018-09-18 05:00:00",3027,3063.79439410259,2297.34777425633,3830.24101394884,1891.61544215168,4235.9733460535
"2018-09-18 06:00:00",5642,5935.79439410259,5169.34777425633,6702.24101394884,4763.61544215168,7107.9733460535
"2018-09-18 07:00:00",6516,6504.79439410259,5738.34777425633,7271.24101394884,5332.61544215167,7676.9733460535
"2018-09-18 08:00:00",5873,6131.79439410259,5365.34777425633,6898.24101394884,4959.61544215167,7303.9733460535
"2018-09-18 09:00:00",5123,5479.79439410259,4713.34777425633,6246.24101394884,4307.61544215167,6651.9733460535
"2018-09-18 10:00:00",4527,4265.79439410259,3499.34777425633,5032.24101394884,3093.61544215167,5437.9733460535
"2018-09-18 11:00:00",4593,5082.79439410259,4316.34777425633,5849.24101394884,3910.61544215167,6254.9733460535
"2018-09-18 12:00:00",4725,4742.79439410259,3976.34777425633,5509.24101394884,3570.61544215167,5914.9733460535
"2018-09-18 13:00:00",4737,4883.79439410259,4117.34777425633,5650.24101394884,3711.61544215167,6055.9733460535
"2018-09-18 14:00:00",4931,4930.79439410259,4164.34777425633,5697.24101394884,3758.61544215167,6102.9733460535
"2018-09-18 15:00:00",5623,5644.79439410259,4878.34777425633,6411.24101394884,4472.61544215167,6816.9733460535
"2018-09-18 16:00:00",6623,6609.79439410259,5843.34777425633,7376.24101394884,5437.61544215167,7781.9733460535
"2018-09-18 17:00:00",5916,5867.79439410259,5101.34777425633,6634.24101394884,4695.61544215167,7039.9733460535
"2018-09-18 18:00:00",4423,4380.79439410259,3614.34777425633,5147.24101394884,3208.61544215167,5552.9733460535
"2018-09-18 19:00:00",3309,3435.79439410259,2669.34777425633,4202.24101394884,2263.61544215167,4607.9733460535
"2018-09-18 20:00:00",2805,3122.79439410259,2356.34777425633,3889.24101394884,1950.61544215167,4294.9733460535
"2018-09-18 21:00:00",2400,2509.79439410259,1743.34777425633,3276.24101394884,1337.61544215167,3681.9733460535
"2018-09-18 22:00:00",2631,1868.79439410259,1102.34777425633,2635.24101394884,696.615442151667,3040.9733460535
"2018-09-18 23:00:00",1501,2690.79439410259,1924.34777425633,3457.24101394884,1518.61544215167,3862.97334605351
"2018-09-19 00:00:00",617,758.794394102586,-7.65222574367431,1525.24101394885,-413.384557848335,1930.97334605351
"2018-09-19 01:00:00",401,352.794394102586,-413.652225743675,1119.24101394885,-819.384557848335,1524.97334605351
"2018-09-19 02:00:00",282,322.794394102586,-443.652225743675,1089.24101394885,-849.384557848335,1494.97334605351
"2018-09-19 03:00:00",358,379.794394102586,-386.652225743675,1146.24101394885,-792.384557848335,1551.97334605351
"2018-09-19 04:00:00",913,945.794394102586,179.347774256325,1712.24101394885,-226.384557848335,2117.97334605351
"2018-09-19 05:00:00",3074,3093.79439410259,2327.34777425633,3860.24101394885,1921.61544215167,4265.97334605351
"2018-09-19 06:00:00",5803,5916.79439410259,5150.34777425633,6683.24101394885,4744.61544215167,7088.97334605351
"2018-09-19 07:00:00",6510,6685.79439410259,5919.34777425633,7452.24101394885,5513.61544215167,7857.97334605351
"2018-09-19 08:00:00",6101,6305.79439410259,5539.34777425633,7072.24101394885,5133.61544215167,7477.97334605351
"2018-09-19 09:00:00",5331,5559.79439410259,4793.34777425633,6326.24101394885,4387.61544215167,6731.97334605351
"2018-09-19 10:00:00",4266,4507.79439410259,3741.34777425633,5274.24101394885,3335.61544215166,5679.97334605351
"2018-09-19 11:00:00",4567,4606.79439410259,3840.34777425633,5373.24101394885,3434.61544215166,5778.97334605351
"2018-09-19 12:00:00",4734,4767.79439410259,4001.34777425633,5534.24101394885,3595.61544215166,5939.97334605351
"2018-09-19 13:00:00",4675,4741.79439410259,3975.34777425632,5508.24101394885,3569.61544215166,5913.97334605351
"2018-09-19 14:00:00",4980,5064.79439410259,4298.34777425632,5831.24101394885,3892.61544215166,6236.97334605351
"2018-09-19 15:00:00",5718,5747.79439410259,4981.34777425632,6514.24101394885,4575.61544215166,6919.97334605351
"2018-09-19 16:00:00",6382,6458.79439410259,5692.34777425632,7225.24101394885,5286.61544215166,7630.97334605351
"2018-09-19 17:00:00",5647,6253.79439410259,5487.34777425632,7020.24101394885,5081.61544215166,7425.97334605351
"2018-09-19 18:00:00",4469,4676.79439410259,3910.34777425632,5443.24101394885,3504.61544215166,5848.97334605351
"2018-09-19 19:00:00",3460,3518.79439410259,2752.34777425632,4285.24101394885,2346.61544215166,4690.97334605351
"2018-09-19 20:00:00",2865,3072.79439410259,2306.34777425632,3839.24101394885,1900.61544215166,4244.97334605351
"2018-09-19 21:00:00",2576,2713.79439410259,1947.34777425633,3480.24101394885,1541.61544215166,3885.97334605351
"2018-09-19 22:00:00",1693,1821.79439410259,1055.34777425633,2588.24101394885,649.615442151665,2993.97334605351
"2018-09-19 23:00:00",994,2850.79439410259,2084.34777425633,3617.24101394885,1678.61544215167,4022.97334605351
"2018-09-20 00:00:00",583,707.794394102586,-58.6522257436743,1474.24101394885,-464.384557848335,1879.97334605351
"2018-09-20 01:00:00",349,421.794394102586,-344.652225743674,1188.24101394885,-750.384557848334,1593.97334605351
"2018-09-20 02:00:00",265,340.794394102586,-425.652225743674,1107.24101394884,-831.384557848334,1512.9733460535
"2018-09-20 03:00:00",344,391.794394102586,-374.652225743673,1158.24101394884,-780.384557848333,1563.9733460535
"2018-09-20 04:00:00",914,922.794394102586,156.347774256327,1689.24101394884,-249.384557848333,2094.9733460535
"2018-09-20 05:00:00",2924,3060.79439410259,2294.34777425633,3827.24101394884,1888.61544215167,4232.9733460535
"2018-09-20 06:00:00",5417,5838.79439410259,5072.34777425633,6605.24101394884,4666.61544215167,7010.9733460535
"2018-09-20 07:00:00",5766,6441.79439410259,5675.34777425633,7208.24101394884,5269.61544215167,7613.9733460535
"2018-09-20 08:00:00",5331,6170.79439410259,5404.34777425633,6937.24101394884,4998.61544215167,7342.9733460535
"2018-09-20 09:00:00",5264,5100.79439410259,4334.34777425633,5867.24101394884,3928.61544215167,6272.9733460535
"2018-09-20 10:00:00",4326,4592.79439410259,3826.34777425633,5359.24101394884,3420.61544215167,5764.9733460535
"2018-09-20 11:00:00",4592,4775.79439410259,4009.34777425633,5542.24101394884,3603.61544215167,5947.9733460535
"2018-09-20 12:00:00",4695,4859.79439410259,4093.34777425633,5626.24101394884,3687.61544215167,6031.9733460535
"2018-09-20 13:00:00",4459,4834.79439410259,4068.34777425633,5601.24101394885,3662.61544215167,6006.97334605351
"2018-09-20 14:00:00",4517,5022.79439410259,4256.34777425633,5789.24101394885,3850.61544215166,6194.97334605351
"2018-09-20 15:00:00",5257,5625.79439410259,4859.34777425633,6392.24101394885,4453.61544215166,6797.97334605351
"2018-09-20 16:00:00",6331,6522.79439410259,5756.34777425633,7289.24101394885,5350.61544215166,7694.97334605351
"2018-09-20 17:00:00",5065,5709.79439410259,4943.34777425633,6476.24101394885,4537.61544215166,6881.97334605351
"2018-09-20 18:00:00",3898,4451.79439410259,3685.34777425633,5218.24101394885,3279.61544215166,5623.97334605351
"2018-09-20 19:00:00",2957,3677.79439410259,2911.34777425633,4444.24101394885,2505.61544215166,4849.97334605351
"2018-09-20 20:00:00",2740,3290.79439410259,2524.34777425632,4057.24101394885,2118.61544215166,4462.97334605351
"2018-09-20 21:00:00",3497,2684.79439410259,1918.34777425633,3451.24101394885,1512.61544215166,3856.97334605351
"2018-09-20 22:00:00",2356,1929.79439410259,1163.34777425633,2696.24101394885,757.615442151665,3101.97334605351
"2018-09-20 23:00:00",1633,1175.79439410259,409.347774256326,1942.24101394885,3.61544215166555,2347.97334605351
"2018-09-21 00:00:00",698,611.794394102586,-154.652225743674,1378.24101394885,-560.384557848334,1783.97334605351
"2018-09-21 01:00:00",407,384.794394102586,-381.652225743674,1151.24101394884,-787.384557848334,1556.97334605351
"2018-09-21 02:00:00",304,341.794394102586,-424.652225743674,1108.24101394884,-830.384557848334,1513.9733460535
"2018-09-21 03:00:00",377,385.794394102586,-380.652225743674,1152.24101394884,-786.384557848334,1557.9733460535
"2018-09-21 04:00:00",867,900.794394102586,134.347774256327,1667.24101394884,-271.384557848333,2072.9733460535
"2018-09-21 05:00:00",2919,2907.79439410259,2141.34777425633,3674.24101394884,1735.61544215167,4079.9733460535
"2018-09-21 06:00:00",5457,5577.79439410259,4811.34777425633,6344.24101394884,4405.61544215167,6749.9733460535
"2018-09-21 07:00:00",6539,6736.79439410259,5970.34777425633,7503.24101394884,5564.61544215167,7908.9733460535
"2018-09-21 08:00:00",5653,5942.79439410259,5176.34777425633,6709.24101394884,4770.61544215167,7114.9733460535
"2018-09-21 09:00:00",4981,5033.79439410259,4267.34777425633,5800.24101394884,3861.61544215167,6205.9733460535
"2018-09-21 10:00:00",4548,4574.79439410259,3808.34777425633,5341.24101394884,3402.61544215167,5746.9733460535
"2018-09-21 11:00:00",4937,4844.79439410259,4078.34777425633,5611.24101394884,3672.61544215167,6016.9733460535
"2018-09-21 12:00:00",5039,5027.79439410259,4261.34777425633,5794.24101394884,3855.61544215167,6199.9733460535
"2018-09-21 13:00:00",4901,4838.79439410259,4072.34777425633,5605.24101394884,3666.61544215167,6010.9733460535
"2018-09-21 14:00:00",5185,5239.79439410259,4473.34777425633,6006.24101394884,4067.61544215167,6411.9733460535
"2018-09-21 15:00:00",5973,5961.79439410259,5195.34777425633,6728.24101394884,4789.61544215167,7133.9733460535
"2018-09-21 16:00:00",6007,6204.79439410259,5438.34777425633,6971.24101394884,5032.61544215167,7376.9733460535
"2018-09-21 17:00:00",5489,5366.79439410259,4600.34777425633,6133.24101394884,4194.61544215167,6538.9733460535
"2018-09-21 18:00:00",4607,4695.79439410259,3929.34777425633,5462.24101394884,3523.61544215167,5867.9733460535
"2018-09-21 19:00:00",3958,3888.79439410259,3122.34777425633,4655.24101394884,2716.61544215167,5060.9733460535
"2018-09-21 20:00:00",3255,3337.79439410259,2571.34777425633,4104.24101394884,2165.61544215167,4509.9733460535
"2018-09-21 21:00:00",2931,3177.79439410259,2411.34777425633,3944.24101394884,2005.61544215167,4349.9733460535
"2018-09-21 22:00:00",2570,2818.79439410259,2052.34777425633,3585.24101394884,1646.61544215167,3990.9733460535
"2018-09-21 23:00:00",2179,2032.79439410259,1266.34777425633,2799.24101394884,860.615442151668,3204.9733460535
"2018-09-22 00:00:00",1516,1187.79439410259,421.347774256327,1954.24101394884,15.6154421516667,2359.9733460535
"2018-09-22 01:00:00",1273,816.794394102586,50.3477742563261,1583.24101394884,-355.384557848334,1988.97334605351
"2018-09-22 02:00:00",1207,592.794394102586,-173.652225743674,1359.24101394885,-579.384557848335,1764.97334605351
"2018-09-22 03:00:00",611,436.794394102586,-329.652225743675,1203.24101394885,-735.384557848335,1608.97334605351
"2018-09-22 04:00:00",647,510.794394102586,-255.652225743675,1277.24101394885,-661.384557848336,1682.97334605351
"2018-09-22 05:00:00",960,879.794394102586,113.347774256325,1646.24101394885,-292.384557848336,2051.97334605351
"2018-09-22 06:00:00",1635,1477.79439410259,711.347774256325,2244.24101394885,305.615442151664,2649.97334605351
"2018-09-22 07:00:00",2445,2125.79439410259,1359.34777425633,2892.24101394885,953.615442151665,3297.97334605351
"2018-09-22 08:00:00",3415,3450.79439410259,2684.34777425633,4217.24101394885,2278.61544215167,4622.97334605351
"2018-09-22 09:00:00",3770,4007.79439410259,3241.34777425633,4774.24101394884,2835.61544215167,5179.9733460535
"2018-09-22 10:00:00",4308,4456.79439410259,3690.34777425633,5223.24101394884,3284.61544215167,5628.9733460535
"2018-09-22 11:00:00",4638,4780.79439410259,4014.34777425633,5547.24101394884,3608.61544215167,5952.9733460535
"2018-09-22 12:00:00",4831,4998.79439410259,4232.34777425633,5765.24101394884,3826.61544215167,6170.9733460535
"2018-09-22 13:00:00",4565,4856.79439410259,4090.34777425633,5623.24101394884,3684.61544215167,6028.9733460535
"2018-09-22 14:00:00",4654,4351.79439410259,3585.34777425633,5118.24101394884,3179.61544215167,5523.9733460535
"2018-09-22 15:00:00",4589,4304.79439410259,3538.34777425633,5071.24101394884,3132.61544215167,5476.9733460535
"2018-09-22 16:00:00",4582,4227.79439410259,3461.34777425633,4994.24101394884,3055.61544215167,5399.9733460535
"2018-09-22 17:00:00",4847,3961.79439410259,3195.34777425633,4728.24101394884,2789.61544215167,5133.9733460535
"2018-09-22 18:00:00",4620,3834.79439410259,3068.34777425633,4601.24101394884,2662.61544215167,5006.9733460535
"2018-09-22 19:00:00",4347,3463.79439410259,2697.34777425633,4230.24101394884,2291.61544215167,4635.9733460535
"2018-09-22 20:00:00",3602,3216.79439410259,2450.34777425633,3983.24101394884,2044.61544215167,4388.9733460535
"2018-09-22 21:00:00",2985,3063.79439410259,2297.34777425633,3830.24101394884,1891.61544215167,4235.9733460535
"2018-09-22 22:00:00",2480,2749.79439410259,1983.34777425633,3516.24101394884,1577.61544215167,3921.9733460535
"2018-09-22 23:00:00",1871,2131.79439410259,1365.34777425633,2898.24101394884,959.615442151669,3303.9733460535
"2018-09-23 00:00:00",1249,1361.79439410259,595.347774256328,2128.24101394884,189.615442151669,2533.9733460535
"2018-09-23 01:00:00",690,794.794394102586,28.3477742563274,1561.24101394884,-377.384557848332,1966.9733460535
"2018-09-23 02:00:00",565,615.794394102586,-150.652225743673,1382.24101394884,-556.384557848332,1787.9733460535
"2018-09-23 03:00:00",319,409.794394102586,-356.652225743672,1176.24101394884,-762.384557848332,1581.9733460535
"2018-09-23 04:00:00",339,321.794394102586,-444.652225743673,1088.24101394884,-850.384557848332,1493.9733460535
"2018-09-23 05:00:00",514,475.794394102586,-290.652225743672,1242.24101394884,-696.384557848332,1647.9733460535
"2018-09-23 06:00:00",910,858.794394102586,92.3477742563276,1625.24101394884,-313.384557848332,2030.9733460535
"2018-09-23 07:00:00",1402,1310.79439410259,544.347774256328,2077.24101394884,138.615442151668,2482.9733460535
"2018-09-23 08:00:00",2203,2098.79439410259,1332.34777425633,2865.24101394884,926.615442151668,3270.9733460535
"2018-09-23 09:00:00",3562,3047.79439410259,2281.34777425633,3814.24101394884,1875.61544215167,4219.9733460535
"2018-09-23 10:00:00",4594,3286.79439410259,2520.34777425633,4053.24101394884,2114.61544215167,4458.9733460535
"2018-09-23 11:00:00",4252,4360.79439410259,3594.34777425633,5127.24101394884,3188.61544215167,5532.9733460535
"2018-09-23 12:00:00",3945,3986.79439410259,3220.34777425633,4753.24101394884,2814.61544215167,5158.9733460535
"2018-09-23 13:00:00",4107,3943.79439410259,3177.34777425633,4710.24101394884,2771.61544215167,5115.9733460535
"2018-09-23 14:00:00",4091,3837.79439410259,3071.34777425633,4604.24101394884,2665.61544215167,5009.9733460535
"2018-09-23 15:00:00",4195,4109.79439410259,3343.34777425633,4876.24101394884,2937.61544215167,5281.9733460535
"2018-09-23 16:00:00",4413,4547.79439410259,3781.34777425633,5314.24101394884,3375.61544215167,5719.9733460535
"2018-09-23 17:00:00",4117,4162.79439410259,3396.34777425633,4929.24101394884,2990.61544215167,5334.9733460535
"2018-09-23 18:00:00",3997,3709.79439410259,2943.34777425633,4476.24101394884,2537.61544215167,4881.9733460535
"2018-09-23 19:00:00",3516,3408.79439410259,2642.34777425633,4175.24101394884,2236.61544215167,4580.9733460535
"2018-09-23 20:00:00",2846,3100.79439410259,2334.34777425633,3867.24101394884,1928.61544215167,4272.9733460535
"2018-09-23 21:00:00",2346,2631.79439410259,1865.34777425633,3398.24101394884,1459.61544215167,3803.9733460535
"2018-09-23 22:00:00",1635,1733.79439410259,967.347774256328,2500.24101394884,561.615442151669,2905.9733460535
"2018-09-23 23:00:00",934,1096.79439410259,330.347774256328,1863.24101394884,-75.3845578483313,2268.9733460535
"2018-09-24 00:00:00",509,558.794394102586,-207.652225743672,1325.24101394884,-613.384557848331,1730.9733460535
"2018-09-24 01:00:00",344,288.794394102586,-477.652225743672,1055.24101394884,-883.384557848332,1460.9733460535
"2018-09-24 02:00:00",219,268.794394102586,-497.652225743672,1035.24101394884,-903.384557848332,1440.9733460535
"2018-09-24 03:00:00",328,352.794394102586,-413.652225743673,1119.24101394884,-819.384557848332,1524.9733460535
"2018-09-24 04:00:00",888,888.794394102586,122.347774256328,1655.24101394884,-283.384557848332,2060.9733460535
"2018-09-24 05:00:00",2954,2973.79439410259,2207.34777425633,3740.24101394884,1801.61544215167,4145.9733460535
"2018-09-24 06:00:00",5747,5675.79439410259,4909.34777425633,6442.24101394884,4503.61544215167,6847.9733460535
"2018-09-24 07:00:00",6591,6541.79439410259,5775.34777425633,7308.24101394884,5369.61544215167,7713.9733460535
"2018-09-24 08:00:00",5900,6078.79439410259,5312.34777425633,6845.24101394884,4906.61544215167,7250.9733460535
"2018-09-24 09:00:00",4936,5153.79439410259,4387.34777425633,5920.24101394884,3981.61544215167,6325.9733460535
"2018-09-24 10:00:00",4351,4209.79439410259,3443.34777425633,4976.24101394884,3037.61544215167,5381.9733460535
"2018-09-24 11:00:00",4468,4379.79439410259,3613.34777425633,5146.24101394884,3207.61544215167,5551.9733460535
"2018-09-24 12:00:00",4531,4541.79439410259,3775.34777425633,5308.24101394884,3369.61544215167,5713.9733460535
"2018-09-24 13:00:00",4433,4688.79439410259,3922.34777425633,5455.24101394884,3516.61544215167,5860.9733460535
"2018-09-24 14:00:00",4816,4938.79439410259,4172.34777425633,5705.24101394884,3766.61544215167,6110.9733460535
"2018-09-24 15:00:00",5443,5335.79439410259,4569.34777425633,6102.24101394884,4163.61544215168,6507.9733460535
"2018-09-24 16:00:00",6307,6362.79439410259,5596.34777425633,7129.24101394884,5190.61544215168,7534.9733460535
"2018-09-24 17:00:00",5562,5420.79439410259,4654.34777425633,6187.24101394884,4248.61544215168,6592.97334605349
"2018-09-24 18:00:00",4167,4008.79439410259,3242.34777425633,4775.24101394884,2836.61544215168,5180.9733460535
"2018-09-24 19:00:00",3253,2905.79439410259,2139.34777425633,3672.24101394884,1733.61544215168,4077.97334605349
"2018-09-24 20:00:00",2559,2474.79439410259,1708.34777425633,3241.24101394884,1302.61544215168,3646.97334605349
"2018-09-24 21:00:00",2084,2098.79439410259,1332.34777425633,2865.24101394884,926.615442151677,3270.97334605349
"2018-09-24 22:00:00",1392,1442.79439410259,676.347774256333,2209.24101394884,270.615442151676,2614.97334605349
"2018-09-24 23:00:00",826,877.794394102586,111.347774256333,1644.24101394884,-294.384557848324,2049.97334605349
"2018-09-25 00:00:00",527,544.794394102586,-221.652225743668,1311.24101394884,-627.384557848324,1716.9733460535
"2018-09-25 01:00:00",302,359.794394102586,-406.652225743668,1126.24101394884,-812.384557848325,1531.9733460535
"2018-09-25 02:00:00",234,235.794394102586,-530.652225743668,1002.24101394884,-936.384557848325,1407.9733460535
"2018-09-25 03:00:00",366,348.794394102586,-417.652225743668,1115.24101394884,-823.384557848325,1520.9733460535
"2018-09-25 04:00:00",880,866.794394102586,100.347774256332,1633.24101394884,-305.384557848325,2038.9733460535
"2018-09-25 05:00:00",3063,3035.79439410259,2269.34777425633,3802.24101394884,1863.61544215168,4207.9733460535
"2018-09-25 06:00:00",5833,5650.79439410259,4884.34777425633,6417.24101394884,4478.61544215168,6822.9733460535
"2018-09-25 07:00:00",6568,6524.79439410259,5758.34777425633,7291.24101394884,5352.61544215168,7696.9733460535
"2018-09-25 08:00:00",6080,5881.79439410259,5115.34777425633,6648.24101394884,4709.61544215168,7053.9733460535
"2018-09-25 09:00:00",5083,5131.79439410259,4365.34777425633,5898.24101394884,3959.61544215168,6303.9733460535
"2018-09-25 10:00:00",4385,4535.79439410259,3769.34777425633,5302.24101394884,3363.61544215167,5707.9733460535
"2018-09-25 11:00:00",4458,4601.79439410259,3835.34777425633,5368.24101394884,3429.61544215167,5773.9733460535
"2018-09-25 12:00:00",4580,4733.79439410259,3967.34777425633,5500.24101394884,3561.61544215167,5905.9733460535
"2018-09-25 13:00:00",4716,4745.79439410259,3979.34777425633,5512.24101394884,3573.61544215167,5917.9733460535
"2018-09-25 14:00:00",4973,4939.79439410259,4173.34777425633,5706.24101394884,3767.61544215167,6111.9733460535
"2018-09-25 15:00:00",5748,5631.79439410259,4865.34777425633,6398.24101394884,4459.61544215167,6803.9733460535
"2018-09-25 16:00:00",6597,6631.79439410259,5865.34777425633,7398.24101394884,5459.61544215167,7803.9733460535
"2018-09-25 17:00:00",5734,5924.79439410259,5158.34777425633,6691.24101394884,4752.61544215167,7096.9733460535
"2018-09-25 18:00:00",4320,4431.79439410259,3665.34777425633,5198.24101394884,3259.61544215167,5603.9733460535
"2018-09-25 19:00:00",3058,3317.79439410259,2551.34777425633,4084.24101394884,2145.61544215167,4489.9733460535
"2018-09-25 20:00:00",2765,2813.79439410259,2047.34777425633,3580.24101394884,1641.61544215167,3985.9733460535
"2018-09-25 21:00:00",2282,2408.79439410259,1642.34777425633,3175.24101394884,1236.61544215167,3580.9733460535
"2018-09-25 22:00:00",1571,2639.79439410259,1873.34777425633,3406.24101394884,1467.61544215167,3811.9733460535
"2018-09-25 23:00:00",924,1509.79439410259,743.347774256328,2276.24101394884,337.615442151669,2681.9733460535
"2018-09-26 00:00:00",543,625.794394102586,-140.652225743673,1392.24101394884,-546.384557848332,1797.9733460535
"2018-09-26 01:00:00",358,409.794394102586,-356.652225743673,1176.24101394884,-762.384557848333,1581.9733460535
"2018-09-26 02:00:00",227,290.794394102586,-475.652225743673,1057.24101394884,-881.384557848333,1462.9733460535
"2018-09-26 03:00:00",358,366.794394102586,-399.652225743673,1133.24101394884,-805.384557848333,1538.9733460535
"2018-09-26 04:00:00",890,921.794394102586,155.347774256327,1688.24101394884,-250.384557848333,2093.9733460535
"2018-09-26 05:00:00",3052,3082.79439410259,2316.34777425633,3849.24101394884,1910.61544215167,4254.9733460535
"2018-09-26 06:00:00",5930,5811.79439410259,5045.34777425633,6578.24101394884,4639.61544215167,6983.9733460535
"2018-09-26 07:00:00",6193,6518.79439410259,5752.34777425633,7285.24101394884,5346.61544215167,7690.9733460535
"2018-09-26 08:00:00",6032,6109.79439410259,5343.34777425633,6876.24101394884,4937.61544215167,7281.9733460535
"2018-09-26 09:00:00",5320,5339.79439410259,4573.34777425633,6106.24101394884,4167.61544215167,6511.9733460535
"2018-09-26 10:00:00",4523,4274.79439410259,3508.34777425633,5041.24101394884,3102.61544215167,5446.9733460535
"2018-09-26 11:00:00",4721,4575.79439410259,3809.34777425633,5342.24101394884,3403.61544215167,5747.9733460535
"2018-09-26 12:00:00",4793,4742.79439410259,3976.34777425633,5509.24101394884,3570.61544215167,5914.9733460535
"2018-09-26 13:00:00",4624,4683.79439410259,3917.34777425633,5450.24101394884,3511.61544215167,5855.9733460535
"2018-09-26 14:00:00",4928,4988.79439410259,4222.34777425633,5755.24101394884,3816.61544215167,6160.9733460535
"2018-09-26 15:00:00",5693,5726.79439410259,4960.34777425633,6493.24101394884,4554.61544215167,6898.9733460535
"2018-09-26 16:00:00",6334,6390.79439410259,5624.34777425633,7157.24101394884,5218.61544215167,7562.9733460535
"2018-09-26 17:00:00",5954,5655.79439410259,4889.34777425633,6422.24101394884,4483.61544215167,6827.9733460535
"2018-09-26 18:00:00",4661,4477.79439410259,3711.34777425633,5244.24101394884,3305.61544215167,5649.9733460535
"2018-09-26 19:00:00",3639,3468.79439410259,2702.34777425633,4235.24101394884,2296.61544215167,4640.9733460535
"2018-09-26 20:00:00",3197,2873.79439410259,2107.34777425633,3640.24101394884,1701.61544215167,4045.9733460535
"2018-09-26 21:00:00",3475,2584.79439410259,1818.34777425633,3351.24101394884,1412.61544215167,3756.9733460535
"2018-09-26 22:00:00",1973,1701.79439410259,935.347774256327,2468.24101394884,529.615442151668,2873.9733460535
"2018-09-26 23:00:00",1209,1002.79439410259,236.347774256327,1769.24101394884,-169.384557848333,2174.9733460535
"2018-09-27 00:00:00",654,591.794394102586,-174.652225743674,1358.24101394884,-580.384557848334,1763.9733460535
"2018-09-27 01:00:00",421,357.794394102586,-408.652225743674,1124.24101394885,-814.384557848335,1529.97334605351
"2018-09-27 02:00:00",312,273.794394102586,-492.652225743675,1040.24101394885,-898.384557848336,1445.97334605351
"2018-09-27 03:00:00",373,352.794394102586,-413.652225743675,1119.24101394885,-819.384557848336,1524.97334605351
"2018-09-27 04:00:00",919,922.794394102586,156.347774256324,1689.24101394885,-249.384557848337,2094.97334605351
"2018-09-27 05:00:00",3002,2932.79439410259,2166.34777425632,3699.24101394885,1760.61544215166,4104.97334605351
"2018-09-27 06:00:00",5685,5425.79439410259,4659.34777425632,6192.24101394885,4253.61544215166,6597.97334605351
"2018-09-27 07:00:00",6589,5774.79439410259,5008.34777425632,6541.24101394885,4602.61544215166,6946.97334605351
"2018-09-27 08:00:00",5946,5339.79439410259,4573.34777425632,6106.24101394885,4167.61544215166,6511.97334605351
"2018-09-27 09:00:00",5181,5272.79439410259,4506.34777425632,6039.24101394885,4100.61544215166,6444.97334605351
"2018-09-27 10:00:00",4500,4334.79439410259,3568.34777425632,5101.24101394885,3162.61544215166,5506.97334605351
"2018-09-27 11:00:00",4670,4600.79439410259,3834.34777425632,5367.24101394885,3428.61544215166,5772.97334605351
"2018-09-27 12:00:00",4849,4703.79439410259,3937.34777425632,5470.24101394885,3531.61544215166,5875.97334605351
"2018-09-27 13:00:00",4787,4467.79439410259,3701.34777425632,5234.24101394885,3295.61544215166,5639.97334605351
"2018-09-27 14:00:00",4943,4525.79439410259,3759.34777425632,5292.24101394885,3353.61544215166,5697.97334605351
"2018-09-27 15:00:00",5892,5265.79439410259,4499.34777425632,6032.24101394885,4093.61544215166,6437.97334605351
"2018-09-27 16:00:00",6451,6339.79439410259,5573.34777425632,7106.24101394885,5167.61544215166,7511.97334605351
"2018-09-27 17:00:00",5968,5073.79439410259,4307.34777425632,5840.24101394885,3901.61544215166,6245.97334605351
"2018-09-27 18:00:00",4498,3906.79439410259,3140.34777425632,4673.24101394885,2734.61544215166,5078.97334605351
"2018-09-27 19:00:00",3419,2965.79439410259,2199.34777425632,3732.24101394885,1793.61544215166,4137.97334605351
"2018-09-27 20:00:00",2856,2748.79439410259,1982.34777425632,3515.24101394885,1576.61544215166,3920.97334605351
"2018-09-27 21:00:00",2649,3505.79439410259,2739.34777425633,4272.24101394885,2333.61544215166,4677.97334605351
"2018-09-27 22:00:00",2003,2364.79439410259,1598.34777425633,3131.24101394885,1192.61544215166,3536.97334605351
"2018-09-27 23:00:00",1278,1641.79439410259,875.347774256326,2408.24101394885,469.615442151665,2813.97334605351
"2018-09-28 00:00:00",699,706.794394102586,-59.6522257436735,1473.24101394884,-465.384557848334,1878.9733460535
"2018-09-28 01:00:00",461,415.794394102586,-350.652225743672,1182.24101394884,-756.384557848332,1587.9733460535
"2018-09-28 02:00:00",301,312.794394102586,-453.652225743672,1079.24101394884,-859.384557848331,1484.9733460535
"2018-09-28 03:00:00",367,385.794394102586,-380.652225743671,1152.24101394884,-786.38455784833,1557.9733460535
"2018-09-28 04:00:00",870,875.794394102586,109.347774256329,1642.24101394884,-296.384557848329,2047.9733460535
"2018-09-28 05:00:00",2751,2927.79439410259,2161.34777425633,3694.24101394884,1755.61544215167,4099.9733460535
"2018-09-28 06:00:00",5521,5465.79439410259,4699.34777425633,6232.24101394884,4293.61544215167,6637.9733460535
"2018-09-28 07:00:00",6401,6547.79439410259,5781.34777425633,7314.24101394884,5375.61544215167,7719.9733460535
"2018-09-28 08:00:00",5798,5661.79439410259,4895.34777425633,6428.24101394884,4489.61544215167,6833.9733460535
"2018-09-28 09:00:00",4791,4989.79439410259,4223.34777425633,5756.24101394884,3817.61544215167,6161.9733460535
"2018-09-28 10:00:00",4574,4556.79439410259,3790.34777425633,5323.24101394884,3384.61544215167,5728.9733460535
"2018-09-28 11:00:00",4863,4945.79439410259,4179.34777425633,5712.24101394884,3773.61544215167,6117.9733460535
"2018-09-28 12:00:00",5066,5047.79439410259,4281.34777425633,5814.24101394884,3875.61544215167,6219.9733460535
"2018-09-28 13:00:00",4898,4909.79439410259,4143.34777425633,5676.24101394884,3737.61544215167,6081.9733460535
"2018-09-28 14:00:00",5193,5193.79439410259,4427.34777425633,5960.24101394884,4021.61544215167,6365.9733460535
"2018-09-28 15:00:00",5838,5981.79439410259,5215.34777425633,6748.24101394884,4809.61544215167,7153.9733460535
"2018-09-28 16:00:00",6188,6015.79439410259,5249.34777425633,6782.24101394884,4843.61544215167,7187.9733460535
"2018-09-28 17:00:00",5695,5497.79439410259,4731.34777425633,6264.24101394884,4325.61544215167,6669.9733460535
"2018-09-28 18:00:00",5104,4615.79439410259,3849.34777425633,5382.24101394884,3443.61544215167,5787.9733460535
"2018-09-28 19:00:00",4286,3966.79439410259,3200.34777425633,4733.24101394884,2794.61544215167,5138.9733460535
"2018-09-28 20:00:00",3538,3263.79439410259,2497.34777425633,4030.24101394884,2091.61544215167,4435.9733460535
"2018-09-28 21:00:00",3058,2939.79439410259,2173.34777425633,3706.24101394884,1767.61544215167,4111.9733460535
"2018-09-28 22:00:00",2713,2578.79439410259,1812.34777425633,3345.24101394884,1406.61544215167,3750.9733460535
"2018-09-28 23:00:00",3544,2187.79439410259,1421.34777425633,2954.24101394884,1015.61544215167,3359.9733460535
"2018-09-29 00:00:00",1733,1524.79439410259,758.34777425633,2291.24101394884,352.615442151672,2696.9733460535
"2018-09-29 01:00:00",867,1281.79439410259,515.347774256329,2048.24101394884,109.615442151671,2453.9733460535
"2018-09-29 02:00:00",524,1215.79439410259,449.347774256329,1982.24101394884,43.6154421516703,2387.9733460535
"2018-09-29 03:00:00",359,619.794394102586,-146.652225743672,1386.24101394884,-552.384557848331,1791.9733460535
"2018-09-29 04:00:00",425,655.794394102586,-110.652225743672,1422.24101394884,-516.384557848331,1827.9733460535
"2018-09-29 05:00:00",743,968.794394102586,202.347774256328,1735.24101394884,-203.384557848332,2140.9733460535
"2018-09-29 06:00:00",1359,1643.79439410259,877.347774256327,2410.24101394884,471.615442151668,2815.9733460535
"2018-09-29 07:00:00",2036,2453.79439410259,1687.34777425633,3220.24101394884,1281.61544215167,3625.9733460535
"2018-09-29 08:00:00",3073,3423.79439410259,2657.34777425633,4190.24101394884,2251.61544215167,4595.9733460535
"2018-09-29 09:00:00",3725,3778.79439410259,3012.34777425633,4545.24101394884,2606.61544215167,4950.9733460535
"2018-09-29 10:00:00",4059,4316.79439410259,3550.34777425633,5083.24101394884,3144.61544215167,5488.9733460535
"2018-09-29 11:00:00",4378,4646.79439410259,3880.34777425633,5413.24101394884,3474.61544215167,5818.9733460535
"2018-09-29 12:00:00",4657,4839.79439410259,4073.34777425633,5606.24101394884,3667.61544215167,6011.9733460535
"2018-09-29 13:00:00",4553,4573.79439410259,3807.34777425633,5340.24101394884,3401.61544215167,5745.9733460535
"2018-09-29 14:00:00",4618,4662.79439410259,3896.34777425633,5429.24101394884,3490.61544215167,5834.9733460535
"2018-09-29 15:00:00",4564,4597.79439410259,3831.34777425633,5364.24101394884,3425.61544215167,5769.9733460535
"2018-09-29 16:00:00",4735,4590.79439410259,3824.34777425633,5357.24101394884,3418.61544215167,5762.9733460535
"2018-09-29 17:00:00",4878,4855.79439410259,4089.34777425633,5622.24101394884,3683.61544215167,6027.9733460535
"2018-09-29 18:00:00",4569,4628.79439410259,3862.34777425633,5395.24101394884,3456.61544215167,5800.9733460535
"2018-09-29 19:00:00",3818,4355.79439410259,3589.34777425633,5122.24101394884,3183.61544215167,5527.9733460535
"2018-09-29 20:00:00",3338,3610.79439410259,2844.34777425633,4377.24101394884,2438.61544215167,4782.9733460535
"2018-09-29 21:00:00",2950,2993.79439410259,2227.34777425633,3760.24101394884,1821.61544215167,4165.9733460535
"2018-09-29 22:00:00",2607,2488.79439410259,1722.34777425633,3255.24101394884,1316.61544215167,3660.9733460535
"2018-09-29 23:00:00",3856,1879.79439410259,1113.34777425633,2646.24101394884,707.615442151668,3051.9733460535
"2018-09-30 00:00:00",1826,1257.79439410259,491.347774256327,2024.24101394884,85.6154421516676,2429.9733460535
"2018-09-30 01:00:00",920,698.794394102586,-67.6522257436729,1465.24101394884,-473.384557848333,1870.9733460535
"2018-09-30 02:00:00",696,573.794394102586,-192.652225743673,1340.24101394884,-598.384557848333,1745.9733460535
"2018-09-30 03:00:00",364,327.794394102586,-438.652225743674,1094.24101394884,-844.384557848334,1499.9733460535
"2018-09-30 04:00:00",335,347.794394102586,-418.652225743673,1114.24101394884,-824.384557848333,1519.9733460535
"2018-09-30 05:00:00",444,522.794394102586,-243.652225743673,1289.24101394884,-649.384557848332,1694.9733460535
"2018-09-30 06:00:00",802,918.794394102586,152.347774256328,1685.24101394884,-253.384557848331,2090.9733460535
"2018-09-30 07:00:00",1175,1410.79439410259,644.347774256329,2177.24101394884,238.61544215167,2582.9733460535
"2018-09-30 08:00:00",2002,2211.79439410259,1445.34777425633,2978.24101394884,1039.61544215167,3383.9733460535
"2018-09-30 09:00:00",2882,3570.79439410259,2804.34777425633,4337.24101394884,2398.61544215167,4742.9733460535
"2018-09-30 10:00:00",3701,4602.79439410259,3836.34777425633,5369.24101394884,3430.61544215167,5774.9733460535
"2018-09-30 11:00:00",4049,4260.79439410259,3494.34777425633,5027.24101394884,3088.61544215167,5432.9733460535
"2018-09-30 12:00:00",4429,3953.79439410259,3187.34777425633,4720.24101394884,2781.61544215167,5125.9733460535
"2018-09-30 13:00:00",4547,4115.79439410259,3349.34777425633,4882.24101394884,2943.61544215167,5287.9733460535
"2018-09-30 14:00:00",4380,4099.79439410259,3333.34777425633,4866.24101394884,2927.61544215167,5271.9733460535
"2018-09-30 15:00:00",4302,4203.79439410259,3437.34777425633,4970.24101394884,3031.61544215167,5375.9733460535
"2018-09-30 16:00:00",4283,4421.79439410259,3655.34777425633,5188.24101394884,3249.61544215167,5593.9733460535
"2018-09-30 17:00:00",4132,4125.79439410259,3359.34777425633,4892.24101394884,2953.61544215167,5297.9733460535
"2018-09-30 18:00:00",3947,4005.79439410259,3239.34777425633,4772.24101394884,2833.61544215167,5177.9733460535
"2018-09-30 19:00:00",3543,3524.79439410259,2758.34777425633,4291.24101394884,2352.61544215167,4696.9733460535
"2018-09-30 20:00:00",2781,2854.79439410259,2088.34777425633,3621.24101394884,1682.61544215167,4026.9733460535
"2018-09-30 21:00:00",2159,2354.79439410259,1588.34777425633,3121.24101394884,1182.61544215167,3526.9733460535
"2018-09-30 22:00:00",1450,1643.79439410259,877.347774256328,2410.24101394884,471.615442151668,2815.9733460535
"2018-09-30 23:00:00",954,942.794394102586,176.347774256327,1709.24101394884,-229.384557848333,2114.9733460535
