"date_time","actual","forecast","lo80","hi80","lo95","hi95"
"2018-04-19 13:00:00",5110,797.169509355334,308.127172278192,1286.21184643248,49.2437969949626,1545.09522171571
"2018-04-19 14:00:00",5444,2769.78684321779,2142.24469290525,3397.32899353032,1810.04394526369,3729.52974117188
"2018-04-19 15:00:00",6188,5802.48826578945,5119.79261103687,6485.18392054203,4758.3953617724,6846.58116980649
"2018-04-19 16:00:00",6851,6140.11751380957,5423.02414157631,6857.21088604282,5043.41784060344,7236.81718701569
"2018-04-19 17:00:00",6368,5732.74546448782,4997.14801118504,6468.3429177906,4607.74624139361,6857.74468758202
"2018-04-19 18:00:00",4978,5039.01231977323,4293.52466602814,5784.49997351831,3898.88734037864,6179.13729916781
"2018-04-19 19:00:00",3676,4378.53459943477,3626.95587044975,5130.11332841979,3229.09412434078,5527.97507452876
"2018-04-19 20:00:00",3471,4462.55933436985,3706.92445538512,5218.19421335458,3306.91551316864,5618.20315557106
"2018-04-19 21:00:00",3451,4802.73000995754,4044.15553519057,5561.30448472451,3642.59046496558,5962.8695549495
"2018-04-19 22:00:00",2148,4789.59036443538,4028.67368874755,5550.50704012321,3625.86873225093,5953.31199661983
"2018-04-19 23:00:00",1273,4944.87691518857,4181.95811534802,5707.79571502913,3778.0932983463,6111.66053203085
"2018-04-20 00:00:00",712,5587.44022456674,4822.71956750378,6352.16088162971,4417.90090490598,6756.97954422751
"2018-04-20 01:00:00",417,6490.17342993462,5723.76937949646,7256.57748037278,5318.05958227522,7662.28727759402
"2018-04-20 02:00:00",322,6147.01023190568,5378.9943988963,6915.02606491507,4972.43137552136,7321.58908829001
"2018-04-20 03:00:00",393,4269.911107325,3500.32766765052,5039.49454699948,3092.93480343398,5446.88741121601
"2018-04-20 04:00:00",830,2858.85105568915,2087.7276809816,3629.97443039671,1679.51962440061,4038.1824869777
"2018-04-20 05:00:00",2691,2379.81468618871,1607.16916640379,3152.46020597364,1198.15533489203,3561.4740374854
"2018-04-20 06:00:00",5492,2062.79271468538,1288.63691009003,2836.94851928073,878.823582093567,3246.76184727719
"2018-04-20 07:00:00",6626,1402.77946259921,627.121649180188,2178.43727601824,216.513205741778,2589.04571945665
"2018-04-20 08:00:00",6126,886.771474173401,109.617763095621,1663.92518525118,-301.782560729446,2075.32550907625
"2018-04-20 09:00:00",5141,432.766663747344,-345.878142106928,1211.41146960162,-758.067803826363,1623.60113132105
"2018-04-20 10:00:00",4670,225.763769545433,-554.368122128739,1005.89566121961,-967.344999529116,1418.87253861998
"2018-04-20 11:00:00",5200,107.762029037064,-673.853423294587,889.377481368716,-1087.61565026764,1303.13970834177
"2018-04-20 12:00:00",5433,237.760982863993,-545.334801887619,1020.8567676156,-959.88066950764,1435.40263523562
"2018-04-20 13:00:00",5370,760.760354324567,-23.8127191921784,1545.33342784131,-439.140616245626,1960.66132489476
"2018-04-20 14:00:00",5803,2812.75997681111,2026.71254118548,3598.80741243673,1610.60416397684,4014.91578964537
"2018-04-20 15:00:00",6383,5856.75975012992,5069.24080271744,6644.27869754241,4652.35345422294,7061.1660460369
"2018-04-20 16:00:00",6900,6429.7596140503,5640.77195330108,7218.74727479952,5223.10711493074,7636.41211316986
"2018-04-20 17:00:00",6268,5778.75953237454,4988.30591960041,6569.21314514867,4569.86505310441,6987.65401164467
"2018-04-20 18:00:00",4959,5493.7594833596,4701.84265162743,6285.67631509177,4282.62720380397,6704.89176291523
"2018-04-20 19:00:00",4091,4460.75945394883,3667.38211346718,5254.13679443047,3247.39351901401,5674.12538888364
"2018-04-20 20:00:00",3552,4627.75943630308,3832.9242777052,5422.59459490096,3412.16396095753,5843.35491164863
"2018-04-20 21:00:00",3538,4877.75942571696,4081.46912208151,5674.0497293524,3659.93849808171,6095.5803533522
"2018-04-20 22:00:00",2842,4798.75941936654,4001.01662748125,5596.50221125182,3578.71710264777,6018.8017360853
"2018-04-20 23:00:00",1977,5089.75941555727,4290.56677672804,5888.95205438649,3867.49974928378,6312.01908183076
"2018-04-21 00:00:00",1291,5776.7594132724,4976.11955385948,6577.39927268531,4552.28641411556,7001.23241242923
"2018-04-21 01:00:00",732,6873.75941190195,6071.67494369193,7675.84388011197,5647.07707424467,8100.44174955923
"2018-04-21 02:00:00",526,5923.75941107998,5120.2329315589,6727.28589060105,4694.87170743435,7152.64711472561
"2018-04-21 03:00:00",386,3829.759410587,3024.79350315344,4634.72531802055,2598.67029192019,5060.84852925381
"2018-04-21 04:00:00",369,2825.75941029134,2019.35664443311,3632.16217614958,1592.47280629584,4059.04601428685
"2018-04-21 05:00:00",683,2813.75941011401,2005.92234156234,3621.59647866569,1578.27922944344,4049.23959078458
"2018-04-21 06:00:00",1418,3635.75941000766,2826.49058087741,4445.02823913791,2398.08954049121,4873.42927952411
"2018-04-21 07:00:00",2307,2821.7594099439,2011.06134886471,3632.45747102308,1581.90371878688,4061.61510110092
"2018-04-21 08:00:00",3392,1109.75940990565,297.634632147155,1921.88418766414,-132.278256118993,2351.79707593029
"2018-04-21 09:00:00",4153,571.759409882705,-241.789582524387,1385.3084022898,-672.456404483804,1815.97522424921
"2018-04-21 10:00:00",4464,360.759409868951,-454.211308276992,1175.73012801489,-885.630746380444,1607.14956611835
"2018-04-21 11:00:00",4985,231.759409860703,-584.630558119593,1048.149377841,-1016.80130170241,1480.32012142382
"2018-04-21 12:00:00",5263,278.759409855752,-539.047344945956,1096.56616465746,-971.968090167846,1529.48690987935
"2018-04-21 13:00:00",5307,805.759409852775,-13.4616815370018,1624.98050124255,-447.131131322783,2058.64995102833
"2018-04-21 14:00:00",5296,2847.759409851,2027.1264194373,3668.39240026469,1592.70955545615,4102.80926424584
"2018-04-21 15:00:00",5340,5553.75940984993,4731.71694541629,6375.80187428358,4296.55395095931,6810.96486874055
"2018-04-21 16:00:00",5027,5955.75940984929,5132.30988394709,6779.20893575149,4696.40203614186,7215.11678355672
"2018-04-21 17:00:00",5007,6035.75940984891,5210.90522268324,6860.61359701457,4774.25379212158,7297.26502757623
"2018-04-21 18:00:00",4541,5227.75940984867,4401.50294938331,6054.01587031403,3964.10920017688,6491.40961952046
"2018-04-21 19:00:00",3892,4522.75940984854,3695.10305190965,5350.41576778742,3256.96824174485,5788.55057795222
"2018-04-21 20:00:00",3346,4669.75940984846,3840.70551822708,5498.81330146984,3401.8308984193,5937.68792127762
"2018-04-21 21:00:00",3199,4796.75940984841,3966.31033640175,5627.20848329506,3526.69715194899,6066.82166774782
"2018-04-21 22:00:00",3814,4896.75940984837,4064.91749459991,5728.60132509684,3624.56698423578,6168.95183546097
"2018-04-21 23:00:00",2760,4744.75940984833,3911.52698108669,5577.99183860998,3470.44037733273,6019.07844236394
"2018-04-22 00:00:00",1447,5216.75940984832,4382.13878422502,6051.38003547162,3940.31731344246,6493.20150625418
"2018-04-22 01:00:00",945,6209.75940984832,5373.75289247443,7045.76592722221,4931.19777491537,7488.32104478127
"2018-04-22 02:00:00",671,5746.75940984831,4909.36929438991,6584.1495253067,4466.08174424784,7027.43707544878
"2018-04-22 03:00:00",465,4185.75940984831,3346.98797862091,5024.5308410757,2902.96920408066,5468.54961561595
"2018-04-22 04:00:00",368,2933.75940984831,2093.60893391019,3773.90988578643,1648.86013719739,4218.65868249923
"2018-04-22 05:00:00",563,2592.7594098483,1751.23214909267,3434.28667060394,1305.75452652254,3879.76429317407
"2018-04-22 06:00:00",904,2092.75940984831,1249.85761309455,2935.66120660206,803.652355120153,3381.86646457646
"2018-04-22 07:00:00",1289,1601.75940984832,757.485314932161,2446.03350476447,310.553606192165,2892.96521350447
"2018-04-22 08:00:00",2200,956.759409848314,111.115243710875,1802.40357598575,-336.541736923297,2250.06055661992
"2018-04-22 09:00:00",3219,499.759409848321,-347.252611375744,1346.77143107239,-795.63369075327,1795.15251044991
"2018-04-22 10:00:00",4088,250.759409848319,-597.618261047069,1099.13708074371,-1046.72227169161,1548.24109138825
"2018-04-22 11:00:00",4541,142.759409848319,-706.981715936285,992.500535632923,-1156.80749600037,1442.32631569701
"2018-04-22 12:00:00",4781,271.759409848321,-579.342986591426,1122.86180628807,-1029.88937981139,1573.40819950803
"2018-04-22 13:00:00",4761,708.759409848322,-143.702083476328,1561.22090317297,-594.967939127709,2012.48675882435
"2018-04-22 14:00:00",4753,2802.75940984832,1948.94098302848,3656.57783666816,1496.95681017502,4108.56200952162
"2018-04-22 15:00:00",4866,5562.75940984832,4707.58620262484,6417.9326170718,4254.8848523471,6870.63396734953
"2018-04-22 16:00:00",4713,6146.75940984831,5290.23356509597,7003.28525460066,4836.81617176335,7456.70264793327
"2018-04-22 17:00:00",4303,5883.75940984832,5025.88306030573,6741.6357593909,4571.75075292187,7195.76806677477
"2018-04-22 18:00:00",3787,5376.75940984832,4517.53467819757,6235.98414149907,4062.68858044247,6690.83023925417
"2018-04-22 19:00:00",3228,4494.75940984832,3634.18840879373,5355.3304109029,3178.62963906551,5810.88918063113
"2018-04-22 20:00:00",3139,4798.75940984832,3936.84424219439,5660.67457750224,3480.5739136505,6116.94490604613
"2018-04-22 21:00:00",2412,4954.75940984832,4091.50216857682,5818.01665111983,3634.52138917488,6274.99743052176
"2018-04-22 22:00:00",1906,5143.75940984832,4279.16217819446,6008.35664150217,3821.47205073259,6466.04676896404
"2018-04-22 23:00:00",1356,5316.75940984831,4450.82426137625,6182.69455832037,3992.42588353301,6641.09293616361
"2018-04-23 00:00:00",614,5875.75940984831,5008.4884085257,6743.03041117093,4549.38287289955,7202.13594679708
"2018-04-23 01:00:00",349,6663.75940984831,5795.15461012006,7532.36420957656,5335.34300426846,7992.17581542816
"2018-04-23 02:00:00",259,6376.75940984831,5506.82285670967,7246.69596298695,5046.30626318769,7707.21255650893
"2018-04-23 03:00:00",373,4936.75940984832,4065.49313891701,5808.02568077962,3604.27263531561,6269.24618438103
"2018-04-23 04:00:00",900,3223.75940984835,2351.16544743606,4096.35337226063,1889.24210641983,4558.27671327686
"2018-04-23 05:00:00",2864,2734.75940984836,1860.83977303148,3608.67904666523,1398.21466237616,4071.30415732055
"2018-04-23 06:00:00",5769,2982.75940984836,2107.51610653782,3858.00271315891,1644.19028916725,4321.32853052947
"2018-04-23 07:00:00",6574,2300.75940984836,1424.1944388589,3177.32438083782,960.1689728817,3641.34984681502
"2018-04-23 08:00:00",5970,1224.75940984836,346.874760966996,2102.64405872973,-117.849300287217,2567.36811998394
"2018-04-23 09:00:00",5325,656.759409848367,-222.442936097864,1535.9617557946,-687.864544042598,2001.38336373933
"2018-04-23 10:00:00",4547,320.759409848372,-559.758661228617,1201.27748092536,-1025.87677198501,1667.39559168176
"2018-04-23 11:00:00",4577,242.759409848379,-639.072423251861,1124.59124294862,-1105.88599761358,1591.40481731034
"2018-04-23 12:00:00",4739,332.759409848377,-550.384230928557,1215.90305062531,-1017.89223432702,1683.41105402377
"2018-04-23 13:00:00",4803,730.759409848378,-153.694092954645,1615.2129126514,-621.89549542464,2083.4143151214
"2018-04-23 14:00:00",5243,2603.75940984838,1717.99798203821,3489.52083765856,1249.10420589257,3958.4146138042
"2018-04-23 15:00:00",5852,5412.75940984839,4525.69198548194,6299.82683421483,4056.10685652088,6769.41196317589
"2018-04-23 16:00:00",6883,6482.75940984838,5594.38790887149,7371.13091082527,5124.11244345295,7841.40637624381
"2018-04-23 17:00:00",6188,5672.75940984838,4783.08574376416,6562.4330759326,4312.12095377675,7033.39786592
"2018-04-23 18:00:00",4660,4974.75940984838,4083.78548177892,5865.73333791784,3612.13237467462,6337.38644502214
"2018-04-23 19:00:00",3243,4551.7594098484,3659.48711459579,5444.03170510101,3187.14669342225,5916.37212627455
"2018-04-23 20:00:00",2759,4865.7594098484,3972.19063395526,5759.32818574155,3499.1638973878,6232.35492230901
"2018-04-23 21:00:00",2183,5291.7594098484,4396.89603165764,6186.62278803915,3923.18397403096,6660.33484566584
"2018-04-23 22:00:00",1537,5372.7594098484,4476.60329956248,6268.91552013431,4002.20691090194,6743.31190879485
"2018-04-23 23:00:00",963,5452.75940984839,4555.31242958796,6350.20639010883,4080.23269564068,6825.2861240561
"2018-04-24 00:00:00",530,5748.75940984839,4850.02341371027,6647.4954059865,4374.26131597584,7123.25750372093
"2018-04-24 01:00:00",330,4974.75940984844,4074.73624396314,5874.78257573373,3598.29275972401,6351.22605997286
"2018-04-24 02:00:00",248,5294.75940984847,4393.45091243708,6196.06790725985,3916.32701478871,6673.19180490822
"2018-04-24 03:00:00",346,4205.75940984849,3303.16741127894,5108.35140841804,2825.36406915957,5586.15475053741
"2018-04-24 04:00:00",911,3325.75940984849,2421.88573269134,4229.63308700564,1943.40391091158,4708.1149087854
"2018-04-24 05:00:00",2936,2715.75940984849,1810.60586893216,3620.91295076483,1331.4465282041,4100.07229149288
"2018-04-24 06:00:00",5886,2544.75940984849,1638.32781231386,3451.19100738312,1158.49190928013,3931.02691041685
"2018-04-24 07:00:00",6535,2501.75940984849,1594.05155520307,3409.46726449391,1113.5400424654,3889.97877723159
"2018-04-24 08:00:00",5905,1564.75940984849,655.777090019998,2473.74172967699,174.590916167607,2954.92790352938
"2018-04-24 09:00:00",5509,919.759409848496,9.50440923789813,1830.01441045909,-472.355481124392,2311.87430082138
"2018-04-24 10:00:00",4540,546.759409848496,-364.766494617424,1458.28531431442,-847.299160841397,1940.81798053839
"2018-04-24 11:00:00",4957,358.759409848491,-554.03562896811,1271.55444866509,-1037.24013433459,1754.75895403157
"2018-04-24 12:00:00",4881,240.759409848492,-673.303001184806,1154.82182088179,-1157.17841287641,1638.6972325734
"2018-04-24 13:00:00",4960,259.759409848489,-655.56861858711,1175.08743828409,-1140.11400766121,1659.63282735819
"2018-04-24 14:00:00",5353,568.759409848477,-347.832488444096,1485.35130814105,-833.046929806079,1970.56574950303
"2018-04-24 15:00:00",6010,1131.75940984848,213.905382025215,2049.61343767174,-271.977190351565,2535.49601004852
"2018-04-24 16:00:00",7149,1845.75940984847,926.644985651368,2764.87383404558,440.095199737608,3251.42361995934
"2018-04-24 17:00:00",6253,2678.75940984848,1758.38631531399,3599.13250438296,1271.17022957175,4086.3485901252
"2018-04-24 18:00:00",4513,3377.75940984848,2456.12936394134,4299.38945575562,1968.2478883356,4787.27093136136
"2018-04-24 19:00:00",3325,3867.75940984848,2944.87412450983,4790.64469518712,2456.32816528748,5279.19065440948
"2018-04-24 20:00:00",3115,4451.7594098485,3527.62059004358,5375.89822965342,3038.41104975869,5865.10776993831
"2018-04-24 21:00:00",2497,4725.7594098485,3800.36875361394,5651.15006608305,3310.49653115281,6141.02228854419
"2018-04-24 22:00:00",1589,4724.75940984851,3798.1186083391,5651.40021135792,3307.584598945,6141.93422075202
"2018-04-24 23:00:00",988,4652.75940984851,3724.87014738354,5580.64867231349,3233.67524268123,6071.8435770158
"2018-04-25 00:00:00",532,4778.75940984852,3849.62336395771,5707.89545573932,3357.76845197781,6199.75036771923
"2018-04-25 01:00:00",310,4782.75940984852,3852.37825131756,5713.14056837947,3359.86421652057,6205.65460317646
"2018-04-25 02:00:00",237,4682.75940984851,3751.13480276408,5614.38401693294,3257.96252606427,6107.55629363274
"2018-04-25 03:00:00",341,4299.75940984851,3366.89301164295,5232.62580805406,2873.06337043201,5726.455449265
"2018-04-25 04:00:00",904,3309.75940984852,2375.65287134403,4243.86594835301,1881.16673951444,4738.35208018259
"2018-04-25 05:00:00",2917,2606.75940984852,1671.41437530103,3542.10444439602,1176.27262326931,4037.24619642774
"2018-04-25 06:00:00",5866,3403.75940984853,2467.17751699107,4340.34130270598,1971.38101172071,4836.13780797634
"2018-04-25 07:00:00",6303,3753.75940984852,2815.94228993426,4691.57652976277,2319.49189495853,5188.0269247385
"2018-04-25 08:00:00",5850,1930.75940984852,991.708687693383,2869.81013200365,494.605263137878,3366.91355655915
"2018-04-25 09:00:00",5455,1442.75940984853,502.476703873425,2383.04211582364,4.72110647841532,2880.79771321865
"2018-04-25 10:00:00",4524,517.759409848531,-423.753667878844,1459.27248757591,-922.160584736263,1957.67940443332
"2018-04-25 11:00:00",4891,249.759409848536,-692.982433875114,1192.50125357219,-1192.03982015907,1691.55863985614
"2018-04-25 12:00:00",5067,135.759409848536,-808.209600386054,1079.72842008313,-1307.91660938015,1579.43542907722
"2018-04-25 13:00:00",5020,175.759409848534,-769.435173641594,1120.95399333866,-1269.79096192737,1621.30978162444
"2018-04-25 14:00:00",5276,357.759409848546,-588.659159831308,1304.1779795284,-1089.66288726687,1805.18170696396
"2018-04-25 15:00:00",6002,711.759409848539,-235.881565104884,1659.40038480196,-737.532394803774,2161.05121450085
"2018-04-25 16:00:00",6816,1097.75940984854,148.89760442771,2046.62121526937,-353.399493882483,2548.91831357956
"2018-04-25 17:00:00",6420,1947.75940984854,997.678342695703,2897.84047700138,494.735806212564,3400.78301348452
"2018-04-25 18:00:00",4695,2862.75940984855,1911.46064366725,3814.05817602986,1407.87349625645,4317.64532344065
"2018-04-25 19:00:00",3543,3480.75940984856,2528.24450134902,4433.2743183481,2024.01356708317,4937.50525261394
"2018-04-25 20:00:00",3225,3902.75940984856,2949.02990978594,4856.48890991118,2444.15600958525,5361.36281011187
"2018-04-25 21:00:00",2560,4144.75940984855,3189.81686306079,5099.70195663631,2684.30081471306,5605.21800498405
"2018-04-25 22:00:00",1618,4197.75940984855,3241.60535529391,5153.9134644032,2735.44797347441,5660.07084622269
"2018-04-25 23:00:00",1023,4191.75940984855,3234.39538064279,5149.12343905431,2727.597476934,5655.92134276309
"2018-04-26 00:00:00",551,4413.75940984855,3455.18693330184,5372.33188639525,2947.74931621293,5879.76950348416
"2018-04-26 01:00:00",358,4632.75940984854,3672.980007502,5592.53881219509,3164.90348248817,6100.61533720892
"2018-04-26 02:00:00",255,4123.75940984853,3162.77459751043,5084.74422218663,2654.05996699213,5593.45885270494
"2018-04-26 03:00:00",350,3653.75940984853,2691.57069763024,4615.94812206682,2182.21876101212,5125.30005868495
"2018-04-26 04:00:00",899,2776.75940984852,1813.36830220008,3740.15051749697,1303.37985588989,4250.13896380716
"2018-04-26 05:00:00",2953,2161.75940984852,1197.16740559393,3126.35141410312,686.543243021163,3636.97557667589
"2018-04-26 06:00:00",5813,1800.75940984852,834.968002220721,2766.55081747633,323.708913855151,3277.8099058419
"2018-04-26 07:00:00",6493,1211.75940984852,244.770086524062,2178.74873317297,-267.123140105912,2690.64195980295
"2018-04-26 08:00:00",5890,749.759409848543,-218.426347018028,1717.94516671511,-730.952927307188,2230.47174700427
"2018-04-26 09:00:00",5495,357.759409848515,-611.621303893562,1327.14012359059,-1124.78045614182,1840.29927583886
"2018-04-26 10:00:00",4675,218.759409848517,-751.81478955661,1189.33360925364,-1265.60573495115,1703.12455464818
"2018-04-26 11:00:00",5110,74.7594098485184,-897.006809427858,1046.52562912489,-1411.42877202536,1560.94759172239
"2018-04-26 12:00:00",5078,221.759409848523,-751.197368894758,1194.7161885918,-1266.24957560386,1709.76839530091
"2018-04-26 13:00:00",5281,685.928919203857,-425.460187508207,1797.31802591592,-1013.79404203346,2385.65188044117
"2018-04-26 14:00:00",5661,2658.54625306631,1462.72332507001,3854.36918106261,829.692905472775,4487.39960065984
"2018-04-26 15:00:00",6257,5691.24767563797,4454.13734638904,6928.3580048869,3799.25069680395,7583.24465447199
"2018-04-26 16:00:00",7139,6028.87692365809,4763.16615889528,7294.58768842089,4093.13935329701,7964.61449401917
"2018-04-26 17:00:00",6372,5621.50487433634,4338.15072999612,6904.85901867656,3658.7840834268,7584.22566524587
"2018-04-26 18:00:00",5068,4927.77172962175,3633.31866264731,6222.22479659619,2948.07660134249,6907.46685790101
"2018-04-26 19:00:00",3813,4267.29400928329,2964.89909700543,5569.68892156116,2275.45287675106,6259.13514181553
"2018-04-26 20:00:00",3338,4351.31874421837,3042.81355860453,5659.82392983222,2350.13275503253,6352.50473340421
"2018-04-26 21:00:00",3058,4691.48941980606,3377.95494095446,6005.02389865767,2682.61179036265,6700.36704924947
"2018-04-26 22:00:00",2171,4678.3497742839,3360.40129454365,5996.29825402416,2662.72151302661,6693.97803554119
"2018-04-26 23:00:00",1253,4833.63632503709,3511.6416311606,6155.63101891359,2811.81991326446,6855.45273680973
"2018-04-27 00:00:00",683,5476.19963441526,4150.38408791745,6802.01518091308,3448.53973282188,7503.85953600865
"2018-04-27 01:00:00",422,6378.93283978314,5049.43465582868,7708.4310237376,4345.6408302222,8412.22484934408
"2018-04-27 02:00:00",328,6035.76964175421,4702.67559475981,7368.8636887486,3996.97823424386,8074.56104926455
"2018-04-27 03:00:00",380,4158.67051717352,2822.03664779291,5495.30438655413,2114.46541849757,6202.87561584947
"2018-04-27 04:00:00",849,2747.61046553768,1407.47407532643,4087.74685574892,698.048723502455,4797.1722075729
"2018-04-27 05:00:00",2744,2268.57409603724,924.961163023761,3612.18702905071,213.695440608689,4323.45275146578
"2018-04-27 06:00:00",5573,1951.5521245339,604.481782982862,3298.62246608494,-108.614180955443,4011.71843002325
"2018-04-27 07:00:00",6712,1291.53887244774,-58.9739088329168,2642.05165372839,-773.892190286179,3356.96993518165
"2018-04-27 08:00:00",6109,775.530884021923,-578.411905491472,2129.47367353532,-1295.14592362277,2846.20769166661
"2018-04-27 09:00:00",5414,321.526073595866,-1035.83584494041,1678.88799213214,-1754.37984064392,2397.43198783565
"2018-04-27 10:00:00",4946,114.523179393955,-1246.24794878614,1475.29430757405,-1966.59667105978,2195.64302984769
"2018-04-27 11:00:00",5365,-3.47856111441359,-1367.64958176517,1360.69245953634,-2089.79809839539,2082.84097616657
"2018-04-27 12:00:00",5622,126.520392712515,-1241.04158971262,1494.08237513765,-1964.9851730744,2218.02595849943
"2018-04-27 13:00:00",5487,649.519764173089,-721.424505909391,2020.46403425557,-1447.15856420253,2746.19809254871
"2018-04-27 14:00:00",6005,2701.51938665963,1327.20132480415,4075.83744851511,599.681289029148,4803.35748429011
"2018-04-27 15:00:00",6560,5745.51915997844,4367.83567134653,7123.20264861035,3638.53408625137,7852.50423370552
"2018-04-27 16:00:00",6471,6318.51902389883,4937.47837128915,7699.5596765085,4206.39961093522,8430.63843686243
"2018-04-27 17:00:00",6459,5667.51894222306,4283.12930372608,7051.90858072004,3550.27769733297,7784.76018711316
"2018-04-27 18:00:00",5355,5382.51889320812,3994.78837297184,6770.24941344441,3260.16821061634,7504.8695757999
"2018-04-27 19:00:00",4083,4349.51886379735,2958.45549875433,5740.58222884037,2222.07103493156,6476.96669266314
"2018-04-27 20:00:00",3319,4516.5188461516,3122.13061032072,5910.90708198248,2383.98606622129,6649.05162608191
"2018-04-27 21:00:00",3384,4766.51883556548,3368.81364289566,6164.2240282353,2628.91320791107,6904.12446321989
"2018-04-27 22:00:00",2709,4687.51882921506,3286.50453555136,6088.53312287876,2544.85236831477,6830.18529011535
"2018-04-27 23:00:00",1942,4978.51882540579,3574.20322992542,6382.83442088616,2830.80345907187,7126.23419173971
"2018-04-28 00:00:00",1097,5665.51882312092,4257.90966944764,7073.1279767942,3512.76639420391,7818.27125203793
"2018-04-28 01:00:00",725,6762.51882175047,5351.62379887229,8173.41384462865,4604.74108954277,8920.29655395817
"2018-04-28 02:00:00",531,5812.5188209285,4398.34556399369,7226.69207786331,3649.72746238174,7975.31017947526
"2018-04-28 03:00:00",382,3718.51882043552,2301.07491147164,5135.9627293994,1550.72543126019,5886.31220961085
"2018-04-28 04:00:00",365,2714.51882013987,1293.81178872298,4135.22585155675,541.734915828842,4887.30272445089
"2018-04-28 05:00:00",744,2702.51881996253,1278.55614385277,4126.4814960723,524.755836763026,4880.28180316204
"2018-04-28 06:00:00",1366,3524.51881985619,2097.30792560942,4951.72971410295,1341.78811570528,5707.24952400709
"2018-04-28 07:00:00",2330,2710.51881979242,1280.06708335401,4140.97055623083,522.831675225083,4898.20596435976
"2018-04-28 08:00:00",3737,998.518819754172,-435.166432961614,2432.20407246996,-1194.11356121057,3191.15120071891
"2018-04-28 09:00:00",4509,460.51881973123,-976.392672811355,1897.43031227381,-1737.04766926008,2658.08530872254
"2018-04-28 10:00:00",4752,249.518819717475,-1190.61168510839,1689.64932454334,-1952.97072372645,2452.0083631614
"2018-04-28 11:00:00",5130,120.518819709228,-1322.82351821643,1563.86115763489,-2086.88279857367,2327.92043799213
"2018-04-28 12:00:00",5453,167.518819704276,-1279.0282199599,1614.06585936845,-2044.78396694168,2379.82160635024
"2018-04-28 13:00:00",5529,694.518819701299,-755.225837633191,2144.26347703579,-1522.67430116035,2911.71194056294
"2018-04-28 14:00:00",5191,2736.51881969952,1283.58358199055,4189.45405740849,514.446127237406,4958.59151216163
"2018-04-28 15:00:00",4925,5442.51881969846,3986.39999265114,6898.63764674578,3215.57724750299,7669.46039189393
"2018-04-28 16:00:00",5034,5844.51881969782,4385.22334859331,7303.81429080232,3612.71898965992,8076.31864973571
"2018-04-28 17:00:00",4991,5924.51881969743,4462.05360455894,7386.98403483592,3687.87128449195,8161.16635490291
"2018-04-28 18:00:00",4300,5116.51881969719,3650.89071577939,6582.14692361499,2875.03406353141,7358.00357586297
"2018-04-28 19:00:00",3764,4411.51881969706,2942.73463796813,5880.30300142599,2165.20725904792,6657.8303803462
"2018-04-28 20:00:00",3189,4558.51881969698,3086.5853273134,6030.45231208056,2307.39080403722,6809.64683535674
"2018-04-28 21:00:00",3076,4685.51881969693,3210.44274047124,6160.59489892262,2429.58463221043,6941.45300718343
"2018-04-28 22:00:00",2900,4785.5188196969,3307.30683455841,6263.73080483539,2524.78867798332,7046.24896141048
"2018-04-28 23:00:00",3360,4633.51881969686,3152.17756714555,6114.86007224817,2368.0028764658,6899.03476292792
"2018-04-29 00:00:00",1532,5105.51881969685,3621.05489625057,6589.98274314312,2835.22716345177,7375.81047594192
"2018-04-29 01:00:00",821,6098.51881969685,4610.93878033201,7586.09885906168,3823.46147540906,8373.57616398463
"2018-04-29 02:00:00",601,5635.51881969683,4144.82917828254,7126.20846111113,3355.70574946945,7915.33188992421
"2018-04-29 03:00:00",347,4074.51881969683,2580.72604942274,5568.31158997092,1789.95992341913,6359.07771597453
"2018-04-29 04:00:00",280,2822.51881969683,1325.62935349489,4319.40828589878,533.223935689221,5111.81370370445
"2018-04-29 05:00:00",427,2481.51881969683,981.539050656724,3981.49858873693,187.497725346258,4775.5399140474
"2018-04-29 06:00:00",839,1981.51881969683,478.455101475655,3484.58253791801,-317.218767916719,4280.25640731038
"2018-04-29 07:00:00",1397,1490.51881969684,-15.6225330772106,2996.66017247089,-812.925603789247,3793.96324318293
"2018-04-29 08:00:00",2153,845.518819696838,-663.693891632892,2354.73153102657,-1462.62284135236,3153.66048074604
"2018-04-29 09:00:00",3258,388.518819696845,-1123.75901243005,1900.79665182374,-1924.31053908706,2701.34817848075
"2018-04-29 10:00:00",3848,139.518819696843,-1375.81793332066,1654.85557271435,-2177.98875488293,2457.02639427662
"2018-04-29 11:00:00",4381,31.5188196968431,-1486.87069177538,1549.90833116906,-2290.6575460464,2353.69518544008
"2018-04-29 12:00:00",4886,160.518819696845,-1360.91732488894,1681.95496428263,-2166.31696930897,2487.35460870266
"2018-04-29 13:00:00",4828,597.518819696846,-926.957869385435,2121.99550877913,-1733.9670808353,2929.00472022899
"2018-04-29 14:00:00",4715,2691.51881969684,1164.00763837656,4219.03000101713,355.392063768974,5027.64557562471
"2018-04-29 15:00:00",4570,5451.51881969684,3920.9791623989,6982.05847699478,3110.76040944945,7792.27722994423
"2018-04-29 16:00:00",4886,6035.51881969684,4501.95666703887,7569.0809723548,3690.13790169528,8380.89973769839
"2018-04-29 17:00:00",4390,5772.51881969684,4235.94011700436,7309.09752238933,3422.52448653184,8122.51315286185
"2018-04-29 18:00:00",3903,5265.51881969685,3725.92947734892,6805.10816204477,2910.92011051317,7620.11752888053
"2018-04-29 19:00:00",3351,4383.51881969684,2840.92471346718,5926.11292592651,2024.3247207149,6742.71291867879
"2018-04-29 20:00:00",3026,4687.51881969684,3141.92579109012,6233.11184830357,2323.7382647271,7051.29937466659
"2018-04-29 21:00:00",2367,4843.51881969685,3294.93267628057,6392.10496311312,2475.16069064734,7211.87694874636
"2018-04-29 22:00:00",1703,5032.51881969684,3480.94533542865,6584.09230396503,2659.59194707374,7405.44569231994
"2018-04-29 23:00:00",1035,5205.51881969683,3650.96373524746,6760.0739041462,2828.03198309841,7583.00565629525
"2018-04-30 00:00:00",541,5764.51881969684,4206.98784276874,7322.04979662494,3382.4807483007,8146.55689109298
"2018-04-30 01:00:00",327,6552.51881969683,4992.01762533849,8113.02001405518,4165.93819274066,8939.09944665301
"2018-04-30 02:00:00",275,6265.51881969683,4702.05305061296,7828.98458878071,3874.40426695279,8656.63337244088
"2018-04-30 03:00:00",355,4825.51881969684,3259.09408655444,6391.94355283924,2429.87892193963,7221.15871745405
"2018-04-30 04:00:00",891,3112.51881969687,1543.14070142725,4681.89693796649,712.362109165621,5512.67553022812
"2018-04-30 05:00:00",2871,2623.51881969688,1051.19286379377,4195.84477559999,218.853780551122,5028.18385884264
"2018-04-30 06:00:00",5730,2871.51881969688,1296.25054251047,4446.7870968833,462.353888466196,5280.68375092757
"2018-04-30 07:00:00",6633,2189.51881969688,611.313706724212,3767.72393266956,-224.137614274951,4603.17525366872
"2018-04-30 08:00:00",5724,1113.51881969689,-467.617674131617,2694.65531352539,-1304.62077441994,3531.65841381371
"2018-04-30 09:00:00",5171,545.51881969689,-1038.54363034082,2129.58126973461,-1877.09563828385,2968.13327767763
"2018-04-30 10:00:00",4523,209.518819696895,-1377.46419190804,1796.50183130183,-2217.56225175479,2636.59989114858
"2018-04-30 11:00:00",4619,131.518819696903,-1458.37938856231,1721.41702795611,-2300.02066029944,2563.05829969324
"2018-04-30 12:00:00",4825,221.5188196969,-1371.28924976064,1814.32688915444,-2214.47090896838,2657.50854836218
"2018-04-30 13:00:00",4837,619.518819696902,-976.19380469142,2215.23144408522,-1820.9130424014,3059.9506817952
"2018-04-30 14:00:00",5147,2492.51881969691,893.906917722125,4091.13072167169,47.6528951672362,4937.38474422658
"2018-04-30 15:00:00",5792,5301.51881969691,3700.01288881852,6903.0247505753,2852.22685990359,7750.81077949023
"2018-04-30 16:00:00",6901,6371.5188196969,4767.12408019485,7975.91355919895,3917.80880836915,8825.22883102466
"2018-04-30 17:00:00",6184,5561.5188196969,3954.24046370343,7168.79717569037,3103.39869751574,8019.63894187806
"2018-04-30 18:00:00",4568,4863.5188196969,3253.36201144863,6473.67562794518,2400.99648468068,7326.04115471312
"2018-04-30 19:00:00",3259,4440.51881969692,2827.48869578369,6053.54894361016,1973.6021275819,6907.43551181195
"2018-04-30 20:00:00",2673,4754.51881969693,3138.62048930767,6370.41715008618,2283.21558431328,7225.82205508057
"2018-04-30 21:00:00",2329,5180.51881969692,3561.7573648624,6799.28027453144,2704.83681334,7656.20082605384
"2018-04-30 22:00:00",1594,5261.51881969692,3639.89929552943,6883.13834386441,2781.4657734938,7741.57186590003
"2018-04-30 23:00:00",1061,5341.51881969691,3717.04625462713,6965.99138476669,2857.1024239687,7825.93521542512
"2018-05-01 00:00:00",576,5637.51881969691,4010.19821570777,7264.83942368604,3148.74672431635,8126.29091507747
"2018-05-01 01:00:00",395,4863.51881969696,3233.35515255466,6493.68248683925,2370.39863444177,7356.63900495215
"2018-05-01 02:00:00",275,5183.51881969699,3550.51703917929,6816.52060021469,2686.05811459898,7680.979524795
"2018-05-01 03:00:00",370,4094.51881969701,2458.68384981857,5730.35378957546,1592.72512538676,6596.31251400727
"2018-05-01 04:00:00",916,3214.51881969701,1575.85555893219,4853.18208046184,708.399627744566,5720.63801164946
"2018-05-01 05:00:00",2893,2604.51881969702,963.03214119986,4246.00549819417,94.0815829483572,5114.95605644568
"2018-05-01 06:00:00",5653,2433.51881969701,789.213571518674,4077.82406787535,-81.2290473934586,4948.26668678749
"2018-05-01 07:00:00",6046,2390.51881969702,743.399825000503,4037.63781439353,-128.532301343991,4909.56994073802
"2018-05-01 08:00:00",6140,1453.51881969702,-196.409123030562,3103.4467624246,-1069.82821664178,3976.86585603582
"2018-05-01 09:00:00",5420,808.518819697019,-844.213297040741,2461.25093643478,-1719.11683070469,3336.15447009873
"2018-05-01 10:00:00",4468,435.51881969702,-1220.01272128905,2091.05036068309,-2096.39818063368,2967.43582002772
"2018-05-01 11:00:00",4473,247.518819697015,-1410.80741982972,1905.84505922375,-2288.67230321651,2783.70994261054
"2018-05-01 12:00:00",5111,129.518819697016,-1531.59741651468,1790.63505590871,-2410.93923493157,2669.9768743256
"2018-05-01 13:00:00",4988,148.518819697012,-1515.38273499584,1812.42037438987,-2396.19901195133,2693.23665134536
"2018-05-01 14:00:00",4926,457.518819697001,-1209.16339872751,2124.20103812152,-2091.45167014606,3006.48930954007
"2018-05-01 15:00:00",5802,1020.518819697,-648.939430968668,2689.97707036267,-1532.69724508731,3573.73488448131
"2018-05-01 16:00:00",6900,1734.518819697,62.2891452147921,3406.7484941792,-822.9357720513,4291.97341144529
"2018-05-01 17:00:00",6410,2567.518819697,892.522306947767,4242.51533244623,5.83271397749695,5129.2049254165
"2018-05-01 18:00:00",4866,3266.518819697,1588.7600315438,4944.2776078502,700.60817830315,5832.42946109085
"2018-05-01 19:00:00",3411,3756.518819697,2076.00229650286,5437.03534289114,1186.39058651484,6326.64705287916
"2018-05-01 20:00:00",2907,4340.51881969702,2657.24907950926,6023.78855988479,1766.17990448364,6914.85773491041
"2018-05-01 21:00:00",2287,4614.51881969702,2928.50035842948,6300.53728096457,2035.97609835927,7193.06154103477
"2018-05-01 22:00:00",1438,4613.51881969703,2924.75611131017,6302.2815280839,2030.779134567,7196.25850482707
"2018-05-01 23:00:00",1093,4541.51881969704,2850.016316376,6233.02132301808,1954.5889798043,7128.44865958977
"2018-05-02 00:00:00",517,4667.51881969704,2973.28095202776,6361.75668736632,2076.40560103806,7258.63203835602
"2018-05-02 01:00:00",324,4671.51881969704,2974.54999684031,6368.48764255377,2076.22896550134,7266.80867389274
"2018-05-02 02:00:00",253,4571.51881969703,2871.82342956061,6271.21420983345,1972.05904069043,7170.97859870363
"2018-05-02 03:00:00",351,4188.51881969703,2486.10122910588,5890.93641028818,1584.89579436197,6792.14184503209
"2018-05-02 04:00:00",915,3198.51881969704,1493.38337456154,4903.65426483254,590.739194529907,5806.29844486417
"2018-05-02 05:00:00",2959,2495.51881969705,787.669845179492,4203.3677942146,-116.410790537257,5107.44842993135
"2018-05-02 06:00:00",5910,3292.51881969705,1581.96062037617,5003.07701901793,676.445807680639,5908.59183171346
"2018-05-02 07:00:00",6606,3642.51881969704,1929.25567973076,5355.78195966332,1022.30895795266,6262.72868144142
"2018-05-02 08:00:00",5676,1819.51881969704,103.555002983431,3535.48263641065,-804.821370705946,4443.85901010002
"2018-05-02 09:00:00",5638,1331.51881969706,-387.14142996648,3050.17906936059,-1296.94520903649,3959.9828484306
"2018-05-02 10:00:00",4815,406.518819697055,-1314.83363906226,2127.87127845637,-2226.06258753959,3039.1002269337
"2018-05-02 11:00:00",4999,138.51881969706,-1585.5216440914,1862.55928348552,-2498.1735364776,2775.21117587172
"2018-05-02 12:00:00",5088,24.5188196970596,-1702.20546468743,1751.24310408155,-2616.27808587742,2665.31572527154
"2018-05-02 13:00:00",5034,64.5188196970577,-1664.88512033152,1793.92275972563,-2580.3762655329,2709.41390492701
"2018-05-02 14:00:00",5179,246.51881969707,-1485.56063035409,1978.59826974823,-2402.46810500742,2895.50574440156
"2018-05-02 15:00:00",5913,600.518819697063,-1134.23201393662,2335.26965333075,-2052.55363363648,3253.5912730306
"2018-05-02 16:00:00",6935,986.518819697063,-750.899290113,2723.93692950713,-1670.63288052991,3643.67051992404
"2018-05-02 17:00:00",6291,1836.51881969706,96.4375222287038,3576.60011716543,-824.705874574531,4497.74351396866
"2018-05-02 18:00:00",4763,2751.51881969708,1008.77840434476,4494.25923504939,86.2273555636039,5416.81028383055
"2018-05-02 19:00:00",3518,3369.51881969708,1624.12333763417,5114.91430175998,700.166781436729,6038.87085795743
"2018-05-02 20:00:00",3114,3791.51881969708,2043.47230363728,5539.56533575688,1118.11237481322,6464.92526458094
"2018-05-02 21:00:00",2634,4033.51881969707,2282.82528403413,5784.21235536002,1356.06410767516,6710.97353171899
"2018-05-02 22:00:00",1721,4086.51881969707,2333.1822606431,5839.85537875105,1405.02195221611,6768.01568717804
"2018-05-02 23:00:00",1074,4080.51881969707,2324.54321541937,5836.49442397477,1394.98588083893,6766.05175855522
"2018-05-03 00:00:00",591,4302.51881969707,2543.90813045353,6061.1295089406,1612.95586615352,6992.08177324061
"2018-05-03 01:00:00",373,4521.51881969707,2760.27698797013,6282.760651424,1827.9318809747,7215.10575841944
"2018-05-03 02:00:00",259,4012.51881969706,2248.64977032631,5776.3878690678,1314.91389832002,6710.12374107409
"2018-05-03 03:00:00",345,3542.51881969705,1776.02646001042,5309.01117938369,840.90189140773,6244.13574798638
"2018-05-03 04:00:00",937,2665.51881969705,896.407039640608,4434.63059975348,-40.1041663454066,5371.1418057395
"2018-05-03 05:00:00",3025,2050.51881969705,278.791491963554,3822.24614743054,-659.104301326083,4760.14194072018
"2018-05-03 06:00:00",5893,1689.51881969705,-84.8202001469247,3463.85783954102,-1024.09853972652,4403.13617912062
"2018-05-03 07:00:00",6457,1100.51881969704,-676.428053691149,2877.46569308523,-1617.08690754648,3818.12454694056
"2018-05-03 08:00:00",6084,638.518819697066,-1141.03208554484,2418.06972493897,-2083.06943059515,3360.10706998928
"2018-05-03 09:00:00",5289,246.518819697038,-1535.63231246053,2028.6699518546,-2479.04613449329,2972.08377388736
"2018-05-03 10:00:00",4763,107.518819697039,-1677.22875106856,1892.26639046264,-2622.01704467484,2837.05468406892
"2018-05-03 11:00:00",4987,-36.4811803029587,-1823.82141787859,1750.85905727267,-2769.98218638915,2697.01982578323
"2018-05-03 12:00:00",5210,110.518819697046,-1679.41032928068,1900.44796867477,-2626.94158470263,2847.97922409672
"2018-05-03 13:00:00",5332,574.68832905238,-1308.49946670494,2457.8761248097,-2305.39886762723,3454.77552573199
"2018-05-03 14:00:00",5462,2547.30566291483,601.54267501453,4493.06865081513,-428.482031679431,5523.09335750909
"2018-05-03 15:00:00",6103,5580.00708548649,3600.29523815601,7559.71893281697,2552.29909085257,8607.71508012041
"2018-05-03 16:00:00",6977,5917.63633350661,3912.9160003096,7922.35666670362,2851.68116027754,8983.59150673567
"2018-05-03 17:00:00",6630,5510.26428418486,3488.72977748011,7531.79879088961,2418.59405165502,8601.9345167147
"2018-05-03 18:00:00",5019,4816.53113947027,2783.35482749499,6849.70745144555,1707.05630222632,7926.00597671422
"2018-05-03 19:00:00",3664,4156.05341913181,2113.85721939778,6198.24961886585,1032.78385397598,7279.32298428765
"2018-05-03 20:00:00",3325,4240.0781540669,2190.44670500433,6289.70960312946,1105.43735634282,7374.71895179097
"2018-05-03 21:00:00",2716,4580.24882965459,2524.14996456676,6636.34769474242,1435.71697266816,7724.78068664101
"2018-05-03 22:00:00",1918,4567.10918413243,2505.10895560901,6629.10941265584,1413.5519706138,7720.66639765105
"2018-05-03 23:00:00",1308,4722.39573488562,2654.83964081034,6789.9518289609,1560.34155825028,7884.44991152095
"2018-05-04 00:00:00",655,5364.95904426379,3292.0625161886,7437.85557233897,2194.73737863851,8535.18070988906
"2018-05-04 01:00:00",393,6267.69224963166,4189.58968640858,8345.79481285475,3089.50864032307,9445.87585894025
"2018-05-04 02:00:00",338,5924.52905160273,3841.30646081022,8007.75164239524,2738.5150358511,9110.54306735436
"2018-05-04 03:00:00",409,4047.42992702204,1959.14418173747,6135.71567230662,853.67248469328,7241.18736935081
"2018-05-04 04:00:00",882,2636.3698753862,543.059991614266,4729.67975915813,-565.071323689709,5837.81107446211
"2018-05-04 05:00:00",2841,2157.33350588576,59.0276690710198,4255.6393427005,-1051.74834401967,5366.41535579119
"2018-05-04 06:00:00",5503,1840.31153438242,-262.968635653932,3943.59170441878,-1376.37790168933,5057.00097045418
"2018-05-04 07:00:00",6587,1180.29828229626,-927.938609355721,3288.53517394824,-2043.97180531478,4404.5683699073
"2018-05-04 08:00:00",5771,664.290293870446,-1448.88815829488,2777.46874603577,-2567.53725837485,3896.11784611575
"2018-05-04 09:00:00",5156,210.285483444389,-1907.82087498994,2328.39184187871,-3029.07865107048,3449.64961795926
"2018-05-04 10:00:00",4982,3.28258924247825,-2119.73895997937,2126.30413846433,-3243.5986808912,3250.16385937615
"2018-05-04 11:00:00",5275,-114.719151265891,-2242.64377137936,2013.20546884757,-3369.09902123712,3139.66071870534
"2018-05-04 12:00:00",5528,15.2798025610374,-2117.53615697392,2148.09576209599,-3246.58072551248,3277.14033063455
"2018-05-04 13:00:00",5557,538.279174021612,-1599.41665705485,2675.97500509807,-2731.04447354523,3807.60282158846
"2018-05-04 14:00:00",5869,2590.27879650815,447.714373549629,4732.84321946668,-686.490719801569,5867.04831281788
"2018-05-04 15:00:00",6262,5634.27856982697,3486.85669203659,7781.70044761734,2350.08021742284,8918.47692223109
"2018-05-04 16:00:00",6662,6207.27843374735,4055.01012326499,8359.54674422971,2915.66810215708,9498.88876533762
"2018-05-04 17:00:00",6014,5556.27835207159,3399.17453306807,7713.3821710751,2257.27274837271,8855.28395577046
"2018-05-04 18:00:00",5024,5271.27830305665,3109.34981221495,7433.20679389834,1964.8940005256,8577.66260558769
"2018-05-04 19:00:00",4000,4238.27827364587,2071.53586676066,6405.02068053109,924.531721851069,7552.02482544068
"2018-05-04 20:00:00",3541,4405.27825600013,2233.73261224537,6576.82389975488,1084.18578732877,7726.37072467148
"2018-05-04 21:00:00",3323,4655.278245414,2478.93997020802,6831.61652061999,1326.85607945372,7983.70041137428
"2018-05-04 22:00:00",2718,4576.27823906358,2395.15786608902,6757.39861203814,1240.54248569179,7912.01399243537
"2018-05-04 23:00:00",2103,4867.27823525431,2681.38622796732,7053.17024254131,1524.24489694626,8210.31157356236
"2018-05-05 00:00:00",1446,5554.27823296944,3363.62498579824,7744.93148014064,2203.96320663128,8904.59325930761
"2018-05-05 01:00:00",691,6651.27823159899,4455.87407095212,8846.68239224586,3293.69731010973,10008.8591530883
"2018-05-05 02:00:00",518,5701.27823077702,3501.1334159333,7901.42304562075,2336.44710434961,9066.10935720443
"2018-05-05 03:00:00",345,3607.27823028404,1402.4029542072,5812.15350636088,235.212487711293,6979.34397285679
"2018-05-05 04:00:00",399,2603.27822998839,393.682620092722,4812.87383988405,-776.006640186117,5982.56310016289
"2018-05-05 05:00:00",687,2591.27822981106,376.972348693438,4805.58411092867,-795.21037855132,5977.76683817343
"2018-05-05 06:00:00",1382,3413.27822970471,1194.27207585251,5632.28438355691,19.6011745213227,6806.95528488809
"2018-05-05 07:00:00",2248,2599.27822964094,375.581738121503,4822.97472116038,-801.572077989145,6000.12853727103
"2018-05-05 08:00:00",3095,887.278229602692,-1341.09872726207,3115.65518646745,-2520.73023206064,4295.28669126603
"2018-05-05 09:00:00",3848,349.27822957975,-1883.76938239197,2582.32584155147,-3065.87338265198,3764.42984181148
"2018-05-05 10:00:00",3915,138.278229565995,-2099.43028870746,2375.98674783945,-3284.00162372315,3560.55808285514
"2018-05-05 11:00:00",4280,9.27822955774826,-2233.08150700529,2251.63796612079,-3420.11504825283,3438.67150736833
"2018-05-05 12:00:00",4775,56.278229552797,-2190.72309745063,2303.27955655622,-3380.21374825452,3492.77020736011
"2018-05-05 13:00:00",4730,583.278229549819,-1668.35511958712,2834.91157868676,-2860.29781479166,4026.8542738913
"2018-05-05 14:00:00",4394,2625.27822954804,369.022367653638,4881.53409144244,-825.367337991945,6075.92379708803
"2018-05-05 15:00:00",4699,5331.27822954698,3070.40930594302,7592.14715315094,1873.57759293894,8788.97886615502
"2018-05-05 16:00:00",4580,5733.27822954634,3467.80563754656,7998.75082154612,2268.5368897039,9198.01956938877
"2018-05-05 17:00:00",4539,5813.27822954595,3543.21130531541,8083.34515377649,2341.51046490142,9285.04599419048
"2018-05-05 18:00:00",4156,5005.27822954571,2730.62625267797,7279.93020641346,1526.49823201274,8484.05822707868
"2018-05-05 19:00:00",3146,4300.27822954558,2021.05042363172,6579.50603545945,814.500105389441,7786.05635370172
"2018-05-05 20:00:00",2767,4447.2782295455,2163.48376273519,6731.07269635582,954.516000241128,7940.04045884988
"2018-05-05 21:00:00",2922,4574.27822954545,2285.92621510016,6862.63024399074,1074.54583262353,8074.01062646738
"2018-05-05 22:00:00",3145,4674.27822954542,2381.37772638396,6967.17873270688,1167.5895194267,8180.96693966415
"2018-05-05 23:00:00",2432,4522.27822954538,2224.8382427818,6819.71821630897,1008.64697836332,8035.90948072745
"2018-05-06 00:00:00",1674,4994.27822954537,2692.30771101945,7296.24874807129,1473.71812795749,8514.83833113325
"2018-05-06 01:00:00",784,5987.27822954537,3680.78607834591,8293.77038074483,2459.80288753353,9514.7535715572
"2018-05-06 02:00:00",509,5524.27822954535,3213.2732925262,7835.28316656451,1989.90117720492,9058.65528188579
"2018-05-06 03:00:00",346,3963.27822954535,1647.76930183439,6278.78715725632,422.012917863668,7504.54354122703
"2018-05-06 04:00:00",269,2711.27822954536,391.274055046651,5031.28240404406,-836.861968830289,6259.418427921
"2018-05-06 05:00:00",459,2370.27822954535,45.7875014344158,4694.76895765628,-1184.72356045961,5925.28001955031
"2018-05-06 06:00:00",998,1870.27822954535,-458.690409242211,4199.24686833292,-1691.57193385959,5432.1283929503
"2018-05-06 07:00:00",1332,1379.27822954536,-954.159726741065,3712.71618583179,-2189.40716512827,4947.96362421899
"2018-05-06 08:00:00",2390,734.278229545359,-1603.62050034445,3072.17695943516,-2841.22932963641,4309.78578872713
"2018-05-06 09:00:00",3000,277.278229545366,-2065.07277886532,2619.62923795605,-3305.03850203702,3859.59496112775
"2018-05-06 10:00:00",3568,28.2782295453648,-2318.51661065366,2375.07306974439,-3560.83475627499,3617.39121536572
"2018-05-06 11:00:00",3914,-79.7217704546354,-2430.95204360251,2271.50850269324,-3675.61816559639,3516.17462468712
"2018-05-06 12:00:00",4053,49.2782295453668,-2306.379125154,2404.93558424473,-3553.38880255773,3651.94526164847
"2018-05-06 13:00:00",4237,486.278229545367,-1873.79790230535,2846.35436139609,-3123.14673903506,4095.70319812579
"2018-05-06 14:00:00",4295,2580.27822954537,215.791578385393,4944.76488070534,-1035.89204623273,6196.44850532346
"2018-05-06 15:00:00",4332,5340.27822954536,2971.38927079362,7709.1671882971,1717.37520530774,8963.18125378299
"2018-05-06 16:00:00",4181,5924.27822954536,3550.99512922248,8297.56132986824,2294.65494569903,9553.90151339169
"2018-05-06 17:00:00",3739,5661.27822954536,3283.60910839743,8038.94735069329,2024.94710569972,9297.609353391
"2018-05-06 18:00:00",3778,5154.27822954537,2772.2311634607,7536.32529563003,1511.25161670576,8797.30484238497
"2018-05-06 19:00:00",3041,4272.27822954536,1885.86124996599,6658.69520912473,622.568410742411,7921.98804834832
"2018-05-06 20:00:00",2658,4576.27822954536,2185.49932387321,6967.05713521752,919.897420456159,8232.65903863457
"2018-05-06 21:00:00",2350,4732.27822954537,2337.14534154329,7127.41111754744,1069.23857910682,8395.31787998391
"2018-05-06 22:00:00",1717,4921.27822954536,2521.79925973307,7320.75719935764,1251.59182055967,8590.96463853104
"2018-05-06 23:00:00",1248,5094.27822954535,2690.46103559035,7498.09542350035,1417.95707927794,8770.59937981277
"2018-05-07 00:00:00",597,5653.27822954536,3245.13062664891,8061.42583244181,1970.33429031512,9336.2221687756
"2018-05-07 01:00:00",353,6441.27822954535,4028.8079908236,8853.7484682671,2751.72338930758,10130.8330697831
"2018-05-07 02:00:00",244,6154.27822954536,3737.49308640574,8571.06337268497,2458.12431246735,9850.43214662336
"2018-05-07 03:00:00",326,4714.27822954536,2293.18587205823,7135.37058703249,1011.53699657482,8417.01946251591
"2018-05-07 04:00:00",875,3001.27822954539,575.886306811067,5426.67015227971,-708.038621028256,6710.59508011903
"2018-05-07 05:00:00",2729,2512.2782295454,82.5943500567519,4941.96210903405,-1203.60260244565,6228.15906153645
"2018-05-07 06:00:00",5780,2760.27822954541,326.309961545746,5194.24649754506,-962.155009233734,6482.71146832455
"2018-05-07 07:00:00",6339,2078.2782295454,-359.966898617777,4516.52335770859,-1650.69590240791,5807.25236149871
"2018-05-07 08:00:00",5793,1002.27822954541,-1440.23626998038,3444.79272907119,-2733.22534244942,4737.78180154023
"2018-05-07 09:00:00",4932,434.278229545411,-2012.49819174361,2881.05465083443,-3307.74338931186,4176.29984840269
"2018-05-07 10:00:00",4369,98.278229545416,-2352.75270276818,2549.30916185902,-3650.25010242758,3846.80656151841
"2018-05-07 11:00:00",4608,20.2782295454235,-2434.99984157814,2475.55630066899,-3734.74554071401,3775.30199980485
"2018-05-07 12:00:00",4792,110.278229545421,-2349.23964636491,2569.79610545576,-3651.22976257988,3871.78622167072
"2018-05-07 13:00:00",4815,508.278229545423,-1955.47215499127,2972.02861408212,-3259.70282593133,4276.25928502217
"2018-05-07 14:00:00",4969,2381.27822954543,-86.6974049953274,4849.25386408618,-1393.16478817794,6155.72124726879
"2018-05-07 15:00:00",5799,5190.27822954543,2718.08456640553,7662.47189268533,1409.38429376121,8971.17216532965
"2018-05-07 16:00:00",6663,6260.27822954542,3783.87372231093,8736.68273677991,2472.94436345188,10047.612095639
"2018-05-07 17:00:00",6197,5450.27822954542,2969.6700261337,7930.88643295715,1656.5153649388,9244.04109415204
"2018-05-07 18:00:00",4502,4752.27822954542,2267.47344159613,7237.08301749472,952.097242740015,8552.45921635083
"2018-05-07 19:00:00",3292,4329.27822954545,1840.28393272634,6818.27252636455,522.689941841256,8135.86651724963
"2018-05-07 20:00:00",2791,4643.27822954545,2150.10146385468,7136.45499523622,830.293407690531,8456.26305140037
"2018-05-07 21:00:00",2494,5069.27822954544,2571.92599961021,7566.63045948068,1249.90758619266,8888.64887289823
"2018-05-07 22:00:00",1591,5150.27822954544,2648.75750491717,7651.79895417371,1324.53242370388,8976.024035387
"2018-05-07 23:00:00",1010,5230.27822954543,2724.5959449916,7735.96051409927,1398.16786702671,9062.38859206416
"2018-05-08 00:00:00",585,5526.27822954543,3016.44128533788,8036.11517375298,1687.81386340466,9364.7425956862
"2018-05-08 01:00:00",356,4752.27822954548,2238.29349174547,7266.26296734549,907.470360517201,8597.08609857376
"2018-05-08 02:00:00",264,5072.27822954551,2554.15253028553,7590.40392880549,1221.13730647469,8923.41915261633
"2018-05-08 03:00:00",331,3983.27822954553,1461.01836730774,6505.53809178333,125.814649813375,7840.74180927769
"2018-05-08 04:00:00",868,3103.27822954553,576.890969437137,5629.66548965393,-760.497660509321,6967.05411960039
"2018-05-08 05:00:00",2849,2493.27822954554,-37.2296964290545,5023.78615552013,-1376.79967511974,6363.35613421081
"2018-05-08 06:00:00",5958,2322.27822954554,-212.343663124542,4856.90012221561,-1554.09144423269,6198.64790332376
"2018-05-08 07:00:00",6651,2279.27822954554,-259.450963216993,4818.00742230807,-1603.37301765614,6161.92947674721
"2018-05-08 08:00:00",6203,1342.27822954554,-1200.55162901105,3885.10808810212,-2546.64444479576,5231.20090388684
"2018-05-08 09:00:00",5428,697.27822954554,-1849.6456925513,3244.20215164238,-3197.90577465953,4592.46223375061
"2018-05-08 10:00:00",4500,324.278229545541,-2226.73318562519,2875.28964471628,-3577.15705586217,4225.71351495325
"2018-05-08 11:00:00",4614,136.278229545536,-2418.81413976591,2691.37059885698,-3771.39833662948,4043.95479572055
"2018-05-08 12:00:00",4601,18.2782295455369,-2540.88858625522,2577.4450453463,-3895.62966480284,3932.18612389392
"2018-05-08 13:00:00",4583,37.2782295455335,-2525.95655612627,2600.51301521734,-3882.85108784333,3957.4075469344
"2018-05-08 14:00:00",5196,346.278229545522,-2221.01808016634,2913.57453925738,-3580.06265283602,4272.61911192707
"2018-05-08 15:00:00",5855,909.278229545523,-1662.07318891955,3480.6296480106,-3023.26440649415,4841.8208655852
"2018-05-08 16:00:00",6578,1623.27822954552,-952.121912689579,4198.67837178061,-2315.45639516315,5562.01285425419
"2018-05-08 17:00:00",6279,2456.27822954552,-123.164281542254,5035.7207406333,-1488.63866482478,6401.19512391582
"2018-05-08 18:00:00",4545,3155.27822954552,571.799674691808,5738.75678439924,-795.811261100996,7106.36772019204
"2018-05-08 19:00:00",3274,3645.27822954552,1057.76992641464,6232.7865326764,-311.974229257998,7602.53068834904
"2018-05-08 20:00:00",3044,4229.27822954554,1637.7464442584,6820.81001483268,265.872385789966,8192.68407330112
"2018-05-08 21:00:00",2334,4503.27822954554,1907.72919908286,7098.82726000822,533.728539476781,8472.8279196143
"2018-05-08 22:00:00",1513,4502.27822954556,1902.71816197299,7101.83829711812,526.594187580704,8477.96227151041
"2018-05-08 23:00:00",1027,4430.27822954556,1826.71330423639,7033.84315485473,448.469286220534,8412.08717287059
"2018-05-09 00:00:00",516,4556.27822954556,1948.71459740112,7163.84186169001,568.35379185215,8544.20266723897
"2018-05-09 01:00:00",319,4560.27822954556,1948.72201321313,7171.83444587799,566.247661264761,8554.30879782636
"2018-05-09 02:00:00",261,4460.27822954555,1844.73552363406,7075.82093545705,460.150851577351,8460.40560751375
"2018-05-09 03:00:00",340,4077.27822954555,1457.75510083891,6696.80135825219,71.063320235286,8083.49313885581
"2018-05-09 04:00:00",885,3087.27822954556,463.780717213731,5710.77574187739,-925.014974993357,7099.57143408448
"2018-05-09 05:00:00",2881,2384.27822954557,-243.187654646566,5011.7441137377,-1634.08407602102,6402.64053511215
"2018-05-09 06:00:00",6008,3181.27822954557,549.84995805957,5812.70650103157,-843.144024444142,7205.70048353528
"2018-05-09 07:00:00",6523,3531.27822954556,895.893528338156,6166.66293075297,-499.194861546459,7561.75132063758
"2018-05-09 08:00:00",6254,1708.27822954556,-931.056970602437,4347.61342969356,-2328.23662830224,5744.79308739336
"2018-05-09 09:00:00",5210,1220.27822954558,-1423.00156535364,3863.5580244448,-2822.26936537958,5262.82582447073
"2018-05-09 10:00:00",4720,295.278229545577,-2351.94028230884,2942.49674139999,-3753.29311314364,4343.84957223479
"2018-05-09 11:00:00",4693,27.2782295455817,-2623.87314766525,2678.42960675641,-4027.30791165964,4081.8643707508
"2018-05-09 12:00:00",4840,-86.7217704544184,-2741.80018742615,2568.35664651731,-4147.31380069614,3973.87025978731
"2018-05-09 13:00:00",4933,-46.7217704544204,-2705.72142740275,2612.27788649391,-4113.310819728,4019.86727881916
"2018-05-09 14:00:00",5109,135.278229545592,-2527.63689321621,2798.19335230739,-3937.29900793939,4207.85546703058
"2018-05-09 15:00:00",6159,489.278229545585,-2177.54661029969,3156.10306939086,-3589.27840422697,4567.83486331814
"2018-05-09 16:00:00",6844,875.278229545585,-1795.45060390007,3546.00706299124,-3209.24904720251,4959.80550629368
"2018-05-09 17:00:00",6436,1725.27822954559,-949.348899080045,4399.90535817122,-2365.21097519611,5815.76743428729
"2018-05-09 18:00:00",4768,2640.2782295456,-38.241520719906,5318.7979798111,-1456.16422625889,6736.72068535009
"2018-05-09 19:00:00",3511,3258.2782295456,575.871506480538,5940.68495261066,-844.108838165924,7360.66529725713
"2018-05-09 20:00:00",3287,3680.2782295456,993.990158000245,6366.56630109096,-428.044848418927,7788.60130751013
"2018-05-09 21:00:00",2734,3922.2782295456,1232.11440949503,6612.44204959617,-191.972294249116,8036.52875334031
"2018-05-09 22:00:00",1736,3975.2782295456,1281.24423679582,6669.31222229538,-144.891212619887,8095.44767171108
"2018-05-09 23:00:00",1466,3969.27822954559,1271.37961590691,6667.17684318427,-156.801640229514,8095.3580993207
"2018-05-10 00:00:00",633,4191.27822954559,1489.52052300421,6893.03593608697,59.296386486194,8323.26007260499
"2018-05-10 01:00:00",364,4410.27822954559,1704.66693443353,7115.88952465765,272.402831351279,8548.1536277399
"2018-05-10 02:00:00",270,3901.27822954558,1191.81882670889,6610.73763238227,-242.482341552955,8045.03880064412
"2018-05-10 03:00:00",374,3431.27822954558,717.976176510866,6144.58028258029,-718.359167890495,7580.91562698165
"2018-05-10 04:00:00",928,2554.27822954557,-162.861039315081,5271.41749840622,-1601.22768307315,6709.78414216429
"2018-05-10 05:00:00",2881,1939.27822954557,-781.692843760207,4660.24930285135,-2222.08792226303,6100.64438135417
"2018-05-10 06:00:00",5840,1578.27822954557,-1146.51925965413,4303.07571874528,-2588.939920375,5745.49637946615
"2018-05-10 07:00:00",6197,989.278229545565,-1739.34030966639,3717.89676875753,-3183.78371207914,5162.34017117027
"2018-05-10 08:00:00",5690,527.27822954559,-2205.15601630799,3259.71247539917,-3651.61933180307,4706.17579089425
"2018-05-10 09:00:00",5568,135.278229545562,-2600.96640193308,2871.5228610242,-4049.44681373446,4320.00327282558
"2018-05-10 10:00:00",4691,-3.72177045443635,-2743.7714887402,2736.32794783133,-4194.26619182311,4186.82265091424
"2018-05-10 11:00:00",5120,-147.721770454434,-2891.57129877411,2596.12775786524,-4344.07749978355,4048.63395887468
"2018-05-10 12:00:00",5268,-0.721770454430242,-2748.36585392709,2746.92231301823,-4202.88077109712,4201.43723018826
"2018-05-10 13:00:00",5140,463.447738900904,-2356.25749470714,3283.15297250895,-3848.91928048028,4775.81475828209
"2018-05-10 14:00:00",5599,2436.06507276336,-434.432472013785,5306.5626175405,-1953.9820831488,6826.11222867551
"2018-05-10 15:00:00",6364,5468.76649533502,2568.68579534297,8368.84719532706,1033.47580780919,9904.05718286085
"2018-05-10 16:00:00",7074,5806.39574335513,2883.5878225944,8729.20366411586,1336.34677112745,10276.4447155828
"2018-05-10 17:00:00",6722,5399.02369403338,2460.00022805298,8338.04716001378,904.175185466532,9893.87220260024
"2018-05-10 18:00:00",5110,4705.2905493188,1754.309869089,7656.2712295486,192.155059631295,9218.4260390063
"2018-05-10 19:00:00",3824,4044.81282898034,1084.10132122164,7005.52433673904,-483.204677170003,8572.83033513068
"2018-05-10 20:00:00",3310,4128.83756391542,1159.77416728144,7097.9009605494,-411.953054014843,8669.62818184569
"2018-05-10 21:00:00",2906,4469.00823950311,1492.45184062739,7445.56463837883,-83.2419364541047,9021.25841546033
"2018-05-10 22:00:00",2014,4455.86859398095,1472.32907804485,7439.40810991705,-107.061337911297,9018.7985258732
"2018-05-10 23:00:00",1287,4611.15514473414,1620.94722488136,7601.36306458692,38.0267691253539,9184.28352034293
"2018-05-11 00:00:00",660,5253.71845411231,2257.04016708835,8250.39674113627,670.694505852983,9836.74240237164
"2018-05-11 01:00:00",379,6156.45165948019,3153.42763206949,9159.47568689088,1563.72273878929,10749.1805801711
"2018-05-11 02:00:00",302,5813.28846145125,2803.99920848941,8822.5777144131,1210.97770514373,10415.5992177588
"2018-05-11 03:00:00",342,3936.18933687057,920.688707714481,6951.68996602666,-675.620899569047,8547.99957331018
"2018-05-11 04:00:00",814,2525.12928523472,-496.545258569814,5546.80382903926,-2096.12313884675,7146.3817093162
"2018-05-11 05:00:00",2640,2046.09291573428,-981.728037800189,5073.91386926876,-2584.55963084618,6676.74546231475
"2018-05-11 06:00:00",5561,1729.07094423095,-1304.87495670456,4763.01684516646,-2910.94890104899,6369.09078951089
"2018-05-11 07:00:00",6472,1069.05769214478,-1970.99538544243,4109.11076973199,-3580.30227381885,5718.41765810841
"2018-05-11 08:00:00",5594,553.04970371897,-2493.0950376177,3599.19444505565,-4105.62665799172,5211.72606542966
"2018-05-11 09:00:00",5189,99.044893292913,-2953.17738747165,3151.26717405748,-4568.92626287907,4767.0160494649
"2018-05-11 10:00:00",4978,-107.958000908998,-3166.24456174532,2950.32855992732,-4785.20367310699,4569.287671289
"2018-05-11 11:00:00",5292,-225.959741417367,-3290.29787150325,2838.37838866852,-4912.46049011636,4460.54100728163
"2018-05-11 12:00:00",5530,-95.9607875904384,-3166.33813358271,2974.41655840184,-4791.69771998241,4599.77614480153
"2018-05-11 13:00:00",5323,427.038583870136,-2649.36586703453,3503.4430347748,-4277.91601004786,5131.99317778813
"2018-05-11 14:00:00",5648,2479.03820635668,-603.38141132669,5561.45782404005,-2235.11579128741,7193.19220400077
"2018-05-11 15:00:00",6354,5523.03797967549,2434.61500250828,8611.4609568427,799.702636004502,10246.3733233465
"2018-05-11 16:00:00",6858,6096.03784359587,3001.62320888349,9190.45247830825,1363.53905046881,10828.5366367229
"2018-05-11 17:00:00",5773,5445.03776192011,2344.64308179269,8545.43244204753,703.393278557456,10186.6822452828
"2018-05-11 18:00:00",5138,5160.03771290517,2053.67451926481,8266.40090654553,409.26517582926,9910.81024998108
"2018-05-11 19:00:00",3863,4127.0376834944,1014.71743401026,7239.35793297853,-632.845384301931,8886.92075129072
"2018-05-11 20:00:00",3108,4294.03766584865,1175.77174779855,7412.30358389875,-474.938517329545,9063.01384902684
"2018-05-11 21:00:00",3134,4544.03765526252,1419.83738807982,7668.23792244523,-234.014331718102,9322.08964224315
"2018-05-11 22:00:00",2436,4465.0376489121,1334.91428595362,7595.16101187059,-322.072931346882,9252.14822917109
"2018-05-11 23:00:00",1740,4756.03764510283,1620.00237494663,7892.07291525904,-40.1144169810023,9552.18970718667
"2018-05-12 00:00:00",1107,5443.03764281797,2301.10159027632,8584.97369535961,637.861112841449,10248.2141727945
"2018-05-12 01:00:00",642,6540.03764144751,3392.21186840628,9687.86341448875,1725.85356127282,11354.2217216222
"2018-05-12 02:00:00",427,5590.03764062555,2436.33314677654,8743.74213447455,766.862832829604,10413.2124484215
"2018-05-12 03:00:00",482,3496.03764013256,336.465363638761,6655.60991662637,-1336.11116680794,8328.18644707307
"2018-05-12 04:00:00",440,2492.03763983691,-673.391542045347,5657.46682171917,-2349.06853092013,7333.14381059395
"2018-05-12 05:00:00",809,2480.03763965958,-691.237630667933,5651.31290998709,-2370.00935182695,7330.08463114611
"2018-05-12 06:00:00",1428,3302.03763955323,124.927037984067,6479.14824112239,-1556.93372093958,8161.00900004604
"2018-05-12 07:00:00",2113,2488.03763948946,-694.897595298643,5670.97287427757,-2379.84172879579,7355.91700777472
"2018-05-12 08:00:00",3110,776.037639451215,-2412.71158916683,3964.78686806926,-4100.73346508514,5652.80874398757
"2018-05-12 09:00:00",3792,238.037639428273,-2956.51500172683,3432.59028058337,-4647.60901866821,5123.68429752476
"2018-05-12 10:00:00",4455,27.0376394145187,-3173.30789055182,3227.38316938086,-4867.46847759235,4921.54375642139
"2018-05-12 11:00:00",4818,-101.962360593728,-3308.09031269099,3104.16559150353,-5005.31192910479,4801.38720791733
"2018-05-12 12:00:00",5167,-54.9623605986797,-3266.86232467769,3156.93760348033,-4967.13945966466,4857.2147384673
"2018-05-12 13:00:00",4769,472.037639398343,-2745.62398253685,3689.69926133353,-4448.95115495402,5393.0264337507
"2018-05-12 14:00:00",4631,2514.03763939656,-709.375341791865,5737.45062058499,-2415.74709988815,7443.82237868128
"2018-05-12 15:00:00",4283,5220.0376393955,1990.88354252881,8449.1917362622,281.472621374445,10158.6026574166
"2018-05-12 16:00:00",4148,5622.03763939486,2387.15261588533,8856.9226629044,674.707925422433,10569.3673533673
"2018-05-12 17:00:00",3972,5702.03763939448,2461.43182422032,8942.64345456863,745.958729582276,10658.1165492067
"2018-05-12 18:00:00",3736,4894.03763939424,1647.72111395279,8140.35416483568,-70.7750480910263,9858.8503268795
"2018-05-12 19:00:00",3060,4189.03763939411,937.020431972299,7441.05484681592,-784.493488822865,9162.56876761108
"2018-05-12 20:00:00",2718,4336.03763939403,1078.32972563308,7593.74555315498,-646.196673127949,9318.27195191601
"2018-05-12 21:00:00",2727,4463.03763939398,1199.64894274845,7726.42633603951,-527.884680818927,9453.95995960689
"2018-05-12 22:00:00",2527,4563.03763939395,1293.9780315852,7832.0972472027,-436.557591014903,9562.6328698028
"2018-05-12 23:00:00",2033,4411.03763939391,1136.316940858,7685.75833792981,-597.21548214999,9419.29076093781
"2018-05-13 00:00:00",1191,4883.03763939389,1602.66561972412,8163.40965906367,-133.858431981482,9899.93371076927
"2018-05-13 01:00:00",756,5876.03763939389,2590.02401777801,9162.05126100978,850.513482402005,10901.5617963858
"2018-05-13 02:00:00",622,5413.03763939388,2121.39208504603,8704.68319374173,378.900184572416,10447.1750942153
"2018-05-13 03:00:00",353,3852.03763939388,554.769771981392,7149.30550680636,-1190.69840124557,8894.77368003332
"2018-05-13 04:00:00",342,2600.03763939388,-702.842970540987,5902.91824932875,-2451.28235018225,7651.35762897001
"2018-05-13 05:00:00",460,2259.03763939387,-1049.44619122955,5567.5214700173,-2800.85173673076,7318.92701551851
"2018-05-13 06:00:00",868,1759.03763939388,-1555.03993838091,5073.11521716866,-3309.40663475442,6827.48191354217
"2018-05-13 07:00:00",1304,1268.03763939389,-2051.62425988476,4587.69953867254,-3808.94711749419,6345.02239628196
"2018-05-13 08:00:00",1965,623.037639393885,-2702.19920322878,3948.27448201655,-4462.47325757617,5708.54853636394
"2018-05-13 09:00:00",3117,166.037639393892,-3164.76481550312,3496.8400942909,-4927.98512701858,5260.06040580636
"2018-05-13 10:00:00",3725,-82.9623606061101,-3419.32114340522,3253.396422193,-5185.48279723896,5019.55807602674
"2018-05-13 11:00:00",3983,-190.96236060611,-3532.8682332443,3150.94351203208,-5301.96633906116,4920.04161784894
"2018-05-13 12:00:00",4088,-61.9623606061081,-3409.40613094586,3285.48140973364,-5181.43582272217,5057.51110150996
"2018-05-13 13:00:00",4184,375.037639393892,-2977.93488205619,3728.01016084397,-4752.89131787903,5502.96659666682
"2018-05-13 14:00:00",4091,2469.03763939389,-889.454531746629,5827.52981053441,-2667.33289361535,7605.40817240313
"2018-05-13 15:00:00",4072,5229.03763939389,1865.03487518204,8593.04040360574,84.2393815519936,10373.8358972358
"2018-05-13 16:00:00",4169,5813.03763939388,2443.53329429535,9182.54198449241,659.825439666358,10966.2498391214
"2018-05-13 17:00:00",3827,5550.03763939389,2175.04068152108,8925.03459726669,388.425213325085,10711.6500654627
"2018-05-13 18:00:00",3555,5043.03763939389,1662.55699314498,8423.51828564281,-126.961364327018,10213.0366431148
"2018-05-13 19:00:00",3256,4161.03763939389,775.082185806781,7546.99309298099,-1017.33435960372,9339.4096383915
"2018-05-13 20:00:00",3049,4465.03763939389,1073.61621649624,7856.45906229153,-721.69383828354,9651.76911707132
"2018-05-13 21:00:00",2586,4621.03763939389,1224.15904254915,8017.91623623863,-574.039865615749,9816.11514440353
"2018-05-13 22:00:00",1759,4810.03763939389,1407.71062164341,8212.36465714436,-393.372506326404,10013.4477851142
"2018-05-13 23:00:00",1077,4983.03763939388,1575.27091179533,8390.80436699242,-228.691824624027,10194.7671034118
"2018-05-14 00:00:00",598,5542.03763939388,2128.83987135574,8955.23540743203,322.00211579447,10762.0731629933
"2018-05-14 01:00:00",366,6330.03763939388,2911.41745900626,9748.65781978149,1101.7092517381,11558.3660270497
"2018-05-14 02:00:00",243,6043.03763939388,2619.00363375575,9467.071645032,806.429520516292,11279.6457582715
"2018-05-14 03:00:00",308,4603.03763939389,1173.59835493658,8032.47692385119,-641.837140066724,9847.91241885449
"2018-05-14 04:00:00",875,2890.03763939391,-544.798417798923,6324.87369658675,-2363.09079171737,8143.16607050519
"2018-05-14 05:00:00",2816,2401.03763939392,-1039.18672448189,5841.26200326973,-2860.33149565798,7662.40677444582
"2018-05-14 06:00:00",5792,2649.03763939393,-796.566604830531,6094.64188361839,-2620.55931263232,7918.63459142017
"2018-05-14 07:00:00",6559,1967.03763939393,-1483.93809825339,5418.01337704124,-3310.77430291054,7244.8495816984
"2018-05-14 08:00:00",5870,891.037639393929,-2565.3012438528,4347.37652264066,-4394.97652629453,6177.05180508239
"2018-05-14 09:00:00",5052,323.037639393934,-3138.65608042821,3784.73135921608,-4971.1660421229,5617.24132091077
"2018-05-14 10:00:00",4392,-12.9623606060607,-3480.00264647942,3454.0779252673,-5315.34290927603,5289.41818806391
"2018-05-14 11:00:00",4573,-90.9623606060532,-3563.34098020985,3381.41625899775,-5401.507186181,5219.5824649689
"2018-05-14 12:00:00",4794,-0.962360606055597,-3478.67111952973,3476.74639831762,-5319.6589308165,5317.73420960439
"2018-05-14 13:00:00",4831,397.037639393946,-3085.99310205915,3880.06838084704,-4929.79820071749,5723.87347950538
"2018-05-14 14:00:00",5025,2270.03763939395,-1218.30696513124,5758.38224391914,-3064.92505298009,7605.00033176799
"2018-05-14 15:00:00",5598,5079.03763939396,1585.38725420472,8572.68802458319,-264.039544266256,10422.1148230542
"2018-05-14 16:00:00",6463,6149.03763939395,2650.08951918043,9647.98575960747,797.858269191733,11500.2170095962
"2018-05-14 17:00:00",5971,5339.03763939395,1834.79979330551,8843.27548548239,-20.2316684133402,10698.3069472012
"2018-05-14 18:00:00",4545,4641.03763939395,1131.51804036457,8150.55723842333,-726.309412468126,10008.384691256
"2018-05-14 19:00:00",3113,4218.03763939397,703.244224414319,7732.83105437362,-1157.37501794316,9593.4502967311
"2018-05-14 20:00:00",2681,4532.03763939397,1011.97830978073,8052.09696900721,-851.428539397133,9915.50381818508
"2018-05-14 21:00:00",2293,4958.03763939397,1432.72026105624,8483.3550177317,-433.470030981272,10349.5453097692
"2018-05-14 22:00:00",2107,5039.03763939396,1508.47004309689,8569.60523569104,-360.499546443593,10438.5748252315
"2018-05-14 23:00:00",1022,5119.03763939396,1583.22762101972,8654.8476577682,-288.517139133008,10526.5924179209
"2018-05-15 00:00:00",555,5415.03763939395,1873.99296019991,8956.08231858799,-0.522862003583214,10830.5981407915
"2018-05-15 01:00:00",309,4641.037639394,1094.76602626827,8187.30925251973,-782.5167676185,10064.5920464065
"2018-05-15 02:00:00",248,4961.03763939403,1409.54678510845,8512.52849367961,-470.498908154174,10392.5741869422
"2018-05-15 03:00:00",349,3872.03763939406,315.335202854415,7428.7400759337,-1567.46933540426,9311.54461419237
"2018-05-15 04:00:00",934,2992.03763939406,-569.868754112069,6553.94403290018,-2455.42810078337,8439.50337957148
"2018-05-15 05:00:00",3020,2382.03763939406,-1185.06511916402,5949.14039795214,-3073.37525533116,7837.45053411928
"2018-05-15 06:00:00",5914,2211.03763939406,-1361.25392543173,5783.32920421985,-3252.31084971604,7674.38612850416
"2018-05-15 07:00:00",6264,2168.03763939406,-1409.43520580524,5745.51048459335,-3303.23493423898,7639.3102130271
"2018-05-15 08:00:00",5433,1231.03763939406,-2351.60899293673,4813.68427172485,-4248.14755883719,6710.22283762532
"2018-05-15 09:00:00",5399,586.037639394063,-3001.775319243,4173.85059803113,-4901.04877308788,6073.12405187601
"2018-05-15 10:00:00",4528,213.037639394064,-3379.93421690775,3806.00949569588,-5281.93862621177,5708.0139049999
"2018-05-15 11:00:00",4808,25.0376393940586,-3573.08571788397,3623.16099667208,-5477.81716707673,5527.89244586485
"2018-05-15 12:00:00",4967,-92.9623606059407,-3696.22985389624,3510.30513268436,-5603.68444420135,5417.75972298947
"2018-05-15 13:00:00",5017,-73.9623606059441,-3682.366656443,3534.44193523112,-5592.54050575832,5444.61578454644
"2018-05-15 14:00:00",5380,235.037639394044,-3378.49615679883,3848.57143558692,-5291.38539957797,5761.46067836606
"2018-05-15 15:00:00",6033,798.037639394046,-2820.61838601662,4416.69366480471,-4736.21917315162,6332.29445193971
"2018-05-15 16:00:00",6888,1512.03763939404,-2111.73337492981,5135.80865371789,-4030.04187363493,7054.11715242301
"2018-05-15 17:00:00",6548,2345.03763939404,-1283.84115415454,5973.91643294262,-3204.85354785124,7894.92882663933
"2018-05-15 18:00:00",4953,3044.03763939404,-589.941754091758,6678.01703287985,-2513.65424229482,8601.72952108291
"2018-05-15 19:00:00",3602,3534.03763939404,-105.03520492939,7173.11048371748,-2031.44400313409,9099.51928192217
"2018-05-15 20:00:00",3050,4118.03763939407,473.878463355619,7762.19681543251,-1455.22287621485,9691.29815500298
"2018-05-15 21:00:00",2773,4392.03763939406,742.799220995229,8041.2760577929,-1188.99090706336,9973.06618585149
"2018-05-15 22:00:00",3335,4391.03763939408,736.727038428317,8045.34824035984,-1197.74814088949,9979.82341967764
"2018-05-15 23:00:00",2286,4319.03763939408,659.661886298534,7978.41339248963,-1277.49462258988,9915.56990137804
"2018-05-16 00:00:00",720,4445.03763939408,780.603735452516,8109.47154333565,-1159.23039675075,10049.3056755389
"2018-05-16 01:00:00",442,4449.03763939408,779.552556937796,8118.52272185037,-1162.95550765109,10061.0307864393
"2018-05-16 02:00:00",352,4349.03763939407,674.508322000871,8023.56695678728,-1270.66999926557,9968.74527805372
"2018-05-16 03:00:00",367,3966.03763939407,286.471002085413,7645.60427670273,-1661.37391526735,9593.4491940555
"2018-05-16 04:00:00",895,2976.03763939408,-708.559431169789,6660.63470995796,-2659.06729903116,8611.14257781932
"2018-05-16 05:00:00",3014,2273.03763939409,-1416.58300593257,5962.65828472076,-3369.75019363596,7915.82547242415
"2018-05-16 06:00:00",5844,3070.03763939409,-624.599750179289,6764.67502896747,-2580.42264186791,8720.4979206561
"2018-05-16 07:00:00",5988,3420.03763939408,-279.609691696612,7119.68497048478,-2238.08468622305,9078.15996501122
"2018-05-16 08:00:00",5293,1597.03763939408,-2107.61285808329,5301.68813687145,-4068.73636891003,7262.81164769819
"2018-05-16 09:00:00",5122,1109.0376393941,-2600.60927675198,4818.68455554018,-4564.3777318529,6782.4530106411
"2018-05-16 10:00:00",4941,184.037639394098,-3530.59897493105,3898.67425371925,-5497.00881669383,5865.08409548203
"2018-05-16 11:00:00",5110,-83.9623606058968,-3803.58197966613,3635.65725845433,-5772.62966479556,5604.70494358377
"2018-05-16 12:00:00",5042,-197.962360605897,-3922.55831782201,3526.63359661022,-5894.24031724425,5498.31559603245
"2018-05-16 13:00:00",4952,-157.962360605899,-3887.52801608422,3571.60329487243,-5861.84081485186,5545.91609364007
"2018-05-16 14:00:00",5286,24.0376393941131,-3710.49110096072,3758.56637974895,-5687.43119815886,5735.50647694708
"2018-05-16 15:00:00",5871,378.037639394106,-3361.44759878361,4117.52287757183,-5341.01150743669,6097.0867862249
"2018-05-16 16:00:00",6775,764.037639394107,-2980.39753571067,4508.47281449888,-4962.58178269023,6490.65706147844
"2018-05-16 17:00:00",6123,1614.03763939411,-2135.34093772701,5363.41621651523,-4120.14206366028,7348.21734244849
"2018-05-16 18:00:00",4717,2529.03763939412,-1225.27783064667,6283.35310943491,-3212.69238982601,8270.76766861425
"2018-05-16 19:00:00",3697,3147.03763939412,-612.208240114222,6906.28351890247,-2602.23280040741,8896.30807919566
"2018-05-16 20:00:00",3387,3569.03763939412,-195.132191606243,7333.20747039449,-2187.76333436754,9325.83861315578
"2018-05-16 21:00:00",3187,3811.03763939412,41.950289567088,7580.12498922115,-1953.28403041496,9575.3593092032
"2018-05-16 22:00:00",2443,3864.03763939412,90.0391782604929,7638.03610052774,-1907.79492700608,9635.87020579432
"2018-05-16 23:00:00",2291,3858.03763939412,79.1344494920772,7636.94082929615,-1921.2960623474,9637.37134113563
"2018-05-17 00:00:00",684,4080.03763939411,296.236078441868,7863.83920034635,-1706.7874743978,9866.86275318602
"2018-05-17 01:00:00",495,4299.03763939411,510.344040450342,8087.73123833788,-1495.26920087075,10093.344479659
"2018-05-17 02:00:00",294,3790.0376393941,-3.54168898302896,7583.61696777123,-2011.74127923659,9591.81655802479
"2018-05-17 03:00:00",364,3320.0376393941,-478.421134201202,7118.4964129894,-2489.20374672465,9129.27902551285
"2018-05-17 04:00:00",929,2443.03763939409,-1360.29431939099,6246.36959817917,-3373.65664032547,8259.73191911366
"2018-05-17 05:00:00",2935,1828.03763939409,-1980.16126858442,5636.23654737261,-3996.09999679288,7652.17527558107
"2018-05-17 06:00:00",5846,1467.03763939409,-2346.0220056602,5280.09728444839,-4364.5338526462,7298.60913143439
"2018-05-17 07:00:00",6323,878.037639394087,-2939.876554345,4695.95183313317,-4960.95824417223,6717.0335229604
"2018-05-17 08:00:00",5494,416.037639394111,-3406.72493821482,4238.80021700304,-5430.37320742737,6262.44848621559
"2018-05-17 09:00:00",5299,24.037639394084,-3803.56718069643,3851.64245948459,-5829.77877823974,5877.85405702791
"2018-05-17 10:00:00",4444,-114.962360605915,-3947.40330506846,3717.47858385663,-5976.17499221097,5746.25027099914
"2018-05-17 11:00:00",4913,-258.962360605913,-4096.23333446295,3578.30861325113,-6127.56188471846,5609.63716350663
"2018-05-17 12:00:00",5120,-111.962360605909,-3954.05729186653,3730.13257065472,-5987.93949091721,5764.01476970539
"2018-05-17 13:00:00",5096,352.207148749426,-3549.86324423806,4254.27754173691,-5615.49453490894,6319.90883240779
"2018-05-17 14:00:00",5480,2324.82448261188,-1620.96108402219,6270.61004924594,-3709.7337897541,8359.38275497785
"2018-05-17 15:00:00",6289,5357.52590518354,1384.867754144,9330.18405622308,-718.130438475308,11433.1822488424
"2018-05-17 16:00:00",6594,5695.15515320366,1701.2003542243,9689.10995218301,-413.071602817595,11803.3819092249
"2018-05-17 17:00:00",6171,5287.78310388191,1277.95605157392,9297.61015618989,-844.718168837688,11420.2843766015
"2018-05-17 18:00:00",4989,4594.04995916732,571.986367501302,8616.11355083333,-1557.16548556217,10745.2654038968
"2018-05-17 19:00:00",3647,3933.57223882886,-98.786632067523,7965.93110972525,-2233.38847674639,10100.5329544041
"2018-05-17 20:00:00",3400,4017.59697376394,-23.8352678781184,8059.02921540601,-2163.24026489319,10198.4342124211
"2018-05-17 21:00:00",3238,4357.76764935163,308.032744519091,8407.50255418418,-1835.76741689716,10551.3027156004
"2018-05-17 22:00:00",2677,4344.62800382947,287.052235999138,8402.20377165981,-1860.89862756314,10550.1546352221
"2018-05-17 23:00:00",1852,4499.91455458267,434.784889945332,8565.04421922,-1717.16476503779,10716.9938742031
"2018-05-18 00:00:00",736,5142.47786396084,1069.97584467971,9214.97988324196,-1085.87649910819,11370.8322270299
"2018-05-18 01:00:00",453,6045.21106932871,1965.45149636336,10124.9706422941,-194.242764272275,12284.6649029297
"2018-05-18 02:00:00",365,5702.04787129978,1615.10528692064,9788.99045567891,-548.391430268363,11952.4871728679
"2018-05-18 03:00:00",351,3824.94874671909,-269.126702816604,7919.02419625479,-2436.39933073393,10086.2968241721
"2018-05-18 04:00:00",846,2413.88869508325,-1687.2844902596,6515.0618804261,-3858.31443255099,8686.09182271748
"2018-05-18 05:00:00",2786,1934.85232558281,-2173.39259817543,6043.09724934105,-4348.16609265299,8217.87074381861
"2018-05-18 06:00:00",5552,1617.83035407947,-2497.46585491466,5733.12656307361,-4675.97207431919,7911.63278247814
"2018-05-18 07:00:00",6583,957.817101993306,-3164.51332585295,5080.14752983956,-5346.74323578661,7262.37743977322
"2018-05-18 08:00:00",5321,441.809113567494,-3687.54053679834,4571.15876393333,-5873.48619868222,6757.10442581721
"2018-05-18 09:00:00",4984,-12.1956968585637,-4148.55084467036,4124.15945095323,-6338.20499288936,6313.81359917223
"2018-05-18 10:00:00",4736,-219.198591060474,-4362.54630115591,3924.14911903496,-6555.90208824873,6117.50490612778
"2018-05-18 11:00:00",5133,-337.200331568843,-4487.52816773942,3813.12750460174,-6684.57901037495,6010.17834723726
"2018-05-18 12:00:00",5337,-207.201377741915,-4364.49722704716,3950.09447156333,-6565.23671302204,6150.83395753821
"2018-05-18 13:00:00",5316,315.797993718659,-3848.45397319864,4480.04996063595,-6052.87580540357,6684.47179284089
"2018-05-18 14:00:00",5810,2367.7976162052,-1803.39872636449,6538.99395877489,-4011.49668898151,8747.09192139191
"2018-05-18 15:00:00",6400,5411.79738952401,1233.66829827236,9589.92648077566,-978.099639810392,11801.6944188584
"2018-05-18 16:00:00",6496,5984.79725344439,1799.74694883913,10169.8475580497,-415.684858275392,12385.2793651642
"2018-05-18 17:00:00",6197,5333.79717176863,1141.8371116946,9525.75723184266,-1077.25249901383,11744.8468425511
"2018-05-18 18:00:00",5241,5048.79712275369,849.938696355368,9247.65554915202,-1372.80268889808,11470.3969344055
"2018-05-18 19:00:00",3850,4015.79709334292,-189.94837357457,8221.5425602604,-2416.33553785396,10447.9297245398
"2018-05-18 20:00:00",3441,4182.79707569717,-29.8241658555089,8395.41831724985,-2259.85114536211,10625.4452967565
"2018-05-18 21:00:00",3196,4432.79706511105,213.311257112708,8652.28287310939,-2020.34960436397,10885.9437345861
"2018-05-18 22:00:00",2728,4353.79705876063,127.457836322257,8580.13628119899,-2109.83100360932,10817.4251211306
"2018-05-18 23:00:00",1797,4644.79705495136,411.615514973837,8877.97859492888,-1829.29542906816,11118.8895389709
"2018-05-19 00:00:00",1420,5331.79705266649,1091.78423776462,9571.80986756835,-1152.74296478062,11816.3370701136
"2018-05-19 01:00:00",855,6428.79705129604,2181.96395045924,10675.6301521328,-66.1736933696466,12923.7677959617
"2018-05-19 02:00:00",639,5478.79705047407,1225.15459963054,9732.4395013176,-1026.58769635128,11984.1817972994
"2018-05-19 03:00:00",494,3384.79704998108,-875.643867497778,7645.23796745995,-3130.98505432375,9900.57915428592
"2018-05-19 04:00:00",477,2380.79704968543,-1886.43150314737,6648.02560251823,-4145.36584708347,8906.95994645433
"2018-05-19 05:00:00",806,2368.7970495081,-1905.2083590448,6642.802458061,-4167.73015369756,8905.32425271376
"2018-05-19 06:00:00",1430,3190.79704940175,-1089.97448645879,7471.56858526229,-3356.07805254972,9737.67215135322
"2018-05-19 07:00:00",2062,2376.79704933799,-1910.72993622472,6664.32403490069,-4180.4096213709,8934.00372004688
"2018-05-19 08:00:00",3277,664.797049299736,-3629.47475876075,4959.06885736022,-5902.72493726002,7232.3190358595
"2018-05-19 09:00:00",3569,126.797049276794,-4174.20900407929,4427.80310263288,-6451.02407669904,6704.61817525263
"2018-05-19 10:00:00",3857,-84.2029507369607,-4391.93272179565,4223.52682032172,-6672.30711556478,6503.90121409086
"2018-05-19 11:00:00",4112,-213.202950745208,-4527.64596113474,4101.24005964433,-6811.57412913831,6385.1682276479
"2018-05-19 12:00:00",4259,-166.202950750159,-4487.34877093689,4154.94286943657,-6774.82519211329,6442.41929061297
"2018-05-19 13:00:00",4542,360.797049246863,-3967.04119966288,4688.63529815661,-6258.06037860338,6979.65447709711
"2018-05-19 14:00:00",4802,2402.79704924508,-1931.72329539854,6737.31739388871,-4226.27976214912,9031.87386063929
"2018-05-19 15:00:00",4598,5108.79704924402,767.604894140813,9449.98920434724,-1530.48341572451,11748.0775142126
"2018-05-19 16:00:00",4398,5510.79704924338,1162.94332160628,9858.65077688048,-1138.6714117433,12160.2655102301
"2018-05-19 17:00:00",4133,5590.797049243,1236.29194001134,9945.30215847466,-1068.8438220651,12250.4379205511
"2018-05-19 18:00:00",3640,4782.79704924276,421.650702727803,9143.94339575772,-1887.00071800149,11452.594816487
"2018-05-19 19:00:00",2979,4077.79704924263,-289.980436517882,8445.57453500314,-2602.14217032175,10757.736268807
"2018-05-19 20:00:00",2706,4224.79704924255,-149.60152364857,8599.19562213367,-2465.26824925879,10914.8623477439
"2018-05-19 21:00:00",2705,4351.7970492425,-29.2126042400487,8732.80670272505,-2348.37902451476,11051.9731229998
"2018-05-19 22:00:00",2714,4451.79704924247,64.1862764753123,8839.40782200962,-2258.47456526659,11162.0686637515
"2018-05-19 23:00:00",2047,4299.79704924243,-94.4049263951611,8693.99902488002,-2420.55494017168,11020.1490386565
"2018-05-20 00:00:00",1216,4771.79704924242,371.013742592058,9172.58035589277,-1958.6202173733,11502.2143158581
"2018-05-20 01:00:00",761,5764.79704924241,1357.44223921322,10172.1518592716,-975.670464505835,12505.2645629907
"2018-05-20 02:00:00",525,5301.7970492424,887.880519573715,9715.71357891109,-1448.70574870027,12052.2998471851
"2018-05-20 03:00:00",324,3740.7970492424,-679.671459895253,8161.26555838005,-3019.72613658936,10501.3202350742
"2018-05-20 04:00:00",273,2488.7970492424,-1938.21374244003,6915.80784092483,-4281.73169431266,9259.32579279747
"2018-05-20 05:00:00",433,2147.7970492424,-2285.74637098795,6581.34046947275,-4632.72248752188,8928.31658600668
"2018-05-20 06:00:00",850,1647.7970492424,-2792.26938815052,6087.86348663532,-5142.69858138568,8438.29267987048
"2018-05-20 07:00:00",1242,1156.79704924241,-3289.78283622664,5603.37693471146,-5643.66004059466,7957.25413907948
"2018-05-20 08:00:00",1829,511.797049242407,-3941.286757206,4964.88085569081,-6298.60692936649,7322.2010278513
"2018-05-20 09:00:00",2638,54.797049242414,-4404.78119277196,4514.37529125679,-6765.53931145038,6875.13340993521
"2018-05-20 10:00:00",3501,-194.202950757588,-4660.2661843049,4271.86028278973,-7024.45725013216,6636.05134861699
"2018-05-20 11:00:00",4300,-302.202950757588,-4774.74177288514,4170.33587136997,-7142.36080823876,6537.95490672358
"2018-05-20 12:00:00",4661,-173.202950757586,-4652.20799929606,4305.80209778089,-7023.25004814297,6676.8441466278
"2018-05-20 13:00:00",3956,263.797049242415,-4221.66490402709,4749.25900251192,-6596.12503176802,7123.71913025285
"2018-05-20 14:00:00",3932,2357.79704924241,-2134.11252727661,6849.70662576144,-4511.98582059207,9227.57991907689
"2018-05-20 15:00:00",3920,5117.79704924241,619.449091045047,9616.14500743978,-1761.83247565265,11997.4265741375
"2018-05-20 16:00:00",3938,5701.7970492424,1197.01991131276,10206.574187172,-1187.66505755118,12591.259156036
"2018-05-20 17:00:00",3768,5438.79704924241,927.599894183844,9949.99420430097,-1460.48362645712,12338.0777249419
"2018-05-20 18:00:00",3378,4931.79704924241,414.189000595034,9449.40509788979,-1977.28824211255,11840.8823405974
"2018-05-20 19:00:00",2842,4049.79704924241,-474.212808240061,8573.80690672488,-2869.07896383616,10968.673062321
"2018-05-20 20:00:00",2692,4353.79704924241,-176.605570833825,8884.19966931864,-2574.85585052754,11282.4499490124
"2018-05-20 21:00:00",2194,4509.79704924241,-26.9893254272883,9046.58342391211,-2428.61896067131,11448.2130591561
"2018-05-20 22:00:00",1696,4698.7970492424,155.635890007154,9241.95820847766,-2249.36835234123,11646.962450826
"2018-05-20 23:00:00",1107,4871.7970492424,322.270037763192,9421.3240607216,-2086.10408320412,11829.6981816889
"2018-05-21 00:00:00",652,5430.7970492424,874.913080397947,9986.68101808686,-1536.82621052394,12398.4203090088
"2018-05-21 01:00:00",350,6218.7970492424,1656.56498072932,10781.0291177555,-758.534791165783,13196.1288896506
"2018-05-21 02:00:00",321,5931.7970492424,1363.22570183366,10500.3683966511,-1055.22988159952,12918.8239800843
"2018-05-21 03:00:00",333,4491.79704924241,-83.1047929569568,9066.69889144177,-2504.91153790389,11488.5056363887
"2018-05-21 04:00:00",860,2778.79704924243,-1802.42654005708,7360.02063854195,-4227.57981577016,9785.17391425503
"2018-05-21 05:00:00",2796,2289.79704924244,-2297.73957563034,6877.33367411523,-4726.2347705058,9305.82886899068
"2018-05-21 06:00:00",5721,2537.79704924245,-2056.04393559195,7131.63803407685,-4487.87645703839,9563.47055552329
"2018-05-21 07:00:00",6799,1855.79704924245,-2744.33965561094,6455.93375409583,-5179.50492991901,8891.09902840391
"2018-05-21 08:00:00",5726,779.79704924245,-3826.6267711126,5386.2208695975,-6265.12024332598,7824.71434181088
"2018-05-21 09:00:00",4865,211.797049242455,-4400.90531728082,4824.49941576573,-6842.72245106841,7266.31654955332
"2018-05-21 10:00:00",4254,-124.20295075754,-4743.17532906036,4494.76942754528,-7188.31160658968,6939.9057050746
"2018-05-21 11:00:00",4454,-202.202950757533,-4827.43684115911,4423.03093964405,-7275.88776297095,6871.48186145589
"2018-05-21 12:00:00",4810,-112.202950757535,-4743.6898880504,4519.28398653533,-7195.45097293461,6971.04507141954
"2018-05-21 13:00:00",2040,285.797049242466,-4351.93450397506,4923.52860245999,-6807.00128884751,7378.59538733244
"2018-05-21 14:00:00",4224,2158.79704924247,-2485.17072294377,6802.76482142871,-4943.53876272449,9261.13286120943
"2018-05-21 15:00:00",5895,4967.79704924248,317.601421260842,9617.99267722411,-2144.06344623161,12079.6575447166
"2018-05-21 16:00:00",6968,6037.79704924247,1381.38189508208,10694.2122034029,-1083.57539068942,13159.1694891744
"2018-05-21 17:00:00",6134,5227.79704924247,565.170665187055,9890.42343329788,-1903.07464707617,12358.6687455611
"2018-05-21 18:00:00",4586,4529.79704924247,-139.03230153537,9198.62640002031,-2610.56126603097,11670.1553645159
"2018-05-21 19:00:00",3249,4106.79704924249,-568.227037976717,8781.8211364617,-3043.03529785708,11256.6293963421
"2018-05-21 20:00:00",2699,4420.79704924249,-260.413576810872,9102.00767529586,-2738.49679252488,11580.0908910099
"2018-05-21 21:00:00",2318,4846.79704924249,159.408049503941,9534.18604898103,-2321.94579967493,12015.5398981599
"2018-05-21 22:00:00",1668,4927.79704924248,234.23780872308,9621.35628976189,-2250.38236862117,12105.9764671061
"2018-05-21 23:00:00",1060,5007.79704924248,308.075668813623,9707.51842967133,-2179.80654835372,12195.4006468387
"2018-05-22 00:00:00",554,5303.79704924247,597.921597952352,10009.6725005326,-1893.21838754201,12500.8124860269
"2018-05-22 01:00:00",333,4529.79704924252,-182.22443547613,9241.81853396117,-2676.61793453762,11736.2120330227
"2018-05-22 02:00:00",249,4849.79704924255,131.637537118667,9567.95656136643,-2366.00523737722,12065.5993358623
"2018-05-22 03:00:00",337,3760.79704924257,-963.492515468746,8485.0866139539,-3464.38034378551,10985.9744422707
"2018-05-22 04:00:00",886,2880.79704924257,-1849.61462424159,7611.20872272674,-4353.7433011778,10115.3373996629
"2018-05-22 05:00:00",3026,2270.79704924258,-2465.72882000276,7007.32291848792,-4973.09415666306,9514.68825514822
"2018-05-22 06:00:00",5875,2099.79704924258,-2642.8351333566,6842.42923184175,-5153.4329570466,9353.02705553175
"2018-05-22 07:00:00",6019,2056.79704924258,-2691.93359471066,6805.52769319581,-5205.75974883276,9319.35384731791
"2018-05-22 08:00:00",5752,1119.79704924258,-3635.0242342775,5874.61833276266,-6152.07457822768,8391.66867671283
"2018-05-22 09:00:00",5085,474.797049242581,-4286.10708207646,5235.70118056162,-6806.37749114193,7755.97158962709
"2018-05-22 10:00:00",4450,101.797049242582,-4665.18216793529,4868.77626642045,-7188.66853319317,7392.26263167834
"2018-05-22 11:00:00",4631,-86.2029507574235,-4859.24952149196,4686.84361997711,-7385.94774970872,7213.54184819388
"2018-05-22 12:00:00",4760,-204.202950757423,-4983.3091721963,4574.90327068146,-7513.21518572825,7104.8092842134
"2018-05-22 13:00:00",4840,-185.202950757426,-4970.36114931166,4599.95524779681,-7503.47088600616,7133.06498449131
"2018-05-22 14:00:00",5197,123.797049242562,-4667.40548191658,4914.9995804017,-7203.71489501423,7451.30899349936
"2018-05-22 15:00:00",5901,686.797049242563,-4110.4421989064,5484.03629739153,-6649.94725694412,8023.54135542924
"2018-05-22 16:00:00",6907,1400.79704924256,-3402.47132899489,6204.06542748001,-5945.1680157097,8746.76211419482
"2018-05-22 17:00:00",6371,2233.79704924256,-2575.49290071584,7043.08699920096,-5121.37721494966,9588.97131343479
"2018-05-22 18:00:00",4649,2932.79704924256,-1882.50694242463,7748.10104090975,-4431.57489802981,10297.1689965149
"2018-05-22 19:00:00",3367,3422.79704924256,-1398.51348229977,8244.10758078489,-3950.76110804546,10796.3552065306
"2018-05-22 20:00:00",3028,4006.79704924258,-820.512548344483,8834.10664682965,-3375.93588782386,11389.529986309
"2018-05-22 21:00:00",3047,4280.79704924258,-552.504168388202,9114.09826687336,-3111.09927992642,11672.6933784116
"2018-05-22 22:00:00",1953,4279.79704924259,-559.488370088046,9119.08246857323,-3121.25132665108,11680.8454251363
"2018-05-22 23:00:00",1084,4207.7970492426,-637.465180930424,9053.05927941562,-3202.39207003466,11617.9861685199
"2018-05-23 00:00:00",599,4333.7970492426,-517.434628232337,9185.02872671754,-3085.52155185492,11753.1156503401
"2018-05-23 01:00:00",363,4337.7970492426,-519.396739142957,9194.99083762816,-3090.63981363293,11766.2339121181
"2018-05-23 02:00:00",303,4237.79704924259,-625.351540645078,9100.94563913026,-3199.7468966353,11675.3409951205
"2018-05-23 03:00:00",349,3854.79704924259,-1014.2990595564,8723.89315804158,-3591.84284187618,11301.4369403614
"2018-05-23 04:00:00",919,2864.7970492426,-2010.23932253111,7739.83342101631,-4590.92769011964,10320.5217886048
"2018-05-23 05:00:00",2989,2161.79704924261,-2719.17235606119,7042.76645454641,-5303.00148188165,9626.59558036686
"2018-05-23 06:00:00",5979,2958.79704924261,-1928.09818647779,7845.69228496301,-4515.06425743223,10432.6583559175
"2018-05-23 07:00:00",6641,3308.7970492426,-1584.01683995265,8201.61093843785,-4174.1160567976,10791.7101552828
"2018-05-23 08:00:00",5557,1485.7970492426,-3412.92834249931,6384.52244098451,-6006.15691976206,8977.75101824727
"2018-05-23 09:00:00",5217,997.797049242616,-3906.83271997463,5902.42681845986,-6503.18688587025,8498.78098435548
"2018-05-23 10:00:00",4728,72.7970492426155,-4837.72999808002,4983.32409656525,-7437.20599442907,7582.80009291431
"2018-05-23 11:00:00",4956,-195.202950757379,-5111.62020236266,4721.21430084791,-7714.2142845096,7323.80838299484
"2018-05-23 12:00:00",4760,-309.20295075738,-5231.503358217,4613.09745670224,-7837.21179494925,7218.80589343449
"2018-05-23 13:00:00",4912,-269.202950757381,-5197.37949088581,4658.97358937105,-7806.19856435353,7267.79266283877
"2018-05-23 14:00:00",5221,-87.2029507573695,-5021.24862546157,4846.84272394683,-7633.17463109808,7458.76872958334
"2018-05-23 15:00:00",5959,266.797049242624,-4673.11078688774,5206.70488537299,-7288.14003333063,7821.73413181588
"2018-05-23 16:00:00",6897,652.797049242624,-4292.96599995993,5598.56009844518,-6911.09480897277,8216.68890745802
"2018-05-23 17:00:00",6228,1502.79704924263,-3448.81428932712,6454.40838781237,-6070.03899572189,9075.63309420714
"2018-05-23 18:00:00",4632,2417.79704924264,-2539.6556794929,7375.24977797818,-5163.972631053,9999.56672953828
"2018-05-23 19:00:00",3359,3035.79704924264,-1927.49019481674,7999.08429330202,-4554.89575222067,10626.489850706
"2018-05-23 20:00:00",2993,3457.79704924264,-1511.31785951502,8426.9119580003,-4141.80839626067,11057.402494746
"2018-05-23 21:00:00",2888,3699.79704924264,-1275.1386976623,8674.73279614758,-3908.71059999187,11308.3046984771
"2018-05-23 22:00:00",2028,3752.79704924264,-1227.9527331925,8733.54683167777,-3864.60240001802,11370.1964985033
"2018-05-23 23:00:00",1215,3746.79704924263,-1239.75998989998,8733.35408838525,-3879.48383272948,11373.0779312147
"2018-05-24 00:00:00",628,3968.79704924263,-1023.56049144071,8961.15458992597,-3666.3549343049,11603.9490327902
"2018-05-24 01:00:00",356,4187.79704924263,-810.354261333403,9185.94835981866,-3456.21574071308,11831.8098391983
"2018-05-24 02:00:00",261,3678.79704924262,-1325.14132296061,8682.73542144584,-3974.06628771452,11331.6603861998
"2018-05-24 03:00:00",363,3208.79704924262,-1800.92169956983,8218.51579805507,-4452.90661086324,10870.5007093485
"2018-05-24 04:00:00",883,2331.79704924261,-2683.69541427462,7347.28951275983,-5338.73674550833,10002.3308439935
"2018-05-24 05:00:00",3012,1716.79704924261,-3304.46249005558,6738.0565885408,-5962.55672679561,9396.15082528083
"2018-05-24 06:00:00",5763,1355.79704924261,-3671.22294976158,6382.8170482468,-6332.36658966942,9043.96068815464
"2018-05-24 07:00:00",6298,766.797049242604,-4265.97681611069,5799.5709145959,-6930.16636887402,8463.76046735923
"2018-05-24 08:00:00",5695,304.797049242628,-4733.72411169123,5343.31821017648,-7400.9560989553,8010.55019744056
"2018-05-24 09:00:00",5232,-87.2029507573991,-5131.46485896292,4957.05895744812,-7801.7358142624,7627.3299127476
"2018-05-24 10:00:00",4532,-226.202950757398,-5276.19908025773,4823.79317874293,-7949.50554894914,7497.09964743435
"2018-05-24 11:00:00",4923,-370.202950757396,-5425.92679778102,4685.52089626623,-8102.2653369757,7361.85943546091
"2018-05-24 12:00:00",4969,-223.202950757392,-5284.64803361253,4838.24213209774,-7964.0152121101,7517.60931059532
"2018-05-24 13:00:00",5036,240.966558597943,-4872.79791882352,5354.7310360194,-7579.86131180236,8061.79442899824
"2018-05-24 14:00:00",5414,2213.58389246039,-2939.31237752317,7366.48016244396,-5667.09089017838,10094.2586750992
"2018-05-24 15:00:00",6184,5246.28531503205,68.270563373484,10424.3000666906,-2672.80487027404,13165.3755003381
"2018-05-24 16:00:00",6193,5583.91456305217,385.505805317857,10782.3233207865,-2366.36556301293,13534.1946891173
"2018-05-24 17:00:00",6107,5176.54251373042,-37.5832560971512,10390.668283558,-2797.77470805176,13150.8597355126
"2018-05-24 18:00:00",4787,4482.80936901583,-743.841108182186,9709.45984621385,-3510.66273971976,12476.2814777514
"2018-05-24 19:00:00",3746,3822.33164867738,-1415.11288344356,9059.77618079831,-4187.64854249895,11832.3118398537
"2018-05-24 20:00:00",2938,3906.35638361246,-1340.7803615956,9153.49312882052,-4118.44676833423,11931.1595355591
"2018-05-24 21:00:00",2626,4246.52705920015,-1009.60084720377,9502.65496560407,-3792.02688717172,12285.081005572
"2018-05-24 22:00:00",1938,4233.38741367799,-1031.30894625534,9498.08377361132,-3818.2708515308,12285.0456788868
"2018-05-24 23:00:00",1261,4388.67396443118,-884.327000437855,9661.67492930021,-3675.68509801232,12453.0330268747
"2018-05-25 00:00:00",648,5031.23727380935,-249.900809384426,10312.3753570031,-3045.56643720173,13108.0409848204
"2018-05-25 01:00:00",430,5933.97047917723,644.801501962241,11223.1394563922,-2155.11542434832,14023.0563827028
"2018-05-25 02:00:00",300,5590.80728114829,293.676584524171,10887.9379777724,-2510.45502145198,13692.0695837486
"2018-05-25 03:00:00",329,3713.70815656761,-1591.33757314846,9018.75388628368,-4399.65914454677,11827.075457682
"2018-05-25 04:00:00",788,2302.64810493176,-3010.27982853988,7615.5760384034,-5822.77398655944,10428.070196423
"2018-05-25 05:00:00",2645,1823.61173543132,-3497.17400352201,7144.39747438465,-6313.8278324968,9961.05130335944
"2018-05-25 06:00:00",5111,1506.58976392799,-3822.03450147223,6835.21402932821,-6642.83779569772,9656.01732355369
"2018-05-25 07:00:00",6075,846.576511841821,-4489.8701271672,6183.02315085085,-7314.8143358474,9007.96735953105
"2018-05-25 08:00:00",5206,330.568523416009,-5013.68624543394,5674.82329226596,-7842.76382837362,8503.90087520564
"2018-05-25 09:00:00",4859,-123.436287010049,-5475.48611233958,5228.61353831948,-8308.69014891928,8061.81757489918
"2018-05-25 10:00:00",4534,-330.439181211959,-5690.27171482838,5029.39335240446,-8527.59566830974,7866.71730588582
"2018-05-25 11:00:00",4928,-448.440921720328,-5816.04427142277,4919.16242798212,-8657.48184645494,7760.60000301429
"2018-05-25 12:00:00",5139,-318.4419678934,-5693.80453493209,5056.92059914529,-8539.34959150782,7902.46565572102
"2018-05-25 13:00:00",5148,204.557403567174,-5178.55297759321,5587.66778472756,-8028.19947921535,8437.3142863497
"2018-05-25 14:00:00",5403,2256.55702605372,-3134.28990250579,7647.40395461322,-5988.03188493169,10501.1459370391
"2018-05-25 15:00:00",6083,5300.55679937253,-98.0155107192086,10699.1291094643,-2955.84706309598,13556.960661841
"2018-05-25 16:00:00",5753,5873.55666329291,467.270058215473,11279.8432683703,-2394.64519524894,14141.7585218348
"2018-05-25 17:00:00",4904,5222.55658161715,-191.433298158146,10636.5464613924,-3057.42641892222,13502.5395821565
"2018-05-25 18:00:00",4023,4937.55653260221,-484.125659870955,10359.2387250754,-3354.19084500242,13229.3039102068
"2018-05-25 19:00:00",3334,3904.55650319143,-1524.80709335543,9333.92009973829,-4398.93856817747,12208.0515745603
"2018-05-25 20:00:00",3026,4071.55648554569,-1365.47765675136,9508.59062784273,-4243.66967321473,12386.7826443061
"2018-05-25 21:00:00",2953,4321.55647495956,-1123.13740309279,9766.25035301192,-4005.38423873187,12648.497188651
"2018-05-25 22:00:00",2863,4242.55646860914,-1209.7863822231,9694.89931944138,-4096.08233946285,12581.1952766811
"2018-05-25 23:00:00",1828,4533.55646479987,-926.424641945724,9993.53757154547,-3816.76404761971,12883.8769772195
"2018-05-26 00:00:00",1300,5220.556462515,-247.05222871596,10688.165153746,-3141.42943371144,13582.5423587414
"2018-05-26 01:00:00",719,6317.55646114455,842.330811942824,11792.7821103463,-2056.07856703711,14691.1914893262
"2018-05-26 02:00:00",579,5367.55646032259,-115.275564811631,10850.3884854568,-3017.71151598334,13752.8244366285
"2018-05-26 03:00:00",363,3273.5564598296,-2216.87140329219,8763.98432295139,-5123.32834820461,11670.4412678638
"2018-05-26 04:00:00",376,2269.55645953395,-3228.45674737445,7767.56966644234,-6138.92913073315,10678.042049801
"2018-05-26 05:00:00",649,2257.55645935662,-3248.03164055309,7763.14455926632,-6162.51393004652,10677.6268487597
"2018-05-26 06:00:00",1263,3079.55645925027,-2433.59612597676,8592.70904447729,-5352.08281210983,11511.1957306104
"2018-05-26 07:00:00",1690,2265.5564591865,-3255.15024647028,7786.26316484328,-6177.63584240293,10708.7487607759
"2018-05-26 08:00:00",2392,553.556459148252,-4974.69404454893,6081.80696284543,-7901.17308593832,9008.28600423482
"2018-05-26 09:00:00",3360,15.5564591253101,-5520.2275624281,5551.34048067872,-8450.69460727346,8481.80752552408
"2018-05-26 10:00:00",3540,-195.443540888445,-5738.75084203028,5347.86376025339,-8673.20047052002,8282.31338874313
"2018-05-26 11:00:00",3937,-324.443540896692,-5875.26392499019,5226.37684319681,-8813.69073935085,8164.80365755747
"2018-05-26 12:00:00",4176,-277.443540901643,-5835.76685265893,5280.87977085564,-8778.16547700584,8223.27839520256
"2018-05-26 13:00:00",4130,249.556459095379,-5316.25966610764,5815.3725842984,-8262.6247462972,8761.73766448796
"2018-05-26 14:00:00",3887,2291.5564590936,-3281.74240613055,7864.85532431775,-6232.06860961388,10815.1815278011
"2018-05-26 15:00:00",3761,4997.55645909254,-583.215113247945,10578.328031433,-3537.49712892607,13532.6100471112
"2018-05-26 16:00:00",3970,5399.5564590919,-188.677827708925,10987.7907458927,-3146.9103657893,13946.0232839731
"2018-05-26 17:00:00",3858,5479.55645909151,-116.13058949397,11075.243507677,-3078.30838134833,14037.4212995314
"2018-05-26 18:00:00",3714,4671.55645909128,-931.573438317623,10274.6863565002,-3897.69123634127,13240.8041545238
"2018-05-26 19:00:00",2965,3966.55645909115,-1644.00641363091,9577.1193318132,-4614.05899110324,12547.1719092855
"2018-05-26 20:00:00",2855,4113.55645909107,-1504.42955462385,9731.54247280599,-4478.41170557017,12705.5246237523
"2018-05-26 21:00:00",2956,4240.55645909102,-1384.84290022791,9865.95581840995,-4362.74943928258,12843.8623574646
"2018-05-26 22:00:00",3036,4340.55645909099,-1292.24648911825,9973.35940730022,-4274.07225138903,12955.185169571
"2018-05-26 23:00:00",2141,4188.55645909095,-1451.64035971629,9828.75327789818,-4437.38020064999,12814.4931188319
"2018-05-27 00:00:00",1633,4660.55645909093,-987.024550191913,10308.1374683738,-3976.67334544128,13297.7862636231
"2018-05-27 01:00:00",829,5653.55645909093,-1.39909846574847,11308.5120166476,-2994.95174375749,14302.0646619394
"2018-05-27 02:00:00",712,5190.55645909092,-471.76404221152,10852.8769603934,-3469.21545321558,13850.3283713974
"2018-05-27 03:00:00",486,3629.55645909092,-2040.11941885828,9299.23233704011,-5041.46453105838,12300.5774492402
"2018-05-27 04:00:00",401,2377.55645909092,-3299.46526559252,8054.57818377437,-6304.69903415772,11059.8119523396
"2018-05-27 05:00:00",844,2036.55645909092,-3647.80161936058,7720.91453754241,-6656.91901901812,10730.0319372
"2018-05-27 06:00:00",1192,1536.55645909092,-4155.12851687058,7228.24143505242,-7168.12454177984,10241.2374599617
"2018-05-27 07:00:00",1205,1045.55645909093,-4653.44599459467,6744.55891277653,-7670.3156582222,9761.42857640405
"2018-05-27 08:00:00",1819,400.556459090925,-5305.75408877128,6106.86700695313,-8326.49242376709,9127.60534194894
"2018-05-27 09:00:00",2660,-56.4435409090681,-5770.05283540692,5657.16575358879,-8794.65489348173,8681.76781166359
"2018-05-27 10:00:00",3431,-305.44354090907,-6026.34227027854,5415.4551884604,-9054.80312208222,8443.91604026408
"2018-05-27 11:00:00",3782,-413.44354090907,-6141.62242893535,5314.73534711721,-9173.93716393643,8347.05008211829
"2018-05-27 12:00:00",4190,-284.443540909068,-6019.89334670101,5451.00626488288,-9056.05707306719,8487.16999124906
"2018-05-27 13:00:00",4139,152.556459090932,-5590.15505867553,5895.2679768574,-8630.16290315536,8935.27582133723
"2018-05-27 14:00:00",3963,2246.55645909093,-3503.40759973733,7996.52051791919,-6547.25470754286,11040.3676257247
"2018-05-27 15:00:00",3821,5006.55645909093,-750.651004545026,10763.7639227269,-3798.3325392355,13811.4454574174
"2018-05-27 16:00:00",3739,5590.55645909092,-173.885307539613,11354.9982257215,-3225.3964509062,14406.509369088
"2018-05-27 17:00:00",3266,5327.55645909093,-444.110542946109,11099.223461128,-3499.44649489763,14154.5594130795
"2018-05-27 18:00:00",3127,4820.55645909093,-958.326744775738,10599.4396629576,-4017.48272322547,13658.5956414073
"2018-05-27 19:00:00",2830,3938.55645909092,-1847.53394682748,9724.64686500932,-4910.50518758078,12787.6181057626
"2018-05-27 20:00:00",2825,4242.55645909093,-1550.73218269017,10035.845100872,-4617.51393933327,13102.6268575151
"2018-05-27 21:00:00",2656,4398.55645909093,-1401.9214857442,10199.0344039261,-4472.50902953384,13269.6219477157
"2018-05-27 22:00:00",2565,4587.55645909092,-1220.10188916337,10395.2148073452,-4294.49050891744,13469.6034270993
"2018-05-27 23:00:00",1660,4760.55645909091,-1054.27342591662,10575.3863440984,-4132.45842790569,13653.5713460875
"2018-05-28 00:00:00",1088,5319.55645909092,-502.436128769828,11141.5490469517,-3584.41283660972,14223.5257547916
"2018-05-28 01:00:00",559,6107.55645909091,278.40996971235,11936.7029484695,-2807.35378483283,15022.4667030147
"2018-05-28 02:00:00",440,5820.55645909092,-15.7351628350607,11656.8480810169,-3105.28132207301,14746.3942402548
"2018-05-28 03:00:00",332,4380.55645909092,-1462.87155857919,10223.984476761,-4556.19549752562,13317.3084157075
"2018-05-28 04:00:00",314,2667.55645909095,-3182.99924949102,8518.11216767292,-6280.09636008608,11615.209278268
"2018-05-28 05:00:00",488,2178.55645909096,-3679.11826734698,8036.2311855289,-6779.98395835221,11137.0968765341
"2018-05-28 06:00:00",882,2426.55645909097,-3438.22864373069,8291.34156191262,-6542.858340627,11395.9712588089
"2018-05-28 07:00:00",989,1744.55645909096,-4127.33041003447,7616.4433282164,-7235.71955492088,10724.8324731028
"2018-05-28 08:00:00",1294,668.556459090966,-5210.42359746107,6547.53651564301,-8322.56764895433,9659.68056713626
"2018-05-28 09:00:00",1873,100.556459090971,-5785.50823702522,5986.62115520716,-8901.40267016026,9102.5155883422
"2018-05-28 10:00:00",2576,-235.443540909024,-6128.58435955524,5657.69727773719,-9248.22466568655,8777.33758386851
"2018-05-28 11:00:00",3037,-313.443540909017,-6213.65199569457,5586.76491387653,-9337.03368239829,8710.14660058025
"2018-05-28 12:00:00",3375,-223.443540909019,-6130.71117590337,5683.82409408533,-9257.82976688026,8810.94268506222
"2018-05-28 13:00:00",3611,174.556459090983,-5739.76193045998,6088.87484864194,-8870.6129654392,9219.72588362116
"2018-05-28 14:00:00",4032,2047.55645909099,-3873.80428946246,7968.91720764444,-7008.38332410613,11103.4962422881
"2018-05-28 15:00:00",3812,4856.55645909099,-1071.83828283016,10784.9512010121,-4210.14088863871,13923.2538068207
"2018-05-28 16:00:00",3810,5926.55645909098,-8.86394030510382,11861.9768584871,-3150.88570452347,15003.9986227054
"2018-05-28 17:00:00",3822,5116.55645909098,-825.881291453501,11058.9942096355,-3971.61781697802,14204.73073516
"2018-05-28 18:00:00",3749,4418.55645909099,-1530.89036566717,10368.0032838491,-4680.33727095327,13517.4501891352
"2018-05-28 19:00:00",3145,3995.55645909101,-1960.89119216506,9952.00411034707,-5114.04411113574,13105.1570293178
"2018-05-28 20:00:00",2611,4309.55645909101,-1653.8837999946,10272.9967181766,-4810.73838194964,13429.8513001317
"2018-05-28 21:00:00",2338,4735.556459091,-1234.86821803303,10705.981136215,-4395.42012755891,13866.5330457409
"2018-05-28 22:00:00",1936,4816.556459091,-1160.84447498902,10793.957393171,-4325.08939186964,13958.2023100516
"2018-05-28 23:00:00",1141,4896.55645909099,-1087.81259940377,10880.9255175858,-4255.74621853186,14048.8591367139
"2018-05-29 00:00:00",565,5192.55645909099,-798.77261965257,11183.8855378345,-3970.39065094181,14355.5035691238
"2018-05-29 01:00:00",347,4418.55645909104,-1579.72456394608,10416.8374821281,-4755.02273224401,13592.1356504261
"2018-05-29 02:00:00",239,4738.55645909107,-1266.66846033168,10743.7813785138,-4445.6425053332,13922.7554235153
"2018-05-29 03:00:00",340,3649.55645909109,-2362.60433669481,9661.71725487699,-5545.25001285648,12844.3629310387
"2018-05-29 04:00:00",828,2769.55645909109,-3249.53222076018,8788.64513894236,-6435.84529721511,11974.9582153973
"2018-05-29 05:00:00",2911,2159.55645909109,-3866.45214009317,8185.56505827535,-7056.42840056672,11375.5413187489
"2018-05-29 06:00:00",5723,1988.55645909109,-4044.36412210104,8021.47704028322,-7237.9993648271,11215.1122830093
"2018-05-29 07:00:00",6106,1945.55645909109,-4094.26819403424,7985.38111221642,-7291.55823167223,11182.6711498544
"2018-05-29 08:00:00",5530,1008.55645909109,-5038.16438298764,7055.27730116983,-8239.10504254013,10256.2179607223
"2018-05-29 09:00:00",5117,363.556459091095,-5690.05271590182,6417.16563408401,-8894.63983863284,9621.75275681503
"2018-05-29 10:00:00",4530,-9.4435409089042,-6069.93321956419,6051.04613774639,-9278.1626609182,9259.27557910039
"2018-05-29 11:00:00",4436,-197.443540908909,-6264.80592061031,5869.9188387925,-9476.67355013176,9081.78646831394
"2018-05-29 12:00:00",4866,-315.443540908909,-6389.67084552511,5758.78376370729,-9605.17254677873,8974.28546496091
"2018-05-29 13:00:00",4973,-296.443540908912,-6377.52802064391,5784.64093882608,-9596.65969113551,9003.77260931769
"2018-05-29 14:00:00",5159,12.5564590910763,-6075.37747215379,6100.49039033594,-9298.13502325178,9323.24794143394
"2018-05-29 15:00:00",6018,575.556459091078,-5519.21922609468,6670.33214427683,-8745.5985829522,9896.71150113435
"2018-05-29 16:00:00",6820,1289.55645909107,-4812.05330836048,7391.16622654262,-8042.05040983804,10621.1633280202
"2018-05-29 17:00:00",5990,2122.55645909108,-3985.87974470029,8230.99266288244,-7219.49054328916,11464.6034614713
"2018-05-29 18:00:00",4267,2821.55645909108,-3293.69856071946,8936.81147890161,-6530.91902246557,12174.0319406477
"2018-05-29 19:00:00",3036,3311.55645909107,-2810.50978188075,9433.6227000629,-6051.3358863092,12674.4488044913
"2018-05-29 20:00:00",2466,3895.5564590911,-2233.31343350541,10024.4263516876,-5477.74117354557,13268.8540917278
"2018-05-29 21:00:00",2154,4169.5564590911,-1966.10954077434,10305.2224589565,-5214.13492268552,13553.2478408677
"2018-05-29 22:00:00",1595,4168.55645909111,-1973.89812872908,10311.0110469113,-5225.51717202679,13562.630090209
"2018-05-29 23:00:00",969,4096.55645909111,-2052.67922227306,10245.7921404553,-5307.88795965589,13501.0008778381
"2018-05-30 00:00:00",527,4222.55645909111,-1933.45284617242,10378.5657643546,-5192.24732344935,13637.3602416316
"2018-05-30 01:00:00",351,4226.55645909112,-1936.21902505724,10389.3319432395,-5198.59530107565,13651.7082192579
"2018-05-30 02:00:00",306,4126.55645909111,-2042.97778342259,10296.0907016048,-5308.93192999674,13562.044848179
"2018-05-30 03:00:00",329,3743.5564590911,-2432.72914562941,9919.84206381162,-5702.2572474695,13189.3701656517
"2018-05-30 04:00:00",893,2753.55645909112,-3429.47313590573,8936.58605408796,-6702.57129054748,12209.6842087297
"2018-05-30 05:00:00",3023,2050.55645909112,-4139.20977834756,8240.3226965298,-7415.87409608235,11516.9870142646
"2018-05-30 06:00:00",6046,2847.55645909112,-3348.93909691992,9044.05201510217,-6629.16570072545,12324.2786189077
"2018-05-30 07:00:00",6326,3197.55645909111,-3005.66111545788,9400.77403364011,-6289.44614092936,12684.5590591116
"2018-05-30 08:00:00",5716,1374.55645909111,-4835.37585766746,7584.48877584969,-8122.71545294932,10871.8283711315
"2018-05-30 09:00:00",5283,886.55645909113,-5330.08334712664,7103.1962653089,-8620.97367284475,10394.086591027
"2018-05-30 10:00:00",4554,-38.4435409088703,-6261.78360728644,6184.8965254687,-9556.22083648087,9479.33375466312
"2018-05-30 11:00:00",4744,-306.443540908865,-6536.47666147164,5923.58957965391,-9834.45697952985,9221.56989771212
"2018-05-30 12:00:00",4923,-420.443540908865,-6657.16253288197,5816.27545106423,-9958.68213747263,9117.79505565489
"2018-05-30 13:00:00",4823,-380.443540908867,-6623.84124459289,5862.95416277516,-9928.89634560009,9168.00926378235
"2018-05-30 14:00:00",5343,-198.443540908855,-6448.51281955655,6051.62573773884,-9757.09963901449,9360.21255719678
"2018-05-30 15:00:00",6062,155.556459091138,-6101.17728060279,6412.29019878507,-9413.29205263106,9724.40497081334
"2018-05-30 16:00:00",7042,541.556459091138,-5721.83465043998,6804.94756862226,-9037.47362117926,10120.5865393615
"2018-05-30 17:00:00",6429,1391.55645909114,-4878.48495165588,7661.59786983816,-8197.6443792041,10980.7572973864
"2018-05-30 18:00:00",4621,2306.55645909115,-3970.1282067186,8583.2411249009,-7292.80436106758,11905.9172792499
"2018-05-30 19:00:00",3555,2924.55645909115,-3358.76443797753,9207.87735615984,-6684.95360095015,12534.0665191325
"2018-05-30 20:00:00",2788,3346.55645909115,-2943.39366766415,9636.50658584646,-6273.0921328519,12966.2050510342
"2018-05-30 21:00:00",2612,3588.55645909115,-2708.01591789284,9885.12883607514,-6041.21999059388,13218.3329087762
"2018-05-30 22:00:00",1932,3641.55645909115,-2661.63121066188,9944.74412884418,-5998.33720781955,13281.4501260018
"2018-05-30 23:00:00",1233,3635.55645909115,-2674.23956785423,9945.35248603652,-6014.443817996,13285.5567361783
"2018-05-31 00:00:00",695,3857.55645909114,-2458.84101123833,10173.9539294206,-5802.53985441519,13517.6527725975
"2018-05-31 01:00:00",382,4076.55645909114,-2246.43556246901,10399.5484806513,-5593.62535019533,13746.7382683776
"2018-05-31 02:00:00",307,3567.55645909113,-2762.02324308833,9897.13616127059,-6112.70033828215,13247.8132564644
"2018-05-31 03:00:00",343,3097.55645909113,-3238.6040745263,9433.71699270856,-6592.76485145004,12787.8777696323
"2018-05-31 04:00:00",922,2220.55645909112,-4122.17807810181,8563.29099628406,-7479.81892230342,11920.9318404857
"2018-05-31 05:00:00",3013,1605.55645909112,-4743.74527502333,7954.85819320558,-8104.86258327783,11315.9755014601
"2018-05-31 06:00:00",6007,1244.55645909112,-5111.30568638982,7600.41860457207,-8475.89586664137,10965.0087848236
"2018-05-31 07:00:00",6420,655.556459091118,-5706.85933319145,7017.97225137368,-9074.9188044957,10386.0317226779
"2018-05-31 08:00:00",5912,193.556459091142,-6175.40623631032,6562.51915449261,-9546.9314287773,9934.04434695958
"2018-05-31 09:00:00",5313,-198.443540908885,-6573.94641652146,6177.0593347037,-9948.93377125875,9552.04668944098
"2018-05-31 10:00:00",4734,-337.443540908884,-6719.47989449331,6044.59281267554,-10097.9258635498,9423.03878173198
"2018-05-31 11:00:00",5008,-481.443540908882,-6870.00669078868,5907.11960897091,-10251.9077370984,9289.02065528064
"2018-05-31 12:00:00",5031,-334.443540908877,-6729.52682586545,6060.6397440477,-10114.8794231924,9445.9923413746
"2018-05-31 13:00:00",5199,129.725968446457,-6312.47726917574,6571.92920606866,-9722.77366270273,9982.22559959565
"2018-05-31 14:00:00",5407,2102.34330230891,-4375.85463098236,8580.54123560018,-7805.20546540458,12009.8920700224
"2018-05-31 15:00:00",5950,5135.04472488057,-1367.09981602701,11637.1892657882,-4809.12721878756,15079.2166685487
"2018-05-31 16:00:00",6860,5472.67397290068,-1049.29549839605,11994.6434441974,-4501.81758536854,15447.1655311699
"2018-05-31 17:00:00",6358,5065.30192357894,-1472.35715366956,11602.9610008274,-4933.18481633093,15063.7886634888
"2018-05-31 18:00:00",5042,4371.56877886435,-2178.91743328246,10922.0549910112,-5646.53537098941,14389.6729287181
"2018-05-31 19:00:00",3671,3711.09105852589,-2850.65243969805,10272.8345567498,-6324.22962468325,13746.411741735
"2018-05-31 20:00:00",3037,3795.11579346097,-2776.87701274985,10367.1085996718,-6255.87985364415,13846.1114405661
"2018-05-31 21:00:00",3102,4135.28646904866,-2446.31021542953,10716.8831535269,-5930.39704237813,14200.9699804755
"2018-05-31 22:00:00",2222,4122.1468235265,-2468.66280877629,10712.9564558293,-5957.62667570347,14201.9203227565
"2018-05-31 23:00:00",1446,4277.4333742797,-2322.34442302571,10877.2111715851,-5816.05574973286,14370.9224982922
"2018-06-01 00:00:00",786,4919.99668365787,-1688.59353213871,11528.5868994544,-5186.96987140293,15026.9632387187
"2018-06-01 01:00:00",497,5822.72988902574,-794.573777307541,12440.033555359,-4297.56273865839,15943.0225167099
"2018-06-01 02:00:00",346,5479.56669099681,-1146.38586011451,12105.5192421081,-4653.95326450397,15613.0866464976
"2018-06-01 03:00:00",395,3602.46756641612,-3032.09020953046,10237.0253423627,-6544.21294478092,13749.1480776132
"2018-06-01 04:00:00",872,2191.40751478028,-4451.72471732301,8834.53974688356,-7968.38649547992,12351.2015250405
"2018-06-01 05:00:00",2965,1712.37114527984,-4939.31262048375,8364.05491104342,-8460.5013071105,11885.2435976702
"2018-06-01 06:00:00",5345,1395.3491737765,-5264.86796729511,8055.56631484811,-8790.57394994066,11581.2722974937
"2018-06-01 07:00:00",6658,735.335921690336,-5933.39934466621,7404.07118804688,-9463.61455045598,10934.2863938366
"2018-06-01 08:00:00",5639,219.327933264524,-6457.91198287142,6896.56784940047,-9992.62927830368,10431.2851448327
"2018-06-01 09:00:00",5132,-234.676877161533,-6920.40905377516,6451.0552994521,-10459.6218803497,9990.26812602668
"2018-06-01 10:00:00",4739,-441.679771363444,-7135.89249037983,6252.53294765294,-10679.5946449226,9796.23510219569
"2018-06-01 11:00:00",5043,-559.681511871813,-7262.36347552644,6143.00045178282,-10810.5489773621,9691.18595361846
"2018-06-01 12:00:00",5387,-429.682558044885,-7140.8227373633,6281.45762127353,-10693.4857481054,9834.12063201566
"2018-06-01 13:00:00",5381,93.3168134156892,-6626.27073011417,6812.90435694555,-10183.4055053509,10370.0391321823
"2018-06-01 14:00:00",5742,2145.31643590223,-4582.70774289101,8873.34061469548,-8144.30860306036,12434.9414748648
"2018-06-01 15:00:00",6352,5189.31620922104,-1547.13396520622,11925.7663836483,-5113.19527802859,15491.8276964707
"2018-06-01 16:00:00",6860,5762.31607314142,-982.549526578138,12507.181672861,-4553.06569645263,16077.6978427355
"2018-06-01 17:00:00",5983,5111.31599146566,-1641.95452036724,11864.5865032986,-5216.91998195309,15439.5519648844
"2018-06-01 18:00:00",4926,4826.31594245072,-1935.3490181049,11587.9809030063,-5514.75823241769,15167.3901173191
"2018-06-01 19:00:00",3804,3793.31591303995,-2976.73307811601,10563.3649041959,-6560.5805301349,14147.2123562148
"2018-06-01 20:00:00",3446,3960.3158953942,-2818.10675070206,10738.7385414905,-6406.3869478844,14327.0187386728
"2018-06-01 21:00:00",3519,4210.31588480808,-2576.47008125403,10997.1018508702,-6169.17755259484,14589.809322211
"2018-06-01 22:00:00",2865,4131.31587845766,-2663.82311212296,10926.4548690383,-6260.95240754161,14523.5841644569
"2018-06-01 23:00:00",2218,4422.31587464839,-2381.1658837434,11225.7976330402,-5982.71157366701,14827.3433229638
"2018-06-02 00:00:00",1601,5109.31587236352,-1702.49843530862,11921.1301800357,-5308.45511037373,15527.0868551008
"2018-06-02 01:00:00",830,6206.31587099307,-613.82080517639,13026.4525471625,-4224.183076002,16636.8148179881
"2018-06-02 02:00:00",638,5256.3158701711,-1572.13303111315,12084.7647714554,-5186.89552811693,15699.5272684591
"2018-06-02 03:00:00",446,3162.31586967812,-3674.4351504414,9999.06688979763,-7293.5925236821,13618.2242630383
"2018-06-02 04:00:00",424,2158.31586938246,-4686.72720012874,9003.35893889367,-8310.27411916494,12626.9058579299
"2018-06-02 05:00:00",746,2146.31586920513,-4707.00921684205,8999.64095525231,-8334.94037060074,12627.572109011
"2018-06-02 06:00:00",1385,2968.31586909878,-3893.28123698061,9829.91297517817,-7525.59133363236,13462.2230718299
"2018-06-02 07:00:00",1928,2154.31586903502,-4715.54329669687,9024.17503476691,-8352.22706353517,12660.8588016052
"2018-06-02 08:00:00",2730,442.31586899677,-6435.79543190963,7320.42716990317,-10076.8476152332,10961.4793532267
"2018-06-02 09:00:00",3707,-95.6841310261721,-6982.03767831237,6790.66941626002,-10627.4530433094,10436.0847812571
"2018-06-02 10:00:00",3864,-306.684131039927,-7201.27007137933,6587.90180929948,-10851.0434020139,10237.6751399341
"2018-06-02 11:00:00",4260,-435.684131048174,-7338.49264636964,6467.12438427329,-10992.6187452688,10121.2504831725
"2018-06-02 12:00:00",4671,-388.684131053125,-7299.70543833045,6522.3371762242,-10958.179126673,10180.8108645667
"2018-06-02 13:00:00",4741,138.315868943897,-6780.90848209971,7057.54021998751,-10443.7245995058,10720.3563373936
"2018-06-02 14:00:00",4896,2180.31586894212,-4747.10181230829,9107.73355019252,-8414.25521673007,12774.8869546143
"2018-06-02 15:00:00",4509,4886.31586894106,-2049.28546338205,11821.9172012642,-5720.77103099549,15493.4027688776
"2018-06-02 16:00:00",4560,5288.31586894042,-1655.45946954373,12232.0912074246,-5331.27209464099,15907.9038325218
"2018-06-02 17:00:00",4221,5368.31586894003,-1583.62386481469,12320.2556026948,-5263.75845969768,16000.3901975777
"2018-06-02 18:00:00",4013,4560.3158689398,-2399.77868301662,11520.4104208962,-6084.23017789132,15204.8619157709
"2018-06-02 19:00:00",3480,3855.31586893967,-3112.9239577733,10823.5556956526,-6801.68730064502,14512.3190385244
"2018-06-02 20:00:00",3074,4002.31586893959,-2974.05972251213,10978.6914603913,-6667.12987908156,14671.7616169607
"2018-06-02 21:00:00",2905,4129.31586893953,-2855.18601046591,11113.817748345,-6552.55796402607,14811.1897019051
"2018-06-02 22:00:00",2808,4229.3158689395,-2763.30285467417,11221.9345925532,-6464.97160600819,14923.6033438872
"2018-06-02 23:00:00",2103,4077.31586893946,-2923.410287985,11078.0420258639,-6629.37085526471,14784.0025931436
"2018-06-03 00:00:00",1516,4549.31586893945,-2459.5083430565,11558.1400809354,-6169.75576174189,15268.3874996208
"2018-06-03 01:00:00",905,5542.31586893945,-1474.59705235829,12559.2287902372,-5189.12637509772,16273.7581129766
"2018-06-03 02:00:00",647,5079.31586893943,-1945.67644817304,12104.3081860519,-5664.48274470429,15823.1144825832
"2018-06-03 03:00:00",477,3518.31586893943,-3514.74656259804,10551.3783004769,-7237.82491965017,14274.456657529
"2018-06-03 04:00:00",419,2266.31586893944,-4774.80742754657,9307.43916542545,-8502.15294874251,13034.7846866214
"2018-06-03 05:00:00",643,1925.31586893943,-5123.85907474954,8974.49081262841,-8855.46688050954,12706.0986183884
"2018-06-03 06:00:00",1103,1425.31586893943,-5631.90153575678,8482.53327363565,-9367.76676320255,12218.3985010814
"2018-06-03 07:00:00",1519,934.315868939443,-6130.93484193849,7999.56657981737,-9871.05264479815,11739.684382677
"2018-06-03 08:00:00",2380,289.315868939441,-6783.95902448691,7362.59076236579,-10528.3245730007,11106.9563108796
"2018-06-03 09:00:00",3350,-167.684131060552,-7248.97411441738,6913.60585229627,-10997.5825952442,10662.2143331231
"2018-06-03 10:00:00",3820,-416.684131060554,-7505.98014257002,6672.61188044891,-11258.8267586944,10425.4584965733
"2018-06-03 11:00:00",4453,-524.684131060554,-7621.97713961095,6572.60887748984,-11379.0571102511,10329.68884813
"2018-06-03 12:00:00",4858,-395.684131060552,-7500.96513603372,6709.59687391262,-11262.2736965503,10470.9054344292
"2018-06-03 13:00:00",4563,41.3158689394485,-7071.94416216068,7154.57590003957,-10837.4765639658,10920.1083018447
"2018-06-03 14:00:00",4458,2135.31586893945,-4985.91424814435,9256.54598602324,-8755.66575861212,13026.297496491
"2018-06-03 15:00:00",4554,4895.31586893944,-2233.87542396858,12024.5071618475,-6007.84132634548,15798.4730642244
"2018-06-03 16:00:00",4547,5479.31586893944,-1657.82771945011,12616.459457329,-5436.00331276667,16394.6350506455
"2018-06-03 17:00:00",4262,5216.31586893944,-1928.77116423964,12361.4029021185,-5711.15176322254,16143.7835011014
"2018-06-03 18:00:00",3972,4709.31586893944,-2443.70578782342,11862.3375257023,-6230.28672280841,15648.9184606873
"2018-06-03 19:00:00",3527,3827.31586893944,-3333.63161952412,10988.263357403,-7124.40823636943,14779.0399742483
"2018-06-03 20:00:00",3043,4131.31586893944,-3037.54868850247,11300.1804263813,-6832.51634850309,15095.148086382
"2018-06-03 21:00:00",2490,4287.31586893944,-2889.45702375831,11464.0887616372,-6688.61110356082,15263.2428414397
"2018-06-03 22:00:00",2051,4476.31586893943,-2708.35665413185,11660.9883920107,-6511.69254564993,15464.3242835288
"2018-06-03 23:00:00",1166,4649.31586893943,-2543.24760830497,11841.8793461838,-6350.76071863553,15649.3924565144
"2018-06-04 00:00:00",667,5208.31586893943,-1992.1299148023,12408.7616526812,-5803.81566614232,16220.4474040212
"2018-06-04 01:00:00",377,5996.31586893943,-1212.00360199265,13204.6353398715,-5027.85743155662,17020.4891694355
"2018-06-04 02:00:00",285,5709.31586893943,-1506.86869808994,12925.5004359688,-5326.88605802791,16745.5177959068
"2018-06-04 03:00:00",375,4269.31586893943,-2954.72523115453,11493.3569690334,-6778.90158847081,15317.5333263497
"2018-06-04 04:00:00",928,2556.31586893946,-4675.57322909443,9788.20496697336,-8503.90406556694,13616.5358034459
"2018-06-04 05:00:00",3021,2067.31586893947,-5172.41271966629,9307.04445754524,-9004.89353176643,13139.5252696454
"2018-06-04 06:00:00",5765,2315.31586893948,-4932.24373047673,9562.87546835569,-8768.87002928995,13399.5017671689
"2018-06-04 07:00:00",6081,1633.31586893948,-5622.06628898332,8888.69802686227,-9462.83360013023,12729.4653380092
"2018-06-04 08:00:00",5546,557.315868939479,-6705.88042249577,7820.51216037473,-10550.7842860539,11665.4160239328
"2018-06-04 09:00:00",5108,-10.6841310605157,-7281.68615817706,7260.31789605603,-11130.7221286031,11109.3538664821
"2018-06-04 10:00:00",4334,-346.684131060511,-7625.48352304455,6932.11526092353,-11478.6471690974,10785.2789069763
"2018-06-04 11:00:00",4489,-424.684131060503,-7711.27254397098,6861.90428184998,-11568.559448635,10719.191186514
"2018-06-04 12:00:00",4741,-334.684131060506,-7629.0532476857,6959.68498556469,-11490.459008095,10821.0907459739
"2018-06-04 13:00:00",4873,63.3158689394958,-7238.8256607756,7365.45739865459,-11104.3458881384,11230.9776260174
"2018-06-04 14:00:00",5170,1936.3158689395,-5373.58980968618,9246.22154756518,-9243.22012921035,13115.8518670893
"2018-06-04 15:00:00",5797,4745.3158689395,-2572.34572072274,12062.9774586018,-6446.08177154114,15936.7135094201
"2018-06-04 16:00:00",7024,5815.3158689395,-1510.09342005131,13140.7251579303,-5387.9308551483,17018.5625930273
"2018-06-04 17:00:00",6234,5005.3158689395,-2327.83293369959,12338.4646715786,-6209.7674198378,16220.3991577168
"2018-06-04 18:00:00",4374,4307.3158689395,-3033.56428755816,11648.1960254372,-6919.59150520583,15534.2232430848
"2018-06-04 19:00:00",3279,3884.31586893952,-3464.28750738142,11232.9192452605,-7354.40315064036,15123.0348885194
"2018-06-04 20:00:00",2941,4198.31586893952,-3158.00261878857,11554.6343566676,-7052.20239532257,15448.8341332016
"2018-06-04 21:00:00",2776,4624.31586893952,-2739.70964726451,11988.3413851435,-6637.98927822825,15886.6210161073
"2018-06-04 22:00:00",1871,4705.31586893951,-2666.40861816107,12077.0403560401,-6568.76383812969,15979.3955760087
"2018-06-04 23:00:00",1115,4785.31586893951,-2594.09955669773,12164.7312945767,-6500.52611359673,16071.1578514758
"2018-06-05 00:00:00",635,5081.3158689395,-2305.78248796267,12468.4142258417,-6216.27614299846,16378.9078808775
"2018-06-05 01:00:00",399,4307.31586893955,-3087.45743691379,11702.0891747929,-7002.0139645047,15616.6457023838
"2018-06-05 02:00:00",297,4627.31586893958,-2775.12442837964,12029.7561662588,-6693.73961608741,15948.3713539666
"2018-06-05 03:00:00",355,3538.3158689396,-3871.7834870603,10948.4152249395,-7794.45313552212,14871.0848734013
"2018-06-05 04:00:00",952,2658.3158689396,-4759.43463752826,10076.0663754075,-8686.1545603892,14002.7862982684
"2018-06-05 05:00:00",3078,2048.31586893961,-5377.07790422951,9473.70964210872,-9307.84392807555,13404.4756659548
"2018-06-05 06:00:00",5970,1877.31586893961,-5555.71331148428,9310.34504936349,-9490.52127577579,13245.153013655
"2018-06-05 07:00:00",5972,1834.31586893961,-5606.34088348806,9274.97262136727,-9545.18664049371,13213.8183783729
"2018-06-05 08:00:00",5645,897.315868939608,-6550.96064431241,8345.59238219162,-10493.8400590436,12288.4717969228
"2018-06-05 09:00:00",5046,252.31586893961,-7203.57261790594,7708.20435578516,-11150.4815680517,11655.1133059309
"2018-06-05 10:00:00",4592,-120.684131060389,-7584.17682809509,7342.80856597432,-11535.1112039573,11293.7429418365
"2018-06-05 11:00:00",4778,-308.684131060394,-7779.77329858504,7162.40503646425,-11734.7290030145,11117.3607408937
"2018-06-05 12:00:00",5256,-426.684131060393,-7905.36205296069,7051.9937908399,-11864.3350012932,11010.9667391724
"2018-06-05 13:00:00",5285,-407.684131060397,-7893.9431146872,7078.57485256641,-11856.9292346803,11041.5609725595
"2018-06-05 14:00:00",5340,-98.6841310604087,-7592.51650711121,7395.14824499039,-11559.5117388814,11362.1434767606
"2018-06-05 15:00:00",6102,464.315868939593,-7037.08225346144,7965.71399134063,-11008.0825494218,11936.714287301
"2018-06-05 16:00:00",7037,1178.31586893959,-6330.64037684955,8687.27211472872,-10305.6417016476,12662.2734395268
"2018-06-05 17:00:00",6431,2011.31586893959,-5505.19090027108,9527.82263815026,-9484.1892307276,13506.8209686068
"2018-06-05 18:00:00",4582,2710.31586893959,-4813.73384660616,10234.3655844853,-8796.72517165386,14217.356909533
"2018-06-05 19:00:00",3510,3200.31586893959,-4331.26923862034,10731.9009764995,-8318.2495592433,14718.8812971225
"2018-06-05 20:00:00",3012,3784.31586893961,-3754.79709896537,11323.4288368446,-7745.76242813879,15314.394166018
"2018-06-05 21:00:00",2754,4058.31586893961,-3488.31745018007,11604.9491880593,-7483.26381281045,15599.8955506897
"2018-06-05 22:00:00",2212,4057.31586893962,-3496.830314691,11611.4620525702,-7495.75374755678,15610.385485436
"2018-06-05 23:00:00",1227,3985.31586893963,-3576.33571481347,11546.9674526927,-7579.23226650607,15549.8640043853
"2018-06-06 00:00:00",663,4111.31586893963,-3457.83367275195,11680.4654106312,-7464.69940361716,15687.3311414964
"2018-06-06 01:00:00",415,4115.31586893963,-3461.32421060118,11691.9559484804,-7472.155192681,15702.7869305603
"2018-06-06 02:00:00",318,4015.31586893962,-3568.80735034674,11599.439088226,-7583.59966732166,15614.2314052009
"2018-06-06 03:00:00",362,3632.31586893962,-3959.28311386583,11223.9148517451,-7978.03286099742,15242.6645988767
"2018-06-06 04:00:00",934,2642.31586893963,-4956.75152292809,10241.3832608074,-8979.45480700209,14264.0865448814
"2018-06-06 05:00:00",2980,1939.31586893964,-5667.21259919624,9545.84433707552,-9693.86553846593,13572.4972763452
"2018-06-06 06:00:00",5195,2736.31586893964,-4877.6663642269,10350.2981021062,-8908.26508835693,14380.8968262362
"2018-06-06 07:00:00",6083,3086.31586893963,-4535.11283947129,10707.7445773506,-8569.65348948192,14742.2852273612
"2018-06-06 08:00:00",5301,1263.31586893963,-6365.55204627587,8892.18378415513,-10404.0307744875,12930.6625123667
"2018-06-06 09:00:00",5324,775.315868939648,-6860.98400588317,8411.61574376246,-10903.3969758613,12454.0287137406
"2018-06-06 10:00:00",4621,-149.684131060352,-7793.40873943246,7494.04047731176,-11839.752125933,11540.3838638123
"2018-06-06 11:00:00",4915,-417.684131060347,-8068.82626796041,7233.45800583971,-12119.0962568755,11283.7279947548
"2018-06-06 12:00:00",5098,-531.684131060347,-8190.23661240182,7126.86835028113,-12244.4294007057,11181.061138585
"2018-06-06 13:00:00",4799,-491.684131060349,-8157.63979359038,7174.27153146968,-12215.7515892861,11232.3833271654
"2018-06-06 14:00:00",5226,-309.684131060337,-7983.03583225913,7363.66757013846,-12045.0628543251,11425.6945922045
"2018-06-06 15:00:00",6264,44.315868939656,-7636.42474904143,7725.05648692074,-11702.3632273787,11790.994965258
"2018-06-06 16:00:00",6925,430.315868939656,-7257.80656447145,8118.43830235076,-11327.6527398512,12188.2844777305
"2018-06-06 17:00:00",6637,1280.31586893966,-6415.18129898481,8975.81303686413,-10488.9314229962,13049.5631608755
"2018-06-06 18:00:00",5055,2195.31586893967,-5507.54897291934,9898.18071079868,-9585.19930791768,13975.831045797
"2018-06-06 19:00:00",3648,2813.31586893967,-4896.90960651574,10523.5413443951,-8978.45642557117,14605.0881634505
"2018-06-06 20:00:00",3157,3235.31586893967,-4482.26321991819,10952.8949577975,-8567.70280676451,15038.3345446439
"2018-06-06 21:00:00",2723,3477.31586893967,-4247.60983317491,11202.2415710542,-8336.93848215881,15291.5702200381
"2018-06-06 22:00:00",2224,3530.31586893967,-4201.94946623893,11262.5812041183,-8295.16348226959,15355.7952201489
"2018-06-06 23:00:00",1303,3524.31586893966,-4215.28213896871,11263.913876848,-8312.37783746775,15361.0095753471
"2018-06-07 00:00:00",685,3746.31586893966,-4000.60787112861,11493.2396090079,-8101.5815779803,15594.2133158596
"2018-06-07 01:00:00",439,3965.31586893966,-3788.92668238975,11719.5584202691,-7893.77473389156,15824.4064717709
"2018-06-07 02:00:00",328,3456.31586893965,-4305.23859233045,11217.8703302097,-8413.95733514404,15326.5890730233
"2018-06-07 03:00:00",380,2986.31586893965,-4782.5436204369,10755.1753583162,-8895.12941153927,14867.7611494186
"2018-06-07 04:00:00",977,2109.31586893964,-5666.84178610378,9885.47352398306,-9783.29099273886,14001.9227306181
"2018-06-07 05:00:00",3018,1494.31586893964,-6289.1331086348,9277.76484651408,-10409.4421082653,13398.0738461446
"2018-06-07 06:00:00",5885,1133.31586893964,-6657.41760724339,8924.04934512268,-10781.582787503,13048.2145253822
"2018-06-07 07:00:00",6097,544.315868939635,-7253.69530105322,8342.32703893249,-11381.713059699,12470.3447975783
"2018-06-07 08:00:00",5871,82.3158689396594,-7722.96620909876,7887.59794697808,-11854.8329539641,12019.4646918435
"2018-06-07 09:00:00",5136,-309.684131060368,-8122.23035032601,7502.86208820527,-12257.9424992737,11638.574237153
"2018-06-07 10:00:00",4691,-448.684131060367,-8268.48774359287,7371.11948147214,-12408.0417244685,11510.6734623478
"2018-06-07 11:00:00",5168,-592.684131060365,-8419.73840766983,7234.3701455491,-12563.1306582554,11377.7623961347
"2018-06-07 12:00:00",5220,-445.68413106036,-8279.98236124057,7388.61409911985,-12427.2093292087,11535.841067088
"2018-06-07 13:00:00",5094,18.4853782949739,-7859.2226157205,7896.19337231045,-12029.4293245616,12066.4000811515
"2018-06-07 14:00:00",5399,1991.10271215743,-5920.36319709053,9902.56862140538,-10108.4402667886,14090.6456911034
"2018-06-07 15:00:00",6202,5023.80413472909,-2910.80971766921,12958.4179871274,-7111.14056827595,17158.7488377341
"2018-06-07 16:00:00",6858,5361.4333827492,-2592.65456412894,13315.5213296273,-6803.29437763582,17526.1611431342
"2018-06-07 17:00:00",6286,4954.06133342745,-3015.77508923137,12923.8977560863,-7234.75164223208,17142.874309087
"2018-06-07 18:00:00",4858,4260.32818871286,-3722.64884769828,12243.305225124,-7948.58162142588,16469.2379988516
"2018-06-07 19:00:00",3715,3599.85046837441,-4394.82395941111,11594.5248961599,-8626.94895808819,15826.649894837
"2018-06-07 20:00:00",3222,3683.87520330949,-4321.56385048233,11689.3142571013,-8559.38729794982,15927.1377045688
"2018-06-07 21:00:00",2912,4024.04587889718,-3991.55762050674,12039.6493783011,-8234.76180045574,16282.8535582501
"2018-06-07 22:00:00",2215,4010.90623337502,-4014.49695069198,12036.309417442,-8262.88877033993,16284.70123709
"2018-06-07 23:00:00",1398,4166.19278412821,-3868.78115481335,12201.1667230698,-8122.23942605063,16454.6249943071
"2018-06-08 00:00:00",800,4808.75609350638,-3235.64269515431,12853.1548821671,-7494.0901804572,17111.60236747
"2018-06-08 01:00:00",480,5711.48929887426,-2342.24150220637,13765.2200999549,-6605.62905647731,18028.6076542258
"2018-06-08 02:00:00",354,5368.32610084532,-2694.67607450248,13431.3282761931,-6962.97159784242,17699.6237995331
"2018-06-08 03:00:00",364,3491.22697626464,-4581.00551944205,11563.4594719713,-8854.18727922469,15836.641231754
"2018-06-08 04:00:00",884,2080.16692462879,-6001.26692038181,10161.6007696394,-10279.3195802571,14439.6534295146
"2018-06-08 05:00:00",2793,1601.13055512835,-6489.4830240432,9691.74413429991,-10772.3951416455,13974.6562519023
"2018-06-08 06:00:00",5554,1284.10858362502,-6815.66758089129,9383.88474814133,-11103.4300781858,13671.6472454358
"2018-06-08 07:00:00",6584,624.095331538851,-7484.82899514506,8733.01965822276,-11777.434236963,13025.6249000407
"2018-06-08 08:00:00",5442,108.087343113039,-8009.97238437335,8226.14707059943,-12307.413615256,12523.5883014821
"2018-06-08 09:00:00",5011,-345.917467313018,-8473.10085006555,7781.26591543951,-12775.3718523016,12083.5369176756
"2018-06-08 10:00:00",4681,-552.920361514929,-8689.21628030409,7583.37555727423,-12996.311167729,11890.4704446992
"2018-06-08 11:00:00",4996,-670.922102023298,-8816.31982837488,7474.47562432828,-13128.2329216775,11786.3887176309
"2018-06-08 12:00:00",5415,-540.92314819637,-8695.41220214347,7613.56590575073,-13012.1379535644,11930.2916571717
"2018-06-08 13:00:00",5563,-17.9237767357956,-8181.49384114132,8145.64628766973,-12503.0267891181,12467.1792356465
"2018-06-08 14:00:00",5936,2034.07584575075,-6138.56502316897,10206.7167146705,-10464.8997650011,14533.0514565026
"2018-06-08 15:00:00",6290,5078.07561906956,-3103.62592848078,13259.7771666199,-7434.75710384923,17590.9083419884
"2018-06-08 16:00:00",6727,5651.07548298994,-2539.67667859249,13841.8276445724,-6875.59895962066,18177.7499256005
"2018-06-08 17:00:00",5865,5000.07540131418,-3199.71735963854,13199.8681622669,-7540.42544488471,17540.5762475131
"2018-06-08 18:00:00",4959,4715.07535229924,-3493.74803641369,12923.8987410122,-7839.23664722635,17269.3873518248
"2018-06-08 19:00:00",3792,3682.07532288846,-4535.7687608233,11899.9194066002,-8886.03263911618,16250.1832848931
"2018-06-08 20:00:00",3251,3849.07530524272,-4377.7795769629,12075.9301874483,-8732.81348384273,16430.9640943282
"2018-06-08 21:00:00",3050,4099.07529465659,-4136.78052416873,12334.9311134819,-8496.57923907468,16694.7298283879
"2018-06-08 22:00:00",3360,4020.07528830617,-4224.77163885096,12264.9222154633,-8589.3299590017,16629.4805356141
"2018-06-08 23:00:00",2903,4311.0752844969,-3942.75295559439,12564.9035245882,-8312.06569561963,16934.2162646134
"2018-06-09 00:00:00",1511,4998.07528221203,-3264.72450781972,13260.8750722438,-7638.78649950279,17634.9370639269
"2018-06-09 01:00:00",1110,6095.07528084158,-2176.68632818089,14366.8368898641,-6555.49242026814,18745.6429819513
"2018-06-09 02:00:00",866,5145.07528001962,-3135.63844880385,13425.7890088431,-7519.1835068544,17809.3340668936
"2018-06-09 03:00:00",614,3051.07527952663,-5238.58090143047,11340.7314604837,-9626.85980769036,15729.0103667436
"2018-06-09 04:00:00",517,2047.07527923098,-6251.51371750535,10345.6642759673,-10644.5213707967,14738.6719292587
"2018-06-09 05:00:00",795,2035.07527905365,-6272.43692822821,10342.5874863355,-10670.1682438474,14740.3188019547
"2018-06-09 06:00:00",1398,2857.0752789473,-5459.35056458594,11173.5011224805,-9861.80047420788,15575.9510321025
"2018-06-09 07:00:00",2172,2043.07527888353,-6282.25465737231,10368.4052151394,-10689.418108958,14775.5686667251
"2018-06-09 08:00:00",2686,331.075278845285,-8003.14923720039,8665.29979489096,-12415.0211949074,13077.171752598
"2018-06-09 09:00:00",3367,-206.924721177657,-8550.03433451009,8136.18489215478,-12966.6097786045,12552.7603362492
"2018-06-09 10:00:00",3684,-417.924721191412,-8769.90997957368,7934.06053719086,-13191.1839063436,12355.3344639607
"2018-06-09 11:00:00",4085,-546.924721199659,-8907.77620249917,7813.92676009985,-13333.7436241688,12239.8941817695
"2018-06-09 12:00:00",4257,-499.92472120461,-8869.63303323296,7869.78359082374,-13300.2889778781,12300.4395354689
"2018-06-09 13:00:00",4186,27.0752787924124,-8351.48050156198,8405.63105914681,-12786.820013026,12840.9705706108
"2018-06-09 14:00:00",4196,2069.07527879063,-6318.31863711522,10456.4691946965,-10758.3367749257,14896.487332507
"2018-06-09 15:00:00",3957,4775.07527878957,-3621.14746936533,13171.2980269445,-8065.83930865144,17615.9898662306
"2018-06-09 16:00:00",3940,5177.07527878893,-3227.96702762989,13582.1175852078,-7677.32765904044,18031.4782166183
"2018-06-09 17:00:00",3589,5257.07527878855,-3156.77734107263,13670.9278986497,-7610.80187069472,18124.9524282718
"2018-06-09 18:00:00",3571,4449.07527878831,-3973.57843870462,12871.7289962812,-8432.26198798281,17330.4125455594
"2018-06-09 19:00:00",3128,3744.07527878818,-4687.37034938556,12175.5209069619,-9150.70805504178,16638.8586126181
"2018-06-09 20:00:00",2782,3891.0752787881,-4549.1531018247,12331.3036594009,-9017.14011577863,16799.2906733548
"2018-06-09 21:00:00",2835,4018.07527878805,-4430.92672458215,12467.0772821583,-8903.55821387225,16939.7087714483
"2018-06-09 22:00:00",2863,4118.07527878802,-4339.69124606977,12575.8418036458,-8816.96239277483,17053.1129503509
"2018-06-09 23:00:00",1928,3966.07527878798,-4500.44669455242,12432.5972521284,-8982.35269571373,16914.5032532897
"2018-06-10 00:00:00",1226,4438.07527878797,-4037.19309814895,12913.3436557249,-8523.72916569304,17399.879723269
"2018-06-10 01:00:00",777,5431.07527878797,-3052.9304848333,13915.0810424092,-7544.09184549519,18406.2424030711
"2018-06-10 02:00:00",570,4968.07527878795,-3524.65888243539,13460.8094400113,-8020.44077768237,17956.5913352583
"2018-06-10 03:00:00",350,3407.07527878795,-5094.3783186424,11908.5288762183,-9594.77600459849,16408.9265621744
"2018-06-10 04:00:00",293,2155.07527878795,-6355.08882099958,10665.2393785755,-10860.0975683703,15170.2481259463
"2018-06-10 05:00:00",427,1814.07527878795,-6704.79041691147,10332.9409744874,-11214.4055109096,14842.5560684855
"2018-06-10 06:00:00",808,1314.07527878795,-7213.48313364265,9841.63369121855,-11727.6998739137,14355.8504314896
"2018-06-10 07:00:00",1012,823.075278787961,-7713.16699831892,9359.31755589484,-12231.9806988682,13878.1312564441
"2018-06-10 08:00:00",1617,178.075278787959,-8366.84203792836,8722.99259550428,-12890.2480270477,13246.3985846236
"2018-06-10 09:00:00",2417,-278.924721212034,-8832.50827932203,8274.65883689796,-13360.5018995172,12802.6524570932
"2018-06-10 10:00:00",3075,-527.924721212036,-9090.16574921523,8034.31630679116,-13622.7423571345,12566.8929147104
"2018-06-10 11:00:00",3656,-635.924721212036,-9206.81447418822,7934.96503176415,-13743.9694405504,12472.1199981263
"2018-06-10 12:00:00",3993,-506.924721212034,-9086.45448068742,8072.60503826335,-13628.1831902113,12614.3337477872
"2018-06-10 13:00:00",3888,-69.9247212120337,-8658.08579502605,8518.23635260199,-13204.3836463598,13064.5342039357
"2018-06-10 14:00:00",4125,2024.07527878796,-6572.70844338549,10620.8590009614,-11123.5708490367,15171.7214066127
"2018-06-10 15:00:00",4062,4784.07527878796,-3821.32245181565,13389.4730093916,-8376.74483808217,17944.8953956581
"2018-06-10 16:00:00",3901,5368.07527878796,-3245.92784623639,13982.0784038123,-7805.90565313704,18542.056210713
"2018-06-10 17:00:00",3584,5105.07527878796,-3517.5246524381,13727.675210014,-8082.05333364434,18292.2038912203
"2018-06-10 18:00:00",3477,4598.07527878796,-4033.11289608296,13229.2634536589,-8602.18791885101,17798.3384764269
"2018-06-10 19:00:00",3010,3716.07527878796,-4923.69260270531,12355.8431602812,-9497.30944780843,16929.4600053843
"2018-06-10 20:00:00",2979,4020.07527878796,-4628.26379771302,12668.4143552889,-9206.41795937461,17246.5685169505
"2018-06-10 21:00:00",2353,4176.07527878796,-4480.82650638816,12832.9770639641,-9063.5134922151,17415.664049791
"2018-06-10 22:00:00",1834,4365.07527878795,-4300.38075388781,13030.5313114637,-8887.59608480436,17617.7466423803
"2018-06-10 23:00:00",1101,4538.07527878794,-4135.92656524509,13212.077122821,-8727.66577542724,17803.8163330031
"2018-06-11 00:00:00",642,5097.07527878795,-3585.46396536979,13779.6145229457,-8181.72260218,18375.8731597559
"2018-06-11 01:00:00",396,5885.07527878794,-2805.99297904957,14576.1435366255,-7406.76660297204,19176.9171605479
"2018-06-11 02:00:00",291,5598.07527878795,-3101.5136309504,14297.6641885263,-7706.79781552674,18902.9483731026
"2018-06-11 03:00:00",310,4158.07527878795,-4550.02594561758,12866.1765031935,-9159.81627738291,17475.9668349588
"2018-06-11 04:00:00",873,2445.07527878798,-6271.52994747671,11161.6805050527,-10885.8220258963,15775.9725834722
"2018-06-11 05:00:00",2947,1956.07527878799,-6769.02566083421,10681.1762184102,-11387.8150982403,15299.9656558162
"2018-06-11 06:00:00",5476,2204.075278788,-6529.51310987835,10937.6636674543,-11152.7955314077,15560.9460889837
"2018-06-11 07:00:00",6336,1522.07527878799,-7219.99231867996,10264.1428762559,-11847.7633622116,14891.9139197876
"2018-06-11 08:00:00",5676,446.075278787996,-8304.46331119322,9196.61386876921,-12936.7186272869,13828.8691848629
"2018-06-11 09:00:00",4588,-121.924721211999,-8880.9261112565,8637.0766688325,-13517.6613630912,13273.8119206672
"2018-06-11 10:00:00",4270,-457.924721211994,-9225.38074259318,8309.53130016919,-13866.5916059062,12950.7421634822
"2018-06-11 11:00:00",4435,-535.924721211986,-9311.82722881222,8239.97778638825,-13957.5093918388,12885.6599494148
"2018-06-11 12:00:00",4763,-445.924721211989,-9230.26559340923,8338.41615098525,-13880.4147568223,12988.5653143983
"2018-06-11 13:00:00",4658,-47.9247212119873,-8840.69585976704,8744.84641734306,-13495.3077366178,13399.4582941938
"2018-06-11 14:00:00",4923,1825.07527878802,-6976.11805115638,10626.2686087324,-11635.1883668146,15285.3389243907
"2018-06-11 15:00:00",5691,4634.07527878802,-4175.53219073688,13443.6827483129,-8839.05668283255,18107.2072404086
"2018-06-11 16:00:00",6556,5704.07527878801,-3113.93830155765,14522.0888591337,-7781.91271992206,19190.0632774981
"2018-06-11 17:00:00",5922,4894.07527878801,-3932.33640655796,13720.486964134,-8604.75651316576,18392.9070707418
"2018-06-11 18:00:00",4512,4196.07527878802,-4638.72652856809,13030.8770861441,-9315.58809747955,17707.7386550556
"2018-06-11 19:00:00",3078,3773.07527878804,-5070.10869031011,12616.2592478862,-9751.40750761383,17297.5580651899
"2018-06-11 20:00:00",2611,4087.07527878804,-4764.4829143984,12938.6334719745,-9450.21477815434,17624.3653357304
"2018-06-11 21:00:00",2240,4513.07527878803,-4346.84922334044,13372.9997809165,-9037.00994352324,18063.1605010993
"2018-06-11 22:00:00",1861,4594.07527878803,-4274.20763953772,13462.3581971138,-8968.7930379807,18156.9435955568
"2018-06-11 23:00:00",1109,4674.07527878803,-4202.55818528605,13550.7087428621,-8901.56409562521,18249.7146532013
"2018-06-12 00:00:00",621,4970.07527878802,-3914.90088277656,13855.0514403526,-8618.32315039516,18558.4737079712
"2018-06-12 01:00:00",396,4196.07527878807,-4697.23575409627,13089.3863116724,-9405.07023606978,17797.2207936459
"2018-06-12 02:00:00",314,4516.0752787881,-4385.56282122887,13417.7133788051,-9097.80538627018,18129.9559438464
"2018-06-12 03:00:00",362,3427.07527878812,-5482.88210605528,12337.0326636315,-10199.5286344603,17053.6791920366
"2018-06-12 04:00:00",912,2547.07527878812,-6371.19363035432,11465.3441879306,-11092.2400139481,16186.3905715243
"2018-06-12 05:00:00",3013,1937.07527878812,-6989.49741580347,10863.6479733797,-11714.9395578863,15589.0901154625
"2018-06-12 06:00:00",5905,1766.07527878812,-7168.79348397944,10700.9440415557,-11898.6272992736,15430.7778568499
"2018-06-12 07:00:00",6283,1723.07527878812,-7220.0818563589,10666.2324139351,-11954.3032709559,15400.4538285321
"2018-06-12 08:00:00",5656,786.075278788124,-8165.36255431903,9737.51311189527,-12903.9675056266,14476.1180632029
"2018-06-12 09:00:00",4948,141.075278788126,-8818.63559913832,9100.78615671458,-13561.6200358285,13843.7705934047
"2018-06-12 10:00:00",4574,-231.924721211873,-9199.90101199705,8736.0515695733,-13947.2608939539,13483.4114515302
"2018-06-12 11:00:00",4531,-419.924721211878,-9396.15881397792,8556.30937155416,-14147.8901122461,13308.0406698223
"2018-06-12 12:00:00",4911,-537.924721211877,-9522.40902606697,8446.55958364321,-14278.5077228004,13202.6582803767
"2018-06-12 13:00:00",4777,-518.924721211881,-9511.65166915368,8473.80222672992,-14272.1137575646,13234.2643151409
"2018-06-12 14:00:00",5185,-209.924721211893,-9210.88676403208,8791.03732160829,-13975.7082483404,13555.8588059166
"2018-06-12 15:00:00",6092,353.075278788109,-8656.11433140111,9362.26488897732,-13425.2912267841,14131.4417843603
"2018-06-12 16:00:00",6777,1067.0752787881,-7950.33439186522,10084.4849494414,-12723.8627244074,14858.0132819836
"2018-06-12 17:00:00",6366,1900.07527878811,-7125.54696593516,10925.6975235114,-11903.4227725788,15703.5733301551
"2018-06-12 18:00:00",4701,2599.07527878811,-6434.75207402834,11632.9026316046,-11216.9714025242,16415.1219601004
"2018-06-12 19:00:00",3235,3089.07527878811,-5952.9497364696,12131.1002940458,-10739.5086453276,16917.6592029038
"2018-06-12 20:00:00",2975,3673.07527878813,-5377.13997349167,12723.2905310679,-10168.0345319323,17514.1850895085
"2018-06-12 21:00:00",2990,3947.07527878813,-5111.32280523584,13005.4733628121,-9906.54909314178,17800.699650718
"2018-06-12 22:00:00",2332,3946.07527878814,-5120.49825175247,13012.6488093288,-9920.05235962043,17812.2029171967
"2018-06-12 23:00:00",1250,3874.07527878814,-5200.66633300176,12948.8168905781,-10004.5443618947,17752.694919471
"2018-06-13 00:00:00",684,4000.07527878815,-5082.82706885397,13082.9776264303,-9891.0251303536,17891.1756879299
"2018-06-13 01:00:00",439,4004.07527878815,-5086.98047909025,13095.1310366665,-9899.49469524972,17907.645252826
"2018-06-13 02:00:00",328,3904.07527878814,-5195.12658340314,13003.2771409794,-10011.9530867002,17820.1036442765
"2018-06-13 03:00:00",387,3521.07527878814,-5586.26540139708,12628.4159589734,-10407.4003346875,17449.5508922638
"2018-06-13 04:00:00",922,2531.07527878815,-6584.39695258901,11646.5475101653,-11409.8364690602,16471.9870266365
"2018-06-13 05:00:00",3022,1828.07527878816,-7295.52125640887,10951.6718139852,-12125.2615195338,15781.4120771101
"2018-06-13 06:00:00",5767,2625.07527878816,-6506.63833220021,11756.7888897765,-11340.6755156917,16590.826073268
"2018-06-13 07:00:00",6127,2975.07527878815,-6164.74819922071,12114.898756797,-11003.078486986,16953.2290445623
"2018-06-13 08:00:00",5664,1152.07527878815,-7995.85087664254,10300.0014342188,-12838.4704627379,15142.6210203142
"2018-06-13 09:00:00",5157,664.075278788164,-8491.94638355322,9820.09694112955,-13338.8514721395,14667.0020297158
"2018-06-13 10:00:00",4579,-260.924721211836,-9425.03473895585,8903.18529653218,-14276.2215442532,13754.3721018296
"2018-06-13 11:00:00",4687,-528.924721211831,-9701.11596176975,8643.26651934609,-14556.5807080139,13498.7312655902
"2018-06-13 12:00:00",5110,-642.924721211832,-9823.19007083101,8537.34062840735,-14682.9289922287,13397.0795498051
"2018-06-13 13:00:00",4998,-602.924721211833,-9791.25708489297,8585.4076424693,-14655.2664255785,13449.4169831549
"2018-06-13 14:00:00",5227,-420.924721211821,-9617.31702262663,8775.46758020299,-14485.5930366181,13643.7435941944
"2018-06-13 15:00:00",6188,-66.9247212118281,-9271.36990262131,9137.52046019765,-14143.9088537773,14010.0594113537
"2018-06-13 16:00:00",6781,319.075278788172,-8893.41574338516,9531.5663009615,-13770.213905362,14408.3644629384
"2018-06-13 17:00:00",5644,1169.07527878817,-8051.45456334539,10389.6051209217,-12932.5082195542,15270.6587771305
"2018-06-13 18:00:00",4617,2084.07527878819,-7144.48638084907,11312.6369384254,-12029.7918244132,16197.9423819896
"2018-06-13 19:00:00",3560,2702.07527878819,-6534.51121416351,11938.6617717399,-11424.0647478765,16828.2153054529
"2018-06-13 20:00:00",3277,3124.07527878819,-6120.52908147673,12368.6796390531,-11014.3270177604,17262.4775753368
"2018-06-13 21:00:00",2777,3366.07527878818,-5886.54000089791,12618.6905584743,-10784.5786617603,17516.7292193366
"2018-06-13 22:00:00",2123,3419.07527878818,-5841.54399045789,12679.6945480343,-10743.819707452,17581.9702650284
"2018-06-13 23:00:00",1283,3413.07527878818,-5855.54106810975,12681.6916256861,-10762.0501822926,17588.2007398689
"2018-06-14 00:00:00",724,3635.07527878817,-5641.53125172905,12911.6818093054,-10552.2701136201,17822.4206711965
"2018-06-14 01:00:00",424,3854.07527878817,-5430.51455911451,13138.6651166909,-10345.4795286555,18053.6300862319
"2018-06-14 02:00:00",308,3345.07527878816,-5947.49100798843,12637.6415655648,-10866.6784545027,17556.829012079
"2018-06-14 03:00:00",368,2875.07527878816,-6425.46061599706,12175.6111735734,-11348.8669181492,17099.0174757256
"2018-06-14 04:00:00",928,1998.07527878815,-7310.42340071112,11306.5739582874,-12238.0449464673,16234.1955040436
"2018-06-14 05:00:00",3013,1383.07527878816,-7933.37937962622,10699.5299372025,-12865.212566214,15631.3631237903
"2018-06-14 06:00:00",5824,1022.07527878816,-8302.32857016339,10346.4791277397,-13238.3698040326,15282.5203616089
"2018-06-14 07:00:00",6438,433.07527878815,-8899.27098966942,9765.42154724572,-13839.5166864526,14705.6672440289
"2018-06-14 08:00:00",5778,-28.9247212118255,-9369.20665541731,9311.35721299365,-14313.653239891,14255.8037974673
"2018-06-14 09:00:00",4983,-420.924721211853,-9769.13558460685,8927.28614218314,-14717.7794906524,13875.9300482286
"2018-06-14 10:00:00",4510,-559.924721211852,-9916.0577943649,8796.2083519412,-14868.8954649301,13749.0460225064
"2018-06-14 11:00:00",4810,-703.92472121185,-10067.9733017458,8660.12385932207,-15025.0011888065,13617.1517463828
"2018-06-14 12:00:00",5062,-556.924721211845,-9928.88212373191,8815.03268130822,-14890.096688254,13776.2472458303
"2018-06-14 13:00:00",5018,-92.7552118565108,-9505.37614320416,9319.86571949114,-14488.1166796017,14302.6062558887
"2018-06-14 14:00:00",5434,1879.86212200594,-7564.87274427595,11324.5969882878,-12564.6133709296,16324.3376149415
"2018-06-14 15:00:00",6192,4912.5635445776,-4554.77084531875,14379.8979344739,-9566.47493711551,19391.6020262707
"2018-06-14 16:00:00",6890,5250.19279259772,-4236.41276857093,14736.7983537664,-9258.31840221057,19758.703987406
"2018-06-14 17:00:00",6049,4842.82074327597,-4659.6510582438,14345.2925447957,-9689.95577217514,19375.5972587271
"2018-06-14 18:00:00",4819,4149.08759856138,-5366.84520227804,13665.0203994008,-10404.2757388107,18702.4509359335
"2018-06-14 19:00:00",3709,3488.60987822292,-6039.44308398948,13016.6628404353,-11083.2896463901,18060.509402836
"2018-06-14 20:00:00",3274,3572.634613158,-5966.66738617341,13111.9366124894,-11016.4688291177,18161.7380554337
"2018-06-14 21:00:00",2922,3912.80528874569,-5637.18307827941,13462.7936557708,-10692.6415425658,18518.2521200572
"2018-06-14 22:00:00",2284,3899.66564322353,-5660.6662207495,13459.9975071966,-10721.6002015691,18520.9314880162
"2018-06-14 23:00:00",1388,4054.95219397672,-5515.50758948063,13625.4119774341,-10581.8029670177,18691.7073549711
"2018-06-15 00:00:00",830,4697.5155033549,-4882.93463012424,14277.965636834,-9954.5185795043,19349.5495862141
"2018-06-15 01:00:00",500,5600.24870872277,-3990.10415732049,15190.601574766,-9066.93029666319,20267.4277141087
"2018-06-15 02:00:00",358,5257.08551069384,-4343.11281234318,14857.2838337309,-9425.15082179304,19939.3218431807
"2018-06-15 03:00:00",384,3379.98638611315,-6230.01858556918,12989.9913577955,-11317.2479212275,18077.2206934538
"2018-06-15 04:00:00",866,1968.92633447731,-7650.8578759275,11588.7105448821,-12743.2640278576,16681.1166968122
"2018-06-15 05:00:00",2843,1489.88996497687,-8139.65301469649,11119.4329446502,-13237.225147024,16217.0050769778
"2018-06-15 06:00:00",5432,1172.86799347353,-8466.41749992327,10812.1534868703,-13569.1470074825,15914.8829944295
"2018-06-15 07:00:00",6361,512.854741387368,-9136.15958105393,10161.8690638287,-14244.0392196133,15269.7487023881
"2018-06-15 08:00:00",5671,-3.15324703844499,-9661.8842802973,9655.57778622041,-14774.9076348551,14768.6011407782
"2018-06-15 09:00:00",4977,-457.158057464502,-10125.5946397423,9211.27852481325,-15243.7558015991,14329.4396866701
"2018-06-15 10:00:00",4801,-664.160951666413,-10342.2925097037,9013.97060637086,-15465.5858817142,14137.2639783813
"2018-06-15 11:00:00",5025,-782.162692174782,-10469.9790187607,8905.65363441115,-15598.3991975538,14034.0738132042
"2018-06-15 12:00:00",5396,-652.163738347854,-10349.6548579537,9045.32738125803,-15483.1965628035,14178.8690861078
"2018-06-15 13:00:00",5168,-129.16436688728,-9836.32045473898,9577.99172096442,-14974.9784847242,14716.6497509497
"2018-06-15 14:00:00",5614,1922.83525559926,-7793.97607771173,11639.6465889103,-12937.7452859001,16783.4157970986
"2018-06-15 15:00:00",5993,4966.83502891807,-4759.62189966078,14693.2919574969,-9908.49717754957,19842.1672353857
"2018-06-15 16:00:00",6333,5539.83489283845,-4196.25803569665,15275.9278213736,-9350.23430383469,20429.9040895116
"2018-06-15 17:00:00",5165,4888.83481116269,-4856.88456620099,14634.5541885264,-10015.9567685267,19793.6263908521
"2018-06-15 18:00:00",4369,4603.83476214775,-5151.50155062361,14359.1710749191,-10315.6646510362,19523.3341753317
"2018-06-15 19:00:00",3688,3570.83473273698,-6194.10903578587,13335.7785012598,-11363.3580160584,18505.0274815324
"2018-06-15 20:00:00",3123,3737.83471509123,-6036.70706087217,13512.3764910546,-11211.0369193711,18686.7063495535
"2018-06-15 21:00:00",3118,3987.83470450511,-5796.29566042745,13771.9650694377,-10975.7014113151,18951.3708203253
"2018-06-15 22:00:00",2778,3908.83469815469,-5884.87486615867,13702.544262468,-11069.3515388872,18887.0209351966
"2018-06-15 23:00:00",2666,4199.83469434542,-5603.4447080161,14003.1140967069,-10792.9873469954,19192.6567356862
"2018-06-16 00:00:00",1386,4886.83469206055,-4926.00521484311,14699.6745989642,-10120.6088792135,19894.2782633346
"2018-06-16 01:00:00",825,5983.8346906901,-3838.55641476614,15806.2257961463,-9038.21617823438,21005.8855596146
"2018-06-16 02:00:00",587,5033.83468986813,-4798.09833542929,14865.7677151656,-10002.8092861422,20070.4786658785
"2018-06-16 03:00:00",391,2939.83468937515,-6901.63100413516,12781.3003828855,-12111.3882445766,17991.0576233269
"2018-06-16 04:00:00",402,1935.83468907949,-7915.15444793005,11786.823826089,-13129.9530948316,17001.6224729906
"2018-06-16 05:00:00",772,1923.83468890216,-7936.66869365487,11784.3380714592,-13156.503877915,17004.1732557193
"2018-06-16 06:00:00",1196,2745.83468879581,-7124.17376797656,12615.8431455682,-12349.0406345853,17840.7100121769
"2018-06-16 07:00:00",1651,1931.83468873205,-7947.66969740679,11811.3390748709,-13177.5634053735,17041.2327828376
"2018-06-16 08:00:00",2329,219.8346886938,-9669.15650831412,10108.8258857017,-14904.0722305979,15343.7416079855
"2018-06-16 09:00:00",3017,-318.165311329142,-10216.6342269309,9580.3036042726,-15456.567150372,14820.2365277137
"2018-06-16 10:00:00",3514,-529.165311342897,-10437.1028793583,9378.77225667246,-15682.0482046108,14623.717581925
"2018-06-16 11:00:00",3907,-658.165311351144,-10575.5624915694,9259.23186886708,-15825.5154330348,14509.1848103325
"2018-06-16 12:00:00",4494,-611.165311356095,-10538.0130894114,9315.6824666992,-15792.9688751727,14570.6382524606
"2018-06-16 13:00:00",4834,-84.1653113590725,-10020.4546986075,9852.12407588939,-15280.4085703642,15112.077947646
"2018-06-16 14:00:00",4900,1957.83468863915,-7987.88734475798,11903.5567220363,-13252.8345577607,17168.503935039
"2018-06-16 15:00:00",4363,4663.83468863809,-5291.31105334131,14618.9804306175,-10561.2468763283,19888.9162536045
"2018-06-16 16:00:00",4495,5065.83468863745,-4898.72584971526,15030.3952269902,-10173.645564848,20305.3149421229
"2018-06-16 17:00:00",4053,5145.83468863706,-4828.1317591178,15119.8011363919,-10108.030661918,20399.7000391922
"2018-06-16 18:00:00",3987,4337.83468863683,-5645.5288066678,14321.1981839415,-10930.4022059542,19606.0715832279
"2018-06-16 19:00:00",3223,3632.8346886367,-6359.91701736614,13625.5863946395,-11649.7602351921,18915.4296124655
"2018-06-16 20:00:00",2928,3779.83468863662,-6222.29641609617,13781.9657933694,-11517.1047876874,19076.7741649607
"2018-06-16 21:00:00",2887,3906.83468863657,-6104.66702762475,13918.3364048979,-11404.4359013179,19218.105278591
"2018-06-16 22:00:00",2606,4006.83468863653,-6014.02887660291,14027.698253876,-11318.7536137839,19332.422991057
"2018-06-16 23:00:00",2047,3854.83468863649,-6175.38198756661,13885.0513648396,-11485.05796261,19194.727339883
"2018-06-17 00:00:00",1332,4326.83468863648,-5712.72638493753,14366.3957622105,-11027.348985146,19681.018362419
"2018-06-17 01:00:00",866,5319.83468863648,-4729.06209302385,15368.7314702968,-10048.626718568,20688.296095841
"2018-06-17 02:00:00",659,4856.83468863647,-5201.38913602081,14915.0585132937,-10525.8911998794,20239.5605771523
"2018-06-17 03:00:00",413,3295.83468863646,-6771.70753801167,13363.3769152846,-12101.1424659124,18692.8118431853
"2018-06-17 04:00:00",393,2043.83468863647,-8033.0173229683,12120.6867002412,-13367.3805533288,17455.0499306017
"2018-06-17 05:00:00",552,1702.83468863646,-8383.31851475201,11788.9878920249,-13722.6054986212,17128.2748758942
"2018-06-17 06:00:00",885,1202.83468863647,-8892.61113711406,11298.280514387,-14236.8173381143,16642.4867153872
"2018-06-17 07:00:00",1185,711.834688636475,-9392.89521369658,10816.5645909695,-14742.0161079653,16165.6854852383
"2018-06-17 08:00:00",1724,66.8346886364729,-10047.1707680332,10180.8401453061,-15401.201844166,15534.871221439
"2018-06-17 09:00:00",2723,-390.16531136352,-10513.4378235497,9733.10720082261,-15872.374582543,15092.0439598159
"2018-06-17 10:00:00",3488,-639.165311363522,-10771.6964035647,9493.36578083766,-16135.534358759,14857.203736032
"2018-06-17 11:00:00",3790,-747.165311363522,-10888.9465312905,9394.61590856347,-16257.6812083142,14763.3505855872
"2018-06-17 12:00:00",4260,-618.16531136352,-10769.1882298335,9532.8576071065,-16142.8151665468,14906.4845438198
"2018-06-17 13:00:00",4365,-181.165311363519,-10341.4215221951,9979.09089946811,-15719.9362686343,15357.6056459073
"2018-06-17 14:00:00",4192,1912.83468863648,-8256.64643127242,12082.3158085454,-13640.0445495949,17465.7139268678
"2018-06-17 15:00:00",4234,4672.83468863648,-5505.86297985844,14851.5323571314,-10894.1400442874,20239.8094215604
"2018-06-17 16:00:00",4404,5256.83468863647,-4931.07119064333,15444.7405679163,-10324.2227874135,20837.8921646865
"2018-06-17 17:00:00",4175,4993.83468863647,-5203.27108621467,15190.9404634876,-10601.2928135179,20588.9621907909
"2018-06-17 18:00:00",3843,4486.83468863648,-5719.46268905848,14693.1320663314,-11122.35015699,20096.019534263
"2018-06-17 19:00:00",3613,3604.83468863647,-6610.64602155935,13820.3153988323,-12018.3948520641,19228.064229337
"2018-06-17 20:00:00",3185,3908.83468863647,-6315.82110600145,14133.4904832744,-11728.4269328208,19546.0963100938
"2018-06-17 21:00:00",2568,4064.83468863648,-6168.9879645691,14298.6573418421,-11586.4464331882,19716.1158104611
"2018-06-17 22:00:00",2045,4253.83468863647,-5989.14661934722,14496.8159966202,-11411.4533869422,19919.1227642151
"2018-06-17 23:00:00",1218,4426.83468863646,-5825.29709232225,14678.9664695952,-11252.4478277082,20106.1172049811
"2018-06-18 00:00:00",627,4985.83468863647,-5275.43940538241,15247.1087826553,-10707.4297889613,20679.0991662342
"2018-06-18 01:00:00",367,5773.83468863646,-4496.57358031872,16044.2429575916,-9933.399304028,21481.0686813009
"2018-06-18 02:00:00",272,5486.83468863646,-4792.69963882524,15766.3690160982,-10234.3564060865,21208.0257833595
"2018-06-18 03:00:00",365,4046.83468863646,-6241.81760249975,14335.4869797727,-11688.3011281678,19781.9705054408
"2018-06-18 04:00:00",802,2333.83468863649,-7963.92749284464,12631.5968701176,-13415.233503157,18082.90288043
"2018-06-18 05:00:00",2891,1844.8346886365,-8462.02933126708,12151.6987085401,-13918.1535637934,17607.8229410664
"2018-06-18 06:00:00",5541,2092.83468863651,-8223.12313907988,12408.7925163529,-13684.0613426723,17869.7307199453
"2018-06-18 07:00:00",6386,1410.83468863651,-8914.20893750201,11735.878314775,-14379.9568722451,17201.6262495181
"2018-06-18 08:00:00",5765,334.834688636508,-9999.28674765905,10668.9561249321,-15469.8401848208,16139.5095620938
"2018-06-18 09:00:00",4767,-233.165311363486,-10576.356590584,10110.025967857,-16051.7113125664,15585.3806898395
"2018-06-18 10:00:00",4161,-569.165311363481,-10921.4184872177,9783.08786449073,-16401.5702875084,15263.2396647814
"2018-06-18 11:00:00",4435,-647.165311363474,-11008.4724584093,9714.14183568237,-16493.4171415327,15199.0865188057
"2018-06-18 12:00:00",4829,-557.165311363476,-10927.5185249171,9813.18790219018,-16417.2519063862,15302.9212836593
"2018-06-18 13:00:00",4743,-159.165311363475,-10538.556707409,10220.226084682,-16033.0746136779,15714.743990951
"2018-06-18 14:00:00",4935,1713.83468863653,-8674.58702646256,12102.2564037356,-14173.8852948786,17601.5546721516
"2018-06-18 15:00:00",5558,4522.83468863653,-5874.60950256653,14920.2788798396,-11378.6839813229,20424.353358596
"2018-06-18 16:00:00",6757,5592.83468863653,-4813.62415612054,15999.2935333936,-10322.4707042094,21508.1400814825
"2018-06-18 17:00:00",6306,4782.83468863653,-5632.63100743597,15198.300384709,-11146.2454946017,20711.9148718748
"2018-06-18 18:00:00",4352,4084.83468863653,-6339.63007673642,14509.2994540095,-11858.0083834292,20027.6777607023
"2018-06-18 19:00:00",3248,3661.83468863655,-6771.62138415844,14095.2907614315,-12294.759401488,19618.4287787611
"2018-06-18 20:00:00",2762,3975.83468863655,-6466.60494975172,14418.2743270248,-11994.4985794415,19946.1679567146
"2018-06-18 21:00:00",2460,4401.83468863655,-6049.58079347982,14853.2501707529,-11582.2259478213,20385.8953250944
"2018-06-18 22:00:00",1710,4482.83468863655,-5977.54893522077,14943.2183124939,-11514.9415370283,20480.6109143013
"2018-06-18 23:00:00",1012,4562.83468863654,-5906.50939476729,15032.1787720404,-11448.6453773327,20574.3147546058
"2018-06-19 00:00:00",592,4858.83468863653,-5619.46219182749,15337.1315691006,-11166.3374988755,20884.0068761486
"2018-06-19 01:00:00",373,4084.83468863658,-6402.40734602546,14572.0767232986,-11954.0179316693,20123.6873089425
"2018-06-19 02:00:00",269,4404.83468863661,-6091.34487690164,14901.0142541749,-11647.6867055985,20457.3560828718
"2018-06-19 03:00:00",369,3315.83468863664,-7189.27480391333,13820.9441811866,-12750.3438504205,19382.0132276938
"2018-06-19 04:00:00",893,2435.83468863664,-8078.19714643515,12949.8665237084,-13643.9893957662,18515.6587730395
"2018-06-19 05:00:00",3038,1825.83468863664,-8697.11192375969,12348.781301033,-14267.6233711411,17919.2927484144
"2018-06-19 06:00:00",5483,1654.83468863664,-8877.01915509777,12186.688532371,-14452.2458059256,17761.9151831989
"2018-06-19 07:00:00",5506,1611.83468863664,-8928.91885957913,12152.5882368524,-14508.8567293761,17732.5261066494
"2018-06-19 08:00:00",4851,674.834688636639,-9874.81105625274,11224.480433526,-15459.4561706256,16809.1255478988
"2018-06-19 09:00:00",4792,29.8346886366412,-10528.6957640875,10588.3651413608,-16118.0441586843,16177.7135359576
"2018-06-19 10:00:00",4244,-343.165311363358,-10910.5730019724,10224.2423792457,-16504.6207224406,15818.2900997139
"2018-06-19 11:00:00",4346,-531.165311363363,-11107.4427887172,10045.1121659905,-16706.1858906615,15643.8552679348
"2018-06-19 12:00:00",4585,-649.165311363362,-11234.305143053,9935.9745203263,-16837.7396919938,15539.409069267
"2018-06-19 13:00:00",4728,-630.165311363366,-11224.1600836324,9963.82946090564,-16832.2821549639,15571.9515322372
"2018-06-19 14:00:00",5109,-321.165311363378,-10924.00762903,10281.6770063033,-16536.8133079797,15894.4826852529
"2018-06-19 15:00:00",5852,241.834688636624,-10369.8477977433,10853.5171750166,-15987.3331793303,16471.0025566035
"2018-06-19 16:00:00",6821,955.834688636618,-9664.68060819254,11576.3499854658,-15286.8417971871,17198.5111744603
"2018-06-19 17:00:00",6085,1788.83468863662,-8840.50607872153,12418.1754559948,-14467.3391896046,18045.0085668779
"2018-06-19 18:00:00",4546,2487.83468863662,-8150.32422759799,13125.9936048712,-13781.8253845209,18757.4947617941
"2018-06-19 19:00:00",3263,2977.83468863662,-7669.13507301397,13624.8044502872,-13305.3004097582,19260.9697870315
"2018-06-19 20:00:00",2804,3561.83468863664,-7093.93863308629,14217.6080103596,-12734.764293024,19858.4336702972
"2018-06-19 21:00:00",2454,3835.83468863664,-6828.73492585704,14500.4043031303,-12474.217061911,20145.8864391843
"2018-06-19 22:00:00",1796,3834.83468863665,-6838.52396929391,14508.1933465672,-12488.6587438987,20158.328121172
"2018-06-19 23:00:00",1190,3762.83468863666,-6919.30578129077,14444.9751585641,-12574.0893663532,20099.7587436265
"2018-06-20 00:00:00",663,3888.83468863666,-6802.0803796679,14579.7497569412,-12461.5089565284,20239.1783338017
"2018-06-20 01:00:00",406,3892.83468863666,-6806.84778217254,14592.5171594459,-12470.9175415663,20256.5869188396
"2018-06-20 02:00:00",301,3792.83468863666,-6915.60800647928,14501.2773837526,-12584.3151484979,20169.9845257712
"2018-06-20 03:00:00",385,3409.83468863665,-7307.36107019044,14127.0304474637,-12980.7018042435,19800.3711815168
"2018-06-20 04:00:00",935,2419.83468863667,-8306.1069908366,13145.7763681099,-13984.077535614,18823.7469128873
"2018-06-20 05:00:00",3134,1716.83468863667,-9017.84578587681,12451.5151631502,-14700.4423693106,18134.1117465839
"2018-06-20 06:00:00",5769,2513.83468863667,-8229.57747269925,13257.2468499726,-13916.7963319262,18944.4657091995
"2018-06-20 07:00:00",6295,2863.83468863666,-7888.30206862144,13615.9714458948,-13580.1394499457,19307.808827219
"2018-06-20 08:00:00",5540,1040.83468863666,-9720.01959089061,11801.6889681639,-15416.4717497465,17498.1411270198
"2018-06-20 09:00:00",4890,552.83468863668,-10216.7300566843,11322.3994339577,-15917.7932575994,17023.4626348727
"2018-06-20 10:00:00",4544,-372.16531136332,-11150.4334831107,10406.102860384,-16856.1039996688,16111.7733769422
"2018-06-20 11:00:00",4675,-640.165311363315,-11427.1298872086,10146.799264482,-17137.4040020138,15857.0733792872
"2018-06-20 12:00:00",4824,-754.165311363315,-11549.8192859487,10041.4886632221,-17264.6932905885,15756.3626678619
"2018-06-20 13:00:00",4941,-714.165311363318,-11518.5016962331,10090.1710735065,-17237.9718912426,15809.641268516
"2018-06-20 14:00:00",5161,-532.165311363306,-11345.1771348962,10280.8465121696,-17069.2398297219,16004.9092069953
"2018-06-20 15:00:00",5864,-178.165311363312,-10999.8456187047,10643.5149959781,-16728.4971316691,16372.1665089424
"2018-06-20 16:00:00",6811,207.834688636688,-10622.5071643586,11038.176541632,-16355.7438226244,16771.4131998978
"2018-06-20 17:00:00",6439,1057.83468863669,-9781.16178849078,11896.8311657642,-15518.9799280257,17634.6493052991
"2018-06-20 18:00:00",4622,1972.8346886367,-8874.80950766792,12820.4788849413,-14617.2054732096,18562.874850483
"2018-06-20 19:00:00",3418,2590.8346886367,-8265.45033839077,13447.1197156642,-14012.4204834118,19194.0898606852
"2018-06-20 20:00:00",3024,3012.8346886367,-7852.08429709445,13877.7536743679,-13603.6249837676,19629.294361041
"2018-06-20 21:00:00",2758,3254.8346886367,-7618.71140014873,14128.3807774221,-13374.8189993125,19884.4883765859
"2018-06-20 22:00:00",1956,3307.8346886367,-7574.33166385861,14190.001041132,-13335.0025549827,19950.6719322561
"2018-06-20 23:00:00",1209,3301.8346886367,-7588.94510446451,14192.6144817379,-13354.1756756158,19957.8450528892
"2018-06-21 00:00:00",634,3523.83468863669,-7375.55173814264,14423.221115416,-13145.3383859513,20193.0077632247
"2018-06-21 01:00:00",462,3742.83468863669,-7165.15158100541,14650.8209582788,-12939.490710631,20425.1600879043
"2018-06-21 02:00:00",348,3233.83468863668,-7682.74464910189,14150.4140263753,-13461.6326741997,19929.302051473
"2018-06-21 03:00:00",426,2763.83468863668,-8161.33095841788,13689.0003356912,-13944.7643011056,19472.433678379
"2018-06-21 04:00:00",938,1886.83468863667,-9046.91052487644,12820.5799021498,-14834.885615701,18608.5549929744
"2018-06-21 05:00:00",3112,1271.83468863667,-9670.48336433823,12214.1527416116,-15462.9966422427,18006.666019516
"2018-06-21 06:00:00",5778,910.834688636672,-10040.0494926019,11861.7188698752,-15837.0974048925,17658.7667821659
"2018-06-21 07:00:00",6557,321.834688636665,-10637.6089254042,11281.2783026775,-16439.1879277179,17082.8573049912
"2018-06-21 08:00:00",5490,-140.16531136331,-11108.1616784206,10827.8310556939,-16914.2682346922,16633.9376119655
"2018-06-21 09:00:00",4982,-532.165311363338,-11508.7077672654,10444.3771445387,-17319.3383496956,16255.007726969
"2018-06-21 10:00:00",4951,-671.165311363337,-11656.2472074924,10313.9165847657,-17471.3982965155,16129.0676737889
"2018-06-21 11:00:00",5167,-815.165311363334,-11808.7800145945,10178.4493918678,-17628.4480988465,15998.1174761198
"2018-06-21 12:00:00",5083,-668.16531136333,-11670.3062040051,10333.9755812785,-17494.4877802916,16158.1571575649
"2018-06-21 13:00:00",4942,-203.995802007996,-11244.7102192868,10836.7186152708,-17089.3113860617,16681.3197820457
"2018-06-21 14:00:00",5025,1768.62153185446,-9302.97111151338,12840.2141752223,-15163.9182237956,18701.1612875045
"2018-06-21 15:00:00",5768,4801.32295442612,-6292.4950373861,15895.1409462383,-12165.2075384413,21767.8534472935
"2018-06-21 16:00:00",6511,5138.95220244623,-5974.03746813164,16251.9418730241,-11856.8988428781,22134.8032477706
"2018-06-21 17:00:00",5997,4731.58015312448,-6397.43431486953,15860.5946211185,-12288.7787049478,21751.9390111968
"2018-06-21 18:00:00",4592,4037.84700840989,-7104.95234132576,15180.6463581455,-13003.5940070029,21079.2880238227
"2018-06-21 19:00:00",3823,3377.36928807144,-7777.95874314607,14532.6973192889,-13683.2326921737,20437.9712683165
"2018-06-21 20:00:00",3385,3461.39402300652,-7705.64307868607,14628.4311246991,-13617.1154352056,20539.9034812186
"2018-06-21 21:00:00",3446,3801.56469859421,-7376.65043546822,14979.7798326566,-13294.0400848876,20897.169482076
"2018-06-21 22:00:00",2583,3788.42505307205,-7400.64383003543,14977.4939361795,-13323.7791071321,20900.6292132762
"2018-06-21 23:00:00",1455,3943.71160382524,-7256.00684754627,15143.4300551967,-13184.7796655438,21072.2028731942
"2018-06-22 00:00:00",805,4586.27491320341,-6623.96268114841,15796.5125075552,-12558.3039970721,21730.8538234789
"2018-06-22 01:00:00",471,5489.00811857129,-5731.66549149283,16709.6817286354,-11671.5313004251,22649.5475375677
"2018-06-22 02:00:00",364,5145.84492054235,-6085.21033307424,16376.900174159,-12030.5718521324,22322.2616932171
"2018-06-22 03:00:00",384,3268.74579596167,-7972.65424005227,14510.1458319756,-13923.4919561195,20460.9835480428
"2018-06-22 04:00:00",876,1857.68574432582,-9394.03302472874,13109.4045133804,-15350.3331481085,19065.7046367602
"2018-06-22 05:00:00",3056,1378.64937482538,-9883.36866208523,12640.667411736,-15845.1208885313,18602.4196381821
"2018-06-22 06:00:00",5460,1061.62740332205,-10210.6744336732,12333.9292403173,-16177.870575042,18301.1253816861
"2018-06-22 07:00:00",6222,401.614151235882,-10880.958456259,11684.1867587308,-16853.5916151048,17656.8199175766
"2018-06-22 08:00:00",5604,-114.393837189931,-11407.2256704068,11178.4379960269,-17385.2897352935,17156.5020609136
"2018-06-22 09:00:00",5053,-568.398647615988,-11871.4790674658,10734.6817722339,-17854.9684064,16718.171111168
"2018-06-22 10:00:00",4765,-775.401541817899,-12088.7204656098,10537.917381974,-18077.6297411372,16526.8266575014
"2018-06-22 11:00:00",5128,-893.403282326268,-12216.9509725075,10430.1444078549,-18211.2750298791,16424.4684652265
"2018-06-22 12:00:00",5225,-763.404328499339,-12097.1712650659,10570.3626080673,-18096.905064696,16570.0964076974
"2018-06-22 13:00:00",5104,-240.404957038765,-11584.3817606914,11103.5718466139,-17589.5203374789,17108.7104234014
"2018-06-22 14:00:00",5351,1811.59466544778,-9542.58272039447,13165.77205129,-15553.1211592121,19176.3104901076
"2018-06-22 15:00:00",5843,4855.59443876659,-6508.77431087144,16219.9631884046,-12524.7077317962,22235.8966093294
"2018-06-22 16:00:00",6010,5428.59430268697,-5945.95664204772,16803.1452474217,-11967.2801914636,22824.4687968375
"2018-06-22 17:00:00",5120,4777.59422101121,-6607.12978967578,16162.3182316982,-12633.8386349056,22189.027076928
"2018-06-22 18:00:00",4676,4492.59417199627,-6902.29380892146,15887.482152914,-12934.3831349811,21919.5714789736
"2018-06-22 19:00:00",3976,3459.5941425855,-7945.44874254099,14864.637027712,-13982.9137501683,20902.1020353393
"2018-06-22 20:00:00",3535,3626.59412493975,-7788.5946257964,15041.7828756759,-13831.4305302461,21084.6187801256
"2018-06-22 21:00:00",3473,3876.59411435363,-7548.73148940748,15301.9197181147,-13596.9335197053,21350.1217484126
"2018-06-22 22:00:00",3529,3797.5941080032,-7637.85936132595,15233.0475773324,-13691.4227597997,21286.6109758061
"2018-06-22 23:00:00",3654,4088.59410419393,-7356.97826780012,15534.166476188,-13415.8982897755,21593.0864981633
"2018-06-23 00:00:00",1540,4775.59410190907,-6680.08823401467,16231.2764378328,-12744.360147611,22295.5483514291
"2018-06-23 01:00:00",872,5872.59410053861,-5593.18928447471,17338.3774855519,-11662.8083704607,23407.9965715379
"2018-06-23 02:00:00",629,4922.59409971665,-6553.28144323641,16398.4696426697,-12628.2429949217,22473.431194355
"2018-06-23 03:00:00",407,2828.59409922366,-8657.36473404566,14314.552932493,-14737.6640571939,20394.8522556412
"2018-06-23 04:00:00",513,1824.59409892801,-9671.43918042169,13320.6273782777,-15757.0715931772,19406.2597910333
"2018-06-23 05:00:00",966,1812.59409875068,-9693.50480570694,13318.6930032083,-15784.4656385291,19409.6538360304
"2018-06-23 06:00:00",1495,2634.59409864433,-8881.56163309795,14150.7498303866,-14977.8462287003,20247.034425989
"2018-06-23 07:00:00",2474,1820.59409858056,-9705.60968566335,13346.7978828245,-15807.2133989564,19448.4015961175
"2018-06-23 08:00:00",3353,108.594098542315,-11427.6489863558,11644.8371834404,-17534.5671843913,17751.7553814759
"2018-06-23 09:00:00",4065,-429.405901480627,-11975.6795580182,11116.867755057,-18087.9076199351,17229.0958169738
"2018-06-23 10:00:00",4318,-640.405901494381,-12196.7014233891,10915.8896204003,-18314.2347403597,17033.4229373709
"2018-06-23 11:00:00",4621,-769.405901502628,-12335.7146051048,10796.9028020995,-18458.5485802826,16919.7367772774
"2018-06-23 12:00:00",5018,-722.40590150758,-12298.7191257015,10853.9073226864,-18426.8491741691,16982.0373711539
"2018-06-23 13:00:00",4560,-195.405901510557,-11781.7150076175,11390.9032045964,-17915.1365563343,17524.3247533132
"2018-06-23 14:00:00",4620,1846.59409848766,-9749.70227319293,13442.8904701683,-15888.4107609446,19581.5989579199
"2018-06-23 15:00:00",4417,4552.5940984866,-7053.68094467187,16158.8691416451,-13197.6718220188,22302.860018992
"2018-06-23 16:00:00",4372,4954.59409848596,-6661.65104420235,16570.8392411743,-12810.9197734294,22720.1079704013
"2018-06-23 17:00:00",4510,5034.59409848558,-6591.61259383735,16660.8007908085,-12746.1546489033,22815.3428458745
"2018-06-23 18:00:00",3945,4226.59409848534,-7409.56561553523,15862.7538125059,-13569.3764820231,22022.5646789938
"2018-06-23 19:00:00",3660,3521.59409848521,-8124.51013116077,15167.6983281312,-14289.5853062278,21332.7735031982
"2018-06-23 20:00:00",3362,3668.59409848513,-7987.4461624851,15324.6343594554,-14157.7811548136,21494.9693517839
"2018-06-23 21:00:00",3504,3795.59409848508,-7870.37373118677,15461.5619281569,-14045.9640609349,21637.1522579051
"2018-06-23 22:00:00",3572,3895.59409848505,-7780.29285885225,15571.4810558223,-13961.1340576054,21752.3222545755
"2018-06-23 23:00:00",2484,3743.59409848501,-7942.20356697621,15429.3917639462,-14128.2911776983,21615.4793746683
"2018-06-24 00:00:00",1515,4215.594098485,-7480.10587696234,15911.2940739323,-13671.4354539478,22102.6236509178
"2018-06-24 01:00:00",1016,5208.594098485,-6496.99981012384,16914.1880070938,-12693.5669189495,23110.7551159195
"2018-06-24 02:00:00",684,4745.59409848498,-6969.88538768375,16461.0735846537,-13171.6856051614,22662.8738021314
"2018-06-24 03:00:00",409,3184.59409848498,-8540.76263077577,14909.9508277457,-14747.7915449046,21116.9797418746
"2018-06-24 04:00:00",373,1932.59409848498,-9802.63156044466,13667.8197574146,-16014.8847703643,19880.0729673343
"2018-06-24 05:00:00",614,1591.59409848498,-10153.4921976468,13336.6803946167,-16370.9653135904,19554.1535105604
"2018-06-24 06:00:00",1091,1091.59409848498,-10663.3445632504,12846.5327602204,-16886.0332064984,19069.2214034684
"2018-06-24 07:00:00",1499,600.59409848499,-11164.1886780367,12365.3768750067,-17392.0884808702,18593.2766778402
"2018-06-24 08:00:00",2362,-44.4059015150119,-11819.0245626999,11730.2127596698,-18052.1311683547,17963.3193653247
"2018-06-24 09:00:00",3560,-501.405901515005,-12285.8522378476,11283.0404348176,-18524.1613004689,17521.3494974389
"2018-06-24 10:00:00",4187,-750.405901515007,-12544.6717240019,11043.8599209719,-18788.1789085985,17287.3671055685
"2018-06-24 11:00:00",4186,-858.405901515007,-12662.4830415994,10945.6712385694,-18911.1840239985,17194.3722209685
"2018-06-24 12:00:00",4302,-729.405901515005,-12543.2862109918,11084.4744079618,-18797.1766777941,17338.3648747641
"2018-06-24 13:00:00",4235,-292.405901515004,-12116.0812524464,11531.2694494164,-18375.1569009815,17790.3450979515
"2018-06-24 14:00:00",4317,1801.59409848499,-10031.8681861468,13635.0563831168,-16296.124724429,19899.312921399
"2018-06-24 15:00:00",4313,4561.59409848499,-7281.64703219307,16404.8352291631,-13551.0801788768,22674.2683758468
"2018-06-24 16:00:00",4256,5145.59409848498,-6707.41781060229,16998.6060075723,-12982.0232949385,23273.2114919085
"2018-06-24 17:00:00",4118,4882.59409848499,-6980.18054130915,16745.3687382791,-13259.9541031016,23025.1423000715
"2018-06-24 18:00:00",4022,4375.59409848499,-7496.93524416662,16248.1234411366,-13781.8726337285,22533.0608306984
"2018-06-24 19:00:00",3438,3493.59409848499,-8388.68193894588,15375.8701359159,-14678.7789170566,21665.9671140266
"2018-06-24 20:00:00",3187,3797.59409848499,-8094.4206453372,15689.6088423072,-14389.6729831997,21984.8611801697
"2018-06-24 21:00:00",2556,3953.59409848499,-7948.15138295032,15855.3395799203,-14248.5548621482,22155.7430591182
"2018-06-24 22:00:00",1962,4142.59409848498,-7768.87417131472,16054.0623682847,-14074.4245837699,22359.6127807399
"2018-06-24 23:00:00",1209,4315.59409848497,-7605.58902988052,16236.7772268505,-13916.2821778113,22547.4703747812
"2018-06-25 00:00:00",652,4874.59409848498,-7056.29597801832,16805.4841749883,-13372.1276738969,23121.3158708669
"2018-06-25 01:00:00",422,5662.59409848497,-6277.99503502034,17603.1832319903,-12598.9611015319,23924.1492985018
"2018-06-25 02:00:00",331,5375.59409848497,-6574.68622010032,17325.8744170703,-12900.782490101,23651.9706870709
"2018-06-25 03:00:00",406,3935.59409848498,-8024.36955239396,15895.5577493639,-14355.5918688698,22226.7800658397
"2018-06-25 04:00:00",902,2222.59409848501,-9747.04505096,14192.23324793,-16083.3892669861,20528.5774639561
"2018-06-25 05:00:00",2982,1733.59409848502,-10245.7127347799,13712.9009317499,-16587.1747134794,20054.3629104495
"2018-06-25 06:00:00",5588,1981.59409848502,-10007.3726227586,13970.5608197286,-16353.9482372626,20317.1364342327
"2018-06-25 07:00:00",6146,1299.59409848502,-10699.0247337251,13298.2129306952,-17050.7098671321,19649.8980641022
"2018-06-25 08:00:00",5383,223.594098485023,-11784.6690864326,12231.8572834027,-18141.4596317683,18588.6478287383
"2018-06-25 09:00:00",4654,-344.405901514972,-12362.305699559,11673.4938965291,-18724.1975597366,18035.3857567067
"2018-06-25 10:00:00",4310,-680.405901514967,-12707.9345917077,11347.1227886777,-19074.9236794885,17714.1118764585
"2018-06-25 11:00:00",4530,-758.40590151496,-12795.5557814072,11278.7439783772,-19167.6380193608,17650.8262163309
"2018-06-25 12:00:00",4748,-668.405901514962,-12715.1692871123,11378.3574840824,-19092.340607578,17755.528804548
"2018-06-25 13:00:00",4673,-270.405901514961,-12326.7751272043,11785.9633241744,-18709.0314722516,18168.2196692216
"2018-06-25 14:00:00",4877,1602.59409848504,-10463.3733199911,13668.5615169612,-16850.7106413811,20055.8988383512
"2018-06-25 15:00:00",5605,4411.59409848505,-7663.9638837081,16487.1520806782,-14056.3781428551,22879.5663398252
"2018-06-25 16:00:00",6232,5481.59409848504,-6603.54683651812,17566.7350334882,-13001.0340044515,23964.2222014215
"2018-06-25 17:00:00",5772,4671.59409848504,-7423.12219651212,16766.3103934822,-13825.6782538378,23168.8664508078
"2018-06-25 18:00:00",4086,3973.59409848504,-8130.68998170942,16077.8781786795,-14538.3109185722,22485.4991155423
"2018-06-25 19:00:00",3288,3550.59409848506,-8563.25021005837,15664.4384070285,-14975.9320261044,22077.1202230746
"2018-06-25 20:00:00",2944,3864.59409848507,-8258.80289943635,15987.9910964065,-14676.5416037756,22405.7298007457
"2018-06-25 21:00:00",2559,4290.59409848506,-7842.34806765047,16423.5362646206,-14265.1396788191,22846.3278757893
"2018-06-25 22:00:00",1974,4371.59409848506,-7770.88573243789,16514.073929408,-14198.7262783619,22941.914475332
"2018-06-25 23:00:00",1136,4451.59409848505,-7700.41591146603,16603.6041084361,-14133.3014294237,23036.4896263938
"2018-06-26 00:00:00",624,4747.59409848505,-7413.9386223331,16909.1268193032,-13851.8651589188,23347.0533558889
"2018-06-26 01:00:00",417,3973.5940984851,-8197.45388256861,16144.6420795388,-14640.4174936563,22587.6056906265
"2018-06-26 02:00:00",297,4293.59409848513,-7886.96170963349,16474.1499066037,-14334.9584603403,22922.1466573106
"2018-06-26 03:00:00",353,3204.59409848515,-8985.46212092063,15394.6503178909,-15438.488085571,21847.6762825413
"2018-06-26 04:00:00",887,2324.59409848515,-9874.95513375506,14524.1433307254,-16333.0063958447,20982.1945928149
"2018-06-26 05:00:00",2973,1714.59409848515,-10494.4407653947,13923.628962365,-16957.513417555,20386.7016145253
"2018-06-26 06:00:00",5381,1543.59409848515,-10674.9190330302,13762.1072300005,-17143.009176993,20230.1973739633
"2018-06-26 07:00:00",6350,1500.59409848515,-10727.3899537858,13728.5781507561,-17200.4937003477,20201.681897318
"2018-06-26 08:00:00",5756,563.594098485152,-11673.8535447194,12801.0417416897,-18151.967013707,19279.1552106773
"2018-06-26 09:00:00",4872,-81.4059015148455,-12328.309822823,12165.4980197933,-18811.429143058,18648.6173400283
"2018-06-26 10:00:00",4452,-454.405901514845,-12710.7588050231,11801.9470019934,-19198.8801142874,18290.0683112577
"2018-06-26 11:00:00",4713,-642.40590151485,-12908.2005081807,11623.388705151,-19401.3199531821,18116.5081501524
"2018-06-26 12:00:00",5083,-760.405901514849,-13035.6349490925,11514.8231460628,-19533.7486854302,18012.9368824005
"2018-06-26 13:00:00",4849,-741.405901514852,-13026.0621444903,11543.2503414606,-19529.1663366208,18046.3545335911
"2018-06-26 14:00:00",4905,-432.405901514864,-12726.4821110417,11861.670308012,-19234.5729322451,18369.7611292153
"2018-06-26 15:00:00",5875,130.594098485137,-12172.8948653509,12434.0830623212,-18685.9684976966,18947.1566946669
"2018-06-26 16:00:00",6765,844.594098485131,-11468.3004239582,13157.4886209285,-17986.3530582717,19675.541255242
"2018-06-26 17:00:00",6054,1677.59409848514,-10644.698803341,13999.8870003113,-17167.7266391705,20522.9148361408
"2018-06-26 18:00:00",4473,2376.59409848514,-9955.09001991391,14708.2782168842,-16483.0892654969,21236.2774624672
"2018-06-26 19:00:00",3316,2866.59409848513,-9474.47409002901,15207.6622869993,-16007.4409622593,21740.6291592295
"2018-06-26 20:00:00",2910,3450.59409848516,-8899.85102997624,15801.0392269466,-15437.7817543709,22338.9699513412
"2018-06-26 21:00:00",2674,3724.59409848516,-8635.22085598384,16084.4090529541,-15178.1116666507,22627.299863621
"2018-06-26 22:00:00",2083,3723.59409848517,-8645.58358421854,16092.7717811889,-15193.4307238236,22640.6189207939
"2018-06-26 23:00:00",1161,3651.59409848517,-8726.93923078594,16030.1274277563,-15279.738950521,22582.9271474913
"2018-06-27 00:00:00",678,3777.59409848518,-8610.28781173079,16165.4760087011,-15168.0363712812,22723.2245682515
"2018-06-27 01:00:00",411,3781.59409848518,-8615.62934303738,16178.8175400077,-15178.32301055,22741.5112075204
"2018-06-27 02:00:00",313,3681.59409848517,-8724.9638406298,16088.1520376001,-15292.5988926813,22655.7870896517
"2018-06-27 03:00:00",414,3298.59409848517,-9117.29132037227,15714.4795173426,-15689.8640419373,22287.0522389077
"2018-06-27 04:00:00",898,2308.59409848518,-10116.6117980695,14733.7999950399,-16694.1184824893,21311.3066794596
"2018-06-27 05:00:00",3151,1605.59409848518,-10828.9252894669,14040.1134864373,-17411.3622384176,20622.550435388
"2018-06-27 06:00:00",5883,2402.59409848519,-10041.2318102511,14846.4200072214,-16628.595333713,21433.7835306834
"2018-06-27 07:00:00",6414,2752.59409848518,-9700.53137604998,15205.7195730203,-16292.8177922763,21798.0059892467
"2018-06-27 08:00:00",5717,929.594098485178,-11532.8240024331,13392.0121994035,-18130.0296379191,19989.2178348895
"2018-06-27 09:00:00",5134,441.594098485194,-12030.1097049122,12913.2979018826,-18632.2308943644,19515.4190913348
"2018-06-27 10:00:00",4614,-483.405901514807,-12964.3884989411,11997.5766959115,-19571.4215852469,18604.6097822173
"2018-06-27 11:00:00",4964,-751.405901514802,-13241.6603999162,11738.8485968866,-19853.6017341133,18350.7899310837
"2018-06-27 12:00:00",5102,-865.405901514802,-13364.9254231771,11634.1136201475,-19981.7713644236,18250.959561394
"2018-06-27 13:00:00",4901,-825.405901514804,-13334.1835840063,11683.3717809767,-19955.9304995502,18305.1186965206
"2018-06-27 14:00:00",5036,-643.405901514792,-13161.4348976299,11874.6230946003,-19788.0791627796,18501.26735975
"2018-06-27 15:00:00",5867,-289.405901514799,-12816.6793792177,12237.8675761881,-19448.2173773118,18869.4055742822
"2018-06-27 16:00:00",6666,96.5940984852014,-12439.9170438837,12633.1052408541,-19076.3451662618,19269.5333632322
"2018-06-27 17:00:00",6095,946.594098485203,-11599.1479066861,13492.3361036565,-18240.4625526592,20133.6507496296
"2018-06-27 18:00:00",4563,1861.59409848521,-10693.3719826279,14416.5601795983,-17339.569559449,21062.7577564194
"2018-06-27 19:00:00",3497,2479.59409848522,-10084.5892866569,15043.7774836273,-16735.6662094918,21694.8544064623
"2018-06-27 20:00:00",3126,2901.59409848522,-9671.79983366614,15474.9880306366,-16327.7525255648,22130.9407225352
"2018-06-27 21:00:00",3116,3143.59409848521,-9439.00363849424,15726.1918354647,-16099.8285303615,22387.0167273319
"2018-06-27 22:00:00",2292,3196.59409848521,-9395.20071592552,15788.388912896,-16060.8942464926,22454.0824434631
"2018-06-27 23:00:00",1339,3190.59409848521,-9410.39108069032,15791.5792776607,-16080.9496964863,22462.1378934567
"2018-06-28 00:00:00",778,3412.5940984852,-9197.57474746536,16022.7629444358,-15872.9949027886,22698.183099759
"2018-06-28 01:00:00",457,3631.5940984852,-8987.75173087381,16250.9399278442,-15668.0298877637,22931.2180847341
"2018-06-28 02:00:00",309,3122.59409848519,-9505.92204548601,15751.1102424564,-16191.0546736951,22436.2428706655
"2018-06-28 03:00:00",365,2652.59409848519,-9985.08570581915,15290.2739027895,-16675.0692827849,21980.2574797553
"2018-06-28 04:00:00",921,1775.59409848518,-10871.2427263379,14422.4309233083,-17566.0737371549,21117.2619341253
"2018-06-28 05:00:00",3121,1160.59409848519,-11495.3931214547,13816.5813184251,-18195.0680588469,20516.2562558173
"2018-06-28 06:00:00",5691,799.594098485186,-11865.5369055298,13464.7251025002,-18570.0522698233,20169.2404667937
"2018-06-28 07:00:00",6264,210.59409848518,-12463.6740928718,12884.8622898422,-19173.0263919669,19594.2145889373
"2018-06-28 08:00:00",5683,-251.405901514796,-12934.8046977375,12431.9928947079,-19648.9904470818,19146.1786440522
"2018-06-28 09:00:00",4983,-643.405901514823,-13335.9287343327,12049.116931303,-20054.9444568938,18768.1326538641
"2018-06-28 10:00:00",4678,-782.405901514822,-13484.046216812,11919.2344137824,-20207.8884430506,18643.076640021
"2018-06-28 11:00:00",4866,-926.40590151482,-13637.1571592794,11784.3453562497,-20365.8224271222,18513.0106240926
"2018-06-28 12:00:00",5109,-779.405901514816,-13499.2615757882,11940.4497727586,-20232.7464306015,18673.9346275718
"2018-06-28 13:00:00",5011,-315.236392159482,-13072.0405763287,12441.5677920098,-19825.0847907891,19194.6120064701
"2018-06-28 14:00:00",5300,1657.38094170297,-11129.3573971545,14444.1192805605,-17898.247795911,21213.009679317
"2018-06-28 15:00:00",5945,4690.08236427463,-8118.63233146928,17498.7970600185,-14899.1563108298,24279.3210393791
"2018-06-28 16:00:00",6568,5027.71161229474,-7800.14953898311,17855.5727635726,-14590.8090396627,24646.2322642522
"2018-06-28 17:00:00",5930,4620.33956297299,-8223.73355612097,17464.412682067,-15022.975154157,24263.654280103
"2018-06-28 18:00:00",4668,3926.60641825841,-8931.57645543216,16784.789291949,-15738.2873063681,23591.5001428849
"2018-06-28 19:00:00",3794,3266.12869791995,-9604.97900579319,16137.2364016331,-16418.5318484495,22950.7892442894
"2018-06-28 20:00:00",3127,3350.15343285503,-9533.10326126678,16233.4101269768,-16353.0873909607,23053.3942566707
"2018-06-28 21:00:00",2908,3690.32410844272,-9204.57761251375,16585.2258293992,-16030.7262470443,23411.3744639297
"2018-06-28 22:00:00",2190,3677.18446292056,-9229.05399938821,16583.4229252293,-16061.2039422789,23415.5728681201
"2018-06-28 23:00:00",1475,3832.47101367375,-9084.90985798083,16749.8518853283,-15922.9582360816,23587.9002634291
"2018-06-29 00:00:00",841,4475.03432305193,-8453.36472595987,17403.4333720637,-15297.2457748285,24247.3144209323
"2018-06-29 01:00:00",510,5377.7675284198,-7561.57047379799,18317.1055306376,-14411.2422547021,25166.7773115417
"2018-06-29 02:00:00",385,5034.60433039087,-7915.62078341969,17984.8294442014,-14771.055853067,24840.2645138487
"2018-06-29 03:00:00",453,3157.50520581018,-9803.57186057651,16118.5822721969,-16664.7516069079,22979.7620185283
"2018-06-29 04:00:00",984,1746.44515417434,-11225.459008861,14718.3493172097,-18092.3702739432,21585.2605822919
"2018-06-29 05:00:00",2909,1267.4087846739,-11715.303894143,14250.1214634908,-18587.9368418591,21122.7544112069
"2018-06-29 06:00:00",5427,950.386813170563,-12043.1196101505,13943.8932364916,-18921.4664210587,20822.2400473999
"2018-06-29 07:00:00",6051,290.373561084397,-12713.9141585988,13294.6612807676,-19597.9682430507,20178.7153652195
"2018-06-29 08:00:00",5204,-225.634427341416,-13240.6924093382,12789.4235546554,-20130.4479262614,19679.1790715786
"2018-06-29 09:00:00",4842,-679.639237767473,-13705.4573098639,12346.178834329,-20600.9088744136,19241.6303988787
"2018-06-29 10:00:00",4626,-886.642131969383,-13923.2106506643,12149.9263867255,-20824.3531578793,19051.0688939405
"2018-06-29 11:00:00",5114,-1004.64387247775,-14051.9535214878,12042.6657765323,-20958.7820396256,18949.4942946701
"2018-06-29 12:00:00",5222,-874.644918650824,-13932.6865872141,12183.3967499125,-20845.1962933287,19095.9064560271
"2018-06-29 13:00:00",5236,-351.64554719025,-13420.4102567718,12717.1191623913,-20338.5963979139,19635.3053035334
"2018-06-29 14:00:00",5319,1700.35407529629,-11379.1247848355,14779.8329354281,-18302.9826546757,21703.6908052683
"2018-06-29 15:00:00",5903,4744.3538486151,-8345.83033306105,17834.5380302913,-15275.3552578058,24764.062955036
"2018-06-29 16:00:00",5902,5317.35371253548,-7783.52700711901,18418.23443219,-14718.7143370294,25353.4217621003
"2018-06-29 17:00:00",5314,4666.35363085972,-8445.21487898728,17777.9221407067,-15386.0599832652,24718.7672449846
"2018-06-29 18:00:00",4798,4381.35358184478,-8740.89400035355,17503.6011640431,-15687.3922640526,24450.0994277422
"2018-06-29 19:00:00",3705,3348.35355243401,-9784.56441068244,16481.2715155505,-16736.7112328359,23433.4183377039
"2018-06-29 20:00:00",3340,3515.35353478826,-9628.22614206442,16658.9332116409,-16586.0169345433,23616.7240041198
"2018-06-29 21:00:00",3247,3765.35352420214,-9388.87922212849,16919.5862705328,-16352.3094089389,23883.0164573431
"2018-06-29 22:00:00",2781,3686.35351785172,-9478.52367579227,16851.2307114957,-16447.5886926359,23820.2957283394
"2018-06-29 23:00:00",2465,3977.35351404245,-9198.15952631233,17152.8665543972,-16172.8548203053,24127.5618483902
"2018-06-30 00:00:00",1423,4664.35351175758,-8521.78679591543,17850.4938194306,-15502.1078254016,24830.8148489167
"2018-06-30 01:00:00",869,5761.35351038713,-7435.40550617711,18958.1125269514,-14421.3477405989,25944.0547613732
"2018-06-30 02:00:00",617,4811.35350956516,-8396.01567824946,18018.7226973798,-15387.5745980528,25010.2816171832
"2018-06-30 03:00:00",429,2717.35350907218,-10500.6173329973,15935.3243511416,-17497.7884295571,22932.4954477015
"2018-06-30 04:00:00",429,1713.35350877652,-11515.210491081,14941.9175086341,-18517.9892666395,21944.6962841926
"2018-06-30 05:00:00",822,1701.35350859919,-11537.7951730053,14940.5021902037,-18546.1771406174,21948.8841578157
"2018-06-30 06:00:00",1489,2523.35350849284,-10726.3713991496,15773.0784161353,-17740.3520826332,22787.0590996189
"2018-06-30 07:00:00",2048,1709.35350842908,-11550.9391897858,14969.646206644,-18570.5141236753,21989.2211405335
"2018-06-30 08:00:00",2840,-2.64649160916952,-13273.4985650896,13268.2055818712,-20298.6632945905,20293.3703113722
"2018-06-30 09:00:00",3627,-540.646491632112,-13822.0495451468,12740.7565618826,-20852.7996260922,19771.506642828
"2018-06-30 10:00:00",3922,-751.646491645866,-14043.592149958,12540.2991666663,-21079.9231487654,19576.6301654737
"2018-06-30 11:00:00",4253,-880.646491654113,-14183.1263994413,12421.8334161331,-21225.0338930701,19463.7409097619
"2018-06-30 12:00:00",4776,-833.646491659065,-14146.6523134336,12479.3593301155,-21194.1318893432,19526.8389060251
"2018-06-30 13:00:00",4675,-306.646491662042,-13630.1699116927,13016.8769283686,-20683.2171678009,20069.9241844768
"2018-06-30 14:00:00",4533,1735.35350833618,-11598.6792138974,15069.3862305698,-18657.289758539,22127.9967752113
"2018-06-30 15:00:00",4425,4441.35350833512,-8903.1802396487,17785.8872563189,-15967.3496915342,24850.0567082044
"2018-06-30 16:00:00",4707,4843.35350833448,-8511.67300847027,18198.3800251392,-15581.3969966453,25268.1040133143
"2018-06-30 17:00:00",4469,4923.35350833409,-8442.157539809,18288.8645564772,-15517.4317036137,25364.1387202819
"2018-06-30 18:00:00",3871,4115.35350833386,-9260.63385303529,17491.340869703,-16341.4538420638,24572.1608587316
"2018-06-30 19:00:00",3247,3410.35350833373,-9976.10196744409,16796.8089841115,-17062.4634415047,23883.1704581722
"2018-06-30 20:00:00",2936,3557.35350833365,-9839.56190225454,16954.2689189218,-16931.4605313295,24046.1675479968
"2018-06-30 21:00:00",2700,3684.3535083336,-9723.01367661089,17091.7206932781,-16820.4451408167,24189.1521574839
"2018-06-30 22:00:00",2760,3784.35350833356,-9633.45730958298,17202.1643262501,-16736.4172991312,24305.1243157983
"2018-06-30 23:00:00",2017,3632.35350833353,-9795.89282016634,17060.5998368334,-16904.377035324,24169.0840519911
"2018-07-01 00:00:00",1314,4104.35350833351,-9334.32022728274,17543.0272439498,-16448.3243783336,24657.0313950007
"2018-07-01 01:00:00",848,5097.35350833351,-8351.73954978068,18546.4465664477,-15471.2593569863,25665.9663736534
"2018-07-01 02:00:00",703,4634.3535083335,-8825.15080643561,18093.8578231026,-15950.1819999966,25218.8890166636
"2018-07-01 03:00:00",419,3073.35350833349,-10396.5540159504,16543.2610326173,-17527.0923359681,23673.799352635
"2018-07-01 04:00:00",372,1821.3535083335,-11658.9491969559,15301.6562136229,-18794.9903933942,22437.6974100612
"2018-07-01 05:00:00",529,1480.35350833349,-12010.336368011,14971.043384678,-19151.8762006583,22112.5832173253
"2018-07-01 06:00:00",979,980.353508333495,-12520.7155476034,14481.4225642703,-19667.7497860349,21628.4568027019
"2018-07-01 07:00:00",1237,489.353508333504,-13022.0867541496,14000.7937708166,-20174.6111776896,21153.3181943566
"2018-07-01 08:00:00",1682,-155.646491666499,-13677.4500059955,13366.1570226625,-20835.4604036801,20524.1674203471
"2018-07-01 09:00:00",2495,-612.646491666492,-14144.8053214169,12919.5123380839,-21308.2974919566,20083.0045086236
"2018-07-01 10:00:00",2924,-861.646491666493,-14404.1527186196,12680.8597352867,-21573.1224703627,19849.8294870298
"2018-07-01 11:00:00",3323,-969.646491666493,-14522.49221574,12583.199232407,-21696.9353666355,19757.6423833025
"2018-07-01 12:00:00",3696,-840.646491666491,-14403.8238308451,12722.5308475121,-21583.7362084062,19902.4432250732
"2018-07-01 13:00:00",4084,-403.646491666491,-13977.1475819335,13169.8545986005,-21162.5250232012,20355.2320398682
"2018-07-01 14:00:00",4187,1690.35350833351,-11893.4634869353,15274.1705036023,-19084.3018384422,22465.0088551092
"2018-07-01 15:00:00",4365,4450.35350833351,-9143.77156371234,18044.4785803793,-16340.0666814466,25240.7736981136
"2018-07-01 16:00:00",4380,5034.3535083335,-8570.07183005908,18638.7788467261,-15771.8195794287,25840.5265960957
"2018-07-01 17:00:00",4049,4771.3535083335,-8843.36430370235,18386.0713203694,-16050.5605594993,25593.2675761663
"2018-07-01 18:00:00",3680,4264.3535083335,-9360.64900230257,17889.3560189696,-16573.2896486676,25101.9966653346
"2018-07-01 19:00:00",3404,3382.3535083335,-10252.925943453,17017.63296012,-17471.0068738403,24235.7138905073
"2018-07-01 20:00:00",3018,3686.3535083335,-9959.19514468092,17331.9021613479,-17182.712261823,24555.41927849
"2018-07-01 21:00:00",2640,3842.3535083335,-9813.45662344768,17498.1636401147,-17042.4058393205,24727.1128559876
"2018-07-01 22:00:00",2152,4031.35350833349,-9634.71039714889,17697.4174138159,-16869.0876329372,24931.7946496042
"2018-07-01 23:00:00",3078,4204.35350833348,-9471.95648311529,17880.6634997823,-16711.7576691781,25120.4646858451
"2018-07-02 00:00:00",1043,4763.35350833349,-8923.19489861235,18449.9019152793,-16168.4159744484,25695.1229911154
"2018-07-02 01:00:00",523,5551.35350833348,-8145.42566084143,19248.1326775084,-15396.0625750555,26498.7695917224
"2018-07-02 02:00:00",425,5264.35350833348,-8442.64878693948,18971.3558036064,-15698.6974972079,26227.4045138749
"2018-07-02 03:00:00",398,3824.35350833349,-9892.86429397934,17541.5713106463,-17154.3207670163,24803.0277836833
"2018-07-02 04:00:00",896,2111.35350833352,-11616.0721989708,15838.7792156379,-18882.9324104951,23105.6394271622
"2018-07-02 05:00:00",2931,1622.35350833353,-12115.2725188603,15359.9795355273,-19387.5324535614,22632.2394702284
"2018-07-02 06:00:00",5305,1870.35350833353,-11877.4652705311,15618.1722871982,-19155.1209220361,22895.8279387032
"2018-07-02 07:00:00",5936,1188.35350833353,-12569.6504708045,14946.3574874716,-19852.697841645,22229.404858312
"2018-07-02 08:00:00",4859,112.353508333532,-13655.8281364389,13880.535153106,-20944.263238018,21168.9702546851
"2018-07-02 09:00:00",4473,-455.646491666462,-14233.9982841313,13322.7053007984,-21527.8171366909,20616.524153358
"2018-07-02 10:00:00",4172,-791.646491666457,-14580.1609305172,12996.8679471842,-21879.3595631054,20296.0665797725
"2018-07-02 11:00:00",4498,-869.64649166645,-14668.3160921702,12929.0231088373,-21972.8905426088,20233.5975592759
"2018-07-02 12:00:00",4617,-779.646491666452,-14588.4637856036,13029.1708022707,-21898.410100456,20339.1171171231
"2018-07-02 13:00:00",4667,-381.646491666451,-14200.6040272699,13437.311043937,-21515.9182618089,20752.625278476
"2018-07-02 14:00:00",4728,1491.35350833355,-12337.736833561,15320.4438502281,-19658.4150517367,22641.1220684038
"2018-07-02 15:00:00",5115,4300.35350833356,-9538.86222080921,18139.5692374763,-16864.9004952175,25465.6075118847
"2018-07-02 16:00:00",5853,5370.35350833355,-8478.98020528693,19219.687221954,-15810.3746171379,26551.081633805
"2018-07-02 17:00:00",5241,4560.35350833355,-9299.09080320716,18419.7978198743,-16635.8374422934,25756.5444589605
"2018-07-02 18:00:00",3922,3862.35350833355,-10007.1940307237,17731.9010473908,-17349.2889953892,25073.9960120563
"2018-07-02 19:00:00",3183,3439.35350833357,-10440.2899039318,17318.9969205989,-17787.7293010409,24666.436317708
"2018-07-02 20:00:00",2792,3753.35350833358,-10136.378438868,17643.0854555352,-17489.1583837742,24995.8654004414
"2018-07-02 21:00:00",2552,4179.35350833357,-9720.45965151086,18079.166668178,-17078.5762680261,25437.2832846933
"2018-07-02 22:00:00",2118,4260.35350833357,-9649.53355778088,18170.240574448,-17012.9829781451,25533.6899948123
"2018-07-02 23:00:00",1461,4340.35350833356,-9579.60017354092,18260.307190208,-16948.3785383912,25629.0855550584
"2018-07-03 00:00:00",722,4636.35350833355,-9293.65951459653,18566.3665312636,-16667.7629729371,25940.4699896042
"2018-07-03 01:00:00",455,3862.3535083336,-10077.7115966964,17802.4186133636,-17457.1363058681,25181.8433225353
"2018-07-03 02:00:00",340,4182.35350833363,-9767.75643553226,18132.4634521995,-17152.4985611828,25517.2055778501
"2018-07-03 03:00:00",391,3093.35350833366,-10866.7940467397,17053.501063407,-18256.8497627936,24443.5567794609
"2018-07-03 04:00:00",863,2213.35350833366,-11756.8244458977,16183.531462565,-19152.1899345267,23578.896951194
"2018-07-03 05:00:00",2836,1603.35350833366,-12376.8476485297,15583.554665197,-19777.519100123,22984.2261167904
"2018-07-03 06:00:00",5264,1432.35350833366,-12557.8636701034,15422.5706867707,-19963.8372832384,22828.5442999057
"2018-07-03 07:00:00",5737,1389.35350833366,-12610.8725260312,15389.5795426985,-20022.1445074441,22800.8515241114
"2018-07-03 08:00:00",5017,452.353508333661,-13557.8742316703,14462.5812483377,-20974.440796227,21879.1478128943
"2018-07-03 09:00:00",4373,-192.646491666337,-14212.8688023236,13827.5758189909,-21634.7261729905,21249.4331896579
"2018-07-03 10:00:00",4099,-565.646491666336,-14595.8562532388,13464.5632699061,-22023.0006610544,20891.7076777218
"2018-07-03 11:00:00",4415,-753.646491666341,-14793.8365996098,13286.5436162771,-22226.2642836556,20718.971300323
"2018-07-03 12:00:00",4775,-871.64649166634,-14921.8098565767,13178.516873244,-22359.5170639488,20616.2240806161
"2018-07-03 13:00:00",4799,-852.646491666344,-14912.7760392253,13207.4830558926,-22355.7590250058,20650.4660416731
"2018-07-03 14:00:00",4968,-543.646491666355,-14613.7351625885,13526.4421792558,-22061.9901898175,20974.6972064848
"2018-07-03 15:00:00",5526,19.3535083336458,-14060.6872416459,14099.3942583132,-21514.2105812931,21552.9175979604
"2018-07-03 16:00:00",6135,733.35350833364,-13356.632291324,14823.3393079913,-20815.4202222609,22282.1272389282
"2018-07-03 17:00:00",5092,1566.35350833364,-12533.5703264971,15666.2773431643,-19997.6191354689,23130.3261521362
"2018-07-03 18:00:00",4313,2265.35350833365,-11844.5013619866,16375.2083786538,-19313.8073435846,23844.5143602519
"2018-07-03 19:00:00",3308,2755.35350833364,-11364.4254125621,16875.1324292294,-18838.9848691964,24349.6918858637
"2018-07-03 20:00:00",3055,3339.35350833367,-10790.3424929412,17469.0495096085,-18270.1517348126,24948.8587514799
"2018-07-03 21:00:00",2700,3613.35350833366,-10526.25261779,17752.9596344573,-18011.3079628631,25238.0149795305
"2018-07-03 22:00:00",2176,3612.35350833368,-10537.1558017232,17761.8628183906,-18027.4535756994,25252.1605923667
"2018-07-03 23:00:00",1741,3540.35350833368,-10619.0520593043,17699.7590759717,-18114.5885955942,25195.2956122615
"2018-07-04 00:00:00",1021,3666.35350833368,-10502.9414050461,17835.6484217134,-18003.7130447428,25336.4200614102
"2018-07-04 01:00:00",605,3670.35350833369,-10508.8238534106,17849.530870078,-18014.8269452634,25355.5339619308
"2018-07-04 02:00:00",573,3570.35350833368,-10618.6994188096,17759.406435477,-18129.9303191965,25270.6373358639
"2018-07-04 03:00:00",353,3187.35350833367,-11011.5681156048,17386.2751322721,-18528.0231885066,24902.7302051739
"2018-07-04 04:00:00",354,2197.35350833369,-12011.4299581077,16406.1369747751,-19533.1055750813,23927.8125917487
"2018-07-04 05:00:00",698,1494.35350833369,-12724.2849605806,15712.991977248,-20251.1775007328,23239.8845174002
"2018-07-04 06:00:00",1141,2291.35350833369,-11937.1331372362,16519.8401539036,-19469.2389871975,24051.9460038649
"2018-07-04 07:00:00",1128,2641.35350833369,-11596.9745022381,16879.6815189054,-19134.2900561369,24416.9970728043
"2018-07-04 08:00:00",1275,818.353508333686,-13429.8090697009,15066.5160863682,-20972.3307291374,22609.0377458047
"2018-07-04 09:00:00",1687,330.353508333701,-13927.6368536906,14588.343870358,-21475.3610277111,22136.0680443785
"2018-07-04 10:00:00",1920,-594.646491666299,-14862.4578682247,13673.1648848921,-22415.3809732958,21226.0879899632
"2018-07-04 11:00:00",2603,-862.646491666294,-15140.2721272725,13414.97914394,-22698.3905872558,20973.0976039232
"2018-07-04 12:00:00",2761,-976.646491666294,-15264.0796447555,13310.7866614229,-22827.3898908821,20874.0969075495
"2018-07-04 13:00:00",2929,-936.646491666296,-15233.8804345472,13360.5874512146,-22802.3789053924,20929.0859220599
"2018-07-04 14:00:00",3318,-754.646491666284,-15061.6745104737,13552.3815271411,-22635.3576519321,21126.0646685995
"2018-07-04 15:00:00",3070,-400.646491666291,-14717.4618863135,13916.168902981,-22296.3261515735,21495.0331682409
"2018-07-04 16:00:00",3224,-14.6464916662907,-14341.2425757988,14311.9495924662,-21925.284425318,21895.9914419855
"2018-07-04 17:00:00",3045,835.353508333711,-13501.0165926142,15171.7236092816,-21090.2324940946,22760.939510762
"2018-07-04 18:00:00",2664,1750.35350833372,-12595.783950398,16096.4909670655,-20190.1703787612,23690.8773954287
"2018-07-04 19:00:00",2596,2368.35350833372,-11987.5446627421,16724.2516794096,-19587.0981001048,24323.8051167722
"2018-07-04 20:00:00",2503,2790.35350833373,-11575.2987431921,17156.0057598596,-19180.0156788416,24760.7226955091
"2018-07-04 21:00:00",2582,3032.35350833372,-11343.0462052479,17407.7532219154,-18952.9231356179,25017.6301522854
"2018-07-04 22:00:00",2030,3085.35350833372,-11299.7870623634,17470.4940790308,-18914.8204910098,25085.5275076772
"2018-07-04 23:00:00",1936,3079.35350833372,-11315.521327947,17474.2283446144,-18935.7077655235,25094.4147821909
"2018-07-05 00:00:00",971,3301.35350833371,-11103.249015362,17705.9560320294,-18728.5849795966,25331.291996264
"2018-07-05 01:00:00",476,3520.35350833371,-10893.9701379263,17934.6771545937,-18524.4521535969,25565.1591702643
"2018-07-05 02:00:00",317,3011.3535083337,-11412.6847089133,17435.3917255807,-19048.3093078245,25071.0163244919
"2018-07-05 03:00:00",338,2541.3535083337,-11892.3927415515,16975.0997582189,-19533.1564625103,24615.8634791777
"2018-07-05 04:00:00",754,1664.35350833369,-12779.0942490249,16107.8012656923,-20424.9936378178,23753.7006544852
"2018-07-05 05:00:00",2412,1049.35350833369,-13403.7892444733,15502.4962611407,-21054.8208538426,23153.52787051
"2018-07-05 06:00:00",4500,688.353508333694,-13774.4777409927,15151.18475766,-21430.638130613,22807.3451472804
"2018-07-05 07:00:00",4966,99.3535083336878,-14373.1597516348,14571.8667683022,-22034.4454880902,22233.1525047576
"2018-07-05 08:00:00",4440,-362.646491666288,-14844.835289408,14119.5423060754,-22511.2429461687,21785.9499628361
"2018-07-05 09:00:00",4205,-754.646491666315,-15246.5043672772,13737.2113839446,-22918.0305246766,21408.7375413439
"2018-07-05 10:00:00",4154,-893.646491666314,-15395.1669981642,13607.8740148316,-23071.808243376,21284.5152600433
"2018-07-05 11:00:00",4201,-1037.64649166631,-15548.8231949475,13473.5302116149,-23230.5761219629,21155.2831386303
"2018-07-05 12:00:00",4416,-890.646491666308,-15411.472970463,13630.1799871304,-23098.3341800683,21317.0411967356
"2018-07-05 13:00:00",4491,-426.476982310973,-14982.9673168488,14130.0133522269,-22688.7078312706,21835.7538666487
"2018-07-05 14:00:00",4708,1546.14035155148,-13039.5547421291,16131.8354452321,-20760.755322169,23853.036025272
"2018-07-05 15:00:00",5066,4578.84177412314,-10028.6729915345,19186.3565397808,-17761.4242081977,26919.107756444
"2018-07-05 16:00:00",5908,4916.47102214325,-9710.21949833128,19543.1615426178,-17453.1217464169,27286.0637907034
"2018-07-05 17:00:00",5223,4509.0989728215,-10134.0109336286,19152.2088792716,-17885.6050796118,26903.8030252548
"2018-07-05 18:00:00",4115,3815.36582810691,-10842.1779319763,18472.9095881901,-18601.4128985257,26232.1445547395
"2018-07-05 19:00:00",3099,3154.88810776846,-11515.9655475079,17825.7417630449,-19282.2463469659,25592.0225625028
"2018-07-05 20:00:00",2713,3238.91284270354,-11444.5125920129,17922.33827742,-19217.4484895023,25695.2741749094
"2018-07-05 21:00:00",2633,3579.08351829123,-11116.4332080376,18274.6002446201,-18895.7698486669,26053.9368852493
"2018-07-05 22:00:00",2002,3565.94387276907,-11141.3697938637,18273.2575394019,-18926.9513574626,26058.8391030007
"2018-07-05 23:00:00",1287,3721.23042352226,-10997.6944577735,18440.155304818,-18789.4226271264,26231.8834741709
"2018-07-06 00:00:00",743,4363.79373290043,-10366.6235565165,19094.2110223174,-18164.4354392394,26892.0229050402
"2018-07-06 01:00:00",435,5266.52693826831,-9475.30696140756,20008.3608379442,-17279.1624325359,27812.2163090725
"2018-07-06 02:00:00",372,4923.36374023938,-9829.83715385979,19676.5646343385,-17639.7099483567,27486.4374288354
"2018-07-06 03:00:00",343,3046.26461565869,-11718.2696141565,17810.7988454739,-19534.1419141787,25626.6711454961
"2018-07-06 04:00:00",752,1635.20456402285,-13140.6392000487,16411.0483280944,-20962.4984058645,24232.9075339102
"2018-07-06 05:00:00",2453,1156.16819452241,-13630.9673064012,15943.303695446,-21458.8039966339,23771.1403856787
"2018-07-06 06:00:00",4489,839.146223019073,-13959.2668622799,15637.559308318,-21793.0735450608,23471.3659910989
"2018-07-06 07:00:00",5069,179.132970932907,-14630.5457685829,14988.8117104487,-22470.3161284677,22828.5820703335
"2018-07-06 08:00:00",4489,-336.875017492906,-15157.8088332606,14484.0587982748,-23003.5372706128,22329.787235627
"2018-07-06 09:00:00",4305,-790.879827918963,-15623.0589654926,14041.2993096547,-23474.7403166204,21892.9806607825
"2018-07-06 10:00:00",4215,-997.882722120874,-15841.2979316519,13845.5324874101,-23698.9272999813,21703.1618557395
"2018-07-06 11:00:00",4547,-1115.88446262924,-15970.5268059492,13738.7578806907,-23834.0994598997,21602.3305346412
"2018-07-06 12:00:00",4684,-985.885508802315,-15851.7462429029,13879.9752252983,-23721.2575542055,21749.4865366008
"2018-07-06 13:00:00",4594,-462.886137341741,-15339.9566441978,14414.1843695143,-23215.4020507454,22289.6297760619
"2018-07-06 14:00:00",4818,1589.1134851448,-13299.1582591449,16477.3852294346,-21180.5332426112,24358.7602129008
"2018-07-06 15:00:00",5182,4633.11325846361,-10266.351245173,19532.5777621003,-18153.6513175299,27419.8778344571
"2018-07-06 16:00:00",5353,5206.11312238399,-9704.53570441374,20116.7619491817,-17597.7563998142,28009.9826445822
"2018-07-06 17:00:00",4822,4555.11304070824,-10366.7117057255,19476.937787142,-18265.8485756121,27376.0746570286
"2018-07-06 18:00:00",4089,4270.1129916933,-10662.8792979344,19203.105281321,-18567.9279080866,27108.1538914732
"2018-07-06 19:00:00",3390,3237.11296228252,-11707.0385178047,18181.2644423698,-19617.994446552,26092.2203711171
"2018-07-06 20:00:00",2966,3404.11294463677,-11551.1893948294,18359.415284103,-19468.0482319642,26276.2741212377
"2018-07-06 21:00:00",2903,3654.11293405065,-11312.3319541081,18620.5578222094,-19235.0893002186,26543.3151683199
"2018-07-06 22:00:00",2533,3575.11292770023,-11402.466218076,18552.6920734765,-19331.1176841323,26481.3435395328
"2018-07-06 23:00:00",2227,3866.11292389096,-11122.592207542,18854.8180553239,-19057.1334146325,26789.3592624144
"2018-07-07 00:00:00",1233,4553.11292160609,-10446.7099423119,19552.935785524,-18387.1365214714,27493.3623646836
"2018-07-07 01:00:00",689,5650.11292023564,-9360.81944156239,20661.0452820337,-17307.1270336545,28607.3528741257
"2018-07-07 02:00:00",604,4700.11291941367,-10321.9207240667,19722.1465628941,-18274.104979699,27674.3308185263
"2018-07-07 03:00:00",382,2606.11291892069,-12427.0138083282,17639.2396461696,-20385.0703877872,25597.2962256286
"2018-07-07 04:00:00",429,1602.11291862504,-13442.0987126628,16646.3245499129,-21406.0232858612,24610.2491231113
"2018-07-07 05:00:00",769,1590.1129184477,-13465.1754552464,16645.4012921418,-21434.9637016769,24615.1895385723
"2018-07-07 06:00:00",1246,2412.11291834136,-12654.2440541455,17478.4698908282,-20629.8916628395,25454.1174995222
"2018-07-07 07:00:00",1710,1598.11291827759,-13479.3045273342,16675.5303638893,-21460.8071968229,24657.0330333781
"2018-07-07 08:00:00",2428,-113.887081760658,-15202.3568927052,14974.5827291839,-23189.7103309828,22961.9361674615
"2018-07-07 09:00:00",3029,-651.8870817836,-15751.4011680766,14447.6270045094,-23744.601092564,22440.8269289968
"2018-07-07 10:00:00",3386,-862.887081797355,-15973.4373711954,14247.6632076007,-23972.4795087053,22246.7053451106
"2018-07-07 11:00:00",4045,-991.887081805602,-16113.4655197412,14129.69135613,-24118.345606443,22134.5714428318
"2018-07-07 12:00:00",4160,-944.887081810553,-16077.4856313264,14187.7114677053,-24088.1994127117,22198.4252490906
"2018-07-07 13:00:00",4118,-417.887081813531,-15561.4977234986,14725.7235598715,-23578.0409543478,22742.2667907208
"2018-07-07 14:00:00",3992,1624.11291818469,-13530.5018137408,16778.7276501102,-21552.8702580887,24801.0960944581
"2018-07-07 15:00:00",4022,4330.11291818363,-10835.4979194721,19495.7237558393,-18863.6873505743,27523.9131869416
"2018-07-07 16:00:00",4289,4732.11291818299,-10444.4860580483,19908.7118944143,-18478.4922583479,27942.7180947138
"2018-07-07 17:00:00",4085,4812.1129181826,-10375.4662467622,19999.6920831274,-18415.2850078564,28039.5108442216
"2018-07-07 18:00:00",3986,4004.11291818237,-11194.4385028439,19202.6643392086,-19240.065625451,27248.2914618157
"2018-07-07 19:00:00",3416,3299.11291818224,-11910.4028434618,18508.6286798263,-19961.8341373884,26560.0599737528
"2018-07-07 20:00:00",3191,3446.11291818216,-11774.3592857218,18666.5851220862,-19831.5905698299,26723.8164061942
"2018-07-07 21:00:00",3616,3573.11291818211,-11658.3078466687,18804.533683033,-19721.334948843,26867.5607852073
"2018-07-07 22:00:00",3055,3673.11291818207,-11569.2485432859,18915.47437965,-19638.0673004018,26984.2931367659
"2018-07-07 23:00:00",2246,3521.11291818204,-11732.1813924959,18774.40722886,-19806.787650387,26849.0134867511
"2018-07-08 00:00:00",1423,3993.11291818202,-11271.1064111606,19257.3322475246,-19351.4960245866,27337.7218609506
"2018-07-08 01:00:00",786,4986.11291818202,-10289.0236160815,20261.2494524455,-18375.1924486964,28347.4182850604
"2018-07-08 02:00:00",693,4523.11291818201,-10762.9330240003,19809.1588603643,-18854.8769483204,27901.1027846844
"2018-07-08 03:00:00",357,2962.11291818201,-12334.8346515988,18259.0604879628,-20432.5495489713,26356.7753853353
"2018-07-08 04:00:00",327,1710.11291818201,-13597.7285154996,17017.9543518636,-21701.2102760712,25121.4361124353
"2018-07-08 05:00:00",476,1369.112918182,-13949.6146322659,16687.8404686299,-22058.8591549515,24797.0849913155
"2018-07-08 06:00:00",876,869.112918182008,-14460.4930184026,16198.7188547666,-22575.4962108539,24313.7220472179
"2018-07-08 07:00:00",1084,378.112918182016,-14962.3636903555,15718.5895267196,-23083.1214689304,23839.3473052944
"2018-07-08 08:00:00",1920,-266.887081817986,-15618.2266645124,15084.4525008765,-23744.7349542438,23210.9607906078
"2018-07-08 09:00:00",2584,-723.887081817979,-16086.0819572033,14638.3077935674,-24218.3366917687,22770.5625281327
"2018-07-08 10:00:00",3236,-972.887081817981,-16345.9295847005,14400.1554210645,-24483.9267063914,22538.1525427554
"2018-07-08 11:00:00",3837,-1080.88708181798,-16464.7695632187,14302.9953995827,-24608.5050229103,22446.7308592743
"2018-07-08 12:00:00",4075,-951.887081817979,-16346.6019089157,14442.8277452798,-24496.0716660365,22592.2975024006
"2018-07-08 13:00:00",4211,-514.887081817978,-15920.4266378925,14890.6524742565,-24075.6266603944,23045.8524967584
"2018-07-08 14:00:00",4470,1579.11291818202,-13837.2437661937,16995.4696025577,-21998.170030522,25156.395866886
"2018-07-08 15:00:00",4397,4339.11291818202,-11088.0533098071,19766.2791461712,-19254.7018008708,27932.9276372348
"2018-07-08 16:00:00",4514,4923.11291818201,-10514.8552846653,20361.0811210294,-18687.2219958073,28533.4478321713
"2018-07-08 17:00:00",4297,4660.11291818201,-10788.6497066445,20108.8755430085,-18966.7306396121,28286.9564759761
"2018-07-08 18:00:00",3953,4153.11291818202,-11306.4365915661,19612.6624279301,-19490.2277564821,27796.4535928461
"2018-07-08 19:00:00",3969,3271.11291818201,-12199.2159551958,18741.4417915598,-20388.7133705288,26930.9392068928
"2018-07-08 20:00:00",3571,3575.11291818201,-11905.9878132448,19056.2136496088,-20101.1875057804,27251.4133421444
"2018-07-08 21:00:00",2948,3731.11291818201,-11760.7521813695,19222.9780177335,-19961.6501861811,27423.8760225452
"2018-07-08 22:00:00",2039,3920.11291818201,-11582.5090751718,19422.7349115358,-19789.1014355923,27629.3272719563
"2018-07-08 23:00:00",1339,4093.112918182,-11420.2585101998,19606.4843465638,-19632.5412777926,27818.7671141566
"2018-07-09 00:00:00",676,4652.112918182,-10872.0005019475,20176.2263383115,-19089.969736478,28394.195572842
"2018-07-09 01:00:00",423,5440.11291818199,-10094.7350658557,20974.9609022197,-18318.3868352631,29198.6126716271
"2018-07-09 02:00:00",320,5153.112918182,-10392.4622173117,20698.6880536757,-18621.7925976809,28928.0184340449
"2018-07-09 03:00:00",348,3713.112918182,-11843.1819716493,19269.4078080133,-20078.1870471824,27504.4128835464
"2018-07-09 04:00:00",903,2000.11291818203,-13566.8943441503,17567.1201805144,-21807.5702071389,25807.796043503
"2018-07-09 05:00:00",2977,1511.11291818204,-14066.5993500435,17088.8251864076,-22312.9421008411,25335.1679372051
"2018-07-09 06:00:00",5679,1759.11291818204,-13829.2970045053,17347.5228408694,-22081.3027514992,25599.5285878633
"2018-07-09 07:00:00",6178,1077.11291818204,-14521.9873226606,16676.2131590247,-22779.6521822447,24933.8780186087
"2018-07-09 08:00:00",5656,1.11291818204199,-15608.6703195817,15610.8961559458,-23871.9904161288,23874.2162524929
"2018-07-09 09:00:00",4586,-566.887081817953,-16187.3460102901,15053.5718466542,-24456.3174761246,23322.5433124887
"2018-07-09 10:00:00",4266,-902.887081817948,-16534.0144097557,14728.2402461198,-24808.6333851271,23002.8592214912
"2018-07-09 11:00:00",4448,-980.88708181794,-16622.6755328972,14660.9013692614,-24902.9381659521,22941.1640023162
"2018-07-09 12:00:00",4689,-890.887081817943,-16543.3293945828,14761.5552309469,-24829.2318413385,23047.4576777026
"2018-07-09 13:00:00",4621,-492.887081817941,-16155.97600963,15170.2018459941,-24447.514433948,23461.7402703121
"2018-07-09 14:00:00",4836,1380.11291818206,-14293.6153928058,17053.84122917,-22590.7859663646,25351.0118027287
"2018-07-09 15:00:00",5429,4189.11291818207,-11495.2475588275,19873.4733951916,-19798.0464610964,28176.2722974605
"2018-07-09 16:00:00",6311,5259.11291818206,-10435.8725223621,20954.0983587262,-18744.2959405749,29262.521776939
"2018-07-09 17:00:00",5805,4449.11291818206,-11256.4902980275,20154.7161343916,-19570.5344271559,28468.76026352
"2018-07-09 18:00:00",4290,3751.11291818206,-11965.1009003915,19467.3267367557,-20284.7619431194,27786.9877794835
"2018-07-09 19:00:00",3240,3328.11291818208,-12398.7043439737,19054.9301803379,-20723.9785106707,27380.2043470349
"2018-07-09 20:00:00",2861,3642.11291818209,-12095.3006432439,19379.5264796081,-20426.1841519398,27710.4099883039
"2018-07-09 21:00:00",2633,4068.11291818208,-11679.8898126238,19816.115648988,-20016.3788889826,28152.6047253467
"2018-07-09 22:00:00",2071,4149.11291818208,-11609.4718664865,19907.6977028507,-19951.5627437809,28249.7885801451
"2018-07-09 23:00:00",1189,4229.11291818207,-11540.0468191566,19998.2726555208,-19887.7357382424,28345.9615746065
"2018-07-10 00:00:00",688,4525.11291818206,-11254.614684911,20304.8405212751,-19607.8978942015,28658.1237305657
"2018-07-10 01:00:00",389,3751.11291818211,-12039.1754779788,19541.4013143431,-20398.04923342,27900.2750697843
"2018-07-10 02:00:00",295,4071.11291818214,-11729.7292125414,19871.9550489057,-20094.1897775864,28236.4156139507
"2018-07-10 03:00:00",364,2982.11291818217,-12829.2759027332,18793.5017390975,-21199.3195483172,27163.5453846816
"2018-07-10 04:00:00",898,2102.11291818217,-13719.8155626409,17924.0413990053,-22095.4385671565,26299.6644035208
"2018-07-10 05:00:00",3137,1492.11291818217,-14340.348206305,17324.5740426693,-22721.5468555769,25705.7726919413
"2018-07-10 06:00:00",5886,1321.11291818217,-14521.8738477187,17164.0996840831,-22908.6444349798,25550.8702713441
"2018-07-10 07:00:00",6134,1278.11291818217,-14575.3925008293,17131.6183371937,-22967.7313266952,25523.9571630595
"2018-07-10 08:00:00",5786,341.11291818217,-15522.9041795375,16205.1300159018,-23920.8075519825,24603.0333883468
"2018-07-10 09:00:00",4843,-303.887081817828,-16178.4088976981,15570.6347340624,-24581.873132031,23974.0989683953
"2018-07-10 10:00:00",4442,-676.887081817827,-16561.90666912,15208.1325054843,-24970.9280879594,23617.1539243238
"2018-07-10 11:00:00",4586,-864.887081817832,-16760.3975075666,15030.6233439309,-25174.9724408172,23445.1982771815
"2018-07-10 12:00:00",4865,-982.887081817832,-16888.881426756,14923.1072631204,-25309.0062115842,23343.2320479486
"2018-07-10 13:00:00",4719,-963.887081817835,-16880.3584403609,14952.5842767252,-25306.0294211711,23378.2552575354
"2018-07-10 14:00:00",4789,-654.887081817847,-16581.8285620091,15272.0543983734,-25013.0420904198,23703.2679267841
"2018-07-10 15:00:00",5681,-91.8870818178453,-16029.2918052837,15845.517641648,-24466.0442401039,24282.2700764682
"2018-07-10 16:00:00",6566,622.112918182149,-15325.7481837232,16569.9740200875,-23768.0358909287,25012.261727293
"2018-07-10 17:00:00",6081,1455.11291818215,-14503.1977108219,17413.4235471862,-22951.0170635318,25861.2428998961
"2018-07-10 18:00:00",4404,2154.11291818215,-13814.6404000295,18122.8662363938,-22267.9877784831,26576.2136148474
"2018-07-10 19:00:00",3219,2644.11291818215,-13335.0762647524,18623.3021011167,-21793.9480562858,27082.1738926501
"2018-07-10 20:00:00",3053,3228.11291818218,-12761.5053183526,19217.7311547169,-21225.8979173751,27682.1237537394
"2018-07-10 21:00:00",3060,3502.11291818217,-12497.9275741491,19502.1534105134,-20967.8373821207,27972.0632184851
"2018-07-10 22:00:00",2203,3501.11291818219,-12509.3430454173,19511.5688817817,-20984.7664708258,27986.9923071902
"2018-07-10 23:00:00",1311,3429.11291818219,-12591.7517453893,19449.9775817537,-21072.685203727,27930.9110400914
"2018-07-11 00:00:00",661,3555.11291818219,-12476.1536872544,19586.3795236188,-20962.5936009956,28072.81943736
"2018-07-11 01:00:00",401,3559.11291818219,-12482.5488841594,19600.7747205237,-20974.4916827379,28092.7175191023
"2018-07-11 02:00:00",321,3459.11291818219,-12592.9373492079,19511.1631855723,-21090.3794689942,28008.6053053585
"2018-07-11 03:00:00",384,3076.11291818218,-12986.3190954618,19138.5449318262,-21489.2569797408,27641.4828161052
"2018-07-11 04:00:00",948,2086.1129181822,-13986.6941359403,18158.9199723047,-22495.1242348889,26667.3500712533
"2018-07-11 05:00:00",3193,1383.1129181822,-14700.0624836209,17466.2883199853,-23213.981254286,25980.2070906504
"2018-07-11 06:00:00",5179,2180.1129181822,-13913.4241514392,18273.6499878036,-22432.8280577153,26793.0538940797
"2018-07-11 07:00:00",6295,2530.1129181822,-13573.7791522892,18634.0049886536,-22098.6646648964,27158.8905012608
"2018-07-11 08:00:00",5930,707.112918182195,-15407.1274990236,16821.3533353879,-23937.4910954858,25351.7169318502
"2018-07-11 09:00:00",5025,219.112918182211,-15905.4692044536,16343.695040818,-24441.3073690768,24879.5332054412
"2018-07-11 10:00:00",4829,-705.88708181779,-16840.8042813494,15429.0301177138,-25382.1135051994,23970.3393415638
"2018-07-11 11:00:00",5052,-973.887081817785,-17119.1327424404,15171.3585788049,-25665.9095233219,23718.1353596863
"2018-07-11 12:00:00",4974,-1087.88708181778,-17243.4546004155,15067.6804367799,-25795.6954428499,23619.9212792143
"2018-07-11 13:00:00",4779,-1047.88708181779,-17213.7698679228,15117.9957042872,-25771.4712831271,23675.6971194916
"2018-07-11 14:00:00",4974,-865.887081817775,-17042.0785575702,15310.3043939346,-25605.2370634359,23873.4628998004
"2018-07-11 15:00:00",5817,-511.887081817781,-16698.3806819251,15674.6065182895,-25266.9928029963,24243.2186393607
"2018-07-11 16:00:00",6522,-125.887081817781,-16322.6762535157,16070.9020898801,-24896.7385209684,24644.9643573329
"2018-07-11 17:00:00",5935,724.112918182221,-15482.9652848298,16931.1911211943,-24062.4742364509,25510.7000728153
"2018-07-11 18:00:00",4568,1639.11291818223,-14578.2477883157,17856.4736246802,-23163.1999684816,26441.4258048461
"2018-07-11 19:00:00",3412,2257.11291818223,-13970.5237763824,18484.7496127469,-22560.9157360385,27075.1415724029
"2018-07-11 20:00:00",3033,2679.11291818224,-13558.7932613994,18917.0190977639,-22154.6215580391,27512.8473944036
"2018-07-11 21:00:00",2687,2921.11291818223,-13327.0562556974,19169.2820920618,-21928.3174533416,27770.5432897061
"2018-07-11 22:00:00",1960,2974.11291818223,-13284.3127715679,19232.5386079324,-21891.0034407444,27839.2292771089
"2018-07-11 23:00:00",1294,2968.11291818223,-13300.5628212639,19236.7886576283,-21912.6795389865,27848.905375351
"2018-07-12 00:00:00",699,3190.11291818222,-13088.8064169997,19469.0322533641,-21706.3457667484,28086.5716031128
"2018-07-12 01:00:00",408,3409.11291818222,-12880.043570951,19698.2694073154,-21503.002142651,28321.2279790154
"2018-07-12 02:00:00",296,2900.11291818221,-13399.2742952559,19199.5001316203,-22027.6486852579,27827.8745216223
"2018-07-12 03:00:00",364,2430.11291818221,-13879.4986020136,18739.724438378,-22513.2854130734,27373.5112494379
"2018-07-12 04:00:00",940,1553.1129181822,-14766.716503286,17872.9423396504,-23405.9123445446,26512.138180909
"2018-07-12 05:00:00",3070,938.112918182204,-15391.928011097,17268.1538474614,-24036.5294980603,25912.7553344247
"2018-07-12 06:00:00",5702,577.112918182204,-15763.133137433,16917.3589737974,-24413.1368919523,25567.3627283167
"2018-07-12 07:00:00",6456,-11.8870818178025,-16362.3318942431,16338.5577306075,-25017.7345444949,24993.9603808593
"2018-07-12 08:00:00",5583,-473.887081817778,-16834.5242934388,15886.7501298033,-25495.3224739055,24547.5483102699
"2018-07-12 09:00:00",4958,-865.887081817805,-17236.710346895,15504.9361832594,-25902.9006983449,24171.1265347093
"2018-07-12 10:00:00",4610,-1004.8870818178,-17385.8900664494,15376.1159028138,-26057.4692359174,24047.6950722818
"2018-07-12 11:00:00",4848,-1148.8870818178,-17540.0634639029,15242.2893002673,-26217.0281046711,23919.2539410354
"2018-07-12 12:00:00",4891,-1001.8870818178,-17403.23055102,15399.4563873844,-26085.5773225979,24081.8031589623
"2018-07-12 13:00:00",5188,-537.717572462464,-16973.6961577777,15898.2610128528,-25674.3776523087,24598.9425073838
"2018-07-12 14:00:00",5139,1434.89976139999,-15029.7162175159,17899.5157403159,-23745.5574324894,26615.3569552894
"2018-07-12 15:00:00",5743,4467.60118397165,-12018.7473403542,20953.9497082975,-20746.0930699324,29681.2954378757
"2018-07-12 16:00:00",6612,4805.23043199176,-11700.3639113956,21310.8247753791,-20437.897762167,30048.3586261506
"2018-07-12 17:00:00",5795,4397.85838267001,-12124.377149313,20920.093914653,-20870.7203131965,29666.4370785365
"2018-07-12 18:00:00",3890,3704.12523795542,-12832.8662586618,20241.1167345727,-21587.0207583754,28995.2712342863
"2018-07-12 19:00:00",3237,3043.64751761697,-13507.028826877,19594.3238621109,-22268.4276474601,28355.722682694
"2018-07-12 20:00:00",2727,3127.67225255205,-13435.9837326336,19691.3282377377,-22204.2535599527,28459.5980650568
"2018-07-12 21:00:00",2497,3467.84292813974,-13108.3327942547,20044.0186505342,-21883.2301701122,28818.9160263916
"2018-07-12 22:00:00",1870,3454.70328261758,-13133.7100897766,20043.1166550118,-21915.0856862241,28824.4922514593
"2018-07-12 23:00:00",1320,3609.98983337077,-12990.4830586216,20210.4627253631,-21778.2425791206,28998.2222458622
"2018-07-13 00:00:00",705,4252.55314274895,-12359.8652599303,20864.9715454282,-21153.9483518088,29659.0546373067
"2018-07-13 01:00:00",439,5155.28634811682,-11469.0048021199,21779.5774983535,-20269.3729469039,30579.9456431375
"2018-07-13 02:00:00",350,4812.12315008789,-11823.9931062349,21448.2394064107,-20630.6210840529,30254.8673842287
"2018-07-13 03:00:00",373,2935.0240255072,-13712.8850111156,19582.93306213,-22525.7557097301,28395.8037607445
"2018-07-13 04:00:00",888,1523.96397387136,-15135.7149800579,18183.6429278007,-23954.8162965312,27002.744244274
"2018-07-13 05:00:00",2917,1044.92760437092,-15626.5041680911,17716.3593768329,-24451.8270508791,26541.682259621
"2018-07-13 06:00:00",5268,727.905632867583,-15955.265358565,17411.0766243002,-24786.8026084944,26242.6138742296
"2018-07-13 07:00:00",5994,67.8923807814172,-16627.0063631988,16762.7911247616,-25464.751910312,25600.5366718748
"2018-07-13 08:00:00",5288,-448.115607644395,-17154.7319352395,16258.5007199507,-25998.6803964287,25102.4491811399
"2018-07-13 09:00:00",4543,-902.120418070453,-17620.4449500628,15816.2041139219,-26470.59136027,24666.3505241291
"2018-07-13 10:00:00",4392,-1109.12331227236,-17839.1471528238,15620.900528279,-26695.4868028767,24477.240178332
"2018-07-13 11:00:00",4740,-1227.12505278073,-17968.8396041187,15514.5894985573,-26831.3679426316,24377.1178370702
"2018-07-13 12:00:00",5123,-1097.1260989538,-17850.5229494403,15656.2707515327,-26719.2355235609,24524.9833256533
"2018-07-13 13:00:00",5059,-574.12672749323,-17339.1975842106,16190.9441292242,-26214.0900039335,25065.8365489471
"2018-07-13 14:00:00",5363,1477.87289499331,-15298.8637531447,18254.6095431313,-24179.9316698121,27135.6774597987
"2018-07-13 15:00:00",5914,4521.87266831212,-12266.521610081,21310.2669467053,-21153.7607034328,30197.506040057
"2018-07-13 16:00:00",6153,5094.87253223251,-11705.1712541699,21894.9163186349,-20598.5772245488,30788.3222890138
"2018-07-13 17:00:00",5257,4443.87245055675,-12367.8127516586,21255.5576527721,-21267.3813153147,30155.1262164282
"2018-07-13 18:00:00",4664,4158.87240154181,-12664.4461489891,20982.1909520727,-21570.1730352472,29887.9178383308
"2018-07-13 19:00:00",3664,3125.87237213103,-13709.0714806823,19960.8162249444,-22620.9524302298,28872.6971744919
"2018-07-13 20:00:00",3260,3292.87235448529,-13553.6887740774,20139.433483048,-22471.7195379244,29057.464246895
"2018-07-13 21:00:00",3064,3542.87234389916,-13315.2980521785,20401.0427399768,-22239.4743910217,29325.21907882
"2018-07-13 22:00:00",2835,3463.87233754874,-13405.8993353652,20333.6440104627,-22336.2170191948,29263.9616942923
"2018-07-13 23:00:00",1971,3754.87233373947,-13126.4926424191,20636.2373098981,-22062.9474502708,29572.6921177497
"2018-07-14 00:00:00",1233,4441.8723314546,-12451.0779911412,21334.8226540504,-21393.6657109354,30277.4103738446
"2018-07-14 01:00:00",696,5538.87233008415,-11365.6553987206,22443.4000588889,-20314.3718271545,31392.1164873228
"2018-07-14 02:00:00",646,4588.87232926219,-12327.2248819588,21504.9695404832,-21282.0658244298,30459.8104829542
"2018-07-14 03:00:00",437,2494.8723287692,-14432.786457401,19422.5311149394,-23393.747727949,28383.4923854874
"2018-07-14 04:00:00",444,1490.87232847355,-15448.340141418,18430.0847983651,-24415.4175626793,27397.1622196264
"2018-07-14 05:00:00",858,1478.87232829622,-15471.8859502529,18429.6306068454,-24445.0753534206,27402.820010013
"2018-07-14 06:00:00",1422,2300.87232818987,-14661.4239000514,19263.1685564312,-23640.7211248405,28242.4657812202
"2018-07-14 07:00:00",1991,1486.8723281261,-15486.9540068787,18460.6986631309,-24472.3549014933,27446.0995577455
"2018-07-14 08:00:00",2714,-225.127671912147,-17210.4762867295,16760.2209429052,-26201.9767078324,25751.7213640081
"2018-07-14 09:00:00",3471,-763.127671935089,-17759.9907555358,16233.7354116657,-26757.5865682178,25231.3312243476
"2018-07-14 10:00:00",3718,-974.127671948843,-17982.4974291697,16034.242085272,-26986.1845069206,25037.9291630229
"2018-07-14 11:00:00",4213,-1103.12767195709,-18122.9963234468,15916.7409795326,-27132.7705481267,24926.5152042126
"2018-07-14 12:00:00",4524,-1056.12767196204,-18087.4874541265,15975.2321102024,-27103.3447159371,24991.089372013
"2018-07-14 13:00:00",4218,-529.127671965019,-17571.9708369148,16513.7154929847,-26593.9070343711,25535.6516904411
"2018-07-14 14:00:00",4242,1512.8723280332,-15541.4464874636,18567.19114353,-24569.457527366,27595.2021834324
"2018-07-14 15:00:00",4306,4218.87232803214,-12846.9144213718,21284.6590774361,-21880.9962187778,30318.7408748421
"2018-07-14 16:00:00",4317,4620.8723280315,-12456.3746541858,21698.1193102488,-21496.5231323827,30738.2677884457
"2018-07-14 17:00:00",4354,4700.87232803112,-12387.8272013997,21789.5718574619,-21434.0382918765,30835.7829479388
"2018-07-14 18:00:00",4109,3892.87232803088,-13207.2720784552,20993.0167345169,-22259.5417208756,30045.2863769373
"2018-07-14 19:00:00",3446,3187.87232803075,-13923.709300743,20299.4539568045,-22982.0334429179,29357.7780989794
"2018-07-14 20:00:00",3192,3334.87232803067,-13788.1388836021,20457.8835396634,-22852.5134814619,29522.2581375233
"2018-07-14 21:00:00",3272,3461.87232803062,-13672.56084232,20596.3054983812,-22742.9818598884,29666.7265159497
"2018-07-14 22:00:00",3074,3561.87232803059,-13583.9751921335,20707.7198481947,-22660.4386014999,29784.183257561
"2018-07-14 23:00:00",2275,3409.87232803055,-13747.3819482291,20567.1266042902,-22829.8837295219,29649.628385583
"2018-07-15 00:00:00",1350,3881.87232803053,-13286.7811257422,21050.5257818033,-22375.3172671022,30139.0619231633
"2018-07-15 01:00:00",826,4874.87232803053,-12305.1727397582,22054.9173958193,-21399.739237312,31149.483893373
"2018-07-15 02:00:00",699,4411.87232803052,-12779.5568053128,21603.3014613738,-21880.1496631461,30703.8943192071
"2018-07-15 03:00:00",435,2850.87232803052,-14351.9333373914,20053.6779934525,-23458.5485675231,29160.2932235841
"2018-07-15 04:00:00",366,1598.87232803052,-15615.3023509306,18813.0470069916,-24727.9359732862,27925.6806293473
"2018-07-15 05:00:00",508,1257.87232803052,-15967.6638608169,18483.4085168779,-25086.3119032027,27602.0565592637
"2018-07-15 06:00:00",933,757.872328030519,-16479.0178818886,17994.7625379496,-25603.6763799655,27119.4210360265
"2018-07-15 07:00:00",1195,266.872328030528,-16981.3644289345,17515.1090849956,-26112.0294261922,26645.7740822533
"2018-07-15 08:00:00",1814,-378.127671969475,-17637.7035166949,16881.4481727559,-26774.3710644262,26018.1157204872
"2018-07-15 09:00:00",2911,-835.127671969468,-18106.0351598618,16435.7798159229,-27248.7013171371,25578.4459731982
"2018-07-15 10:00:00",3310,-1084.12767196947,-18366.3593730794,16198.1040291404,-27515.0202067209,25346.764862782
"2018-07-15 11:00:00",3655,-1192.12767196947,-18485.6761709433,16101.4208270043,-27640.3277554999,25256.072411561
"2018-07-15 12:00:00",4245,-1063.12767196947,-18367.9855680017,16241.7302240627,-27528.6239857238,25402.3686417848
"2018-07-15 13:00:00",4233,-626.127671969467,-17942.2875787553,16690.0322348164,-27108.9089195693,25856.6535756304
"2018-07-15 14:00:00",4129,1467.87232803053,-15859.5822176577,18795.3268737188,-25032.1825791412,27967.9272352022
"2018-07-15 15:00:00",4063,4227.87232803053,-13110.8694991148,21566.6141551759,-22289.4449864715,30745.1896425326
"2018-07-15 16:00:00",4438,4811.87232803052,-12538.1494374864,22161.8940935475,-21722.6961635218,31346.4408195828
"2018-07-15 17:00:00",4321,4548.87232803052,-12812.4220470849,21910.166703146,-22002.9361321807,31100.6807882418
"2018-07-15 18:00:00",3836,4041.87232803052,-13330.6873421772,21414.4319982383,-22527.1649142678,30610.9095703289
"2018-07-15 19:00:00",3535,3159.87232803052,-14223.945336983,20543.6899930441,-23426.3825315302,29746.1271875912
"2018-07-15 20:00:00",3015,3463.87232803052,-13931.1960456767,20858.9407017378,-23139.5890056456,30067.3336617066
"2018-07-15 21:00:00",2671,3619.87232803052,-13786.4394823865,21026.1841384475,-23000.7843582214,30240.5290142824
"2018-07-15 22:00:00",2009,3808.87232803051,-13608.6756611949,21226.420317256,-22828.968610795,30446.7132668561
"2018-07-15 23:00:00",1244,3981.8723280305,-13446.9045961396,21410.6492522006,-22673.1417848349,30636.8864408959
"2018-07-16 00:00:00",721,4540.87232803051,-12899.1263012123,21980.8709572733,-22131.3039017399,31213.0485578009
"2018-07-16 01:00:00",458,5328.8723280305,-12122.3407903604,22780.0854464214,-21360.4549828406,32018.1996389016
"2018-07-16 02:00:00",297,5041.8723280305,-12420.5480774865,22504.2927335475,-21664.595049399,31748.33970546
"2018-07-16 03:00:00",368,3601.8723280305,-13871.7481764478,21075.4928325088,-23121.7241226081,30325.4687786691
"2018-07-16 04:00:00",935,1888.87232803053,-15595.9411010579,19373.685757119,-24851.842223594,28629.5868796551
"2018-07-16 05:00:00",3048,1399.87232803054,-16096.1268650863,18895.8715211474,-25357.949373415,28157.6940294761
"2018-07-16 06:00:00",5593,1647.87232803055,-15859.3054822578,19155.0501383189,-25127.0455930617,28422.7902491228
"2018-07-16 07:00:00",5793,965.872328030548,-16552.4769662542,18484.2216223153,-25826.1309034585,27757.8755595196
"2018-07-16 08:00:00",5647,-110.127671969451,-17639.641330713,17419.3859867741,-26919.2053254621,26698.9499815232
"2018-07-16 09:00:00",4603,-678.127671969446,-18218.7985892287,16862.5432452898,-27504.2688798636,26148.0135359247
"2018-07-16 10:00:00",4346,-1014.12767196944,-18565.9487553527,16537.6934114139,-27857.3215873881,25829.0662434492
"2018-07-16 11:00:00",4504,-1092.12767196943,-18655.091842593,16470.8364986542,-27952.3634686941,25768.1081247552
"2018-07-16 12:00:00",4588,-1002.12767196944,-18576.227864415,16571.9725204762,-27879.3945443753,25875.1392004364
"2018-07-16 13:00:00",4558,-604.127671969434,-18189.3568342417,16981.1014903028,-27498.4148349604,26290.1594910215
"2018-07-16 14:00:00",4794,1268.87232803057,-16327.478765453,18865.2234215141,-25642.4243609121,28180.1690169733
"2018-07-16 15:00:00",5558,4077.87232803057,-13529.5936713871,21685.3383274482,-22850.4231426296,31006.1677986908
"2018-07-16 16:00:00",6269,5147.87232803057,-12470.70156534,22766.4462214011,-21797.4112004472,32093.1558565084
"2018-07-16 17:00:00",5708,4337.87232803057,-13291.8024605658,21967.547116627,-22624.3885546356,31300.1332106967
"2018-07-16 18:00:00",4203,3639.87232803057,-14000.8963702768,21280.6410263379,-23339.3552254007,30619.0998814619
"2018-07-16 19:00:00",3277,3216.87232803059,-14434.9833076439,20868.727963705,-23779.3112328862,30213.0558889474
"2018-07-16 20:00:00",2900,3530.87232803059,-14132.0632857964,21193.8079418576,-23482.2565971715,30544.0012532327
"2018-07-16 21:00:00",2424,3956.87232803059,-13717.1363178231,21630.8809738843,-23073.1913382739,30986.935994335
"2018-07-16 22:00:00",1965,4037.87232803059,-13647.2024167711,21722.9470728323,-23009.1154761476,31084.8601322088
"2018-07-16 23:00:00",1096,4117.87232803058,-13578.2615956471,21814.0062517083,-22946.0290306843,31181.7736867455
"2018-07-17 00:00:00",595,4413.87232803057,-13293.3138674168,22121.058523478,-22666.9320217136,31494.6766777748
"2018-07-17 01:00:00",407,3639.87232803062,-14078.3592450061,21358.1039010674,-23457.8244690039,30737.5691250651
"2018-07-17 02:00:00",274,3959.87232803065,-13769.3977413,21689.1423973613,-23154.706392261,31074.4510483223
"2018-07-17 03:00:00",356,2870.87232803067,-14869.429369144,20611.1740252053,-24260.5778111304,30002.3224671917
"2018-07-17 04:00:00",930,1990.87232803067,-15760.454141343,19742.1987974043,-25157.4387451956,29139.1834012569
"2018-07-17 05:00:00",3171,1380.87232803068,-16381.4720706627,19143.2167267241,-25784.2892139801,28546.0338700414
"2018-07-17 06:00:00",5870,1209.87232803067,-16563.4831698292,18983.2278258905,-25972.1292369465,28391.8738930079
"2018-07-17 07:00:00",6417,1166.87232803068,-16617.4874515289,18951.2321075903,-26031.9588334973,28365.7034895587
"2018-07-17 08:00:00",5455,229.872328030678,-17565.4849284092,18025.2295844705,-26985.7780229749,27445.5226790362
"2018-07-17 09:00:00",5030,-415.12767196932,-18221.4756130783,17391.2202691397,-27647.5868246619,26817.3314807233
"2018-07-17 10:00:00",4346,-788.127671969319,-18605.4595181058,17029.2041741671,-28037.3852577817,26461.1299138431
"2018-07-17 11:00:00",4540,-976.127671969324,-18804.4366560221,16852.1813120834,-28242.1733414982,26289.9179975595
"2018-07-17 12:00:00",4952,-1094.12767196932,-18933.4070393196,16745.151695381,-28376.9510949167,26188.695750978
"2018-07-17 13:00:00",4576,-1075.12767196933,-18925.3706804519,16775.1153365133,-28374.7185370832,26224.4631931446
"2018-07-17 14:00:00",5011,-766.127671969339,-18627.3275918346,17095.0722478959,-28082.4756869858,26550.2203430472
"2018-07-17 15:00:00",5573,-203.127671969337,-18075.2777858449,17669.0224419063,-27536.2225635541,27129.9672196154
"2018-07-17 16:00:00",6358,510.872328030657,-17372.2212748226,18393.9659308839,-26838.9591856598,27860.7038417211
"2018-07-17 17:00:00",5698,1343.87232803066,-16550.1580710696,19237.9027271309,-26022.6855721171,28710.4302281785
"2018-07-17 18:00:00",4360,2042.87232803066,-15862.0881868498,19947.8328429111,-25340.4017416823,29426.1463977436
"2018-07-17 19:00:00",3337,2532.87232803066,-15383.0116343906,20448.7562904519,-24867.1077130552,29932.8523691166
"2018-07-17 20:00:00",3113,3116.87232803068,-14809.928425881,21043.6730819424,-24299.8035048776,30533.5481609389
"2018-07-17 21:00:00",2754,3390.87232803068,-14546.8385734739,21328.5832295353,-24042.4891357356,30824.2337917969
"2018-07-17 22:00:00",2209,3389.87232803069,-14558.742089285,21338.4867453464,-24060.1646241584,30839.9092802198
"2018-07-17 23:00:00",1242,3317.8723280307,-14641.6389853927,21277.3836414541,-24148.8299886187,30784.5746446801
"2018-07-18 00:00:00",657,3443.8723280307,-14526.5292738393,21414.2739299007,-24039.4852475332,30927.2299035946
"2018-07-18 01:00:00",410,3447.8723280307,-14533.4129666306,21429.157622692,-24052.1304192636,30947.875075325
"2018-07-18 02:00:00",313,3347.87232803069,-14644.2900757359,21340.0347317973,-24168.7655221151,30864.5101781765
"2018-07-18 03:00:00",377,2964.87232803069,-15038.1606130886,20967.9052691499,-24568.3905743382,30498.1352303996
"2018-07-18 04:00:00",894,1974.8723280307,-16039.0245905856,19988.769246647,-25575.0055941279,29524.7502501893
"2018-07-18 05:00:00",3189,1271.87232803071,-16752.8820200886,19296.62667615,-26294.6105996249,28838.3552556863
"2018-07-18 06:00:00",5769,2068.87232803071,-15966.732913423,20104.4775694844,-25514.2056089147,29651.9502649761
"2018-07-18 07:00:00",6200,2418.8723280307,-15627.5772823791,20465.3219384405,-25180.7906400289,30018.5352960903
"2018-07-18 08:00:00",5696,595.872328030704,-17461.4151387116,18653.159794773,-27020.3657109449,28212.1103670063
"2018-07-18 09:00:00",5129,107.87232803072,-17960.2464941401,18175.9911502016,-27524.9308395861,27740.6754956475
"2018-07-18 10:00:00",4560,-817.127671969281,-18896.0713603487,17261.8160164101,-28466.4860438218,26832.2306998833
"2018-07-18 11:00:00",4752,-1085.12767196928,-19174.8897489868,17004.6344050483,-28751.0313414685,26580.77599753
"2018-07-18 12:00:00",4916,-1199.12767196928,-19299.7016716692,16901.4463277306,-28881.5667502892,26483.3114063506
"2018-07-18 13:00:00",4714,-1159.12767196928,-19270.5071399756,16952.2517960371,-28858.0922879937,26539.8369440552
"2018-07-18 14:00:00",5138,-977.127671969266,-19099.3061654517,17145.0508215132,-28692.6079722395,26738.352628301
"2018-07-18 15:00:00",5677,-623.127671969272,-18756.098759608,17509.8434156694,-28355.1138206305,27108.8584766919
"2018-07-18 16:00:00",6606,-237.127671969272,-18380.8849339218,17906.6295899832,-27985.6098507196,27511.354506781
"2018-07-18 17:00:00",6084,612.872328030729,-17541.6646998355,18767.4093558969,-27152.0960800066,28377.840736068
"2018-07-18 18:00:00",4941,1527.87232803074,-16637.4380687579,19693.1827248194,-26253.5725259396,29309.3171820011
"2018-07-18 19:00:00",3461,2145.87232803074,-16030.2050520639,20321.9497081254,-25652.0392059151,29943.7838619766
"2018-07-18 20:00:00",3177,2567.87232803074,-15618.9656610947,20754.7103171562,-25246.496137278,30382.2407933395
"2018-07-18 21:00:00",2949,2809.87232803074,-15387.7199071582,21007.4645632197,-25020.943337322,30640.6879933835
"2018-07-18 22:00:00",2200,2862.87232803074,-15345.4678015286,21071.2124575901,-24984.3808232899,30710.1254793513
"2018-07-18 23:00:00",1271,2856.87232803073,-15362.2093554469,21075.9540115084,-25006.808612373,30720.5532684344
"2018-07-19 00:00:00",697,3078.87232803073,-15150.9445801212,21308.6892361827,-24801.2267217126,30958.9713777741
"2018-07-19 01:00:00",423,3297.87232803073,-14942.6734867262,21538.4181427877,-24598.6351683992,31194.3798244606
"2018-07-19 02:00:00",303,2788.87232803072,-15462.3960864045,21040.140742466,-25124.0339694737,30701.7786255351
"2018-07-19 03:00:00",369,2318.87232803072,-15943.1123902651,20580.8570463265,-25610.4231419259,30248.1677979873
"2018-07-19 04:00:00",896,1441.87232803071,-16830.822409385,19714.5670654465,-26503.8027026968,29387.5473587582
"2018-07-19 05:00:00",3110,826.872328030713,-17456.5261548086,19110.27081087,-27135.172668677,28788.9173247384
"2018-07-19 06:00:00",5752,465.872328030713,-17828.223637548,18759.9682936094,-27512.5330567082,28444.2777127697
"2018-07-19 07:00:00",6246,-123.127671969294,-18427.914868583,18181.6595246444,-28117.8838835828,27871.6285396442
"2018-07-19 08:00:00",5702,-585.127671969269,-18900.5998588615,17730.344514923,-28596.2251660439,27425.9698221054
"2018-07-19 09:00:00",4855,-977.127671969297,-19303.2786192995,17349.0232753609,-29004.5569207861,27050.3015768475
"2018-07-19 10:00:00",4492,-1116.1276719693,-19452.9511607811,17220.6958168425,-29159.8791644554,26927.6238205168
"2018-07-19 11:00:00",4677,-1260.12767196929,-19607.6174941589,17087.3621502203,-29320.1919136491,26799.9365697106
"2018-07-19 12:00:00",4861,-1113.12767196929,-19471.2776302538,17245.0222863152,-29189.4951849166,26963.239840978
"2018-07-19 13:00:00",4734,-648.958162613955,-19040.9112997835,17742.9949745556,-28777.0231764336,27479.1068512057
"2018-07-19 14:00:00",5135,1323.6591712485,-17096.4888971773,19743.8072396743,-26847.5262688532,29494.8446113502
"2018-07-19 15:00:00",5704,4356.36059382016,-14085.4862735934,22798.2074612337,-23848.0102955972,32560.7314832376
"2018-07-19 16:00:00",6459,4693.98984184027,-13767.2038484629,23155.1835321435,-23539.9694598568,32927.9491435373
"2018-07-19 17:00:00",5872,4286.61779251852,-14191.4490876701,22764.6846727071,-23973.1468262401,32546.3824112772
"2018-07-19 18:00:00",4497,3592.88464780393,-14900.2574991877,22086.0267947956,-24689.9356019458,31875.7048975537
"2018-07-19 19:00:00",3419,2932.40692746548,-15574.7856903199,21439.5995452508,-25371.9016630283,31236.7155179593
"2018-07-19 20:00:00",2991,3016.43166240056,-15504.13522841,21536.9985532111,-25308.3311135927,31341.1944383938
"2018-07-19 21:00:00",2613,3356.60233798825,-15176.8971476743,21890.1018236508,-24987.9391350299,31701.1438110064
"2018-07-19 22:00:00",2282,3343.46269246609,-15202.6981942066,21889.6235791388,-25020.4427223869,31707.3681073191
"2018-07-19 23:00:00",1454,3498.74924321928,-15059.9016756188,22057.4001620574,-24884.2580274374,31881.7565138759
"2018-07-20 00:00:00",693,4141.31255259745,-14429.7186675777,22712.3437727726,-24260.6287550428,32543.2538602377
"2018-07-20 01:00:00",460,5044.04575796533,-13539.2957100408,23627.3872259714,-23376.7224490664,33464.813964997
"2018-07-20 02:00:00",360,4700.8825599364,-13894.7232793299,23296.4883992027,-23738.6423843263,33140.4075041991
"2018-07-20 03:00:00",376,2823.78343535571,-15784.0556422999,21431.6225130114,-25634.450632521,31282.0175032324
"2018-07-20 04:00:00",873,1412.72338371987,-17207.3269103171,20032.7736777568,-27064.1861280159,29889.6328954556
"2018-07-20 05:00:00",2822,933.687014219427,-17698.5580243828,19565.9320528216,-27561.8727499065,29429.2467783454
"2018-07-20 06:00:00",5266,616.665042716091,-18027.7616378187,19261.0917232509,-27897.5249350528,29130.855020485
"2018-07-20 07:00:00",5821,-43.348209370075,-18699.9454827964,18613.2490640563,-28576.1515027317,28489.4550839916
"2018-07-20 08:00:00",5339,-559.356197795888,-19228.1142638083,18109.4018682165,-29110.7578184765,27992.0454228847
"2018-07-20 09:00:00",4816,-1013.36100822194,-19694.2708261469,17667.548809703,-29583.3471297046,27556.6251132607
"2018-07-20 10:00:00",4592,-1220.36390242386,-19913.4168961308,17472.6890912831,-29808.9214086487,27368.193603801
"2018-07-20 11:00:00",4823,-1338.36564293222,-20043.5535223148,17366.8222364503,-29945.4818552756,27268.7505694111
"2018-07-20 12:00:00",5253,-1208.3666891053,-19925.6813422506,17508.94796404,-29834.0292014671,27417.2958232565
"2018-07-20 13:00:00",5169,-685.367317644723,-19414.800745889,18044.0661105996,-29329.5638971244,27958.8292618349
"2018-07-20 14:00:00",5413,1366.63230484182,-17374.9119739624,20108.1765836461,-27296.086222219,30029.3508319027
"2018-07-20 15:00:00",5602,4410.63207816063,-14343.015177225,23164.2793335463,-24270.5963542704,33091.8605105917
"2018-07-20 16:00:00",6086,4983.63194208101,-13782.1104522858,23749.3743364478,-23716.0944091451,33683.3582933071
"2018-07-20 17:00:00",4987,4332.63186040526,-14445.1978631808,23110.4615839913,-24385.5804656156,33050.8441864261
"2018-07-20 18:00:00",4465,4047.63181139032,-14742.2774543417,22837.5410771223,-24689.0545801246,32784.3182029053
"2018-07-20 19:00:00",3574,3014.63178197954,-15787.3492584045,21816.6128223636,-25740.5167956726,31769.7803596317
"2018-07-20 20:00:00",3124,3181.6317643338,-15632.4133009016,21995.6768295692,-25591.9671471582,31955.2306758258
"2018-07-20 21:00:00",3121,3431.63175374767,-15394.4696030811,22257.7331105765,-25360.4056645866,32223.669172082
"2018-07-20 22:00:00",3032,3352.63174739725,-15485.5181836008,22190.7816783953,-25457.8323749977,32163.0958697922
"2018-07-20 23:00:00",2030,3643.63174358798,-15206.5590595448,22493.8225467208,-25185.2473036224,32472.5107907983
"2018-07-21 00:00:00",1235,4330.63174130311,-14531.5922470345,23192.8557296408,-24516.6504745779,33177.9139571841
"2018-07-21 01:00:00",781,5427.63173993266,-13446.6177615944,24301.8812414597,-23438.0419112839,34293.3053911492
"2018-07-21 02:00:00",648,4477.6317391107,-14408.6356183732,23363.8990965946,-24406.4216367148,33361.6851149362
"2018-07-21 03:00:00",418,2383.63173861771,-16514.6458322748,21281.9093095102,-26518.7896735477,31286.0531507831
"2018-07-21 04:00:00",478,1379.63173832206,-17530.6484180386,20289.9118946827,-27541.1460442551,30300.4095208993
"2018-07-21 05:00:00",903,1367.63173814473,-17554.6433902861,20289.9068665755,-27571.4907711568,30306.7542474463
"2018-07-21 06:00:00",1500,2189.63173803838,-16744.6307635508,21123.8942396275,-26767.8238764548,31147.0873525315
"2018-07-21 07:00:00",2236,1375.63173797461,-17570.6105522945,20321.8740282438,-27600.1453822515,30351.4088582007
"2018-07-21 08:00:00",3031,-336.368262063635,-19294.5827709182,18621.8462467909,-29330.4553105621,28657.7187864348
"2018-07-21 09:00:00",3883,-874.368262086577,-19844.5474337682,18095.810909595,-29886.7536833221,28138.017159149
"2018-07-21 10:00:00",4045,-1085.36826210033,-20067.5045551401,17896.7680309395,-30116.0405223917,27945.3039981911
"2018-07-21 11:00:00",4418,-1214.36826210858,-20208.4541492817,17779.7176250645,-30263.3158495587,27834.5793253416
"2018-07-21 12:00:00",4505,-1167.36826211353,-20173.3962303932,17838.6597061661,-30234.5796865395,27899.8431623125
"2018-07-21 13:00:00",4644,-640.368262116508,-19658.3308126297,18377.5942883967,-29725.8320549818,28445.0955307488
"2018-07-21 14:00:00",4796,1401.63173788171,-17628.2579101011,20431.5213858645,-27702.0729764643,30505.3364522277
"2018-07-21 15:00:00",4674,4107.63173788065,-14934.1775368724,23149.4410126337,-25014.3024724974,33229.5659482587
"2018-07-21 16:00:00",4788,4509.63173788001,-14544.0897069649,23563.3531827249,-24630.5205645244,33649.7840402845
"2018-07-21 17:00:00",4562,4589.63173787963,-14475.9944343552,23655.2579101145,-24568.727273921,33747.9907496802
"2018-07-21 18:00:00",4253,3781.63173787939,-15295.8917329765,22859.1552087353,-25394.9226219958,32958.1860977546
"2018-07-21 19:00:00",3815,3076.63173787926,-16012.7816167192,22166.0450924777,-26118.1066299923,32271.3701057508
"2018-07-21 20:00:00",3434,3223.63173787918,-15877.6640994293,22324.9275751877,-25989.2793190864,32436.5427948448
"2018-07-21 21:00:00",3435,3350.63173787913,-15762.5391949105,22463.8026706688,-25880.4407103889,32581.7041861472
"2018-07-21 22:00:00",3131,3450.6317378791,-15674.4069169233,22575.6703926815,-25798.5908249445,32699.8543007027
"2018-07-21 23:00:00",2292,3298.63173787906,-15838.2672791861,22435.5307549442,-25968.7296837338,32565.9931594919
"2018-07-22 00:00:00",1408,3770.63173787905,-15378.1202953739,22919.383771132,-25514.8573076709,33056.120783429
"2018-07-22 01:00:00",969,4763.63173787904,-14396.9659791199,23924.2294548779,-24539.973717606,34067.2371933641
"2018-07-22 02:00:00",749,4300.63173787903,-14871.8043440152,23473.0678197733,-25021.0789343251,33622.3424100831
"2018-07-22 03:00:00",344,2739.63173787903,-16444.635403609,21923.898879367,-26600.1729785494,32079.4364543074
"2018-07-22 04:00:00",355,1487.63173787903,-17708.4591714086,20683.7226471667,-27870.2558709369,30845.519346695
"2018-07-22 05:00:00",525,1146.63173787903,-18061.2756608796,20354.5391366377,-28229.3276320814,30522.5911078394
"2018-07-22 06:00:00",902,646.631737879031,-18573.0848854468,19866.3483612049,-28747.3882825143,30040.6517582724
"2018-07-22 07:00:00",1297,155.631737879039,-19075.8868584932,19387.1503342513,-29256.4378427032,29567.7013184612
"2018-07-22 08:00:00",2009,-489.368262120963,-19732.6815933606,18753.9450691187,-29919.4763330525,28940.7398088106
"2018-07-22 09:00:00",2927,-946.368262120956,-20201.4691033505,18308.7325791086,-30394.5037739053,28501.7672496634
"2018-07-22 10:00:00",3711,-1195.36826212096,-20462.2494017237,18071.5128774817,-30661.520185542,28270.7836613001
"2018-07-22 11:00:00",4021,-1303.36826212096,-20582.0225016999,17975.2859774579,-30787.5255881806,28180.7890639387
"2018-07-22 12:00:00",4250,-1174.36826212096,-20464.788416459,18116.0518922171,-30676.520001978,28327.783477736
"2018-07-22 13:00:00",4491,-737.368262120955,-20039.5471591405,18564.8106348986,-30257.5034470292,28782.7669227873
"2018-07-22 14:00:00",4463,1356.63173787904,-17957.2987428442,20670.5622186023,-28181.4759433686,30894.7394191266
"2018-07-22 15:00:00",4657,4116.63173787904,-15209.0431806292,23442.3066563873,-25439.4375109685,33672.7009867266
"2018-07-22 16:00:00",4875,4700.63173787903,-14636.7804855164,24038.0439612744,-24873.3881697425,34274.6516455006
"2018-07-22 17:00:00",4657,4437.63173787903,-14911.5106704855,23786.7741462435,-25154.3279395415,34029.5914152996
"2018-07-22 18:00:00",4098,3930.63173787904,-15430.2337484785,23291.4972242366,-25679.2568401586,33540.5203159167
"2018-07-22 19:00:00",3661,3048.63173787903,-16323.9497323971,22421.2132081551,-26579.174891325,32676.4383670831
"2018-07-22 20:00:00",3135,3352.63173787903,-16031.6586351045,22736.9221108626,-26293.0821127136,32998.3455884717
"2018-07-22 21:00:00",2803,3508.63173787903,-15887.3604694251,22904.6239451832,-26154.9785239373,33172.2419996954
"2018-07-22 22:00:00",2224,3697.63173787903,-15710.0552481443,23105.3187239023,-25983.8641445499,33379.1276203079
"2018-07-22 23:00:00",1397,3870.63173787902,-15548.7429840094,23290.0064597674,-25828.7389940466,33570.0024698046
"2018-07-23 00:00:00",714,4429.63173787902,-15001.4236897289,23860.6871654869,-25287.6030918634,34146.8665676215
"2018-07-23 01:00:00",402,5217.63173787901,-14225.0973779737,24660.3608537317,-24517.4564573789,34952.719933137
"2018-07-23 02:00:00",354,4930.63173787901,-14523.7640613765,24385.0275371345,-24822.299109913,34683.562585671
"2018-07-23 03:00:00",355,3490.63173787902,-15975.4237525316,22956.6872282896,-26280.131068727,33261.394544485
"2018-07-23 04:00:00",957,1777.63173787904,-17700.0764639962,21255.3399397543,-28010.9523530257,31566.2158287837
"2018-07-23 05:00:00",3008,1288.63173787905,-18200.72220829,20777.9856840481,-28517.762981956,31095.0264577141
"2018-07-23 06:00:00",5617,1536.63173787906,-17964.3609978949,21037.6244736531,-28287.5629746076,31360.8264503657
"2018-07-23 07:00:00",6306,854.631737879058,-18657.9928452562,20367.2563210143,-28987.3523500136,30696.6158257717
"2018-07-23 08:00:00",5522,-221.36826212094,-19745.6177627811,19302.8812385393,-30081.1311271497,29638.3946029078
"2018-07-23 09:00:00",4735,-789.368262120935,-20325.2357628408,18746.4992385989,-30666.8993249355,29088.1628006936
"2018-07-23 10:00:00",4209,-1125.36826212093,-20672.8468577696,18422.1103335278,-31020.6569622351,28769.9204379932
"2018-07-23 11:00:00",4485,-1203.36826212092,-20762.4510598648,18355.7145356229,-31116.4040578551,28709.6675336133
"2018-07-23 12:00:00",4800,-1113.36826212093,-20684.0483813874,18457.3118571456,-31044.1406305477,28817.4041063058
"2018-07-23 13:00:00",4475,-715.368262120924,-20297.6388345626,18866.9023103208,-30663.8666990093,29233.1301747674
"2018-07-23 14:00:00",4677,1157.63173787908,-18436.2224315785,20751.4859073367,-28808.5822818801,31123.8457576382
"2018-07-23 15:00:00",5413,3966.63173787908,-15638.799184588,23572.0626603462,-26017.2873977462,33950.5508735044
"2018-07-23 16:00:00",6317,5036.63173787908,-14580.3691057076,24653.6325814658,-24964.9820651386,35038.2455408967
"2018-07-23 17:00:00",5701,4226.63173787908,-15401.9322070188,23855.195682777,-25792.666302534,34245.9297782921
"2018-07-23 18:00:00",4293,3528.63173787908,-16111.4885005664,23168.7519763246,-26508.3401283534,33565.6036041116
"2018-07-23 19:00:00",3143,3105.6317378791,-16546.0379983611,22757.3014741193,-26949.0035609656,33160.2670367238
"2018-07-23 20:00:00",2833,3419.6317378791,-16243.5807123771,23082.8441881353,-26652.6566186837,33491.9200944419
"2018-07-23 21:00:00",2492,3845.6317378791,-15829.1166545545,23520.3801303127,-26244.2993197683,33935.5627955265
"2018-07-23 22:00:00",1690,3926.6317378791,-15759.6458367979,23612.9093125561,-26180.931682426,34034.1951581842
"2018-07-23 23:00:00",1182,4006.63173787909,-15691.168270977,23704.4317467351,-26118.55372481,34131.8172005682
"2018-07-24 00:00:00",638,4302.63173787908,-15406.6839689267,24011.9474446848,-25840.1654650201,34445.4289407783
"2018-07-24 01:00:00",391,3528.63173787913,-16192.192942448,23249.4564182063,-26631.7669211045,33689.0303968628
"2018-07-24 02:00:00",297,3848.63173787916,-15883.6952033069,23580.9586790652,-26329.3581110576,34026.621586816
"2018-07-24 03:00:00",390,2759.63173787918,-16984.1907632354,22503.4542389937,-27435.9390528221,32955.2025285804
"2018-07-24 04:00:00",891,1879.63173787918,-17875.6796339309,21634.9431096893,-28333.5097642876,32092.7732400459
"2018-07-24 05:00:00",3184,1269.63173787919,-18497.1618270576,21036.425302816,-28961.0702632927,31500.3337390511
"2018-07-24 06:00:00",5782,1098.63173787918,-18679.6373542452,20876.9008300036,-29149.6205676238,31346.8840433822
"2018-07-24 07:00:00",6409,1055.63173787919,-18734.1062270899,20845.3697028483,-29210.1606950158,31321.4241707741
"2018-07-24 08:00:00",5658,118.631737879187,-19682.5684571544,19919.8319329128,-30164.6906631519,30401.9541389103
"2018-07-24 09:00:00",4984,-526.36826212081,-20339.0240559677,19286.287531726,-30827.2104896646,29774.4739654229
"2018-07-24 10:00:00",4386,-899.36826212081,-20723.4730350257,18924.7365107841,-31217.7201921353,29418.9836678936
"2018-07-24 11:00:00",4634,-1087.36826212081,-20922.9154057911,18748.1788815494,-31423.2197880944,29248.4832638528
"2018-07-24 12:00:00",4805,-1205.36826212081,-21052.3511796937,18641.614655452,-31558.7092950226,29147.972770781
"2018-07-24 13:00:00",4664,-1186.36826212082,-21044.7803681299,18672.0438438882,-31557.1887303491,29184.4522061074
"2018-07-24 14:00:00",4944,-877.368262120829,-20747.2029824638,18992.4664582221,-31265.6581114537,29510.921587212
"2018-07-24 15:00:00",5699,-314.368262120828,-20195.6190340265,19566.8825097849,-30720.117455666,30091.3809314244
"2018-07-24 16:00:00",6558,399.631737879166,-19493.028534117,20292.2920098754,-30023.5667802661,30822.8302560245
"2018-07-24 17:00:00",5636,1232.63173787917,-18671.4314940018,21136.6949697601,-29208.0061024847,31673.269578243
"2018-07-24 18:00:00",4430,1931.63173787917,-17983.8279249145,21847.0914006729,-28526.4354395023,32389.6989152607
"2018-07-24 19:00:00",3371,2421.63173787917,-17505.217838058,22348.4813138163,-28053.8548084519,32897.1182842103
"2018-07-24 20:00:00",3266,3005.63173787919,-16932.6012446014,22943.8647203598,-27487.2642264156,33498.5277021739
"2018-07-24 21:00:00",2727,3279.63173787919,-16669.9781556834,23229.2416314418,-27230.6637104282,33789.9271861866
"2018-07-24 22:00:00",2178,3278.6317378792,-16682.3485824105,23239.6120581689,-27249.0532774758,33806.3167532342
"2018-07-24 23:00:00",1269,3206.63173787921,-16765.7125358572,23178.9760116157,-27338.4329444954,33751.6964202538
"2018-07-25 00:00:00",664,3332.63173787921,-16651.0700270668,23316.3335028252,-27229.802728376,33895.0662041344
"2018-07-25 01:00:00",388,3336.63173787921,-16658.4210670515,23331.6845428099,-27243.1626459597,33916.4261217181
"2018-07-25 02:00:00",290,3236.6317378792,-16769.7656667917,23243.0291425501,-27360.5127140393,33833.7761897977
"2018-07-25 03:00:00",372,2853.6317378792,-17164.1038372372,22871.3673129956,-27760.8529493613,33468.1164251197
"2018-07-25 04:00:00",955,1863.63173787921,-18165.4355893065,21892.6990650649,-28768.1833686239,32495.4468443823
"2018-07-25 05:00:00",3121,1160.63173787922,-18879.7609338874,21201.0244096458,-29488.5039884787,31809.7674642371
"2018-07-25 06:00:00",5926,1957.63173787922,-18094.0798818366,22009.3433575951,-28708.8148255296,32624.078301288
"2018-07-25 07:00:00",6595,2307.63173787921,-17755.3924439808,22370.6559197392,-28376.1158963344,32991.3793720928
"2018-07-25 08:00:00",5651,484.631737879214,-19589.6986311158,20558.9621068742,-30216.4072174039,31185.6706931624
"2018-07-25 09:00:00",4974,-3.3682621207704,-20088.9984540072,20082.2619297656,-30721.6888052028,30714.9522809613
"2018-07-25 10:00:00",4545,-928.368262120771,-21025.2919233898,19168.5553991482,-31663.9606761486,29807.224151907
"2018-07-25 11:00:00",4879,-1196.36826212077,-21304.5790499687,18911.8425257272,-31949.2228466133,29556.4863223717
"2018-07-25 12:00:00",4799,-1310.36826212077,-21429.8598444194,18809.1233201778,-32080.4753329233,29459.7388086818
"2018-07-25 13:00:00",4860,-1270.36826212077,-21401.1343173865,18860.397793145,-32057.7181513587,29516.9816271172
"2018-07-25 14:00:00",5032,-1088.36826212076,-21230.4024794858,19053.6659552443,-31892.9513181547,29716.2147939132
"2018-07-25 15:00:00",5826,-734.368262120763,-20887.6643413022,19418.9278170607,-31556.1748494993,30087.4383252578
"2018-07-25 16:00:00",6668,-348.368262120763,-20512.9199133926,19816.1833891511,-31187.3887615383,30490.6522372967
"2018-07-25 17:00:00",6108,501.631737879239,-19674.1692062833,20677.4326820417,-30354.5930703698,31357.8565461283
"2018-07-25 18:00:00",4459,1416.63173787925,-18770.4122304716,21603.6757062301,-29456.7877920485,32290.0512678071
"2018-07-25 19:00:00",3473,2034.63173787925,-18163.6489964255,22232.912472184,-28855.9729425836,32925.2364183421
"2018-07-25 20:00:00",3053,2456.63173787925,-17752.8795145841,22666.1429903426,-28451.1485379403,33364.4120136988
"2018-07-25 21:00:00",3072,2698.63173787925,-17522.1037953574,22919.3672711159,-28226.3145940394,33623.5780697979
"2018-07-25 22:00:00",2422,2751.63173787925,-17480.3218491267,22983.5853248852,-28190.4711267577,33693.7346025162
"2018-07-25 23:00:00",1922,2745.63173787924,-17497.533686244,22988.7971620025,-28213.6181519272,33704.8816276857
"2018-07-26 00:00:00",750,2967.63173787924,-17286.7393170332,23222.0027927916,-28008.755685337,33944.0191610955
"2018-07-26 01:00:00",411,3186.63173787924,-17078.9387517893,23452.2022275478,-27806.8837427319,34180.1472184904
"2018-07-26 02:00:00",306,2677.63173787923,-17599.1320007795,22954.395476538,-28333.0023398143,33688.2658155727
"2018-07-26 03:00:00",409,2207.63173787923,-18080.3190742418,22495.5825500002,-28820.1114922416,33235.3749680001
"2018-07-26 04:00:00",911,1330.63173787922,-18968.4999823865,21629.763458145,-29714.2112156296,32375.474691388
"2018-07-26 05:00:00",3147,715.631737879222,-19594.6747353957,21025.9382111542,-30346.30152555,31777.5650013084
"2018-07-26 06:00:00",5813,354.631737879222,-19966.8433434236,20676.106819182,-30724.3824375325,31433.6459132909
"2018-07-26 07:00:00",6299,-234.368262120784,-20567.0058165963,20098.2692923547,-31330.4539670636,30861.717442822
"2018-07-26 08:00:00",5866,-696.36826212076,-21040.1621650123,19647.4256407708,-31809.5161295877,30416.7796053462
"2018-07-26 09:00:00",4925,-1088.36826212079,-21443.3123987423,19266.5758745007,-32218.5689405066,30041.832416265
"2018-07-26 10:00:00",4390,-1227.36826212079,-21593.4565278294,19138.7200035879,-32374.6124151799,29919.8758909383
"2018-07-26 11:00:00",4654,-1371.36826212078,-21748.5945622897,19005.8580380481,-32535.6465689256,29792.9100446841
"2018-07-26 12:00:00",4806,-1224.36826212078,-21612.7265121112,19163.9899878696,-32405.6714170195,29956.934892778
"2018-07-26 13:00:00",5029,-760.198752765445,-21181.6825113581,19661.2850058272,-31992.1630012756,30471.7654957447
"2018-07-26 14:00:00",5264,1212.41858109701,-19236.9156762513,21661.7528384453,-30062.1393296428,32486.9764918368
"2018-07-26 15:00:00",5752,4245.12000366867,-16225.9209051358,24716.1609124731,-27062.6353657008,35552.8753730382
"2018-07-26 16:00:00",6566,4582.74925168878,-15907.7632534511,25073.2617568287,-26754.7853544785,35920.2838578561
"2018-07-26 17:00:00",5905,4175.37720236703,-16332.2476554718,24683.0020602059,-27188.3284888213,35539.0828935554
"2018-07-26 18:00:00",4555,3481.64405765244,-17041.3720175243,24004.6601328292,-27905.600469172,34868.8885844769
"2018-07-26 19:00:00",3707,2821.16633731399,-17716.2571618413,23358.5898364692,-28588.1124430411,34230.445117669
"2018-07-26 20:00:00",3154,2905.19107224907,-17645.9894582066,23456.3716027047,-28525.1272718722,34335.5094163703
"2018-07-26 21:00:00",3206,3245.36174783676,-17319.150409862,23809.8739055355,-28205.3455606886,34696.0690563621
"2018-07-26 22:00:00",2959,3232.2221023146,-17345.3602426975,23809.8044473267,-28238.4743327461,34702.9185373753
"2018-07-26 23:00:00",1412,3387.50865306779,-17202.9785763312,23977.9958824668,-28102.9240995185,34877.941405654
"2018-07-27 00:00:00",774,4030.07196244596,-16573.214263779,24633.3581886709,-27479.9351666161,35540.079091508
"2018-07-27 01:00:00",456,4932.80516781384,-15683.2124385507,25548.8227741783,-26596.672926926,36462.2832625537
"2018-07-27 02:00:00",344,4589.64196978491,-16039.0627288216,25218.3466683914,-26959.2393581384,36138.5232977082
"2018-07-27 03:00:00",390,2712.54284520422,-17928.8188875505,23353.9045779589,-28855.695746015,34280.7814364234
"2018-07-27 04:00:00",836,1301.48279356838,-19352.5147097705,21955.4802969073,-30286.0805411319,32889.0461282687
"2018-07-27 05:00:00",2945,822.446424067938,-19844.1709440675,21489.0637922034,-30784.4173283105,32429.3101764464
"2018-07-27 06:00:00",5353,505.424452564603,-20173.8001268725,21184.6490320017,-31120.7203656414,32131.5692707706
"2018-07-27 07:00:00",5950,-154.588799521563,-20846.4099188705,20537.2323198274,-31799.9983630728,31490.8207640297
"2018-07-27 08:00:00",5232,-670.596787947376,-21375.0049807728,20033.8114048781,-32335.2566191803,30994.0630432856
"2018-07-27 09:00:00",4674,-1124.60159837343,-21841.5881308936,19592.3849341468,-32808.4983401217,30559.2951433748
"2018-07-27 10:00:00",4571,-1331.60449257534,-22061.1610786955,19397.9520935448,-33034.7254723503,30371.5164871996
"2018-07-27 11:00:00",4813,-1449.60623308371,-22191.7248619936,19292.5123958262,-33171.9391994086,30272.7267332412
"2018-07-27 12:00:00",5121,-1319.60727925679,-22074.2801112917,19435.0655527782,-33061.140242399,30421.9256838854
"2018-07-27 13:00:00",5228,-796.607907796211,-21563.8272117154,19970.611396123,-32557.3290438433,30964.1132282508
"2018-07-27 14:00:00",5400,1255.39171469033,-19524.3664005114,22035.1498298921,-30524.5058783824,33035.289307763
"2018-07-27 15:00:00",5795,4299.39148800914,-16492.8978257567,25091.680801775,-27499.6709194409,36098.4538954592
"2018-07-27 16:00:00",6254,4872.39135192953,-15932.4215818713,25677.2042857304,-26945.8242795379,36690.606983397
"2018-07-27 17:00:00",5160,4221.39127025377,-16595.937730998,25038.7202715055,-27615.9660345504,36058.7485750579
"2018-07-27 18:00:00",4303,3936.39122123883,-16893.446315856,24766.2287583336,-27920.0962383018,35792.8786807795
"2018-07-27 19:00:00",3506,2903.39119182805,-17938.9473674798,23745.7297511359,-28972.2149313437,34778.9973149998
"2018-07-27 20:00:00",3184,3070.39117418231,-17784.4409098704,23925.2232582351,-28824.3221462325,34965.1044945971
"2018-07-27 21:00:00",3191,3320.39116359618,-17546.9269627889,24187.7092899813,-28593.4179106991,35234.2002378915
"2018-07-27 22:00:00",3112,3241.39115724576,-17638.4055434358,24121.1878579274,-28691.5022495549,35174.2845640464
"2018-07-27 23:00:00",2048,3532.39115343649,-17359.8766674589,24424.6589743319,-28419.5751858336,35484.3574927066
"2018-07-28 00:00:00",1225,4219.39115115163,-16685.3403495584,25124.1226518616,-27751.6367414795,36190.4190437827
"2018-07-28 01:00:00",871,5316.39114978117,-15600.7966038495,26233.5789034118,-26673.6869377568,37306.4692373191
"2018-07-28 02:00:00",581,4366.39114895921,-16563.2454440821,25296.0277420005,-27642.7257955005,36375.5080934189
"2018-07-28 03:00:00",384,2272.39114846623,-18669.68688377,23214.4691807024,-29755.7533352618,34300.5356321943
"2018-07-28 04:00:00",451,1268.39114817057,-19686.1209362707,22222.9032326119,-30778.7695773999,33315.551873741
"2018-07-28 05:00:00",902,1256.39114799324,-19710.5476148315,22223.329910818,-30809.7745421325,33322.556838119
"2018-07-28 06:00:00",1530,2078.39114788689,-18900.9669326192,23057.7492283929,-30006.7682495718,34163.5505453455
"2018-07-28 07:00:00",1974,1264.39114782313,-19727.378902736,22256.1611983822,-30839.7507197407,33368.533015387
"2018-07-28 08:00:00",2713,-447.608852215123,-21451.7835382304,20556.5658338002,-32570.7219725862,31675.5042681559
"2018-07-28 09:00:00",3457,-985.608852238065,-22002.1808521034,20030.9631476273,-33127.6820279861,31156.46432351
"2018-07-28 10:00:00",3639,-1196.60885225182,-22225.5708573122,19832.3531528085,-33357.6309057535,30964.4132012498
"2018-07-28 11:00:00",4009,-1325.60885226007,-22366.9535667727,19715.7358622525,-33505.5686256397,30854.3509211196
"2018-07-28 12:00:00",4158,-1278.60885226502,-22332.3289933605,19775.1112888304,-33477.495207335,30920.277502805
"2018-07-28 13:00:00",4229,-751.608852267996,-21817.6971499127,20314.4794453767,-32969.4106704715,31466.1929659355
"2018-07-28 14:00:00",4175,1290.39114773023,-19788.0580492279,22368.8403446884,-30946.3150346223,33527.0973300828
"2018-07-28 15:00:00",3948,3996.39114772917,-17094.4117040665,25087.1939995249,-28259.2083193027,36251.990614761
"2018-07-28 16:00:00",3974,4398.39114772853,-16704.7581271519,25501.5404226089,-27876.090543971,36672.8728394281
"2018-07-28 17:00:00",4007,4478.39114772814,-16637.0973311692,25593.8796266255,-27814.9617280278,36771.744023484
"2018-07-28 18:00:00",3657,3670.39114772791,-17457.4293287669,24798.2116242227,-28641.8218908169,35982.6041862727
"2018-07-28 19:00:00",3247,2965.39114772777,-18174.7541325573,24105.5364280128,-29365.6710516271,35296.4533470827
"2018-07-28 20:00:00",2937,3112.3911477277,-18040.0717551144,24264.8540505698,-29237.5092296888,35462.2915251442
"2018-07-28 21:00:00",3001,3239.39114772764,-17925.3822089768,24404.1645044321,-29129.3364441781,35608.1187396334
"2018-07-28 22:00:00",3005,3339.39114772761,-17837.685506646,24516.4678021012,-29048.1527142144,35726.9350096696
"2018-07-28 23:00:00",1968,3187.39114772757,-18001.9816605879,24376.763956043,-29218.9580588625,35593.7403543177
"2018-07-29 00:00:00",1487,3659.39114772756,-17542.2706832312,24861.0529786864,-28765.7524971308,36084.5347925859
"2018-07-29 01:00:00",924,4652.39114772756,-16561.5525869694,25866.3348824245,-27791.536047973,37096.3183434281
"2018-07-29 02:00:00",869,4189.39114772755,-17036.82738416,25415.6096796151,-28273.3087302886,36652.0910257437
"2018-07-29 03:00:00",546,2628.39114772754,-18610.0950871244,23866.8773825795,-29853.0705629217,35109.8528583768
"2018-07-29 04:00:00",378,1376.39114772755,-19874.3557081492,22627.1380036043,-31123.8215646627,33876.6038601178
"2018-07-29 05:00:00",657,1035.39114772754,-20227.6092594845,22298.3915549396,-31483.5617542466,33554.3440497017
"2018-07-29 06:00:00",1210,535.391147727544,-20739.8557533465,21810.6380488016,-32002.2911503566,33073.0734458117
"2018-07-29 07:00:00",1286,44.3911477275524,-21243.0952019151,21331.8774973702,-32512.0097716201,32600.7920670752
"2018-07-29 08:00:00",1866,-600.60885227245,-21900.3276173354,20699.1099127905,-33175.7176366115,31974.4999320666
"2018-07-29 09:00:00",2855,-1057.60885227244,-22369.553011718,20254.3353071732,-33651.4147638524,31536.1970593075
"2018-07-29 10:00:00",3500,-1306.60885227244,-22630.7713971389,20017.553692594,-33919.1011718113,31305.8834672664
"2018-07-29 11:00:00",3824,-1414.60885227244,-22750.9827856389,19921.765081094,-34045.7768789031,31216.5591743582
"2018-07-29 12:00:00",4016,-1285.60885227244,-22634.1871892249,20062.96948468,-33935.4419034908,31364.2241989459
"2018-07-29 13:00:00",4489,-848.608852272442,-22209.3846198692,20512.1669153243,-33517.0962638846,31819.8785593397
"2018-07-29 14:00:00",4435,1245.39114772756,-20127.5750895103,22618.3573849654,-31441.7399783425,33932.5222737977
"2018-07-29 15:00:00",4412,4005.39114772755,-17379.758610052,25390.5409055071,-28700.37306507,36711.1553605251
"2018-07-29 16:00:00",4485,4589.39114772755,-16807.9351933652,25986.7174888203,-28134.9955422221,37313.7778376772
"2018-07-29 17:00:00",4146,4326.39114772755,-17083.1048512857,25735.8871467408,-28416.6074279001,37069.3897233552
"2018-07-29 18:00:00",3947,3819.39114772755,-17602.2675956173,25241.0498910724,-28942.2087401564,36580.9910356115
"2018-07-29 19:00:00",3604,2937.39114772754,-18496.4234381289,24371.205733584,-29842.7994969898,35717.5817924449
"2018-07-29 20:00:00",3344,3241.39114772755,-18204.572390557,24687.3546860121,-29557.3797163498,36040.1620118049
"2018-07-29 21:00:00",2794,3397.39114772755,-18060.7144646043,24855.4967600594,-29419.9494161341,36214.7317115892
"2018-07-29 22:00:00",2084,3586.39114772754,-17883.8496719405,25056.6319673956,-29249.5086141901,36422.2909096452
"2018-07-29 23:00:00",1224,3759.39114772753,-17722.9780242027,25241.7603196578,-29095.0573283151,36613.8396237702
"2018-07-30 00:00:00",640,4318.39114772754,-17176.0995329946,25812.8818284496,-28554.5955762553,37191.3778717104
"2018-07-30 01:00:00",384,5106.39114772753,-16400.2142098877,26612.9965053428,-27785.1233757082,37997.9056711633
"2018-07-30 02:00:00",317,4819.39114772753,-16699.3220664209,26338.104361876,-28090.6407443207,37729.4230397757
"2018-07-30 03:00:00",333,3379.39114772753,-18151.4231141001,24910.2054095552,-29549.1476996895,36307.9299951446
"2018-07-30 04:00:00",915,1666.39114772756,-19876.5173643994,23209.2996598545,-31280.6442593628,34613.426554818
"2018-07-30 05:00:00",3051,1177.39114772757,-20377.6048287607,22732.3871242158,-31788.1304408398,34142.9127362949
"2018-07-30 06:00:00",5560,1425.39114772757,-20141.6855185937,22992.4678140488,-31558.6062615696,34409.3885570247
"2018-07-30 07:00:00",6313,743.391147727573,-20835.7594452764,22322.5417407315,-32259.0717389536,33745.8540344087
"2018-07-30 08:00:00",5427,-332.608852272425,-21923.8266201542,21258.6089156094,-33353.5268903433,32688.3091857984
"2018-07-30 09:00:00",4638,-900.60885227242,-22503.8870545417,20702.6693499969,-33939.9717330425,32138.7540284977
"2018-07-30 10:00:00",4233,-1236.60885227242,-22851.9407597219,20378.7230551771,-34294.4062843072,31821.1885797624
"2018-07-30 11:00:00",4491,-1314.60885227241,-22941.9877469457,20312.7700424009,-34390.8305613442,31761.6128567994
"2018-07-30 12:00:00",4522,-1224.60885227241,-22864.028027433,20414.8103228882,-34319.244581313,31870.0268767682
"2018-07-30 13:00:00",4625,-826.608852272408,-22478.0616123731,20824.8439078283,-33939.6483613259,32286.4306567811
"2018-07-30 14:00:00",4808,1046.3911477276,-20617.0885129231,22709.8708083783,-32085.0419184463,34177.8242139015
"2018-07-30 15:00:00",5483,3855.3911477276,-17820.1087402099,25530.8910356651,-29294.4252696915,37005.2075651467
"2018-07-30 16:00:00",5632,4925.39114772759,-16762.1223053294,26612.9046007846,-28242.7984320309,38093.5807274861
"2018-07-30 17:00:00",5590,4115.39114772759,-17584.1292193472,25814.9115148024,-29071.1614223881,37301.9437178433
"2018-07-30 18:00:00",4288,3417.3911477276,-18294.1294932971,25128.9117887523,-29787.5142576378,36622.296553093
"2018-07-30 19:00:00",3190,2994.39114772762,-18729.1231381839,24717.9054336392,-30228.8569546104,36217.6392500656
"2018-07-30 20:00:00",2911,3308.39114772762,-18427.1101649809,25043.8924604362,-29933.189530088,36549.9718255433
"2018-07-30 21:00:00",2431,3734.39114772762,-18013.0905846319,25481.8728800871,-29525.5120008078,36994.294296263
"2018-07-30 22:00:00",1742,3815.39114772761,-17944.0644080502,25574.8467035054,-29462.8243834602,37093.6066789155
"2018-07-30 23:00:00",1116,3895.39114772761,-17876.0316461191,25666.8139415743,-29401.1266946899,37191.9089901452
"2018-07-31 00:00:00",625,4191.3911477276,-17591.9923096918,25974.774605147,-29123.4189510954,37506.2012465506
"2018-07-31 01:00:00",368,3417.39114772765,-18377.9464095926,25212.7287050479,-29915.7011692308,36750.4834646861
"2018-07-31 02:00:00",299,3737.39114772768,-18069.8939566151,25544.6762520704,-29613.9733656038,37088.7556610591
"2018-07-31 03:00:00",352,2648.3911477277,-19170.8349615239,24467.6172569793,-30721.2355566774,36018.0178521328
"2018-07-31 04:00:00",819,1768.3911477277,-20062.7694350539,23599.5517305093,-31619.4877588689,35156.2700543243
"2018-07-31 05:00:00",2764,1158.3911477277,-20684.697387911,23001.4796833664,-32247.7299885519,34564.5122840073
"2018-07-31 06:00:00",4240,987.391147727702,-20867.6188307717,22842.4011262271,-32436.9622620544,34411.7445575098
"2018-07-31 07:00:00",5655,944.391147727702,-20922.5337742832,22811.3160697386,-32498.1845956603,34386.9668911157
"2018-07-31 08:00:00",5960,7.39114772770426,-21871.4422290641,21886.2245245195,-33453.3970056089,33468.1793010643
"2018-07-31 09:00:00",4925,-637.608852272293,-22528.3442057037,21253.1265011592,-34116.5995080955,32841.3818035509
"2018-07-31 10:00:00",4455,-1010.60885227229,-22913.2397147629,20892.0220102183,-34507.7921192714,32486.5744147268
"2018-07-31 11:00:00",4727,-1198.6088522723,-23113.1287667737,20715.9110622291,-34713.9748552439,32316.7571506993
"2018-07-31 12:00:00",4998,-1316.6088522723,-23243.0113722399,20609.7936676953,-34850.1477320773,32216.9300275327
"2018-07-31 13:00:00",4875,-1297.6088522723,-23235.8875416362,20640.6698370916,-34849.3107657911,32254.0930612465
"2018-07-31 14:00:00",4922,-988.608852272312,-22938.7572854095,20961.5395808649,-34558.4639723627,32581.2462678181
"2018-07-31 15:00:00",5722,-425.608852272311,-22387.6206139783,21536.4029094337,-34013.6073677255,33162.3896631809
"2018-07-31 16:00:00",6357,288.391147727683,-21685.4775377328,22262.2598331882,-33317.7409677702,33894.5232632256
"2018-07-31 17:00:00",5912,1121.39114772769,-20864.3280670358,23107.1103624912,-32502.8647883453,34745.6470838007
"2018-07-31 18:00:00",4740,1820.39114772769,-20177.1722122212,23817.9545076766,-31821.978845255,35462.7611407104
"2018-07-31 19:00:00",3288,2310.39114772769,-19699.0099835964,24319.7922790517,-31350.0831542632,35970.8654497186
"2018-07-31 20:00:00",3076,2894.39114772771,-19126.8413914394,24915.6236868949,-30784.1777310889,36572.9600265443
"2018-07-31 21:00:00",2686,3168.39114772771,-18864.6664460023,25201.4487414577,-30528.262591411,36865.0448868664
"2018-07-31 22:00:00",2152,3167.39114772772,-18877.485157509,25212.2674529645,-30547.3377508659,36882.1200463213
"2018-07-31 23:00:00",1263,3095.39114772773,-18961.2975361556,25152.0798316111,-30637.4032250469,36828.1855205024
"2018-08-01 00:00:00",662,3221.39114772773,-18847.1035921112,25289.8858875666,-30529.4590295066,36972.241324962
"2018-08-01 01:00:00",398,3225.39114772773,-18854.9033355181,25305.6856309736,-30543.5051797562,36994.2874752116
"2018-08-01 02:00:00",352,3125.39114772772,-18966.696776491,25217.4790719464,-30661.5416912646,36912.3239867201
"2018-08-01 03:00:00",409,2742.39114772772,-19361.4839251179,24846.2662205733,-31062.5685794604,36547.3508749158
"2018-08-01 04:00:00",908,1752.39114772773,-20363.2647914598,23868.0470869153,-32070.5858597304,35575.3681551858
"2018-08-01 05:00:00",3063,1049.39114772774,-21078.0393855511,23176.8216810066,-32791.5935474208,34890.3758428763
"2018-08-01 06:00:00",5431,1846.39114772774,-20292.807717399,23985.5900128545,-32012.5916578364,35705.3739532919
"2018-08-01 07:00:00",5853,2196.39114772773,-19954.5697969848,24347.3520924403,-31680.5802062423,36073.3625016977
"2018-08-01 08:00:00",5873,373.391147727731,-21789.3256342629,22536.1079297184,-33521.5592078625,34268.3415033179
"2018-08-01 09:00:00",5068,-114.608852272253,-22289.0752391618,22059.8575346173,-34027.5286778811,33798.3109733366
"2018-08-01 10:00:00",4665,-1039.60885227225,-23225.8186215827,21146.6009170382,-34970.4886314409,32891.2709268963
"2018-08-01 11:00:00",4986,-1307.60885227225,-23505.5557914014,20890.3380868569,-35256.4390836455,32641.221379101
"2018-08-01 12:00:00",5141,-1421.60885227225,-23631.2867584678,20788.0690539233,-35388.3800495592,32545.1623450147
"2018-08-01 13:00:00",4874,-1381.60885227225,-23603.0115326051,20839.7938280606,-35366.3115442049,32603.0938396604
"2018-08-01 14:00:00",5044,-1199.60885227224,-23432.7301236113,21033.5124190669,-35202.2335825679,32803.0158780234
"2018-08-01 15:00:00",5655,-845.608852272245,-23090.4425412574,21399.2248367129,-34866.1461795912,33174.9284750467
"2018-08-01 16:00:00",6455,-459.608852272245,-22716.1487952906,21796.9310907461,-34498.0493501821,33578.8316456376
"2018-08-01 17:00:00",5773,390.391147727756,-21877.8488954307,22658.6311908862,-33665.9431092056,34446.7254046612
"2018-08-01 18:00:00",4500,1305.39114772777,-20974.542851373,23585.3251468286,-32768.8274714896,35379.6097669452
"2018-08-01 19:00:00",3389,1923.39114772777,-20368.2306727868,24215.0129682423,-32168.7024518217,36015.4847472773
"2018-08-01 20:00:00",2992,2345.39114772777,-19957.9123693164,24648.6946647719,-31764.5680649519,36455.3503604074
"2018-08-01 21:00:00",2559,2587.39114772777,-19727.5879505808,24902.3702460364,-31540.424325591,36715.2066210465
"2018-08-01 22:00:00",2344,2640.39114772777,-19686.257426174,24967.0397216296,-31505.2712484118,36786.0535438674
"2018-08-01 23:00:00",1320,2634.39114772776,-19703.9208056645,24972.70310112,-31529.108848048,36797.8911435035
"2018-08-02 00:00:00",709,2856.39114772776,-19493.578098596,25206.3603940515,-31324.9371390956,37037.7194345511
"2018-08-02 01:00:00",413,3075.39114772776,-19286.2293144876,25437.0116099431,-31123.7561361126,37274.5384315681
"2018-08-02 02:00:00",324,2566.39114772775,-19806.8744628336,24939.6567582891,-31650.5658536194,36783.3481490749
"2018-08-02 03:00:00",403,2096.39114772775,-20288.5135531031,24481.2958485586,-32138.3663060978,36331.1486015533
"2018-08-02 04:00:00",887,1219.39114772774,-21177.1465947412,23615.9288901967,-33033.1575079927,35471.9398034482
"2018-08-02 05:00:00",3091,604.39114772774,-21803.7735971681,23012.5558926235,-33665.939473711,34874.7217691665
"2018-08-02 06:00:00",5589,243.39114772774,-22176.3945697796,22663.1768652351,-34044.7122176226,34531.4945130781
"2018-08-02 07:00:00",6435,-345.608852272266,-22777.0095219474,22085.7918174028,-34651.47575406,33960.2580495155
"2018-08-02 08:00:00",5736,-807.608852272242,-23250.6184630187,21635.4007584742,-35131.2300973188,33516.0123927743
"2018-08-02 09:00:00",4976,-1199.60885227227,-23654.2214023167,21255.0036977722,-35540.9752616573,33141.7575571128
"2018-08-02 10:00:00",4388,-1338.60885227227,-23804.8183491403,21127.6006445957,-35697.7112612971,33020.4935567525
"2018-08-02 11:00:00",4652,-1482.60885227227,-23960.4093127648,20995.1916082203,-35859.4381104236,32894.2204058791
"2018-08-02 12:00:00",4977,-1335.60885227226,-23824.9943024413,21153.7765978968,-35730.155823185,33058.9381186404
"2018-08-02 13:00:00",4931,-871.439342916927,-23393.3955585539,21650.51687272,-35315.7990010303,33572.9203151964
"2018-08-02 14:00:00",5104,1101.17799094552,-21448.3624271102,23650.7184090012,-33385.368064295,35587.724046186
"2018-08-02 15:00:00",5707,4133.87941351718,-18437.4083500609,26705.1671770953,-30385.9263365567,38653.685163591
"2018-08-02 16:00:00",6303,4471.5086615373,-18119.3939100719,27062.4112331465,-30078.2953487223,39021.3126717969
"2018-08-02 17:00:00",5783,4064.13661221555,-18544.1224015159,26672.395625947,-30512.2117856239,38640.485010055
"2018-08-02 18:00:00",4569,3370.40346750096,-19253.5590155133,25994.3659505152,-31229.9613141142,37970.7682491162
"2018-08-02 19:00:00",3570,2709.92574716251,-19928.7930162745,25348.6445105995,-31913.006817874,37332.858312199
"2018-08-02 20:00:00",3103,2793.95048209759,-19858.8973063156,25446.7982705108,-31850.5905619378,37438.491526133
"2018-08-02 21:00:00",3023,3134.12115768528,-19532.444892143,25800.6872075135,-31531.4001566933,37799.6424720639
"2018-08-02 22:00:00",2303,3120.98151216312,-19559.0501549644,25801.0131792906,-31565.1336867269,37807.0967110531
"2018-08-02 23:00:00",1379,3276.26806291631,-19417.0693977195,25969.6055235521,-31430.1965910897,37982.7327169223
"2018-08-03 00:00:00",778,3918.83137229448,-18787.7094698733,26625.3722144623,-30807.8261112259,38645.4888558148
"2018-08-03 01:00:00",435,4821.56457766236,-17898.1142349959,27541.2433903206,-29925.185697817,39568.3148531417
"2018-08-03 02:00:00",371,4478.40137963343,-18254.3725546453,27211.1753139121,-30288.3761561134,39245.1789153802
"2018-08-03 03:00:00",398,2601.30225505274,-20144.5377169825,25347.142227088,-32185.4580610301,37388.0625711355
"2018-08-03 04:00:00",853,1190.2422034169,-21568.6432308185,23949.1276376523,-33616.4694254038,35996.9538322376
"2018-08-03 05:00:00",2900,711.205833916458,-22060.7096706109,23483.1213384438,-34115.4335677499,35537.8452355829
"2018-08-03 06:00:00",5265,394.183862413122,-22390.7494670157,23179.117191842,-34452.3645843904,35240.7323092166
"2018-08-03 07:00:00",5783,-265.829389673044,-23063.7702160496,22532.1114367035,-35132.2710863714,34600.6123070253
"2018-08-03 08:00:00",5213,-781.837378098856,-23592.7765388445,22029.1017826468,-35668.1583117373,34104.4835555396
"2018-08-03 09:00:00",4577,-1235.84218852491,-24059.7712293544,21588.0868523046,-36142.02942939,33670.3450523402
"2018-08-03 10:00:00",4384,-1442.84508272682,-24279.7559818513,21394.0658163976,-36368.886362551,33483.1961970974
"2018-08-03 11:00:00",4820,-1560.84682323519,-24410.7318245009,21289.0381780305,-36506.7302800051,33385.0366335347
"2018-08-03 12:00:00",5073,-1430.84786940827,-24293.699381502,21432.0036426854,-36396.5618932122,33534.8661543957
"2018-08-03 13:00:00",5067,-907.848497947692,-23783.6590336891,21967.9620377937,-35893.3816381315,34077.6846422361
"2018-08-03 14:00:00",5456,1144.15112453885,-21744.6110152315,24032.9132643092,-33861.1897846971,36149.4920337748
"2018-08-03 15:00:00",5646,4188.15089785766,-18713.5554718602,27089.8572675756,-30836.9865027462,39213.2882984615
"2018-08-03 16:00:00",5888,4761.15076177804,-18153.4924960918,27675.7940196479,-30283.7719018862,39806.0734254423
"2018-08-03 17:00:00",5135,4110.15068010229,-18817.4221484322,27037.7235086368,-30954.5460554914,39174.847415696
"2018-08-03 18:00:00",4753,3825.15063108735,-19115.3444701276,26765.6457323023,-31259.309015132,38909.6102773067
"2018-08-03 19:00:00",3767,2792.15060167657,-20161.259490839,25745.5606941921,-32312.060819259,37896.3620226121
"2018-08-03 20:00:00",3461,2959.15058403083,-20007.1672332565,25925.4684013181,-32164.8014984241,38083.1026664858
"2018-08-03 21:00:00",2632,3209.1505734447,-19770.0677158698,26188.3688627592,-31934.531078414,38352.8322253034
"2018-08-03 22:00:00",2594,3130.15056709428,-19861.9609546346,26122.2620888231,-32033.2495821357,38293.5507163243
"2018-08-03 23:00:00",1833,3421.15056328501,-19583.8469639713,26426.1480905413,-31761.9570307466,38604.2581573166
"2018-08-04 00:00:00",1078,4108.15056100014,-18909.7257573665,27126.0268793668,-31094.6534443343,39310.9545663346
"2018-08-04 01:00:00",668,5205.15055962969,-17825.5973477314,28235.8984669908,-30017.3388423218,40427.6399615812
"2018-08-04 02:00:00",519,4255.15055880773,-18788.4617476207,27298.7628652362,-30987.0132437161,39497.3143613315
"2018-08-04 03:00:00",362,2161.15055831474,-20895.3189693598,25217.6200859893,-33100.6766672513,37422.9777838808
"2018-08-04 04:00:00",423,1157.15055801909,-21912.1690251252,24226.4701411634,-34124.3291314798,36438.630247518
"2018-08-04 05:00:00",850,1145.15055784176,-21937.0119269884,24227.3130426719,-34155.9706548218,36446.2717705053
"2018-08-04 06:00:00",1427,1967.15055773541,-21127.8476869475,25062.1488024183,-33353.6012556015,37287.9023710723
"2018-08-04 07:00:00",1817,1153.15055767165,-21954.676316941,24260.9774322843,-34187.2209520624,36493.5220674057
"2018-08-04 08:00:00",2559,-558.849442366604,-23679.4978288598,22561.7989441266,-35918.8297623811,34801.1308776478
"2018-08-04 09:00:00",3477,-1096.84944238955,-24230.3122345528,22036.6133497737,-36476.4277046733,34282.7288198942
"2018-08-04 10:00:00",3962,-1307.8494424033,-24454.1195458306,21838.420661024,-36707.0147969985,34091.3159121919
"2018-08-04 11:00:00",4236,-1436.84944241155,-24595.9197744682,21722.2208896451,-36855.5910573633,33981.8921725402
"2018-08-04 12:00:00",4263,-1389.8494424165,-24561.7129322056,21782.0140473726,-36828.1565037211,34048.4576188881
"2018-08-04 13:00:00",4552,-862.849442419477,-24047.4990307499,22321.8001459109,-36320.7111539758,34595.0122691368
"2018-08-04 14:00:00",4379,1179.15055757874,-22018.2780817749,24376.5791969324,-34298.2550259805,36656.556141138
"2018-08-04 15:00:00",4493,3885.15055757768,-19325.0500969216,27095.351212077,-31611.7881375383,39382.0892526937
"2018-08-04 16:00:00",4300,4287.15055757705,-18935.8150877996,27510.1162029537,-31229.3105064043,39803.6116215584
"2018-08-04 17:00:00",4602,4367.15055757666,-18868.5730659853,27602.8741811386,-31168.8221502832,39903.1232654365
"2018-08-04 18:00:00",4087,3559.15055757642,-19689.3240430237,26807.6251581765,-31996.3230868312,39114.6242019841
"2018-08-04 19:00:00",3237,2854.15055757629,-20407.0680304291,26115.3691455817,-32720.8133336583,38429.1144488109
"2018-08-04 20:00:00",2962,3001.15055757621,-20272.8050396824,26275.1061548348,-32593.2929083225,38595.594023475
"2018-08-04 21:00:00",2938,3128.15055757616,-20158.5350822347,26414.836197387,-32485.761828337,38742.0629434893
"2018-08-04 22:00:00",2573,3228.15055757613,-20071.2581695047,26527.5592846569,-32405.2201111653,38861.5212263175
"2018-08-04 23:00:00",2015,3076.15055757609,-20235.974312881,26388.2754280332,-32576.6677742246,38728.9688893767
"2018-08-05 00:00:00",1323,3548.15055757608,-19776.68352372,26872.9846388722,-32124.104834883,39220.4059500351
"2018-08-05 01:00:00",812,4541.15055757608,-18796.3858133478,27878.6869284999,-31150.5313104622,40232.8324256144
"2018-08-05 02:00:00",689,4078.15055757606,-19272.0811930598,27428.3823082119,-31632.9472182373,39789.2483333894
"2018-08-05 03:00:00",396,2517.15055757606,-20845.7696741202,25880.0707892723,-33213.3525754352,38247.6536905873
"2018-08-05 04:00:00",356,1265.15055757606,-22110.4512677634,24640.7523829155,-34484.7473992374,37015.0485143895
"2018-08-05 05:00:00",504,924.150557576059,-22464.1259851921,24312.4271003443,-34845.1317067772,36693.4328219293
"2018-08-05 06:00:00",962,424.150557576063,-22976.7938375806,23825.0949527328,-35364.5055151439,36212.806630296
"2018-08-05 07:00:00",1210,-66.8494424239288,-23480.4548360712,23346.7559512234,-35874.8688413783,35741.1699565305
"2018-08-05 08:00:00",1903,-711.849442423931,-24138.1089917764,22714.4101069286,-36539.2217024756,35115.5228176277
"2018-08-05 09:00:00",3030,-1168.84944242392,-24607.7563157794,22270.0574309316,-37015.564115386,34677.8652305381
"2018-08-05 10:00:00",3735,-1417.84944242393,-24869.3968191332,22033.6979342853,-37283.8960970135,34448.1972121656
"2018-08-05 11:00:00",4072,-1525.84944242393,-24990.0305128606,21938.3316280128,-37411.2176642163,34359.5187793684
"2018-08-05 12:00:00",4454,-1396.84944242392,-24873.6574079556,22079.9585231077,-37301.5288338079,34507.82994896
"2018-08-05 13:00:00",4507,-959.849442423923,-24449.2775153816,22529.5786305338,-36883.8296225558,34964.1307377079
"2018-08-05 14:00:00",4396,1134.15055757607,-22367.8908460736,24636.1919612258,-34809.1200471833,37077.4211623354
"2018-08-05 15:00:00",4595,3894.15055757607,-19620.4974109362,27408.7985260884,-32068.4001243677,39856.7012395198
"2018-08-05 16:00:00",4875,4478.15055757606,-19049.0972208462,28005.3983359983,-31503.6698707435,40459.9709858956
"2018-08-05 17:00:00",4555,4215.15055757607,-19324.6902866494,27754.9914018015,-31785.9293028981,40216.2304180502
"2018-08-05 18:00:00",4229,3708.15055757607,-19844.2766191647,27260.5777343168,-32312.1784373775,39728.4795525296
"2018-08-05 19:00:00",3684,2826.15055757606,-20738.8562291803,26391.1573443325,-33213.4172906808,38865.718405833
"2018-08-05 20:00:00",3316,3130.15055757606,-20447.429127457,26707.7302426091,-32928.6458792652,39188.9469944174
"2018-08-05 21:00:00",2735,3286.15055757607,-20303.995324726,26876.2964398781,-32791.8642195427,39364.1653346948
"2018-08-05 22:00:00",2109,3475.15055757606,-20127.55483169,27077.8559468421,-32622.0723278818,39572.373443034
"2018-08-05 23:00:00",1560,3648.15055757605,-19967.107659024,27263.4087741761,-32468.2702206083,39764.5713357604
"2018-08-06 00:00:00",703,4207.15055757605,-19420.6538173738,27834.9549325259,-31928.4579140036,40342.7590291557
"2018-08-06 01:00:00",421,4995.15055757605,-18645.1933173574,28635.4944325095,-31159.6354243066,41149.9365394587
"2018-08-06 02:00:00",327,4708.15055757605,-18944.7261695647,28361.0272847168,-31465.802767713,40882.1038828651
"2018-08-06 03:00:00",375,3268.15055757605,-20397.252384557,26933.5534997091,-32924.9599603751,39461.2610755272
"2018-08-06 04:00:00",890,1555.15055757608,-22122.7719728681,25233.0730880203,-34657.1070184028,37767.408133555
"2018-08-06 05:00:00",3047,1066.15055757609,-22624.2849450043,24756.5860601565,-35165.2439578643,37297.5450730165
"2018-08-06 06:00:00",5580,1314.15055757609,-22388.7913114436,25017.0924265957,-34936.370794784,37564.6719099362
"2018-08-06 07:00:00",6280,632.150557576092,-23083.2910826367,24347.5921977889,-35637.4875451453,36901.7886602974
"2018-08-06 08:00:00",5582,-443.849442423907,-24171.7842690063,23284.0853841585,-36732.5942248878,35844.89534004
"2018-08-06 09:00:00",4694,-1011.8494424239,-24752.2708809481,22728.5719961003,-37319.6908499109,35295.9919650631
"2018-08-06 10:00:00",4357,-1347.8494424239,-25100.7509288308,22405.052043983,-37674.7774360718,34979.078551224
"2018-08-06 11:00:00",4432,-1425.84944242389,-25191.224422995,22339.5255381472,-37771.8539991852,34920.1551143374
"2018-08-06 12:00:00",4606,-1335.84944242389,-25113.6913737547,22441.9924889069,-37700.920555025,35029.2216701773
"2018-08-06 13:00:00",4669,-937.84944242389,-24728.1517913973,22852.4529065495,-37321.9771193244,35446.2782344766
"2018-08-06 14:00:00",4814,935.150557576116,-22867.6056861821,24737.9068013343,-35468.0237077737,37338.3248229259
"2018-08-06 15:00:00",5395,3744.15055757612,-20071.0530683427,27559.3541834949,-32678.0603360237,40166.361451176
"2018-08-06 16:00:00",6651,4814.15055757611,-19013.4939480852,28641.7950632374,-31627.0870196836,41255.3881348358
"2018-08-06 17:00:00",5590,4004.15055757611,-19835.9283355901,27844.2294507423,-32456.1037743227,40464.404889475
"2018-08-06 18:00:00",4308,3306.15055757611,-20546.3562410098,27158.657356162,-33173.110615468,39785.4117306202
"2018-08-06 19:00:00",3314,2883.15055757613,-20981.7776744718,26748.0787896241,-33615.1075586083,39381.4086737605
"2018-08-06 20:00:00",2795,3197.15055757614,-20680.1926460762,27074.4937612284,-33320.09461919,39714.3957343423
"2018-08-06 21:00:00",2330,3623.15055757613,-20266.6011658973,27512.9022810496,-32913.0718126209,40159.3729277732
"2018-08-06 22:00:00",1723,3704.15055757613,-20198.0032439835,27606.3043591358,-32851.0391542683,40259.3402694205
"2018-08-06 23:00:00",1148,3784.15055757612,-20130.3988903567,27698.700005509,-32789.9966594594,40358.2977746116
"2018-08-07 00:00:00",606,4080.15055757612,-19846.7881150125,28007.0892301648,-32512.9443434813,40673.2454586336
"2018-08-07 01:00:00",376,3306.15055757616,-20633.1709279218,27245.4720430741,-33305.8822215832,39918.1833367355
"2018-08-07 02:00:00",288,3626.15055757619,-20325.5473390288,27577.8484541812,-33004.8103089733,40257.1114241257
"2018-08-07 03:00:00",362,2537.15055757622,-21426.9173582523,26501.2184734048,-34112.7286208213,39187.0297359737
"2018-08-07 04:00:00",912,1657.15055757622,-22319.2809954852,25633.5821106376,-35011.6371722568,38325.9382874092
"2018-08-07 05:00:00",3153,1047.15055757622,-22941.6382605956,25035.939375748,-35640.5359783719,37734.8370935244
"2018-08-07 06:00:00",5814,876.150557576218,-23124.9891634256,24877.290278578,-35830.4250542188,37582.7261693712
"2018-08-07 07:00:00",5655,833.150557576219,-23180.3337137921,24846.6348289446,-35892.3044148113,37558.6055299638
"2018-08-07 08:00:00",5960,-103.849442423779,-24129.671921487,23921.9730366395,-36848.1740751246,36640.475190277
"2018-08-07 09:00:00",4925,-748.849442423777,-24787.0037962769,23289.3049114293,-37512.0340500954,36014.3351652479
"2018-08-07 10:00:00",4416,-1121.84944242378,-25172.3293479031,22928.6304630556,-37903.884354622,35660.1854697745
"2018-08-07 11:00:00",4515,-1309.84944242378,-25372.6485860827,22752.9497012351,-38110.7250035651,35491.0261187175
"2018-08-07 12:00:00",4940,-1427.84944242378,-25502.9615205073,22647.2626356598,-38247.556011747,35391.8571268995
"2018-08-07 13:00:00",4726,-1408.84944242378,-25496.2681608437,22678.5692759962,-38247.3773939516,35429.678509104
"2018-08-07 14:00:00",5040,-1099.8494424238,-25199.5685167346,22999.869631887,-37957.1891649262,35757.4902800786
"2018-08-07 15:00:00",5555,-536.849442423794,-24648.8625977973,23575.1637129497,-37412.9913393792,36339.2924545316
"2018-08-07 16:00:00",6471,177.1505575762,-23947.150413625,24301.4515287774,-36717.7839319822,37072.0850471346
"2018-08-07 17:00:00",5656,1010.1505575762,-23126.4319737871,25146.7330889395,-35903.5669573702,37923.8680725226
"2018-08-07 18:00:00",4121,1709.15055757621,-22439.7072878272,25858.0084029796,-35223.340430139,38641.6415452914
"2018-08-07 19:00:00",3272,2199.1505575762,-21961.9763652666,26360.277480419,-34752.10436485,39150.4054800024
"2018-08-07 20:00:00",2888,2783.15055757623,-21390.2392156002,26956.5403307527,-34186.8587760246,39753.1598911771
"2018-08-07 21:00:00",2532,3057.15055757623,-21128.4958483008,27242.7969634532,-33931.60367815,40045.9047933025
"2018-08-07 22:00:00",1771,3056.15055757624,-21141.7462728165,27254.0473879689,-33951.3390856761,40063.6402008285
"2018-08-07 23:00:00",1168,2984.15055757624,-21225.9904985708,27194.2916137233,-34042.0650130147,40010.3661281672
"2018-08-08 00:00:00",643,3110.15055757625,-21112.2285349641,27332.5296501166,-33934.7814745425,40155.082589695
"2018-08-08 01:00:00",393,3114.15055757625,-21120.4603913733,27348.7615065258,-33949.4884846002,40177.7895997527
"2018-08-08 02:00:00",295,3014.15055757624,-21232.686077151,27260.9871923034,-34068.1860574913,40096.4871726438
"2018-08-08 03:00:00",374,2631.15055757624,-21627.9056016266,26890.206716779,-34469.8742074841,39732.1753226366
"2018-08-08 04:00:00",912,1641.15055757625,-22630.1189741059,25912.4200892584,-35478.5529488105,38760.854063963
"2018-08-08 05:00:00",3119,938.150557576255,-23345.3262038714,25221.627319024,-36200.2222956669,38076.5234108194
"2018-08-08 06:00:00",5730,1735.15055757626,-22560.527300182,26030.8284153345,-35421.8822622133,38892.1833773658
"2018-08-08 07:00:00",6430,2085.15055757625,-22222.7222722739,26393.0233874264,-35090.5328625755,39260.833977728
"2018-08-08 08:00:00",5864,262.150557576248,-24057.9111293596,24582.2122445121,-36932.1741108429,37456.4752259954
"2018-08-08 09:00:00",4902,-225.849442423736,-24558.0938806292,24106.3949957817,-37438.8060210702,36987.1071362228
"2018-08-08 10:00:00",4610,-1150.84944242374,-25495.2705352487,23193.5716504012,-38382.4286072759,36080.7297224285
"2018-08-08 11:00:00",4838,-1418.84944242373,-25775.441102362,22937.7422175145,-38669.0418834444,35831.3429985969
"2018-08-08 12:00:00",5004,-1532.84944242373,-25901.6055910905,22835.9067062431,-38801.6458635254,35735.946978678
"2018-08-08 13:00:00",4741,-1492.84944242373,-25873.7640105318,22888.0651256843,-38780.2405614326,35794.5416765851
"2018-08-08 14:00:00",5128,-1310.84944242372,-25703.916369762,23082.2174849146,-38616.8259910469,35995.1271061994
"2018-08-08 15:00:00",5798,-956.849442423729,-25362.0626778329,23448.3637929854,-38281.4021662114,36367.703281364
"2018-08-08 16:00:00",6652,-570.849442423728,-24988.202943776,23846.5040589286,-37913.9691007391,36772.2702158917
"2018-08-08 17:00:00",6043,279.150557576273,-24150.3371765987,24708.6382917512,-37082.5268084053,37640.8279235578
"2018-08-08 18:00:00",4806,1194.15055757629,-23247.4653852869,25635.7665004394,-36186.0753029527,38574.3764181053
"2018-08-08 19:00:00",3655,1812.15055757629,-22641.5875788033,26265.8886939558,-35586.6145980888,39210.9157132414
"2018-08-08 20:00:00",3130,2234.15055757629,-22231.7037660894,26700.0048812419,-35183.1447074884,39651.445822641
"2018-08-08 21:00:00",3267,2476.15055757628,-22001.8139560639,26954.1150712165,-34959.6656447915,39911.966759944
"2018-08-08 22:00:00",2711,2529.15055757628,-21960.9181576242,27019.2192727768,-34925.1774236052,39983.4785387578
"2018-08-08 23:00:00",1478,2523.15055757628,-21979.0163796449,27025.3174947974,-34949.6800575022,39995.9811726548
"2018-08-09 00:00:00",801,2745.15055757627,-21769.1086309786,27259.4097461311,-34746.1735600216,40236.4746751741
"2018-08-09 01:00:00",482,2964.15055757627,-21562.194920457,27490.4960356096,-34545.6579446702,40473.9590598227
"2018-08-09 02:00:00",336,2455.15055757626,-22083.2752568899,26993.5763720424,-35073.1332249211,39983.4343400737
"2018-08-09 03:00:00",379,1985.15055757626,-22565.3496490643,26535.6507642169,-35561.5994142134,39531.9005293659
"2018-08-09 04:00:00",936,1108.15055757626,-23454.418105747,25670.7192208995,-36457.0565259542,38673.3576411068
"2018-08-09 05:00:00",3022,493.150557576257,-24081.4806356822,25067.7817508347,-37090.5045735171,38076.8056886696
"2018-08-09 06:00:00",5423,132.150557576257,-24454.5372475933,24718.8383627459,-37469.9435702433,37734.2446853958
"2018-08-09 07:00:00",6313,-456.849442423749,-25055.5879501822,24141.8890653347,-38077.3735294408,37163.6746445933
"2018-08-09 08:00:00",5908,-918.849442423725,-25529.6327521295,23691.933867282,-38557.7944643858,36720.0955795384
"2018-08-09 09:00:00",4788,-1310.84944242375,-25933.6716620941,23311.9727772466,-38968.2063883211,36346.5075034736
"2018-08-09 10:00:00",4517,-1449.84944242375,-26084.7046887143,23185.0058038668,-39125.6093144573,36225.9104296098
"2018-08-09 11:00:00",4675,-1593.84944242375,-26240.7318406075,23053.03295576,-39288.003255974,36100.3043711265
"2018-08-09 12:00:00",4927,-1446.84944242374,-26105.7531263694,23212.0542415219,-39159.3882260171,36265.6893411696
"2018-08-09 13:00:00",4990,-982.67993306841,-25673.6989975771,23708.3391314403,-38744.3349527506,36778.9750866138
"2018-08-09 14:00:00",5155,989.937400794041,-23728.4626883562,25708.3374899443,-36813.5932824198,38793.4680840079
"2018-08-09 15:00:00",5654,4022.6388233657,-20717.5755197703,28762.8531665017,-33814.253882346,41859.5315290774
"2018-08-09 16:00:00",6532,4360.26807138582,-20399.7186999171,29120.2548426887,-33506.8639537071,42227.4000964787
"2018-08-09 17:00:00",5871,3952.89602206407,-20824.6945429879,28730.486587116,-33941.1586822772,41846.9507264053
"2018-08-09 18:00:00",4426,3259.16287734948,-21534.4395014038,28052.7652561028,-34659.3797828615,41177.7055375604
"2018-08-09 19:00:00",3530,2598.68515701102,-22210.0147687227,27407.3850827448,-35342.9472087819,40540.317522804
"2018-08-09 20:00:00",3290,2682.7098919461,-22140.4812155681,27505.9009994603,-35281.0848238816,40646.5046077738
"2018-08-09 21:00:00",3176,3022.88056753379,-21814.4042160447,27860.1653511123,-34962.4685657972,41008.2297008648
"2018-08-09 22:00:00",2420,3009.74092201163,-21841.3928754046,27860.8747194279,-34996.7884502369,41016.2702942602
"2018-08-09 23:00:00",1406,3165.02747276483,-21699.8004939902,28029.8554395199,-34862.4453241759,41192.5002697056
"2018-08-10 00:00:00",731,3807.590782143,-21070.8321037002,28686.0136679862,-34240.6736493303,41855.8552136163
"2018-08-10 01:00:00",471,4710.32398751087,-20181.6304143445,29602.2783893663,-33358.6351118582,42779.28308688
"2018-08-10 02:00:00",374,4367.16078948194,-20538.2835903673,29272.6051693312,-33722.4294508658,42456.7510298297
"2018-08-10 03:00:00",404,2490.06166490126,-22428.8444970319,27408.9678268344,-35620.1165945021,40600.2399243046
"2018-08-10 04:00:00",818,1079.00161326541,-23853.3463826396,26011.3496091704,-37051.7341571888,39209.7373837197
"2018-08-10 05:00:00",2854,599.965243764975,-24345.8096631412,25545.7401506712,-37551.3052150261,38751.235702556
"2018-08-10 06:00:00",5227,282.943272261639,-24676.2466729123,25242.1332174356,-37888.8437170874,38454.7302616106
"2018-08-10 07:00:00",5950,-377.069979824527,-25349.664949122,24595.524989473,-38569.3581844194,37815.2182247704
"2018-08-10 08:00:00",5211,-893.077968250339,-25879.0690769071,24092.9131404064,-39105.8538000169,37319.6978635162
"2018-08-10 09:00:00",4584,-1347.0827786764,-26346.461828091,23652.2962707382,-39580.3336989357,36886.1681415829
"2018-08-10 10:00:00",4512,-1554.08567287831,-26566.844883169,23458.6735374123,-39807.7997833278,36699.6284375712
"2018-08-10 11:00:00",4796,-1672.08741338668,-26698.2192615799,23354.0444348065,-39946.2532086314,36602.0783818581
"2018-08-10 12:00:00",4941,-1542.08845955975,-26581.5855818428,23497.4086627233,-39836.69467762,36752.5177585005
"2018-08-10 13:00:00",5053,-1019.08908809917,-26071.9442209477,24033.7660447494,-39334.124620373,37295.9464441747
"2018-08-10 14:00:00",5367,1032.91053438737,-24033.2954103247,26099.1164790995,-37302.5433026356,39368.3643714103
"2018-08-10 15:00:00",5684,4076.91030770618,-21002.6392936326,29156.459909045,-34278.9508910754,42432.7715064877
"2018-08-10 16:00:00",5868,4649.91017162656,-20442.9759617177,29742.7963049708,-33726.3474927457,43026.1678359988
"2018-08-10 17:00:00",5309,3998.9100899508,-21107.3054736592,29105.1256535608,-34397.7331788385,42395.5533587401
"2018-08-10 18:00:00",4616,3713.91004093586,-21405.6278694244,28833.4479512961,-34703.1079989685,42130.9280808402
"2018-08-10 19:00:00",3713,2680.91001152509,-22451.9431774859,27813.7632005361,-35756.4719897689,41118.2920128191
"2018-08-10 20:00:00",3344,2847.90999387934,-22298.2514194023,27994.071407161,-35609.825180061,41305.6451678197
"2018-08-10 21:00:00",3374,3097.90998329322,-22061.5526125668,28257.3725791532,-35380.1675939544,41575.9875605408
"2018-08-10 22:00:00",3117,3018.9099769428,-22153.8467718621,28191.6667257477,-35479.4992527154,41517.319206601
"2018-08-10 23:00:00",2271,3309.90997313353,-21876.1339106512,28495.9538569183,-35208.820175884,41828.640122151
"2018-08-11 00:00:00",1412,3996.90997084866,-21202.4140413751,29196.2339830724,-34542.1303819486,42535.9503236459
"2018-08-11 01:00:00",831,5093.90996947821,-20118.6871759076,30306.507114864,-33465.429888746,43653.2498277024
"2018-08-11 02:00:00",665,4143.90996865625,-21081.9533257734,29369.7732630859,-34435.7187137078,42723.5386510203
"2018-08-11 03:00:00",423,2049.90996816326,-23189.2125022737,27289.0324386003,-36549.9968740016,40649.8168103281
"2018-08-11 04:00:00",459,1045.90996786761,-24206.4647165667,26298.2846523019,-37574.2643866225,39666.0843223577
"2018-08-11 05:00:00",876,1033.90996769028,-24231.7099797102,26299.5299150908,-37606.5212684404,39674.3412038209
"2018-08-11 06:00:00",1560,1855.90996758393,-23422.9483026938,27134.7682378617,-36804.7675362372,40516.587471405
"2018-08-11 07:00:00",2004,1041.90996752016,-24250.1796964522,26333.9996314925,-37639.003206721,39722.8231417613
"2018-08-11 08:00:00",2806,-670.090032518087,-25975.4041718769,24635.2241068407,-39371.22829654,38031.0482315039
"2018-08-11 09:00:00",3514,-1208.09003254103,-26526.6217398224,24110.4416747404,-39929.4428222895,37513.2627572074
"2018-08-11 10:00:00",3971,-1419.09003255478,-26750.8324111088,23912.6523459993,-40160.6468005138,37322.4667354042
"2018-08-11 11:00:00",4198,-1548.09003256303,-26893.0361965259,23796.8561313998,-40309.8402477127,37213.6601825866
"2018-08-11 12:00:00",4310,-1501.09003256798,-26859.2331068322,23857.0530416963,-40283.0231803388,37280.8431152028
"2018-08-11 13:00:00",4262,-974.09003257096,-26345.4231527581,24397.2430876162,-39776.195614802,37828.0155496601
"2018-08-11 14:00:00",4280,1067.90996742726,-24316.6063450051,26452.4262798597,-37754.3575674685,39890.177502323
"2018-08-11 15:00:00",4188,3773.9099674262,-21623.7826942462,29171.6026290986,-35068.5090546609,42616.3289895133
"2018-08-11 16:00:00",4305,4175.90996742556,-21234.952211127,29586.7721459781,-34686.6500926602,43038.4700275113
"2018-08-11 17:00:00",4134,4255.90996742518,-21168.1149062648,29679.9348411151,-34626.7806977041,43138.6006325544
"2018-08-11 18:00:00",3920,3447.90996742494,-21989.2707902493,28885.0907250992,-35454.900885988,42350.7208208378
"2018-08-11 19:00:00",3567,2742.90996742481,-22707.4198736445,28193.2398084942,-36180.0106736681,41665.8306085178
"2018-08-11 20:00:00",3362,2889.90996742473,-22573.5621669842,28353.3821018337,-36053.1100768544,41832.9300117039
"2018-08-11 21:00:00",3378,3016.90996742468,-22459.6976807774,28493.5176156267,-35946.1991116192,41980.0190464685
"2018-08-11 22:00:00",3167,3116.90996742465,-22372.8264255047,28606.6463603539,-35866.277793991,42100.0977288403
"2018-08-11 23:00:00",2511,2964.90996742461,-22537.9484116207,28467.76834647,-36038.346139959,41968.1660748082
"2018-08-12 00:00:00",1406,3436.9099674246,-22079.0636495521,28952.8835844013,-35586.404165469,42460.2241003182
"2018-08-12 01:00:00",868,4429.90996742459,-21099.1721496993,29958.9920845485,-34613.4518864273,43473.2718212765
"2018-08-12 02:00:00",678,3966.90996742458,-21575.2739224363,29509.0938572854,-35096.4893186997,43030.3092535489
"2018-08-12 03:00:00",392,2405.90996742458,-23149.3689781097,27961.1889129588,-36677.5164781098,41489.336412959
"2018-08-12 04:00:00",365,1153.90996742458,-24414.4573270406,26722.2772618897,-37949.5333804424,40257.3533152915
"2018-08-12 05:00:00",529,812.909967424576,-24768.5389795225,26394.3589143717,-38310.5400414401,39936.3599762892
"2018-08-12 06:00:00",984,312.90996742458,-25281.6139458246,25907.4338806737,-38830.536476808,39456.3564116571
"2018-08-12 07:00:00",1196,-178.090032575412,-25785.6822361875,25429.5021710367,-39341.5227022082,38985.3426370573
"2018-08-12 08:00:00",1850,-823.090032575414,-26443.7438608269,24797.5637956761,-40006.4987332638,38360.318668113
"2018-08-12 09:00:00",2713,-1280.09003257541,-26913.7988299325,24353.6187647817,-40483.464585559,37923.2845204082
"2018-08-12 10:00:00",3534,-1529.09003257541,-27175.847153668,24117.6670885171,-40752.4202746375,37694.2402094867
"2018-08-12 11:00:00",3856,-1637.09003257541,-27296.8888421708,24022.70877702,-40880.3658160034,37606.1857508526
"2018-08-12 12:00:00",4037,-1508.09003257541,-27180.9239055534,24164.7438404026,-40771.3012251223,37755.1211599715
"2018-08-12 13:00:00",4522,-1071.09003257541,-26756.9523539018,24614.772288751,-40354.2265174194,38212.0464522686
"2018-08-12 14:00:00",4468,1022.90996742459,-24675.9741972769,26721.7941321261,-38280.1417082816,40325.9616431308
"2018-08-12 15:00:00",4351,3782.90996742459,-21928.9894457136,29494.8093805628,-35540.0468130559,43105.8667479051
"2018-08-12 16:00:00",4466,4366.90996742458,-21357.9981092228,30091.818044072,-34975.9418470526,43709.7617819018
"2018-08-12 17:00:00",4313,4103.90996742458,-21634.0001977879,29841.8201326371,-35258.82682554,43466.6467603892
"2018-08-12 18:00:00",4012,3596.90996742459,-22153.9957213694,29347.8156562186,-35785.7017637514,42979.5216986006
"2018-08-12 19:00:00",3658,2714.90996742458,-23048.9846899007,28478.8046247499,-36687.5666768788,42117.3866117279
"2018-08-12 20:00:00",3151,3018.90996742458,-22757.967113292,28795.7870481412,-36403.4215800782,42441.2415149274
"2018-08-12 21:00:00",2708,3174.90996742458,-22614.9430014269,28964.7629362761,-36267.2664884655,42617.0864233146
"2018-08-12 22:00:00",1930,3363.90996742458,-22438.912364165,29166.7322990142,-36098.1014171196,42825.9213519687
"2018-08-12 23:00:00",1282,3536.90996742457,-22278.8752113412,29352.6951461904,-35944.9263810816,43018.7463159308
"2018-08-13 00:00:00",651,4095.90996742457,-21732.8315527655,29924.6514876147,-35405.7413953548,43597.5613302039
"2018-08-13 01:00:00",434,4883.90996742456,-20957.7813982233,30725.6013330724,-34637.5464749044,44405.3664097535
"2018-08-13 02:00:00",355,4596.90996742457,-21257.7247574755,30451.5446923247,-34944.3416346588,44138.1615695079
"2018-08-13 03:00:00",348,3156.90996742457,-22710.6616402586,29024.4815751077,-36404.1268895082,42717.9468243574
"2018-08-13 04:00:00",924,1443.90996742459,-24436.5920562845,27324.4119911337,-38136.9022543061,41024.7221891552
"2018-08-13 05:00:00",3025,954.909967424605,-24938.5160152417,26848.3359500909,-38645.6677438696,40555.4876787188
"2018-08-13 06:00:00",5546,1202.90996742461,-24703.4335267936,27109.2534616428,-38417.4233729774,40823.2433078267
"2018-08-13 07:00:00",6383,520.90996742461,-25398.3446005803,26440.1645354295,-39119.1691563732,40160.9890912224
"2018-08-13 08:00:00",5642,-555.090032575389,-26487.2492462167,25377.0691810659,-40214.9051087614,39104.7250436106
"2018-08-13 09:00:00",4714,-1123.09003257538,-27068.1474732951,24821.9674081443,-40802.6312448121,38556.4511796613
"2018-08-13 10:00:00",4216,-1459.09003257538,-27417.0392913835,24498.8592262327,-41158.3475791586,38240.1675140078
"2018-08-13 11:00:00",4440,-1537.09003257537,-27507.9247100258,24433.744644875,-41256.0541263968,38181.8740612461
"2018-08-13 12:00:00",4673,-1447.09003257537,-27430.8037387425,24536.6236735918,-41185.7509010873,38291.5708359365
"2018-08-13 13:00:00",4494,-1049.09003257537,-27045.6763870311,24947.4963218803,-40807.4379177548,38709.2578526041
"2018-08-13 14:00:00",4811,823.909967424634,-25185.5426643644,26833.3625992137,-38954.1151908872,40601.9351257365
"2018-08-13 15:00:00",5245,3632.90996742464,-22389.4025801928,29655.222515042,-36164.7827349373,43430.6026697866
"2018-08-13 16:00:00",6163,4702.90996742463,-21332.2561439426,30738.0760787918,-35114.4405643215,44520.2604991708
"2018-08-13 17:00:00",5603,3892.90996742463,-22155.1033650179,29940.9232998672,-35944.0886934223,43729.9086282715
"2018-08-13 18:00:00",4077,3194.90996742463,-22865.9442527981,29255.7641876473,-36661.7271365839,43051.5470714331
"2018-08-13 19:00:00",3247,2771.90996742465,-23301.7788166411,28845.5987514904,-37104.3559081183,42648.1758429676
"2018-08-13 20:00:00",2835,3085.90996742466,-23000.6070658805,29172.4270007298,-36809.9750222998,42981.7949571492
"2018-08-13 21:00:00",2615,3511.90996742465,-22587.4290098277,29611.248944677,-36403.5844933691,43427.4044282184
"2018-08-13 22:00:00",1823,3592.90996742465,-22519.2446577712,29705.0645926205,-36342.1843355315,43528.0042703808
"2018-08-13 23:00:00",1117,3672.90996742464,-22452.0540189763,29797.8739538256,-36281.7745629575,43627.5944978068
"2018-08-14 00:00:00",571,3968.90996742464,-22168.8571026857,30106.6770375349,-36005.355189782,43943.1751246313
"2018-08-14 01:00:00",394,3194.90996742468,-22955.6539181199,29345.4738529693,-36798.9262301072,43188.7461649565
"2018-08-14 02:00:00",284,3514.90996742471,-22648.4444744766,29678.264409326,-36498.4876979991,43528.3076328486
"2018-08-14 03:00:00",340,2425.90996742474,-23750.2287809311,28602.0487157805,-37607.0396074905,42458.85954234
"2018-08-14 04:00:00",940,1545.90996742474,-24643.0068466355,27734.826781485,-38506.5819725784,41598.4019074279
"2018-08-14 05:00:00",3184,935.909967424741,-25265.7786807211,27137.5986155706,-39136.1148072277,41007.9347420772
"2018-08-14 06:00:00",5702,764.909967424738,-25449.5442922958,26979.3642271453,-39326.6381253678,40856.4580602173
"2018-08-14 07:00:00",6573,721.909967424739,-25505.3036904458,26949.1236252953,-39389.1519408947,40832.9718757442
"2018-08-14 08:00:00",5841,-215.090032575259,-26455.0568842349,26024.8768190844,-40345.6562676706,39915.4762025201
"2018-08-14 09:00:00",4766,-860.090032575257,-27112.8038827052,25392.6238175547,-41010.151119524,39289.9710543735
"2018-08-14 10:00:00",4478,-1233.09003257526,-27498.5446948765,25032.364629726,-41402.6365102495,38936.456445099
"2018-08-14 11:00:00",4741,-1421.09003257526,-27699.2793297474,24857.0992645969,-41610.1124536094,38767.9323884589
"2018-08-14 12:00:00",4996,-1539.09003257526,-27830.0077962941,24751.8277311436,-41747.5789633314,38669.3988981809
"2018-08-14 13:00:00",4832,-1520.09003257526,-27823.730103471,24783.5500383205,-41748.0360531102,38707.8559879596
"2018-08-14 14:00:00",4985,-1211.09003257528,-27527.4462602115,25105.266195061,-41458.4837366082,39036.3036714577
"2018-08-14 15:00:00",5672,-648.090032575274,-26977.1562754266,25680.9762102761,-40914.9220274538,39618.7419623032
"2018-08-14 16:00:00",6373,65.9099674247201,-26275.8601580063,26407.6800928557,-40220.3509392427,40352.1708740922
"2018-08-14 17:00:00",6014,898.909967424724,-25455.5579168196,27253.377851669,-39406.7704855392,41204.5904203887
"2018-08-14 18:00:00",4525,1597.90996742472,-24769.2495607128,27965.0694955622,-38727.1806798724,41923.0006147219
"2018-08-14 19:00:00",3423,2087.90996742472,-24291.9350985128,28467.7550333623,-38256.5815357421,42432.4014705915
"2018-08-14 20:00:00",3046,2671.90996742475,-23720.6145390234,29064.4344738729,-37691.9730666121,43035.7930014616
"2018-08-14 21:00:00",2784,2945.90996742474,-23459.2878910285,29351.107825878,-37437.3552859167,43329.1752207661
"2018-08-14 22:00:00",2287,2944.90996742476,-23472.9551632909,29362.7750981404,-37457.7282070571,43347.5481419066
"2018-08-14 23:00:00",2772,2872.90996742476,-23557.6163645516,29303.4362994011,-37549.0918434016,43294.9117782511
"2018-08-15 00:00:00",793,2998.90996742477,-23444.271503531,29442.0914383806,-37442.446208287,43440.2661431365
"2018-08-15 01:00:00",492,3002.90996742477,-23452.9205889292,29458.7405237787,-37457.7913150188,43463.6112498684
"2018-08-15 02:00:00",335,2902.90996742476,-23565.5636294247,29371.3835642742,-37577.1271768698,43382.9471117193
"2018-08-15 03:00:00",403,2519.90996742476,-23961.2006336759,29001.0205685254,-37979.4538070818,43019.2737419313
"2018-08-15 04:00:00",948,1529.90996742477,-24963.8316103201,28023.6515451697,-38988.7712188644,42048.5911537139
"2018-08-15 05:00:00",3181,826.909967424775,-25679.4565679746,27333.2765028242,-39711.0794253965,41364.899360246
"2018-08-15 06:00:00",5767,1623.90996742478,-24895.0755152353,28142.8954500848,-38933.3784398245,42181.1983746741
"2018-08-15 07:00:00",6561,1973.90996742477,-24557.6884606786,28505.5083955281,-38602.668275265,42550.4882101145
"2018-08-15 08:00:00",5930,150.909967424768,-26393.2954128599,26695.1153477094,-40444.9489448023,40746.7688796518
"2018-08-15 09:00:00",4672,-337.090032575216,-26893.896380315,26219.7163151645,-40952.2204614905,40278.0403963401
"2018-08-15 10:00:00",4638,-1262.09003257522,-27831.4913715582,25307.3113064077,-41896.4828383515,39372.3027732011
"2018-08-15 11:00:00",4979,-1530.09003257521,-28112.0803950847,25051.9003299343,-42183.7360883774,39123.556023227
"2018-08-15 12:00:00",5016,-1644.09003257521,-28238.6634593696,24950.4833942192,-42316.9802245297,39028.8001593793
"2018-08-15 13:00:00",4841,-1604.09003257521,-28211.2405728671,25003.0605077167,-42296.2152597382,39088.0351945877
"2018-08-15 14:00:00",4968,-1422.0900325752,-28041.8117440128,25197.6316788624,-42133.4412069037,39289.2611417533
"2018-08-15 15:00:00",5428,-1068.09003257521,-27700.3769812202,25564.1969160698,-41798.6580788937,39662.4780137433
"2018-08-15 16:00:00",5541,-682.090032575209,-27326.9362928856,25962.7562277352,-41431.8658885492,40067.6858233988
"2018-08-15 17:00:00",5920,167.909967424793,-26489.4896873837,26825.3096222333,-40601.0646486784,40936.884583528
"2018-08-15 18:00:00",4545,1082.90996742481,-25587.0371730703,27752.8571079199,-39705.2543720602,41871.0743069098
"2018-08-15 19:00:00",3358,1700.90996742481,-24981.5787582808,28383.3986931304,-39106.4350714425,42508.2550062921
"2018-08-15 20:00:00",3133,2122.90996742481,-24572.1144513319,28817.9343861815,-38703.6067595446,42949.4266943942
"2018-08-15 21:00:00",2687,2364.9099674248,-24342.6442605201,29072.4641953697,-38480.7694490549,43210.5893839045
"2018-08-15 22:00:00",1742,2417.9099674248,-24302.1681941231,29137.9881289727,-38446.9231526332,43282.7430874828
"2018-08-15 23:00:00",1051,2411.9099674248,-24320.6862603988,29144.5061952484,-38472.0678829086,43295.8878177582
"2018-08-16 00:00:00",652,2633.90996742479,-24111.198467585,29379.0184024346,-38269.20365248,43537.0235873296
"2018-08-16 01:00:00",399,2852.90996742479,-23904.7048239022,29610.5247587517,-38069.3304739193,43775.1504087688
"2018-08-16 02:00:00",300,2343.90996742478,-24426.2053375502,29114.0252723998,-38597.4483597672,43285.2682946168
"2018-08-16 03:00:00",412,1873.90996742478,-24908.7000167096,28656.5199515592,-39086.5573225349,42834.3772573845
"2018-08-16 04:00:00",977,996.909967424775,-25798.1888695429,27792.0088043925,-39982.6573747057,41976.4773095553
"2018-08-16 05:00:00",3150,381.909967424777,-26425.6719041926,27189.4918390421,-40616.7485287326,41380.5684635821
"2018-08-16 06:00:00",5386,20.9099674247768,-26799.149128783,26840.9690636326,-40996.8307970406,41038.6507318901
"2018-08-16 07:00:00",6494,-568.09003257523,-27400.6205514189,26264.4404862685,-41604.9041920249,40468.7241268744
"2018-08-16 08:00:00",5847,-1030.09003257521,-27875.086180187,25814.9061150366,-42085.968726053,40025.7886609026
"2018-08-16 09:00:00",4976,-1422.09003257523,-28279.5460231545,25435.365958004,-42497.0244114626,39652.8443463122
"2018-08-16 10:00:00",4466,-1561.09003257523,-28431.0000883698,25308.8200232194,-42655.0712605629,39532.8911954124
"2018-08-16 11:00:00",4574,-1705.09003257523,-28587.448383864,25177.2683187135,-42818.1092856361,39407.9292204857
"2018-08-16 12:00:00",4961,-1558.09003257522,-28452.8909176482,25336.7108524977,-42690.1384989343,39573.9584337839
"2018-08-16 13:00:00",4785,-1093.92052321989,-28020.4627169611,25832.6216705213,-42274.5131320736,40086.6720856338
"2018-08-16 14:00:00",4927,878.69681064256,-26075.0748157618,27832.4684370469,-40343.5396218185,42100.9332431036
"2018-08-16 15:00:00",5729,3911.39823321422,-23064.2756752985,30887.072141727,-37344.3348491405,45167.1313155689
"2018-08-16 16:00:00",6272,4249.02748123433,-22746.5877938995,31244.6427563682,-37037.2032895713,45535.25825204
"2018-08-16 17:00:00",5928,3841.65543191258,-23171.8129987846,30855.1238626098,-37471.8793841265,45155.1902479517
"2018-08-16 18:00:00",4580,3147.922287198,-23881.8622825114,30177.7068569074,-38190.5659101099,44486.4104845059
"2018-08-16 19:00:00",3725,2487.44456685954,-24557.771680441,29532.6608141601,-38874.6443447019,43849.533478421
"2018-08-16 20:00:00",3205,2571.46930179462,-24488.5912361112,29631.5298397004,-38813.3219931469,43956.2605967362
"2018-08-16 21:00:00",3090,2911.63997738231,-24162.8794216113,29986.1593763759,-38495.2642373601,44318.5441921248
"2018-08-16 22:00:00",2377,2898.50033186015,-24190.2405500185,29987.2412137388,-38530.1537640504,44327.1544277707
"2018-08-16 23:00:00",1380,3053.78688261334,-24049.025187362,30156.5989525887,-38396.387238422,44503.9610036487
"2018-08-17 00:00:00",809,3696.35019199152,-23420.4367073345,30813.1370913175,-37775.1965861836,45167.8969701666
"2018-08-17 01:00:00",449,4599.08339735939,-22531.6167657639,31729.7835604827,-36893.7418815669,46091.9086762857
"2018-08-17 02:00:00",363,4255.92019933046,-22888.652889757,31400.4932884179,-37258.1218889549,45769.9622876158
"2018-08-17 03:00:00",408,2378.82107474978,-24779.5975577494,29537.2397072489,-39156.3959448945,43914.038094394
"2018-08-17 04:00:00",899,967.761023113933,-26204.4837796801,28140.005825908,-40588.6012992639,42524.1233454918
"2018-08-17 05:00:00",2821,488.724653613494,-26697.3318264515,27674.7811336785,-41088.7608063306,42066.2101135576
"2018-08-17 06:00:00",5243,171.702682110158,-27028.1539443381,27371.5593085585,-41426.8882804292,41770.2936446495
"2018-08-17 07:00:00",5994,-488.310569976008,-27701.9576166741,26725.3364767221,-42107.9921602731,41131.3710203211
"2018-08-17 08:00:00",5406,-1004.31855840182,-28231.7473956851,26223.1102788815,-42645.0775785237,40636.44046172
"2018-08-17 09:00:00",4719,-1458.32336882788,-28699.5260329792,25782.8792953235,-43120.14763932,40203.5009016643
"2018-08-17 10:00:00",4510,-1665.32626302979,-28920.2951964872,25589.6426704276,-43348.2042255985,40017.5516995389
"2018-08-17 11:00:00",4948,-1783.32800353816,-29052.0558977085,25485.3998906322,-43487.248480655,39920.5924735787
"2018-08-17 12:00:00",5076,-1653.32904971123,-28935.8087500138,25629.1506505914,-43378.2810993892,40071.6229999667
"2018-08-17 13:00:00",5027,-1130.32967825066,-28426.5541269254,26165.894770424,-42876.3025065771,40615.6431500758
"2018-08-17 14:00:00",5289,921.669944235886,-26388.2922574183,28231.6321458901,-40845.3129642092,42688.652852681
"2018-08-17 15:00:00",5581,3965.6697175547,-23358.0232833067,31289.3627184161,-37822.3126361322,45753.6520712416
"2018-08-17 16:00:00",5734,4538.66958147508,-22798.7472939604,31876.0864569106,-37270.301627141,46347.6407900912
"2018-08-17 17:00:00",5141,3887.66949979932,-23463.4643472047,31238.8033468033,-37942.28000651,45717.6190061087
"2018-08-17 18:00:00",4536,3602.66945078438,-23762.1744818879,30967.5133834567,-38248.2478221426,45453.5867237113
"2018-08-17 19:00:00",3703,2569.66942137361,-24808.8777254465,29948.2165681937,-39302.2051090873,44441.5439518345
"2018-08-17 20:00:00",3279,2736.66940372786,-24655.5740984539,30128.9129059096,-39156.1518946587,44629.4907021144
"2018-08-17 21:00:00",3177,2986.66939314174,-24419.2636173503,30392.6024036337,-38927.0882015091,44900.4269877926
"2018-08-17 22:00:00",2903,2907.66938679132,-24511.9462960866,30327.2850696692,-39027.0140494797,44842.3528230623
"2018-08-17 23:00:00",2126,3198.66938298205,-24234.6221471075,30631.9609130716,-38756.9294567058,45154.2682226699
"2018-08-18 00:00:00",1569,3885.66938069718,-23561.2911819459,31332.6299433402,-38090.8344402873,45862.1732016816
"2018-08-18 01:00:00",806,4982.66937932673,-22477.9534115752,32443.2921702287,-37014.7290166838,46980.0677753373
"2018-08-18 02:00:00",598,4032.66937850476,-23441.6088466255,31506.947603635,-37985.6132019587,46050.9519589682
"2018-08-18 03:00:00",448,1938.66937801178,-25549.2574975084,29426.5962535319,-40100.487011919,43977.8257679426
"2018-08-18 04:00:00",523,934.669377716126,-26566.8993744973,28436.2381299296,-41125.350462207,42994.6892176393
"2018-08-18 05:00:00",940,922.669377538795,-26592.5344877692,28437.8732428467,-41158.203568345,43003.5423234226
"2018-08-18 06:00:00",1648,1744.66937743245,-25784.1628474373,29273.5016023022,-40357.046345775,43846.3851006399
"2018-08-18 07:00:00",2229,930.669377368681,-26611.7844635632,28473.1232183005,-41191.8788098698,43053.2175646071
"2018-08-18 08:00:00",2987,-781.330622669568,-28337.3993461697,26774.7381008306,-42924.7009759488,41362.0397306097
"2018-08-18 09:00:00",3922,-1319.33062269251,-28889.0075052464,26250.3462598614,-43483.5128592843,40844.8516138993
"2018-08-18 10:00:00",5146,-1530.33062270626,-29113.6089507514,26052.9477053389,-43715.314475103,40654.6532296905
"2018-08-18 11:00:00",4916,-1659.33062271451,-29256.2036926171,25937.5424471881,-43865.1058385929,40546.4445931638
"2018-08-18 12:00:00",4448,-1612.33062271946,-29222.7917407477,25998.1304953088,-43838.8869649001,40614.2257194612
"2018-08-18 13:00:00",4438,-1085.33062272244,-28709.3731050232,26538.7118595783,-43332.657869134,41161.9966236891
"2018-08-18 14:00:00",4710,956.66937727578,-26680.9477952981,28594.2865498497,-41311.4185663656,43224.7573209172
"2018-08-18 15:00:00",4893,3662.66937727472,-23988.5158214022,31313.8545759516,-38626.1690716278,45951.5078261772
"2018-08-18 16:00:00",4897,4064.66937727408,-23600.0771931412,31729.4159476894,-38244.9093999171,46374.2481544652
"2018-08-18 17:00:00",4664,4144.66937727369,-23533.6319202965,31822.9706748439,-38185.6395661925,46474.9783207399
"2018-08-18 18:00:00",4157,3336.66937727346,-24355.1800126247,31028.5187671717,-39014.3595853758,45687.6983399228
"2018-08-18 19:00:00",3619,2631.66937727333,-25073.7214798613,30337.060234408,-39740.0694723558,45003.4082269025
"2018-08-18 20:00:00",3543,2778.66937727325,-24940.2563317138,30497.5950862603,-39613.7692419789,45171.1079965254
"2018-08-18 21:00:00",3442,2905.6693772732,-24826.7845778694,30638.1233324158,-39507.4589090605,45318.7976636069
"2018-08-18 22:00:00",3128,3005.66937727317,-24740.3062279899,30751.6449825362,-39428.1384883768,45439.4772429232
"2018-08-18 23:00:00",2044,2853.66937727313,-24905.8212917148,30613.1600462611,-39600.8079946704,45308.1467492166
"2018-08-19 00:00:00",1346,3325.66937727311,-24447.3297786586,31098.6685332049,-39149.4674426453,45800.8061971915
"2018-08-19 01:00:00",997,4318.66937727311,-23467.8316984137,32105.1704529599,-38177.1168469717,46814.4556015179
"2018-08-19 02:00:00",726,3855.6693772731,-23944.3270605488,31655.665815095,-38660.7562222838,46372.09497683
"2018-08-19 03:00:00",386,2294.6693772731,-25518.8158746091,30108.1546291553,-40242.3855831798,44831.7243377259
"2018-08-19 04:00:00",388,1042.6693772731,-26784.298150117,28869.6369046632,-41515.0049442227,43600.3436987689
"2018-08-19 05:00:00",552,701.669377273095,-27138.7738965715,28542.1126511177,-41876.6143199402,43279.9530744863
"2018-08-19 06:00:00",994,201.669377273099,-27652.24312345,28055.5818779962,-42397.2137248265,42800.5524793727
"2018-08-19 07:00:00",1277,-289.330622726893,-28156.7058402048,27578.044594751,-42908.803173338,42330.1419278842
"2018-08-19 08:00:00",1971,-934.330622726895,-28815.1620562666,26946.5008108128,-43574.3826798974,41705.7214344436
"2018-08-19 09:00:00",2895,-1391.33062272689,-29285.6117810435,26502.9505355897,-44051.9522588931,41269.2910134393
"2018-08-19 10:00:00",3766,-1640.33062272689,-29548.0550239205,26267.3937784667,-44321.5119246786,41040.8506792248
"2018-08-19 11:00:00",4384,-1748.33062272689,-29669.49179426,26172.8305488062,-44450.061691572,40953.4004461183
"2018-08-19 12:00:00",4624,-1619.33062272689,-29553.9221014026,26315.2608559488,-44341.6015738589,41102.9403284052
"2018-08-19 13:00:00",4596,-1182.33062272689,-29130.3459546652,26765.6847092115,-43925.1315857881,41560.4703403344
"2018-08-19 14:00:00",4742,911.669377273111,-27049.7633633435,28873.1021178897,-41851.6517415761,43674.9904961223
"2018-08-19 15:00:00",4779,3671.66937727311,-24303.1743367098,31646.513091256,-39112.1620554036,46455.5008099498
"2018-08-19 16:00:00",4989,4255.6693772731,-23732.5788840159,32243.9176385621,-38548.6625414203,47060.0012959665
"2018-08-19 17:00:00",4870,3992.6693772731,-24008.9770144891,31994.3157690353,-38832.1532137378,46817.491968284
"2018-08-19 18:00:00",4287,3485.66937727311,-24529.368737337,31500.7074918832,-39359.6340864381,46330.9728409843
"2018-08-19 19:00:00",3792,2603.6693772731,-25424.7540617431,30632.0928162893,-40262.1051735663,45469.4439281125
"2018-08-19 20:00:00",3213,2907.6693772731,-25134.1329968714,30949.4717514176,-39978.5664891371,45793.9052436833
"2018-08-19 21:00:00",2682,3063.6693772731,-24991.5055518612,31118.8443064074,-39843.0180471282,45970.3568016744
"2018-08-19 22:00:00",1973,3252.6693772731,-24815.8717358321,31321.2104903783,-39674.4598614867,46179.7986160329
"2018-08-19 23:00:00",2369,3425.66937727309,-24656.2315578815,31507.5703124276,-39521.8919461258,46373.230700672
"2018-08-20 00:00:00",922,3984.66937727309,-24110.585027085,32079.9237816312,-38983.3143149256,46952.6530694718
"2018-08-20 01:00:00",473,4772.66937727308,-23335.9321524964,32881.2709070426,-38215.7269817327,47761.0657362788
"2018-08-20 02:00:00",346,4485.66937727309,-23636.2729431486,32607.6116976948,-38523.1299603615,47494.4687149077
"2018-08-20 03:00:00",369,3045.66937727309,-25089.6074080526,31180.9461625987,-39983.5232645933,46074.8620191395
"2018-08-20 04:00:00",941,1332.66937727311,-26815.9355561979,29481.2743107441,-41716.9069081765,44382.2456627227
"2018-08-20 05:00:00",3005,843.669377273124,-27318.2573965539,29005.5961511001,-42226.2809048283,43913.6196593745
"2018-08-20 06:00:00",5352,1091.66937727313,-27083.5729380673,29266.9116926135,-41998.6452682316,44181.9840227779
"2018-08-20 07:00:00",6077,409.669377273129,-27778.8821896649,28598.2209442112,-42701.000012039,43520.3387665853
"2018-08-20 08:00:00",5349,-666.33062272687,-28868.1851602511,27535.5239147974,-43797.3451498683,42464.6839044145
"2018-08-20 09:00:00",4777,-1234.33062272686,-29449.4818587104,26980.8206132567,-44385.6806953073,41917.0194498536
"2018-08-20 10:00:00",4375,-1570.33062272686,-29798.7722939065,26658.1110484528,-44742.0066619118,41601.3454164581
"2018-08-20 11:00:00",4532,-1648.33062272685,-29890.0564746813,26593.3952292276,-44840.3230632043,41543.6618177506
"2018-08-20 12:00:00",4842,-1558.33062272685,-29813.3344098563,26696.6731644026,-44770.6299126763,41653.9686672226
"2018-08-20 13:00:00",4690,-1160.33062272685,-29428.606108233,27107.9448627793,-44392.9272237884,42072.2659783347
"2018-08-20 14:00:00",5001,712.669377273152,-27568.8715785911,28994.2103331374,-42540.2150099679,43965.5537645142
"2018-08-20 15:00:00",5388,3521.66937727316,-24773.1308296905,31816.4695842368,-39751.4932846121,46794.8320391584
"2018-08-20 16:00:00",6423,4591.66937727315,-23716.38387027,32899.7226248163,-38701.7620610857,47885.100815632
"2018-08-20 17:00:00",5848,3781.66937727315,-24539.630709049,32102.9694635953,-39532.0213527241,47095.3601072704
"2018-08-20 18:00:00",4285,3083.66937727315,-25250.8713547249,31418.2101092712,-40250.2711728285,46417.6099273748
"2018-08-20 19:00:00",3231,2660.66937727317,-25687.1058159766,31008.444570523,-40693.5115346723,46014.8502892186
"2018-08-20 20:00:00",2726,2974.66937727318,-25386.3341014613,31335.6728560077,-40399.7424514955,46349.0812060419
"2018-08-20 21:00:00",2240,3400.66937727317,-24973.5562198166,31774.894974363,-39993.9639365083,46795.3026910546
"2018-08-20 22:00:00",1617,3481.66937727317,-24905.7721796602,31869.1109342066,-39933.1760028902,46896.5147574365
"2018-08-20 23:00:00",1005,3561.66937727316,-24838.9819895895,31962.3207441358,-39873.3786637896,46996.717418336
"2018-08-21 00:00:00",659,3857.66937727315,-24556.1856581813,32271.5244127276,-39597.5719323241,47312.9106868704
"2018-08-21 01:00:00",416,3083.6693772732,-25343.3831939939,31510.7219485403,-40391.7558215821,46559.0945761286
"2018-08-21 02:00:00",316,3403.66937727323,-25036.5746055645,31843.913360111,-40091.9303446203,46899.2690991668
"2018-08-21 03:00:00",336,2314.66937727326,-26138.7599014115,30768.098655958,-41201.0955144664,45830.4342690129
"2018-08-21 04:00:00",996,1434.66937727326,-27031.9390900321,29901.2778445786,-42101.2513441155,44970.590098662
"2018-08-21 05:00:00",3136,824.66937727326,-27655.1121799056,29304.4509344521,-42731.3978465359,44380.7366010825
"2018-08-21 06:00:00",5701,653.669377273257,-27839.2791794904,29146.6179340369,-42922.5350346637,44229.8737892102
"2018-08-21 07:00:00",6837,610.669377273258,-27895.4400972261,29116.7788517726,-42985.6629214058,44207.0016759523
"2018-08-21 08:00:00",6123,-326.33062272674,-28845.5949415325,28192.933696079,-43942.7815196393,43290.1202741858
"2018-08-21 09:00:00",5053,-971.330622726738,-29503.7437208098,27561.0824753563,-44607.8908422113,42665.2295967579
"2018-08-21 10:00:00",4540,-1344.33062272674,-29889.8864434392,27201.2251979857,-45000.9909019396,42312.3296564862
"2018-08-21 11:00:00",4652,-1532.33062272674,-30091.023117783,27026.3618723295,-45209.0817116134,42144.4204661599
"2018-08-21 12:00:00",4794,-1650.33062272674,-30222.1537521832,26921.4925067297,-45347.1632839906,42046.5020385372
"2018-08-21 13:00:00",4762,-1631.33062272674,-30216.2783549635,26953.61710951,-45348.2356318011,42085.5743863476
"2018-08-21 14:00:00",4994,-1322.33062272676,-29920.3969344282,27275.7356889747,-45059.2987677455,42414.6375222919
"2018-08-21 15:00:00",5660,-759.330622726755,-29370.5094988625,27851.848253409,-44516.3527044946,42997.6914590411
"2018-08-21 16:00:00",6229,-45.3306227267611,-28669.6160565325,28578.9548110789,-43822.3974546904,43731.7362092369
"2018-08-21 17:00:00",5875,787.669377273243,-27849.7166156862,29425.0553702327,-43009.4330309473,44584.7717854938
"2018-08-21 18:00:00",4435,1486.66937727324,-27163.8111845513,30137.1499390978,-42330.4594458484,45303.7982003949
"2018-08-21 19:00:00",3410,1976.66937727324,-26686.8997713387,30640.2385258852,-41860.4767119511,45813.8154664976
"2018-08-21 20:00:00",3003,2560.66937727327,-26115.9823842383,31237.3211387848,-41296.4848417808,46417.8235963274
"2018-08-21 21:00:00",2504,2834.66937727326,-25855.0590314232,31524.3977859697,-41042.4838478372,46711.8226023837
"2018-08-21 22:00:00",1747,2833.66937727328,-25869.129721047,31536.4684755935,-41063.4737425902,46730.8124971367
"2018-08-21 23:00:00",1117,2761.66937727328,-25954.1944612446,31477.5332157912,-41155.454538481,46678.7932930276
"2018-08-22 00:00:00",635,2887.66937727328,-25841.2532601327,31616.5920146793,-41049.426247923,46824.7650024696
"2018-08-22 01:00:00",425,2891.66937727329,-25850.3061258097,31633.6448803563,-41065.3888833017,46848.7276378483
"2018-08-22 02:00:00",279,2791.66937727328,-25963.3530663553,31546.6918209018,-41185.3424569739,46768.6812115205
"2018-08-22 03:00:00",393,2408.66937727328,-26359.3940898312,31176.7328443777,-41588.2869812689,46405.6257358154
"2018-08-22 04:00:00",994,1418.66937727329,-27362.4292042802,30199.7679588268,-42598.2224684872,45435.5612230338
"2018-08-22 05:00:00",3163,715.669377273294,-28078.458417728,29509.7971722746,-43321.1489309028,44752.4876854494
"2018-08-22 06:00:00",5766,1512.6693772733,-27294.4817381808,30319.8204927274,-42544.0663807604,45569.405135307
"2018-08-22 07:00:00",6589,1862.66937727329,-26957.4991736281,30682.8379281746,-42213.9748302787,45939.3135848252
"2018-08-22 08:00:00",6056,39.6693772732865,-28793.5107320403,28872.8494865868,-44056.8742916474,44136.213046194
"2018-08-22 09:00:00",5116,-448.330622726698,-29294.5164213706,28397.8551759172,-44564.7647770301,43668.1035315767
"2018-08-22 10:00:00",4583,-1373.3306227267,-30232.5162495533,27485.8550040999,-45509.6462985609,42762.9850531075
"2018-08-22 11:00:00",4734,-1641.33062272669,-30513.5102245058,27230.8489790524,-45797.5188683487,42514.8576228953
"2018-08-22 12:00:00",5043,-1755.33062272669,-30640.4983541273,27129.8371086739,-45931.3824984742,42420.7212530208
"2018-08-22 13:00:00",4938,-1715.3306227267,-30613.4806462991,27182.8194008458,-45911.2372009908,42480.5759555374
"2018-08-22 14:00:00",5216,-1533.33062272668,-30444.4571088857,27377.7958634323,-45749.0829879261,42682.4217424728
"2018-08-22 15:00:00",5707,-1179.33062272669,-30103.4277497317,27744.7665042783,-45414.9198712775,43056.2586258241
"2018-08-22 16:00:00",6470,-793.33062272669,-29730.3925766669,28143.7313312136,-45048.7478630198,43462.0866175664
"2018-08-22 17:00:00",5819,56.6693772733119,-28893.3515975021,29006.6903520487,-44218.5669750982,44331.9057296448
"2018-08-22 18:00:00",4446,971.669377273324,-27991.304820031,29934.6435745776,-43323.3772194324,45266.7159739791
"2018-08-22 19:00:00",3444,1589.66937727333,-27386.252252029,30565.5910065757,-42725.1786079139,45904.5173624606
"2018-08-22 20:00:00",3154,2011.66937727333,-26977.1939012555,31000.5326558021,-42322.9711524095,46346.3099069562
"2018-08-22 21:00:00",2627,2253.66937727332,-26748.1297754514,31255.4685299981,-42100.7548647581,46608.0936193047
"2018-08-22 22:00:00",1928,2306.66937727332,-26708.0598823415,31321.3986368882,-42067.5297567735,46680.8685113202
"2018-08-22 23:00:00",1169,2300.66937727332,-26726.9842296327,31328.3229841794,-42093.2958402426,46694.6345947892
"2018-08-23 00:00:00",596,2522.66937727331,-26517.9028250139,31563.2415795605,-41891.0531269244,46936.391881471
"2018-08-23 01:00:00",402,2741.66937727331,-26311.815676159,31795.1544307057,-41691.8016285552,47175.1403831018
"2018-08-23 02:00:00",392,2232.6693772733,-26833.7227907236,31299.0615452702,-42220.5413568431,46685.8801113897
"2018-08-23 03:00:00",381,1762.6693772733,-27316.6241763456,30841.9629308922,-42710.2723234695,46235.6110780161
"2018-08-23 04:00:00",976,885.669377273293,-28206.5198406475,29977.8585951941,-43606.994540092,45378.3332946386
"2018-08-23 05:00:00",3163,270.669377273295,-28834.4097912337,29375.7485457803,-44241.7080183403,44783.0467728869
"2018-08-23 06:00:00",5860,-90.3306227267053,-29208.2940356927,29027.6327902393,-44622.4127698202,44441.7515243668
"2018-08-23 07:00:00",6815,-679.330622726712,-29810.1725815952,28451.5113361418,-45231.1088061099,43872.4475606565
"2018-08-23 08:00:00",6162,-1141.33062272669,-30285.0454364965,28002.3841910432,-45712.7961387644,43430.134893311
"2018-08-23 09:00:00",5583,-1533.33062272671,-30689.912607934,27623.2513624806,-46124.474779311,43057.8135338576
"2018-08-23 10:00:00",4837,-1672.33062272671,-30841.7741034283,27497.1128579749,-46283.1447392517,42938.4834937983
"2018-08-23 11:00:00",5015,-1816.33062272671,-30998.6299304854,27365.968685032,-46446.8060300658,42814.1447846124
"2018-08-23 12:00:00",5136,-1669.33062272671,-30864.4800965928,27525.8188511394,-46319.4586632043,42980.7974177509
"2018-08-23 13:00:00",5051,-1205.16111337137,-30431.7451011645,28021.4228744218,-45903.3640942768,43493.041867534
"2018-08-23 14:00:00",5312,767.456220491078,-28486.248202077,30021.1606430592,-43972.2238861368,45507.1363271189
"2018-08-23 15:00:00",5848,3800.15764306274,-25475.5542379971,33075.8695241226,-40973.1799668562,48573.4952529817
"2018-08-23 16:00:00",6586,4137.78689108285,-25158.0442136673,33433.617995833,-40666.3204162015,48941.8941983672
"2018-08-23 17:00:00",5780,3730.4148417611,-25583.5198410311,33044.3495245533,-41101.3794988879,48562.2091824102
"2018-08-23 18:00:00",4750,3036.68169704651,-26293.8693880362,32367.2327821292,-41820.5252379277,47893.8886320207
"2018-08-23 19:00:00",3519,2376.20397670806,-26970.1061906488,31722.514144065,-42505.1043947727,47257.5123481888
"2018-08-23 20:00:00",2996,2460.22871164314,-26901.2704872082,31821.7279104945,-42444.3092789099,47364.7667021962
"2018-08-23 21:00:00",2717,2800.39938723083,-26575.9144711008,32176.7132455624,-42126.7956698072,47727.5944442689
"2018-08-23 22:00:00",2107,2787.25974170867,-26603.6380785623,32178.1575619796,-42162.2395603724,47736.7590437897
"2018-08-23 23:00:00",1904,2942.54629246186,-26462.7893724953,32347.881957419,-42029.0337876075,47914.1263725312
"2018-08-24 00:00:00",790,3585.10960184004,-25834.5702060903,33004.7894097704,-41408.407951814,48578.6271554941
"2018-08-24 01:00:00",505,4487.84280720791,-24946.121267588,33921.8068820038,-40527.5206474263,49503.2062618422
"2018-08-24 02:00:00",387,4144.67960917898,-25303.5294985823,33592.8887169403,-40892.4697433633,49181.8289617213
"2018-08-24 03:00:00",424,2267.5804845983,-27194.8470219779,31730.0079911745,-42791.3140324338,47326.4750016304
"2018-08-24 04:00:00",916,856.520432962453,-28620.1066285775,30333.1474945024,-44224.0904293762,45937.1312953011
"2018-08-24 05:00:00",2950,377.484063462013,-29113.3284559206,29868.2965828447,-44724.821584497,45479.789711421
"2018-08-24 06:00:00",5259,60.4620919586778,-29444.5246692822,29565.4488531995,-45063.5211882526,45184.4453721699
"2018-08-24 07:00:00",6243,-599.551160127488,-30118.7027025122,28919.6003822572,-45745.1976036771,44546.0952834221
"2018-08-24 08:00:00",5687,-1115.5591485533,-30648.8670775996,28417.748780493,-46282.8559171885,44051.7376200819
"2018-08-24 09:00:00",4971,-1569.56395897936,-31117.0205275956,27977.8926096369,-46758.4992045459,43619.3712865871
"2018-08-24 10:00:00",4539,-1776.56685318127,-31338.164708914,27785.0310025515,-46987.1293310719,43433.9956247093
"2018-08-24 11:00:00",4391,-1894.56859368964,-31470.3006257932,27681.1634384139,-47126.7474289573,43337.610241578
"2018-08-24 12:00:00",4971,-1764.56963986271,-31354.4288869108,27825.2896071854,-47018.3541859246,43489.2149061992
"2018-08-24 13:00:00",5149,-1241.57026840214,-30845.5498626426,28362.4093258383,-46516.9500219378,44033.8094851335
"2018-08-24 14:00:00",5499,810.429354084406,-28807.6637797491,30428.5224879179,-44486.5351956003,46107.3939037692
"2018-08-24 15:00:00",5879,3854.42912740322,-25777.7707783916,33486.629033198,-41464.1098682309,49172.9681230374
"2018-08-24 16:00:00",6088,4427.4289913236,-25218.8709466251,34073.7289292723,-40912.674142614,49767.5321252612
"2018-08-24 17:00:00",5750,3776.42890964784,-25883.9643411649,33436.8221604606,-41585.2280863264,49138.085905622
"2018-08-24 18:00:00",4755,3491.4288606329,-26183.0509998736,33165.9087211394,-41891.7717457634,48874.6294670292
"2018-08-24 19:00:00",3467,2458.42883122213,-27230.1309492771,32146.9886117214,-42946.3051545816,47863.1628170258
"2018-08-24 20:00:00",3076,2625.42881357638,-27077.2042090856,32328.0618362383,-42800.828338775,48051.6859659277
"2018-08-24 21:00:00",3164,2875.42880299026,-26841.2707949047,32592.1284008852,-42572.3413197197,48323.1989257002
"2018-08-24 22:00:00",2435,2796.42879663984,-26934.3307198703,32527.18831315,-42672.8441160101,48265.7017092898
"2018-08-24 23:00:00",1860,3087.42879283057,-26657.3839956238,32832.2415812849,-42403.3367445535,48578.1943302146
"2018-08-25 00:00:00",1089,3774.4287905457,-25984.430632904,33533.2882139954,-41737.8192212351,49286.6768023265
"2018-08-25 01:00:00",725,4871.42878917525,-24901.4706418973,34644.3282202478,-40662.2915613106,50405.1491396611
"2018-08-25 02:00:00",495,3921.42878835328,-25865.5040324508,33708.3616091574,-41633.7537796464,49476.611356353
"2018-08-25 03:00:00",366,1827.4287878603,-27973.5308141985,31628.3883899191,-43749.2058908599,47404.0634665805
"2018-08-25 04:00:00",500,823.428787564645,-28991.5509966396,30638.4085717689,-44774.6479094095,46421.5054845388
"2018-08-25 05:00:00",875,811.428787387314,-29017.5645891802,30640.4221639548,-44808.0798496387,46430.9374244133
"2018-08-25 06:00:00",1837,1633.42878728096,-28209.5716011667,31476.4291757286,-44007.5017258164,47274.3593003783
"2018-08-25 07:00:00",2672,819.4287872172,-29037.5720418963,30676.4296163307,-44842.9135521464,46481.7711265808
"2018-08-25 08:00:00",3503,-892.571212821049,-30763.5659206313,28978.4234949892,-46576.3153427852,44791.1729171431
"2018-08-25 09:00:00",4100,-1430.57121284399,-31315.5532466033,28454.4108209153,-47135.7071118461,44274.5646861581
"2018-08-25 10:00:00",4509,-1641.57121285775,-31540.534029016,28257.3916033005,-47368.0888734013,44084.9464476858
"2018-08-25 11:00:00",4647,-1770.57121286599,-31683.50827705,28142.3658513181,-47518.4606414897,43977.3182157577
"2018-08-25 12:00:00",4846,-1723.57121287094,-31650.4759998612,28203.3335741193,-47492.8224301126,44045.6800043708
"2018-08-25 13:00:00",4585,-1196.57121287392,-31137.4372065837,28744.2947808359,-46987.174253239,44594.0318274912
"2018-08-25 14:00:00",4696,845.428787124298,-29109.3919063299,30800.2494805785,-44966.5161248045,46657.3736990531
"2018-08-25 15:00:00",5015,3551.42878712324,-26417.3401081898,33520.1976824362,-42281.8480587108,49384.7056329573
"2018-08-25 16:00:00",4677,3953.4287871226,-26029.2818212323,33936.1393954775,-41901.1700688276,49808.0276430728
"2018-08-25 17:00:00",4541,4033.42878712221,-25963.2170545054,34030.0746287498,-41842.4821689923,49909.3397432367
"2018-08-25 18:00:00",3914,3225.42878712198,-26785.1458170348,33236.0033912788,-42671.7843730087,49122.6419472527
"2018-08-25 19:00:00",3371,2520.42878712185,-27504.0681178284,32544.9256920721,-43398.076694653,48438.9342688967
"2018-08-25 20:00:00",3071,2667.42878712177,-27370.9839658686,32705.8415401121,-43272.3591476625,48607.216721906
"2018-08-25 21:00:00",3156,2794.42878712172,-27257.8933701207,32846.7509443642,-43166.6317457487,48755.4893199921
"2018-08-25 22:00:00",2713,2894.42878712168,-27171.7963395272,32960.6539137706,-43087.8945025877,48876.7520768311
"2018-08-25 23:00:00",2134,2742.42878712165,-27337.6928830115,32822.5504572548,-43261.1474318269,48746.0050060702
"2018-08-26 00:00:00",1375,3214.42878712163,-26879.5830094746,33308.4405837179,-42810.390547079,49239.2481213222
"2018-08-26 01:00:00",855,4207.42878712163,-25900.4667277984,34315.3243020416,-41838.6238619276,50253.4814361709
"2018-08-26 02:00:00",614,3744.42878712162,-26377.3440468437,33866.2016210869,-42322.8473899245,49811.7049641678
"2018-08-26 03:00:00",382,2183.42878712161,-27952.214975451,32319.0725496942,-43905.0611445899,48271.9187188331
"2018-08-26 04:00:00",325,931.428787121619,-29218.0795224401,31080.9370966833,-45178.2651394124,47041.1227136556
"2018-08-26 05:00:00",551,590.428787121614,-29572.9376966111,30753.7952708544,-45540.4593878508,46721.316962094
"2018-08-26 06:00:00",1106,90.4287871216175,-30086.7895067447,30267.6470809879,-46061.6439033337,46242.5014775769
"2018-08-26 07:00:00",1657,-400.571212878374,-30591.6349615992,29790.4925358425,-46573.8186992561,45772.6762734994
"2018-08-26 08:00:00",2467,-1045.57121287838,-31250.4740699144,29159.3316441577,-47239.9837889842,45148.8413632274
"2018-08-26 09:00:00",3408,-1502.57121287837,-31721.30684041,28716.1644146532,-47718.1391858536,44712.9967600968
"2018-08-26 10:00:00",4017,-1751.57121287837,-31984.1332817854,28480.9908560286,-47988.284903169,44485.1424774123
"2018-08-26 11:00:00",4394,-1859.57121287837,-32105.9534027199,28386.8109769632,-48117.4209542043,44398.2785284476
"2018-08-26 12:00:00",4638,-1730.57121287837,-31990.7672118744,28529.6247861176,-48009.5473522049,44548.4049264482
"2018-08-26 13:00:00",4494,-1293.57121287837,-31567.5747178877,28980.4322921309,-47593.6641103831,45006.5216846263
"2018-08-26 14:00:00",4565,800.428787121629,-29487.3759293807,31088.233503624,-45520.7712419232,47121.6288161665
"2018-08-26 15:00:00",4289,3560.42878712163,-26741.1708549538,33862.0284291971,-42781.8687599783,49902.7263342216
"2018-08-26 16:00:00",4259,4144.42878712162,-26170.9595031892,34459.8170774325,-42218.956677674,50507.8142519172
"2018-08-26 17:00:00",3998,3881.42878712162,-26447.7418826471,34210.5994568903,-42503.0350081016,50265.8925823448
"2018-08-26 18:00:00",3688,3374.42878712162,-26968.5180018709,33717.3755761142,-43031.1037643275,49779.9613385708
"2018-08-26 19:00:00",3165,2492.42878712162,-27864.2878693824,32849.1454436257,-43934.1629593846,48919.0205336279
"2018-08-26 20:00:00",2840,2796.42878712162,-27574.0514936867,33166.9090679299,-43651.2126062801,49244.0701805234
"2018-08-26 21:00:00",2330,2952.42878712162,-27431.8088832662,33336.6664575095,-43516.252717987,49421.1102922302
"2018-08-26 22:00:00",1913,3141.42878712161,-27256.5600465869,33539.4176208302,-43348.2833074527,49631.1408816959
"2018-08-26 23:00:00",1208,3314.4287871216,-27097.3049920947,33726.1625663379,-43196.3043875941,49825.1619618373
"2018-08-27 00:00:00",666,3873.42878712161,-26552.0437282167,34298.9013024599,-42658.3159712995,50405.1735455427
"2018-08-27 01:00:00",337,4661.4287871216,-25777.7762633601,35100.6338376033,-41891.3180714265,51214.1756456697
"2018-08-27 02:00:00",292,4374.4287871216,-26078.502605914,34827.3601801572,-42199.3107008052,50948.1682750484
"2018-08-27 03:00:00",358,2934.4287871216,-27532.2227642485,33401.0803384917,-43660.2938722364,49529.1514464796
"2018-08-27 04:00:00",933,1221.42878712163,-29258.9367467142,31701.7943209575,-45394.2675984914,47837.1251727347
"2018-08-27 05:00:00",3129,732.428787121643,-29761.6445616444,31226.5021358877,-45904.2318923148,47369.0894665581
"2018-08-27 06:00:00",5575,980.428787121648,-29527.3462173519,31488.2037915952,-45677.18676642,47638.0443406633
"2018-08-27 07:00:00",6493,298.428787121647,-30223.0417221324,30819.8992963757,-46380.132233494,46976.9898077374
"2018-08-27 08:00:00",6125,-777.571212878351,-31312.7310842614,29757.5886585047,-47477.0683061934,45921.9258804367
"2018-08-27 09:00:00",5094,-1345.57121287835,-31894.414311997,29203.2718862403,-48065.9949971477,45374.852571391
"2018-08-27 10:00:00",4672,-1681.57121287834,-32244.0914135791,28880.9489878225,-48422.9123189586,45059.769893202
"2018-08-27 11:00:00",4775,-1759.57121287833,-32335.7623972281,28816.6199714714,-48521.8202841982,45002.6778584416
"2018-08-27 12:00:00",4880,-1669.57121287834,-32259.4272711464,28920.2848453897,-48452.7189054112,45113.5764796545
"2018-08-27 13:00:00",4890,-1271.57121287833,-31875.0860435188,29331.9436177621,-48075.6081951149,45532.4657693582
"2018-08-27 14:00:00",5048,601.428787121671,-30015.7387225108,31218.5962967541,-46223.4881657975,47426.3457400409
"2018-08-27 15:00:00",5661,3410.42878712167,-27220.3853162704,34041.2428905137,-43435.3588299203,50256.2164041636
"2018-08-27 16:00:00",6535,4480.42878712167,-26164.0258329268,35124.8834071701,-42386.2201999157,51347.0777741591
"2018-08-27 17:00:00",5298,3670.42878712167,-26987.6602805925,34328.5178548359,-43217.0722881909,50557.9298624343
"2018-08-27 18:00:00",3629,2972.42878712167,-27699.2886673598,33644.1462416031,-43935.9151071218,49880.7726813651
"2018-08-27 19:00:00",2922,2549.42878712169,-28135.9110013053,33234.7685755487,-44379.7486690606,49478.6062433039
"2018-08-27 20:00:00",2536,2863.42878712169,-27835.527290486,33562.3848647294,-44086.5729863295,49813.4305605729
"2018-08-27 21:00:00",2139,3289.42878712169,-27423.1375429418,34001.9951171852,-43681.3880712242,50260.2456454676
"2018-08-27 22:00:00",1503,3370.42878712169,-27355.7417666948,34096.5993409381,-43621.1939360137,50362.051510257
"2018-08-27 23:00:00",1014,3450.42878712168,-27289.3399697491,34190.1975439925,-43561.9905929392,50462.8481671825
"2018-08-28 00:00:00",576,3746.42878712167,-27006.9321600909,34499.7897343342,-43286.7780542143,50779.6356284577
"2018-08-28 01:00:00",364,2972.42878712172,-27794.5183456896,33739.375919933,-44081.5563320275,50026.4139062709
"2018-08-28 02:00:00",234,3292.42878712175,-27488.0985344961,34072.9561087396,-43782.3254385385,50367.183012782
"2018-08-28 03:00:00",367,2203.42878712177,-28590.6727344448,32997.5303086884,-44892.0853858818,49298.9429601253
"2018-08-28 04:00:00",986,1323.42878712177,-29484.2409534509,32131.0985276944,-45792.8361861626,48439.6937604061
"2018-08-28 05:00:00",3161,713.428787121778,-30107.8031994141,31534.6607736577,-46423.5778514628,47850.4354257063
"2018-08-28 06:00:00",5611,542.428787121775,-30292.3594802156,31377.2170544591,-46615.3103938353,47700.1679680788
"2018-08-28 07:00:00",6147,499.428787121776,-30348.9098037196,31347.7673779631,-46679.0338253075,47677.891399551
"2018-08-28 08:00:00",5692,-437.571212878222,-31299.454177773,30424.3117520166,-47636.7481578803,46761.6057321238
"2018-08-28 09:00:00",5153,-1082.57121287822,-31957.9926102053,29792.8501844488,-48302.4534035276,46137.3109777712
"2018-08-28 10:00:00",4624,-1455.57121287822,-32344.5251088289,29433.3826830725,-48696.1495741979,45785.0071484414
"2018-08-28 11:00:00",4678,-1643.57121287822,-32546.0516814401,29258.9092556837,-48904.8366818141,45617.6942560577
"2018-08-28 12:00:00",4954,-1761.57121287822,-32677.5723358164,29154.42991006,-49043.5147382711,45520.3723125147
"2018-08-28 13:00:00",5032,-1742.57121287823,-32672.0870797195,29186.9446539631,-49045.1837554395,45560.0413296831
"2018-08-28 14:00:00",5273,-1433.57121287824,-32376.5959208938,29509.4534951373,-48756.8437451631,45889.7013194066
"2018-08-28 15:00:00",5865,-870.571212878237,-31827.0988670666,30085.9564413101,-48214.49471926,46473.3522935035
"2018-08-28 16:00:00",6657,-156.571212878243,-31126.5959259484,30813.4535001919,-47521.1366895223,47207.9942637658
"2018-08-28 17:00:00",5716,676.428787121761,-30307.0871052337,31659.9446794772,-46708.7696677177,48061.6272419612
"2018-08-28 18:00:00",4363,1375.42878712176,-29621.572412599,32372.4299868425,-46030.3936655863,48781.2512398298
"2018-08-28 19:00:00",3406,1865.42878712176,-29145.0518557055,32875.9094299491,-45561.0086948453,49291.8662690888
"2018-08-28 20:00:00",2896,2449.42878712178,-28574.5254421962,33473.3830164398,-44997.6147671831,49896.4723414267
"2018-08-28 21:00:00",2576,2723.42878712178,-28313.9931796989,33760.8507539424,-44744.2118942658,50191.0694685093
"2018-08-28 22:00:00",1733,2722.42878712179,-28328.4550758241,33773.3126500677,-44765.8000877326,50210.6576619762
"2018-08-28 23:00:00",1153,2650.4287871218,-28413.911138166,33714.7687124096,-44858.3793591976,50159.2369334412
"2018-08-29 00:00:00",623,2776.4287871218,-28301.361374302,33854.2189485456,-44752.9497202498,50305.8072944934
"2018-08-29 01:00:00",335,2780.4287871218,-28310.8057917938,33871.6633660374,-44769.5111824535,50330.3687566971
"2018-08-29 02:00:00",299,2680.42878712179,-28424.2443981864,33785.10197243,-44890.0637573478,50250.9213315914
"2018-08-29 03:00:00",372,2297.42878712179,-28820.6772010084,33415.534775252,-45293.6074564469,49888.4650306905
"2018-08-29 04:00:00",981,1307.4287871218,-29824.104207772,32438.9617820156,-46304.1422912396,48918.9998654832
"2018-08-29 05:00:00",3103,604.428787121811,-30540.5254259739,31749.3830002175,-47027.6682731912,48236.5258474348
"2018-08-29 06:00:00",5902,1401.42878712181,-29756.9408630936,32559.7984373372,-46251.1854137406,49054.0429879842
"2018-08-29 07:00:00",6775,1751.4287871218,-29420.3505265961,32923.2081008397,-45921.6937243043,49424.5512985479
"2018-08-29 08:00:00",6164,-71.5712128781965,-31256.7544239286,31113.6119981722,-47765.1932162722,47622.0507905158
"2018-08-29 09:00:00",5421,-559.571212878181,-31758.1525625238,30639.0101367675,-48273.6839010113,47154.5414752549
"2018-08-29 10:00:00",4871,-1484.57121287818,-32696.544949797,29727.4025240406,-49219.1657898624,46250.023364106
"2018-08-29 11:00:00",4969,-1752.57121287818,-32977.9315931488,29472.7891673924,-49507.6388941437,46002.4964683874
"2018-08-29 12:00:00",5134,-1866.57121287818,-33105.3124999632,29372.1700742068,-49642.1032251483,45908.960799392
"2018-08-29 13:00:00",4999,-1826.57121287818,-33078.6876776089,29425.5452518526,-49622.5587941455,45969.4163683892
"2018-08-29 14:00:00",5349,-1644.57121287817,-32910.057133439,29620.9147076827,-49461.0056123808,46171.8631866245
"2018-08-29 15:00:00",5814,-1290.57121287817,-32569.420874789,29988.2784490326,-49127.443691073,46546.3012653166
"2018-08-29 16:00:00",6578,-904.571212878173,-32196.7789089816,30387.6364832253,-48761.8730414213,46952.7306156649
"2018-08-29 17:00:00",5860,-54.571212878171,-31360.1312433223,31250.9888175659,-47932.2936745981,47823.1512488418
"2018-08-29 18:00:00",4554,860.428787121841,-30458.4778851014,32179.3354593451,-47037.7056017533,48758.563175997
"2018-08-29 19:00:00",3487,1478.42878712184,-29853.8188415927,32810.6764158364,-46440.1088340113,49396.966408255
"2018-08-29 20:00:00",3205,1900.42878712184,-29445.154120056,33246.0116942997,-46038.5033824747,49839.3609567184
"2018-08-29 21:00:00",2800,2142.42878712184,-29216.4837277345,33501.3413019782,-45816.8892582212,50101.7468324648
"2018-08-29 22:00:00",2106,2195.42878712184,-29176.807671857,33567.6652461007,-45784.2664723062,50175.1240465499
"2018-08-29 23:00:00",1272,2189.42878712183,-29196.1259596365,33574.9835338802,-45810.6350357612,50189.4926100049
"2018-08-30 00:00:00",670,2411.42878712183,-28987.4385982696,33810.2961725133,-45608.9949595922,50431.8525338359
"2018-08-30 01:00:00",456,2630.42878712183,-28781.74559494,34042.6031691837,-45410.346254786,50671.2038290296
"2018-08-30 02:00:00",326,2121.42878712182,-29304.0469568147,33546.9045310584,-45939.6889323034,50182.546506547
"2018-08-30 03:00:00",388,1651.42878712182,-29787.3426910449,33090.2002652886,-46430.0230030812,49732.8805773248
"2018-08-30 04:00:00",1008,774.428787121811,-30677.6328047686,32226.4903790123,-47327.3484780361,48876.2060522797
"2018-08-30 05:00:00",3070,159.428787121813,-31305.9173051068,31624.7748793504,-47962.6653680587,48281.5229423023
"2018-08-30 06:00:00",5886,-201.571212878187,-31680.1961991669,31277.0537734106,-48343.9736840188,47940.8312582625
"2018-08-30 07:00:00",6466,-790.571212878194,-32282.4694940401,30701.3270682838,-48953.2734367616,47372.1310110052
"2018-08-30 08:00:00",5995,-1252.57121287817,-32757.7371968042,30252.5947710478,-49435.5646371114,46930.4222113551
"2018-08-30 09:00:00",5467,-1644.5712128782,-33162.9993145206,29873.8568887642,-49847.847295868,46558.7048701116
"2018-08-30 10:00:00",4911,-1783.5712128782,-33315.2558542358,29748.1134284794,-50007.1214238079,46439.9789980515
"2018-08-30 11:00:00",5095,-1927.57121287819,-33472.5068229838,29617.3643972274,-50171.3870316887,46316.2446059323
"2018-08-30 12:00:00",5308,-1780.57121287819,-33338.7522277811,29777.6098020247,-50044.6441302412,46483.5017044848
"2018-08-30 13:00:00",5213,-1316.40170352286,-32905.7666434962,30272.9632364505,-49628.1663187293,46995.3629116836
"2018-08-30 14:00:00",5680,656.215630339596,-30960.1962351051,32272.6274957843,-47696.913687811,49009.3449484902
"2018-08-30 15:00:00",6238,3688.91705291126,-27949.6214615623,35327.4555673848,-44698.0520547266,52075.8861605491
"2018-08-30 16:00:00",6453,4026.54630093137,-27632.2963284888,35685.3889303515,-44391.475270847,52444.5678727097
"2018-08-30 17:00:00",5775,3619.17425160962,-28058.0227142811,35296.3712175004,-44826.9178554556,52065.2663586748
"2018-08-30 18:00:00",4531,2925.44110689503,-28768.668467902,34619.550681692,-45546.5166034218,51397.3988172119
"2018-08-30 19:00:00",3884,2264.96338655658,-29445.2263218917,33975.1530950048,-46231.5867659767,50761.5135390898
"2018-08-30 20:00:00",3332,2348.98812149166,-29376.7275842495,34074.7038272328,-46171.3069948311,50869.2832378144
"2018-08-30 21:00:00",3049,2689.15879707935,-29051.7187063077,34430.0363004664,-45854.3242877386,51232.6418818973
"2018-08-30 22:00:00",2221,2676.01915155719,-29079.7956069955,34431.8339101099,-45890.3084936667,51242.3467967811
"2018-08-30 23:00:00",1396,2831.30570231038,-28939.3040468872,34601.915451508,-45757.6489285107,51420.2603331315
"2018-08-31 00:00:00",764,3473.86901168855,-28311.4444785728,35259.1825019499,-45137.5730505382,52085.3110739153
"2018-08-31 01:00:00",456,4376.60221705643,-27423.3566980673,36176.5611321802,-44257.2380896424,53010.4425237552
"2018-08-31 02:00:00",358,4033.4390190275,-27781.1271067099,35848.0051447649,-44622.7410884932,52689.6191265482
"2018-08-31 03:00:00",378,2156.33989444682,-29672.8074992243,33985.487288118,-46522.1403379908,50834.8201268844
"2018-08-31 04:00:00",851,745.279842810972,-31098.4304640866,32588.9901497086,-47955.4724434411,49446.0321290631
"2018-08-31 05:00:00",2754,266.243473310532,-31592.0160156914,32124.5029623124,-48456.7598668169,48989.246813438
"2018-08-31 06:00:00",5200,-50.7784981928035,-31923.5762445237,31822.0192481381,-48796.0161841935,48694.4591878079
"2018-08-31 07:00:00",6270,-710.79175027897,-32598.1185387525,31176.5350381945,-49478.2496887416,48056.6661881837
"2018-08-31 08:00:00",5687,-1226.79973870478,-33128.6473924658,30675.0479150562,-50016.4654242087,47562.8659467991
"2018-08-31 09:00:00",5328,-1680.80454913084,-33597.1655216052,30235.5564233435,-50492.6664401867,47131.057341925
"2018-08-31 10:00:00",5102,-1887.80744333275,-33818.6745719792,30043.0596853137,-50721.854585779,46946.2396991135
"2018-08-31 11:00:00",5359,-2005.80918384112,-33951.1755411536,29939.5571734714,-50862.0309829717,46850.4126152895
"2018-08-31 12:00:00",5587,-1875.81023001419,-33835.6690335068,30084.0485734785,-50754.1963129119,47002.5758528835
"2018-08-31 13:00:00",5400,-1352.81085855362,-33327.1554165443,30621.5336994371,-50253.3509911738,47547.7292740666
"2018-08-31 14:00:00",5705,699.188763932925,-31289.6349150173,32688.0124428832,-48223.4952732882,49621.872801154
"2018-08-31 15:00:00",5998,3743.18853725174,-28260.1076675968,35746.4847421003,-45201.6293182945,52688.0063927979
"2018-08-31 16:00:00",5925,4316.18840117212,-27701.5737611599,36333.9505635041,-44650.7532271755,53283.1300295198
"2018-08-31 17:00:00",5418,3665.18831949636,-28367.0332514331,35697.4098904258,-45323.8670659959,52654.2437049886
"2018-08-31 18:00:00",4935,3380.18827048142,-28666.4861754043,35426.8627163671,-45630.9708798135,52391.3474207763
"2018-08-31 19:00:00",3945,2347.18824107065,-29713.9325587944,34408.3090409357,-46686.0647010534,51380.4411831947
"2018-08-31 20:00:00",3233,2514.1882234249,-29561.3724205518,34589.7488674016,-46541.1485545448,51569.5250013946
"2018-08-31 21:00:00",2910,2764.18821283878,-29325.8057755469,34854.1822012245,-46313.2224605391,51841.5988862167
"2018-08-31 22:00:00",2830,2685.18820648836,-29419.2326361975,34789.6090491742,-46414.2864365329,51784.6628495096
"2018-08-31 23:00:00",2147,2976.18820267909,-29142.6530134382,35095.0294187964,-46145.3404983521,52097.7169037103
"2018-09-01 00:00:00",1335,3663.18820039422,-28470.0669173089,35796.4433180974,-45480.3846608132,52806.7610616017
"2018-09-01 01:00:00",785,4760.18819902377,-27387.4743573031,36907.8507553506,-44405.4189381122,53925.7953361597
"2018-09-01 02:00:00",569,3810.1881982018,-28351.8753425791,35972.2517389827,-45377.4433440621,52997.8197404657
"2018-09-01 03:00:00",425,1716.18819770882,-30460.2698820858,33892.6462775035,-47493.4578922327,50925.8342876504
"2018-09-01 04:00:00",419,712.188197413164,-31478.6579846413,32903.0343794676,-48519.4625960403,49943.8389908666
"2018-09-01 05:00:00",741,700.188197235832,-31505.0396589727,32905.4160534444,-48553.4574687903,49953.833863262
"2018-09-01 06:00:00",1529,1522.18819712948,-30697.4149137509,33741.7913080099,-47753.4425237185,50797.8189179774
"2018-09-01 07:00:00",2477,708.188197065719,-31525.7837575997,32942.1601517312,-48589.4177739987,50005.7941681301
"2018-09-01 08:00:00",3476,-1003.81180297253,-33252.1461991114,31244.5225931663,-50323.3832327627,48315.7596268177
"2018-09-01 09:00:00",4212,-1541.81180299547,-33804.5022468498,30720.8786408589,-50883.3389131026,47799.7153071116
"2018-09-01 10:00:00",4578,-1752.81180300923,-34029.8519093532,30524.2283033347,-51116.2848280729,47610.6612220544
"2018-09-01 11:00:00",4897,-1881.81180301747,-34173.1951951396,30409.5715891046,-51267.2209906991,47503.5973846642
"2018-09-01 12:00:00",4854,-1834.81180302243,-34140.5321127048,30470.90850666,-51242.1474139733,47572.5238079285
"2018-09-01 13:00:00",4972,-1307.8118030254,-33627.8626705254,31012.2390644746,-50737.0641108584,48121.4405048076
"2018-09-01 14:00:00",5056,734.188196972817,-31600.1868770587,33068.5632710044,-48716.9710942886,50185.3474882342
"2018-09-01 15:00:00",4719,3440.18819697176,-28908.5047407422,35788.8811346857,-46032.8683771672,52913.2447711108
"2018-09-01 16:00:00",4649,3842.18819697112,-28520.8162699944,36205.1926639367,-45652.7559723697,53337.1323663119
"2018-09-01 17:00:00",4622,3922.18819697073,-28455.121473216,36299.4978671575,-45594.6338927432,53439.0102866847
"2018-09-01 18:00:00",4261,3114.1881969705,-29277.4203587873,35505.7967527283,-46424.5021511045,52652.8785450455
"2018-09-01 19:00:00",3518,2409.18819697037,-29996.7129350736,34815.0893290144,-47151.3607602472,51969.7371541879
"2018-09-01 20:00:00",3196,2556.18819697029,-29863.9992104169,34976.3756043575,-47026.2097329291,52138.5861268697
"2018-09-01 21:00:00",2880,2683.18819697024,-29751.2791931449,35117.6555870854,-46921.0490818864,52287.4254758269
"2018-09-01 22:00:00",2815,2783.1881969702,-29665.5528915643,35231.9292855047,-46842.878819823,52409.2552137634
"2018-09-01 23:00:00",1945,2631.18819697017,-29831.8203139656,35094.1967079059,-47016.6989594183,52279.0753533586
"2018-09-02 00:00:00",1273,3103.18819697015,-29374.081468619,35580.4578625593,-46566.5095133204,52772.8859072607
"2018-09-02 01:00:00",801,4096.18819697015,-28395.3363637783,36587.7127577186,-45595.3104941524,53787.6868880927
"2018-09-02 02:00:00",565,3633.18819697014,-28872.5850076784,36138.9614016187,-46080.1019145085,53346.4783084487
"2018-09-02 03:00:00",386,2072.18819697013,-30447.8274085364,34592.2038024766,-47662.8837869554,51807.2601808957
"2018-09-02 04:00:00",316,820.188196970138,-31714.0635745502,33354.4399684905,-48936.6561240313,50577.0325179716
"2018-09-02 05:00:00",532,479.188196970133,-32069.293513902,33027.6699078423,-49299.4189382492,50257.7953321895
"2018-09-02 06:00:00",1003,-20.8118030298638,-32583.5172347553,32541.8936286956,-49821.1722420945,49779.5486360348
"2018-09-02 07:00:00",1607,-511.811803029856,-33088.7347452546,32065.1111391949,-50333.9160480229,49310.2924419632
"2018-09-02 08:00:00",2334,-1156.81180302986,-33747.9460535275,31434.3224474678,-51000.6503684645,48687.0267624048
"2018-09-02 09:00:00",2929,-1613.81180302985,-34219.1511676842,30991.5275616245,-51479.375215823,48251.7516097633
"2018-09-02 10:00:00",3571,-1862.81180302985,-34482.350095817,30756.7264897573,-51750.0906024743,48024.4669964146
"2018-09-02 11:00:00",4040,-1970.81180302985,-34604.5428459999,30662.9192399402,-51879.7965407665,47938.1729347068
"2018-09-02 12:00:00",4549,-1841.81180302985,-34489.7294262912,30806.1058202315,-51772.4930430239,48088.8694369642
"2018-09-02 13:00:00",4414,-1404.81180302985,-34066.9098447291,31257.2862386694,-51357.1801215397,48547.55651548
"2018-09-02 14:00:00",4299,689.188196970148,-31987.0841093364,33365.4605032767,-49284.8577885838,50663.2341825241
"2018-09-02 15:00:00",4330,3449.18819697015,-29241.2522281174,36139.6286220577,-46546.5260563975,53444.9024503378
"2018-09-02 16:00:00",4197,4033.18819697014,-28671.4142090606,36737.7906030009,-45984.1849371984,54050.5613311387
"2018-09-02 17:00:00",3833,3770.18819697014,-28948.5700601343,36488.9464540746,-46268.8344431731,53809.2108371133
"2018-09-02 18:00:00",3601,3263.18819697014,-29469.7197892931,35996.0961832334,-46797.4745864867,53323.850980427
"2018-09-02 19:00:00",3098,2381.18819697014,-30365.8634044713,35128.2397984115,-47701.1053792739,52463.4817732141
"2018-09-02 20:00:00",3115,2685.18819697014,-30076.0009135891,35446.3773075294,-47418.7268336477,52789.1032275879
"2018-09-02 21:00:00",2669,2841.18819697014,-29934.1323245461,35616.5087184864,-47284.3389616893,52966.7153556296
"2018-09-02 22:00:00",2066,3030.18819697013,-29759.2576452278,35819.6340391681,-47116.9417754585,53177.3181693988
"2018-09-02 23:00:00",1475,3203.18819697012,-29600.3768835016,36006.7532774418,-46965.5352869877,53371.9116809279
"2018-09-03 00:00:00",962,3762.18819697013,-29055.4900472184,36579.8664411587,-46428.1195082836,53952.4959022239
"2018-09-03 01:00:00",694,4550.18819697012,-28281.5971442112,37381.9735381514,-45661.6944513258,54762.070845266
"2018-09-03 02:00:00",421,4263.18819697012,-28582.698182297,37109.0745762372,-45970.2601280694,54496.6365220096
"2018-09-03 03:00:00",310,2823.18819697012,-30036.7931692761,35683.1695632164,-47431.816550444,53078.1929443843
"2018-09-03 04:00:00",325,1110.18819697015,-31763.8821129313,33984.2585068716,-49166.3637303522,51386.7401242925
"2018-09-03 05:00:00",590,621.188196970162,-32266.9650210305,33509.3414149708,-49676.901679674,50919.2780736143
"2018-09-03 06:00:00",1141,869.188196970167,-32033.0419013225,33771.4182952628,-49450.4304102603,51188.8068042006
"2018-09-03 07:00:00",1556,187.188196970166,-32729.1127615418,33103.4891554821,-50153.9499339398,50528.3263278802
"2018-09-03 08:00:00",1995,-888.811803029832,-33819.1776094045,32041.5540033448,-51251.4602625135,49473.8366564538
"2018-09-03 09:00:00",2524,-1456.81180302983,-34401.2364526114,31487.6128465518,-51840.9614077586,48927.3378016989
"2018-09-03 10:00:00",3050,-1792.81180302982,-34751.289298847,31165.6656927873,-52198.4533814274,48612.8297753678
"2018-09-03 11:00:00",3616,-1870.81180302981,-34843.3361557785,31101.7125497189,-52297.9361952462,48556.3125891866
"2018-09-03 12:00:00",3901,-1780.81180302982,-34767.3770310572,31205.7534249976,-52229.4098609165,48667.7862548569
"2018-09-03 13:00:00",4110,-1382.81180302982,-34383.4119323189,31617.7883262593,-51852.8743901162,49087.2507840565
"2018-09-03 14:00:00",4446,490.18819697019,-32524.4408671819,33504.8172611223,-50001.3297944964,50981.7061884368
"2018-09-03 15:00:00",4411,3299.18819697019,-29729.4638432491,36327.8402371895,-47213.776085685,53812.1524796254
"2018-09-03 16:00:00",4017,4369.18819697019,-28673.4808681067,37411.857262047,-46165.2132752837,54903.5896692241
"2018-09-03 17:00:00",3900,3559.18819697019,-29497.491949326,36615.8683432664,-46996.6413748723,54115.0177688127
"2018-09-03 18:00:00",3487,2861.18819697019,-30209.4970944603,35931.8734884006,-47716.0603960022,53438.4367899425
"2018-09-03 19:00:00",3006,2438.18819697021,-30646.496311049,35522.8727049894,-48160.4703502041,53036.8467441445
"2018-09-03 20:00:00",2627,2752.18819697021,-30346.4896066143,35850.8660005547,-47867.8712489821,53372.2476429225
"2018-09-03 21:00:00",2081,3178.18819697021,-29934.4769886625,36290.8533826029,-47463.2631038162,53819.6394977566
"2018-09-03 22:00:00",1588,3259.18819697021,-29867.4584646847,36385.8348586252,-47403.6459261629,53922.0223201034
"2018-09-03 23:00:00",1012,3339.1881969702,-29801.434042156,36479.8104360964,-47345.0197274544,54023.3961213948
"2018-09-04 00:00:00",528,3635.18819697019,-29519.403728535,36789.7801224753,-47070.3845190978,54340.7609130382
"2018-09-04 01:00:00",321,2861.18819697024,-30307.3675312657,36029.7439252061,-47865.7403124777,53588.1167064182
"2018-09-04 02:00:00",254,3181.18819697027,-30001.3254577757,36363.7018517163,-47567.0871189536,53929.4635128942
"2018-09-04 03:00:00",332,2092.18819697029,-31104.277515478,35288.6539094186,-48677.4249498626,52861.8013438032
"2018-09-04 04:00:00",901,1212.18819697029,-31998.2237117679,34422.6001057085,-49578.7538165148,52003.1302104554
"2018-09-04 05:00:00",2863,602.188196970296,-32622.1640540274,33826.540447968,-50210.0737302003,51414.4501241409
"2018-09-04 06:00:00",5280,431.188196970294,-32807.0985496221,33669.4749435627,-50402.3847021834,51264.761096124
"2018-09-04 07:00:00",6379,388.188196970294,-32864.027205902,33640.4035998426,-50466.6867437054,51243.0631376459
"2018-09-04 08:00:00",5856,-548.811803029704,-33814.9500302022,32717.3264241428,-51424.979865984,50327.3562599245
"2018-09-04 09:00:00",5242,-1193.8118030297,-34473.8670298417,32086.2434237823,-52091.2640802127,49703.6404741533
"2018-09-04 10:00:00",4403,-1566.8118030297,-34860.7782121249,31727.1546060655,-52485.5393975628,49351.9157915034
"2018-09-04 11:00:00",4477,-1754.81180302971,-35062.6835843415,31553.0599782821,-52694.8058291827,49185.1822231233
"2018-09-04 12:00:00",4583,-1872.81180302971,-35194.583153764,31448.9595477046,-52834.063386195,49088.4397801356
"2018-09-04 13:00:00",4652,-1853.81180302971,-35189.476927652,31481.8533215926,-52836.3120797021,49128.6884736427
"2018-09-04 14:00:00",4785,-1544.81180302972,-34894.3649132482,31804.7413071887,-52548.5519207808,49458.9283147214
"2018-09-04 15:00:00",5436,-981.811803029719,-34345.2471177813,32381.6235117218,-52006.7829204865,50043.1593144271
"2018-09-04 16:00:00",5667,-267.811803029725,-33645.1235484641,33109.4999424046,-51314.0050898502,50778.3814837907
"2018-09-04 17:00:00",5494,565.188196970279,-32825.9942124958,33956.3706064364,-50502.2184398821,51632.5948338227
"2018-09-04 18:00:00",4383,1264.18819697028,-32140.859117059,34669.2355109995,-49824.422981567,52352.7993755075
"2018-09-04 19:00:00",3017,1754.18819697028,-31664.7182693231,35173.0946632637,-49355.6187258696,52863.9951198102
"2018-09-04 20:00:00",2385,2338.1881969703,-31094.571676441,35770.9480703816,-48792.8056837293,53469.1820776699
"2018-09-04 21:00:00",2105,2612.1881969703,-30834.4193455519,36058.7957394925,-48539.9838660646,53764.3602600052
"2018-09-04 22:00:00",1351,2611.18819697031,-30849.2612837798,36071.6376777204,-48562.1532837707,53784.5296777113
"2018-09-04 23:00:00",921,2539.18819697032,-30935.097498234,36013.4738921747,-48655.3139477204,53733.690341661
"2018-09-05 00:00:00",522,2665.18819697032,-30822.927996009,36153.3043899496,-48550.4658687636,53880.8422627043
"2018-09-05 01:00:00",304,2669.18819697032,-30832.7527841849,36171.1291781255,-48567.6090577286,53905.9854516692
"2018-09-05 02:00:00",254,2569.18819697031,-30946.5718698272,36084.9482637679,-48688.7435254211,53827.1199193617
"2018-09-05 03:00:00",323,2186.18819697031,-31343.3852599866,35715.7616539272,-49092.8692826241,53465.2456765647
"2018-09-05 04:00:00",882,1196.18819697032,-32347.1929616991,34739.5693556398,-50103.9863400983,52496.362734039
"2018-09-05 05:00:00",3013,493.188196970329,-33063.9949819871,34050.3713759278,-50828.0947085835,51814.4711025241
"2018-09-05 06:00:00",5633,1290.18819697033,-32280.7913278573,34861.167721798,-50052.1943987956,52632.5707927363
"2018-09-05 07:00:00",6668,1640.18819697032,-31944.5820063036,35224.9584002442,-49723.2854214308,53003.6618153715
"2018-09-05 08:00:00",6327,-182.811803029679,-33781.367024304,33415.7434182447,-51567.3677871612,51201.7441811018
"2018-09-05 09:00:00",5237,-670.811803029663,-34283.1463888235,32941.5227827642,-52076.4415066385,50734.8179005792
"2018-09-05 10:00:00",4599,-1595.81180302966,-35221.9201068114,32030.2965007521,-53022.5065904911,49830.8829844317
"2018-09-05 11:00:00",4635,-1863.81180302966,-35503.6881852042,31776.0645791449,-53311.5630493271,49583.9394432678
"2018-09-05 12:00:00",5001,-1977.81180302966,-35631.450630923,31675.8270248637,-53446.6108937317,49490.9872876724
"2018-09-05 13:00:00",4781,-1937.81180302966,-35605.207450876,31729.5838448167,-53427.6501342699,49552.0265282106
"2018-09-05 14:00:00",4816,-1755.81180302965,-35436.9586519564,31925.3350458971,-53266.6807814841,49755.0571754248
"2018-09-05 15:00:00",5661,-1401.81180302966,-35096.7042410425,32293.0806349831,-52933.7028458936,50130.0792398343
"2018-09-05 16:00:00",6555,-1015.81180302965,-34724.4442250008,32692.8206189414,-52568.7163379999,50537.0927319406
"2018-09-05 17:00:00",5938,-165.811803029653,-33888.1786106825,33556.5550046232,-51739.721268281,51408.0976622217
"2018-09-05 18:00:00",4426,749.188196970359,-32986.9074049251,34485.2837988658,-50845.717647194,52344.0940411348
"2018-09-05 19:00:00",3414,1367.18819697036,-32382.6306145515,35117.0070084922,-50248.7054851735,52983.0818791142
"2018-09-05 20:00:00",3130,1789.18819697036,-31974.3482463716,35552.7246403123,-49847.6847926344,53426.0611865751
"2018-09-05 21:00:00",2532,2031.18819697036,-31746.0603071808,35808.4367011215,-49626.6555799695,53689.0319739102
"2018-09-05 22:00:00",1629,2084.18819697036,-31706.7668037618,35875.1431977025,-49594.6178575518,53762.9942514926
"2018-09-05 23:00:00",993,2078.18819697035,-31726.467742883,35882.8441368237,-49621.5716357327,53777.9480296735
"2018-09-06 00:00:00",570,2300.18819697035,-31518.1631312972,36118.5395252379,-49420.5169248399,54020.8933187806
"2018-09-06 01:00:00",350,2519.18819697035,-31312.8529757473,36351.229369688,-49222.4537351858,54260.8301291265
"2018-09-06 02:00:00",281,2010.18819697034,-31835.5372829599,35855.9136769006,-49752.3820770576,53772.7584709983
"2018-09-06 03:00:00",337,1540.18819697034,-32319.2160596479,35399.5924535886,-50243.3019607219,53323.6783546626
"2018-09-06 04:00:00",909,663.188196970329,-33209.8893125126,34536.2657064533,-51141.2133964275,52467.5897903682
"2018-09-06 05:00:00",3036,48.1881969703304,-33838.5570482395,33934.9334421801,-51777.116394399,51873.4927883396
"2018-09-06 06:00:00",5868,-312.81180302967,-34213.2192735024,33587.5956674431,-52159.0109648431,51533.3873587838
"2018-09-06 07:00:00",6526,-901.811803029676,-34815.8759949603,33012.2523889009,-52768.8971179437,50965.2735118843
"2018-09-06 08:00:00",5996,-1363.81180302965,-35291.52721926,32563.9036132007,-53251.7748638665,50524.1512578072
"2018-09-06 09:00:00",5328,-1755.81180302968,-35697.1729530344,32185.549346975,-53664.6442127553,50153.0206066959
"2018-09-06 10:00:00",4579,-1894.81180302968,-35849.8132029018,32060.1895968425,-53824.5051747323,50034.8815686729
"2018-09-06 11:00:00",4727,-2038.81180302968,-36007.4479754706,31929.8243694113,-53989.3577599038,49911.7341538445
"2018-09-06 12:00:00",4765,-1891.81180302967,-35874.0772773323,32090.453671273,-53863.2019783509,50079.5783722915
"2018-09-06 13:00:00",4853,-1427.64229367434,-35440.8884673561,32585.6038800074,-53446.413359965,50591.1287726163
"2018-09-06 14:00:00",4947,544.975040188114,-33495.2743553438,34585.22443572,-51515.0938901259,52605.0439705022
"2018-09-06 15:00:00",5786,3577.67646275978,-30484.8302858589,37640.1832113784,-48516.4321516483,55671.7850771678
"2018-09-06 16:00:00",6396,3915.30571077989,-30167.6955838004,37998.3070053602,-48210.1466068738,56040.7580284335
"2018-09-06 17:00:00",6008,3507.93366145814,-30593.6725082964,37609.5398312127,-48645.9723573643,55661.8396802806
"2018-09-06 18:00:00",4373,2814.20051674355,-31304.610451005,36933.0114844921,-49366.017969978,54994.4190034651
"2018-09-06 19:00:00",3382,2153.72279640509,-31981.4833432789,36288.9289360891,-50051.5699420109,54359.0155348211
"2018-09-06 20:00:00",3223,2237.74753134018,-31913.3143180593,36388.8093807396,-49991.7944225012,54467.2894851815
"2018-09-06 21:00:00",2712,2577.91820692787,-31588.6445503387,36744.4809641944,-49675.3303397373,54831.1667535931
"2018-09-06 22:00:00",2096,2564.77856140571,-31617.0662553029,36746.6233781143,-49711.8418783002,54841.3990011117
"2018-09-06 23:00:00",1248,2720.0651121589,-31476.9230668562,36917.053291174,-49579.7151016237,55019.8453259415
"2018-09-07 00:00:00",550,3362.62842153707,-30849.4141421112,37574.6709851853,-48960.1754867137,55685.4323297879
"2018-09-07 01:00:00",417,4265.36162690495,-29961.6784510383,38492.4017048482,-48080.3790001374,56611.1022539473
"2018-09-07 02:00:00",307,3922.19842887602,-30319.8018945066,38164.1987522587,-48446.4219191619,56290.818776914
"2018-09-07 03:00:00",338,2045.09930429534,-32211.8359631176,36302.0345717083,-50346.3620695722,54436.5606781628
"2018-09-07 04:00:00",892,634.039252659491,-33637.813057812,34905.891563131,-51780.2357698639,53048.3142751828
"2018-09-07 05:00:00",2942,155.002883159052,-34131.7530788327,34441.7588451508,-52282.0653074296,52592.0710737477
"2018-09-07 06:00:00",5542,-162.019088344284,-34463.6680473401,34139.6298706515,-52621.8641523218,52297.8259756332
"2018-09-07 07:00:00",6675,-822.03234043045,-35138.5653091677,33494.5006283068,-53304.6405329648,51660.5758521039
"2018-09-07 08:00:00",5923,-1338.04032885626,-35669.4493325563,32993.3686748438,-53843.3994535762,51167.3187958636
"2018-09-07 09:00:00",5061,-1792.04513928232,-36138.3228176087,32554.2325390441,-54320.1439395244,50736.0536609597
"2018-09-07 10:00:00",4720,-1999.04803348423,-36360.1874003276,32362.0913333591,-54549.8758249162,50551.7797579477
"2018-09-07 11:00:00",4700,-2117.0497739926,-36493.0440721207,32258.9445241355,-54690.5962223196,50456.4966743344
"2018-09-07 12:00:00",5073,-1987.05082016567,-36377.8934334095,32403.7917930782,-54583.3058068305,50609.2041664991
"2018-09-07 13:00:00",4832,-1464.0514487051,-35869.7358490686,32941.6329516584,-54083.0049899991,51154.9020925889
"2018-09-07 14:00:00",5163,587.948173781444,-33832.5715420169,35008.4678895797,-52053.694024554,53229.5903721169
"2018-09-07 15:00:00",4831,3631.94794710026,-30803.400649574,38067.2965437745,-49032.373067468,56296.2689616685
"2018-09-07 16:00:00",6148,4204.94781102064,-30245.2232575557,38655.118879597,-48482.0422181008,56891.9378401421
"2018-09-07 17:00:00",5426,3553.94772934488,-30911.0394208021,38018.9348794918,-49155.7015411611,56263.5969998509
"2018-09-07 18:00:00",4699,3268.94768032994,-31210.8491755207,37748.7445361806,-49463.3510805137,56001.2464411735
"2018-09-07 19:00:00",3734,2235.94765091917,-32258.6525467164,36730.5478485547,-50518.990867488,54990.8861693263
"2018-09-07 20:00:00",3360,2402.94763327342,-32106.4495526613,36912.3448192081,-50374.6209258794,55180.5161924263
"2018-09-07 21:00:00",2803,2652.9476226873,-31871.2402075738,37177.1354529484,-50147.2412749422,55453.1365203168
"2018-09-07 22:00:00",2669,2573.94761633688,-31965.0245232358,37112.9197559095,-50248.8519312002,55396.7471638739
"2018-09-07 23:00:00",1957,2864.94761252761,-31688.8025099561,37418.6977350113,-49980.4529095223,55710.3481345775
"2018-09-08 00:00:00",1131,3551.94761024274,-31016.5741771556,38120.4693976411,-49316.0442237784,56419.9394442639
"2018-09-08 01:00:00",690,4648.94760887229,-29934.3395337142,39232.2347514587,-48241.625887226,57539.5211049706
"2018-09-08 02:00:00",488,3698.94760805032,-30899.0985881807,38296.9938042813,-49214.197912746,56612.0931288466
"2018-09-08 03:00:00",393,1604.94760755734,-33007.8513488976,36217.7465640122,-51330.7603129806,54540.6555280953
"2018-09-08 04:00:00",459,600.947607261684,-34026.5978240789,35228.4930386023,-52357.3131004227,53559.2083149461
"2018-09-08 05:00:00",830,588.947607084353,-34053.3380218511,35231.2332360198,-52391.8562874586,53569.7515016273
"2018-09-08 06:00:00",1504,1410.947606978,-33246.0719502864,36067.9671642425,-51592.3898864087,54414.2851003647
"2018-09-08 07:00:00",2063,596.947606914239,-34074.799617412,35268.6948312405,-52428.9139095344,53622.8091233629
"2018-09-08 08:00:00",3043,-1115.05239312401,-35801.5210312264,33571.4162449783,-54163.4283690595,51933.3235828114
"2018-09-08 09:00:00",3588,-1653.05239314695,-36354.2361997013,33048.1314134074,-54723.9332771702,51417.8284908763
"2018-09-08 10:00:00",4039,-1864.05239316071,-36579.9451307852,32851.8403444638,-54957.4286460195,51229.323859698
"2018-09-08 11:00:00",4249,-1993.05239316895,-36723.6478324088,32737.5430460709,-55108.9144877341,51122.8097013962
"2018-09-08 12:00:00",4690,-1946.05239317391,-36691.3443124824,32799.2395261346,-55084.390814411,51192.2860280632
"2018-09-08 13:00:00",4550,-1419.05239317688,-36179.0345788992,33340.9297925455,-54579.8576381209,51741.7528517671
"2018-09-08 14:00:00",4612,622.947606821338,-34151.7186395356,35397.6138531782,-52560.3149709092,53806.2101845519
"2018-09-08 15:00:00",4756,3328.94760682028,-31460.3965022496,38118.2917158901,-49876.7628247937,56534.6580384343
"2018-09-08 16:00:00",4848,3730.94760681964,-31073.068174883,38534.9633885223,-49497.2012117672,56959.0964254064
"2018-09-08 17:00:00",4125,3810.94760681925,-31007.7336652616,38629.6288789001,-49439.6301437978,57061.5253574363
"2018-09-08 18:00:00",3745,3002.94760681902,-31830.3929811927,37836.2881948307,-50270.049632826,56275.944846464
"2018-09-08 19:00:00",3399,2297.94760681889,-32550.0461304712,37145.941344109,-50997.4596907729,55593.3549044107
"2018-09-08 20:00:00",3245,2444.94760681881,-32417.6931208701,37307.5883345077,-50872.8603295264,55762.755543164
"2018-09-08 21:00:00",2814,2571.94760681876,-32305.3339601508,37449.2291737883,-50768.2515609564,55912.1467745939
"2018-09-08 22:00:00",2478,2671.94760681872,-32219.9686560547,37563.8638696922,-50690.6333969024,56034.5286105398
"2018-09-08 23:00:00",1916,2519.94760681869,-32386.5972163105,37426.4924299479,-50865.0058491843,55904.9010628216
"2018-09-09 00:00:00",1286,2991.94760681867,-31929.2196486274,37913.1148622648,-50415.3689295925,56399.2641432298
"2018-09-09 01:00:00",794,3984.94760681867,-30950.835960701,38920.7311743383,-49444.7226498962,57414.6178635336
"2018-09-09 02:00:00",620,3521.94760681866,-31428.4461602094,38472.3413738467,-49930.0670218383,56973.9622354756
"2018-09-09 03:00:00",345,1960.94760681865,-33004.0502548153,36925.9454684526,-51513.4020571375,55435.2972707748
"2018-09-09 04:00:00",353,708.947606818659,-34270.6482521639,35688.5434658012,-52787.7277674866,54205.622981124
"2018-09-09 05:00:00",541,367.947606818653,-34626.2401598872,35362.1353735245,-53151.0441645574,53886.9393781947
"2018-09-09 06:00:00",1140,-132.052393181343,-35140.8259855998,34876.7211992372,-53673.3512599956,53409.2464736329
"2018-09-09 07:00:00",1806,-623.052393181335,-35646.4057368999,34400.3009505372,-54186.6490654214,52940.5442790587
"2018-09-09 08:00:00",2224,-1268.05239318134,-36305.9794213699,33769.8746350072,-54853.9375924314,52317.8328060687
"2018-09-09 09:00:00",3449,-1725.05239318133,-36777.5470465779,33327.4422602153,-55333.2168525998,51883.1120662371
"2018-09-09 10:00:00",4322,-1974.05239318133,-37041.1086200751,33093.0038337125,-55604.4868574752,51656.3820711125
"2018-09-09 11:00:00",4273,-2082.05239318133,-37163.6641493967,32999.5593630341,-55734.7476185816,51570.642832219
"2018-09-09 12:00:00",3990,-1953.05239318133,-37049.2136420644,33143.1088557018,-55627.9991474227,51721.8943610601
"2018-09-09 13:00:00",3993,-1516.05239318133,-36626.757105581,33594.6523192184,-55213.2414554729,52181.1366691102
"2018-09-09 14:00:00",3852,577.947606818669,-34547.2945474364,35703.1897610738,-53141.4745541869,54297.3697678243
"2018-09-09 15:00:00",3888,3337.94760681867,-31801.8259751036,38477.721188741,-50403.6984549939,57079.5936686313
"2018-09-09 16:00:00",4126,3921.94760681866,-31232.351396042,39076.2466096793,-49841.9131693019,57685.8083829392
"2018-09-09 17:00:00",3959,3658.94760681866,-31509.8708176923,38827.7660313296,-50127.1187084904,57445.0139221277
"2018-09-09 18:00:00",3692,3151.94760681866,-32031.3842474838,38335.2794611211,-50656.3150839218,56960.2102975592
"2018-09-09 19:00:00",3258,2269.94760681866,-32927.8916928267,37467.786906464,-51560.5023069289,56100.3975205662
"2018-09-09 20:00:00",2755,2573.94760681866,-32638.3931611201,37786.2883747574,-51278.6803888276,56426.5756024649
"2018-09-09 21:00:00",2140,2729.94760681866,-32496.8886597429,37956.7838733802,-51144.8493409029,56604.7445545402
"2018-09-09 22:00:00",1534,2918.94760681865,-32322.3781960629,38160.2734097002,-50978.009174423,56815.9043880603
"2018-09-09 23:00:00",996,3091.94760681864,-32163.8617774313,38347.7569910686,-50827.1599006306,57011.0551142679
"2018-09-10 00:00:00",534,3650.94760681865,-31619.3394111844,38921.2346248217,-50290.3015307455,57592.1967443828
"2018-09-10 01:00:00",303,4438.94760681864,-30845.8111046428,39723.7063182801,-49524.4340759636,58402.3292896009
"2018-09-10 02:00:00",286,4151.94760681864,-31147.2768651125,39451.1720787498,-49833.5575474584,58137.4527610957
"2018-09-10 03:00:00",329,2711.94760681864,-32601.7366998848,38025.6319135221,-51295.6719563812,56719.5671700185
"2018-09-10 04:00:00",861,998.947606818671,-34329.1906162353,36327.0858298727,-53030.777313859,55028.6725274964
"2018-09-10 05:00:00",2963,509.947606818682,-34832.6386214268,35852.5338350642,-53541.8736309992,54561.7688446366
"2018-09-10 06:00:00",5721,757.947606818688,-34599.0807227042,36114.9759363415,-53315.9609188819,54831.8561325193
"2018-09-10 07:00:00",6561,75.9476068186868,-35295.5169273002,35447.4121409376,-54020.0391885688,54171.9344022061
"2018-09-10 08:00:00",6009,-1000.05239318131,-36385.947242431,34385.8424560684,-55118.1084510958,53118.0036647332
"2018-09-10 09:00:00",5236,-1568.05239318131,-36968.3716752989,33832.2668889363,-55708.168717478,52572.0639311154
"2018-09-10 10:00:00",4201,-1904.0523931813,-37318.790233092,33510.6854467294,-56066.2199987087,52258.1152123461
"2018-09-10 11:00:00",4498,-1982.05239318129,-37411.2029229828,33447.0981366202,-56166.2623057573,52202.1575193947
"2018-09-10 12:00:00",4724,-1892.0523931813,-37335.6097521294,33551.5049657668,-56098.2956495711,52314.1908632085
"2018-09-10 13:00:00",4462,-1494.05239318129,-36952.0107276761,33963.9059413135,-55722.3200410764,52734.2152547138
"2018-09-10 14:00:00",5016,378.94760681871,-35093.4058567521,35851.3010703895,-53871.3354911764,54629.2307048138
"2018-09-10 15:00:00",5688,3187.94760681871,-32298.7951464722,38674.6903601096,-51084.3420107521,57460.2372243896
"2018-09-10 16:00:00",6344,4257.94760681871,-31243.1786039362,39759.0738175736,-50036.3396106619,58552.2348242993
"2018-09-10 17:00:00",5857,3447.94760681871,-32067.5562362315,38963.4514498689,-50868.3283017449,57764.2235153823
"2018-09-10 18:00:00",4245,2749.94760681871,-32779.928050428,38279.8232640654,-51588.3080948138,57088.2033084512
"2018-09-10 19:00:00",3184,2326.94760681873,-33217.2940535847,37871.1892672221,-52033.279000664,56687.1742143015
"2018-09-10 20:00:00",2732,2640.94760681873,-32917.6542527439,38199.5494663814,-51741.2410300663,57023.1362437038
"2018-09-10 21:00:00",2235,3066.94760681873,-32506.0086549348,38639.9038685722,-51337.1941937704,57471.0894074078
"2018-09-10 22:00:00",1389,3147.94760681873,-32439.3572671718,38735.2524808093,-51278.1385025043,57574.0337161418
"2018-09-10 23:00:00",887,3227.94760681872,-32373.700096456,38829.5953100934,-51220.073966975,57675.9691806124
"2018-09-11 00:00:00",516,3523.94760681871,-32092.0371497734,39139.9323634109,-50946.0005978669,57993.8958115043
"2018-09-11 01:00:00",330,2749.94760681876,-32880.3684340968,38380.2636477344,-51741.9184058438,57241.8136194813
"2018-09-11 02:00:00",265,3069.94760681879,-32574.6939563846,38714.5891700222,-51443.8274015477,57583.7226151853
"2018-09-11 03:00:00",332,1980.94760681881,-33678.0137235819,37639.9089372196,-52554.7275956002,56516.6228092378
"2018-09-11 04:00:00",891,1100.94760681881,-34572.3277426178,36774.2229562554,-53456.6189985984,55658.514212236
"2018-09-11 05:00:00",3055,490.947606818817,-35196.63602041,36178.5312340476,-54088.5016211221,55070.3968347597
"2018-09-11 06:00:00",5927,319.947606818814,-35381.938563861,36021.8337774986,-54281.3754737278,54921.2706873654
"2018-09-11 07:00:00",6496,276.947606818815,-35439.2353798598,35993.1305934974,-54346.2405669511,54900.1357805888
"2018-09-11 08:00:00",6123,-660.052393181183,-36390.5264752815,35070.4216889192,-55305.096911307,53984.9921249446
"2018-09-11 09:00:00",5471,-1305.05239318118,-37049.8118569874,34439.707070625,-55971.9445172883,53361.839730926
"2018-09-11 10:00:00",4257,-1678.05239318118,-37437.0915318251,34080.9867454627,-56366.7833953681,53010.6786090057
"2018-09-11 11:00:00",5074,-1866.05239318118,-37639.3655066297,33907.2607202673,-56576.6135559995,52844.5087696371
"2018-09-11 12:00:00",4734,-1984.05239318118,-37771.6337882201,33803.5290018578,-56716.4350096112,52748.3302232489
"2018-09-11 13:00:00",4875,-1965.05239318119,-37766.8963834046,33836.7915970422,-56719.2477666155,52789.1429802531
"2018-09-11 14:00:00",4922,-1656.0523931812,-37472.1532989753,34160.0485126129,-56432.0518374001,53119.9470510377
"2018-09-11 15:00:00",5636,-1093.0523931812,-36923.4045417126,34737.2997553502,-55890.8472323346,53704.7424459722
"2018-09-11 16:00:00",6601,-379.052393181204,-36223.6501183821,35465.5453320197,-55198.6339617662,54440.5291754038
"2018-09-11 17:00:00",5859,453.9476068188,-35404.8900357375,36312.7852493751,-54387.4120360239,55295.3072496615
"2018-09-11 18:00:00",4372,1152.9476068188,-34720.1243005173,37026.0195141549,-53710.1814654131,56016.0766790507
"2018-09-11 19:00:00",3427,1642.9476068188,-34244.3529194488,37530.2481330864,-53241.9422602226,56527.8374738602
"2018-09-11 20:00:00",3114,2226.94760681882,-33674.575899244,38128.4711128816,-52679.6944307172,57133.5896443548
"2018-09-11 21:00:00",2501,2500.94760681882,-33414.7932466024,38416.68846024,-52427.4379871431,57429.3332007807
"2018-09-11 22:00:00",1860,2499.94760681883,-33430.0049682103,38429.9001818479,-52450.1729397261,57450.0681533637
"2018-09-11 23:00:00",2682,2427.94760681884,-33516.2110707408,38372.1062843785,-52543.8992986719,57399.7945123096
"2018-09-12 00:00:00",750,2553.94760681884,-33404.4115608534,38512.3067744911,-52439.6170741651,57547.5122878028
"2018-09-12 01:00:00",344,2557.94760681884,-33414.6064451948,38530.5016588325,-52457.3262763711,57573.2214900088
"2018-09-12 02:00:00",314,2457.94760681883,-33528.7957303991,38444.6909440368,-52579.0269154359,57494.9221290736
"2018-09-12 03:00:00",371,2074.94760681883,-33925.979423086,38075.8746367237,-52983.7190014834,57133.6142151211
"2018-09-12 04:00:00",937,1084.94760681884,-34930.157529863,37100.0527435007,-53995.402544619,56165.2977582567
"2018-09-12 05:00:00",3085,381.94760681885,-35647.3300573251,36411.2252709628,-54720.0775549286,55483.9727685663
"2018-09-12 06:00:00",5908,1178.94760681885,-34864.4970120529,37222.3922256906,-53944.7440424768,56302.6392561145
"2018-09-12 07:00:00",6677,1528.94760681884,-34528.6584006162,37586.5536142539,-53616.4020173108,56674.2972309485
"2018-09-12 08:00:00",6297,-294.052393181157,-36365.8142295693,35777.709443207,-55461.0514894549,54872.9467030926
"2018-09-12 09:00:00",5551,-782.052393181141,-36867.9645054564,35303.8597190941,-55970.6924689174,54406.5876825551
"2018-09-12 10:00:00",4499,-1707.05239318114,-37807.1092348064,34393.0044484441,-56917.3249656833,53503.220179321
"2018-09-12 11:00:00",4598,-1975.05239318114,-38089.2484241371,34139.1436377748,-57206.9489897209,53256.8442033586
"2018-09-12 12:00:00",4759,-2089.05239318114,-38217.3820799522,34039.2772935899,-57342.5645509767,53164.4597646144
"2018-09-12 13:00:00",4733,-2049.05239318114,-38191.5102087443,34093.405422382,-57324.1716593802,53226.0668730179
"2018-09-12 14:00:00",5056,-1867.05239318113,-38023.6328169921,34289.5280306299,-57163.7703248399,53429.6655384777
"2018-09-12 15:00:00",5739,-1513.05239318113,-37683.7499111612,34657.6451247989,-56831.3605572438,53805.2557708815
"2018-09-12 16:00:00",6450,-1127.05239318113,-37311.8614977062,35057.7567113439,-56466.9423664636,54212.8375801013
"2018-09-12 17:00:00",6245,-277.052393181131,-36475.9675830683,35921.862796706,-55638.5157623502,55084.410975988
"2018-09-12 18:00:00",4668,637.947606818881,-35575.0681736765,36850.9633873142,-54745.0807547358,56020.9759683736
"2018-09-12 19:00:00",3510,1255.94760681888,-34971.1632759459,37483.0584895837,-54148.6373534318,56660.5325670695
"2018-09-12 20:00:00",3064,1677.94760681888,-34563.2528962807,37919.1481099185,-53748.1855682321,57104.0807818699
"2018-09-12 21:00:00",2705,1919.94760681888,-34335.3370410718,38175.2322547096,-53527.7254089109,57367.6206225487
"2018-09-12 22:00:00",1813,1972.94760681888,-34296.4157166986,38242.3109303363,-53496.2568852247,57442.1520988625
"2018-09-12 23:00:00",2842,1966.94760681887,-34316.4889295277,38250.3841431654,-53523.7800069105,57457.6752205483
"2018-09-13 00:00:00",699,2188.94760681887,-34108.5566859111,38486.4518995488,-53323.2947836828,57701.1899973205
"2018-09-13 01:00:00",413,2407.94760681887,-33903.6189921934,38719.5142058311,-53125.8012252446,57941.6964388823
"2018-09-13 02:00:00",332,1898.94760681886,-34426.6758547027,38224.5710683404,-53656.2993412741,57454.1945549118
"2018-09-13 03:00:00",383,1428.94760681886,-34910.7272797557,37768.6224933934,-54147.7891414319,57005.6843550696
"2018-09-13 04:00:00",914,551.947606818849,-35801.7732736591,36905.6684872968,-55046.2706353629,56150.1658490006
"2018-09-13 05:00:00",3052,-63.052393181149,-36430.8138427042,36304.7090563419,-55682.7438326893,55556.639046327
"2018-09-13 06:00:00",5830,-424.052393181149,-36805.8489931728,35957.7442068105,-56065.2087430181,55217.1039566558
"2018-09-13 07:00:00",6433,-1013.05239318116,-37408.8787313325,35382.7739449702,-56675.6653759346,54649.5605895723
"2018-09-13 08:00:00",6162,-1475.05239318113,-37884.9030634407,34934.7982770785,-57159.113741009,54209.0089546467
"2018-09-13 09:00:00",5092,-1867.05239318116,-38290.9219957418,34556.8172093795,-57572.5538477909,53838.4490614286
"2018-09-13 10:00:00",4584,-2006.05239318116,-38443.9355344671,34431.8307481048,-57732.9857058104,53720.8809194481
"2018-09-13 11:00:00",4767,-2150.05239318115,-38601.9436858394,34301.8388994771,-57898.4093245847,53598.3045382224
"2018-09-13 12:00:00",4851,-2003.05239318115,-38468.9464560654,34462.8416697031,-57772.8247136057,53766.7199272434
"2018-09-13 13:00:00",4826,-1538.88288382582,-38035.5946410758,34957.8288734241,-57355.7868005648,54278.0210329132
"2018-09-13 14:00:00",5014,433.734450036635,-36089.9620366415,36957.4309367148,-55424.439049007,56291.9079490803
"2018-09-13 15:00:00",5617,3466.4358726083,-33079.658169857,40012.5299150736,-52425.991732056,59358.8634772726
"2018-09-13 16:00:00",6514,3804.06512062841,-32762.7182430781,40370.8484843349,-52120.0040703658,59728.1343116226
"2018-09-13 17:00:00",5701,3396.69307130666,-33188.9450593165,39982.3312019299,-52556.2119972965,59349.5981399098
"2018-09-13 18:00:00",4443,2702.95992659207,-33900.1712360569,39306.0910892411,-53276.6984258217,58682.6182790058
"2018-09-13 19:00:00",3669,2042.48220625362,-34577.3534653033,38662.3178778105,-53962.7234879286,58047.6879004358
"2018-09-13 20:00:00",3282,2126.5069411887,-34509.5073619314,38762.5212443088,-53903.4418347668,58156.4557171442
"2018-09-13 21:00:00",2676,2466.67761677639,-34185.1692316583,39118.5244652111,-53587.4849477106,58520.8401812634
"2018-09-13 22:00:00",1921,2453.53797125423,-34213.9278612519,39121.0038037604,-53624.511768028,58531.5877105364
"2018-09-13 23:00:00",1167,2608.82452200742,-34074.1249126108,39291.7739566257,-53492.9053432303,58710.5543872452
"2018-09-14 00:00:00",603,3251.38783138559,-33446.9583401176,39949.7340028888,-52873.889310907,59376.6649736782
"2018-09-14 01:00:00",376,4154.12103675347,-32559.5663461746,40867.8084196816,-51994.6184637309,60302.8605372378
"2018-09-14 02:00:00",333,3810.95783872454,-32918.0343663657,40539.9500438148,-52361.1883673767,59983.1040448258
"2018-09-14 03:00:00",377,1933.85871414386,-34810.4136084587,38678.1310367464,-54261.6564150728,58129.3738433605
"2018-09-14 04:00:00",892,522.798662508012,-36236.7362989527,37282.3336239687,-55696.0586585294,56741.6559835454
"2018-09-14 05:00:00",2899,43.7622930075722,-36731.0222319011,36818.5468179162,-56198.4172227361,56285.9418087513
"2018-09-14 06:00:00",5569,-273.259678495763,-37063.283363977,36516.7640069855,-56538.745479121,55992.2261221295
"2018-09-14 07:00:00",6728,-933.272930581929,-37738.52700164,35871.9811404762,-57222.0515958908,55355.5057347269
"2018-09-14 08:00:00",5934,-1449.28091900774,-38269.7575891003,35371.1957510849,-57761.3405405113,54862.7787024958
"2018-09-14 09:00:00",5025,-1903.2857294338,-38738.9778117445,34932.4063528769,-58238.6153158449,54432.0438569773
"2018-09-14 10:00:00",4566,-2110.28862363571,-38961.1892964744,34740.612049203,-58468.8777420796,54248.3004948082
"2018-09-14 11:00:00",4836,-2228.29036414408,-39094.3930289924,34637.8123007043,-58610.1289230579,54153.5481947697
"2018-09-14 12:00:00",5019,-2098.29141031715,-38979.5896060636,34783.0067854293,-58503.3695282834,54306.7867076491
"2018-09-14 13:00:00",4830,-1575.29203885658,-38471.77939014,35321.1953124269,-58003.5999656018,54853.0158878887
"2018-09-14 14:00:00",5231,476.707583629965,-36434.9626024615,37388.3777697214,-55974.8204851736,56928.2356524335
"2018-09-14 15:00:00",5953,3520.70735694878,-33406.1393791167,40447.5540930143,-52954.0312420889,59995.4459559864
"2018-09-14 16:00:00",6196,4093.70722086916,-32848.3098049598,41035.7242466981,-52404.2323342368,60591.6467759751
"2018-09-14 17:00:00",5358,3442.7071391934,-33514.4739340319,40399.8882124187,-53078.4238251042,59963.838103491
"2018-09-14 18:00:00",4687,3157.70709017846,-33814.631801841,40130.0459821979,-53386.6057574857,59702.0199378426
"2018-09-14 19:00:00",3880,2124.70706076769,-34862.7834327506,39112.1975542859,-54442.7781617303,58692.1922832657
"2018-09-14 20:00:00",3329,2291.70704312194,-34710.9288444296,39294.3429306735,-54298.9410607107,58882.3551469546
"2018-09-14 21:00:00",3169,2541.70703253582,-34476.0680505155,39559.4821155871,-54072.0944727924,59155.5085378641
"2018-09-14 22:00:00",2810,2462.7070261854,-34570.2010622234,39495.6151145942,-54174.2384136329,59099.6524660037
"2018-09-14 23:00:00",2024,2753.70702237613,-34294.3278893049,39801.7419340571,-53906.3728972487,59413.7869420009
"2018-09-15 00:00:00",1179,3440.70702009126,-33622.4485406302,40503.8625808127,-53242.4979366673,60123.9119768498
"2018-09-15 01:00:00",808,4537.70701872081,-32540.5630245327,41615.9770619743,-52168.6135443109,61244.0275817525
"2018-09-15 02:00:00",584,3587.70701789884,-33505.6713490187,40681.0853848164,-53141.7197322301,60317.1337680278
"2018-09-15 03:00:00",428,1493.70701740586,-35614.7735218909,38602.1875567026,-55258.8165122421,58246.2305470538
"2018-09-15 04:00:00",502,489.707017110205,-36633.8695508256,37613.283585046,-56285.9038960169,57265.3179302373
"2018-09-15 05:00:00",871,477.707016932874,-36660.9594434142,37616.3734772799,-56320.9818951229,57276.3959289887
"2018-09-15 06:00:00",1469,1299.70701682652,-35854.0432071958,38453.4572408489,-55522.0505210651,58121.4645547182
"2018-09-15 07:00:00",2117,485.70701676276,-36683.120849666,37654.5348831915,-56359.1097852918,57330.5238188174
"2018-09-15 08:00:00",3442,-1226.29298327549,-38410.1923782946,35957.6064117436,-58094.1596992182,55641.5737326672
"2018-09-15 09:00:00",3999,-1764.29298329843,-38963.2578005255,35434.6718339286,-58655.2002742234,55126.6143076265
"2018-09-15 10:00:00",4448,-1975.29298331219,-39189.3171237816,35238.7311571572,-58889.2315216564,54938.645555032
"2018-09-15 11:00:00",4772,-2104.29298332043,-39333.3703554701,35124.7843888292,-59041.2534528435,54832.6674862026
"2018-09-15 12:00:00",4990,-2057.29298332538,-39301.4175029793,35186.8315363285,-59017.2660790832,54902.6801124324
"2018-09-15 13:00:00",4848,-1530.29298332836,-38789.4585736823,35728.8726070256,-58513.2694116509,55452.6834449942
"2018-09-15 14:00:00",4343,511.707016669858,-36762.4935749372,37785.907608277,-56494.2634617993,57517.677495139
"2018-09-15 15:00:00",4296,3217.7070166688,-34071.5225140856,40506.9365474232,-53811.2482407562,60246.6622740938
"2018-09-15 16:00:00",4219,3619.70701666816,-33684.5453984544,40923.9594317907,-53432.2237597271,60671.6377930634
"2018-09-15 17:00:00",3953,3699.70701666777,-33619.5622353564,41018.976268692,-53375.1900298958,60774.6040632314
"2018-09-15 18:00:00",3826,2891.70701666754,-34442.5730320879,40225.987065423,-54206.1470624209,59989.561095756
"2018-09-15 19:00:00",3455,2186.70701666741,-35162.5777959345,39535.9918292693,-54934.0948684448,59307.5089017796
"2018-09-15 20:00:00",3208,2333.70701666733,-35030.5765341612,39697.9905674959,-54810.0334590784,59477.447492413
"2018-09-15 21:00:00",3055,2460.70701666728,-34918.5692540239,39839.9832873584,-54705.9628454184,59627.376878753
"2018-09-15 22:00:00",2741,2560.70701666724,-34833.5559627591,39954.9699960936,-54628.8830385325,59750.2970718669
"2018-09-15 23:00:00",2123,2408.70701666721,-35000.5366675937,39817.9507009281,-54803.7940494728,59621.2080828072
"2018-09-16 00:00:00",1353,2880.70701666719,-34543.5113757359,40304.9254090703,-54354.6958892636,60116.109922598
"2018-09-16 01:00:00",786,3873.70701666719,-33565.4800943825,41312.8941277168,-53384.5885689112,61132.0026022456
"2018-09-16 02:00:00",607,3410.70701666718,-34043.442830714,40864.8568640483,-53870.4720993975,60691.8861327319
"2018-09-16 03:00:00",401,1849.70701666717,-35619.3995918977,39318.8136252321,-55454.3464916839,59153.7605250183
"2018-09-16 04:00:00",313,597.707016667179,-36886.3503850848,38081.7644184191,-56729.211756707,57924.6257900413
"2018-09-16 05:00:00",467,256.707016667174,-37242.2952174152,37755.7092507495,-57093.0679053865,57606.4819387209
"2018-09-16 06:00:00",850,-243.292983332823,-37757.2340960129,37270.6481293472,-57615.9149486177,57129.328981952
"2018-09-16 07:00:00",1302,-734.292983332814,-38263.1670279872,36794.5810613216,-58129.7528972732,56661.1669306075
"2018-09-16 08:00:00",2090,-1379.29298333282,-38923.0940204334,36164.5080537678,-58797.5817622043,56038.9957955387
"2018-09-16 09:00:00",3039,-1836.29298333281,-39395.015080434,35722.4291137684,-59277.4015542427,55604.8155875771
"2018-09-16 10:00:00",3278,-2085.29298333281,-39658.9302150565,35488.3442483909,-59549.2122841975,55378.6263175319
"2018-09-16 11:00:00",4352,-2193.29298333281,-39781.8394313537,35395.2534646881,-59680.0139628547,55293.4279961891
"2018-09-16 12:00:00",3978,-2064.29298333281,-39667.742736367,35539.1567697014,-59573.8066009834,55445.2206343178
"2018-09-16 13:00:00",3935,-1627.29298333281,-39245.6401371199,35991.0541704543,-59159.590209325,55905.0042426594
"2018-09-16 14:00:00",3829,466.707016667189,-37166.5316406254,38099.9456739598,-57088.3647986049,58021.7788319393
"2018-09-16 15:00:00",4101,3226.70701666719,-34421.4172538806,40874.8312872149,-54351.1303795245,60804.5444128588
"2018-09-16 16:00:00",4539,3810.70701666718,-33852.2969838708,41473.7110172051,-53789.8869627667,61411.300996101
"2018-09-16 17:00:00",4154,3547.70701666718,-34130.1708375641,41225.5848708985,-54075.6345589883,61171.0485923227
"2018-09-16 18:00:00",3701,3040.70701666718,-34652.0388219196,40733.452855254,-54605.3731788324,60686.7872121668
"2018-09-16 19:00:00",3400,2158.70701666718,-35548.9009438776,39866.3149772119,-55510.1028329131,59827.5168662475
"2018-09-16 20:00:00",3092,2462.70701666718,-35259.7572103699,40185.1712437043,-55228.823531832,60154.2375651663
"2018-09-16 21:00:00",2623,2618.70701666718,-35118.607628309,40356.0216616434,-55095.5352861605,60332.9493194949
"2018-09-16 22:00:00",1725,2807.70701666717,-34944.4522045985,40559.8662379329,-54929.238106457,60544.6521397913
"2018-09-16 23:00:00",1088,2980.70701666716,-34786.2909461268,40747.7049794611,-54778.9320032562,60740.3460365905
"2018-09-17 00:00:00",550,3539.70701666717,-34242.1238597686,41321.5378931029,-54242.6169870721,61322.0310204064
"2018-09-17 01:00:00",280,4327.70701666716,-33468.9509523848,42124.3649857191,-53477.2930683977,62132.707101732
"2018-09-17 02:00:00",260,4040.70701666716,-33770.772230823,41852.1862641573,-53786.9602577053,61868.3742910396
"2018-09-17 03:00:00",344,2600.70701666716,-35225.587701918,40427.0017352523,-55249.618565448,60451.0325987823
"2018-09-17 04:00:00",880,887.707016667192,-36953.3973724904,38728.8114058248,-56985.2680020569,58760.6820353913
"2018-09-17 05:00:00",2965,398.707016667203,-37457.2012493492,38254.6152826836,-57496.9085779454,58294.3226112799
"2018-09-17 06:00:00",5667,646.707016667208,-37223.9993392871,38517.4133726216,-57271.5403035023,58564.9543368367
"2018-09-17 07:00:00",6533,-35.2929833327926,-37920.7916490865,37850.2056824209,-57976.1631891001,57905.5772224345
"2018-09-17 08:00:00",6070,-1111.29298333279,-39011.5781855146,36788.992218849,-59074.7772450883,56852.1912784227
"2018-09-17 09:00:00",5145,-1679.29298333279,-39594.3589553258,36235.7729886602,-59665.3824817971,56306.7965151316
"2018-09-17 10:00:00",4201,-2015.29298333278,-39945.1339652625,35914.5479985969,-60023.9789095381,55993.3929428726
"2018-09-17 11:00:00",4371,-2093.29298333277,-40037.9032220527,35851.3172553871,-60124.5665386008,55937.9805719353
"2018-09-17 12:00:00",4533,-2003.29298333278,-39962.6667324114,35956.0807657458,-60057.1453792549,56050.5594125894
"2018-09-17 13:00:00",4680,-1605.29298333277,-39579.4245030411,36368.8385363756,-59681.7154417511,56471.1294750856
"2018-09-17 14:00:00",4930,267.707016667231,-37721.1765406316,38256.5905739661,-57831.2767363204,58366.6907696549
"2018-09-17 15:00:00",5327,3076.70701666723,-34926.9228518587,41080.3368851932,-55044.8292731725,61198.243306507
"2018-09-17 16:00:00",6354,4146.70701666723,-33871.663443385,42165.0774767195,-53997.3730624972,62290.7870958317
"2018-09-17 17:00:00",5412,3336.70701666723,-34696.3983218626,41369.8123551971,-54829.908114468,61503.3221478024
"2018-09-17 18:00:00",4000,2638.70701666723,-35409.1274939269,40686.5415272614,-55550.4344392326,60827.8484725671
"2018-09-17 19:00:00",2897,2215.70701666725,-35846.8509662044,40278.2649995389,-55995.9520469255,60427.36608026
"2018-09-17 20:00:00",2466,2529.70701666725,-35547.5687453061,40606.9827786406,-55704.4609476576,60763.8749809921
"2018-09-17 21:00:00",2090,2955.70701666725,-35136.2808378312,41047.6948711657,-55300.9611515212,61212.3751848557
"2018-09-17 22:00:00",1434,3036.70701666725,-35069.987250366,41143.4012837005,-55242.4526685891,61315.8667019236
"2018-09-17 23:00:00",869,3116.70701666724,-35004.6879894843,41238.1020228187,-55184.9355089153,61418.3495422498
"2018-09-18 00:00:00",536,3412.70701666723,-34723.3830617469,41548.7970950813,-54911.4096825337,61736.8237158681
"2018-09-18 01:00:00",351,2638.70701666728,-35512.0724737022,40789.4865070367,-55707.875199459,60985.2892327936
"2018-09-18 02:00:00",227,2958.70701666731,-35206.756231886,41124.1702652206,-55410.3320696871,61327.7461030218
"2018-09-18 03:00:00",340,1869.70701666733,-36310.4343428223,40049.848376157,-56521.7803031954,60261.1943365301
"2018-09-18 04:00:00",858,989.707016667334,-37205.1068130199,39184.5208463546,-57424.2199099384,59403.633943273
"2018-09-18 05:00:00",3027,379.707016667337,-37829.7736489784,38589.1876823131,-58056.6508998561,58816.0649331908
"2018-09-18 06:00:00",5642,208.707016667335,-38015.4348571832,38432.8488905179,-58250.0732828672,58667.4873162019
"2018-09-18 07:00:00",6516,165.707016667336,-38073.0904441072,38404.5044774419,-58315.4870688714,58646.9011022061
"2018-09-18 08:00:00",5873,-771.292983332663,-39024.7404162116,37482.1544495463,-59274.8922677499,57732.3063010846
"2018-09-18 09:00:00",5123,-1416.29298333266,-39684.3847799445,36851.7988132792,-59942.2888893644,57109.702922699
"2018-09-18 10:00:00",4527,-1789.29298333266,-40072.023541742,36493.4375750767,-60337.676943558,56759.0909768927
"2018-09-18 11:00:00",4593,-1977.29298333266,-40274.656708029,36320.0707413637,-60548.0564401569,56593.4704734915
"2018-09-18 12:00:00",4725,-2095.29298333266,-40407.2842852156,36216.6983185503,-60688.4273889643,56497.841422299
"2018-09-18 13:00:00",4737,-2076.29298333267,-40402.9062797027,36250.3203130373,-60691.7897997695,56539.2038331041
"2018-09-18 14:00:00",4931,-1767.29298333268,-40108.522697876,36573.9367312106,-60405.1436823388,56870.5577156734
"2018-09-18 15:00:00",5623,-1204.29298333268,-39560.1335461111,37151.5475794458,-59864.4890464227,57455.9030797574
"2018-09-18 16:00:00",6623,-490.292983332683,-38860.7388307704,37880.152864105,-59172.8259017516,58192.2399350862
"2018-09-18 17:00:00",5916,342.70701666732,-38042.3385582052,38727.7525915399,-58362.1542580392,59047.5682913739
"2018-09-18 18:00:00",4423,1041.70701666732,-37357.9327347534,39441.3467680881,-57685.4741249783,59768.8881583129
"2018-09-18 19:00:00",3309,1531.70701666732,-36882.5213667428,39945.9354000774,-57217.7855122463,60281.199545581
"2018-09-18 20:00:00",2805,2115.70701666734,-36313.1044604873,40544.518493822,-56656.0884294998,60887.5024628345
"2018-09-18 21:00:00",2400,2389.70701666734,-36053.6820222894,40833.0960556241,-56404.3828863774,61183.7969197121
"2018-09-18 22:00:00",2631,2388.70701666735,-36069.2540584399,40846.6680917746,-56427.6688925002,61205.0829258349
"2018-09-18 23:00:00",1501,2316.70701666736,-36155.820575218,40789.2346085527,-56521.9464574714,61155.3604908061
"2018-09-19 00:00:00",617,2442.70701666736,-36044.3815788899,40929.7956122246,-56418.2155908741,61303.6296242088
"2018-09-19 01:00:00",401,2446.70701666736,-36054.9370757107,40948.3511090454,-56436.476302275,61329.8903356097
"2018-09-19 02:00:00",282,2346.70701666735,-36169.4870719245,40862.9011052592,-56558.7286012233,61252.142634558
"2018-09-19 03:00:00",358,1963.70701666735,-36567.0315737616,40494.4456070963,-56963.9724972477,60891.3865305824
"2018-09-19 04:00:00",913,973.707016667364,-37571.5705874418,39518.9846207766,-57976.2079998604,59923.6220331951
"2018-09-19 05:00:00",3074,270.707016667371,-38289.1041191737,38830.5181525084,-58701.4351185566,59242.8491518913
"2018-09-19 06:00:00",5803,1067.70701666737,-37506.6321751526,39642.0462084874,-57926.6538628113,60062.0678961461
"2018-09-19 07:00:00",6510,1417.70701666736,-37171.1547615645,40006.5687948992,-57598.8642420851,60434.2782754198
"2018-09-19 08:00:00",6101,-405.292983332637,-39008.6718845808,38198.0859179155,-59444.0662658164,58633.4802991511
"2018-09-19 09:00:00",5331,-893.292983332621,-39511.1835503644,37724.5975836991,-59954.2599434305,58167.6739767652
"2018-09-19 10:00:00",4266,-1818.29298333262,-40450.689765064,36814.1037983987,-60901.4452843309,57264.8593176657
"2018-09-19 11:00:00",4567,-2086.29298333262,-40733.1905348183,36560.6045681531,-61191.6222979064,57019.0363312412
"2018-09-19 12:00:00",4734,-2200.29298333262,-40861.6858657533,36461.099899088,-61327.7909935253,56927.20502686
"2018-09-19 13:00:00",4675,-2160.29298333262,-40836.1757639853,36515.58979732,-61309.951380542,56989.3654138767
"2018-09-19 14:00:00",4980,-1978.29298333261,-40668.6602356178,36712.0742689526,-61150.103468291,57193.5175016258
"2018-09-19 15:00:00",5718,-1624.29298333261,-40329.1392867421,37080.5533200769,-60818.2472660881,57569.6612994229
"2018-09-19 16:00:00",6382,-1238.29298333261,-39957.6129234402,37481.026956775,-60454.3827832349,57977.7968165697
"2018-09-19 17:00:00",5647,-388.292983332611,-39122.0811517819,38345.4951851167,-59626.5100290143,58849.9240623491
"2018-09-19 18:00:00",4469,526.707016667401,-38221.5439778256,39274.9580111604,-58733.6290126919,59787.0430460268
"2018-09-19 19:00:00",3460,1144.7070166674,-37618.0014076174,39907.4154409522,-58137.7397435144,60427.1537768492
"2018-09-19 20:00:00",2865,1566.7070166674,-37210.4534471935,40343.8674805283,-57737.8422307135,60871.2562640483
"2018-09-19 21:00:00",2576,1808.7070166674,-36982.9001025778,40600.3141359127,-57517.9364835018,61135.3505168366
"2018-09-19 22:00:00",1693,1861.7070166674,-36944.3413797846,40667.7554131194,-57487.0225110772,61210.436544412
"2018-09-19 23:00:00",994,1855.70701666739,-36964.777284816,40676.1913181508,-57515.1003226195,61226.5143559543
"2018-09-20 00:00:00",583,2077.70701666739,-36757.2078236606,40912.6218569953,-57315.1699272872,61470.583960622
"2018-09-20 01:00:00",349,2296.70701666739,-36552.6330023014,41146.0470356361,-57118.2313342307,61711.6453675655
"2018-09-20 02:00:00",265,1787.70701666738,-37076.0528267054,40651.4668600401,-57649.2845525756,61224.6985859104
"2018-09-20 03:00:00",344,1317.70701666738,-37560.4673028296,40195.8813361644,-58141.3295914325,60776.7436247672
"2018-09-20 04:00:00",914,440.707016667369,-38451.8764366226,39333.2904699573,-59040.3664598987,59921.7804932335
"2018-09-20 05:00:00",2924,-174.292983332629,-39081.280234018,38732.6942673528,-59677.3951670493,59328.8092003841
"2018-09-20 06:00:00",5417,-535.292983332629,-39456.6787009419,38386.0927342766,-60060.415721947,58989.8297552817
"2018-09-20 07:00:00",5766,-1124.29298333264,-40060.0718433063,37811.485876641,-60671.4281336337,58422.8421669685
"2018-09-20 08:00:00",5331,-1586.29298333261,-40536.4596670153,37363.87370035,-61155.432411139,57982.8464444738
"2018-09-20 09:00:00",5264,-1978.29298333264,-40942.8421779603,36986.2562112951,-61569.428563473,57612.8425968077
"2018-09-20 10:00:00",4326,-2117.29298333264,-41096.2193820211,36861.6334153558,-61730.4165996278,57495.8306329626
"2018-09-20 11:00:00",4592,-2261.29298333263,-41254.5912850705,36732.0053184053,-61896.3965285854,57373.8105619202
"2018-09-20 12:00:00",4695,-2114.29298333263,-41121.9578929653,36893.3719263,-61771.3683593028,57542.7823926376
"2018-09-20 13:00:00",4459,-1650.1234739773,-40688.477465738,37388.2305177834,-61354.1337508182,58053.8868028636
"2018-09-20 14:00:00",4517,322.493859885156,-38742.8478291702,39387.8355489405,-59422.7905382204,60067.7782579907
"2018-09-20 15:00:00",5257,3355.19528245682,-35732.6920258792,42443.0825907928,-56424.5696648418,63134.9602297554
"2018-09-20 16:00:00",6331,3692.82453047693,-35415.9502549124,42801.5993158663,-56118.8850563143,63504.5341172681
"2018-09-20 17:00:00",5065,3285.45248115518,-35842.4259871915,42413.3309495019,-56555.4736674781,63126.3786297885
"2018-09-20 18:00:00",3898,2591.71933644059,-36553.9365212009,41737.375194082,-57276.3949829176,62459.8336557988
"2018-09-20 19:00:00",2957,1931.24161610214,-37231.4226727249,41093.9059049292,-57962.8848540377,61825.3680862419
"2018-09-20 20:00:00",2740,2015.26635103722,-37163.8931139962,41194.4258160706,-57904.0873141311,61934.6200162055
"2018-09-20 21:00:00",3497,2355.43702662491,-36839.8796395781,41550.7536928279,-57588.626945358,62299.5009986079
"2018-09-20 22:00:00",2356,2342.29738110275,-36868.9678510618,41553.5626132673,-57626.1578176791,62310.7525798846
"2018-09-20 23:00:00",1633,2497.58393185594,-36729.4975753282,41724.6654390401,-57495.0601721884,62490.2280359003
"2018-09-21 00:00:00",698,3140.14724123411,-36102.665646329,42382.9601287972,-56876.555932924,63156.8504153922
"2018-09-21 01:00:00",407,4042.88044660199,-35215.6095508567,43301.3704440607,-55997.798798128,64083.559691332
"2018-09-21 02:00:00",304,3699.71724857306,-35574.4142904989,42973.848787645,-56364.8836697352,63764.3181668813
"2018-09-21 03:00:00",377,1822.61812399238,-37467.1308091312,41112.3670571159,-58265.8675373855,61911.1037853703
"2018-09-21 04:00:00",867,411.558072356533,-38893.7911704647,39716.9073151777,-59700.7862038263,60523.9023485394
"2018-09-21 05:00:00",2919,-67.4782971439072,-39388.41506945,39253.4584751622,-60203.661642483,60068.7050481952
"2018-09-21 06:00:00",5457,-384.500268647243,-39721.0144025798,38952.0138652853,-60544.5071327451,59775.5065954506
"2018-09-21 07:00:00",6539,-1044.51352073341,-40396.596439574,38307.5693981072,-61228.3307866312,59139.3037451644
"2018-09-21 08:00:00",5653,-1560.52150915922,-40928.165602228,37807.1225839096,-61768.1375373264,58647.094519008
"2018-09-21 09:00:00",4981,-2014.52631958528,-41397.7245622099,37368.6719230394,-62245.9303667126,58216.8777275421
"2018-09-21 10:00:00",4548,-2221.52921378719,-41620.2749379462,37177.2165103718,-62476.7110820158,58033.6526544414
"2018-09-21 11:00:00",4937,-2339.53095429556,-41753.817709834,37074.7558012429,-62618.4807789649,57939.4188703737
"2018-09-21 12:00:00",5039,-2209.53200046863,-41639.353471247,37220.2894703098,-62512.2401218768,58093.1761209396
"2018-09-21 13:00:00",4901,-1686.53262900806,-41131.8825823978,37758.8173243817,-62012.9895151722,58639.9242571561
"2018-09-21 14:00:00",5185,365.466993478486,-39095.4052629814,39826.3392499384,-59984.729206649,60715.6631936059
"2018-09-21 15:00:00",5973,3409.4667667973,-36066.9216479594,42885.855181554,-56964.4593496737,63783.3928832683
"2018-09-21 16:00:00",6007,3982.46663071768,-35509.4318213107,43474.3650827461,-56415.1800407966,64380.113302232
"2018-09-21 17:00:00",5489,3331.46654904192,-36175.935836353,42838.8689344368,-57089.8913423983,63752.8244404821
"2018-09-21 18:00:00",4607,3046.46650002698,-36476.4337279632,42569.3667280171,-57398.5932963084,63491.5262963623
"2018-09-21 19:00:00",3958,2013.46647061621,-37524.9255199285,41551.8584611609,-58455.2859319944,62482.2188732269
"2018-09-21 20:00:00",3255,2180.46645297046,-37373.4112293765,41734.3441353174,-58311.9692715011,62672.902177442
"2018-09-21 21:00:00",2931,2430.46644238434,-37138.8908694243,41999.8237541929,-58085.6433323982,62946.5762171669
"2018-09-21 22:00:00",2570,2351.46643603392,-37233.3644507796,41936.2973228474,-58188.3081295671,62891.2410016349
"2018-09-21 23:00:00",2179,2642.46643222465,-36957.8319826954,42242.7648471447,-57920.9636762619,63205.8965407112
"2018-09-22 00:00:00",1516,3329.46642993978,-36286.293473549,42945.2263334285,-57257.6099847562,63916.5428446357
"2018-09-22 01:00:00",1273,4426.46642856933,-35204.7489311853,44057.681788324,-56184.247066725,65037.1799238637
"2018-09-22 02:00:00",1207,3476.46642774736,-36170.1983631253,43123.13121862,-57157.8749334768,64110.8077889715
"2018-09-22 03:00:00",611,1382.46642725438,-38279.6417766883,41044.5746311971,-59275.4935960896,62040.4264505984
"2018-09-22 04:00:00",647,378.466426958725,-39299.0791790697,40056.0120329872,-60303.1030654979,61060.0359194153
"2018-09-22 05:00:00",960,366.466426781393,-39326.5105773822,40059.4434309449,-60338.7033525376,61071.6362061004
"2018-09-22 06:00:00",1635,1188.46642667504,-38519.9359786877,40896.8688320378,-59540.2944679845,61917.2273213345
"2018-09-22 07:00:00",2445,374.46642661128,-39349.3553900058,40098.2882432284,-60377.8764225586,61126.8092757811
"2018-09-22 08:00:00",3415,-1337.53357342697,-41076.7688183331,38401.7016714792,-62113.4492269514,59438.3820800975
"2018-09-22 09:00:00",3770,-1875.53357344991,-41630.1762706409,37879.1091237411,-62675.0128918191,58923.9457449193
"2018-09-22 10:00:00",4308,-2086.53357346367,-41856.5777538815,37683.5106069542,-62909.5674277912,58736.5002808639
"2018-09-22 11:00:00",4638,-2215.53357347191,-42000.9732749929,37569.9061280491,-63062.1128454765,58631.0456985326
"2018-09-22 12:00:00",4831,-2168.53357347687,-41969.3628408961,37632.2956939424,-63038.6491554586,58701.5820085048
"2018-09-22 13:00:00",4565,-1641.53357347984,-41457.7464584982,38174.6793115386,-62535.1763683002,59252.1092213405
"2018-09-22 14:00:00",4654,400.466426518378,-39431.1241346929,40232.0569877296,-60516.6944945437,61317.6273475805
"2018-09-22 15:00:00",4589,3106.46642651732,-36740.4958763585,42953.4287293931,-57834.2035447089,64047.1363977435
"2018-09-22 16:00:00",4582,3508.46642651668,-36353.8616903608,43370.7945433941,-57455.7035292954,64472.6363823288
"2018-09-22 17:00:00",4847,3588.46642651629,-36289.2215835529,43466.1544365855,-57399.1944587845,64576.127311817
"2018-09-22 18:00:00",4620,2780.46642651606,-37112.5755627725,42673.5084158046,-58230.676343633,63791.6091966651
"2018-09-22 19:00:00",4347,2075.46642651593,-37832.9236348486,41983.8564878804,-58959.1491942852,63110.082047317
"2018-09-22 20:00:00",3602,2222.46642651585,-37701.2658065907,42146.1986596224,-58835.6130211553,63280.545874187
"2018-09-22 21:00:00",2985,2349.4664265158,-37589.602084801,42288.5349378326,-58732.0678346464,63431.000687678
"2018-09-22 22:00:00",2480,2449.46642651576,-37504.9324762633,42403.8653292948,-58655.5136451334,63554.4464981649
"2018-09-22 23:00:00",1871,2297.46642651573,-37672.2569877541,42267.1898407855,-58830.9504629799,63425.8833160114
"2018-09-23 00:00:00",1249,2769.46642651571,-37215.5756260319,42754.5084790634,-58382.3782985224,63921.3111515538
"2018-09-23 01:00:00",690,3762.46642651571,-36237.8883978459,43762.8212508773,-57412.7971620825,64937.7300151139
"2018-09-23 02:00:00",565,3299.4664265157,-36716.1953099298,43315.1281629612,-57899.207063959,64498.1399169904
"2018-09-23 03:00:00",319,1738.46642651569,-38292.4963690064,41769.4292220377,-59483.6080144331,62960.5408674645
"2018-09-23 04:00:00",339,486.466426515699,-39559.7915817827,40532.7244348141,-60759.0000237627,61731.9328767941
"2018-09-23 05:00:00",514,145.466426515693,-39916.0809549573,40207.0138079887,-61123.383102192,61414.3159552234
"2018-09-23 06:00:00",910,-354.533573484303,-40431.364495213,39722.2973482444,-61646.7572599417,60937.6901129731
"2018-09-23 07:00:00",1402,-845.533573484295,-40937.6422092201,39246.5750622515,-62161.1225072132,60470.0553602446
"2018-09-23 08:00:00",2203,-1490.5335734843,-41597.9141036363,38616.8469566677,-62829.4788541884,59848.4117072198
"2018-09-23 09:00:00",3562,-1947.53357348429,-42070.1801851075,38175.1130381389,-63309.8263110314,59414.7591640628
"2018-09-23 10:00:00",4594,-2196.53357348429,-42334.4404602666,37941.373313298,-63582.1648878862,59189.0977409176
"2018-09-23 11:00:00",4252,-2304.53357348429,-42457.6949357328,37848.6277887642,-63713.4945948763,59104.4274479077
"2018-09-23 12:00:00",3945,-2175.53357348429,-42343.9436181155,37992.8764711469,-63607.8154421097,59256.7482951411
"2018-09-23 13:00:00",4107,-1738.53357348429,-41922.1865140074,38445.1193670388,-63194.1274396691,59717.0602927005
"2018-09-23 14:00:00",4091,355.466426515709,-39843.4236299924,40554.3564830238,-61123.4305976237,61834.3634506551
"2018-09-23 15:00:00",4195,3115.46642651571,-37098.6549726396,43329.587825671,-58386.7249260201,64617.6577790515
"2018-09-23 16:00:00",4413,3699.4664265157,-36529.880548508,43928.8134015394,-57826.0104348894,65224.9432879208
"2018-09-23 17:00:00",4117,3436.4664265157,-36808.1003641404,43681.0332171718,-58112.2871342379,64985.2199872693
"2018-09-23 18:00:00",3997,2929.4664265157,-37330.3144260726,43189.247279104,-58642.5550340614,64501.4878870928
"2018-09-23 19:00:00",3516,2047.4664265157,-38227.5227408221,42322.4555938535,-59547.8141443274,63642.7469973588
"2018-09-23 20:00:00",2846,2351.4664265157,-37938.7253149002,42641.6581679316,-59267.0644749941,63969.9973280255
"2018-09-23 21:00:00",2346,2507.4664265157,-37797.9221547993,42812.8550078307,-59134.3060359909,64149.2388890223
"2018-09-23 22:00:00",1635,2696.4664265157,-37624.1132670052,43017.0461200365,-58968.5388372367,64361.4716902681
"2018-09-23 23:00:00",934,2869.46642651569,-37466.2986579891,43205.2315110205,-58818.7628886287,64557.69574166
"2018-09-24 00:00:00",509,3428.46642651569,-36922.4783342105,43779.4111872419,-58282.9782000456,65139.911053077
"2018-09-24 01:00:00",344,4216.46642651568,-36149.6523021162,44582.5851551476,-57518.1847813469,65951.1176343783
"2018-09-24 02:00:00",219,3929.46642651568,-36451.8205681406,44310.7534211719,-57828.3826423733,65687.3154954047
"2018-09-24 03:00:00",328,2489.46642651568,-37906.9831387071,42885.9159917385,-59291.5717929487,64270.50464598
"2018-09-24 04:00:00",888,776.466426515712,-39635.1400202263,41188.0728732577,-61027.7522428769,62580.6850959083
"2018-09-24 05:00:00",2954,287.466426515723,-40139.2912190982,40714.2240721296,-61539.9240019461,62114.8568549775
"2018-09-24 06:00:00",5747,535.466426515728,-39906.436741708,40977.3695947395,-61315.0870799216,62386.0199329531
"2018-09-24 07:00:00",6591,-146.533573484273,-40603.5765944319,40310.5094474633,-62020.2414865547,61727.1743395862
"2018-09-24 08:00:00",5900,-1222.53357348427,-41694.710783632,39249.6436366635,-63119.3872315759,60674.3200846073
"2018-09-24 09:00:00",4936,-1790.53357348427,-42277.8393156594,38696.7721686909,-63710.5243246979,60129.4571777294
"2018-09-24 10:00:00",4351,-2126.53357348426,-42628.9621968541,38375.8950498856,-64069.6527756171,59816.5856286486
"2018-09-24 11:00:00",4468,-2204.53357348425,-42722.0794335433,38313.0122865748,-64170.77259401,59761.7054470415
"2018-09-24 12:00:00",4531,-2114.53357348426,-42647.1910320418,38418.1238850733,-64103.8837895344,59874.8166425659
"2018-09-24 13:00:00",4433,-1716.53357348425,-42264.296998654,38831.2298516855,-63728.986371832,60295.9192248635
"2018-09-24 14:00:00",4816,156.466426515751,-40406.3973396726,40719.3301927041,-61879.0803505266,62192.0132035581
"2018-09-24 15:00:00",5443,2965.46642651575,-37612.4920613774,43543.4249144089,-59093.1657352223,65024.0985882538
"2018-09-24 16:00:00",6307,4035.46642651575,-36557.5811700363,44628.5140230678,-58046.2425355052,66117.1753885367
"2018-09-24 17:00:00",5562,3225.46642651575,-37382.6646719084,43833.5975249399,-58879.3107609475,65330.243613979
"2018-09-24 18:00:00",4167,2527.46642651575,-38095.7425732365,43150.675426268,-59600.3704210972,64655.3032741287
"2018-09-24 19:00:00",3253,2104.46642651577,-38533.8148802566,42742.7477332881,-60046.4215254908,64255.3543785224
"2018-09-24 20:00:00",2559,2418.46642651577,-38234.8815991904,43071.8144522219,-59755.464083644,64592.3969366756
"2018-09-24 21:00:00",2084,2844.46642651577,-37823.9427362483,43512.8755892799,-59352.4981050548,65041.4309580864
"2018-09-24 22:00:00",1392,2925.46642651577,-37757.9982976297,43608.9311506612,-59294.5235992042,65145.4564522357
"2018-09-24 23:00:00",826,3005.46642651576,-37693.0482895225,43703.981142554,-59237.5405755558,65248.4734285873
"2018-09-25 00:00:00",527,3301.46642651575,-37412.0927181032,44015.0255711347,-58964.5490435557,65567.4818965872
"2018-09-25 01:00:00",302,2527.4664265158,-38201.1315895364,43256.064442568,-59761.5490126321,64816.4818656637
"2018-09-25 02:00:00",234,2847.46642651583,-37896.1649099759,43591.0977630076,-59464.5404921962,65159.4733452278
"2018-09-25 03:00:00",366,1758.46642651585,-39000.1926855651,42517.1255385968,-60576.5234916434,64093.4563446751
"2018-09-25 04:00:00",880,878.466426515854,-39895.2149224325,41652.1477754643,-61479.4980203468,63236.4308733785
"2018-09-25 05:00:00",3063,268.466426515857,-40520.2316266996,41057.1644797313,-62112.464087668,62649.3969406997
"2018-09-25 06:00:00",5833,97.4664265158544,-40706.2428044743,40901.175657506,-62306.4217029485,62501.3545559802
"2018-09-25 07:00:00",6568,54.4664265158553,-40764.2484618534,40873.1813148851,-62372.3708755126,62481.3037285443
"2018-09-25 08:00:00",6080,-882.533573484143,-41716.2486049234,39951.1814579551,-63332.3116146686,61567.2444677003
"2018-09-25 09:00:00",5083,-1527.53357348414,-42376.2432397584,39321.1760927901,-64000.2439297062,60945.1767827379
"2018-09-25 10:00:00",4385,-1900.53357348414,-42764.2323724222,38963.1652254539,-64396.167829899,60595.1006829308
"2018-09-25 11:00:00",4458,-2088.53357348414,-42967.2160089683,38790.1488620001,-64607.0833245053,60430.016177537
"2018-09-25 12:00:00",4580,-2206.53357348414,-43100.1941554368,38687.1270084685,-64747.9904227622,60334.9232757939
"2018-09-25 13:00:00",4716,-2187.53357348415,-43096.1668178593,38721.099670891,-64751.8891338948,60376.8219869265
"2018-09-25 14:00:00",4973,-1878.53357348416,-42802.1340022539,39045.0668552855,-64465.7794671064,60708.7123201381
"2018-09-25 15:00:00",5748,-1315.53357348416,-42254.0957146295,39623.0285676612,-63925.6614315874,61294.5942846191
"2018-09-25 16:00:00",6597,-601.533573484163,-41555.0519609829,40351.9848140146,-63234.5350365087,62031.4678895404
"2018-09-25 17:00:00",5734,231.466426515841,-40737.0027473013,41199.9356003329,-62424.400291027,62887.3331440587
"2018-09-25 18:00:00",4320,930.466426515842,-40052.9480795591,41913.8809325908,-61748.2572042797,63609.1900573114
"2018-09-25 19:00:00",3058,1420.46642651584,-39577.8879637224,42418.8208167541,-61281.1057853906,64122.0386384223
"2018-09-25 20:00:00",2765,2004.46642651586,-39008.8224057442,43017.7552587759,-60719.9460434644,64728.8788964961
"2018-09-25 21:00:00",2282,2278.46642651586,-38749.751411567,43306.6842645988,-60468.7779875894,65025.7108406211
"2018-09-25 22:00:00",1571,2277.46642651587,-38765.6749871231,43320.6078401549,-60492.601626838,65047.5344798697
"2018-09-25 23:00:00",924,2205.46642651588,-38852.5931383345,43263.5259913662,-60587.4169702673,64998.349823299
"2018-09-26 00:00:00",543,2331.46642651588,-38741.5058711108,43404.4387241426,-60484.2240269152,65147.1568799469
"2018-09-26 01:00:00",358,2335.46642651588,-38752.4131913519,43423.3460443836,-60503.0228058048,65173.9556588366
"2018-09-26 02:00:00",227,2235.46642651587,-38867.315104948,43338.2479579798,-60625.8133159446,65096.7461689764
"2018-09-26 03:00:00",358,1852.46642651587,-39265.2116177761,42970.1444708078,-61031.5955663223,64736.5284193541
"2018-09-26 04:00:00",890,862.466426515884,-40270.1027357043,41995.0355887361,-62044.3695659128,63769.3024189446
"2018-09-26 05:00:00",3052,159.46642651589,-40987.9884645904,41306.9213176222,-62770.1353236746,63089.0681767064
"2018-09-26 06:00:00",5930,956.466426515892,-40205.8688102802,42118.8016633119,-61995.8928485479,63908.8257015797
"2018-09-26 07:00:00",6193,1306.46642651588,-39870.743778611,42483.6766316427,-61668.6421494605,64281.5750024923
"2018-09-26 08:00:00",6032,-516.533573484117,-41708.6133754066,40675.5462284384,-63514.383235319,62481.3160883508
"2018-09-26 09:00:00",5320,-1004.5335734841,-42211.4776064839,40202.4104595157,-64025.1161150194,62016.0489680512
"2018-09-26 10:00:00",4523,-1929.5335734841,-43151.336477646,39292.2693306778,-64972.8407974369,61113.7736504687
"2018-09-26 11:00:00",4721,-2197.5335734841,-43434.1899946878,39039.1228477196,-65263.557291434,60868.4901444658
"2018-09-26 12:00:00",4793,-2311.5335734841,-43563.0381633916,38939.9710164234,-65400.265605854,60777.1984588858
"2018-09-26 13:00:00",4624,-2271.5335734841,-43537.880989532,38994.8138425638,-65382.9657495283,60839.8986025601
"2018-09-26 14:00:00",4928,-2089.53357348409,-43370.7184788717,39191.6513319035,-65223.6577312704,61044.5905843022
"2018-09-26 15:00:00",5693,-1735.53357348409,-43031.5506371617,39560.4834901936,-64892.3415598755,61421.2744129073
"2018-09-26 16:00:00",6334,-1349.53357348409,-42660.3774701455,39961.3103231773,-64529.0172441275,61829.9500971593
"2018-09-26 17:00:00",5954,-499.533573484092,-41825.1989835549,40826.1318365867,-63701.6847927927,62702.6176458245
"2018-09-26 18:00:00",4661,415.46642651592,-40925.0151831118,41755.9480361436,-62809.3442146216,63640.2770676535
"2018-09-26 19:00:00",3639,1033.46642651592,-40321.8260745264,42388.7589275583,-62213.9955183475,64280.9283713794
"2018-09-26 20:00:00",3197,1455.46642651592,-39914.6316635004,42825.5645165323,-61814.6387126904,64725.5715657222
"2018-09-26 21:00:00",3475,1697.46642651592,-39687.4319557243,43082.3648087562,-61595.2738063529,64990.2066593848
"2018-09-26 22:00:00",1973,1750.46642651592,-39649.2269568795,43150.1598099114,-61564.9008080242,65065.833661056
"2018-09-26 23:00:00",1209,1744.46642651591,-39670.0166726371,43158.9495256689,-61593.5197263773,65082.4525794092
"2018-09-27 00:00:00",654,1966.46642651591,-39462.8011086545,43395.7339616863,-61394.1305700648,65327.0634230966
"2018-09-27 01:00:00",421,2185.46642651591,-39258.5802705861,43629.5131236179,-61197.733347734,65568.6662007658
"2018-09-27 02:00:00",312,1676.4664265159,-39782.3541640701,43135.2870171019,-61729.3280680078,65082.2609210396
"2018-09-27 03:00:00",373,1206.4664265159,-40267.1227947359,42680.0556477677,-62221.9147394959,64634.8475925276
"2018-09-27 04:00:00",919,329.466426515888,-41158.8861682062,41817.8190212379,-63121.4933707972,63780.426223829
"2018-09-27 05:00:00",3002,-285.53357348411,-41788.6442900891,41217.5771431208,-63759.0639704887,63187.9968235205
"2018-09-27 06:00:00",5685,-646.53357348411,-42164.3971659861,40871.3300190179,-64142.6265471372,62849.559400169
"2018-09-27 07:00:00",6589,-1235.53357348412,-42768.1448014861,40297.0776545178,-64754.18110929,62283.1139623217
"2018-09-27 08:00:00",5946,-1697.53357348409,-43244.8872021709,39849.8200552027,-65238.7276654838,61843.6605185157
"2018-09-27 09:00:00",5181,-2089.53357348412,-43651.6243736107,39472.5572266425,-65653.2662242376,61474.1990772694
"2018-09-27 10:00:00",4500,-2228.53357348412,-43805.3563213646,39348.2891743964,-65814.7967940533,61357.729647085
"2018-09-27 11:00:00",4670,-2372.53357348412,-43964.0830509867,39219.0159040185,-65981.3193834249,61236.2522364567
"2018-09-27 12:00:00",4849,-2225.53357348411,-43831.8045680148,39380.7374210466,-65856.834000822,61405.7668538538
"2018-09-27 13:00:00",4787,-1761.36406412878,-43398.2251221919,39875.4969939343,-65439.4479564635,61916.7198282059
"2018-09-27 14:00:00",4943,211.253269733676,-41452.6168243808,41875.1233638481,-63508.1373786779,63930.6439181452
"2018-09-27 15:00:00",5892,3243.95469230534,-38442.6156034065,44930.5249880172,-60510.1529185514,66998.0623031621
"2018-09-27 16:00:00",6451,3581.58394032545,-38126.0745866023,45289.2424672532,-60204.7753370207,67367.9432176716
"2018-09-27 17:00:00",5968,3174.2118910037,-38552.7980066359,44901.2217886433,-60641.742753916,66990.1665359234
"2018-09-27 18:00:00",4498,2480.47874628911,-39264.5891098261,44225.5466024043,-61363.093162889,66324.0506554672
"2018-09-27 19:00:00",3419,1820.00102595066,-39942.3740331336,43582.3760850349,-62050.0399660209,65690.0420179222
"2018-09-27 20:00:00",2856,1904.02576088574,-39875.1550132759,43683.2065350473,-61991.7173543336,65799.7688761051
"2018-09-27 21:00:00",2649,2244.19643647343,-39551.4596506006,44039.8525235474,-61676.7434954878,66165.1363684346
"2018-09-27 22:00:00",2003,2231.05679095127,-39580.8705776271,44042.9841595296,-61714.7679186406,66176.8815005432
"2018-09-27 23:00:00",1278,2386.34334170446,-39441.7259082082,44214.4125916172,-61584.168245036,66356.8549284449
"2018-09-28 00:00:00",699,3028.90665108263,-38815.2214292771,44873.0347314424,-60966.1647974349,67023.9780996002
"2018-09-28 01:00:00",461,3931.63985645051,-37928.4939584213,45791.7736713223,-60087.910250619,67951.1899635201
"2018-09-28 02:00:00",301,3588.47665842158,-38287.6280911971,45464.5814080403,-60455.4988855519,67632.4522023951
"2018-09-28 03:00:00",367,1711.3775338409,-40180.6745245259,43603.4295922077,-62356.9873141895,65779.7423818713
"2018-09-28 04:00:00",870,300.317482205052,-41607.6651697541,42208.3001341642,-63792.4111062574,64393.0460706675
"2018-09-28 05:00:00",2751,-178.718887295388,-42102.6196290698,41745.181854479,-64295.7920933131,63938.3543187224
"2018-09-28 06:00:00",5521,-495.740858798723,-42435.5497426367,41444.0680250392,-64637.1434685984,63645.661751001
"2018-09-28 07:00:00",6401,-1155.75411088489,-43111.4627457918,40799.954524022,-65321.4732915478,63009.965069778
"2018-09-28 08:00:00",5798,-1671.7620993107,-43643.3630393596,40299.8388407382,-65861.7864632741,62518.2622646527
"2018-09-28 09:00:00",4791,-2125.76690973676,-44113.2532821808,39861.7194627073,-66340.0859460414,62088.5521265678
"2018-09-28 10:00:00",4574,-2332.76980393867,-44336.1350847638,39670.5954768865,-66571.3735349661,61905.8339270887
"2018-09-28 11:00:00",4863,-2450.77154444704,-44470.0094225574,39568.4663336633,-66713.6503182089,61812.1072293149
"2018-09-28 12:00:00",5066,-2320.77259062011,-44355.8768857784,39714.3317045382,-66607.9169552593,61966.3717740191
"2018-09-28 13:00:00",4898,-1797.77321915954,-43848.7378325615,40253.1913942424,-66109.1738473598,62513.6274090407
"2018-09-28 14:00:00",5193,254.226403327005,-41812.5924811749,42321.0452878289,-64081.4212401261,64589.8740467801
"2018-09-28 15:00:00",5838,3298.22617664582,-38784.4409655441,45380.8933188357,-61061.6592853401,67658.1116386318
"2018-09-28 16:00:00",6188,3871.2260405662,-38227.2833688476,45969.73544998,-60512.8880783285,68255.3401594609
"2018-09-28 17:00:00",5695,3220.22595889044,-38894.1197437451,45334.571661526,-61188.1076804649,67628.5595982458
"2018-09-28 18:00:00",5104,2935.2259098755,-39194.9501245418,45065.4019442928,-61497.3181327049,67367.7699524559
"2018-09-28 19:00:00",4286,1902.22588046473,-40243.7745345045,44048.2262954339,-62554.5194637202,66358.9712246496
"2018-09-28 20:00:00",3538,2069.22586281898,-40092.5929902726,44231.0447159106,-62411.7116948087,66550.1634204466
"2018-09-28 21:00:00",3058,2319.22585223286,-39858.4055044951,44496.8572089608,-62185.8948428244,66824.3465472901
"2018-09-28 22:00:00",2713,2240.22584588244,-39953.2120874232,44433.6637791881,-62289.0689219505,66769.5206137153
"2018-09-28 23:00:00",3544,2531.22584207317,-39678.0127478619,44740.4644320082,-62022.2339447556,67084.6856289019
"2018-09-29 00:00:00",1733,3218.2258397883,-39006.8074937452,45443.2591733218,-61359.3899228361,67795.8416024126
"2018-09-29 01:00:00",867,4315.22583841784,-37925.5963324791,46556.0480093148,-60286.5368671951,68916.9885440307
"2018-09-29 02:00:00",524,3365.22583759588,-38891.3792711482,45621.83094634,-61260.674788474,67991.1264636658
"2018-09-29 03:00:00",359,1271.2258371029,-41001.156316638,43543.6079908438,-63378.8036970871,65921.2553712929
"2018-09-29 04:00:00",425,267.225836807243,-42020.9274757112,42555.3791493257,-64406.9236033073,64941.3752769218
"2018-09-29 05:00:00",743,255.225836629912,-42048.6927550499,42559.1444283097,-64443.0345173123,64953.4861905722
"2018-09-29 06:00:00",1359,1077.22583652356,-41242.4521612875,43396.9038343346,-63645.1364492218,65799.5881222689
"2018-09-29 07:00:00",2036,263.225836459798,-42072.2057010154,42598.657373935,-64483.2294091015,65009.6810820211
"2018-09-29 08:00:00",3073,-1448.77416357845,-43799.9533808046,40902.4050536477,-66219.3134069919,63321.765079835
"2018-09-29 09:00:00",3725,-1986.77416360139,-44353.6952072012,40380.1468799984,-66781.3884528989,62807.8401256961
"2018-09-29 10:00:00",4059,-2197.77416361515,-44580.4311867343,40184.882859504,-67016.4545568047,62620.9062295744
"2018-09-29 11:00:00",4378,-2326.77416362339,-44725.16132592,40071.6129986732,-67169.5117286727,62515.9634014259
"2018-09-29 12:00:00",4657,-2279.77416362835,-44693.8856312586,40134.3373040019,-67146.5599784434,62587.0116511867
"2018-09-29 13:00:00",4553,-1752.77416363132,-44182.6041092377,40677.055781975,-66643.5993160378,63138.0509887751
"2018-09-29 14:00:00",4618,289.225836366897,-42156.316766333,42734.7684390668,-64625.6297513593,65204.0814240931
"2018-09-29 15:00:00",4564,2995.22583636584,-39466.0236090063,45456.4752817379,-61943.6512942901,67934.1029670218
"2018-09-29 16:00:00",4735,3397.2258363652,-39079.7246437076,45874.176316438,-61565.6639546946,68360.115627425
"2018-09-29 17:00:00",4878,3477.22583636481,-39015.4198768765,45969.8715496061,-61509.6677424209,68464.1194151505
"2018-09-29 18:00:00",4569,2669.22583636458,-39839.1093149374,45177.5609876665,-62341.6626672945,67680.1143400237
"2018-09-29 19:00:00",3818,1964.22583636445,-40559.7929643083,44488.2446370372,-63070.6487391308,66999.1004118597
"2018-09-29 20:00:00",3338,2111.22583636437,-40428.4708313882,44650.922504117,-62947.6259677162,67170.0776404449
"2018-09-29 21:00:00",2950,2238.22583636432,-40317.1429225708,44793.5945952995,-62844.5943628289,67321.0460355575
"2018-09-29 22:00:00",2607,2338.22583636428,-40232.8092442316,44909.2609169602,-62768.5539342195,67445.005606948
"2018-09-29 23:00:00",3856,2186.22583636424,-40400.4698027416,44772.92147547,-62944.5046916314,67316.9563643599
"2018-09-30 00:00:00",1826,2658.22583636423,-39944.1246044539,45260.5762771823,-62496.4466447811,67812.8983175096
"2018-09-30 01:00:00",920,3651.22583636423,-38966.7736557138,46269.2253284423,-61527.3798033729,68829.8314761014
"2018-09-30 02:00:00",696,3188.22583636422,-39445.4169628528,45821.8686355813,-62014.3041770898,68390.7558498182
"2018-09-30 03:00:00",364,1627.22583636421,-41022.0545321924,44276.5062049208,-63599.2197755996,66853.6714483281
"2018-09-30 04:00:00",335,375.225836364218,-42289.6863700394,43040.1380427678,-64875.1266085481,65625.5782812765
"2018-09-30 05:00:00",444,34.2258363642122,-42646.312482694,42714.7641554225,-65240.0246855705,65308.4763582989
"2018-09-30 06:00:00",802,-465.774163635784,-43161.9328764414,42230.3845491698,-65763.9140162788,64832.3656890073
"2018-09-30 07:00:00",1175,-956.774163635776,-43668.5475575557,41754.9992302841,-66278.7946102689,64365.2462829974
"2018-09-30 08:00:00",2002,-1601.77416363578,-44329.1565322996,41125.6082050281,-66947.6664771186,63744.118149847
"2018-09-30 09:00:00",2882,-2058.77416363577,-44801.7598069251,40684.2114796536,-67428.5296263894,63310.9812991179
"2018-09-30 10:00:00",3701,-2307.77416363577,-45066.3573876729,40450.8090604013,-67701.3840676257,63085.8357403542
"2018-09-30 11:00:00",4049,-2415.77416363577,-45189.9492807707,40358.4009534991,-67833.2298103521,63001.6814830805
"2018-09-30 12:00:00",4429,-2286.77416363577,-45076.5354924379,40502.9871651663,-67728.0668640801,63154.5185368086
"2018-09-30 13:00:00",4547,-1849.77416363577,-44655.1160288785,40955.5677016069,-67314.895238298,63615.3469110265
"2018-09-30 14:00:00",4380,244.225836364228,-42576.6908962886,43065.142569017,-65244.714942482,65733.1666152105
"2018-09-30 15:00:00",4302,3004.22583636423,-39832.2601008507,45840.7117735792,-62508.5259860874,68516.9776588159
"2018-09-30 16:00:00",4283,3588.22583636422,-39263.823648739,46440.2753214675,-61948.3283785567,69124.7800512851
"2018-09-30 17:00:00",4132,3325.22583636422,-39542.3815461117,46192.8332188401,-62235.1221293081,68885.5738020365
"2018-09-30 18:00:00",3947,2818.22583636422,-40064.9337991227,45701.3854718511,-62765.9072477532,68402.3589204816
"2018-09-30 19:00:00",3543,1936.22583636422,-40962.4804139068,44834.9320866353,-63671.6837432745,67544.1354160029
"2018-09-30 20:00:00",2781,2240.22583636422,-40674.0213965956,45154.473069324,-63391.4516252492,67871.9032979776
"2018-09-30 21:00:00",2159,2396.22583636422,-40533.5567533019,45326.0084260303,-63259.2109030261,68051.6625757545
"2018-09-30 22:00:00",1450,2585.22583636421,-40360.0864901332,45530.5381628617,-63093.9615859461,68264.4132586745
"2018-09-30 23:00:00",954,2758.2258363642,-40202.6106131844,45719.0622859128,-62944.7036833301,68461.1553560585
