"date_time","actual","forecast","lo80","hi80","lo95","hi95"
"2018-08-06 00:00:00",703,582.156199997501,114.765171898802,1049.5472280962,-132.656692748887,1296.96909274389
"2018-08-06 01:00:00",421,-19.1149478729664,-660.178799902873,621.948904156941,-999.53750405407,961.307608308137
"2018-08-06 02:00:00",327,160.191867356894,-519.219271063763,839.603005777552,-878.877802410133,1199.26153712392
"2018-08-06 03:00:00",375,831.805860722884,150.222052952187,1513.38966849358,-210.586620073275,1874.19834151904
"2018-08-06 04:00:00",890,2035.17776283916,1353.4104816171,2716.94504406122,992.504683613365,3077.85084206496
"2018-08-06 05:00:00",3047,3354.19781733108,2672.190516217,4036.20511844517,2311.15765935747,4397.2379753047
"2018-08-06 06:00:00",5580,4409.90492220232,3725.78601524926,5094.02382915538,3363.6353417808,5456.17450262384
"2018-08-06 07:00:00",6280,4767.00486713517,4082.55591380714,5451.4538204632,3720.23052434155,5813.77920992878
"2018-08-06 08:00:00",5582,4919.14342079532,4234.00137762261,5604.28546396803,3871.30908855599,5966.97775303466
"2018-08-06 09:00:00",4694,5027.2315594052,4341.52760531624,5712.93551349415,3978.53785857862,6075.92526023177
"2018-08-06 10:00:00",4357,4803.58385771192,4117.6767476075,5489.49096781633,3754.57945657156,5852.58825885227
"2018-08-06 11:00:00",4432,4523.34829609338,3836.72296190636,5209.97363028039,3473.24546600753,5573.45112617922
"2018-08-06 12:00:00",4606,4536.62558904345,3849.99902827864,5223.25214980826,3486.52088306875,5586.73029501815
"2018-08-06 13:00:00",4669,4790.84902665864,4103.67319576223,5478.02485755505,3739.90428450852,5841.79376880876
"2018-08-06 14:00:00",4814,5062.84963224352,4375.60082346016,5750.09844102687,4011.7932800467,6113.90598444034
"2018-08-06 15:00:00",5395,5460.47905567668,4772.94974393652,6148.00836741684,4408.99371122728,6511.96440012608
"2018-08-06 16:00:00",6651,5620.19324270182,4932.4622233836,6307.92426202004,4568.39941313248,6671.98707227116
"2018-08-06 17:00:00",5590,5362.79498870761,4674.9892063723,6050.60077104291,4310.88681897061,6414.7031584446
"2018-08-06 18:00:00",4308,4766.5602134251,4078.50580671872,5454.61462013148,3714.27180552519,5818.84862132502
"2018-08-06 19:00:00",3314,3884.69951437106,3196.64404698048,4572.75498176164,2832.40948429464,4936.98954444748
"2018-08-06 20:00:00",2795,3130.57018658181,2442.31824620603,3818.82212695759,2077.97967700438,4183.16069615923
"2018-08-06 21:00:00",2330,2360.6925015754,1672.41727757256,3048.96772557824,1308.06638276329,3413.31862038751
"2018-08-06 22:00:00",1723,1615.96949932092,927.591855168343,2304.3471434735,563.186742406855,2668.75225623499
"2018-08-06 23:00:00",1148,1002.51245150691,314.066148343206,1690.95875467062,-50.3753103032833,2055.4002133171
"2018-08-07 00:00:00",606,304.958979951593,-416.252042991544,1026.17000289473,-798.038096581293,1407.95605648448
"2018-08-07 01:00:00",376,-36.4756088353554,-786.74911773941,713.797900068699,-1183.91992207416,1110.96870440345
"2018-08-07 02:00:00",288,245.87817934375,-510.963561405162,1002.71992009266,-911.611377648128,1403.36773633563
"2018-08-07 03:00:00",362,942.322383010369,185.342784001302,1699.30198201943,-215.378009996336,2100.02277601707
"2018-08-07 04:00:00",912,2087.89641672791,1330.84750906246,2844.94532439336,930.090025278397,3245.70280817742
"2018-08-07 05:00:00",3153,3359.07174250135,2601.86918079675,4116.27430420596,2201.03035747771,4517.113127525
"2018-08-07 06:00:00",5814,4469.04660334876,3711.26389095198,5226.82931574555,3310.11795440781,5627.97525228972
"2018-08-07 07:00:00",5655,5021.70655586275,4263.90308754704,5779.51002417845,3862.7461634831,6180.66694824239
"2018-08-07 08:00:00",5960,5303.59852808489,4545.52520790503,6061.67184826475,4144.22543289318,6462.9716232766
"2018-08-07 09:00:00",4925,5404.84007431526,4646.67674203737,6163.00340659316,4245.32931749911,6564.35083113141
"2018-08-07 10:00:00",4416,5141.31106939388,4383.03071438361,5899.59142440416,3981.62134175283,6301.00079703494
"2018-08-07 11:00:00",4515,4793.36577563623,4034.92085877158,5551.81069250087,3633.42437235725,5953.30717891521
"2018-08-07 12:00:00",4940,4721.00103444726,3962.54019312483,5479.46187576968,3561.03527681176,5880.96679208276
"2018-08-07 13:00:00",4726,4881.14167986963,4122.52109540184,5639.76226433742,3720.93161617568,6041.35174356358
"2018-08-07 14:00:00",5040,5157.86759858743,4399.24416597726,5916.4910311976,3997.65317903559,6318.08201813927
"2018-08-07 15:00:00",5555,5581.06562306484,4822.33770289098,6339.7935432387,4420.69140357426,6741.43984255543
"2018-08-07 16:00:00",6471,5836.09637398859,5077.33679435654,6594.85595362064,4675.67373553502,6996.51901244216
"2018-08-07 17:00:00",5656,5639.65946119396,4880.85737788786,6398.46154450006,4479.17181898042,6800.1471034075
"2018-08-07 18:00:00",4121,5105.91892009866,4347.06045450711,5864.77738569022,3945.34504862067,6266.49279157665
"2018-08-07 19:00:00",3272,4250.52319613506,3491.65816612978,5009.38822614034,3089.93928525263,5411.10710701749
"2018-08-07 20:00:00",2888,3404.48159224484,2645.56000872695,4163.40317576272,2243.81119022863,4565.15199426104
"2018-08-07 21:00:00",2532,2518.82557201565,1759.90325596677,3277.74788806453,1358.15404968995,3679.49709434135
"2018-08-07 22:00:00",1771,1704.70053774799,945.740563698111,2463.66051179786,543.971422479748,2865.42965301622
"2018-08-07 23:00:00",1168,1060.67499105595,301.704522638505,1819.6454594734,-100.070173962474,2221.42015607438
"2018-08-08 00:00:00",643,409.464633984232,-371.143004429209,1190.07227239767,-784.371726940538,1603.300994909
"2018-08-08 01:00:00",393,103.055034709049,-696.31568409748,902.425753515577,-1119.47698138731,1325.58705080541
"2018-08-08 02:00:00",295,347.040672756418,-456.680585906877,1150.76193141971,-882.144919880929,1576.22626539377
"2018-08-08 03:00:00",374,1001.07188255154,197.207672200979,1804.9360929021,-228.332335825184,2230.47610092826
"2018-08-08 04:00:00",912,2072.17984817601,1268.28914537331,2876.07055097871,842.735113090119,3301.6245832619
"2018-08-08 05:00:00",3119,3296.73243828299,2492.76071036263,4100.70416620336,2067.16378597306,4526.30109059292
"2018-08-08 06:00:00",5730,4408.1030297671,3603.81072861538,5212.39533091881,3178.04410300802,5638.16195652617
"2018-08-08 07:00:00",6430,5068.77539034898,4264.46693113169,5873.08384956628,3838.69175196109,6298.85902873687
"2018-08-08 08:00:00",5864,5428.66817266177,4624.2216756673,6233.11466965624,4198.37342371146,6658.96292161208
"2018-08-08 09:00:00",4902,5534.09275239023,4729.59272784497,6338.5927769355,4303.71614011538,6764.46936466509
"2018-08-08 10:00:00",4610,5286.00470486485,4481.44723334798,6090.56217638173,4055.54023502858,6516.46917470112
"2018-08-08 11:00:00",4838,4938.81171854514,4134.16217543861,5743.46126165167,3708.20643736379,6169.41699972649
"2018-08-08 12:00:00",5004,4804.58240270176,3999.92643310467,5609.23837229885,3573.96729305126,6035.19751235227
"2018-08-08 13:00:00",4741,4912.52054321803,4107.77869451415,5717.26239192192,3681.77409280772,6143.26699362834
"2018-08-08 14:00:00",5128,5174.90086844241,4370.15654750171,5979.64518938312,3944.15063707216,6405.65109981266
"2018-08-08 15:00:00",5798,5575.18339490356,4770.38490907502,6379.98188073211,4344.35032548586,6806.01646432126
"2018-08-08 16:00:00",6652,5825.34026611588,5020.5227719044,6630.15776032736,4594.47812588515,7056.20240634661
"2018-08-08 17:00:00",6043,5686.33612169694,4881.497760015,6491.17448337887,4455.44206742416,6917.23017596971
"2018-08-08 18:00:00",4806,5178.17521456988,4373.30525471875,5983.04517442101,3947.23283506755,6409.11759407222
"2018-08-08 19:00:00",3655,4325.14766664944,3520.27498873521,5130.02034456368,3094.20113022831,5556.09420307057
"2018-08-08 20:00:00",3130,3404.36991639147,2599.46676728926,4209.27306549367,2173.37677830982,4635.36305447311
"2018-08-08 21:00:00",3267,2445.43521854619,1640.53138330129,3250.33905379109,1214.44103109984,3676.42940599253
"2018-08-08 22:00:00",2711,1577.66858647136,772.745188528894,2382.59198441382,346.644480460911,2808.6926924818
"2018-08-08 23:00:00",1478,913.608232099414,108.678497533953,1718.53796666487,-317.425564939619,2144.64202913845
"2018-08-09 00:00:00",801,358.09506065197,-455.810325397266,1172.00044670121,-886.665810754537,1602.85593205848
"2018-08-09 01:00:00",482,150.946655478157,-670.908098672112,972.801409628426,-1105.97172530743,1407.86503626374
"2018-08-09 02:00:00",336,424.786807380703,-398.905610519017,1248.47922528042,-834.942037580848,1684.51565234225
"2018-08-09 03:00:00",379,1066.00510692443,242.258519690072,1889.75169415878,-193.806582885356,2325.81679673421
"2018-08-09 04:00:00",936,2063.87881694187,1240.11993223027,2887.63770165347,804.048319763626,3323.70931412012
"2018-08-09 05:00:00",3022,3208.90095040871,2385.10417563955,4032.69772517787,1949.01250538803,4468.78939542939
"2018-08-09 06:00:00",5423,4280.32701863767,3456.38841577711,5104.26562149824,3020.22166626919,5540.43237100616
"2018-08-09 07:00:00",6313,4995.8675826225,4171.92290852306,5819.81225672193,3735.75294509542,6255.98222014957
"2018-08-09 08:00:00",5908,5421.45367703547,4597.44611038352,6245.46124368741,4161.24285364969,6681.66450042125
"2018-08-09 09:00:00",4788,5569.45554169154,4745.42544712543,6393.48563625765,4309.2102648342,6829.70081854888
"2018-08-09 10:00:00",4517,5378.72145048899,4554.66447902131,6202.77842195668,4118.43506895782,6639.00783202016
"2018-08-09 11:00:00",4675,5066.69171477912,4242.59461713206,5890.78881242618,3806.34396555231,6327.03946400593
"2018-08-09 12:00:00",4927,4906.84873899849,4082.74829122124,5730.94918677574,3646.4958661897,6167.20161180727
"2018-08-09 13:00:00",4990,4960.18850474121,4136.04983638853,5784.32717309389,3699.77717860652,6220.5998308759
"2018-08-09 14:00:00",5155,5184.37058934073,4360.23105751532,6008.51012116614,3923.95794263846,6444.78323604299
"2018-08-09 15:00:00",5654,5548.75291409277,4724.58879468997,6372.91703349556,4288.30266393587,6809.20316424966
"2018-08-09 16:00:00",6532,5805.05963905311,4980.88753796625,6629.23174013996,4544.59718196384,7065.52209614237
"2018-08-09 17:00:00",5871,5726.15054447091,4901.96868628827,6550.33240265354,4465.67316519136,6986.62792375046
"2018-08-09 18:00:00",4426,5296.12094366295,4471.92532694031,6120.31656038558,4035.62252251228,6556.61936481362
"2018-08-09 19:00:00",3530,4525.19529035415,3700.99827606044,5349.39230464785,3264.69473180297,5785.69584890532
"2018-08-09 20:00:00",3290,3634.23203155912,2810.0214676495,4458.44259546873,2373.71075065864,4894.7533124596
"2018-08-09 21:00:00",3176,2687.68490588923,1863.47411067113,3511.89570110734,1427.16327123294,3948.20654054552
"2018-08-09 22:00:00",2420,1822.3463993985,998.126732496235,2646.56606630077,561.811196672146,3082.88160212486
"2018-08-09 23:00:00",1406,1146.59835974156,322.376039539202,1970.82067994393,-113.940900857114,2407.13762034024
"2018-08-10 00:00:00",731,603.617151354532,-225.16130613211,1432.39560884117,-663.89011991644,1871.1244226255
"2018-08-10 01:00:00",471,367.505709793838,-465.316620646148,1200.32804023382,-906.186131462222,1641.1975510499
"2018-08-10 02:00:00",374,536.232911444145,-297.532104377903,1369.99792726619,-738.900642691262,1811.36646557955
"2018-08-10 03:00:00",404,1039.99107858148,206.196658371892,1873.78549879106,-235.187445683975,2315.16960284693
"2018-08-10 04:00:00",818,1881.21293438136,1047.41250850193,2715.01336026079,606.02522523649,3156.40064352623
"2018-08-10 05:00:00",2854,2910.73838044071,2076.91940896366,3744.55735191775,1635.52230825187,4185.95445262954
"2018-08-10 06:00:00",5227,3947.71317714379,3113.82302032022,4781.60333396737,2672.38823636225,5223.03811792534
"2018-08-10 07:00:00",5950,4744.87228771852,3910.97883323519,5578.76574220185,3469.54230360159,6020.20227183544
"2018-08-10 08:00:00",5211,5288.92642793358,4455.00184557834,6122.85101028882,4013.54883784473,6564.30401802244
"2018-08-10 09:00:00",4584,5541.54568418429,4707.60952546858,6375.48184289999,4266.15038957991,6816.94097878866
"2018-08-10 10:00:00",4512,5447.01830014805,4613.06899946654,6280.96760082956,4171.60290664141,6722.4336936547
"2018-08-10 11:00:00",4796,5186.48634734484,4352.51676293476,6020.45593175492,3911.03993255233,6461.93276213736
"2018-08-10 12:00:00",4941,5008.39487823467,4174.42373469754,5842.36602177179,3732.94607896311,6283.84367750623
"2018-08-10 13:00:00",5053,5012.73504057321,4178.74476576666,5846.72531537976,3737.25698254994,6288.21309859647
"2018-08-10 14:00:00",5367,5194.42401320809,4360.43325224927,6028.41477416691,3918.94521167909,6469.90281473709
"2018-08-10 15:00:00",5684,5511.36998685933,4677.36703162604,6345.37294209261,4235.87253579689,6786.86743792176
"2018-08-10 16:00:00",5868,5731.96124959598,4897.95418724838,6565.96831194359,4456.45751724424,7007.46498194772
"2018-08-10 17:00:00",5309,5636.42954646604,4802.41771114935,6470.44138178274,4360.91851448799,6911.94057844409
"2018-08-10 18:00:00",4616,5183.1878907752,4349.16909658512,6017.20668496528,3907.66621611873,6458.70956543167
"2018-08-10 19:00:00",3713,4406.5568327432,3572.53738398794,5240.57628149847,3131.03415701567,5682.07950847074
"2018-08-10 20:00:00",3344,3536.90911465836,2702.88288013546,4370.93534918127,2261.37606099478,4812.44216832195
"2018-08-10 21:00:00",3374,2706.25675785859,1872.23039075151,3540.28312496566,1430.72350142501,3981.79001429216
"2018-08-10 22:00:00",3117,2058.85385023998,1224.82308083027,2892.8846196497,783.313861065528,3334.39383941444
"2018-08-10 23:00:00",2271,1645.29982974775,811.267693104363,2479.33196639114,369.757749569832,2920.84190992567
"2018-08-11 00:00:00",1412,1325.37163467194,489.146677608112,2161.59659173577,46.4759250621828,2604.2673442817
"2018-08-11 01:00:00",831,1085.48334893425,247.304371310304,1923.6623265582,-196.400777237001,2367.36747510551
"2018-08-11 02:00:00",665,891.303921347705,52.6693206130644,1729.93852208235,-391.277020239712,2173.88486293512
"2018-08-11 03:00:00",423,685.24113917461,-153.407428557863,1523.88970690708,-597.361163092673,1967.84344144189
"2018-08-11 04:00:00",459,580.625787898294,-258.025742665859,1419.27731846245,-701.98104562902,1863.23262142561
"2018-08-11 05:00:00",876,674.96214179611,-163.69847448557,1513.62275807779,-607.658587137058,1957.58287072928
"2018-08-11 06:00:00",1560,1058.78079209931,220.085496979054,1897.47608721956,-223.892973540658,2341.45455773927
"2018-08-11 07:00:00",2004,1699.65282781642,860.955959469724,2538.34969616312,416.976656134237,2982.32899949861
"2018-08-11 08:00:00",2806,2588.04498020854,1749.33288410951,3426.75707630757,1305.34551968887,3870.74444072821
"2018-08-11 09:00:00",3514,3546.28967433965,2707.57197100438,4385.00737767493,2263.58163829218,4828.99771038713
"2018-08-11 10:00:00",3971,4288.96125772663,3450.2371051359,5127.68541031736,3006.24335839409,5571.67915705917
"2018-08-11 11:00:00",4198,4698.40081219405,3859.66679279678,5537.13483159133,3415.66782288308,5981.13380150502
"2018-08-11 12:00:00",4310,4801.58169990259,3962.84690505749,5640.31649474769,3518.84752464652,6084.31587515867
"2018-08-11 13:00:00",4262,4671.41699041331,3832.67286478939,5510.16111603724,3388.66854496247,5954.16543586416
"2018-08-11 14:00:00",4280,4446.12228340738,3607.37792779475,5284.86663902,3163.37348621916,5728.87108059559
"2018-08-11 15:00:00",4188,4306.10342821568,3467.35311050903,5144.85374592234,3023.34551279152,5588.86134363985
"2018-08-11 16:00:00",4305,4271.57069748453,3432.81839113566,5110.3230038334,2988.80974069455,5554.33165427451
"2018-08-11 17:00:00",4134,4267.12570522757,3428.37105665116,5105.88035380399,2984.36116630968,5549.89024414547
"2018-08-11 18:00:00",3920,4215.57844461146,3376.82041125393,5054.33647796899,2932.80872911757,5498.34816010536
"2018-08-11 19:00:00",3567,3999.92847079978,3161.17011244047,4838.68682915908,2717.15825825856,5282.69868334099
"2018-08-11 20:00:00",3362,3622.83741334604,2784.0757457373,4461.59908095478,2340.06213974456,4905.61268694753
"2018-08-11 21:00:00",3378,3074.9603946889,2236.19866463904,3913.72212473876,1792.18502559197,4357.73576378583
"2018-08-11 22:00:00",3167,2453.82539576137,1615.06151355465,3292.5892779681,1171.04673522454,3736.60405629821
"2018-08-11 23:00:00",2511,1878.70590786845,1039.94136388335,2717.47045185354,595.926235228945,3161.48558050795
"2018-08-12 00:00:00",1406,1370.6113470808,530.760544736715,2210.46214942489,86.1703856420252,2655.05230851958
"2018-08-12 01:00:00",868,1012.74088930193,171.921261018346,1853.56051758551,-273.181763548847,2298.6635421527
"2018-08-12 02:00:00",678,804.917906999517,-36.1279232246858,1645.96373722372,-481.350691866048,2091.18650586508
"2018-08-12 03:00:00",392,662.080926502797,-178.971883042643,1503.13373604824,-624.198346313493,1948.36019931909
"2018-08-12 04:00:00",365,589.199440982619,-251.854831012537,1430.25371297777,-697.082068457503,1875.48095042274
"2018-08-12 05:00:00",529,602.636710721971,-238.422048644609,1443.69547008855,-683.651661560515,1888.92508300446
"2018-08-12 06:00:00",984,772.590837253148,-68.4850972374394,1613.66677174374,-513.723802114791,2058.90547662109
"2018-08-12 07:00:00",1196,1140.79414016367,299.717419668857,1981.87086065849,-145.521701293999,2427.10998162134
"2018-08-12 08:00:00",1850,1785.62063541551,944.536385092573,2626.70488573846,499.293278079486,3071.94799275154
"2018-08-12 09:00:00",2713,2634.98985445961,1793.90281982553,3476.07688909368,1348.65823888716,3921.32147003205
"2018-08-12 10:00:00",3534,3470.93754687957,2629.84732751727,4312.02776624187,2184.60106068562,4757.27403307353
"2018-08-12 11:00:00",3856,4122.77897381873,3281.68386391584,4963.87408372161,2836.43500818838,5409.12293944907
"2018-08-12 12:00:00",4037,4489.72826058182,3648.63276989015,5330.82375127348,3203.3837125853,5776.07280857834
"2018-08-12 13:00:00",4522,4530.1291383819,3689.02902789875,5371.22924886506,3243.777525024,5816.48075173981
"2018-08-12 14:00:00",4468,4321.52292610736,3480.42270027301,5162.6231519417,3035.17113633503,5607.87471587969
"2018-08-12 15:00:00",4351,4053.12385149509,3212.02067678719,4894.22702620299,2766.76755180985,5339.48015118034
"2018-08-12 16:00:00",4466,3847.61491091602,3006.51074856948,4688.71907326255,2561.25710076783,5133.9727210642
"2018-08-12 17:00:00",4313,3744.49099275885,2903.38567372306,4585.59631179464,2458.1314136071,5030.8505719106
"2018-08-12 18:00:00",4012,3710.58605222732,2869.47905538505,4551.69304906958,2424.22390709199,4996.94819736264
"2018-08-12 19:00:00",3658,3597.22173557679,2756.11457902325,4438.32889213034,2310.85934618414,4883.58412496944
"2018-08-12 20:00:00",3151,3286.89010531114,2445.78131019848,4127.9989004238,2000.52520995857,4573.25500066371
"2018-08-12 21:00:00",2708,2671.89191488039,1830.78308838966,3513.00074137111,1385.52697153922,3958.25685822155
"2018-08-12 22:00:00",1930,1810.0252832489,968.915392224093,2651.13517427372,523.658711843342,3096.39185465447
"2018-08-12 23:00:00",1282,898.488811391603,57.3785916485135,1739.59903113469,-387.878262745183,2184.85588552839
"2018-08-13 00:00:00",651,161.960350017377,-679.684757388133,1003.60545742289,-1125.22476420637,1449.14546424112
"2018-08-13 01:00:00",434,-116.755093662399,-958.877632350823,725.367445026024,-1404.67037602355,1171.16018869875
"2018-08-13 02:00:00",355,198.903208269034,-643.330816715875,1041.13723325394,-1089.182577669,1486.98899420706
"2018-08-13 03:00:00",348,1023.19354001217,180.956083496115,1865.43099652823,-264.897493999867,2311.28457402422
"2018-08-13 04:00:00",924,2160.61245882955,1318.37427971592,3002.85063794317,872.520319699898,3448.7045979592
"2018-08-13 05:00:00",3025,3313.80847597352,2471.56808050558,4156.04887144146,2025.71294722245,4601.90400472459
"2018-08-13 06:00:00",5546,4226.2282289485,3383.97935913218,5068.47709876482,2938.11973979999,5514.33671809701
"2018-08-13 07:00:00",6383,4739.2602930153,3897.01103666259,5581.50954936802,3451.1512127104,6027.36937332021
"2018-08-13 08:00:00",5642,4906.40515372273,4064.15217976833,5748.65812767713,3618.29038783668,6194.51991960878
"2018-08-13 09:00:00",4714,4854.79702418047,4012.54267774473,5697.0513706162,3566.68015926535,6142.91388909558
"2018-08-13 10:00:00",4216,4710.8682599614,3868.61234035635,5553.12417956644,3422.74898909145,5998.98753083135
"2018-08-13 11:00:00",4440,4622.86856529483,3780.61023330088,5465.12689728879,3334.74560499442,5910.99152559524
"2018-08-13 12:00:00",4673,4676.31109443026,3834.05257393419,5518.56961492633,3388.18784584074,5964.43434301978
"2018-08-13 13:00:00",4494,4839.24981304623,3996.98901275349,5681.51061333898,3551.12307780859,6127.37654828388
"2018-08-13 14:00:00",4811,5025.67958870661,4183.41873176787,5867.94044564535,3737.55276683639,6313.80641057683
"2018-08-13 15:00:00",5245,5164.0283071494,4321.76599441108,6006.29061988773,3875.89925882585,6452.15735547295
"2018-08-13 16:00:00",6163,5161.82142400479,4319.55862444834,6004.08422356124,3873.69163115716,6449.95121685242
"2018-08-13 17:00:00",5603,4960.57271676506,4118.30934583764,5802.83608769248,3672.44205008094,6248.70338344918
"2018-08-13 18:00:00",4077,4561.95714600802,3719.69294746833,5404.2213445477,3273.82521360016,5850.08907841587
"2018-08-13 19:00:00",3247,3967.98982672186,3125.72554914131,4810.25410430241,2679.85777343143,5256.12188001229
"2018-08-13 20:00:00",2835,3227.48778741042,2385.22270123711,4069.75287358374,1939.35449748408,4515.62107733676
"2018-08-13 21:00:00",2615,2367.09356392645,1524.82846235531,3209.35866549759,1078.96025045117,3655.22687740173
"2018-08-13 22:00:00",1823,1473.20618035172,630.940553250227,2315.47180745321,185.07206314712,2761.34029755632
"2018-08-13 23:00:00",1117,679.113963566259,-163.151825555358,1521.37975268788,-609.02040142674,1967.24832855926
"2018-08-14 00:00:00",571,114.028997604289,-728.501328917775,956.559324126353,-1174.50994242992,1402.56793763849
"2018-08-14 01:00:00",394,-45.6540035892004,-888.420510118009,797.112502939608,-1334.55414977346,1243.24614259506
"2018-08-14 02:00:00",284,293.669026290415,-549.15264508014,1136.49069766097,-995.315487238823,1582.65353981965
"2018-08-14 03:00:00",340,1081.37357295832,238.55020208176,1924.19694383487,-207.613539741055,2370.36068565769
"2018-08-14 04:00:00",940,2180.05276769186,1337.2290395745,3022.87649580922,891.065108639827,3469.04042674389
"2018-08-14 05:00:00",3184,3351.67168117286,2508.8468570952,4194.49650525053,2062.68234599418,4640.66101635154
"2018-08-14 06:00:00",5702,4355.04838872758,3512.21937279321,5197.87740466195,3066.0526426573,5644.04413479786
"2018-08-14 07:00:00",6573,5003.93235799392,4161.10315064408,5846.76156534377,3714.93631917894,6292.92839680891
"2018-08-14 08:00:00",5841,5277.67117058594,4434.84012469733,6120.50221647454,3988.67231996855,6566.67002120332
"2018-08-14 09:00:00",4766,5250.71804625526,4407.88632124377,6093.54977126676,3961.71815700905,6539.71793550147
"2018-08-14 10:00:00",4478,5049.00451291005,4206.17201001884,5891.83701580125,3760.00343399949,6338.0055918206
"2018-08-14 11:00:00",4741,4850.62405738548,4007.79036108294,5693.45775368802,3561.62115330979,6139.62696146117
"2018-08-14 12:00:00",4996,4794.04877561531,3951.2149861712,5636.88256505941,3505.04572909187,6083.05182213874
"2018-08-14 13:00:00",4832,4905.50264514736,4062.6677280421,5748.33756225261,3616.49787401502,6194.50741627969
"2018-08-14 14:00:00",4985,5123.57763547467,4280.74269030443,5966.4125806449,3834.57282142065,6412.58244952869
"2018-08-14 15:00:00",5672,5350.28167338354,4507.44600822163,6193.11733854545,4061.27575819729,6639.2875885698
"2018-08-14 16:00:00",6373,5449.21262222057,4606.37671616817,6292.04852827297,4160.2063386241,6738.21890581705
"2018-08-14 17:00:00",6014,5315.4305200454,4472.59433146662,6158.26670862418,4026.42380436211,6604.43723572869
"2018-08-14 18:00:00",4525,4918.64496104858,4075.80836304474,5761.48155905242,3629.6376192037,6207.65230289346
"2018-08-14 19:00:00",3423,4269.52502001462,3426.68838295184,5112.3616570774,2980.51761843425,5558.532421595
"2018-08-14 20:00:00",3046,3443.38714217519,2600.55010515239,4286.22417919798,2154.37912890875,4732.39515544162
"2018-08-14 21:00:00",2784,2512.79124865126,1669.9542039978,3355.62829330472,1223.78322371474,3801.79927358778
"2018-08-14 22:00:00",2287,1587.17147904271,744.334174476398,2430.00878360901,298.163056603781,2876.17990148163
"2018-08-14 23:00:00",2772,794.661141353315,-48.1762433865506,1637.49852609318,-494.347403700485,2083.66968640711
"2018-08-15 00:00:00",793,247.221424701852,-595.746722329608,1090.18957173331,-1041.98710401937,1536.42995342307
"2018-08-15 01:00:00",492,82.662947804067,-760.421964100917,925.747859709051,-1206.72415738096,1372.05005298909
"2018-08-15 02:00:00",335,376.834233771036,-466.27795264628,1219.94642018835,-912.594584181003,1666.26305172308
"2018-08-15 03:00:00",403,1097.1664950804,254.053468649554,1940.27952151125,-192.263607561471,2386.59659772227
"2018-08-15 04:00:00",948,2134.49695727689,1291.38375416156,2977.61016039222,845.066584419423,3423.92733013436
"2018-08-15 05:00:00",3181,3286.01267662304,2442.89893149258,4129.12642175351,1996.58147482495,4575.44387842113
"2018-08-15 06:00:00",5767,4325.25487402508,3482.13905605043,5168.37069199973,3035.82050208538,5614.68924596477
"2018-08-15 07:00:00",6561,5056.43159974157,4213.31568715354,5899.5475123296,3766.9970831032,6345.86611637995
"2018-08-15 08:00:00",5930,5413.96733852068,4570.8505167143,6257.08416032707,4124.53143135283,6703.40324568854
"2018-08-15 09:00:00",4672,5433.26537934735,4590.14822176046,6276.38253693423,4143.82895864753,6722.70180004716
"2018-08-15 10:00:00",4638,5228.40147719766,4385.28393489764,6071.51901949768,3938.96446812988,6517.83848626544
"2018-08-15 11:00:00",4979,4983.24912590315,4140.13099348872,5826.36725831759,3693.81121433326,6272.68703747305
"2018-08-15 12:00:00",5016,4862.49138535831,4019.37320686652,5705.6095638501,3573.05340331918,6151.92936739744
"2018-08-15 13:00:00",4841,4931.39934426829,4088.28060814364,5774.51808039294,3641.96050940329,6220.83817913329
"2018-08-15 14:00:00",4968,5152.5279884784,4309.40923848423,5995.64673847257,3863.0891324018,6441.966844555
"2018-08-15 15:00:00",5428,5419.07635562776,4575.95724957672,6262.19546167881,4129.63695500917,6708.51575624636
"2018-08-15 16:00:00",5541,5570.28469843801,4727.1654732834,6413.40392359261,4280.84511566623,6859.72428120978
"2018-08-15 17:00:00",5920,5468.66832585577,4625.54896097303,6311.78769073851,4179.22852938826,6758.10812232328
"2018-08-15 18:00:00",4545,5057.0659741122,4213.94640677834,5900.18554144606,3767.62586802241,6346.50608020199
"2018-08-15 19:00:00",3358,4348.66738992607,3505.54780327031,5191.78697658184,3059.22725428598,5638.10752556616
"2018-08-15 20:00:00",3133,3439.70340085426,2596.58361641691,4282.82318529161,2150.26296273334,4729.14383897518
"2018-08-15 21:00:00",2687,2444.09726368975,1600.97747548173,3287.21705189778,1154.65681980209,3733.53770757742
"2018-08-15 22:00:00",1742,1499.09373293408,655.973816191783,2342.21364967638,209.653092470204,2788.53437339796
"2018-08-15 23:00:00",1051,736.107498451531,-107.012457930746,1579.22745483381,-553.333202636462,2025.54819953952
"2018-08-16 00:00:00",652,251.29967796349,-591.884961407752,1094.48431733473,-1038.23994721948,1540.83930314646
"2018-08-16 01:00:00",399,140.497314860618,-702.74508738855,983.739717109785,-1149.13065102078,1430.12528074202
"2018-08-16 02:00:00",300,446.730304257416,-396.525591251646,1289.98619976648,-842.918297784195,1736.37890629903
"2018-08-16 03:00:00",412,1133.76922633112,290.51291519734,1977.0255374649,-155.880011353644,2423.41846401588
"2018-08-16 04:00:00",977,2108.24220978635,1264.98581125269,2951.49860832001,818.592838435008,3397.89158113769
"2018-08-16 05:00:00",3150,3202.9626815068,2359.70601485067,4046.21934816293,1913.31290009752,4492.61246291608
"2018-08-16 06:00:00",5386,4222.91017386282,3379.65248176859,5066.16786595705,2933.2588241813,5512.56152354433
"2018-08-16 07:00:00",6494,4987.05574300317,4143.79800409624,5830.31348191009,3697.40432172781,6276.70716427852
"2018-08-16 08:00:00",5847,5410.0192337897,4566.76104510426,6253.27742247515,4120.36712463746,6699.67134294195
"2018-08-16 09:00:00",4976,5496.58782856274,4653.32947375855,6339.84618336693,4206.9354653538,6786.24019177168
"2018-08-16 10:00:00",4466,5336.48201834579,4493.22347323348,6179.7405634581,4046.82936408569,6626.13467260588
"2018-08-16 11:00:00",4574,5096.94299177635,4253.68415472947,5940.20182882323,3807.28989104087,6386.59609251183
"2018-08-16 12:00:00",4961,4945.7914592842,4102.53259944627,5789.05031912213,3656.13832369281,6235.4445948756
"2018-08-16 13:00:00",4785,4972.91827529373,4129.65913959547,5816.177410992,3683.26471781037,6262.5718327771
"2018-08-16 14:00:00",4927,5168.24026186252,4324.98111930144,6011.49940442361,3878.58669388338,6457.89382984167
"2018-08-16 15:00:00",5729,5437.45974864666,4594.20042994786,6280.71906734546,4147.80591128813,6727.11358600519
"2018-08-16 16:00:00",6272,5621.26626379264,4778.00688617019,6464.52564141509,4331.61233631816,6910.92019126712
"2018-08-16 17:00:00",5928,5570.27974704466,4727.02030030202,6413.5391937873,4280.62571385997,6859.93378022935
"2018-08-16 18:00:00",4580,5208.16922263854,4364.90967574142,6051.42876953565,3918.5150362808,6497.82340899627
"2018-08-16 19:00:00",3725,4539.19683627557,3695.93727982122,5382.45639272993,3249.54263530129,5828.85103724985
"2018-08-16 20:00:00",3205,3657.09650873024,2813.8368544334,4500.35616302708,2367.44215811879,4946.75085934169
"2018-08-16 21:00:00",3090,2685.9624984079,1842.70284224522,3529.22215457059,1396.30814494289,3975.61685187291
"2018-08-16 22:00:00",2377,1765.96085248249,922.701132735105,2609.22057222987,476.306401773074,3055.6153031919
"2018-08-16 23:00:00",1380,1019.28010510721,176.020365748826,1862.53984446559,-270.37437559464,2308.93458580906
"2018-08-17 00:00:00",809,526.673705224804,-316.618030200958,1369.96544065057,-763.029709239366,1816.37711968897
"2018-08-17 01:00:00",449,359.1756677269,-484.144641791037,1202.49597724484,-930.571447040136,1648.92278249394
"2018-08-17 02:00:00",363,551.372958845233,-291.954025624979,1394.69994331545,-738.384364380369,1841.13028207084
"2018-08-17 03:00:00",408,1087.57652313045,244.249333063659,1930.90371319724,-202.181114527987,2377.33416078889
"2018-08-17 04:00:00",899,1912.30249815742,1068.97526485292,2755.62973146192,622.544794372615,3202.06020194223
"2018-08-17 05:00:00",2821,2906.18828764696,2062.86092170035,3749.51565359358,1616.43038100355,4195.94619429038
"2018-08-17 06:00:00",5243,3907.10393767527,3063.7760644454,4750.43181090513,2617.34525520907,5196.86262014146
"2018-08-17 07:00:00",5994,4738.67313199389,3895.34523560712,5582.00102838066,3448.91441411226,6028.43184987552
"2018-08-17 08:00:00",5406,5281.15310152345,4437.82498262924,6124.48122041767,3991.39404334606,6570.91215970085
"2018-08-17 09:00:00",4719,5490.81676218834,4647.48856111662,6334.14496326005,4201.05757833129,6780.57594604538
"2018-08-17 10:00:00",4510,5417.77044188237,4574.44214666354,6261.0987371012,4128.01111403974,6707.529769725
"2018-08-17 11:00:00",4948,5208.00990593629,4364.68146629825,6051.33834557433,3918.25035722354,6497.76945464903
"2018-08-17 12:00:00",5076,5036.22383298792,4192.89538207454,5879.55228390131,3746.46426703102,6325.98339894482
"2018-08-17 13:00:00",5027,5021.83223503338,4178.50364765168,5865.16082241508,3732.0724603662,6311.59200970056
"2018-08-17 14:00:00",5289,5183.1997928931,4339.87120211663,6026.52838366956,3893.44001303408,6472.95957275211
"2018-08-17 15:00:00",5581,5433.47730755962,4590.14862964711,6276.80598547214,4143.71739443752,6723.23722068173
"2018-08-17 16:00:00",5734,5603.79698055243,4760.4682734909,6447.12568761395,4314.03702285075,6893.5569382541
"2018-08-17 17:00:00",5141,5527.49133932655,4684.16259807064,6370.82008058246,4237.73132932908,6817.25134932402
"2018-08-17 18:00:00",4536,5122.0426467845,4278.71385598245,5965.37143758655,3832.28256101275,6411.80273255625
"2018-08-17 19:00:00",3703,4417.07208067214,3573.74328514189,5260.4008762024,3127.31198766922,5706.83217367506
"2018-08-17 20:00:00",3279,3553.50123697927,2710.17239304626,4396.83008091228,2263.74106995073,4843.26140400782
"2018-08-17 21:00:00",3177,2705.23380561081,1861.90496075486,3548.56265046677,1415.47363717074,3994.99397405088
"2018-08-17 22:00:00",2903,2019.47645061511,1176.14757430355,2862.80532692668,729.716234067844,3309.23666716238
"2018-08-17 23:00:00",2126,1556.38892218027,713.060036167328,2399.71780819322,266.62869079602,2846.14915356452
"2018-08-18 00:00:00",1569,1271.72657723457,428.381862006291,2115.07129246286,-18.05786284545,2561.5110173146
"2018-08-18 01:00:00",806,1079.87099565871,236.512143904623,1923.2298474128,-209.935064371841,2369.67705568926
"2018-08-18 02:00:00",598,902.021004770282,58.65885066238,1745.38315887818,-387.790105774594,2191.83211531516
"2018-08-18 03:00:00",448,718.733445902036,-124.628809924149,1562.09570172822,-571.077820207529,2008.5447120116
"2018-08-18 04:00:00",523,602.530630148568,-240.831647068676,1445.89290736581,-687.280668675799,1892.34192897294
"2018-08-18 05:00:00",940,671.859629848614,-171.502712991054,1515.22197268828,-617.95176933659,1961.67102903382
"2018-08-18 06:00:00",1648,1030.26866257865,186.906068767616,1873.63125638969,-259.543120434138,2320.08044559145
"2018-08-18 07:00:00",2229,1695.28869782668,851.926092558841,2538.65130309451,405.476897292223,2985.10049836113
"2018-08-18 08:00:00",2987,2582.51115048059,1739.14843513068,3425.87386583051,1292.69918159013,3872.32311937106
"2018-08-18 09:00:00",3922,3510.47736202677,2667.11460602041,4353.84011803313,2220.66533095764,4800.2893930959
"2018-08-18 10:00:00",5146,4268.26903418065,3424.90623159662,5111.63183676468,2978.45693187712,5558.08113648418
"2018-08-18 11:00:00",4916,4713.47280490941,3870.10993087582,5556.835678943,3423.66059333321,6003.28501648562
"2018-08-18 12:00:00",4448,4821.04271231046,3977.67983269866,5664.40559192226,3531.23049220312,6110.8549324178
"2018-08-18 13:00:00",4438,4677.78231285625,3834.41936572866,5521.14525998385,3387.96998949242,5967.59463622009
"2018-08-18 14:00:00",4710,4438.1983832386,3594.83543443145,5281.56133204575,3148.3860573061,5728.0107091711
"2018-08-18 15:00:00",4893,4251.21281062565,3407.84981870925,5094.57580254204,2961.40041876325,5541.02520248804
"2018-08-18 16:00:00",4897,4181.13276581092,3337.76975947336,5024.49577214849,2891.32035189325,5470.94517972859
"2018-08-18 17:00:00",4664,4190.32087812648,3346.95785487183,5033.68390138114,2900.50843833635,5480.13331791661
"2018-08-18 18:00:00",4157,4172.38758539546,3329.02453762847,5015.75063316245,2882.57510811696,5462.20006267397
"2018-08-18 19:00:00",3619,4007.15401713516,3163.790967029,4850.51706724132,2717.3415362792,5296.96649799112
"2018-08-18 20:00:00",3543,3634.37513648851,2791.01206243576,4477.73821054126,2344.5626190094,4924.18765396762
"2018-08-18 21:00:00",3442,3074.19105273088,2230.8279782215,3917.55412724026,1784.37853455341,4364.00357090835
"2018-08-18 22:00:00",3128,2426.05619660052,1582.69310652894,3269.41928667209,1136.24365462273,3715.8687385783
"2018-08-18 23:00:00",2044,1816.00357737636,972.640482505129,2659.36667224759,526.19102805813,3105.81612669459
"2018-08-19 00:00:00",1346,1332.75550287406,489.384576785969,2176.12642896215,42.9309767431828,2622.58002900493
"2018-08-19 01:00:00",997,1008.72823677687,165.350316834068,1852.10615671967,-281.106985531763,2298.5634590855
"2018-08-19 02:00:00",726,812.438394364553,-30.9411593807912,1655.8179481099,-477.399326629444,2102.27611535855
"2018-08-19 03:00:00",386,685.634663299433,-157.744940769654,1529.01426736852,-604.203134658087,1975.47246125695
"2018-08-19 04:00:00",388,604.598313228777,-238.781301423369,1447.97792788092,-685.239500914135,1894.43612737169
"2018-08-19 05:00:00",552,600.428556419092,-242.9510906992,1443.80820353738,-689.409307376505,1890.26642021469
"2018-08-19 06:00:00",994,752.521504587638,-90.8582666963679,1595.90127587164,-537.316549103032,2042.35955827831
"2018-08-19 07:00:00",1277,1137.72565101199,294.34587405988,1981.10542796409,-152.112411347295,2427.56371337127
"2018-08-19 08:00:00",1971,1781.74614713468,938.366315720422,2625.12597854894,491.908001482725,3071.58429278664
"2018-08-19 09:00:00",2895,2609.83363476746,1766.45378323885,3453.21348629606,1319.99545835326,3899.67181118165
"2018-08-19 10:00:00",3766,3456.41295896222,2613.03308438969,4299.79283353476,2166.57474730538,4746.25117061907
"2018-08-19 11:00:00",4384,4133.39727091137,3290.01736098985,4976.77718083288,2843.55900519292,5423.23553662981
"2018-08-19 12:00:00",4624,4503.44647458062,3660.06656189932,5346.82638726193,3213.60820464145,5793.2847445198
"2018-08-19 13:00:00",4596,4534.61560266455,3691.23565658043,5377.99554874867,3244.77728164017,5824.45392368893
"2018-08-19 14:00:00",4742,4315.95665599201,3472.57670907695,5159.33660290707,3026.11833369682,5605.7949782872
"2018-08-19 15:00:00",4779,4014.54020313859,3171.16023489561,4857.92017138157,2724.70184822516,5304.37855805202
"2018-08-19 16:00:00",4989,3784.07627212227,2940.69629674456,4627.45624749998,2494.23790629722,5073.91463794732
"2018-08-19 17:00:00",4870,3690.51401757819,2847.13403383089,4533.89400132549,2400.67563895295,4980.35239620343
"2018-08-19 18:00:00",4287,3680.25326670753,2836.87327083299,4523.63326258207,2390.41486953528,4970.09166387978
"2018-08-19 19:00:00",3792,3602.34769852578,2758.96770149394,4445.72769555761,2312.5092995836,4892.18609746795
"2018-08-19 20:00:00",3213,3295.03941460249,2451.65940572329,4138.41942348168,2005.20099754134,4584.87783166363
"2018-08-19 21:00:00",2682,2671.36366579827,1827.98365669316,3514.74367490337,1381.52524839162,3961.20208320492
"2018-08-19 22:00:00",1973,1790.51155839094,947.131541586583,2633.8915751953,500.673129209295,3080.34998757259
"2018-08-19 23:00:00",2369,854.426956362926,11.0469371839841,1697.80697554187,-435.411476450332,2144.26538917618
"2018-08-20 00:00:00",922,135.364329051128,-708.019564579007,978.748222681264,-1154.48002922389,1425.20868732615
"2018-08-20 01:00:00",473,-119.560984622566,-962.948338438527,723.826369193394,-1409.41063479514,1170.28866555001
"2018-08-20 02:00:00",346,204.19774390156,-639.190418234887,1047.58590603801,-1085.65314249052,1494.04863029364
"2018-08-20 03:00:00",369,1039.76221559473,196.374028560645,1883.15040262881,-250.088708875001,2329.61314006445
"2018-08-20 04:00:00",941,2171.44598816651,1328.0577958965,3014.83418043653,881.59505568911,3461.29692064392
"2018-08-20 05:00:00",3005,3312.26174969434,2468.87354136178,4155.6499580269,2022.4107926514,4602.11270673728
"2018-08-20 06:00:00",5352,4212.11538154458,3368.7271117813,5055.50365130786,2922.26433055146,5501.96643253769
"2018-08-20 07:00:00",6077,4737.10181336541,3893.71354079784,5580.49008593297,3447.2507580835,6026.95286864731
"2018-08-20 08:00:00",5349,4903.67537088006,4060.28707136747,5747.06367039264,3613.82427438931,6193.52646737081
"2018-08-20 09:00:00",4777,4837.09373183366,3993.70542236954,5680.48204129779,3547.24262012334,6126.94484354398
"2018-08-20 10:00:00",4375,4700.64402812444,3857.25570725939,5544.03234898949,3410.79289897791,5990.49515727097
"2018-08-20 11:00:00",4532,4630.33303399939,3786.9446956455,5473.72137235327,3340.48187810599,5920.18418989279
"2018-08-20 12:00:00",4842,4685.95280500623,3842.56446528695,5529.34114472551,3396.10164702464,5975.80396298782
"2018-08-20 13:00:00",4690,4842.40318413769,3999.01482789244,5685.79154038294,3552.55200088181,6132.25436739357
"2018-08-20 14:00:00",5001,5021.76238232166,4178.3740256653,5865.15073897802,3731.91119843705,6311.61356620628
"2018-08-20 15:00:00",5388,5136.88245360071,4293.49408639241,5980.27082080901,3847.03125357829,6426.73365362313
"2018-08-20 16:00:00",6423,5117.11021841252,4273.72184767433,5960.49858915071,3827.2590129916,6406.96142383344
"2018-08-20 17:00:00",5848,4922.59417435819,4079.20579947916,5765.98254923722,3632.74296260441,6212.44538611197
"2018-08-20 18:00:00",4285,4540.60935873035,3697.22097785139,5383.9977396093,3250.75813780047,5830.46057966023
"2018-08-20 19:00:00",3231,3971.58408109773,3128.19569964621,4814.97246254926,2681.73285929219,5261.43530290328
"2018-08-20 20:00:00",2726,3233.21119742896,2389.82281011598,4076.59958474194,1943.35996665909,4523.06242819883
"2018-08-20 21:00:00",2240,2366.71874309173,1523.33035566698,3210.10713051647,1076.86751215092,3656.56997403253
"2018-08-20 22:00:00",1617,1459.47570463442,616.087313400482,2302.86409586836,169.624467867962,2749.32694140088
"2018-08-20 23:00:00",1005,648.110601717934,-195.277790690823,1491.49899412669,-641.740636845255,1937.96184028112
"2018-08-21 00:00:00",659,95.3136473474165,-748.076661936593,938.703956631426,-1194.54052282349,1385.16781751832
"2018-08-21 01:00:00",416,-47.6318676876262,-891.023888893952,795.760153518699,-1337.48865601778,1242.22492064253
"2018-08-21 02:00:00",316,297.391955741583,-546.000465380708,1140.78437686387,-992.46544420726,1587.24935569043
"2018-08-21 03:00:00",336,1093.02742102528,249.634987584908,1936.41985446565,-196.829997762442,2382.884839813
"2018-08-21 04:00:00",996,2187.67233088047,1344.27989484962,3031.06476691132,897.814908130956,3477.52975362999
"2018-08-21 05:00:00",3136,3350.58205842304,2507.18961444526,4193.97450240083,2060.72462351974,4640.43949332635
"2018-08-21 06:00:00",5701,4345.12069106717,3501.72821669656,5188.51316543778,3055.26320968205,5634.97817245228
"2018-08-21 07:00:00",6837,5002.41417422444,4159.02169846641,5845.80664998246,3712.55669071745,6292.27165773143
"2018-08-21 08:00:00",6123,5275.75223094156,4432.35974185249,6119.14472003062,3985.8947270465,6565.60973483661
"2018-08-21 09:00:00",5053,5238.26801862566,4394.87552461308,6081.66051263825,3948.41050720074,6528.12553005059
"2018-08-21 10:00:00",4540,5041.81494102216,4198.42244136897,5885.20744067535,3751.95742097067,6331.67246107365
"2018-08-21 11:00:00",4652,4855.87558658949,4012.48307828371,5699.26809489527,3566.018053305,6145.73311987398
"2018-08-21 12:00:00",4794,4800.83255776044,3957.44004877912,5644.22506674175,3510.97502344282,6090.69009207806
"2018-08-21 13:00:00",4762,4907.72127245263,4064.3287552951,5751.11378961016,3617.86372563056,6197.57881927469
"2018-08-21 14:00:00",4994,5120.82281835146,4277.43030099053,5964.21533571238,3830.96527121832,6410.68036548459
"2018-08-21 15:00:00",5660,5331.18936651974,4487.79684393825,6174.58188910124,4041.33181140244,6621.04692163705
"2018-08-21 16:00:00",6229,5417.76827122788,4574.37574689997,6261.16079555579,4127.91071343967,6707.62582901609
"2018-08-21 17:00:00",5875,5288.71998814239,4445.3274617658,6132.11251451897,3998.86242722099,6578.57754906378
"2018-08-21 18:00:00",4435,4903.63232380061,4060.23979445557,5747.02485314566,3613.77475833935,6193.48988926188
"2018-08-21 19:00:00",3410,4272.05606215414,3428.66353252582,5115.44859178246,2982.19849625964,5561.91362804864
"2018-08-21 20:00:00",3003,3447.4151550527,2604.02262252443,4290.80768758098,2157.55758472311,4737.2727253823
"2018-08-21 21:00:00",2504,2512.52845015822,1669.13591757465,3355.9209827418,1222.67087974406,3802.38602057239
"2018-08-21 22:00:00",1747,1577.51487796186,734.122343493687,2420.90741243003,287.657304665451,2867.37245125826
"2018-08-21 23:00:00",1117,772.856584154,-70.5359508954117,1616.24911920341,-517.000990031338,2062.71415833934
"2018-08-22 00:00:00",635,234.059379157922,-609.334104265972,1077.45286258182,-1055.79964544102,1523.91840375687
"2018-08-22 01:00:00",425,81.2728420788956,-762.121488319873,924.667172477665,-1208.58747785634,1371.13316201413
"2018-08-22 02:00:00",279,379.453196154042,-463.941332103587,1222.84772441167,-910.407426380207,1669.31381868829
"2018-08-22 03:00:00",393,1105.3637318693,261.969197517283,1948.75826622131,-184.496899985511,2395.22436372411
"2018-08-22 04:00:00",994,2139.8566010142,1296.46206538054,2983.25113664786,849.995967199288,3429.71723482911
"2018-08-22 05:00:00",3163,3285.24668426447,2441.85214469905,4128.64122382988,1995.38604443645,4575.10732409248
"2018-08-22 06:00:00",5766,4318.27210785971,3474.87755325741,5161.666662462,3028.41144503477,5608.13277068465
"2018-08-22 07:00:00",6589,5055.36371438198,4211.96915909326,5898.75826967071,3765.50305050725,6345.22437825672
"2018-08-22 08:00:00",6056,5412.6172822332,4569.22272034893,6256.01184411746,4122.75660827144,6702.47795619495
"2018-08-22 09:00:00",5116,5424.50762713006,4581.11306280987,6267.90219145024,4134.64694944289,6714.36830481723
"2018-08-22 10:00:00",4583,5223.34391685189,4379.94934974101,6066.73848396277,3933.48323489672,6513.20459880706
"2018-08-22 11:00:00",4734,4986.94269326815,4143.54812187639,5830.33726465991,3697.08200476594,6276.80338177036
"2018-08-22 12:00:00",5043,4867.26250573164,4023.86793400566,5710.65707745762,3577.40181671829,6157.123194745
"2018-08-22 13:00:00",4938,4932.95974178788,4089.56516601671,5776.35431755905,3643.09904658793,6222.82043698782
"2018-08-22 14:00:00",5216,5150.590161528,4307.1955856562,5993.9847373998,3860.72946617416,6440.45085688184
"2018-08-22 15:00:00",5707,5405.64665116849,4562.2520727138,6249.04122962317,4115.78595186447,6695.50735047251
"2018-08-22 16:00:00",6470,5548.16591591694,4704.77133659822,6391.56049523566,4258.30521529149,6838.0266165424
"2018-08-22 17:00:00",5819,5449.87971771537,4606.48513738306,6293.27429804768,4160.01901553977,6739.74041989097
"2018-08-22 18:00:00",4446,5046.50549194411,4203.11091014316,5889.90007374507,3756.64478752241,6336.36619636582
"2018-08-22 19:00:00",3444,4350.4469476536,3507.05236571249,5193.84152959471,3060.58624301755,5640.30765228965
"2018-08-22 20:00:00",3154,3442.53607466572,2599.14149128986,4285.93065804159,2152.67536783541,4732.39678149604
"2018-08-22 21:00:00",2627,2443.91219750298,1600.51761409975,3287.3067809062,1154.05149063082,3733.77290437514
"2018-08-22 22:00:00",1928,1492.30109534886,648.906511013234,2335.69567968449,202.440387050713,2782.16180364701
"2018-08-22 23:00:00",1169,720.769756646065,-122.624827977134,1564.16434126926,-569.090952091885,2010.63046538402
"2018-08-23 00:00:00",596,-241.591085108763,-1084.98613894132,601.803968723793,-1531.4525114405,1048.27034122297
"2018-08-23 01:00:00",402,-344.112976086839,-1187.50844896141,499.282496787731,-1633.97504328803,945.749091114355
"2018-08-23 02:00:00",392,-35.059861230562,-878.455431996112,808.335709534988,-1324.92207814309,1254.80235568197
"2018-08-23 03:00:00",381,655.902799814,-187.492773966756,1499.29837359476,-633.959421709889,1945.76502133789
"2018-08-23 04:00:00",976,1628.37984301744,784.984268602589,2471.77541743229,338.517620523787,2918.24206551109
"2018-08-23 05:00:00",3163,2718.79155382404,1875.39597746394,3562.18713018413,1428.92932835539,4008.65377929268
"2018-08-23 06:00:00",5860,3734.36630186083,2890.97071806122,4577.76188566045,2444.50406501442,5024.22853870724
"2018-08-23 07:00:00",6815,4502.67238172099,3659.27679758176,5346.06796586022,3212.81014435519,5792.53461908679
"2018-08-23 08:00:00",6162,4925.43747065683,4082.04188325444,5768.83305805921,3635.57522830046,6215.2997130132
"2018-08-23 09:00:00",5583,5006.79566491271,4163.40007630516,5850.19125352027,3716.93342071319,6296.65790911224
"2018-08-23 10:00:00",4837,4849.2925038424,4005.89691385414,5692.68809383066,3559.43025753128,6139.15475015352
"2018-08-23 11:00:00",5015,4615.90884112048,3772.51324901425,5459.30443322671,3326.0465915702,5905.77109067077
"2018-08-23 12:00:00",5136,4465.51529877923,3622.11970650764,5308.91089105081,3175.65304897606,5755.3775485824
"2018-08-23 13:00:00",5051,4490.38364826864,3646.98805399569,5333.7792425416,3200.52139540465,5780.24590113264
"2018-08-23 14:00:00",5312,4683.24502513507,3839.84943081233,5526.64061945781,3393.38277219493,5973.10727807521
"2018-08-23 15:00:00",5848,4944.38136298238,4100.98576738176,5787.77695858301,3654.51910808789,6234.24361787688
"2018-08-23 16:00:00",6586,5122.07631002453,4278.68071399642,5965.47190605264,3832.21405447625,6411.93856557281
"2018-08-23 17:00:00",5780,5073.43207102637,4230.03647449679,5916.82766755595,3783.56981471116,6363.29432734159
"2018-08-23 18:00:00",4750,4717.10910112508,3873.71350386888,5560.50469838128,3427.2468436986,6006.97135855156
"2018-08-23 19:00:00",3519,4056.81651519125,3213.42091786571,4900.21211251679,2766.95425765872,5346.67877272378
"2018-08-23 20:00:00",2996,3175.45689179505,2332.06129375966,4018.85248983043,1885.5946331769,4465.31915041319
"2018-08-23 21:00:00",2717,2202.20015225956,1358.80455421064,3045.59575030848,912.337893620716,3492.06241089841
"2018-08-23 22:00:00",2107,1277.55085695957,434.155258449335,2120.9464554698,-12.31140238479,2567.41311630392
"2018-08-23 23:00:00",1904,524.859703343529,-318.535895308978,1368.25530199604,-765.002556218419,1814.72196290548
"2018-08-24 00:00:00",790,520.161516243771,-323.234314550883,1363.55734703843,-769.701098348954,1810.0241308365
"2018-08-24 01:00:00",505,358.487784365418,-484.908253751058,1201.88382248189,-931.375147298672,1648.35071602951
"2018-08-24 02:00:00",387,552.668660941616,-290.727425606613,1396.06474748985,-737.194344792448,1842.53166667568
"2018-08-24 03:00:00",424,1091.63211477411,248.236026734103,1935.02820281412,-198.230893241433,2381.49512278966
"2018-08-24 04:00:00",916,1914.95417721017,1071.55808885644,2758.3502655639,625.091168714833,3204.81718570551
"2018-08-24 05:00:00",2950,2905.8092620196,2062.41317270346,3749.20535133574,1615.94625205238,4195.67227198682
"2018-08-24 06:00:00",5259,3903.649170909,3060.25307791214,4747.04526390586,2613.78615531261,5193.51218650539
"2018-08-24 07:00:00",6243,4738.14479468191,3894.74870151703,5581.54088784679,3448.28177882855,6028.00781053527
"2018-08-24 08:00:00",5687,5280.48519237956,4437.08909760023,6123.8812871589,3990.62217405711,6570.34821070202
"2018-08-24 09:00:00",4971,5486.48391065917,4643.08781528357,6329.88000603476,4196.62089142481,6776.34692989353
"2018-08-24 10:00:00",4539,5415.26826181455,4571.87216575585,6258.66435787325,4125.40524153547,6705.13128209363
"2018-08-24 11:00:00",4391,5209.83733942236,4366.44124231578,6053.23343652893,3919.9743175407,6499.70036130402
"2018-08-24 12:00:00",4971,5038.58441245044,4195.18831526205,5881.98050963882,3748.72139044366,6328.44743445721
"2018-08-24 13:00:00",5149,5022.60426290965,4179.20816473109,5866.00036108821,3732.74123938852,6312.46728643077
"2018-08-24 14:00:00",5499,5182.24106340706,4338.84496520387,6025.63716161025,3892.37803984826,6472.10408696586
"2018-08-24 15:00:00",5879,5426.83298141755,4583.43688258212,6270.22908025299,4136.96995689184,6716.69600594327
"2018-08-24 16:00:00",6088,5592.85380722981,4749.45770818288,6436.24990627673,4302.99078238063,6882.71683207898
"2018-08-24 17:00:00",5750,5518.19572322377,4674.79962392873,6361.5918225188,4228.33269799515,6808.05874845239
"2018-08-24 18:00:00",4755,5116.81791622029,4273.42181656576,5960.21401587482,3826.95489044187,6406.68094199871
"2018-08-24 19:00:00",3467,4417.95260624106,3574.55650655222,5261.34870592989,3128.08958041017,5707.81563207194
"2018-08-24 20:00:00",3076,3554.90277471772,2711.50667467769,4398.29887475776,2265.03974834973,4844.76580108572
"2018-08-24 21:00:00",3164,2705.14226847445,1861.74616842772,3548.53836852118,1415.27924209621,3995.00529485269
"2018-08-24 22:00:00",2435,2016.1158141684,1172.71971389344,2859.51191444337,726.252787441108,3305.9788408957
"2018-08-24 23:00:00",1860,1548.8006220956,705.404521750249,2392.19672244096,258.937595260656,2838.66364893055
"2018-08-25 00:00:00",1089,1267.14595769556,423.749742497414,2110.5421728937,-22.7172447915727,2557.00916018269
"2018-08-25 01:00:00",725,1079.38712936314,235.990811592101,1922.78344713418,-210.476229995697,2369.25048872198
"2018-08-25 02:00:00",495,902.932378656767,59.5360369240165,1746.32872038952,-386.931017348345,2192.79577466188
"2018-08-25 03:00:00",366,721.586092003722,-121.81025046709,1564.98243447453,-568.277305130157,2011.4494891376
"2018-08-25 04:00:00",500,604.395782284179,-239.000560341846,1447.7921249102,-685.467615087078,1894.25917965544
"2018-08-25 05:00:00",875,671.593021096642,-171.803322005539,1514.98936419882,-618.270377002833,1961.45641919612
"2018-08-25 06:00:00",1837,1027.83862300033,184.44227807711,1871.23496792356,-262.024777884186,2317.70202388485
"2018-08-25 07:00:00",2672,1694.91707286518,851.52072785883,2538.31341787154,405.053671853528,2984.78047387684
"2018-08-25 08:00:00",3503,2582.04135743461,1738.64501162951,3425.43770323972,1292.17795520137,3871.90475966786
"2018-08-25 09:00:00",4100,3507.42970347826,2664.03335737815,4350.82604957837,2217.56630079385,4797.29310616267
"2018-08-25 10:00:00",4509,4266.50904381484,3423.11269737676,5109.90539025292,2976.64564061355,5556.37244701613
"2018-08-25 11:00:00",4647,4714.7582014026,3871.36185444609,5558.15454835912,3424.89479740844,6004.62160539677
"2018-08-25 12:00:00",4846,4822.70311995571,3979.30677295872,5666.0994669527,3532.83971589964,6112.56652401178
"2018-08-25 13:00:00",4585,4678.32534928073,3834.92900179385,5521.72169676761,3388.46194447543,5968.18875408603
"2018-08-25 14:00:00",4696,4437.52402823223,3594.12768073316,5280.9203757313,3147.6606234083,5727.38743305617
"2018-08-25 15:00:00",5015,4246.53929026305,3403.14294245118,5089.93563807492,2956.67588496073,5536.40269556537
"2018-08-25 16:00:00",4677,4173.43550924568,3330.03916132917,5016.83185716218,2883.57210378332,5463.29891470803
"2018-08-25 17:00:00",4541,4183.78248268934,3340.38613465008,5027.1788307286,2893.91907703925,5473.64588833942
"2018-08-25 18:00:00",3914,4168.71259519442,3325.3162469773,5012.10894341154,2878.84918927232,5458.57600111652
"2018-08-25 19:00:00",3371,4007.77337934811,3164.37703111402,4851.1697275822,2717.90997340005,5297.63678529617
"2018-08-25 20:00:00",3071,3635.36096866805,2791.9646202602,4478.7573170759,2345.49756245426,4925.22437488185
"2018-08-25 21:00:00",3156,3074.12667045143,2230.73032204027,3917.5230188626,1784.26326423257,4363.9900766703
"2018-08-25 22:00:00",2713,2423.69237642099,1580.2960278969,3267.08872494507,1133.82897002943,3713.55578281254
"2018-08-25 23:00:00",2134,1810.66608340051,967.269734841603,2654.06243195942,520.802676955692,3100.52948984533
"2018-08-26 00:00:00",1375,1329.53356700436,486.137161621791,2172.92997238693,39.6700736552507,2619.39706035347
"2018-08-26 01:00:00",855,1008.38789663605,164.99144050532,1851.78435276678,-281.475674325674,2298.25146759777
"2018-08-26 02:00:00",614,813.079443580229,-30.3170244056105,1656.47591156607,-476.78414551232,2102.94303267278
"2018-08-26 03:00:00",382,687.641175774778,-155.755292576219,1531.03764412577,-602.222413876231,1977.50476542579
"2018-08-26 04:00:00",325,605.910236286229,-237.486232141559,1449.30670471402,-683.953353482222,1895.77382605468
"2018-08-26 05:00:00",551,600.241029361139,-243.155439302229,1443.63749802451,-689.6225607676,1890.10461948988
"2018-08-26 06:00:00",1106,750.812249143741,-92.584220420592,1594.20871870807,-539.051342362905,2040.67584065039
"2018-08-26 07:00:00",1657,1137.4642550529,294.067785447439,1980.86072465836,-152.399336516646,2427.32784662245
"2018-08-26 08:00:00",2467,1781.41569985323,938.019229852582,2624.81216985388,491.552107679298,3071.27929202716
"2018-08-26 09:00:00",3408,2607.68995107024,1764.29348092364,3451.08642121684,1317.82635867309,3897.55354346739
"2018-08-26 10:00:00",4017,3455.17500364512,2611.77853333131,4298.57147395893,2165.31141099225,4745.03859629799
"2018-08-26 11:00:00",4394,4134.30139991063,3290.90492934032,4977.69787048093,2844.43780686548,5424.16499295578
"2018-08-26 12:00:00",4638,4504.61438035724,3661.2179097669,5348.01085094757,3214.75078728146,5794.47797343301
"2018-08-26 13:00:00",4494,4534.99756636196,3691.60109552925,5378.39403719467,3245.1339729155,5824.86115980842
"2018-08-26 14:00:00",4565,4315.48232338244,3472.0858525437,5158.87879422117,3025.61872992676,5605.34591683812
"2018-08-26 15:00:00",4289,4011.25291114839,3167.85644015489,4854.64938214189,2721.38931745603,5301.11650484075
"2018-08-26 16:00:00",4259,3778.66212202007,2935.2656509748,4622.05859306533,2488.79852824853,5068.52571579161
"2018-08-26 17:00:00",3998,3685.91499654757,2842.51852544158,4529.31146765357,2396.05140268315,4975.77859041199
"2018-08-26 18:00:00",3688,3677.66832555618,2834.27185436218,4521.06479675017,2387.80473155718,4967.53191955518
"2018-08-26 19:00:00",3165,3602.783346159,2759.38687495661,4446.1798173614,2312.91975214716,4892.64694017084
"2018-08-26 20:00:00",2840,3295.73283291457,2452.33636162621,4139.12930420293,2005.86923877126,4585.59642705789
"2018-08-26 21:00:00",2330,2671.3183792363,1827.92190794631,3514.7148505263,1381.45478509048,3961.18197338213
"2018-08-26 22:00:00",1913,1788.84887834327,945.452406997408,2632.24534968914,498.985284112009,3078.71247257454
"2018-08-26 23:00:00",1208,850.672633244352,7.27616188125671,1694.06910460745,-439.190961013264,2140.53622750197
"2018-08-27 00:00:00",666,133.098061258914,-710.298438217812,976.49456073564,-1156.76557599479,1422.96169851262
"2018-08-27 01:00:00",337,-119.800376432032,-963.196901016523,723.596148152459,-1409.66405208475,1170.06329922068
"2018-08-27 02:00:00",292,204.648648777809,-638.747881672023,1048.04517922764,-1085.21503584517,1494.51233340079
"2018-08-27 03:00:00",358,1041.17356883737,197.777038206871,1884.57009946786,-248.690116061915,2331.03725373665
"2018-08-27 04:00:00",933,2172.36877667189,1328.9722460034,3015.76530734037,882.5050917145,3462.23246162927
"2018-08-27 05:00:00",3129,3312.12984524818,2468.73331446314,4155.52637603322,2022.26616011255,4601.99353038382
"2018-08-27 06:00:00",5575,4210.9131144588,3367.516583228,5054.30964568959,2921.04942864144,5500.77680027616
"2018-08-27 07:00:00",6493,4736.91795105537,3893.52141980422,5580.31448230651,3447.05426520689,6026.78163690385
"2018-08-27 08:00:00",6125,4903.44293913216,4060.0464076855,5746.83947057883,3613.57925298466,6193.30662527967
"2018-08-27 09:00:00",5094,4835.58589478791,3992.18936326904,5678.98242630678,3545.72220852997,6125.44958104585
"2018-08-27 10:00:00",4672,4699.77326792478,3856.37673632318,5543.16979952638,3409.90958154032,5989.63695430924
"2018-08-27 11:00:00",4775,4630.96898624878,3787.57245452027,5474.36551797728,3341.10529967024,5920.83267282732
"2018-08-27 12:00:00",4880,4686.77429445658,3843.37776271817,5530.17082619499,3396.91060786288,5976.63798105027
"2018-08-27 13:00:00",4890,4842.67185233206,3999.27532047374,5686.06838419039,3552.80816555497,6132.53553910915
"2018-08-27 14:00:00",5048,5021.42874341575,4178.03221155444,5864.82527527706,3731.5650566341,6311.2924301974
"2018-08-27 15:00:00",5661,5134.57021802763,4291.17368608976,5977.96674996551,3844.70653112888,6424.43390492638
"2018-08-27 16:00:00",6535,5113.30198095504,4269.90544899155,5956.69851291853,3823.43829401712,6403.16566789297
"2018-08-27 17:00:00",5298,4919.35928697157,4075.96275497803,5762.75581896511,3629.4955999877,6209.22297395545
"2018-08-27 18:00:00",3629,4538.79114750231,3695.39461546523,5382.18767953938,3248.92746045185,5828.65483455277
"2018-08-27 19:00:00",2922,3971.89051049662,3128.49397845539,4815.28704253785,2682.0268234398,5261.75419755343
"2018-08-27 20:00:00",2536,3233.69893899793,2390.30240691417,4077.09547108169,1943.83525187607,4523.56262611979
"2018-08-27 21:00:00",2139,2366.68688939104,1523.29035730647,3210.08342147561,1076.82320226794,3656.55057651414
"2018-08-27 22:00:00",1503,1458.30619866465,614.909666552436,2301.70273077686,168.442511499275,2748.16988583002
"2018-08-27 23:00:00",1014,645.469863165199,-197.926668955538,1488.86639528594,-644.393824013211,1935.33355034361
"2018-08-28 00:00:00",576,93.719586286048,-749.67695974397,937.116132316066,-1196.14412216477,1383.58329473687
"2018-08-28 01:00:00",364,-47.8002522858153,-891.196810737956,795.596306166325,-1337.66397973463,1242.063475163
"2018-08-28 02:00:00",234,297.709116131697,-545.687445222335,1141.10567748573,-992.154615755179,1587.57284801857
"2018-08-28 03:00:00",367,1094.02014754723,250.623586103813,1937.41670899064,-195.843584476348,2383.8838795708
"2018-08-28 04:00:00",986,2188.32140768951,1344.9248462273,3031.71796915172,898.45767563719,3478.18513974184
"2018-08-28 05:00:00",3161,3350.48927877605,2507.09271725618,4193.88584029593,2060.62554663554,4640.35301091657
"2018-08-28 06:00:00",5611,4344.27503297095,3500.87847123054,5187.67159471137,3054.41130049316,5634.13876544875
"2018-08-28 07:00:00",6147,5002.28484798901,4158.88828623853,5845.6814097395,3712.42111549582,6292.14858048221
"2018-08-28 08:00:00",5692,5275.58874155468,4432.19217970746,6118.98530340189,3985.72500891354,6565.45247419581
"2018-08-28 09:00:00",5153,5237.20742657971,4393.81086469677,6080.60398846266,3947.34369388394,6527.07115927549
"2018-08-28 10:00:00",4624,5041.2024600992,4197.80589817533,5884.59902202307,3751.33872734083,6331.06619285757
"2018-08-28 11:00:00",4678,4856.3229065913,4012.92634460464,5699.71946857796,3566.45917373691,6146.18663944569
"2018-08-28 12:00:00",4954,4801.41038202237,3958.01382003081,5644.80694401393,3511.54664916048,6091.27411488426
"2018-08-28 13:00:00",5032,4907.9102499287,4064.51368787781,5751.30681197959,3618.04651697608,6197.77398288133
"2018-08-28 14:00:00",5273,5120.58814128718,4277.19157923482,5963.98470333954,3830.7244083323,6410.45187424206
"2018-08-28 15:00:00",5865,5329.56297162973,4486.16640953948,6172.95953371997,4039.69923861691,6619.42670464254
"2018-08-28 16:00:00",6657,5415.0896089099,4571.69304680698,6258.48617101282,4125.2258758777,6704.9533419421
"2018-08-28 17:00:00",5716,5286.44461253021,4443.04805041243,6129.84117464799,3996.58087947528,6576.30834558514
"2018-08-28 18:00:00",4363,4902.35341874849,4058.95685660917,5745.74998088781,3612.48968566062,6192.21715183637
"2018-08-28 19:00:00",3406,4272.27160017427,3428.87503803289,5115.66816231565,2982.40786708325,5562.13533326529
"2018-08-28 20:00:00",2896,3447.75822561456,2604.36166345214,4291.15478777698,2157.89449249136,4737.62195873776
"2018-08-28 21:00:00",2576,2512.50604463633,1669.10948247351,3355.90260679916,1222.64231151252,3802.36977776015
"2018-08-28 22:00:00",1733,1576.69226342369,733.295701247193,2420.08882560019,286.828530278961,2866.55599656842
"2018-08-28 23:00:00",1153,770.999124697517,-72.3974374831982,1614.39568687823,-518.864608453663,2060.8628578487
"2018-08-29 00:00:00",623,232.938138333784,-610.458430728579,1076.33470739615,-1056.92560534197,1522.80188200954
"2018-08-29 01:00:00",335,81.1544025829563,-762.24217262528,924.550977791192,-1208.7093504921,1371.01815565801
"2018-08-29 02:00:00",299,379.676282395769,-463.720294248184,1223.07285903972,-910.187472875024,1669.54003766656
"2018-08-29 03:00:00",372,1106.06200207579,262.66542538762,1949.45857876397,-183.80175326263,2395.92575741422
"2018-08-29 04:00:00",981,2140.31315272304,1296.91657602556,2983.70972942051,850.449397370389,3430.17690807569
"2018-08-29 05:00:00",3103,3285.1814243011,2441.7848475751,4128.57800102711,1995.31766890482,4575.04517969738
"2018-08-29 06:00:00",5902,4317.6772835415,3474.28070670638,5161.07386037662,3027.81352797835,5607.54103910465
"2018-08-29 07:00:00",6775,5055.27274808719,4211.87617124709,5898.66932492728,3765.40899251642,6345.13650365796
"2018-08-29 08:00:00",6164,5412.50228606421,4569.10570917626,6255.89886295217,4122.63853042025,6702.36604170818
"2018-08-29 09:00:00",5421,5423.76162128296,4580.36504437733,6267.15819818859,4133.89786561196,6713.62537695396
"2018-08-29 10:00:00",4871,5222.91310621635,4379.51652929047,6066.30968314223,3933.04935051438,6512.77686191832
"2018-08-29 11:00:00",4969,4987.25733203817,4143.86075508122,5830.65390899511,3697.39357628869,6277.12108778764
"2018-08-29 12:00:00",5134,4867.66893942262,4024.27236246325,5711.06551638199,3577.80518366944,6157.5326951758
"2018-08-29 13:00:00",4999,4933.09266596169,4089.69608897297,5776.48924295041,3643.22891016362,6222.95642175976
"2018-08-29 14:00:00",5349,5150.42509291197,4307.02851592252,5993.82166990143,3860.56133711278,6440.28884871116
"2018-08-29 15:00:00",5814,5404.5026673588,4561.1060903506,6247.899244367,4114.63891153094,6694.36642318666
"2018-08-29 16:00:00",6578,5546.28178170259,4702.88520468813,6389.67835871706,4256.41802586515,6836.14553754004
"2018-08-29 17:00:00",5860,5448.27924979882,4604.882672777,6291.67582682064,4158.41549395013,6738.14300564751
"2018-08-29 18:00:00",4554,5045.60592774319,4202.20935071072,5889.00250477567,3755.7421718782,6335.46968360818
"2018-08-29 19:00:00",3487,4350.59855419589,3507.20197716239,5193.99513122938,3060.73479832934,5640.46231006243
"2018-08-29 20:00:00",3205,3442.77738583082,2599.38080878691,4286.17396287472,2152.91362994835,4732.64114171328
"2018-08-29 21:00:00",2800,2443.89643778415,1600.49986074005,3287.29301482826,1154.03268190138,3733.76019366693
"2018-08-29 22:00:00",2106,1491.72247959986,648.325902548994,2335.11905665073,201.858723706745,2781.58623549298
"2018-08-29 23:00:00",1272,719.463245212238,-123.933331840719,1562.85982226519,-570.400510684073,2009.32700110855
"2018-08-30 00:00:00",670,241.252478266797,-602.14410219087,1084.64905872446,-1048.61128283657,1531.11623937016
"2018-08-30 01:00:00",456,139.435943959847,-703.960639538505,982.832527458199,-1150.42782179384,1429.29970971354
"2018-08-30 02:00:00",326,448.72928331766,-394.667300891016,1292.12586752634,-841.134483522379,1738.5930501577
"2018-08-30 03:00:00",388,1140.02618223407,296.629598003516,1983.42276646463,-149.837584639429,2429.88994910757
"2018-08-30 04:00:00",1008,2112.33320397005,1268.93661973489,2955.72978820521,822.469437089513,3402.19697085059
"2018-08-30 05:00:00",3070,3202.37787961097,2358.9812953617,4045.77446386024,1912.51411270885,4492.2416465131
"2018-08-30 06:00:00",5886,4217.58013934957,3374.18355504632,5060.97672365283,2927.71637236489,5507.44390633426
"2018-08-30 07:00:00",6466,4986.2406260202,4142.84404171448,5829.63721032592,3696.37685903175,6276.10439300866
"2018-08-30 08:00:00",5995,5408.9888126643,4565.5922283349,6252.38539699369,4119.12504563963,6698.85257968896
"2018-08-30 09:00:00",5467,5489.90316337207,4646.50657903393,6333.29974771022,4200.03939633403,6779.76693041011
"2018-08-30 10:00:00",4911,5332.62170628681,4489.22512193864,6176.01829063497,4042.75793923344,6622.48547334017
"2018-08-30 11:00:00",5095,5099.76238244966,4256.36579808613,5943.15896681319,3809.89861537279,6389.62614952653
"2018-08-30 12:00:00",5308,4949.43340739142,4106.03682302669,5792.82999175615,3659.56964031272,6239.29717447013
"2018-08-30 13:00:00",5213,4974.10937404719,4130.71278966793,5817.50595842644,3684.24560694627,6263.9731411481
"2018-08-30 14:00:00",5680,5166.76114687596,4323.36456249635,6010.15773125558,3876.8973797745,6456.62491397743
"2018-08-30 15:00:00",6238,5427.20892920618,4583.81234481729,6270.60551359506,4137.34516209053,6717.07269632182
"2018-08-30 16:00:00",6453,5604.38326459753,4760.98668020554,6447.77984898951,4314.51949747714,6894.24703171792
"2018-08-30 17:00:00",5775,5555.93855258929,4712.54196819366,6399.33513698491,4266.07478546333,6845.80231971524
"2018-08-30 18:00:00",4531,5200.10858874033,4356.71200433943,6043.50517314122,3910.24482160631,6489.97235587434
"2018-08-30 19:00:00",3884,4540.5553818791,3697.1587974777,5383.95196628051,3250.69161474432,5830.41914901389
"2018-08-30 20:00:00",3332,3659.25885548431,2815.86227107776,4502.65543989087,2369.39508834165,4949.12262262698
"2018-08-30 21:00:00",3049,2685.82129583058,1842.42471142393,3529.21788023723,1395.95752868776,3975.68506297339
"2018-08-30 22:00:00",2221,1760.77609531835,917.379510908355,2604.17267972835,470.912328170418,3050.63986246629
"2018-08-30 23:00:00",1396,1007.57294986172,164.176365450687,1850.96953427275,-282.290817287796,2297.43671701123
"2018-08-31 00:00:00",764,519.606779842563,-323.789806252957,1363.00336593808,-770.256989883154,1809.47054956828
"2018-08-31 01:00:00",456,358.429186167948,-484.967401431957,1201.82577376785,-931.434585858528,1648.29295819442
"2018-08-31 02:00:00",358,552.779033366592,-290.617554584747,1396.17562131793,-737.084739197356,1842.64280593054
"2018-08-31 03:00:00",378,1091.97758552791,248.580997565749,1935.37417349008,-197.88618705259,2381.84135810842
"2018-08-31 04:00:00",851,1915.18005719653,1071.78346923209,2758.57664516097,625.316284612543,3205.04382978051
"2018-08-31 05:00:00",2754,2905.77697450949,2062.38038653807,3749.17356248092,1615.91320191483,4195.64074710416
"2018-08-31 06:00:00",5200,3903.35488024252,3059.95829224438,4746.75146824065,2613.491107607,5193.21865287803
"2018-08-31 07:00:00",6270,4738.09978890333,3894.70320090398,5581.49637690269,3448.23601626596,6027.96356154071
"2018-08-31 08:00:00",5687,5280.42829776626,4437.03170975519,6123.82488577733,3990.56452511096,6570.29207042155
"2018-08-31 09:00:00",5328,5486.11482258383,4642.71823456843,6329.51141059922,4196.25104992192,6775.97859524574
"2018-08-31 10:00:00",5102,5415.05511727813,4571.65852925778,6258.45170529848,4125.19134460864,6704.91888994762
"2018-08-31 11:00:00",5359,5209.99300765879,4366.59641963083,6053.38959568674,3920.12923497767,6499.85678033991
"2018-08-31 12:00:00",5587,5038.7854964278,4195.38890839925,5882.18208445634,3748.92172374577,6328.64926910982
"2018-08-31 13:00:00",5400,5022.67002744266,4179.27343940692,5866.06661547839,3732.80625474964,6312.53380013567
"2018-08-31 14:00:00",5705,5182.15939533667,4338.76280730076,6025.55598337258,3892.29562264338,6472.02316802996
"2018-08-31 15:00:00",5998,5426.26699284826,4582.87040480776,6269.66358088876,4136.40322014795,6716.13076554857
"2018-08-31 16:00:00",5925,5591.92162757519,4748.52503953315,6435.31821561722,4302.05785487253,6881.78540027784
"2018-08-31 17:00:00",5418,5517.40388811389,4674.00730007005,6360.80047615772,4227.54011540848,6807.26766081929
"2018-08-31 18:00:00",4935,5116.37285479945,4272.976266753,5959.76944284589,3826.50908209005,6406.23662750884
"2018-08-31 19:00:00",3945,4418.02761391059,3574.6310258639,5261.42420195728,3128.16384120081,5707.89138662037
"2018-08-31 20:00:00",3233,3555.02216395482,2711.62557590558,4398.41875200406,2265.15839124114,4844.88593666849
"2018-08-31 21:00:00",2910,2705.13447131735,1861.73788326806,3548.53105936664,1415.2706986036,3994.9982440311
"2018-08-31 22:00:00",2830,2015.82954272118,1172.43295467023,2859.22613077212,725.965770004894,3305.69331543746
"2018-08-31 23:00:00",2147,1548.15422261917,704.757634567715,2391.55081067063,258.290449902108,2838.01799533623
"2018-09-01 00:00:00",1335,1266.75576372347,423.35917483861,2110.15235260833,-23.1080102681753,2556.61953771511
"2018-09-01 01:00:00",785,1079.34591219609,235.949322566928,1922.74250182524,-210.517862933865,2369.20968732604
"2018-09-01 02:00:00",569,903.010013103085,59.6134233000538,1746.40660290612,-386.853762292781,2192.87378849895
"2018-09-01 03:00:00",425,721.829091391622,-121.567498416764,1565.22568120001,-568.034684012435,2011.69286679568
"2018-09-01 04:00:00",419,604.55466316687,-238.841926642643,1447.95125297638,-685.309112238909,1894.41843857265
"2018-09-01 05:00:00",741,671.570310503659,-171.826279309308,1514.96690031663,-618.293464907404,1961.43408591472
"2018-09-01 06:00:00",1529,1027.63162298693,184.235033160748,1871.02821281311,-262.232152444343,2317.4953984182
"2018-09-01 07:00:00",2477,1694.88541641835,851.488826591564,2538.28200624513,405.021640986154,2984.74919185054
"2018-09-01 08:00:00",3476,2582.0013385427,1738.60474871012,3425.39792837528,1292.13756310164,3871.86511398376
"2018-09-01 09:00:00",4212,3507.17009199123,2663.77350215651,4350.56668182595,2217.3063165469,4797.03386743557
"2018-09-01 10:00:00",4578,4266.35912087338,3422.96253103621,5109.75571071056,2976.4953454253,5556.22289632147
"2018-09-01 11:00:00",4897,4714.86769630325,3871.47110646231,5558.26428614418,3425.00392084941,6004.73147175708
"2018-09-01 12:00:00",4854,4822.8445596653,3979.44796982407,5666.24114950653,3532.98078421101,6112.70833511958
"2018-09-01 13:00:00",4972,4678.37160714949,3834.97501730471,5521.76819699428,3388.50783168977,5968.23538260922
"2018-09-01 14:00:00",5056,4437.46658403262,3594.06999418775,5280.8631738775,3147.60280857277,5727.33035949248
"2018-09-01 15:00:00",4719,4246.14118167059,3402.74459182345,5089.53777151774,2956.27740620727,5536.00495713392
"2018-09-01 16:00:00",4649,4172.77982686929,3329.38323702139,5016.1764167172,2882.9160514048,5462.64360233378
"2018-09-01 17:00:00",4622,4183.22551674074,3339.82892689195,5026.62210658954,2893.36174127489,5473.0892922066
"2018-09-01 18:00:00",4261,4168.39954510209,3325.00295525201,5011.79613495218,2878.53576963427,5458.26332056992
"2018-09-01 19:00:00",3518,4007.8261387129,3164.4295488627,4851.22272856311,2717.96236324489,5297.68991418092
"2018-09-01 20:00:00",3196,3635.44494541774,2792.04835556627,4478.8415352692,2345.58116994779,4925.30872088768
"2018-09-01 21:00:00",2880,3074.12118603776,2230.72459618627,3917.51777588925,1784.25741056778,4363.98496150774
"2018-09-01 22:00:00",2815,2423.49101701055,1580.09442715824,3266.88760686286,1133.62724153932,3713.35479248178
"2018-09-01 23:00:00",1945,1810.21141487872,966.814825026155,2653.60800473128,520.347639407099,3100.07519035034
"2018-09-02 00:00:00",1273,1329.25910992167,485.862519656779,2172.65570018656,39.3953338194488,2619.12288602389
"2018-09-02 01:00:00",801,1008.35890504703,164.962314413893,1851.75549568016,-281.504871618373,2298.22268171243
"2018-09-02 02:00:00",565,813.13405058416,-30.2625401349993,1656.53064130332,-476.729726212804,2102.99782738112
"2018-09-02 03:00:00",386,687.812098209079,-155.58449251273,1531.20868893089,-602.051678591937,1977.6758750101
"2018-09-02 04:00:00",316,606.021990916359,-237.374599806007,1449.41858163873,-683.841785885509,1895.88576771823
"2018-09-02 05:00:00",532,600.22505504371,-243.171535680366,1443.62164576779,-689.638721760773,1890.08883184819
"2018-09-02 06:00:00",1003,750.666648174617,-92.7299425559967,1594.06323890523,-539.197128639864,2040.5304249891
"2018-09-02 07:00:00",1607,1137.44198834101,294.045397610096,1980.83857907192,-152.42178847393,2427.30576515594
"2018-09-02 08:00:00",2334,1781.38755111558,937.990960381805,2624.78414184936,491.523774296261,3071.25132793491
"2018-09-02 09:00:00",2929,2607.50734391444,1764.1107531796,3450.90393464928,1317.6435670935,3897.37112073538
"2018-09-02 10:00:00",3571,3455.06954990537,2611.67295916932,4298.46614064142,2165.20577308257,4744.93332672817
"2018-09-02 11:00:00",4040,4134.37841712209,3290.98182638418,4977.77500786,2844.51464029644,5424.24219394773
"2018-09-02 12:00:00",4549,4504.71386710851,3661.31727637045,5348.11045784657,3214.85009028264,5794.57764393438
"2018-09-02 13:00:00",4414,4535.03010351232,3691.6335127725,5378.42669425214,3245.16632668376,5824.89388034088
"2018-09-02 14:00:00",4299,4315.44191792014,3472.04532718028,5158.83850866,3025.57814109152,5605.30569474877
"2018-09-02 15:00:00",4330,4010.97288702916,3167.57629628818,4854.36947777015,2721.10911019882,5300.8366638595
"2018-09-02 16:00:00",4197,3778.20092403734,2934.80433329599,4621.5975147787,2488.33714720643,5068.06470086826
"2018-09-02 17:00:00",3833,3685.52323434436,2842.12664360256,4528.91982508616,2395.65945751277,4975.38701117595
"2018-09-02 18:00:00",3601,3677.44813041649,2834.05153967405,4520.84472115893,2387.58435358393,4967.31190724906
"2018-09-02 19:00:00",3098,3602.82045637222,2759.42386562972,4446.21704711472,2312.95667953956,4892.68423320488
"2018-09-02 20:00:00",3115,3295.79190101065,2452.39531026753,4139.18849175378,2005.92812417704,4585.65567784427
"2018-09-02 21:00:00",2669,2671.31452157519,1827.91793083205,3514.71111231832,1381.45074474156,3961.17829840882
"2018-09-02 22:00:00",2066,1788.70724489866,945.310654155118,2632.1038356422,498.843468064407,3078.57102173291
"2018-09-02 23:00:00",1475,850.352825645587,6.95623490192179,1693.74941638925,-439.510951188855,2140.21660248003
"2018-09-03 00:00:00",962,-350.727216827742,-1194.12380777541,492.669374119924,-1640.59099397418,939.136560318693
"2018-09-03 01:00:00",694,-603.45299746067,-1446.84958859053,239.943593669185,-1893.31677488574,686.410779964399
"2018-09-03 02:00:00",421,-278.945170146207,-1122.34176131862,564.451421026209,-1568.80894763637,1010.91860734395
"2018-09-03 03:00:00",310,557.661564588265,-285.735026585461,1401.05815576199,-732.202212903899,1847.52534208043
"2018-09-03 04:00:00",325,1688.81515460382,845.418563429819,2532.21174577782,398.951377111236,2978.67893209641
"2018-09-03 05:00:00",590,2828.48638039187,1985.08978921702,3671.88297156672,1538.62260289799,4118.35015788575
"2018-09-03 06:00:00",1141,3727.1784719903,2883.78188081222,4570.57506316838,2437.31469449147,5017.04224948913
"2018-09-03 07:00:00",1556,4253.2700602156,3409.87346903737,5096.66665139383,2963.40628271654,5543.13383771465
"2018-09-03 08:00:00",1995,4419.79091095323,3576.39431977358,5263.18750213288,3129.92713345201,5709.65468845445
"2018-09-03 09:00:00",2524,4351.82522267825,3508.42863149807,5195.22181385842,3061.96144517622,5641.68900018027
"2018-09-03 10:00:00",3050,4216.06686446987,3372.67027328909,5059.46345565064,2926.20308696693,5505.93064197281
"2018-09-03 11:00:00",3616,4147.39093035577,3303.99433917408,4990.78752153747,2857.52715285142,5437.25470786012
"2018-09-03 12:00:00",3901,4203.21204333023,3359.81545214847,5046.608634512,2913.34826582577,5493.07582083469
"2018-09-03 13:00:00",4110,4359.06250977508,3515.66591859244,5202.45910095771,3069.19873226929,5648.92628728087
"2018-09-03 14:00:00",4446,4537.76809402693,3694.37150284428,5381.16468520959,3247.90431652111,5827.63187153276
"2018-09-03 15:00:00",4411,4650.74102416542,3807.34443298221,5494.13761534864,3360.87724665875,5940.6048016721
"2018-09-03 16:00:00",4017,4629.34535188185,3785.94876069845,5472.74194306525,3339.4815743749,5919.20912938881
"2018-09-03 17:00:00",3900,4435.45149807237,3592.05490688876,5278.84808925599,3145.58772056508,5725.31527557967
"2018-09-03 18:00:00",3487,4055.00403652149,3211.60744533756,4898.40062770543,2765.14025901372,5344.86781402927
"2018-09-03 19:00:00",3006,3488.28438457432,2644.88779339035,4331.68097575828,2198.42060706649,4778.14816208214
"2018-09-03 20:00:00",2627,2750.10825794247,1906.7116667582,3593.50484912674,1460.24448043418,4039.97203545076
"2018-09-03 21:00:00",2081,1883.05194721972,1039.65535603545,2726.448538404,593.188169711423,3172.91572472803
"2018-09-03 22:00:00",1588,974.574346906522,131.177755722043,1817.970938091,-315.289430602087,2264.43812441513
"2018-09-03 23:00:00",1012,161.612686148218,-681.783905036322,1005.00927733276,-1128.25109136048,1451.47646365692
"2018-09-04 00:00:00",528,93.5837980261856,-749.812793259285,936.980389311656,-1196.27997963688,1383.44757568925
"2018-09-04 01:00:00",321,-47.8145959405024,-891.211187316111,795.581995435106,-1337.67837374142,1242.04918186041
"2018-09-04 02:00:00",254,297.736133070377,-545.660458326288,1141.13272446704,-992.127644762743,1587.5999109035
"2018-09-04 03:00:00",332,1094.10471180912,250.708120411803,1937.50130320643,-195.759066024995,2383.96848964323
"2018-09-04 04:00:00",901,2188.37669854435,1344.9801071469,3031.7732899418,898.512920710026,3478.24047637867
"2018-09-04 05:00:00",2863,3350.48137544591,2507.08478404805,4193.87796684378,2060.61759761095,4640.34515328088
"2018-09-04 06:00:00",5280,4344.2029965631,3500.80640516363,5187.59958796257,3054.33921872569,5634.06677440051
"2018-09-04 07:00:00",6379,5002.27383148566,4158.87724008612,5845.6704228852,3712.41005364814,6292.13760932318
"2018-09-04 08:00:00",5856,5275.57481490132,4432.17822350107,6118.97140630156,3985.71103706273,6565.43859273991
"2018-09-04 09:00:00",5242,5237.11708127889,4393.72048987838,6080.51367267939,3947.2533034399,6526.98085911788
"2018-09-04 10:00:00",4403,5041.15028662475,4197.75369522395,5884.54687802555,3751.2865087853,6331.01406446419
"2018-09-04 11:00:00",4477,4856.3610110294,4012.96441962814,5699.75760243065,3566.49723318926,6146.22478886954
"2018-09-04 12:00:00",4583,4801.45960331531,3958.06301191402,5644.8561947166,3511.59582547512,6091.32338115551
"2018-09-04 13:00:00",4652,4907.92634775734,4064.52975635561,5751.32293915906,3618.06256991648,6197.79012559819
"2018-09-04 14:00:00",4785,5120.56815059494,4277.17155919321,5963.96474199668,3830.70437275407,6410.43192843581
"2018-09-04 15:00:00",5436,5329.42442906707,4486.02783766506,6172.82102046907,4039.56065122578,6619.28820690836
"2018-09-04 16:00:00",5667,5414.86143016998,4571.46483876788,6258.25802157208,4124.99765232855,6704.72520801141
"2018-09-04 17:00:00",5494,5286.25078729731,4442.85419589511,6129.64737869952,3996.38700945572,6576.11456513891
"2018-09-04 18:00:00",4383,4902.24447670859,4058.84788530623,5745.64106811095,3612.38069886675,6192.10825455043
"2018-09-04 19:00:00",3017,4272.2899605332,3428.89336913082,5115.68655193558,2982.42618269134,5562.15373837506
"2018-09-04 20:00:00",2385,3447.78744968672,2604.39085828419,4291.18404108925,2157.92367184463,4737.65122752881
"2018-09-04 21:00:00",2105,2512.50413605571,1669.10754465317,3355.90072745824,1222.64035821361,3802.3679138978
"2018-09-04 22:00:00",1351,1576.62218996045,733.225598557818,2420.01878136309,286.758412118204,2866.4859678027
"2018-09-04 23:00:00",921,770.840899168327,-72.5556922343376,1614.23749057099,-519.022878673968,2060.70467701062
"2018-09-05 00:00:00",522,232.842626736946,-610.553964715653,1076.23921818955,-1057.02115118172,1522.70640465561
"2018-09-05 01:00:00",304,81.1443134535468,-762.252278043649,924.540904950743,-1208.71946453332,1371.00809144041
"2018-09-05 02:00:00",254,379.695285739675,-463.701305767938,1223.09187724729,-910.168492263125,1669.55906374248
"2018-09-05 03:00:00",323,1106.1214834101,262.724891902163,1949.51807491803,-183.742294593193,2395.98526141339
"2018-09-05 04:00:00",882,2140.35204355189,1296.95545204389,2983.74863505989,850.488265548493,3430.21582155528
"2018-09-05 05:00:00",3013,3285.17586521055,2441.77927370234,4128.57245671876,1995.31208720684,4575.03964321426
"2018-09-05 06:00:00",5633,4317.62661412142,3474.23002261242,5161.02320563042,3027.7628361165,5607.49039212635
"2018-09-05 07:00:00",6668,5055.26499923073,4211.86840772169,5898.66159073977,3765.40122122575,6345.12877723571
"2018-09-05 08:00:00",6327,5412.49249024794,4569.09589873856,6255.88908175733,4122.62871224243,6702.35626825345
"2018-09-05 09:00:00",5237,5423.69807363891,4580.3014821294,6267.09466514842,4133.83429563321,6713.56185164461
"2018-09-05 10:00:00",4599,5222.87640811049,4379.47981660083,6066.27299962015,3933.01263010456,6512.74018611641
"2018-09-05 11:00:00",4635,4987.28413417778,4143.88754266789,5830.68072568766,3697.4203561715,6277.14791218405
"2018-09-05 12:00:00",5001,4867.70356100439,4024.30696949449,5711.10015251429,3577.83978299809,6157.56733901069
"2018-09-05 13:00:00",4781,4933.10398895265,4089.70739744253,5776.50058046276,3643.24021094602,6222.96776695927
"2018-09-05 14:00:00",4816,5150.41103173486,4307.01444022474,5993.80762324498,3860.54725372822,6440.27480974149
"2018-09-05 15:00:00",5661,5404.4052184201,4561.00862690984,6247.80180993035,4114.54144041325,6694.26899642694
"2018-09-05 16:00:00",6555,5546.12128390926,4702.72469239896,6389.51787541956,4256.25750590235,6835.98506191617
"2018-09-05 17:00:00",5938,5448.14291579051,4604.74632428015,6291.53950730086,4158.27913778351,6738.0066937975
"2018-09-05 18:00:00",4426,5045.52929940691,4202.13270789647,5888.92589091734,3755.66552139979,6335.39307741402
"2018-09-05 19:00:00",3414,4350.61146862087,3507.21487711043,5194.00806013131,3060.74769061375,5640.475246628
"2018-09-05 20:00:00",3130,3442.79794164148,2599.40135013096,4286.194533152,2152.93416363424,4732.66171964872
"2018-09-05 21:00:00",2532,2443.89509531076,1600.49850380024,3287.29168682128,1154.03131730352,3733.758873318
"2018-09-05 22:00:00",1629,1491.67319088703,648.276599376467,2335.0697823976,201.809412879717,2781.53696889435
"2018-09-05 23:00:00",993,719.351951549109,-124.044639961473,1562.74854305969,-570.51182645823,2009.21572955645
"2018-09-06 00:00:00",570,241.185296719795,-602.211294815492,1084.58188825508,-1048.67848132533,1531.04907476492
"2018-09-06 01:00:00",350,139.428847404426,-703.967744152925,982.825438961777,-1150.43493067444,1429.29262548329
"2018-09-06 02:00:00",281,448.742650008341,-394.653941554165,1292.13924157085,-841.121128078409,1738.60642809509
"2018-09-06 03:00:00",337,1140.06802059344,296.671429030779,1983.46461215611,-149.79575749355,2429.93179868044
"2018-09-06 04:00:00",909,2112.36055924608,1268.96396768338,2955.75715080877,822.496781159032,3402.22433733312
"2018-09-06 05:00:00",3036,3202.3739694195,2358.9773778567,4045.7705609823,1912.5101913323,4492.2377475067
"2018-09-06 06:00:00",5868,4217.54449917398,3374.14790761078,5060.94109073717,2927.68072108618,5507.40827726178
"2018-09-06 07:00:00",6526,4986.23517557852,4142.83858401531,5829.63176714173,3696.37139749069,6276.09895366635
"2018-09-06 08:00:00",5996,5408.98192242335,4565.58533085996,6252.37851398673,4119.11814433526,6698.84570051144
"2018-09-06 09:00:00",5328,5489.85846483042,4646.46187326697,6333.25505639386,4199.99468674223,6779.72224291861
"2018-09-06 10:00:00",4579,5332.59589334317,4489.19930177965,6175.99248490669,4042.73211525487,6622.45967143147
"2018-09-06 11:00:00",4727,5099.7812347063,4256.38464314267,5943.17782626993,3809.91745661783,6389.64501279477
"2018-09-06 12:00:00",4765,4949.45775973711,4106.06116817347,5792.85435130075,3659.59398164863,6239.32153782559
"2018-09-06 13:00:00",4853,4974.11733848379,4130.72074692004,5817.51393004753,3684.25356039514,6263.98111657243
"2018-09-06 14:00:00",4947,5166.75125643539,4323.35466487164,6010.14784799913,3876.88747834674,6456.61503452404
"2018-09-06 15:00:00",5786,5427.14038496023,4583.74379339642,6270.53697652405,4137.27660687148,6717.00416304898
"2018-09-06 16:00:00",6396,5604.27037265225,4760.87378108841,6447.66696421609,4314.40659456347,6894.13415074104
"2018-09-06 17:00:00",6008,5555.84265711961,4712.44606555574,6399.23924868347,4265.97887903078,6845.70643520843
"2018-09-06 18:00:00",4373,5200.05468942188,4356.65809785798,6043.45128098578,3910.190911333,6489.91846751077
"2018-09-06 19:00:00",3382,4540.56446570928,3697.16787414537,5383.96105727318,3250.70068762039,5830.42824379817
"2018-09-06 20:00:00",3223,3659.27331415997,2815.87672259603,4502.66990572391,2369.40953607103,4949.13709224892
"2018-09-06 21:00:00",2712,2685.82035155201,1842.42375998807,3529.21694311595,1395.95657346306,3975.68412964096
"2018-09-06 22:00:00",2096,1760.74142631324,917.344834749277,2604.13801787721,470.877648224259,3050.60520440223
"2018-09-06 23:00:00",1248,1007.49466742624,164.098075862262,1850.89125899021,-282.36911066276,2297.35844551523
"2018-09-07 00:00:00",550,519.559525262575,-323.837066313622,1362.95611683877,-770.304252845114,1809.42330337027
"2018-09-07 01:00:00",417,358.424194548997,-484.972397038116,1201.82078613611,-931.439583575388,1648.28797267338
"2018-09-07 02:00:00",307,552.788435313622,-290.608156276042,1396.18502690329,-737.075342814663,1842.65221344191
"2018-09-07 03:00:00",338,1092.00701405351,248.610422463764,1935.40360564325,-197.856764074898,2381.87079218191
"2018-09-07 04:00:00",892,1915.19929851983,1071.80270693007,2758.59589010959,625.335520391399,3205.06307664826
"2018-09-07 05:00:00",2942,2905.77422413504,2062.37763254523,3749.17081572485,1615.91044600653,4195.63800226355
"2018-09-07 06:00:00",5542,3903.32981143454,3059.93321984453,4746.72640302454,2613.46603330573,5193.19358956334
"2018-09-07 07:00:00",6675,4738.09595513529,3894.69936354528,5581.49254672531,3448.23217700648,6027.95973326411
"2018-09-07 08:00:00",5923,5280.4234512648,4437.0268596747,6123.82004285489,3990.55967313585,6570.28722939374
"2018-09-07 09:00:00",5061,5486.08338224374,4642.68679065361,6329.47997383387,4196.21960411474,6775.94716037273
"2018-09-07 10:00:00",4720,5415.03696080805,4571.64036921789,6258.43355239822,4125.173182679,6704.9007389371
"2018-09-07 11:00:00",4700,5210.00626807782,4366.60967648761,6053.40285966804,3920.14248994869,6499.87004620696
"2018-09-07 12:00:00",5073,5038.8026255349,4195.40603394468,5882.19921712513,3748.93884740576,6328.66640366404
"2018-09-07 13:00:00",4832,5022.67562951847,4179.27903792819,5866.07222110874,3732.81185138924,6312.53940764769
"2018-09-07 14:00:00",5163,5182.15243853612,4338.75584694584,6025.54903012639,3892.28866040689,6472.01621666534
"2018-09-07 15:00:00",4831,5426.21877976799,4582.82218817768,6269.6153713583,4136.35500163872,6716.08255789727
"2018-09-07 16:00:00",6148,5591.84222093054,4748.44562934022,6435.23881252086,4301.97844280125,6881.70599905983
"2018-09-07 17:00:00",5426,5517.33643655688,4673.93984496655,6360.73302814722,4227.47265842757,6807.20021468619
"2018-09-07 18:00:00",4699,5116.3349427574,4272.93835116704,5959.73153434775,3826.47116462806,6406.19872088674
"2018-09-07 19:00:00",3734,4418.03400335222,3574.63741176186,5261.43059494257,3128.17022522287,5707.89778148156
"2018-09-07 20:00:00",3360,3555.03233399486,2711.63574240449,4398.42892558523,2265.16855586549,4844.89611212423
"2018-09-07 21:00:00",2803,2705.13380712528,1861.73721553491,3548.53039871566,1415.27002899591,3994.99758525466
"2018-09-07 22:00:00",2669,2015.80515701572,1172.40856542533,2859.20174860611,725.94137888633,3305.66893514511
"2018-09-07 23:00:00",1957,1548.09915982811,704.702568237723,2391.4957514185,258.235381698717,2837.96293795751
"2018-09-08 00:00:00",1131,1266.72252550271,423.325933906275,2110.11911709915,-23.1412526359322,2556.58630364136
"2018-09-08 01:00:00",690,1079.34240116049,235.945809558655,1922.73899276233,-210.521376986411,2369.2061793074
"2018-09-08 02:00:00",488,903.016626304636,59.6200347015367,1746.41321790774,-386.847151844197,2192.88040445347
"2018-09-08 03:00:00",393,721.849791010779,-121.54680059236,1565.24638261392,-568.013987138114,2011.71356915967
"2018-09-08 04:00:00",459,604.568197254005,-238.828394349141,1447.96478885715,-685.2955808949,1894.43197540291
"2018-09-08 05:00:00",830,671.568375928011,-171.828215675161,1514.96496753118,-618.295402220933,1961.43215407696
"2018-09-08 06:00:00",1504,1027.61398992551,184.21739832224,1871.01058152878,-262.249788223583,2317.4777680746
"2018-09-08 07:00:00",2063,1694.88271980042,851.48612819715,2538.27931140369,405.018941651325,2984.74649794952
"2018-09-08 08:00:00",3043,2581.99792958133,1738.60133797802,3425.39452118465,1292.13415143217,3871.86170773049
"2018-09-08 09:00:00",3588,3507.14797728531,2663.75138568199,4350.54456888864,2217.28419913613,4797.0117554345
"2018-09-08 10:00:00",4039,4266.34634986068,3422.94975825734,5109.74294146403,2976.48257171147,5556.2101280099
"2018-09-08 11:00:00",4249,4714.87702350012,3871.48043189675,5558.2736151035,3425.01324535087,6004.74080164938
"2018-09-08 12:00:00",4690,4822.85660804287,3979.4600164395,5666.25319964625,3532.99282989362,6112.72038619213
"2018-09-08 13:00:00",4550,4678.37554757224,3834.97895596884,5521.77213917565,3388.51176942295,5968.23932572154
"2018-09-08 14:00:00",4612,4437.4616907159,3594.0650991125,5280.8582823193,3147.5979125666,5727.3254688652
"2018-09-08 15:00:00",4756,4246.10726925224,3402.71067764882,5089.50386085566,2956.24349110291,5535.97104740156
"2018-09-08 16:00:00",4848,4172.72397332616,3329.32738172273,5016.12056492958,2882.86019517683,5462.58775147549
"2018-09-08 17:00:00",4125,4183.1780722412,3339.78148063777,5026.57466384464,2893.31429409186,5473.04185039055
"2018-09-08 18:00:00",3745,4168.37287829181,3324.97628668837,5011.76946989526,2878.50910014246,5458.23665644117
"2018-09-08 19:00:00",3399,4007.83063296036,3164.43404135692,4851.22722456381,2717.96685481101,5297.69441110972
"2018-09-08 20:00:00",3245,3635.45209887664,2792.05550727319,4478.84869048009,2345.58832072727,4925.31587702601
"2018-09-08 21:00:00",2814,3074.12071885431,2230.72412725086,3917.51731045776,1784.25694070494,4363.98449700368
"2018-09-08 22:00:00",2478,2423.47386444939,1580.07727284594,3266.87045605285,1133.61008630001,3713.33764259878
"2018-09-08 23:00:00",1916,1810.17268446717,966.776092863708,2653.56927607063,520.308906317784,3100.03646261655
"2018-09-09 00:00:00",1286,1329.23573061154,485.839139005089,2172.63232221799,39.3719524575808,2619.0995087655
"2018-09-09 01:00:00",794,1008.35643543287,164.959843823748,1851.75302704199,-281.507342725175,2298.22021359092
"2018-09-09 02:00:00",620,813.138702220803,-30.2578893889439,1656.53529383055,-476.725075938197,2103.0024803798
"2018-09-09 03:00:00",345,687.826658038744,-155.569933571023,1531.22324964851,-602.037120120286,1977.69043619777
"2018-09-09 04:00:00",353,606.031510605693,-237.365081004078,1449.42810221546,-683.832267553343,1895.89528876473
"2018-09-09 05:00:00",541,600.22369429097,-243.172897318813,1443.62028590075,-689.640083868085,1890.08747245003
"2018-09-09 06:00:00",1140,750.654245326354,-92.7423462834764,1594.05083693618,-539.209532832774,2040.51802348548
"2018-09-09 07:00:00",1806,1137.44009157744,294.043499967612,1980.83668318728,-152.423686581687,2427.30386973658
"2018-09-09 08:00:00",2224,1781.38515329506,937.988561685204,2624.78174490491,491.521375135895,3071.24893145422
"2018-09-09 09:00:00",3449,2607.49178873451,1764.09519712465,3450.88838034437,1317.62801057533,3897.35556689368
"2018-09-09 10:00:00",4322,3455.0605669512,2611.66397534133,4298.45715856107,2165.19678879201,4744.92434511039
"2018-09-09 11:00:00",4273,4134.38497774315,3290.98838613326,4977.78156935303,2844.52119958394,5424.24875590236
"2018-09-09 12:00:00",3990,4504.72234177229,3661.3257501624,5348.11893338217,3214.85856361308,5794.5861199315
"2018-09-09 13:00:00",3993,4535.03287515241,3691.63628354252,5378.42946676231,3245.16909699319,5824.89665331164
"2018-09-09 14:00:00",3852,4315.43847602748,3472.04188441758,5158.83506763737,3025.57469786824,5605.30225418671
"2018-09-09 15:00:00",3888,4010.9490334992,3167.55244188929,4854.3456251091,2721.08525533996,5300.81281165844
"2018-09-09 16:00:00",4126,3778.16163742047,2934.76504581056,4621.55822903037,2488.29785926122,5068.02541557971
"2018-09-09 17:00:00",3959,3685.48986253444,2842.09327092453,4528.88645414435,2395.62608437519,4975.35364069369
"2018-09-09 18:00:00",3692,3677.42937334737,2834.03278173746,4520.82596495729,2387.56559518812,4967.29315150663
"2018-09-09 19:00:00",3258,3602.82361756201,2759.4270259521,4446.22020917193,2312.95983940275,4892.68739572127
"2018-09-09 20:00:00",2755,3295.7969326573,2452.40034104738,4139.19352426722,2005.93315449804,4585.66071081657
"2018-09-09 21:00:00",2140,2671.31419296727,1827.91760135734,3514.71078457719,1381.450414808,3961.17797112653
"2018-09-09 22:00:00",1534,1788.69518001532,945.298588405394,2632.09177162524,498.831401856047,3078.55895817459
"2018-09-09 23:00:00",996,850.325583205377,6.92899159545163,1693.7221748153,-439.538194953896,2140.18936136465
"2018-09-10 00:00:00",534,132.88856722863,-710.508024382776,976.285158840035,-1156.97521093291,1422.75234539017
"2018-09-10 01:00:00",303,-119.822505811303,-963.219097424031,723.574085801425,-1409.68628397486,1170.04127235226
"2018-09-10 02:00:00",286,204.690330491618,-638.706261121418,1048.08692210465,-1085.17344767241,1494.55410865565
"2018-09-10 03:00:00",329,1041.30403451436,197.907442901312,1884.7006261274,-248.559743649687,2331.1678126784
"2018-09-10 04:00:00",861,2172.45407936774,1329.05748775469,3015.85067098078,882.590301203688,3462.31785753179
"2018-09-10 05:00:00",2963,3312.1176519994,2468.72106038634,4155.51424361245,2022.25387383534,4601.98143016345
"2018-09-10 06:00:00",5721,4210.80197673901,3367.40538512593,5054.19856835208,2920.93819857491,5500.6657549031
"2018-09-10 07:00:00",6561,4736.90095479838,3893.5043631853,5580.29754641146,3447.03717663428,6026.76473296248
"2018-09-10 08:00:00",6009,4903.42145310345,4060.02486149036,5746.81804471654,3613.55767493934,6193.28523126756
"2018-09-10 09:00:00",5236,4835.44651012147,3992.04991850837,5678.84310173456,3545.58273195735,6125.31028828558
"2018-09-10 10:00:00",4201,4699.69277472439,3856.29618311129,5543.08936633748,3409.82899656026,5989.55655288851
"2018-09-10 11:00:00",4498,4631.02777374907,3787.63118213596,5474.42436536217,3341.16399558493,5920.8915519132
"2018-09-10 12:00:00",4724,4686.85023303335,3843.45364142025,5530.24682464646,3396.98645486922,5976.71401119749
"2018-09-10 13:00:00",4462,4842.69668805027,3999.30009643716,5686.09327966338,3552.83290988612,6132.56046621441
"2018-09-10 14:00:00",5016,5021.3979017887,4178.00131017558,5864.79449340181,3731.53412362455,6311.26167995284
"2018-09-10 15:00:00",5688,5134.35647466097,4290.95988304786,5977.75306627409,3844.49269649682,6424.22025282512
"2018-09-10 16:00:00",6344,5112.9499469577,4269.55335534459,5956.34653857082,3823.08616879355,6402.81372512186
"2018-09-10 17:00:00",5857,4919.06025354125,4075.66366192813,5762.45684515437,3629.1964753771,6208.92403170541
"2018-09-10 18:00:00",4245,4538.62307179953,3695.22648018641,5382.01966341265,3248.75929363537,5828.48684996369
"2018-09-10 19:00:00",3184,3971.91883685155,3128.52224523843,4815.31542846467,2682.05505868739,5261.78261501571
"2018-09-10 20:00:00",2732,3233.74402587151,2390.34743425839,4077.14061748464,1943.88024770735,4523.60780403568
"2018-09-10 21:00:00",2235,2366.68394482138,1523.28735320826,3210.08053643451,1076.82016665722,3656.54772298555
"2018-09-10 22:00:00",1389,1458.19808937561,614.801497762484,2301.59468098873,168.334311211443,2748.06186753977
"2018-09-10 23:00:00",887,645.225752933617,-198.170838679508,1488.62234454674,-644.638025230549,1935.08953109778
"2018-09-11 00:00:00",516,93.5722310604539,-749.824360553403,936.968822674311,-1196.29154710483,1383.43600922574
"2018-09-11 01:00:00",330,-47.8158177878248,-891.212409402336,795.580773826686,-1337.67959595411,1242.04796037846
"2018-09-11 02:00:00",265,297.738434476156,-545.658157138507,1141.13502609082,-992.125343690363,1587.60221264268
"2018-09-11 03:00:00",332,1094.11191531672,250.715323702054,1937.50850693139,-195.751862849804,2383.97569348325
"2018-09-11 04:00:00",891,2188.38140843248,1344.98481681781,3031.77800004714,898.517630265948,3478.245186599
"2018-09-11 05:00:00",3055,3350.48070220878,2507.08411059411,4193.87729382345,2060.61692404225,4640.34448037531
"2018-09-11 06:00:00",5927,4344.19686022426,3500.80026860958,5187.59345183894,3054.33308205771,5634.06063839081
"2018-09-11 07:00:00",6496,5002.27289305733,4158.87630144265,5845.66948467202,3712.40911489078,6292.13667122388
"2018-09-11 08:00:00",6123,5275.573628576,4432.17703696131,6118.97022019069,3985.70985040944,6565.43740674256
"2018-09-11 09:00:00",5471,5237.10938531888,4393.71279370419,6080.50597693357,3947.24560715232,6526.97316348544
"2018-09-11 10:00:00",4257,5041.14584228811,4197.74925067342,5884.5424339028,3751.28206412154,6331.00962045468
"2018-09-11 11:00:00",5074,4856.36425691204,4012.96766529734,5699.76084852673,3566.50047874547,6146.22803507861
"2018-09-11 12:00:00",4734,4801.46379617531,3958.06720456062,5644.86038779001,3511.60001800874,6091.32757434188
"2018-09-11 13:00:00",4875,4907.92771903205,4064.53112741735,5751.32431064675,3618.06394086547,6197.79149719862
"2018-09-11 14:00:00",4922,5120.56644771099,4277.16985609629,5963.96303932569,3830.70266954442,6410.43022587757
"2018-09-11 15:00:00",5636,5329.41262747986,4486.01603586515,6172.80921909456,4039.54884931328,6619.27640564643
"2018-09-11 16:00:00",6601,5414.84199302741,4571.4454014127,6258.23858464211,4124.97821486083,6704.70577119399
"2018-09-11 17:00:00",5859,5286.23427652035,4442.83768490564,6129.63086813505,3996.37049835377,6576.09805468693
"2018-09-11 18:00:00",4372,4902.2351966072,4058.83860499249,5745.6317882219,3612.37141844062,6192.09897477378
"2018-09-11 19:00:00",3427,4272.29152453914,3428.89493292444,5115.68811615385,2982.42774637256,5562.15530270572
"2018-09-11 20:00:00",3114,3447.78993910506,2604.39334749036,4291.18653071977,2157.92616093848,4737.65371727165
"2018-09-11 21:00:00",2501,2512.5039734712,1669.1073818565,3355.90056508591,1222.64019530462,3802.36775163779
"2018-09-11 22:00:00",1860,1576.61622083161,733.219629216903,2420.01281244632,286.752442665024,2866.47999899819
"2018-09-11 23:00:00",2682,770.827420906646,-72.5691707080612,1614.22401252135,-519.03635725994,2060.69119907323
"2018-09-12 00:00:00",750,232.83449069195,-610.562100923119,1076.23108230702,-1057.02928747519,1522.69826885909
"2018-09-12 01:00:00",344,81.143454022754,-762.253137592639,924.540045638147,-1208.72032414488,1371.00723219039
"2018-09-12 02:00:00",314,379.696904516786,-463.699687098683,1223.09349613225,-910.166873650964,1669.56068268454
"2018-09-12 03:00:00",371,1106.12655026108,262.729958645609,1949.52314187655,-183.737227906674,2395.99032842883
"2018-09-12 04:00:00",937,2140.35535641941,1296.95876480394,2983.75194803489,850.49157825166,3430.21913458717
"2018-09-12 05:00:00",3085,3285.17539166545,2441.77880004998,4128.57198328093,1995.3116134977,4575.03916983321
"2018-09-12 06:00:00",5908,4317.62229790598,3474.2257062905,5161.01888952146,3027.75851973821,5607.48607607374
"2018-09-12 07:00:00",6677,5055.26433914912,4211.86774753364,5898.6609307646,3765.40056098135,6345.12811731689
"2018-09-12 08:00:00",6297,5412.49165580364,4569.09506418816,6255.88824741912,4122.62787763587,6702.35543397141
"2018-09-12 09:00:00",5551,5423.69266040749,4580.29606879201,6267.08925202298,4133.82888223972,6713.55643857527
"2018-09-12 10:00:00",4499,5222.87328202443,4379.47669040895,6066.26987363991,3933.00950385666,6512.7370601922
"2018-09-12 11:00:00",4598,4987.28641728601,4143.88982567052,5830.68300890149,3697.42263911823,6277.15019545378
"2018-09-12 12:00:00",4759,4867.70651020399,4024.30991858851,5711.10310181948,3577.84273203622,6157.57028837177
"2018-09-12 13:00:00",4733,4933.10495348961,4089.70836187413,5776.5015451051,3643.24117532183,6222.96873165739
"2018-09-12 14:00:00",5056,5150.40983394755,4307.01324233206,5993.80642556304,3860.54605577977,6440.27361211533
"2018-09-12 15:00:00",5739,5404.39691734707,4561.00032573158,6247.79350896256,4114.53313917929,6694.26069551485
"2018-09-12 16:00:00",6450,5546.10761209034,4702.71102047486,6389.50420370583,4256.24383392256,6835.97139025812
"2018-09-12 17:00:00",6245,5448.1313023373,4604.73471072182,6291.52789395279,4158.26752416952,6737.99508050508
"2018-09-12 18:00:00",4668,5045.52277191091,4202.12618029542,5888.9193635264,3755.65899374313,6335.38655007869
"2018-09-12 19:00:00",3510,4350.6125687196,3507.21597710411,5194.00916033509,3060.74879055182,5640.47634688739
"2018-09-12 20:00:00",3064,3442.79969266771,2599.40310105222,4286.1962842832,2152.93591449993,4732.66347083549
"2018-09-12 21:00:00",2705,2443.89498095014,1600.49838933465,3287.29157256563,1154.03120278236,3733.75875911792
"2018-09-12 22:00:00",1813,1491.66899228439,648.272400668901,2335.06558389988,201.805214116608,2781.53277045217
"2018-09-12 23:00:00",2842,719.342471127303,-124.054120488187,1562.73906274279,-570.52130704048,2009.20624929509
"2018-09-13 00:00:00",699,241.179573937263,-602.217017678407,1084.57616555293,-1048.68420423079,1531.04335210532
"2018-09-13 01:00:00",413,139.428242892164,-703.968348723665,982.824834507994,-1150.43553527614,1429.29202106047
"2018-09-13 02:00:00",332,448.7437886339,-394.652802981967,1292.14038024977,-841.119989534459,1738.60756680226
"2018-09-13 03:00:00",383,1140.07158454268,296.674992926817,1983.46817615855,-149.792193625677,2429.93536271105
"2018-09-13 04:00:00",914,2112.36288947343,1268.96629785756,2955.75948108929,822.499111305064,3402.22666764179
"2018-09-13 05:00:00",3052,3202.37363633375,2358.97704471788,4045.77022794962,1912.50985816539,4492.23741450211
"2018-09-13 06:00:00",5830,4217.54146320426,3374.14487158838,5060.93805482013,2927.67768503589,5507.40524137262
"2018-09-13 07:00:00",6433,4986.23471129107,4142.83811967519,5829.63130290694,3696.3709331227,6276.09848945943
"2018-09-13 08:00:00",6162,5408.98133548576,4565.58474386988,6252.37792710163,4119.11755731739,6698.84511365413
"2018-09-13 09:00:00",5092,5489.85465723616,4646.45806562028,6333.25124885203,4199.99087906779,6779.71843540453
"2018-09-13 10:00:00",4584,5332.59369449766,4489.19710288178,6175.99028611353,4042.72991632928,6622.45747266603
"2018-09-13 11:00:00",4767,5099.78284061293,4256.38624899706,5943.17943222881,3809.91906244456,6389.64661878131
"2018-09-13 12:00:00",4851,4949.45983416343,4106.06324254755,5792.8564257793,3659.59605599505,6239.3236123318
"2018-09-13 13:00:00",4826,4974.11801692508,4130.7214253092,5817.51460854095,3684.2542387567,6263.98179509345
"2018-09-13 14:00:00",5014,5166.75041392964,4323.35382231377,6010.14700554552,3876.88663576127,6456.61419209802
"2018-09-13 15:00:00",5617,5427.13454609887,4583.73795448299,6270.53113771475,4137.2707679305,6716.99832426725
"2018-09-13 16:00:00",6514,5604.26075608251,4760.86416446663,6447.65734769839,4314.39697791414,6894.12453425089
"2018-09-13 17:00:00",5701,5555.83448837449,4712.43789675861,6399.23107999036,4265.97071020611,6845.69826654286
"2018-09-13 18:00:00",4443,5200.05009807136,4356.65350645548,6043.44668968724,3910.18631990299,6489.91387623974
"2018-09-13 19:00:00",3669,4540.56523950648,3697.1686478906,5383.96183112235,3250.7014613381,5830.42901767485
"2018-09-13 20:00:00",3282,3659.27454580516,2815.87795418928,4502.67113742104,2369.41076763678,4949.13832397354
"2018-09-13 21:00:00",2676,2685.82027111513,1842.42367949925,3529.21686273101,1395.95649294676,3975.68404928351
"2018-09-13 22:00:00",1921,1760.73847307724,917.341881461362,2604.13506469312,470.874694908863,3050.60225124561
"2018-09-13 23:00:00",1167,1007.48799902417,164.091407408295,1850.88459064005,-282.375779144203,2297.35177719255
"2018-09-14 00:00:00",603,519.555499935954,-323.841091680012,1362.95209155192,-770.308278232557,1809.41927810447
"2018-09-14 01:00:00",376,358.423769343266,-484.97282227278,1201.82036095931,-931.440008825367,1648.2875475119
"2018-09-14 02:00:00",333,552.789236208162,-290.607355407902,1396.18582782423,-737.074541960499,1842.65301437682
"2018-09-14 03:00:00",377,1092.00952088906,248.612929272995,1935.40611250512,-197.854257279603,2381.87329905772
"2018-09-14 04:00:00",892,1915.20093757001,1071.80434595394,2758.59752918607,625.337159401345,3205.06471573867
"2018-09-14 05:00:00",2899,2905.77398985241,2062.37739823634,3749.17058146847,1615.91021168374,4195.63776802107
"2018-09-14 06:00:00",5569,3903.3276759782,3059.93108436213,4746.72426759427,2613.46389780953,5193.19145414686
"2018-09-14 07:00:00",6728,4738.09562856103,3894.69903694496,5581.49222017709,3448.23185039236,6027.95940672969
"2018-09-14 08:00:00",5934,5280.42303841887,4437.0264468028,6123.81963003494,3990.55926025021,6570.28681658754
"2018-09-14 09:00:00",5025,5486.08070403472,4642.68411241865,6329.47729565079,4196.21692586605,6775.94448220339
"2018-09-14 10:00:00",4566,5415.03541416996,4571.6388225539,6258.43200578603,4125.1716360013,6704.89919233863
"2018-09-14 11:00:00",4836,5210.00739765152,4366.61080603545,6053.40398926759,3920.14361948285,6499.87117582018
"2018-09-14 12:00:00",5019,5038.80408465797,4195.4074930419,5882.20067627404,3748.9403064893,6328.66786282664
"2018-09-14 13:00:00",4830,5022.67610672415,4179.27951510808,5866.07269834022,3732.81232855548,6312.53988489281
"2018-09-14 14:00:00",5231,5182.15184592869,4338.75525431262,6025.54843754475,3892.28806776002,6472.01562409735
"2018-09-14 15:00:00",5953,5426.21467279258,4582.81808117651,6269.61126440865,4136.35089462391,6716.07845096124
"2018-09-14 16:00:00",6196,5591.83545676766,4748.43886515159,6435.23204838373,4301.97167859899,6881.69923493633
"2018-09-14 17:00:00",5358,5517.33069077433,4673.93409915826,6360.7272823904,4227.46691260567,6807.194468943
"2018-09-14 18:00:00",4687,5116.33171326406,4272.93512164799,5959.72830488013,3826.46793509539,6406.19549143273
"2018-09-14 19:00:00",3880,4418.03454763012,3574.63795601405,5261.43113924619,3128.17076946145,5707.89832579879
"2018-09-14 20:00:00",3329,3555.03320031392,2711.63660869785,4398.42979192999,2265.16942214525,4844.89697848259
"2018-09-14 21:00:00",3169,2705.13375055039,1861.73715893432,3548.53034216646,1415.26997238172,3994.99752871906
"2018-09-14 22:00:00",2810,2015.80307974799,1172.40648813193,2859.19967136406,725.939301579325,3305.66685791666
"2018-09-14 23:00:00",2024,1548.09446936739,704.697877751325,2391.49106098346,258.230691198725,2837.95824753606
"2018-09-15 00:00:00",1179,1266.71969414334,423.323102527223,2110.11628575945,-23.1440840254004,2556.58347231207
"2018-09-15 01:00:00",808,1079.34210207726,235.945510461112,1922.73869369342,-210.521676091532,2369.20588024606
"2018-09-15 02:00:00",584,903.017189642655,59.620598026493,1746.41378125882,-386.846588526156,2192.88096781146
"2018-09-15 03:00:00",428,721.851554284069,-121.545037332093,1565.24814590023,-568.012223884742,2011.71533245288
"2018-09-15 04:00:00",502,604.569350138565,-238.827241477597,1447.96594175473,-685.294428030246,1894.43312830738
"2018-09-15 05:00:00",871,671.568211133653,-171.828380482509,1514.96480274982,-618.295567035158,1961.43198930246
"2018-09-15 06:00:00",1469,1027.61248787697,184.215896260806,1871.00907949313,-262.251290291844,2317.47626604578
"2018-09-15 07:00:00",2117,1694.88249009249,851.485898476323,2538.27908170865,405.018711923673,2984.7462682613
"2018-09-15 08:00:00",3442,2581.99763919288,1738.60104757672,3425.39423080905,1292.13386102407,3871.8614173617
"2018-09-15 09:00:00",3999,3507.14609347113,2663.74950185497,4350.54268508729,2217.28231530232,4797.00987163994
"2018-09-15 10:00:00",4448,4266.34526197676,3422.94867036059,5109.74185359292,2976.48148380794,5556.20904014557
"2018-09-15 11:00:00",4772,4714.87781802647,3871.48122641031,5558.27440964264,3425.01403985766,6004.74159619528
"2018-09-15 12:00:00",4990,4822.8576343703,3979.46104275414,5666.25422598647,3532.99385620149,6112.72141253912
"2018-09-15 13:00:00",4848,4678.37588323314,3834.97929161697,5521.7724748493,3388.51210506432,5968.23966140195
"2018-09-15 14:00:00",4343,4437.46127388311,3594.06468226695,5280.85786549928,3147.5974957143,5727.32505205193
"2018-09-15 15:00:00",4296,4246.1043804613,3402.70778884514,5089.50097207747,2956.24060229249,5535.96815863012
"2018-09-15 16:00:00",4219,4172.71921550793,3329.32262389177,5016.1158071241,2882.85543733912,5462.58299367675
"2018-09-15 17:00:00",3953,4183.17403073744,3339.77743912128,5026.5706223536,2893.31025256863,5473.03780890625
"2018-09-15 18:00:00",3826,4168.3706067096,3324.97401509344,5011.76719832577,2878.50682854079,5458.23438487841
"2018-09-15 19:00:00",3455,4007.83101579711,3164.43442418095,4851.22760741328,2717.9672376283,5297.69479396593
"2018-09-15 20:00:00",3208,3635.45270823672,2792.05611662056,4478.84929985289,2345.58893006791,4925.31648640554
"2018-09-15 21:00:00",3055,3074.12067905691,2230.72408744074,3917.51727067307,1784.25690088809,4363.98445722572
"2018-09-15 22:00:00",2741,2423.47240332418,1580.07581170801,3266.86899494034,1133.60862515536,3713.33618149299
"2018-09-15 23:00:00",2123,1810.16938526394,966.772793647776,2653.5659768801,520.305607095126,3100.03316343275
"2018-09-16 00:00:00",1353,1329.2337390724,485.837147456219,2172.63033068859,39.3699609035571,2619.09751724125
"2018-09-16 01:00:00",786,1008.35622506055,164.959633444349,1851.75281667676,-281.507553108323,2298.22000322943
"2018-09-16 02:00:00",607,813.13909846259,-30.2574931536197,1656.5356900788,-476.724679706294,2103.00287663147
"2018-09-16 03:00:00",401,687.827898301446,-155.568693314764,1531.22448991766,-602.035879867438,1977.69167647033
"2018-09-16 04:00:00",313,606.032321530808,-237.364270085402,1449.42891314702,-683.831456638077,1895.89609969969
"2018-09-16 05:00:00",467,600.223578373215,-243.173013242995,1443.62016998943,-689.64019979567,1890.0873565421
"2018-09-16 06:00:00",850,750.653188804772,-92.743402811438,1594.04978042098,-539.210589364113,2040.51696697366
"2018-09-16 07:00:00",1302,1137.43993000389,294.043338387678,1980.8365216201,-152.423848164996,2427.30370817277
"2018-09-16 08:00:00",2090,1781.38494904045,937.988357424244,2624.78154065667,491.521170871569,3071.24872720934
"2018-09-16 09:00:00",3039,2607.4904636843,1764.09387206809,3450.88705530051,1317.62668551542,3897.35424185319
"2018-09-16 10:00:00",3278,3455.05980174846,2611.66321013224,4298.45639336467,2165.19602357957,4744.92357991734
"2018-09-16 11:00:00",4352,4134.38553660273,3290.98894498652,4977.78212821894,2844.52175843385,5424.24931477162
"2018-09-16 12:00:00",3978,4504.7230636771,3661.32647206089,5348.11965529331,3214.85928550822,5794.58684184599
"2018-09-16 13:00:00",3935,4535.03311125078,3691.63651963457,5378.42970286699,3245.1693330819,5824.89688941967
"2018-09-16 14:00:00",3829,4315.43818283432,3472.04159121811,5158.83477445053,3025.57440466543,5605.3019610032
"2018-09-16 15:00:00",4101,4010.94700156333,3167.55040994712,4854.34359317954,2721.08322339444,5300.81077973222
"2018-09-16 16:00:00",4539,3778.15829083604,2934.76169921983,4621.55488245225,2488.29451266715,5068.02206900492
"2018-09-16 17:00:00",4154,3685.48701979447,2842.09042817826,4528.88361141068,2395.62324162558,4975.35079796335
"2018-09-16 18:00:00",3701,3677.42777555115,2834.03118393494,4520.82436716736,2387.56399738227,4967.29155372004
"2018-09-16 19:00:00",3400,3602.82388684524,2759.42729522903,4446.22047846146,2312.96010867636,4892.68766501413
"2018-09-16 20:00:00",3092,3295.79736127026,2452.40076965405,4139.19395288647,2005.93358310137,4585.66113943914
"2018-09-16 21:00:00",2623,2671.31416497473,1827.91757335852,3514.71075659094,1381.45038680584,3961.17794314362
"2018-09-16 22:00:00",1725,1788.69415228164,945.297560665426,2632.09074389785,498.830374112751,3078.55793045052
"2018-09-16 23:00:00",1088,850.323262590191,6.92667097397975,1693.7198542064,-439.540515578695,2140.18704075908
"2018-09-17 00:00:00",550,132.887166408396,-710.509425207826,976.283758024617,-1156.97661176051,1422.7509445773
"2018-09-17 01:00:00",280,-119.8226537848,-963.219245401032,723.573937831431,-1409.68643195372,1170.04112438412
"2018-09-17 02:00:00",260,204.690609205862,-638.705982410371,1048.0872008221,-1085.17316896306,1494.55438737478
"2018-09-17 03:00:00",344,1041.30490689734,197.908315281108,1884.70149851358,-248.558871271579,2331.16868506626
"2018-09-17 04:00:00",880,2172.45464975476,1329.05805813852,3015.85124137099,882.590871585835,3462.31842792368
"2018-09-17 05:00:00",2965,3312.11757046803,2468.72097885179,4155.51416208426,2022.2537922991,4601.98134863695
"2018-09-17 06:00:00",5667,4210.80123359618,3367.40464197995,5054.19782521242,2920.93745542726,5500.6650117651
"2018-09-17 07:00:00",6533,4736.90084114819,3893.50424953196,5580.29743276443,3447.03706297927,6026.76461931711
"2018-09-17 08:00:00",6070,4903.42130943555,4060.02471781931,5746.81790105178,3613.55753126663,6193.28508760447
"2018-09-17 09:00:00",5145,4835.44557809898,3992.04898648275,5678.84216971522,3545.58179993006,6125.3093562679
"2018-09-17 10:00:00",4201,4699.69223649186,3856.29564487562,5543.08882810809,3409.82845832294,5989.55601466078
"2018-09-17 11:00:00",4371,4631.02816684267,3787.63157522644,5474.4247584589,3341.16438867375,5920.89194501159
"2018-09-17 12:00:00",4533,4686.85074081226,3843.45414919603,5530.24733242849,3396.98696264334,5976.71451898118
"2018-09-17 13:00:00",4680,4842.69685411742,3999.30026250118,5686.09344573365,3552.8330759485,6132.56063228634
"2018-09-17 14:00:00",4930,5021.39769556063,4178.00110394439,5864.79428717686,3731.53391739171,6311.26147372955
"2018-09-17 15:00:00",5327,5134.35504542602,4290.95845380979,5977.75163704225,3844.4912672571,6424.21882359494
"2018-09-17 16:00:00",6354,5112.94759301472,4269.55100139849,5956.34418463096,3823.0838148458,6402.81137118364
"2018-09-17 17:00:00",5412,4919.05825399752,4075.66166238129,5762.45484561376,3629.1944758286,6208.92203216644
"2018-09-17 18:00:00",4000,4538.62194792787,3695.22535631164,5382.01853954411,3248.75816975895,5828.48572609679
"2018-09-17 19:00:00",2897,3971.91902626105,3128.52243464482,4815.31561787728,2682.05524809213,5261.78280442997
"2018-09-17 20:00:00",2466,3233.74432735907,2390.34773574283,4077.1409189753,1943.88054919015,4523.60810552799
"2018-09-17 21:00:00",2090,2366.68392513217,1523.28733351594,3210.08051674841,1076.82014696325,3656.54770330109
"2018-09-17 22:00:00",1434,1458.19736648238,614.800774866149,2301.59395809862,168.333588313462,2748.0611446513
"2018-09-17 23:00:00",869,645.224120645316,-198.172470970918,1488.62071226155,-644.639657523605,1935.08789881424
"2018-09-18 00:00:00",536,93.5712457395186,-749.825345876721,936.967837355758,-1196.29253242941,1383.43502390845
"2018-09-18 01:00:00",351,-47.8159218692642,-891.212513485508,795.58066974698,-1337.6797000382,1242.04785629967
"2018-09-18 02:00:00",227,297.738630519143,-545.657961097102,1141.13522213539,-992.125147649795,1587.60240868808
"2018-09-18 03:00:00",340,1094.11252893707,250.715937320825,1937.50912055332,-195.751249231868,2383.97630710601
"2018-09-18 04:00:00",858,2188.3818096389,1344.98521802266,3031.77840125515,898.518031469966,3478.24558780784
"2018-09-18 05:00:00",3027,3350.48064485858,2507.08405324234,4193.87723647483,2060.61686668965,4640.34442302752
"2018-09-18 06:00:00",5642,4344.19633750647,3500.79974589022,5187.59292912271,3054.33255933753,5634.06011567541
"2018-09-18 07:00:00",6516,5002.27281311867,4158.87622150242,5845.66940473491,3712.40903494973,6292.13659128761
"2018-09-18 08:00:00",5873,5275.57352752045,4432.17693590421,6118.9701191367,3985.70974935151,6565.43730568939
"2018-09-18 09:00:00",5123,5237.10872974726,4393.71213813101,6080.5053213635,3947.24495157832,6526.9725079162
"2018-09-18 10:00:00",4527,5041.14546370286,4197.74887208662,5884.54205531911,3751.28168553393,6331.0092418718
"2018-09-18 11:00:00",4593,4856.36453340888,4012.96794179264,5699.76112502513,3566.50075523994,6146.22831157782
"2018-09-18 12:00:00",4725,4801.46415333862,3958.06756172238,5644.86074495487,3511.60037516968,6091.32793150756
"2018-09-18 13:00:00",4737,4907.92783584156,4064.53124422531,5751.3244274578,3618.06405767262,6197.7916140105
"2018-09-18 14:00:00",4931,5120.56630265271,4277.16971103647,5963.96289426896,3830.70252448378,6410.43008082165
"2018-09-18 15:00:00",5623,5329.41162217473,4486.01503055849,6172.80821379098,4039.54784400579,6619.27540034367
"2018-09-18 16:00:00",6623,5414.84033729695,4571.44374568071,6258.2369289132,4124.97655912801,6704.70411546589
"2018-09-18 17:00:00",5916,5286.23287006831,4442.83627845207,6129.62946168456,3996.36909189937,6576.09664823725
"2018-09-18 18:00:00",4423,4902.23440609192,4058.83781447567,5745.63099770816,3612.37062792298,6192.09818426086
"2018-09-18 19:00:00",3309,4272.29165776822,3428.89506615197,5115.68824938446,2982.42787959928,5562.15543593716
"2018-09-18 20:00:00",2805,3447.79015116261,2604.39355954637,4291.18674277886,2157.92637299367,4737.65392933155
"2018-09-18 21:00:00",2400,2512.50395962238,1669.10736800613,3355.90055123863,1222.64018145344,3802.36773779132
"2018-09-18 22:00:00",2631,1576.61571236075,733.2191207445,2420.01230397699,286.751934191807,2866.47949052968
"2018-09-18 23:00:00",1501,770.826272777087,-72.5703188391585,1614.22286439333,-519.037505391852,2060.69005094603
"2018-09-19 00:00:00",617,232.833797633313,-610.562793982935,1076.23038924956,-1057.02998053563,1522.69757580226
"2018-09-19 01:00:00",401,81.1433808124174,-762.253210803833,924.539972428668,-1208.72039735653,1371.00715898136
"2018-09-19 02:00:00",282,379.697042411884,-463.699549204368,1223.09363402813,-910.166735757064,1669.56082058083
"2018-09-19 03:00:00",358,1106.12698187465,262.730390258395,1949.5235734909,-183.736796294301,2395.99076004359
"2018-09-19 04:00:00",913,2140.35563862234,1296.95904700609,2983.75223023859,850.491860453394,3430.21941679129
"2018-09-19 05:00:00",3074,3285.175351322,2441.77875970575,4128.57194293826,1995.31157315306,4575.03912949095
"2018-09-19 06:00:00",5803,4317.62193023414,3474.22533861789,5161.01852185039,3027.75815206519,5607.48570840308
"2018-09-19 07:00:00",6510,5055.26428292354,4211.86769130729,5898.66087453979,3765.40050475459,6345.12806109249
"2018-09-19 08:00:00",6101,5412.4915847217,4569.09499310545,6255.88817633795,4122.62780655275,6702.35536289065
"2018-09-19 09:00:00",5331,5423.69219928724,4580.29560767099,6267.08879090349,4133.82842111829,6713.55597745619
"2018-09-19 10:00:00",4266,5222.87301573383,4379.47642411758,6066.26960735008,3933.00923756488,6512.73679390278
"2018-09-19 11:00:00",4567,4987.28661177007,4143.89002015382,5830.68320338632,3697.42283360112,6277.15038993902
"2018-09-19 12:00:00",4734,4867.70676142843,4024.31016981218,5711.10335304468,3577.84298325948,6157.57053959738
"2018-09-19 13:00:00",4675,4933.1050356527,4089.70844403645,5776.50162726895,3643.24125748375,6222.96881382165
"2018-09-19 14:00:00",4980,5150.40973191516,4307.01314029891,5993.80632353141,3860.54595374621,6440.27351008411
"2018-09-19 15:00:00",5718,5404.39621022943,4560.99961861318,6247.79280184568,4114.53243206048,6694.25998839838
"2018-09-19 16:00:00",6382,5546.10644747285,4702.7098558566,6389.5030390891,4256.24266930391,6835.9702256418
"2018-09-19 17:00:00",5647,5448.13031305805,4604.7337214418,6291.5269046743,4158.2665348891,6737.994091227
"2018-09-19 18:00:00",4469,5045.52221587407,4202.12562425782,5888.91880749032,3755.65843770512,6335.38599404302
"2018-09-19 19:00:00",3460,4350.6126624294,3507.21607081315,5194.00925404565,3060.74888426045,5640.47644059835
"2018-09-19 20:00:00",2865,3442.79984182614,2599.40325020989,4286.19643344239,2152.93606365719,4732.66361999509
"2018-09-19 21:00:00",2576,2443.8949712137,1600.49837959745,3287.29156282995,1154.03119304476,3733.75874938265
"2018-09-19 22:00:00",1693,1491.66863463039,648.272043014143,2335.06522624665,201.804856461447,2781.53241279934
"2018-09-19 23:00:00",994,719.34166354708,-124.054928069172,1562.73825516333,-570.522114621868,2009.20544171603
"2018-09-20 00:00:00",583,241.179086449525,-602.217505166728,1084.57567806578,-1048.68469171942,1531.04286461847
"2018-09-20 01:00:00",349,139.42819139837,-703.968400217884,982.824783014624,-1150.43558677058,1429.29196956732
"2018-09-20 02:00:00",265,448.743885626443,-394.652705989811,1292.1404772427,-841.119892542509,1738.60766379539
"2018-09-20 03:00:00",344,1140.0718881329,296.675296516649,1983.46847974916,-149.791890036048,2429.93566630186
"2018-09-20 04:00:00",914,2112.36308797147,1268.96649635522,2955.75967958773,822.499309802521,3402.22686614042
"2018-09-20 05:00:00",2924,3202.37360796315,2358.9770163469,4045.77019957941,1912.5098297942,4492.2373861321
"2018-09-20 06:00:00",5417,4217.54120458969,3374.14461297344,5060.93779620594,2927.67742642074,5507.40498275864
"2018-09-20 07:00:00",5766,4986.23467174117,4142.83808012492,5829.63126335742,3696.37089357222,6276.09844991012
"2018-09-20 08:00:00",5331,5408.98128548854,4565.58469387229,6252.37787710479,4119.11750731959,6698.84506365749
"2018-09-20 09:00:00",5264,5489.85433289172,4646.45774127547,6333.25092450797,4199.99055472277,6779.71811106067
"2018-09-20 10:00:00",4326,5332.59350719059,4489.19691557434,6175.99009880684,4042.72972902164,6622.45728535954
"2018-09-20 11:00:00",4592,5099.78297741053,4256.38638579428,5943.17956902678,3809.91919924158,6389.64675557948
"2018-09-20 12:00:00",4695,4949.460010872,4106.06341925575,5792.85660248826,3659.59623270305,6239.32378904095
"2018-09-20 13:00:00",4459,4974.11807471763,4130.72148310138,5817.51466633389,3684.25429654868,6263.98185288659
"2018-09-20 14:00:00",4517,5166.75034216192,4323.35375054567,6010.14693377818,3876.88656399297,6456.61412033088
"2018-09-20 15:00:00",5257,5427.13404872222,4583.73745710597,6270.53064033848,4137.27027055327,6716.99782689117
"2018-09-20 16:00:00",6331,5604.25993690609,4760.86334528984,6447.65652852235,4314.39615873714,6894.12371507504
"2018-09-20 17:00:00",5065,5555.8337925288,4712.43720091255,6399.23038414506,4265.97001435985,6845.69757069775
"2018-09-20 18:00:00",3898,5200.04970696118,4356.65311534492,6043.44629857743,3910.18592879223,6489.91348513013
"2018-09-20 19:00:00",2957,4540.56530542219,3697.16871380593,5383.96189703844,3250.70152725323,5830.42908359114
"2018-09-20 20:00:00",2740,3659.27465072127,2815.87805910502,4502.67124233752,2369.41087255232,4949.13842889022
"2018-09-20 21:00:00",3497,2685.82026426023,1842.42367264398,3529.21685587649,1395.95648609128,3975.68404242918
"2018-09-20 22:00:00",2356,1760.73822150839,917.341629892136,2604.13481312464,470.874443339439,3050.60199967734
"2018-09-20 23:00:00",1633,1007.4874309896,164.090839373349,1850.88402260586,-282.376347179348,2297.35120915856
"2018-09-21 00:00:00",698,519.555157044082,-323.841434572173,1362.95174866034,-770.30862112487,1809.41893521303
"2018-09-21 01:00:00",407,358.423733121854,-484.972858494401,1201.82032473811,-931.4400450471,1648.28751129081
"2018-09-21 02:00:00",304,552.78930442975,-290.607287186505,1396.18589604601,-737.074473739203,1842.6530825987
"2018-09-21 03:00:00",377,1092.00973443352,248.613142817262,1935.40632604977,-197.854043735436,2381.87351260247
"2018-09-21 04:00:00",867,1915.20107719071,1071.80448557445,2758.59766880696,625.337299021754,3205.06485535966
"2018-09-21 05:00:00",2919,2905.77396988836,2062.3773782721,3749.17056150461,1615.9101917194,4195.63774805731
"2018-09-21 06:00:00",5457,3903.32749407042,3059.93090245416,4746.72408568668,2613.46371590147,5193.19127223937
"2018-09-21 07:00:00",6539,4738.09560074426,3894.699009128,5581.49219236051,3448.2318225753,6027.95937891321
"2018-09-21 08:00:00",5653,5280.42300325195,4437.02641163569,6123.8195948682,3990.55922508299,6570.2867814209
"2018-09-21 09:00:00",4981,5486.08047589458,4642.68388427833,6329.47706751084,4196.21669772563,6775.94425406354
"2018-09-21 10:00:00",4548,5415.03528242107,4571.63869080482,6258.43187403733,4125.17150425212,6704.89906059003
"2018-09-21 11:00:00",4937,5210.00749387331,4366.61090225705,6053.40408548956,3920.14371570435,6499.87127204226
"2018-09-21 12:00:00",5039,5038.8042089523,4195.40761733604,5882.20080056855,3748.94043078334,6328.66798712125
"2018-09-21 13:00:00",4901,5022.67614737524,4179.27955575899,5866.0727389915,3732.81236920629,6312.5399255442
"2018-09-21 14:00:00",5185,5182.15179544859,4338.75520383233,6025.54838706484,3892.28801727963,6472.01557361754
"2018-09-21 15:00:00",5973,5426.21432294402,4582.81773132777,6269.61091456028,4136.35054477507,6716.07810111298
"2018-09-21 16:00:00",6007,5591.83488057002,4748.43828895376,6435.23147218627,4301.97110240106,6881.69865873897
"2018-09-21 17:00:00",5489,5517.33020132604,4673.93360970978,6360.72679294229,4227.46642315708,6807.19397949499
"2018-09-21 18:00:00",4607,5116.3314381647,4272.93484654844,5959.72802978095,3826.46765999574,6406.19521633365
"2018-09-21 19:00:00",3958,4418.03459399082,3574.63800237457,5261.43118560708,3128.17081582187,5707.89837215978
"2018-09-21 20:00:00",3255,3555.03327410982,2711.63668249357,4398.42986572608,2265.16949594087,4844.89705227877
"2018-09-21 21:00:00",2931,2705.13374572981,1861.73715411355,3548.53033734607,1415.26996756086,3994.99752389876
"2018-09-21 22:00:00",2570,2015.80290279798,1172.40631118173,2859.19949441424,725.939124629027,3305.66668096694
"2018-09-21 23:00:00",2179,1548.09406981672,704.697478200462,2391.49066143297,258.230291647764,2837.95784798567
"2018-09-22 00:00:00",1516,1266.71945295737,423.32286134111,2110.11604457362,-23.1443252115887,2556.58323112632
"2018-09-22 01:00:00",1273,1079.34207660009,235.945484983834,1922.73866821635,-210.521701568865,2369.20585476905
"2018-09-22 02:00:00",1207,903.017237630015,59.6206460137583,1746.41382924627,-386.84654053894,2192.88101579897
"2018-09-22 03:00:00",611,721.851704487555,-121.544887128702,1565.24829610381,-568.012073681401,2011.71548265651
"2018-09-22 04:00:00",647,604.569448344862,-238.827143271394,1447.96603996112,-685.294329824093,1894.43322651382
"2018-09-22 05:00:00",960,671.568197098206,-171.82839451805,1514.96478871446,-618.295581070749,1961.43197526716
"2018-09-22 06:00:00",1635,1027.61235992673,184.215768310476,1871.00895154299,-262.251418242223,2317.47613809569
"2018-09-22 07:00:00",2445,1694.88247052282,851.485878906564,2538.27906213908,405.018692353866,2984.74624869178
"2018-09-22 08:00:00",3415,2581.99761445709,1738.60102284083,3425.39420607334,1292.13383628813,3871.86139262604
"2018-09-22 09:00:00",3770,3507.14593300047,2663.74934138421,4350.54252461672,2217.28215483151,4797.00971116942
"2018-09-22 10:00:00",4308,4266.34516930649,3422.94857769024,5109.74176092275,2976.48139113754,5556.20894747545
"2018-09-22 11:00:00",4638,4714.87788570741,3871.48129409115,5558.27447732367,3425.01410753846,6004.74166387637
"2018-09-22 12:00:00",4831,4822.85772179682,3979.46113018057,5666.25431341308,3532.99394362787,6112.72149996578
"2018-09-22 13:00:00",4565,4678.37591182619,3834.97932020993,5521.77250344244,3388.51213365723,5968.23968999514
"2018-09-22 14:00:00",4654,4437.46123837566,3594.0646467594,5280.85782999192,3147.59746020671,5727.32501654462
"2018-09-22 15:00:00",4589,4246.10413438439,3402.70754276813,5089.50072600064,2956.24035621543,5535.96791255334
"2018-09-22 16:00:00",4582,4172.71881021773,3329.32221860148,5016.11540183399,2882.85503204878,5462.58258838669
"2018-09-22 17:00:00",4847,4183.17368646652,3339.77709485026,5026.57027808277,2893.30990829756,5473.03746463547
"2018-09-22 18:00:00",4620,4168.37041320714,3324.97382159089,5011.7670048234,2878.50663503819,5458.2341913761
"2018-09-22 19:00:00",4347,4007.83104840882,3164.43445679256,4851.22764002508,2717.96727023987,5297.69482657778
"2018-09-22 20:00:00",3602,3635.452760146,2792.05616852974,4478.84935176226,2345.58898197704,4925.31653831496
"2018-09-22 21:00:00",2985,3074.12067566718,2230.72408405092,3917.51726728343,1784.25689749822,4363.98445383613
"2018-09-22 22:00:00",2480,2423.47227886022,1580.07568724396,3266.86887047647,1133.60850069126,3713.33605702917
"2018-09-22 23:00:00",1871,1810.16910422452,966.772512608259,2653.56569584077,520.30532605556,3100.03288239347
"2018-09-23 00:00:00",1249,1329.23356942503,485.83697780877,2172.63016104128,39.369791256071,2619.09734759398
"2018-09-23 01:00:00",690,1008.35620713991,164.959615523654,1851.75279875617,-281.507571029045,2298.21998530887
"2018-09-23 02:00:00",565,813.139132217839,-30.2574593984176,1656.5357238341,-476.724645951116,2103.00291038679
"2018-09-23 03:00:00",319,687.82800394967,-155.568587666587,1531.22459556593,-602.035774219286,1977.69178211863
"2018-09-23 04:00:00",339,606.032390609077,-237.36420100718,1449.42898222533,-683.831387559879,1895.89616877803
"2018-09-23 05:00:00",514,600.223568499899,-243.173023116358,1443.62016011616,-689.640209669057,1890.08734666885
"2018-09-23 06:00:00",910,750.653098803317,-92.74349281294,1594.04969041957,-539.210679365639,2040.51687697227
"2018-09-23 07:00:00",1402,1137.4399162403,294.043324624045,1980.83650785656,-152.423861928653,2427.30369440926
"2018-09-23 08:00:00",2203,1781.38493164176,937.988340025503,2624.78152325802,491.521153472804,3071.24870981071
"2018-09-23 09:00:00",3562,2607.49035081221,1764.09375919595,3450.88694242846,1317.62657264325,3897.35412898116
"2018-09-23 10:00:00",4594,3455.05973656591,2611.66314494965,4298.45632818217,2165.19595839696,4744.92351473487
"2018-09-23 11:00:00",4252,4134.38558420855,3290.9889925923,4977.78217582481,2844.5218060396,5424.24936237751
"2018-09-23 12:00:00",3945,4504.72312517108,3661.32653355483,5348.11971678734,3214.85934700213,5794.58690334004
"2018-09-23 13:00:00",4107,4535.03313136341,3691.63653974716,5378.42972297967,3245.16935319446,5824.89690953237
"2018-09-23 14:00:00",4091,4315.43815785872,3472.04156624246,5158.83474947497,3025.57437968976,5605.30193602767
"2018-09-23 15:00:00",4195,4010.94682847589,3167.55023685964,4854.34342009215,2721.08305030694,5300.81060664485
"2018-09-23 16:00:00",4413,3778.15800576096,2934.7614141447,4621.55459737722,2488.294227592,5068.02178392991
"2018-09-23 17:00:00",4117,3685.48677763977,2842.09018602351,4528.88336925602,2395.62299947081,4975.35055580872
"2018-09-23 18:00:00",3997,3677.4276394422,2834.03104782594,4520.82423105846,2387.56386127324,4967.29141761116
"2018-09-23 19:00:00",3516,3602.82390978482,2759.42731816856,4446.22050140108,2312.96013161586,4892.68768795377
"2018-09-23 20:00:00",2846,3295.79739778004,2452.40080616379,4139.1939893963,2005.93361961109,4585.661175949
"2018-09-23 21:00:00",2346,2671.31416258989,1827.91757097363,3514.71075420614,1381.45038442093,3961.17794075884
"2018-09-23 22:00:00",1635,1788.69406474099,945.297473124733,2632.09065635725,498.830286572035,3078.55784290995
"2018-09-23 23:00:00",934,850.323064910854,6.92647329459726,1693.71965652711,-439.540713258102,2140.18684307981
"2018-09-24 00:00:00",509,132.887047079337,-710.50954453692,976.283638695594,-1156.97673108962,1422.75082524829
"2018-09-24 01:00:00",344,-119.822666389187,-963.219258005444,723.57392522707,-1409.68644455814,1170.04111177977
"2018-09-24 02:00:00",219,204.69063294777,-638.705958668487,1048.08722456403,-1085.17314522119,1494.55441111673
"2018-09-24 03:00:00",328,1041.30498121042,197.908389594159,1884.70157282667,-248.55879695854,2331.16875937937
"2018-09-24 04:00:00",888,2172.45469834676,1329.0581067305,3015.85128996302,882.590920177802,3462.31847651571
"2018-09-24 05:00:00",2954,3312.11756352028,2468.72097190403,4155.51415513654,2022.25378535133,4601.98134168924
"2018-09-24 06:00:00",5747,4210.80117029514,3367.40457867888,5054.19776191139,2920.93739212618,5500.66494846409
"2018-09-24 07:00:00",6591,4736.90083146731,3893.50423985105,5580.29742308356,3447.03705329835,6026.76460963626
"2018-09-24 08:00:00",5900,4903.42129719444,4060.02470557819,5746.8178888107,3613.55751902549,6193.2850753634
"2018-09-24 09:00:00",4936,4835.44549870595,3992.0489070897,5678.84209032221,3545.581720537,6125.30927687491
"2018-09-24 10:00:00",4351,4699.69219064259,3856.29559902633,5543.08878225885,3409.82841247363,5989.55596881155
"2018-09-24 11:00:00",4468,4631.02820032758,3787.63160871133,5474.42479194384,3341.16442215863,5920.89197849654
"2018-09-24 12:00:00",4531,4686.85078406623,3843.45419244997,5530.24737568248,3396.98700589727,5976.71456223518
"2018-09-24 13:00:00",4433,4842.69686826595,3999.30027664969,5686.09345988221,3552.83309009699,6132.5606464349
"2018-09-24 14:00:00",4816,5021.39767799341,4178.00108637715,5864.79426960966,3731.53389982445,6311.26145616236
"2018-09-24 15:00:00",5443,5134.35492367753,4290.95833206127,5977.75151529378,3844.49114550857,6424.21870184648
"2018-09-24 16:00:00",6307,5112.94739249738,4269.55080088113,5956.34398411364,3823.08361432843,6402.81117066634
"2018-09-24 17:00:00",5562,4919.05808366953,4075.66149205327,5762.45467528579,3629.19430550057,6208.92186183849
"2018-09-24 18:00:00",4167,4538.62185219502,3695.22526057877,5382.01844381128,3248.75807402607,5828.48563036398
"2018-09-24 19:00:00",3253,3971.91904239498,3128.52245077873,4815.31563401124,2682.05526422603,5261.78282056394
"2018-09-24 20:00:00",2559,3233.74435303993,2390.34776142368,4077.14094465619,1943.88057487098,4523.60813120889
"2018-09-24 21:00:00",2084,2366.68392345748,1523.28733184122,3210.08051507374,1076.82014528852,3656.54770162643
"2018-09-24 22:00:00",1392,1458.1973049007,614.800713284441,2301.59389651695,168.333526731742,2748.06108306965
"2018-09-24 23:00:00",826,645.223981599714,-198.172610016543,1488.62057321597,-644.639796569242,1935.08775976867
"2018-09-25 00:00:00",527,93.5711618104646,-749.825429805792,936.967753426721,-1196.29261635849,1383.43493997942
"2018-09-25 01:00:00",302,-47.8159307344338,-891.212522350691,795.580660881823,-1337.67970890339,1242.04784743452
"2018-09-25 02:00:00",234,297.738647220301,-545.657944395956,1141.13523883656,-992.125130948654,1587.60242538926
"2018-09-25 03:00:00",366,1094.1125812081,250.715989591846,1937.50917282436,-195.751196960853,2383.97635937706
"2018-09-25 04:00:00",880,2188.38184381788,1344.98525220162,3031.77843543413,898.518065648919,3478.24562198683
"2018-09-25 05:00:00",3063,3350.48063997478,2507.08404835853,4193.87723159104,2060.61686180583,4640.34441814374
"2018-09-25 06:00:00",5833,4344.19629297889,3500.79970136263,5187.59288459514,3054.33251480993,5634.06007114784
"2018-09-25 07:00:00",6568,5002.27280630725,4158.87621469099,5845.6693979235,3712.40902813829,6292.1365844762
"2018-09-25 08:00:00",6080,5275.57351891264,4432.17692729638,6118.9701105289,3985.70974074369,6565.4372970816
"2018-09-25 09:00:00",5083,5237.10867390296,4393.7120822867,6080.50526551921,3947.244895734,6526.97245207191
"2018-09-25 10:00:00",4385,5041.14543145274,4197.74883983649,5884.542023069,3751.28165328379,6331.0092096217
"2018-09-25 11:00:00",4458,4856.36455696135,4012.9679653451,5699.76114857761,3566.5007787924,6146.22833513031
"2018-09-25 12:00:00",4580,4801.46418376318,3958.06759214693,5644.86077537944,3511.60040559423,6091.32796193214
"2018-09-25 13:00:00",4716,4907.92784579263,4064.53125417638,5751.32443740889,3618.06406762368,6197.79162396159
"2018-09-25 14:00:00",4973,5120.56629029612,4277.16969867986,5963.96288191237,3830.70251212716,6410.43006846507
"2018-09-25 15:00:00",5748,5329.41153653842,4486.01494492216,6172.80812815467,4039.54775836946,6619.27531470737
"2018-09-25 16:00:00",6597,5414.84019625661,4571.44360464035,6258.23678787287,4124.97641808766,6704.70397442557
"2018-09-25 17:00:00",5734,5286.23275026168,4442.83615864542,6129.62934187793,3996.36897209272,6576.09652843063
"2018-09-25 18:00:00",4320,4902.23433875307,4058.83774713681,5745.63093036933,3612.37056058411,6192.09811692202
"2018-09-25 19:00:00",3058,4272.29166911855,3428.89507750229,5115.6882607348,2982.42789094959,5562.1554472875
"2018-09-25 20:00:00",2765,3447.7901692242,2604.39357760794,4291.18676084046,2157.92639105525,4737.65394739316
"2018-09-25 21:00:00",2282,2512.50395844203,1669.10736682577,3355.90055005829,1222.64018027307,3802.36773661099
"2018-09-25 22:00:00",1571,1576.61566904627,733.219077430012,2420.01226066253,286.751890877313,2866.47944721523
"2018-09-25 23:00:00",924,770.82617497737,-72.5704166388873,1614.22276659363,-519.037603191586,2060.68995314633
"2018-09-26 00:00:00",543,232.833738594216,-610.562853022041,1076.23033021047,-1057.03003957474,1522.69751676317
"2018-09-26 01:00:00",358,81.1433745774966,-762.253217038761,924.539966193754,-1208.72040359146,1371.00715274645
"2018-09-26 02:00:00",227,379.697054156985,-463.699537459272,1223.09364577324,-910.166724011971,1669.56083232594
"2018-09-26 03:00:00",358,1106.12701864233,262.730427026069,1949.52361025858,-183.73675952663,2395.99079681128
"2018-09-26 04:00:00",890,2140.3556626618,1296.95907104554,2983.75225427805,850.491884492841,3430.21944083075
"2018-09-26 05:00:00",3052,3285.17534788856,2441.7787562723,4128.57193950482,1995.3115697196,4575.03912605751
"2018-09-26 06:00:00",5930,4317.62189891685,3474.2253073006,5161.01849053311,3027.7581207479,5607.48567708581
"2018-09-26 07:00:00",6193,5055.26427813371,4211.86768651745,5898.66086974997,3765.40049996475,6345.12805630266
"2018-09-26 08:00:00",6032,5412.49157866709,4569.09498705083,6255.88817028334,4122.62780049813,6702.35535683604
"2018-09-26 09:00:00",5320,5423.69216000726,4580.29556839101,6267.08875162352,4133.82838183831,6713.55593817622
"2018-09-26 10:00:00",4523,5222.87299304901,4379.47640143275,6066.26958466527,3933.00921488005,6512.73677121797
"2018-09-26 11:00:00",4721,4987.28662833685,4143.89003672059,5830.68321995311,3697.42285016789,6277.15040650581
"2018-09-26 12:00:00",4793,4867.70678282817,4024.31019121192,5711.10337444443,3577.84300465922,6157.57056099713
"2018-09-26 13:00:00",4624,4933.10504265049,4089.70845103423,5776.50163426675,3643.24126448153,6222.96882081945
"2018-09-26 14:00:00",4928,5150.40972322477,4307.01313160851,5993.80631484102,3860.54594505581,6440.27350139372
"2018-09-26 15:00:00",5693,5404.39614999445,4560.99955837819,6247.7927416107,4114.53237182549,6694.2599281634
"2018-09-26 16:00:00",6334,5546.10634826691,4702.70975665065,6389.50293988316,4256.24257009795,6835.97012643586
"2018-09-26 17:00:00",5954,5448.13022878752,4604.73363717126,6291.52682040378,4158.26645061857,6737.99400695648
"2018-09-26 18:00:00",4661,5045.52216850839,4202.12557689213,5888.91876012464,3755.65839033943,6335.38594667734
"2018-09-26 19:00:00",3639,4350.61267041308,3507.21607879682,5194.00926202934,3060.74889224412,5640.47644858204
"2018-09-26 20:00:00",3197,3442.79985453149,2599.40326291524,4286.19644614775,2152.93607636254,4732.66363270045
"2018-09-26 21:00:00",3475,2443.89497038153,1600.49837876527,3287.29156199778,1154.03119221257,3733.75874855048
"2018-09-26 22:00:00",1973,1491.66860416223,648.272012545972,2335.06519577849,201.804825993273,2781.53238233118
"2018-09-26 23:00:00",1209,719.341594752461,-124.054996863796,1562.73818636872,-570.522183416495,2009.20537292142
"2018-09-27 00:00:00",654,241.179044923317,-602.21754669294,1084.57563653957,-1048.68473324564,1531.04282309227
"2018-09-27 01:00:00",421,139.428187011117,-703.96840460514,982.824778627374,-1150.43559115784,1429.29196518007
"2018-09-27 02:00:00",312,448.743893889135,-394.652697727122,1292.14048550539,-841.119884279821,1738.60767205809
"2018-09-27 03:00:00",373,1140.07191399643,296.675322380171,1983.46850561269,-149.791864172528,2429.93569216538
"2018-09-27 04:00:00",919,2112.36310487711,1268.96651326086,2955.75969649337,822.499326708157,3402.22688304607
"2018-09-27 05:00:00",3002,3202.37360554635,2358.9770139301,4045.77019716261,1912.5098273774,4492.23738371531
"2018-09-27 06:00:00",5685,4217.54118256019,3374.14459094393,5060.93777417645,2927.67740439124,5507.40496072915
"2018-09-27 07:00:00",6589,4986.23466837045,4142.83807675419,5829.63125998671,3696.37089020149,6276.0984465394
"2018-09-27 08:00:00",5946,5408.98128122976,4565.5846896135,6252.37787284601,4119.1175030608,6698.84505939871
"2018-09-27 09:00:00",5181,5489.85430526256,4646.4577136463,6333.25089687881,4199.9905270936,6779.71808343151
"2018-09-27 10:00:00",4500,5332.59349123574,4489.19689961948,6175.99008285199,4042.72971306678,6622.45726940469
"2018-09-27 11:00:00",4670,5099.78298906335,4256.38639744709,5943.17958067961,3809.91921089439,6389.64676723231
"2018-09-27 12:00:00",4849,4949.46002592384,4106.06343430758,5792.85661754009,3659.59624775488,6239.32380409279
"2018-09-27 13:00:00",4787,4974.11807964073,4130.72148802447,5817.51467125698,3684.25430147177,6263.98185780968
"2018-09-27 14:00:00",4943,5166.75033604845,4323.35374443219,6010.14692766471,3876.88655787949,6456.61411421741
"2018-09-27 15:00:00",5892,5427.13400635493,4583.73741473868,6270.53059797119,4137.27022818598,6716.99778452389
"2018-09-27 16:00:00",6451,5604.25986712673,4760.86327551047,6447.65645874298,4314.39608895777,6894.12364529568
"2018-09-27 17:00:00",5968,5555.83373325499,4712.43714163873,6399.23032487124,4265.96995508603,6845.69751142394
"2018-09-27 18:00:00",4498,5200.04967364594,4356.65308202969,6043.4462652622,3910.18589547699,6489.9134518149
"2018-09-27 19:00:00",3419,4540.56531103397,3697.16871941771,5383.96190265022,3250.70153286501,5830.42908920292
"2018-09-27 20:00:00",2856,3659.27465966069,2815.87806804444,4502.67125127695,2369.41088149174,4949.13843782965
"2018-09-27 21:00:00",2649,2685.82026367568,1842.42367205942,3529.21685529194,1395.95648550672,3975.68404184464
"2018-09-27 22:00:00",2003,1760.73820007924,917.341608462988,2604.1347916955,470.874421910288,3050.6019782482
"2018-09-27 23:00:00",1278,1007.48738259854,164.09079098228,1850.88397421479,-282.37639557042,2297.35116076749
"2018-09-28 00:00:00",699,519.555127833849,-323.841463782408,1362.95171945011,-770.308650335108,1809.4189060028
"2018-09-28 01:00:00",461,358.423730035627,-484.97286158063,1201.82032165188,-931.440048133329,1648.28750820458
"2018-09-28 02:00:00",301,552.789310240978,-290.607281375279,1396.18590185723,-737.074467927978,1842.65308840993
"2018-09-28 03:00:00",367,1092.00975261914,248.613161002883,1935.4063442354,-197.854025549817,2381.8735307881
"2018-09-28 04:00:00",870,1915.20108908432,1071.80449746807,2758.59768070058,625.337310915368,3205.06486725328
"2018-09-28 05:00:00",2751,2905.77396819182,2062.37737657557,3749.17055980808,1615.91019002287,4195.63774636078
"2018-09-28 06:00:00",5521,3903.32747857494,3059.93088695868,4746.7240701912,2613.46370040599,5193.1912567439
"2018-09-28 07:00:00",6401,4738.09559837425,3894.699006758,5581.49218999051,3448.2318202053,6027.95937654321
"2018-09-28 08:00:00",5798,5280.42300025547,4437.02640863921,6123.81959187172,3990.55922208651,6570.28677842442
"2018-09-28 09:00:00",4791,5486.08045646,4642.68386484374,6329.47704807626,4196.21667829104,6775.94423462896
"2018-09-28 10:00:00",4574,5415.03527119913,4571.63867958288,6258.43186281539,4125.17149303018,6704.89904936809
"2018-09-28 11:00:00",4863,5210.00750206921,4366.61091045296,6053.40409368547,3920.14372390026,6499.87128023817
"2018-09-28 12:00:00",5066,5038.80421954041,4195.40762792415,5882.20081115667,3748.94044137145,6328.66799770937
"2018-09-28 13:00:00",4898,5022.67615083768,4179.27955922142,5866.07274245394,3732.81237266872,6312.53992900664
"2018-09-28 14:00:00",5193,5182.15179114912,4338.75519953286,6025.54838276538,3892.28801298017,6472.01556931808
"2018-09-28 15:00:00",5838,5426.21429314214,4582.81770152589,6269.6108847584,4136.35051497319,6716.0780713111
"2018-09-28 16:00:00",6188,5591.83483148716,4748.4382398709,6435.23142310342,4301.9710533182,6881.69860965612
"2018-09-28 17:00:00",5695,5517.33015963304,4673.93356801679,6360.7267512493,4227.46638146409,6807.193937802
"2018-09-28 18:00:00",5104,5116.33141473059,4272.93482311433,5959.72800634684,3826.46763656163,6406.19519289954
"2018-09-28 19:00:00",4286,4418.03459794507,3574.63800632881,5261.43118956133,3128.17081977611,5707.89837611403
"2018-09-28 20:00:00",3538,3555.03328039605,2711.63668877979,4398.42987201231,2265.1695022271,4844.89705856501
"2018-09-28 21:00:00",3058,2705.13374531567,1861.73715369942,3548.53033693193,1415.26996714672,3994.99752348463
"2018-09-28 22:00:00",2713,2015.80288772814,1172.40629611188,2859.1994793444,725.939109559183,3305.6666658971
"2018-09-28 23:00:00",3544,1548.09403577702,704.697444160758,2391.49062739327,258.230257608059,2837.95781394597
"2018-09-29 00:00:00",1733,1266.71943241311,423.322840796851,2110.11602402937,-23.1443457558482,2556.58321058206
"2018-09-29 01:00:00",867,1079.34207442944,235.945482813183,1922.7386660457,-210.521703739516,2369.2058525984
"2018-09-29 02:00:00",524,903.017241717734,59.6206501014764,1746.41383333399,-386.846536451223,2192.88101988669
"2018-09-29 03:00:00",359,721.851717284427,-121.544874331831,1565.24830890068,-568.01206088453,2011.71549545338
"2018-09-29 04:00:00",425,604.569456710539,-238.827134905718,1447.9660483268,-685.294321458418,1894.4332348795
"2018-09-29 05:00:00",743,671.568195897803,-171.828395718454,1514.96478751406,-618.295582271154,1961.43197406676
"2018-09-29 06:00:00",1359,1027.61234902773,184.21575741147,1871.00894064398,-262.251429141229,2317.47612719668
"2018-09-29 07:00:00",2036,1694.88246885609,851.485877239829,2538.27906047234,405.01869068713,2984.74624702504
"2018-09-29 08:00:00",3073,2581.9976123482,1738.60102073195,3425.39420396446,1292.13383417925,3871.86139051716
"2018-09-29 09:00:00",3725,3507.14591933134,2663.74932771509,4350.5425109476,2217.28214116239,4797.0096975003
"2018-09-29 10:00:00",4059,4266.34516141311,3422.94856979685,5109.74175302937,2976.48138324415,5556.20893958207
"2018-09-29 11:00:00",4378,4714.87789147186,3871.4812998556,5558.27448308812,3425.0141133029,6004.74166964082
"2018-09-29 12:00:00",4657,4822.8577292442,3979.46113762795,5666.25432086046,3532.99395107525,6112.72150741316
"2018-09-29 13:00:00",4553,4678.37591426194,3834.97932264569,5521.7725058782,3388.51213609299,5968.2396924309
"2018-09-29 14:00:00",4618,4437.46123535127,3594.06464373501,5280.85782696752,3147.59745718231,5727.32501352022
"2018-09-29 15:00:00",4564,4246.10411342179,3402.70752180553,5089.50070503804,2956.24033525283,5535.96789159074
"2018-09-29 16:00:00",4735,4172.71877569418,3329.32218407793,5016.11536731044,2882.85499752523,5462.58255386314
"2018-09-29 17:00:00",4878,4183.1736571393,3339.77706552305,5026.57024875556,2893.30987897035,5473.03743530826
"2018-09-29 18:00:00",4569,4168.37039672571,3324.97380510945,5011.76698834196,2878.50661855675,5458.23417489466
"2018-09-29 19:00:00",3818,4007.83105118445,3164.4344595682,4851.22764280071,2717.9672730155,5297.69482935341
"2018-09-29 20:00:00",3338,3635.45276456813,2792.05617295187,4478.84935618438,2345.58898639917,4925.31654273708
"2018-09-29 21:00:00",2950,3074.1206753817,2230.72408376544,3917.51726699795,1784.25689721274,4363.98445355065
"2018-09-29 22:00:00",2607,2423.47226825757,1580.07567664132,3266.86885987383,1133.60849008862,3713.33604642653
"2018-09-29 23:00:00",3856,1810.16908028414,966.772488667885,2653.5656719004,520.305302115186,3100.0328584531
"2018-09-30 00:00:00",1826,1329.23355497489,485.836963358631,2172.63014659115,39.3697768059315,2619.09733314384
"2018-09-30 01:00:00",920,1008.3562056138,164.959613997541,1851.75279723006,-281.507572555159,2298.21998378275
"2018-09-30 02:00:00",696,813.139135093541,-30.257456522716,1656.5357267098,-476.724643075415,2103.0029132625
"2018-09-30 03:00:00",364,687.828012948864,-155.568578667394,1531.22460456512,-602.035765220093,1977.69179111782
"2018-09-30 04:00:00",335,606.032396494276,-237.364195121982,1449.42898811053,-683.831381674681,1895.89617466323
"2018-09-30 05:00:00",444,600.223567658748,-243.173023957509,1443.62015927501,-689.640210510209,1890.0873458277
"2018-09-30 06:00:00",802,750.653091138103,-92.743500478154,1594.04968275436,-539.210687030853,2040.51686930706
"2018-09-30 07:00:00",1175,1137.43991506612,294.043323449863,1980.83650668238,-152.423863102836,2427.30369323508
"2018-09-30 08:00:00",2002,1781.38493016021,937.98833854395,2624.78152177647,491.521151991251,3071.24870832916
"2018-09-30 09:00:00",2882,2607.49034119761,1764.09374958135,3450.88693281386,1317.62656302865,3897.35411936656
"2018-09-30 10:00:00",3701,3455.05973101223,2611.66313939597,4298.45632262849,2165.19595284328,4744.92350918119
"2018-09-30 11:00:00",4049,4134.385588263,3290.98899664674,4977.78217987925,2844.52181009404,5424.24936643195
"2018-09-30 12:00:00",4429,4504.72313040925,3661.32653879299,5348.11972202551,3214.85935224029,5794.58690857821
"2018-09-30 13:00:00",4547,4535.03313307526,3691.636541459,5378.42972469152,3245.1693549063,5824.89691124422
"2018-09-30 14:00:00",4380,4315.43815573131,3472.04156411505,5158.83474734756,3025.57437756235,5605.30193390026
"2018-09-30 15:00:00",4302,4010.94681373112,3167.55022211486,4854.34340534738,2721.08303556217,5300.81059190008
"2018-09-30 16:00:00",4283,3778.15798147773,2934.76138986147,4621.55457309399,2488.29420330877,5068.02175964668
"2018-09-30 17:00:00",4132,3685.48675701137,2842.09016539511,4528.88334862763,2395.62297884242,4975.35053518033
"2018-09-30 18:00:00",3947,3677.42762784749,2834.03103623123,4520.82421946375,2387.56384967853,4967.29140601645
"2018-09-30 19:00:00",3543,3602.82391173831,2759.42732012205,4446.22050335457,2312.96013356936,4892.68768990727
"2018-09-30 20:00:00",2781,3295.79740089372,2452.40080927746,4139.19399250997,2005.93362272476,4585.66117906267
"2018-09-30 21:00:00",2159,2671.31416238669,1827.91757077043,3514.71075400295,1381.45038421773,3961.17794055565
"2018-09-30 22:00:00",1450,1788.6940572815,945.297465665241,2632.09064889776,498.830279112542,3078.55783545046
"2018-09-30 23:00:00",954,850.32304807395,6.92645645769232,1693.71963969021,-439.540730095007,2140.18682624291
