"date_time","actual","forecast","lo80","hi80","lo95","hi95"
"2018-07-01 00:00:00",1314,1664.59932948543,1202.92292715136,2126.27573181951,958.526202648523,2370.67245632235
"2018-07-01 01:00:00",848,1103.29905671548,486.914286446809,1719.68382698416,160.619899024148,2045.97821440682
"2018-07-01 02:00:00",703,473.138575841448,-164.394675657804,1110.6718273407,-501.884392785064,1448.16154446796
"2018-07-01 03:00:00",419,-59.6304181650847,-697.628898096247,578.368061766077,-1035.36489227888,916.104055948715
"2018-07-01 04:00:00",372,-254.588321599907,-893.400747098077,384.224103898263,-1231.56761803659,722.390974836773
"2018-07-01 05:00:00",529,268.717542443622,-375.459330305894,912.894415193138,-716.465968081888,1253.90105296913
"2018-07-01 06:00:00",979,1165.23495658402,513.515650942995,1816.95426222506,168.516290376429,2161.95362279162
"2018-07-01 07:00:00",1237,1753.9864299439,1097.64613078686,2410.32672910094,750.200564017096,2757.77229587071
"2018-07-01 08:00:00",1682,2004.87531554487,1346.56735585453,2663.1832752352,998.08017251775,3011.67045857198
"2018-07-01 09:00:00",2495,2408.574890959,1749.21061773599,3067.93916418201,1400.16425579244,3416.98552612556
"2018-07-01 10:00:00",2924,3010.8021525892,2350.51130055782,3671.09300462057,2000.97443742207,4020.62986775632
"2018-07-01 11:00:00",3323,3848.18874215458,3187.00223958925,4509.37524471992,2836.99124770077,4859.38623660839
"2018-07-01 12:00:00",3696,4546.2338735548,3884.32809768849,5208.1396494211,3533.93634551448,5558.53140159511
"2018-07-01 13:00:00",4084,4727.88897590779,4065.49644983282,5390.28150198276,3714.84702766301,5740.93092415257
"2018-07-01 14:00:00",4187,4746.28363480834,4083.57136123444,5408.99590838225,3732.75267496317,5759.81459465352
"2018-07-01 15:00:00",4365,4565.60677054996,3902.66590339597,5228.54763770395,3551.72620699307,5579.48733410685
"2018-07-01 16:00:00",4380,4282.82073733438,3619.70356452658,4945.93791014219,3268.67053754822,5296.97093712055
"2018-07-01 17:00:00",4049,3635.81072385137,2972.55754472142,4299.06390298132,2621.45252034516,4650.16892735758
"2018-07-01 18:00:00",3680,3238.16968823324,2574.81585556437,3901.52352090211,2223.65754842317,4252.68182804331
"2018-07-01 19:00:00",3404,2910.41405121439,2246.98784150885,3573.84026091993,1895.79122027881,3925.03688214997
"2018-07-01 20:00:00",3018,2870.66247582289,2207.18403207496,3534.14091957083,1855.95975981315,3885.36519183263
"2018-07-01 21:00:00",2640,2737.03655482583,2073.51967663492,3400.55343301673,1722.27505840802,3751.79805124364
"2018-07-01 22:00:00",2152,2113.84070827467,1450.29523438645,2777.38618216289,1099.03547851178,3128.64593803756
"2018-07-01 23:00:00",3078,1221.98404659993,558.417372764685,1885.55072043517,207.146394315969,2236.82169888389
"2018-07-02 00:00:00",1043,522.048387050713,-171.218232715966,1215.31500681739,-538.211412834199,1582.30818693562
"2018-07-02 01:00:00",523,-48.2471759241252,-763.862099828119,667.367747979868,-1142.68575753139,1046.19140568314
"2018-07-02 02:00:00",425,-155.921665321587,-875.203379225131,563.360048581958,-1255.96811830228,944.124787659105
"2018-07-02 03:00:00",398,373.321268555418,-346.081783009004,1092.72432011984,-726.910754363839,1473.55329147467
"2018-07-02 04:00:00",896,1513.18195572768,793.597513049654,2232.7663984057,412.672519039568,2613.69139241579
"2018-07-02 05:00:00",2931,3090.81578714256,2370.2619677572,3811.36960652793,1988.82381671572,4192.8077575694
"2018-07-02 06:00:00",5305,4549.50277966249,3827.61764527346,5271.38791405152,3445.47473864012,5653.53082068486
"2018-07-02 07:00:00",5936,5290.55435434464,4567.84101067526,6013.26769801403,4185.25967653231,6395.84903215698
"2018-07-02 08:00:00",4859,5229.09447848675,4506.01705142159,5952.17190555191,4123.2429831711,6334.9459738024
"2018-07-02 09:00:00",4473,4766.53166410915,4043.25454247848,5489.80878573982,3660.3747623106,5872.68856590771
"2018-07-02 10:00:00",4172,4284.17307468439,3560.72255214649,5007.62359722229,3177.7509790831,5390.59517028568
"2018-07-02 11:00:00",4498,4156.09875203767,3432.48306936649,4879.71443470885,3049.42406580983,5262.77343826552
"2018-07-02 12:00:00",4617,4415.21696261416,3691.4691352476,5138.96478998072,3308.34017851475,5522.09374671356
"2018-07-02 13:00:00",4667,4852.40228625519,4128.56457200566,5576.24000050472,3745.38803203126,5959.41654047912
"2018-07-02 14:00:00",4728,5374.02675728839,4650.12959444134,6097.92392013543,4266.92158428038,6481.13193029639
"2018-07-02 15:00:00",5115,5662.60137518764,4938.6616271131,6386.54112326218,4555.43107369444,6769.77167668084
"2018-07-02 16:00:00",5853,5549.86007472082,4825.88756270024,6273.83258674141,4442.63966509623,6657.08048434542
"2018-07-02 17:00:00",5241,4896.34812306625,4172.35039832526,5620.34584780724,3789.08915391328,6003.60709221922
"2018-07-02 18:00:00",3922,4102.61871938737,3378.60233898466,4826.63509979008,2995.33121886192,5209.90621991282
"2018-07-02 19:00:00",3183,3302.47692814941,2578.44711451495,4026.50674178387,2195.16888326887,4409.78497302995
"2018-07-02 20:00:00",2792,2749.6278849434,2025.5883653848,3473.667404502,1642.30499613284,3856.95077375396
"2018-07-02 21:00:00",2552,2321.85080959025,1597.80414790397,3045.89747127652,1214.516997838,3429.18462134249
"2018-07-02 22:00:00",2118,1782.38863222497,1058.33665979902,2506.44060465092,675.046698397292,2889.73056605265
"2018-07-02 23:00:00",1461,1129.06760526514,405.011697163599,1853.12351336668,21.7196523410614,2236.41555818922
"2018-07-03 00:00:00",722,528.246840320137,-200.830693982062,1257.32437462234,-586.78102714014,1643.27470778041
"2018-07-03 01:00:00",455,35.6040156590429,-697.372838866564,768.580870184649,-1085.38734746348,1156.59537878156
"2018-07-03 02:00:00",340,-49.0779910519294,-782.706270761081,684.550288657222,-1171.06562301973,1072.90964091587
"2018-07-03 03:00:00",391,486.013627299909,-247.636693871017,1219.66394847083,-636.007714174716,1608.03496877453
"2018-07-03 04:00:00",863,1646.71981251419,913.036784289579,2380.4028407388,524.648449917524,2768.79117511085
"2018-07-03 05:00:00",2836,3214.69034930266,2480.8343750716,3948.54632353372,2092.35448861397,4337.02620999135
"2018-07-03 06:00:00",5264,4694.44592683061,3960.35254587667,5428.53930778455,3571.74698389144,5817.14486976979
"2018-07-03 07:00:00",5737,5574.75905741261,4840.5177411826,6309.00037364261,4451.83386699271,6697.6842478325
"2018-07-03 08:00:00",5017,5687.92935278338,4953.62285834771,6422.23584721905,4564.90448089991,6810.95422466684
"2018-07-03 09:00:00",4373,5261.00399576537,4526.6617018196,5995.34628971115,4137.92437325591,6384.08361827484
"2018-07-03 10:00:00",4099,4668.12732206395,3933.75395531128,5402.50068881663,3545.00017779722,5791.25446633069
"2018-07-03 11:00:00",4415,4324.98780105577,3590.58485867641,5059.39074343513,3201.81542477132,5448.16017734022
"2018-07-03 12:00:00",4775,4416.79922522775,3682.3726216146,5151.22582884091,3293.59066220895,5540.00778824656
"2018-07-03 13:00:00",4799,4860.1563837309,4125.71367938298,5594.59908807883,3736.92319676318,5983.38957069862
"2018-07-03 14:00:00",4968,5464.68776451866,4730.23440697394,6199.14112206339,4341.43828489242,6587.93724414491
"2018-07-03 15:00:00",5526,5878.53343562244,5144.07244566247,6612.99442558242,4755.27228322437,7001.79458802051
"2018-07-03 16:00:00",6135,5863.56721379583,5129.10035229244,6598.03407529921,4740.29708164701,6986.83734594464
"2018-07-03 17:00:00",5092,5323.05563927097,4588.58425998087,6057.52701856108,4199.77859776362,6446.33268077833
"2018-07-03 18:00:00",4313,4520.09753287136,3785.62281071064,5254.57225503208,3396.81537888458,5643.37968685815
"2018-07-03 19:00:00",3308,3664.98413216285,2930.50700271365,4399.46126161205,2541.69829654605,4788.26996777965
"2018-07-03 20:00:00",3055,2985.74887977206,2251.27001085493,3720.22774868918,1862.46038386863,4109.03737567549
"2018-07-03 21:00:00",2700,2457.88896745652,1723.4088185357,3192.36911637735,1334.59851395636,3581.17942095668
"2018-07-03 22:00:00",2176,1924.40328750487,1189.92218682594,2658.88438818379,801.111378416301,3047.69519659343
"2018-07-03 23:00:00",1741,1312.15784555584,577.676039562227,2046.63965154945,188.864857781549,2435.45083333012
"2018-07-04 00:00:00",1021,360.725474632907,-374.653032514486,1096.1039817803,-763.938899212422,1485.38984847824
"2018-07-04 01:00:00",605,-165.048981137892,-901.127292878681,571.029330602898,-1290.78361375091,960.685651475129
"2018-07-04 02:00:00",573,-298.987272544074,-1035.18281306426,437.20826797611,-1424.90119110371,826.926646015563
"2018-07-04 03:00:00",353,188.067340155138,-548.132173071506,924.266853381781,-937.852654134723,1313.987334445
"2018-07-04 04:00:00",354,1319.43309843758,583.227692600496,2055.63850427467,193.504092177736,2445.36210469743
"2018-07-04 05:00:00",698,2863.85941222608,2127.62286495833,3600.09595949383,1737.88277925798,3989.83604519418
"2018-07-04 06:00:00",1141,4356.65406598253,3620.37476491643,5092.93336704862,3230.61204672236,5482.69608524269
"2018-07-04 07:00:00",1128,5321.71389893561,4585.40795028663,6058.0198475846,4195.63112571428,6447.79667215695
"2018-07-04 08:00:00",1275,5545.64838479484,4809.33069311923,6281.96607647045,4419.54765216409,6671.74911742559
"2018-07-04 09:00:00",1687,5166.24247286783,4429.91833049037,5902.56661524528,4040.13187473994,6292.35307099571
"2018-07-04 10:00:00",1920,4542.13825239372,3805.80851101691,5278.46799377053,3416.01909133527,5668.25741345218
"2018-07-04 11:00:00",2603,4103.48020967386,3367.145139172,4839.81528017572,2977.35289842195,5229.60752092576
"2018-07-04 12:00:00",2761,4107.64557791121,3371.30624391702,4843.98491190541,2981.51174621047,5233.77940961196
"2018-07-04 13:00:00",2929,4537.84939437153,3801.50715909661,5274.19162964645,3411.71112554482,5663.98766319824
"2018-07-04 14:00:00",3318,5172.99450092688,4436.65034592494,5909.33865592882,4046.85329613104,6299.13570572271
"2018-07-04 15:00:00",3070,5647.12761335535,4910.78208295574,6383.47314375497,4520.98430507029,6773.27092164041
"2018-07-04 16:00:00",3224,5682.02645521406,4945.67986673574,6418.37304369239,4555.88152873726,6808.17138169086
"2018-07-04 17:00:00",3045,5183.84202275081,4447.49462014927,5920.18942535235,4057.69585118,6309.98819432162
"2018-07-04 18:00:00",2664,4347.08362370213,3610.73561869996,5083.43162870431,3220.93653083906,5473.23071656521
"2018-07-04 19:00:00",2596,3417.50768433632,2681.1592455265,4153.85612314614,2291.3599280217,4543.65544065094
"2018-07-04 20:00:00",2503,2629.36833767859,1893.0195854045,3365.71708995268,1503.22010196174,3755.51657339544
"2018-07-04 21:00:00",2582,2023.67340159148,1287.3244186514,2760.02238453156,897.524813101438,3149.82199008152
"2018-07-04 22:00:00",2030,1495.9174592441,759.568304790414,2232.26661369779,369.768608446634,2622.06631004157
"2018-07-04 23:00:00",1936,945.361887091342,209.012605534973,1681.71116864771,-180.787158092903,2071.51093227559
"2018-07-05 00:00:00",971,697.876951002768,-38.6339417301274,1434.38784373566,-428.519257147063,1824.2731591526
"2018-07-05 01:00:00",476,222.224117597423,-514.413012210043,958.861247404889,-904.36515349761,1348.81338869246
"2018-07-05 02:00:00",317,99.1560405097617,-637.502245920469,835.814326939992,-1027.46558684761,1225.77766786713
"2018-07-05 03:00:00",338,551.907799541022,-184.751203953772,1288.56680303582,-574.714924471961,1678.530523554
"2018-07-05 04:00:00",754,1619.13142841568,882.471361340151,2355.79149549121,492.507077796329,2745.75577903503
"2018-07-05 05:00:00",2412,3089.42414589848,2352.75845808724,3826.08983370972,1962.79119910567,4216.0570926913
"2018-07-05 06:00:00",4500,4541.66519068085,3804.99178594161,5278.33859542009,3415.02044186511,5668.30993949659
"2018-07-05 07:00:00",4966,5535.78664127395,4799.10842653571,6272.46485601219,4409.13453619956,6662.43874634834
"2018-07-05 08:00:00",4440,5841.1702241537,5104.48988969374,6577.85055861366,4714.51487724468,6967.82557106272
"2018-07-05 09:00:00",4205,5540.93456486556,4804.2530659798,6277.61606375131,4414.27743712097,6667.59169261015
"2018-07-05 10:00:00",4154,4960.57987011499,4223.89736054098,5697.262379689,3833.9211966561,6087.23854357387
"2018-07-05 11:00:00",4201,4513.24859876968,3776.56512722018,5249.93207031918,3386.58845409623,5639.90874344313
"2018-07-05 12:00:00",4416,4477.88008770446,3741.19584653646,5214.56432887247,3351.21876600108,5604.54140940784
"2018-07-05 13:00:00",4491,4874.04472347652,4137.35995858524,5610.7294883678,3747.38260080751,6000.70684614553
"2018-07-05 14:00:00",4708,5487.61900069171,4750.93388926049,6224.30411212293,4360.9563480356,6614.28165334782
"2018-07-05 15:00:00",5066,5968.6772978635,5231.99193815153,6705.36265757547,4842.01426549476,7095.34033023224
"2018-07-05 16:00:00",5908,6036.51439982509,5299.82884911325,6773.19995053694,4909.85107534725,7163.17772430294
"2018-07-05 17:00:00",5223,5601.01388075381,4864.32818307982,6337.69957842779,4474.35033151675,6727.67742999086
"2018-07-05 18:00:00",4115,4819.34371295801,4082.65790654108,5556.02951937494,3692.67999741298,5946.00742850304
"2018-07-05 19:00:00",3099,3938.50822224559,3201.82233751939,4675.1941069718,2811.84438693686,5065.17205755433
"2018-07-05 20:00:00",2713,3181.05408048615,2444.36813917455,3917.74002179775,2054.39015863753,4307.71800233477
"2018-07-05 21:00:00",2633,2603.42133342282,1866.73535047225,3340.10731637339,1476.75734789289,3730.08531895275
"2018-07-05 22:00:00",2002,2112.70774123736,1376.02172732579,2849.39375514893,986.04370835666,3239.37177411806
"2018-07-05 23:00:00",1287,1586.679889511,849.993852655314,2323.36592636668,460.015821540308,2713.34395748169
"2018-07-06 00:00:00",743,994.557714831411,257.842502553158,1731.27292710966,-132.150973097623,2121.26640276045
"2018-07-06 01:00:00",435,449.622774206894,-287.115231110051,1186.36077952384,-677.120772666669,1576.36632108046
"2018-07-06 02:00:00",372,205.426062893005,-531.315762724325,942.167888510335,-921.323326625806,1332.17545241182
"2018-07-06 03:00:00",343,505.500850100734,-231.241105000717,1242.24280520219,-621.248737446952,1632.25043764842
"2018-07-06 04:00:00",752,1426.48118582126,689.739038663547,2163.22333297897,299.731304548869,2553.23106709365
"2018-07-06 05:00:00",2453,2795.34933653421,2058.60617440985,3532.09249865858,1668.59790300428,3922.10077006415
"2018-07-06 06:00:00",4489,4225.8861438883,3489.14158826668,4962.63069950992,3099.13257918822,5352.63970858838
"2018-07-06 07:00:00",5069,5288.33706484246,4551.59164064105,6025.08248904386,4161.58217176423,6415.09195792068
"2018-07-06 08:00:00",4489,5719.59312762341,4982.84732064539,6456.33893460143,4592.83764913887,6846.34860610795
"2018-07-06 09:00:00",4305,5544.84867402139,4808.10265677243,6281.59469127035,4418.0928739552,6671.60447408759
"2018-07-06 10:00:00",4215,5046.52256166342,4309.7763619051,5783.26876142173,3919.76648247326,6173.27864085358
"2018-07-06 11:00:00",4547,4619.16516374298,3882.41879027167,5355.91153721429,3492.40881888172,5745.92150860424
"2018-07-06 12:00:00",4684,4559.25378067818,3822.50726822947,5296.0002931269,3432.49722326932,5686.01033808705
"2018-07-06 13:00:00",4594,4921.0054098945,4184.25880287197,5657.75201691703,3794.24870784748,6047.76211194153
"2018-07-06 14:00:00",4818,5508.67533013474,4771.92866053408,6245.4219997354,4381.91853238272,6635.43212788676
"2018-07-06 15:00:00",5182,5979.75818839469,5243.01147395951,6716.50490282986,4853.00132207419,7106.51505471518
"2018-07-06 16:00:00",5353,6038.66898269932,5301.9222337734,6775.41573162524,4911.91206362978,7165.42590176886
"2018-07-06 17:00:00",4822,5581.59844496575,4844.85166950141,6318.34522043009,4454.84148530921,6708.3554046223
"2018-07-06 18:00:00",4089,4751.514595755,4014.76780065386,5488.26139085615,3624.75760606656,5878.27158544345
"2018-07-06 19:00:00",3390,3825.97708062989,3089.23027138766,4562.72388987212,2699.22006931452,4952.73409194526
"2018-07-06 20:00:00",2966,3074.64253378812,2337.8957143277,3811.38935324854,1947.88550684537,4201.39956073087
"2018-07-06 21:00:00",2903,2608.79361663412,1872.04678965453,3345.54044361371,1482.0365781918,3735.55065507645
"2018-07-06 22:00:00",2533,2349.63959101318,1612.89275844265,3086.38642358371,1222.88254402025,3476.39663800611
"2018-07-06 23:00:00",2227,2109.86699117372,1373.12015445995,2846.6138278875,983.109937844243,3236.62404450321
"2018-07-07 00:00:00",1233,1725.04107680464,988.288971512905,2461.79318209637,598.275965880505,2851.80618772877
"2018-07-07 01:00:00",689,1160.83803399845,424.081812558222,1897.59425543868,34.0666279684287,2287.60944002848
"2018-07-07 02:00:00",604,556.926290128914,-179.830621221828,1293.68320147966,-569.846171028184,1683.69875128601
"2018-07-07 03:00:00",382,148.798585454989,-587.95834927943,885.555520189409,-977.973911464358,1275.57108237434
"2018-07-07 04:00:00",429,138.995783150314,-597.761186267757,875.752752568385,-987.776766813102,1265.76833311373
"2018-07-07 05:00:00",769,586.955371836734,-149.801780875381,1323.71252454885,-539.817458450732,1713.7282021242
"2018-07-07 06:00:00",1246,1373.7801634675,637.022759101712,2110.53756783328,247.006948308956,2500.55337862604
"2018-07-07 07:00:00",1710,2267.71402087034,1530.95645964629,3004.4715820944,1140.94056581778,3394.4874759229
"2018-07-07 08:00:00",2428,3045.75295690489,2308.99532655452,3782.51058725526,1918.97939613275,4172.52651767703
"2018-07-07 09:00:00",3029,3593.34687388611,2856.58920556252,4330.1045422097,2466.57325503894,4720.12049273327
"2018-07-07 10:00:00",3386,3929.47716835722,3192.71946707392,4666.23486964052,2802.70349910253,5056.25083761191
"2018-07-07 11:00:00",4045,4160.24888786668,3423.49115521221,4897.00662052114,3033.47517063393,5287.02260509942
"2018-07-07 12:00:00",4160,4385.16494957326,3648.4071918206,5121.92270732593,3258.39119395613,5511.9387051904
"2018-07-07 13:00:00",4118,4625.36595719299,3888.60818236106,5362.12373202493,3498.59217545537,5752.13973893062
"2018-07-07 14:00:00",3992,4815.57632272553,4078.81853659249,5552.33410885858,3688.80252370435,5942.35012174672
"2018-07-07 15:00:00",4022,4850.20285487095,4113.44506064115,5586.96064910075,3723.42904346685,5976.97666627505
"2018-07-07 16:00:00",4289,4666.03656192377,3929.27876146521,5402.79436238232,3539.26274099361,5792.81038285393
"2018-07-07 17:00:00",4085,4291.84863767443,3555.09083242325,5028.60644292561,3165.07480941458,5418.62246593428
"2018-07-07 18:00:00",3986,3845.5884247542,3108.83061595677,4582.34623355163,2718.81459107083,4972.36225843757
"2018-07-07 19:00:00",3416,3457.37117578846,2720.61336443726,4194.12898713966,2330.59733819944,4584.14501337748
"2018-07-07 20:00:00",3191,3194.90768421424,2458.14987101772,3931.66549741076,2068.13384380304,4321.68152462544
"2018-07-07 21:00:00",3616,3014.61077864735,2277.85296409292,3751.36859320177,1887.83693615942,4141.38462113528
"2018-07-07 22:00:00",3055,2790.36121827872,2053.60340271461,3527.11903384282,1663.58737424661,3917.13506231082
"2018-07-07 23:00:00",2246,2398.24917831124,1661.49136199889,3135.00699462358,1271.4753331348,3525.02302348767
"2018-07-08 00:00:00",1423,1803.09809042169,1066.33932264341,2539.85685819998,676.322790103674,2929.87339073971
"2018-07-08 01:00:00",786,1096.0272328969,359.267721768973,1832.78674402483,-30.749204276294,2222.80367007009
"2018-07-08 02:00:00",693,467.673782766506,-269.085852955105,1204.43341848812,-659.102844956284,1594.4504104893
"2018-07-08 03:00:00",357,114.995117830934,-621.76452211363,851.754757775498,-1011.78151635031,1241.77175201217
"2018-07-08 04:00:00",327,144.381149668828,-592.378496539397,881.140795877054,-982.395494091855,1271.15779342951
"2018-07-08 05:00:00",476,523.730681228127,-213.028998081918,1260.49036053817,-603.046013157419,1650.50737561367
"2018-07-08 06:00:00",876,1107.38152504181,370.621800284591,1844.14124979903,-19.3952388491907,2234.15828893281
"2018-07-08 07:00:00",1084,1720.83990355209,984.080150467187,2457.599656637,594.063096337632,2847.61671076655
"2018-07-08 08:00:00",1920,2252.17009915191,1515.4103335832,2988.92986472063,1125.39327284511,3378.94692545871
"2018-07-08 09:00:00",2584,2693.00168480847,1956.24191238201,3429.76145723493,1566.22484801366,3819.77852160328
"2018-07-08 10:00:00",3236,3108.11337791717,2371.35359953838,3844.87315629596,1981.33653201905,4234.89022381529
"2018-07-08 11:00:00",3837,3561.42348520187,2824.66370115762,4298.18326924611,2434.64663063919,4688.20033976454
"2018-07-08 12:00:00",4075,4044.5680911974,3307.80830262057,4781.32787977423,2917.79122970272,5171.34495269207
"2018-07-08 13:00:00",4211,4460.52112798827,3723.76133632702,5197.28091964952,3333.74426177639,5587.29799420016
"2018-07-08 14:00:00",4470,4674.7519410671,3937.99214736494,5411.51173476926,3547.9750717339,5801.5288104003
"2018-07-08 15:00:00",4397,4597.92130555126,3861.16151038687,5334.68110071566,3471.14443398178,5724.69817712075
"2018-07-08 16:00:00",4514,4252.51256836564,3515.75277207637,4989.27236465491,3125.7356950758,5379.28944165547
"2018-07-08 17:00:00",4297,3770.37551734174,3033.61572018695,4507.13531449653,2643.59864272821,4897.15239195528
"2018-07-08 18:00:00",3953,3322.63273304484,2585.87293524962,4059.39253084006,2195.85585745185,4449.40960863783
"2018-07-08 19:00:00",3969,3012.25982766281,2275.50002940639,3749.01962591923,1885.48295136448,4139.03670396114
"2018-07-08 20:00:00",3571,2809.35350817143,2072.59370958175,3546.1133067611,1682.57663136343,3936.13038497942
"2018-07-08 21:00:00",2948,2565.33262084867,1828.57282201377,3302.09241968357,1438.55574366563,3692.10949803171
"2018-07-08 22:00:00",2039,2114.84823357302,1378.08843455577,2851.60803259026,988.071356111106,3241.62511103493
"2018-07-08 23:00:00",1339,1407.06215427505,670.302355122673,2143.82195342742,280.285276606475,2533.83903194361
"2018-07-09 00:00:00",676,584.244864807695,-152.515106174026,1321.00483578942,-542.532275651186,1711.02200526658
"2018-07-09 01:00:00",423,-48.4687961300455,-785.228901356619,688.291309096528,-1175.24614189871,1078.30854963862
"2018-07-09 02:00:00",320,-155.779988263356,-892.540115990873,580.980139464162,-1282.55736844425,970.997391917535
"2018-07-09 03:00:00",348,449.644752899704,-287.115375590457,1186.40488138986,-677.132628447548,1576.42213424696
"2018-07-09 04:00:00",903,1684.54176812465,947.781638503309,2421.301897746,557.764385047405,2811.3191512019
"2018-07-09 05:00:00",2977,3200.74078940788,2463.98065380852,3937.50092500723,2073.96339718805,4327.5181816277
"2018-07-09 06:00:00",5679,4526.2497734068,3789.48962959994,5263.00991721367,3399.47236863467,5653.02717817894
"2018-07-09 07:00:00",6178,5277.61177837544,4540.85162945274,6014.37192729813,4150.83436577932,6404.38919097156
"2018-07-09 08:00:00",5656,5335.16706228368,4598.40691110648,6071.92721346089,4208.38964623959,6461.94447832777
"2018-07-09 09:00:00",4586,4888.2444759521,4151.48432353642,5625.00462836777,3761.46705801393,6015.02189389027
"2018-07-09 10:00:00",4266,4326.24865904616,3589.48850555553,5063.0088125368,3199.47123946399,5453.02607862834
"2018-07-09 11:00:00",4448,4034.85283262548,3298.09267811169,4771.61298713926,2908.07541147852,5161.63025377243
"2018-07-09 12:00:00",4689,4202.55796013588,3465.79780480353,4939.31811546823,3075.78053773705,5329.33538253471
"2018-07-09 13:00:00",4621,4739.23606889957,4002.47591301019,5475.99622478894,3612.45864564883,5866.0134921503
"2018-07-09 14:00:00",4836,5344.01915302494,4607.25899676699,6080.7793092829,4217.24172921052,6470.79657683937
"2018-07-09 15:00:00",5429,5676.66913717924,4939.90898065721,6413.42929370126,4549.89171296095,6803.44656139753
"2018-07-09 16:00:00",6311,5537.26774013449,4800.50758340932,6274.02789685966,4410.49031560551,6664.04516466346
"2018-07-09 17:00:00",5805,4953.78003036314,4217.01987348166,5690.54018724462,3827.00260559511,6080.55745513117
"2018-07-09 18:00:00",4290,4138.72409545466,3401.96393845752,4875.48425245179,3011.94667050974,5265.50152039957
"2018-07-09 19:00:00",3240,3345.93925982784,2609.17910274742,4082.69941690827,2219.16183475555,4472.71668490014
"2018-07-09 20:00:00",2861,2723.72945416966,1986.96929702905,3460.48961131027,1596.95202900533,3850.506879334
"2018-07-09 21:00:00",2633,2249.01631104609,1512.25615386119,2985.77646823098,1122.23888581402,3375.79373627815
"2018-07-09 22:00:00",2071,1782.93135784164,1046.17120062381,2519.69151505947,656.153932559208,2909.70878312407
"2018-07-09 23:00:00",1189,1207.81747884007,471.057321597839,1944.5776360823,81.0400535203203,2334.59490415982
"2018-07-10 00:00:00",688,554.762425584141,-181.997762689551,1291.52261385783,-572.015047194133,1681.53989836241
"2018-07-10 01:00:00",389,35.5821463098908,-701.178066207707,772.342358827489,-1091.19536354624,1162.35965616602
"2018-07-10 02:00:00",295,-48.9557546499156,-785.715971231064,687.804461931233,-1175.73327072071,1077.82176142088
"2018-07-10 03:00:00",364,518.501596816067,-218.258619902811,1255.26181353494,-608.275919465364,1645.2791130975
"2018-07-10 04:00:00",898,1719.58726895823,982.827052035066,2456.34748588139,592.809752364371,2846.36478555209
"2018-07-10 05:00:00",3137,3261.44371020485,2524.68349220209,3998.20392820761,2134.66619195989,4388.22122844981
"2018-07-10 06:00:00",5886,4684.59781210852,3947.83759262353,5421.35803159352,3557.82029159668,5811.37533262036
"2018-07-10 07:00:00",6134,5569.28773251836,4832.52751210947,6306.04795292724,4442.51021059354,6696.06525444317
"2018-07-10 08:00:00",5786,5733.03113351012,4996.27091269408,6469.79135432616,4606.25361096262,6859.80865605762
"2018-07-10 09:00:00",4843,5312.74880207033,4575.98858103063,6049.50902311003,4185.97127918077,6439.52632495989
"2018-07-10 10:00:00",4442,4686.0261299266,3949.26590869277,5422.78635116043,3559.24860674015,5812.80365311306
"2018-07-10 11:00:00",4586,4273.47820349304,3536.71798207443,5010.23842491164,3146.70068002399,5400.25572696208
"2018-07-10 12:00:00",4865,4326.44010651983,3589.6798849534,5063.20032808627,3199.6625828247,5453.21763021496
"2018-07-10 13:00:00",4719,4812.07625099836,4075.31602933132,5548.83647266539,3685.29872714938,5938.85377484734
"2018-07-10 14:00:00",4789,5451.94544720862,4715.18522547502,6188.70566894221,4325.16792325784,6578.7229711594
"2018-07-10 15:00:00",5681,5884.52017850637,5147.75995672509,6621.28040028766,4757.74265448266,7011.29770253009
"2018-07-10 16:00:00",6566,5858.22316465924,5121.46294284127,6594.98338647721,4731.44564057942,6985.00068873907
"2018-07-10 17:00:00",6081,5347.46836772065,4610.70814587445,6084.22858956685,4220.69084359765,6474.24589184364
"2018-07-10 18:00:00",4404,4535.4463617833,3798.68613991621,5272.20658365039,3408.66883762836,5662.22388593824
"2018-07-10 19:00:00",3219,3683.45864706887,2946.69842518674,4420.218868951,2556.68112289093,4810.23617124681
"2018-07-10 20:00:00",3053,2974.74689184393,2237.98666995093,3711.50711373693,1847.96936764936,4101.52441603849
"2018-07-10 21:00:00",3060,2426.94026537109,1690.1800434701,3163.70048727209,1300.1627411643,3553.71778957789
"2018-07-10 22:00:00",2203,1924.63681270918,1187.87659080223,2661.39703461612,797.859288493284,3051.41433692507
"2018-07-10 23:00:00",1311,1345.62621158935,608.865989678001,2082.3864335007,218.848687366719,2472.40373581198
"2018-07-11 00:00:00",661,695.397683504433,-41.3625440110334,1432.1579110199,-431.379849288956,1822.17521629782
"2018-07-11 01:00:00",401,158.34545310342,-578.414778790368,895.105684997208,-968.432086386033,1285.12299259287
"2018-07-11 02:00:00",321,24.4681424610244,-712.292090166619,761.228375088668,-1102.30939815076,1151.24568307281
"2018-07-11 03:00:00",384,525.276816285733,-211.483416366784,1262.03704893825,-601.500724364097,1652.05435693556
"2018-07-11 04:00:00",948,1673.80222711833,937.041994428924,2410.56245980774,547.024686412081,2800.57976782459
"2018-07-11 05:00:00",3193,3207.13081728159,2470.37058439721,3943.89105016597,2080.35327627715,4333.90835828602
"2018-07-11 06:00:00",5179,4675.87172043582,3939.11148728376,5412.63195358789,3549.094179022,5802.64926184964
"2018-07-11 07:00:00",6295,5642.79141280192,4906.03117948301,6379.55164612083,4516.01387113293,6769.56895447092
"2018-07-11 08:00:00",5930,5888.217563352,5151.45732995956,6624.97779674444,4761.44002157055,7014.99510513345
"2018-07-11 09:00:00",5025,5511.63461206602,4774.87437863319,6248.39484549886,4384.8570702228,6638.41215390925
"2018-07-11 10:00:00",4829,4873.14697229884,4136.38673883095,5609.90720576673,3746.369430402,5999.92451419568
"2018-07-11 11:00:00",5052,4404.99276525768,3668.23253175642,5141.75299875895,3278.21522330981,5531.77030720556
"2018-07-11 12:00:00",4974,4392.64841539809,3655.88818187013,5129.40864892605,3265.87087340939,5519.4259573868
"2018-07-11 13:00:00",4779,4840.81924649983,4104.0590129537,5577.57948004596,3714.04170448334,5967.59678851632
"2018-07-11 14:00:00",4974,5490.98162435721,4754.22139079906,6227.74185791536,4364.20408232233,6617.75916639208
"2018-07-11 15:00:00",5817,5973.07388475345,5236.31365118669,6709.83411832021,4846.29634270541,7099.8514268015
"2018-07-11 16:00:00",6522,6003.15751348249,5266.3972799091,6739.91774705587,4876.37997142431,7129.93505554066
"2018-07-11 17:00:00",5935,5517.61862526329,4780.85839168481,6254.37885884178,4390.84108319732,6644.39616732927
"2018-07-11 18:00:00",4568,4677.00836961023,3940.24813602797,5413.76860319249,3550.23082753849,5803.78591168197
"2018-07-11 19:00:00",3412,3748.76071631995,3012.00048273497,4485.52094990492,2621.98317424405,4875.53825839585
"2018-07-11 20:00:00",3033,2948.09488986884,2211.3346562819,3684.85512345577,1821.31734778994,4074.87243194774
"2018-07-11 21:00:00",2687,2333.9232969392,1597.16306335082,3070.68353052758,1207.14575485809,3460.70083902031
"2018-07-11 22:00:00",1960,1819.41867807548,1082.65844448602,2556.17891166493,692.641135992727,2946.19622015823
"2018-07-11 23:00:00",1294,1282.98671872678,546.226485136531,2019.74695231703,156.209176642813,2409.76426081075
"2018-07-12 00:00:00",699,702.666481549845,-34.0937530524789,1439.42671615217,-424.111062081957,1829.44402518165
"2018-07-12 01:00:00",408,222.220988161056,-514.53924723197,958.981223554081,-904.55655668002,1348.99853300213
"2018-07-12 02:00:00",296,99.1788192000819,-637.581416325474,835.939054725638,-1027.59872584368,1225.95636424385
"2018-07-12 03:00:00",364,557.775558531662,-178.984676998386,1294.53579406171,-569.001986518972,1684.5531035823
"2018-07-12 04:00:00",940,1632.29142351708,895.531187980372,2369.05165905379,505.51387845626,2759.06896857791
"2018-07-12 05:00:00",3070,3097.86799976682,2361.1077641949,3834.62823533874,1971.09045465214,4224.64554488149
"2018-07-12 06:00:00",5702,4539.88705408017,3803.1268184599,5276.64728970043,3413.10950889156,5666.66459926877
"2018-07-12 07:00:00",6456,5534.79887562718,4798.03863997678,6271.55911127758,4408.02133039249,6661.57642086187
"2018-07-12 08:00:00",5583,5849.3156476168,5112.55541195313,6586.07588328047,4722.5381023618,6976.0931928718
"2018-07-12 09:00:00",4958,5550.27964378522,4813.51940811425,6287.03987945619,4423.50209851907,6677.05718905138
"2018-07-12 10:00:00",4610,4963.8125064264,4227.0522707491,5700.5727421037,3837.03496115056,6090.59005170223
"2018-07-12 11:00:00",4848,4503.94641459607,3767.18617891274,5240.7066502794,3377.16886931102,5630.72395988112
"2018-07-12 12:00:00",4891,4461.56186019682,3724.80162450867,5198.32209588497,3334.78431490439,5588.33940548925
"2018-07-12 13:00:00",5188,4865.36183579321,4128.60160010178,5602.12207148464,3738.58429049576,5992.13938109065
"2018-07-12 14:00:00",5139,5485.31791718842,4748.55768149482,6222.07815288202,4358.54037188766,6612.09546248919
"2018-07-12 15:00:00",5743,5969.75856776005,5232.99833206489,6706.5188034552,4842.9810224569,7096.53611306319
"2018-07-12 16:00:00",6612,6035.5493749534,5298.78913925705,6772.30961064975,4908.77182964843,7162.32692025838
"2018-07-12 17:00:00",5795,5605.42276095467,4868.6625252574,6342.18299665194,4478.64521564829,6732.20030626105
"2018-07-12 18:00:00",3890,4822.11569078488,4085.35545508692,5558.87592648283,3695.33814547745,5948.8932360923
"2018-07-12 19:00:00",3237,3941.84467384867,3205.08443815023,4678.60490954712,2815.0671285405,5068.62221915685
"2018-07-12 20:00:00",2727,3179.06722409702,2442.30698839822,3915.82745979582,2052.28967878831,4305.84476940574
"2018-07-12 21:00:00",2497,2597.8321995621,1861.07196386304,3334.59243526116,1471.05465425299,3724.60974487122
"2018-07-12 22:00:00",1870,2112.74994738113,1375.98971168187,2849.51018308038,985.972402071715,3239.52749269054
"2018-07-12 23:00:00",1320,1592.72412759551,855.963891896115,2329.48436329491,465.946582285881,2719.50167290514
"2018-07-13 00:00:00",705,996.593096002195,259.832860120022,1733.35333188437,-130.184449586966,2123.37064159136
"2018-07-13 01:00:00",439,449.621445465746,-287.138790559224,1186.38168149071,-677.156100341805,1576.3989912733
"2018-07-13 02:00:00",350,205.435744013528,-531.324492035376,942.195980062432,-921.341801830627,1332.21328985768
"2018-07-13 03:00:00",373,507.99443944637,-228.765796603345,1244.75467549609,-618.783106399025,1634.77198529177
"2018-07-13 04:00:00",888,1432.07371556158,695.313479510664,2168.8339516125,305.296169714347,2558.85126140882
"2018-07-13 05:00:00",2917,2798.93767418804,2062.17743813076,3535.69791024532,1672.16012833108,3925.715220045
"2018-07-13 06:00:00",5268,4225.13049972756,3488.37026366155,4961.89073579357,3098.35295385725,5351.90804559787
"2018-07-13 07:00:00",5994,5287.91730009908,4551.15706402763,6024.67753617052,4161.13975422044,6414.69484597771
"2018-07-13 08:00:00",5288,5723.054642754,4986.29440668016,6459.81487882785,4596.2770968717,6849.83218863631
"2018-07-13 09:00:00",4543,5548.81999992313,4812.05976384796,6285.58023599829,4422.04245403881,6675.59754580745
"2018-07-13 10:00:00",4392,5047.89631720149,4311.13608112518,5784.65655327779,3921.11877131542,6174.67386308755
"2018-07-13 11:00:00",4740,4615.21206716787,3878.45183109048,5351.97230324527,3488.43452128014,5741.98961305561
"2018-07-13 12:00:00",5123,4552.31911564396,3815.55887956569,5289.07935172223,3425.5415697549,5679.09666153302
"2018-07-13 13:00:00",5059,4917.31549219966,4180.5552561208,5654.07572827852,3790.5379463097,6044.09303808963
"2018-07-13 14:00:00",5363,5507.69745179296,4770.93721571371,6244.45768787221,4380.9199059024,6634.47499768353
"2018-07-13 15:00:00",5914,5980.21768970883,5243.45745362929,6716.97792578836,4853.44014381783,7106.99523559982
"2018-07-13 16:00:00",6153,6038.2588816298,5301.49864555005,6775.01911770955,4911.48133573847,7165.03642752113
"2018-07-13 17:00:00",5257,5583.47206205528,4846.71182597536,6320.23229813519,4456.6945161637,6710.24960794686
"2018-07-13 18:00:00",4664,4752.69258764684,4015.9323515668,5489.45282372688,3625.91504175507,5879.47013353861
"2018-07-13 19:00:00",3664,3827.3949537511,3090.63471767097,4564.15518983122,2700.61740785919,4954.172499643
"2018-07-13 20:00:00",3260,3073.79819067885,2337.03795459866,3810.55842675904,1947.02064478684,4200.57573657085
"2018-07-13 21:00:00",3064,2606.41843394832,1869.65819786808,3343.17867002856,1479.64088805625,3733.1959798404
"2018-07-13 22:00:00",2835,2349.65752716578,1612.8972910855,3086.41776324605,1222.87998127365,3476.43507305791
"2018-07-13 23:00:00",1971,2112.43557703376,1375.67534095346,2849.19581311406,985.658031141589,3239.21312292593
"2018-07-14 00:00:00",1233,1725.90604131431,989.145805201,2462.66627742761,599.128495371656,2852.68358725696
"2018-07-14 01:00:00",696,1160.83746936109,424.077233221998,1897.59770550019,34.0599233790022,2287.61501534318
"2018-07-14 02:00:00",646,556.930404287177,-179.82983185624,1293.69064043059,-569.847141701524,1683.70795027588
"2018-07-14 03:00:00",437,149.858272099611,-586.901964043953,886.618508243175,-976.919273889314,1276.63581808854
"2018-07-14 04:00:00",444,141.372409037934,-595.387827105847,878.132645181715,-985.405136951323,1268.14995502719
"2018-07-14 05:00:00",858,588.480287497647,-148.279948647282,1325.24052364258,-538.297258493367,1715.25783348866
"2018-07-14 06:00:00",1422,1373.45904164175,636.69880549524,2110.21927778825,246.681495648321,2500.23658763517
"2018-07-14 07:00:00",1991,2267.53563582024,1530.77539967275,3004.29587196772,1140.75808982531,3394.31318181516
"2018-07-14 08:00:00",2714,3047.22397750947,2310.46374136154,3783.98421365739,1920.44643151388,4174.00152350506
"2018-07-14 09:00:00",3471,3595.03454589696,2858.2743097488,4331.79478204512,2468.256999901,4721.81209189291
"2018-07-14 10:00:00",3718,3930.06096551848,3193.30072937012,4666.82120166685,2803.28341952221,5056.83851151475
"2018-07-14 11:00:00",4213,4158.56896268433,3421.80872653577,4895.32919883289,3031.79141668776,5285.3465086809
"2018-07-14 12:00:00",4524,4382.21796403235,3645.45772788363,5118.97820018107,3255.44041803554,5508.99551002916
"2018-07-14 13:00:00",4218,4623.79787365301,3887.03763750419,5360.55810980184,3497.02032765604,5750.57541964999
"2018-07-14 14:00:00",4242,4815.16075927995,4078.40052313105,5551.92099542885,3688.38321328287,5941.93830527703
"2018-07-14 15:00:00",4306,4850.39812656012,4113.63789041117,5587.15836270906,3723.62058056296,5977.17567255728
"2018-07-14 16:00:00",4317,4665.86228358525,3929.10204743626,5402.62251973424,3539.08473758803,5792.63982958247
"2018-07-14 17:00:00",4354,4292.64485817712,3555.8846220281,5029.40509432613,3165.86731217985,5419.42240417438
"2018-07-14 18:00:00",4109,3846.08902933552,3109.32879318648,4582.84926548456,2719.31148333822,4972.86657533282
"2018-07-14 19:00:00",3446,3457.97372134571,2721.21348519666,4194.73395749477,2331.19617534839,4584.75126734304
"2018-07-14 20:00:00",3192,3194.5488684864,2457.78863233733,3931.30910463547,2067.77132248906,4321.32641448374
"2018-07-14 21:00:00",3272,3013.60141063551,2276.84117448644,3750.36164678459,1886.82386463816,4140.37895663287
"2018-07-14 22:00:00",3074,2790.36884050596,2053.60860435688,3527.12907665505,1663.5912945086,3917.14638650333
"2018-07-14 23:00:00",2275,2399.34073578261,1662.58049963353,3136.1009719317,1272.56318978524,3526.11828177999
"2018-07-15 00:00:00",1350,1803.46566951712,1066.70543336208,2540.22590567217,676.688123510635,2930.24321552361
"2018-07-15 01:00:00",826,1096.02699294701,359.266756787308,1832.78722910672,-30.7505530665981,2222.80453896062
"2018-07-15 02:00:00",699,467.67553114095,-269.084705019536,1204.43576730144,-659.102014873855,1594.45307715575
"2018-07-15 03:00:00",435,115.445446896388,-621.314789264124,852.2056830569,-1011.33209911846,1242.22299291123
"2018-07-15 04:00:00",366,145.391130991651,-591.369105168901,882.151367152203,-981.386415023254,1272.16867700656
"2018-07-15 05:00:00",508,524.378716049501,-212.381520111258,1261.13895221026,-602.398829965722,1651.15626206472
"2018-07-15 06:00:00",933,1107.24505970962,370.484823548572,1844.00529587066,-19.5324863060425,2234.02260572527
"2018-07-15 07:00:00",1195,1720.76409626272,984.003860101496,2457.52433242394,593.986550246787,2847.54164227865
"2018-07-15 08:00:00",1814,2252.79523049211,1516.03499433081,2989.55546665341,1126.01768447606,3379.57277650816
"2018-07-15 09:00:00",2911,2693.71888527822,1956.95864911688,3430.47912143957,1566.94133926211,3820.49643129434
"2018-07-15 10:00:00",3310,3108.36147091013,2371.60123474875,3845.12170707151,1981.58392489396,4235.1390169263
"2018-07-15 11:00:00",3655,3560.70957685703,2823.94934069562,4297.46981301845,2433.93203084081,4687.48712287326
"2018-07-15 12:00:00",4245,4043.31572734719,3306.55549118574,4780.07596350863,2916.53818133092,5170.09327336346
"2018-07-15 13:00:00",4233,4459.85474835776,3723.0945121963,5196.61498451923,3333.07720234146,5586.63229437406
"2018-07-15 14:00:00",4129,4674.57534140854,3937.81510524706,5411.33557757001,3547.79779539222,5801.35288742486
"2018-07-15 15:00:00",4063,4598.0042890618,3861.24405290032,5334.76452522329,3471.22674304547,5724.78183507813
"2018-07-15 16:00:00",4438,4252.43850628027,3515.67827011878,4989.19874244176,3125.66096026393,5379.21605229662
"2018-07-15 17:00:00",4321,3770.71388268719,3033.9536465257,4507.47411884869,2643.93633667084,4897.49142870355
"2018-07-15 18:00:00",3836,3322.84547215546,2586.08523599395,4059.60570831696,2196.0679261391,4449.62301817181
"2018-07-15 19:00:00",3535,3012.51588805484,2275.75565189333,3749.27612421634,1885.73834203848,4139.2934340712
"2018-07-15 20:00:00",3015,2809.2010242695,2072.440788108,3545.96126043101,1682.42347825314,3935.97857028587
"2018-07-15 21:00:00",2671,2564.90367541131,1828.1434392498,3301.66391157282,1438.12612939494,3691.68122142768
"2018-07-15 22:00:00",2009,2114.85147275096,1378.09123658945,2851.61170891247,988.07392673459,3241.62901876733
"2018-07-15 23:00:00",1244,1407.52602730607,670.765791144557,2144.28626346758,280.748481289696,2534.30357332244
"2018-07-16 00:00:00",721,584.401072826321,-152.359163336266,1321.16130898891,-542.376473191697,1711.17861884434
"2018-07-16 01:00:00",458,-48.4688980971768,-785.229134260605,688.291338066251,-1175.24644411648,1078.30864792213
"2018-07-16 02:00:00",297,-155.779245266699,-892.539481430268,580.980990896869,-1282.55679128622,970.998300752821
"2018-07-16 03:00:00",368,449.836126707489,-286.924109456085,1186.59636287106,-676.941419312039,1576.61367272702
"2018-07-16 04:00:00",935,1684.97097419536,948.210738031775,2421.73121035894,558.193428175818,2811.74852021489
"2018-07-16 05:00:00",3048,3201.01618111639,2464.25594495277,3937.77641728001,2074.23863509679,4327.79372713598
"2018-07-16 06:00:00",5593,4526.19178050051,3789.43154433684,5262.95201666418,3399.41423448083,5652.96932652018
"2018-07-16 07:00:00",5793,5277.57956298154,4540.81932681784,6014.33979914524,4150.80201696182,6404.35710900126
"2018-07-16 08:00:00",5647,5335.43272083105,4598.67248466734,6072.19295699477,4208.65517481131,6462.2102668508
"2018-07-16 09:00:00",4603,4888.5492605978,4151.78902443407,5625.30949676152,3761.77171457804,6015.32680661755
"2018-07-16 10:00:00",4346,4326.35408972766,3589.59385356393,5063.11432589139,3199.57654370789,5453.13163574742
"2018-07-16 11:00:00",4504,4034.54944701597,3297.78921085224,4771.30968317971,2907.7719009962,5161.32699303575
"2018-07-16 12:00:00",4588,4202.02575012391,3465.26551396017,4938.78598628765,3075.24820410413,5328.8032961437
"2018-07-16 13:00:00",4558,4738.95288130111,4002.19264513737,5475.71311746486,3612.17533528132,5865.7304273209
"2018-07-16 14:00:00",4794,5343.94410446215,4607.1838682984,6080.7043406259,4217.16655844236,6470.72165048194
"2018-07-16 15:00:00",5558,5676.70440221345,4939.9441660497,6413.4646383772,4549.92685619365,6803.48194823324
"2018-07-16 16:00:00",6269,5537.23626638914,4800.47603022539,6273.99650255289,4410.45872036934,6664.01381240894
"2018-07-16 17:00:00",5708,4953.92382357898,4217.16358741523,5690.68405974274,3827.14627755919,6080.70136959878
"2018-07-16 18:00:00",4203,4138.81450199594,3402.05426583219,4875.57473815969,3012.03695597614,5265.59204801574
"2018-07-16 19:00:00",3277,3346.04807636981,2609.28784020606,4082.80831253356,2219.27053035001,4472.82562238961
"2018-07-16 20:00:00",2900,2723.66465394554,1986.90441778178,3460.42489010929,1596.88710792573,3850.44219996534
"2018-07-16 21:00:00",2424,2248.83402451834,1512.07378835459,2985.59426068209,1122.05647849854,3375.61157053814
"2018-07-16 22:00:00",1965,1782.93273437468,1046.17249821093,2519.69297053844,656.155188354883,2909.71028039449
"2018-07-16 23:00:00",1096,1208.0146083468,471.254372183045,1944.77484451055,81.237062326996,2334.7921543666
"2018-07-17 00:00:00",595,554.828808428212,-181.931427735737,1291.58904459216,-571.948737591888,1681.60635444831
"2018-07-17 01:00:00",407,35.5821029738765,-701.178133190224,772.342339137977,-1091.19544304646,1162.35964899421
"2018-07-17 02:00:00",274,-48.9554389043084,-785.715675068434,687.804797259817,-1175.73298492468,1077.82210711606
"2018-07-17 03:00:00",356,518.582923862634,-218.177312301492,1255.34316002676,-608.194622157738,1645.36046988301
"2018-07-17 04:00:00",930,1719.76966624653,983.009430082401,2456.52990241066,592.992120226154,2846.5472122669
"2018-07-17 05:00:00",3171,3261.5607418691,2524.80050570497,3998.32097803323,2134.78319584871,4388.33828788948
"2018-07-17 06:00:00",5870,4684.5731671877,3947.81293102356,5421.33340335185,3557.7956211673,5811.3507132081
"2018-07-17 07:00:00",6417,5569.27404212207,4832.51380595792,6306.03427828622,4442.49649610166,6696.05158814247
"2018-07-17 08:00:00",5455,5733.14402892783,4996.38379276368,6469.90426509198,4606.36648290742,6859.92157494824
"2018-07-17 09:00:00",5030,5312.87832468574,4576.11808852158,6049.63856084989,4186.10077866532,6439.65587070615
"2018-07-17 10:00:00",4346,4686.07093421147,3949.31069804732,5422.83117037563,3559.29338819106,5812.84848023189
"2018-07-17 11:00:00",4540,4273.34927541866,3536.5890392545,5010.10951158281,3146.57172939824,5400.12682143908
"2018-07-17 12:00:00",4952,4326.21393622851,3589.45370006435,5062.97417239266,3199.43639020809,5452.99148224892
"2018-07-17 13:00:00",4576,4811.95590635734,4075.19567019318,5548.71614252149,3685.17836033692,5938.73345237776
"2018-07-17 14:00:00",5011,5451.91355424539,4715.15331808123,6188.67379040955,4325.13600822497,6578.69110026581
"2018-07-17 15:00:00",5573,5884.53516488967,5147.77492872552,6621.29540105383,4757.75761886925,7011.31271091009
"2018-07-17 16:00:00",6358,5858.20978943849,5121.44955327433,6594.97002560265,4731.43224341807,6984.98733545891
"2018-07-17 17:00:00",5698,5347.52947471084,4610.76923854669,6084.289710875,4220.75192869042,6474.30702073126
"2018-07-17 18:00:00",4360,4535.48478134292,3798.72454517876,5272.24501750708,3408.7072353225,5662.26232736334
"2018-07-17 19:00:00",3337,3683.50489022605,2946.7446540619,4420.26512639021,2556.72734420563,4810.28243624648
"2018-07-17 20:00:00",3113,2974.71935405676,2237.9591178926,3711.47959022092,1847.94180803634,4101.49690007718
"2018-07-17 21:00:00",2754,2426.86280008792,1690.10256392376,3163.62303625207,1300.08525406749,3553.64034610834
"2018-07-17 22:00:00",2209,1924.63739768732,1187.87716152317,2661.39763385148,797.859851666903,3051.41494370775
"2018-07-17 23:00:00",1242,1345.70998460642,608.949748442266,2082.47022077058,218.932438586003,2472.48753062685
"2018-07-18 00:00:00",657,695.425893845709,-41.334342318485,1432.1861300099,-431.351652174767,1822.20343986618
"2018-07-18 01:00:00",410,158.345434686635,-578.414801477587,895.105670850856,-968.432111333883,1285.12298070715
"2018-07-18 02:00:00",313,24.4682766418265,-712.291959522399,761.228512806052,-1102.3092693787,1151.24582266235
"2018-07-18 03:00:00",377,525.311377384849,-211.448858779376,1262.07161354908,-601.466168635675,1652.08892340537
"2018-07-18 04:00:00",894,1673.87973946803,937.119503303807,2410.63997563226,547.102193447508,2800.65728548856
"2018-07-18 05:00:00",3189,3207.18055156294,2470.42031539871,3943.94078772717,2080.40300554241,4333.95809758347
"2018-07-18 06:00:00",5769,4675.86124722387,3939.10101105964,5412.6214833881,3549.08370120334,5802.6387932444
"2018-07-18 07:00:00",6200,5642.7855948735,4906.02535870927,6379.54583103773,4516.00804885297,6769.56314089403
"2018-07-18 08:00:00",5696,5888.26553988152,5151.50530371729,6625.02577604576,4761.48799386099,7015.04308590206
"2018-07-18 09:00:00",5129,5511.68965456499,4774.92941840076,6248.44989072922,4384.91210854445,6638.46720058552
"2018-07-18 10:00:00",4560,4873.16601252281,4136.40577635857,5609.92624868704,3746.38846650227,5999.94355854334
"2018-07-18 11:00:00",4752,4404.93797541985,3668.17773925561,5141.69821158408,3278.16042939931,5531.71552144038
"2018-07-18 12:00:00",4916,4392.5523010817,3655.79206491747,5129.31253724593,3265.77475506116,5519.32984710223
"2018-07-18 13:00:00",4714,4840.7681043162,4104.00786815197,5577.52834048044,3713.99055829567,5967.54565033674
"2018-07-18 14:00:00",5138,5490.96807098323,4754.207834819,6227.72830714746,4364.1905249627,6617.74561700376
"2018-07-18 15:00:00",5677,5973.08025343156,5236.32001726733,6709.84048959579,4846.30270741103,7099.8577994521
"2018-07-18 16:00:00",6606,6003.15182948906,5266.39159332483,6739.91206565329,4876.37428346852,7129.92937550959
"2018-07-18 17:00:00",6084,5517.64459355796,4780.88435739373,6254.4048297222,4390.86704753743,6644.4221395785
"2018-07-18 18:00:00",4941,4677.02469655385,3940.26446038962,5413.78493271808,3550.24715053332,5803.80224257438
"2018-07-18 19:00:00",3461,3748.78036801027,3012.02013184604,4485.54060417451,2622.00282198974,4875.55791403081
"2018-07-18 20:00:00",3177,2948.08318729046,2211.32295112623,3684.84342345469,1821.30564126993,4074.860733311
"2018-07-18 21:00:00",2949,2333.89037696421,1597.13014079997,3070.65061312844,1207.11283094367,3460.66792298474
"2018-07-18 22:00:00",2200,1819.41892666826,1082.65869050403,2556.17916283249,692.641380647724,2946.19647268879
"2018-07-18 23:00:00",1271,1283.02231927241,546.262083108183,2019.78255543665,156.244773251881,2409.79986529295
"2018-07-19 00:00:00",697,702.678469938697,-34.0817662255411,1439.43870610293,-424.099076081847,1829.45601595924
"2018-07-19 01:00:00",423,222.220980334916,-514.539255829327,958.981216499159,-904.556565685635,1348.99852635547
"2018-07-19 02:00:00",303,99.1788762212236,-637.58135994302,835.939112385467,-1027.59866979933,1225.95642224178
"2018-07-19 03:00:00",369,557.790245767673,-178.969990396571,1294.55048193192,-568.987300252879,1684.56779178823
"2018-07-19 04:00:00",896,1632.32436350058,895.564127336331,2369.08459966482,505.546817480023,2759.10190952113
"2018-07-19 05:00:00",3110,3097.88913507108,2361.12889890683,3834.64937123532,1971.11158905053,4224.66668109163
"2018-07-19 06:00:00",5752,4539.88260333903,3803.12236717478,5276.64283950327,3413.10505731847,5666.66014935958
"2018-07-19 07:00:00",6246,5534.79640321058,4798.03616704634,6271.55663937483,4408.01885719003,6661.57394923114
"2018-07-19 08:00:00",5702,5849.33603593486,5112.57579977062,6586.09627209911,4722.55848991431,6976.11358195542
"2018-07-19 09:00:00",4855,5550.30303488462,4813.54279872038,6287.06327104887,4423.52548886407,6677.08058090518
"2018-07-19 10:00:00",4492,4963.82059784391,4227.06036167967,5700.58083400816,3837.04305182336,6090.59814386447
"2018-07-19 11:00:00",4677,4503.92313086841,3767.16289470416,5240.68336703265,3377.14558484785,5630.70067688896
"2018-07-19 12:00:00",4861,4461.52101503656,3724.76077887231,5198.2812512008,3334.743469016,5588.29856105711
"2018-07-19 13:00:00",4734,4865.34010218602,4128.57986602177,5602.10033835026,3738.56255616546,5992.11764820657
"2018-07-19 14:00:00",5135,5485.31215748535,4748.55192132111,6222.0723936496,4358.5346114648,6612.08970350591
"2018-07-19 15:00:00",5704,5969.76127422214,5233.00103805789,6706.52151038638,4842.98372820159,7096.53882024269
"2018-07-19 16:00:00",6459,6035.54695945823,5298.78672329398,6772.30719562247,4908.76941343767,7162.32450547878
"2018-07-19 17:00:00",5872,5605.4337965517,4868.67356038745,6342.19403271594,4478.65625053114,6732.21134257225
"2018-07-19 18:00:00",4497,4822.12262915448,4085.36239299023,5558.88286531872,3695.34508313393,5948.90017517503
"2018-07-19 19:00:00",3419,3941.85302511692,3205.09278895268,4678.61326128117,2815.07547909637,5068.63057113748
"2018-07-19 20:00:00",2991,3179.06225092179,2442.30201475754,3915.82248708603,2052.28470490123,4305.83979694234
"2018-07-19 21:00:00",2613,2597.81820973824,1861.05797357399,3334.57844590248,1471.04066371768,3724.59575575879
"2018-07-19 22:00:00",2282,2112.75005302563,1375.98981686139,2849.51028918988,985.97250700508,3239.52759904619
"2018-07-19 23:00:00",1454,1592.73925656188,855.979020397631,2329.49949272612,465.961710541322,2719.51680258243
"2018-07-20 00:00:00",693,996.598190641091,259.837954476845,1733.35842680534,-130.179355379465,2123.37573666165
"2018-07-20 01:00:00",460,449.621442137341,-287.138794026906,1186.38167830159,-677.156103883216,1576.3989881579
"2018-07-20 02:00:00",360,205.435768247476,-531.324467916771,942.196004411723,-921.341777773081,1332.21331426803
"2018-07-20 03:00:00",376,508.000680999823,-228.759555164424,1244.76091716407,-618.776865020734,1634.77822702038
"2018-07-20 04:00:00",873,1432.08771388399,695.327477719745,2168.84795004824,305.310167863434,2558.86525990455
"2018-07-20 05:00:00",2822,2798.94665593556,2062.18641977131,3535.70689209981,1672.169109915,3925.72420195612
"2018-07-20 06:00:00",5266,4225.12860832286,3488.36837215861,4961.88884448711,3098.3510623023,5351.90615434342
"2018-07-20 07:00:00",5821,5287.91624941157,4551.15601324733,6024.67648557582,4161.13870339102,6414.69379543213
"2018-07-20 08:00:00",5339,5723.06330706204,4986.3030708978,6459.82354322629,4596.28576104149,6849.8408530826
"2018-07-20 09:00:00",4816,5548.82994030557,4812.06970414132,6285.59017646982,4422.05239428501,6675.60748632613
"2018-07-20 10:00:00",4592,5047.89975576736,4311.13951960311,5784.6599919316,3921.1222097468,6174.67730178791
"2018-07-20 11:00:00",4823,4615.20217241349,3878.44193624924,5351.96240857774,3488.42462639293,5741.97971843405
"2018-07-20 12:00:00",5253,4552.30175790656,3815.54152174231,5289.0619940708,3425.524211886,5679.07930392711
"2018-07-20 13:00:00",5169,4917.30625618822,4180.54602002397,5654.06649235246,3790.52871016766,6044.08380220877
"2018-07-20 14:00:00",5413,5507.69500412528,4770.93476796103,6244.45524028953,4380.91745810472,6634.47255014584
"2018-07-20 15:00:00",5602,5980.21883985822,5243.45860369397,6716.97907602246,4853.44129383766,7106.99638587877
"2018-07-20 16:00:00",6086,6038.25785513107,5301.49761896682,6775.01809129532,4911.48030911051,7165.03540115163
"2018-07-20 17:00:00",4987,5583.47675179208,4846.71651562783,6320.23698795632,4456.69920577152,6710.25429781263
"2018-07-20 18:00:00",4465,4752.69553620753,4015.93530004328,5489.45577237178,3625.91799018697,5879.47308222809
"2018-07-20 19:00:00",3574,3827.39850274088,3090.63826657663,4564.15873890512,2700.62095672032,4954.17604876143
"2018-07-20 20:00:00",3124,3073.79607725394,2337.03584108969,3810.55631341818,1947.01853123338,4200.57362327449
"2018-07-20 21:00:00",3121,2606.41248877517,1869.65225261092,3343.17272493942,1479.63494275461,3733.19003479573
"2018-07-20 22:00:00",3032,2349.65757206555,1612.8973359013,3086.41780822979,1222.88002604499,3476.4351180861
"2018-07-20 23:00:00",2030,2112.44200630355,1375.6817701393,2849.2022424678,985.66446028299,3239.21955232411
"2018-07-21 00:00:00",1235,1725.9082063518,989.147970187556,2462.66844251605,599.130660331245,2852.68575237236
"2018-07-21 01:00:00",781,1160.8374679479,424.077231783653,1897.59770411215,34.0599219273422,2287.61501396846
"2018-07-21 02:00:00",648,556.930414585586,-179.829821578662,1293.69065074983,-569.847131434972,1683.70796060614
"2018-07-21 03:00:00",418,149.860924535813,-586.899311628435,886.62116070006,-976.916621484746,1276.63847055637
"2018-07-21 04:00:00",478,141.378357822024,-595.381878342224,878.138593986272,-985.399188198534,1268.15590384258
"2018-07-21 05:00:00",903,588.484104423352,-148.276131740896,1325.2443405876,-538.293441597206,1715.26165044391
"2018-07-21 06:00:00",1500,1373.4582378616,636.698001697351,2110.21847402585,246.680691841041,2500.23578388216
"2018-07-21 07:00:00",2236,2267.53518931617,1530.77495315192,3004.29542548041,1140.75764329561,3394.31273533672
"2018-07-21 08:00:00",3031,3047.22765953006,2310.46742336581,3783.98789569431,1920.4501135095,4174.00520555062
"2018-07-21 09:00:00",3883,3595.03877020586,2858.27853404161,4331.7990063701,2468.2612241853,4721.81631622642
"2018-07-21 10:00:00",4045,3930.06242678715,3193.3021906229,4666.82266295139,2803.28488076659,5056.8399728077
"2018-07-21 11:00:00",4418,4158.56475776497,3421.80452160072,4895.32499392922,3031.78721174441,5285.34230378553
"2018-07-21 12:00:00",4505,4382.21058761233,3645.45035144808,5118.97082377658,3255.43304159177,5508.98813363289
"2018-07-21 13:00:00",4644,4623.7939486789,3887.03371251465,5360.55418484315,3497.01640265834,5750.57149469946
"2018-07-21 14:00:00",4796,4815.15971910469,4078.39948294045,5551.91995526894,3688.38217308414,5941.93726512525
"2018-07-21 15:00:00",4674,4850.39861533312,4113.63837916887,5587.15885149736,3723.62106931256,5977.17616135367
"2018-07-21 16:00:00",4788,4665.86184735986,3929.10161119561,5402.62208352411,3539.0843013393,5792.63939338042
"2018-07-21 17:00:00",4562,4292.64685115308,3555.88661498883,5029.40708731733,3165.86930513252,5419.42439717364
"2018-07-21 18:00:00",4253,3846.09028236913,3109.33004620488,4582.85051853338,2719.31273634857,4972.86782838969
"2018-07-21 19:00:00",3815,3457.97522954049,2721.21499337624,4194.73546570474,2331.19768351993,4584.75277556105
"2018-07-21 20:00:00",3434,3194.5479703536,2457.78773418935,3931.30820651785,2067.77042433304,4321.32551637416
"2018-07-21 21:00:00",3435,3013.59888414996,2276.83864798571,3750.35912031421,1886.8213381294,4140.37643017052
"2018-07-21 22:00:00",3131,2790.3688595819,2053.60862341765,3527.12909574614,1663.59131356134,3917.14640560246
"2018-07-21 23:00:00",2292,2399.3434679938,1662.58323182955,3136.10370415805,1272.56592197324,3526.12101401436
"2018-07-22 00:00:00",1408,1803.46658958504,1066.70635342079,2540.22682574929,676.689043564481,2930.2441356056
"2018-07-22 01:00:00",969,1096.02699234702,359.266756182774,1832.78722851127,-30.7505536735362,2222.80453836758
"2018-07-22 02:00:00",749,467.675535514811,-269.084700649437,1204.43577167906,-659.102010505748,1594.45308153537
"2018-07-22 03:00:00",344,115.446574086364,-621.313662077884,852.206810250612,-1011.33097193419,1242.22412010692
"2018-07-22 04:00:00",355,145.393659014962,-591.366577149287,882.15389517921,-981.383887005597,1272.17120503552
"2018-07-22 05:00:00",525,524.38033810495,-212.379898059298,1261.1405742692,-602.397207915608,1651.15788412551
"2018-07-22 06:00:00",902,1107.24471812717,370.48448196292,1844.00495429142,-19.5328278933905,2234.02226414773
"2018-07-22 07:00:00",1297,1720.76390651482,984.003670350571,2457.52414267907,593.986360494261,2847.54145253538
"2018-07-22 08:00:00",2009,2252.79679522247,1516.03655905822,2989.55703138672,1126.01924920191,3379.57434124303
"2018-07-22 09:00:00",2927,2693.72068045912,1956.96044429487,3430.48091662337,1566.94313443856,3820.49822647968
"2018-07-22 10:00:00",3711,3108.36209189432,2371.60185573007,3845.12232805857,1981.58454587376,4235.13963791488
"2018-07-22 11:00:00",4021,3560.70778991759,2823.94755375334,4297.46802608183,2433.93024389703,4687.48533593814
"2018-07-22 12:00:00",4250,4043.31259263333,3306.55235646909,4780.07282879758,2916.53504661278,5170.09013865389
"2018-07-22 13:00:00",4491,4459.85308038376,3723.09284421951,5196.61331654801,3333.0755343632,5586.63062640432
"2018-07-22 14:00:00",4463,4674.57489937222,3937.81466320797,5411.33513553647,3547.79735335166,5801.35244539278
"2018-07-22 15:00:00",4657,4598.00449677205,3861.2442606078,5334.76473293629,3471.22695075149,5724.7820427926
"2018-07-22 16:00:00",4875,4252.43832090185,3515.6780847376,4989.1985570661,3125.66077488129,5379.21586692241
"2018-07-22 17:00:00",4657,3770.71472962905,3033.9544934648,4507.4749657933,2643.93718360849,4897.49227564961
"2018-07-22 18:00:00",4098,3322.84600464749,2586.08576848324,4059.60624081174,2196.06845862693,4449.62355066805
"2018-07-22 19:00:00",3661,3012.51652898614,2275.75629282189,3749.27676515039,1885.73898296558,4139.2940750067
"2018-07-22 20:00:00",3135,2809.20064259311,2072.44040642886,3545.96087875736,1682.42309657255,3935.97818861367
"2018-07-22 21:00:00",2803,2564.9026017414,1828.14236557715,3301.66283790565,1438.12505572084,3691.68014776196
"2018-07-22 22:00:00",2224,2114.85148085791,1378.09124469367,2851.61171702216,988.073934837357,3241.62902687847
"2018-07-22 23:00:00",1397,1407.52718839788,670.766952233632,2144.28742456213,280.749642377322,2534.30473441844
"2018-07-23 00:00:00",714,584.401463820624,-152.358772343623,1321.16169998487,-542.376082199933,1711.17900984118
"2018-07-23 01:00:00",402,-48.4688983548461,-785.229134519094,688.291337809402,-1175.2464443754,1078.30864766571
"2018-07-23 02:00:00",354,-155.779243408216,-892.539479572464,580.980992756031,-1282.55678942877,970.998302612341
"2018-07-23 03:00:00",355,449.836605723026,-286.923630441222,1186.59684188727,-676.940940297532,1576.61415174358
"2018-07-23 04:00:00",957,1684.97204851564,948.211812351392,2421.73228467989,558.194502495082,2811.7495945362
"2018-07-23 05:00:00",3008,3201.01687043001,2464.25663426576,3937.77710659426,2074.23932440945,4327.79441645057
"2018-07-23 06:00:00",5617,4526.19163534503,3789.43139918078,5262.95187150928,3399.41408932447,5652.96918136559
"2018-07-23 07:00:00",6306,5277.57948234559,4540.81924618134,6014.33971850983,4150.80193632503,6404.35702836614
"2018-07-23 08:00:00",5522,5335.43338578274,4598.67314961849,6072.19362194699,4208.65583976218,6462.2109318033
"2018-07-23 09:00:00",4735,4888.55002348457,4151.78978732033,5625.31025964882,3761.77247746402,6015.32756950513
"2018-07-23 10:00:00",4209,4326.35435362448,3589.59411746024,5063.11458978873,3199.57680760393,5453.13189964504
"2018-07-23 11:00:00",4485,4034.54868762967,3297.78845146543,4771.30892379392,2907.77114160912,5161.32623365023
"2018-07-23 12:00:00",4800,4202.02441798162,3465.26418181737,4938.78465414587,3075.24687196106,5328.80196400218
"2018-07-23 13:00:00",4475,4738.9521724707,4002.19193630646,5475.71240863495,3612.17462645015,5865.72971849126
"2018-07-23 14:00:00",4677,5343.94391661389,4607.18368044964,6080.70415277813,4217.16637059333,6470.72146263444
"2018-07-23 15:00:00",5413,5676.70449048407,4939.94425431982,6413.46472664832,4549.92694446351,6803.48203650463
"2018-07-23 16:00:00",6317,5537.23618760773,4800.47595144348,6273.99642377198,4410.45864158717,6664.01373362829
"2018-07-23 17:00:00",5701,4953.9241834969,4217.16394733265,5690.68441966115,3827.14663747634,6080.70172951746
"2018-07-23 18:00:00",4293,4138.81472828724,3402.05449212299,4875.57496445149,3012.03718226668,5265.5922743078
"2018-07-23 19:00:00",3143,3346.04834874265,2609.2881125784,4082.8085849069,2219.27080272209,4472.82589476321
"2018-07-23 20:00:00",2833,2723.66449174675,1986.9042555825,3460.424727911,1596.88694572619,3850.44203776731
"2018-07-23 21:00:00",2492,2248.83356824914,1512.0733320849,2985.59380441339,1122.05602222859,3375.6111142697
"2018-07-23 22:00:00",1690,1782.93273781678,1046.17250165253,2519.69297398103,656.155191796219,2909.71028383734
"2018-07-23 23:00:00",1182,1208.01510176992,471.254865605669,1944.77533793416,81.2375557493585,2334.79264779047
"2018-07-24 00:00:00",638,554.828974587053,-181.931261577195,1291.5892107513,-571.948571433505,1681.60652060761
"2018-07-24 01:00:00",391,35.582102868199,-701.178133296049,772.342339032447,-1091.19544315236,1162.35964888876
"2018-07-24 02:00:00",297,-48.9554381150417,-785.71567427929,687.804798049206,-1175.7329841356,1077.82210790552
"2018-07-24 03:00:00",390,518.583127428211,-218.177108736037,1255.34336359246,-608.194418592348,1645.36067344877
"2018-07-24 04:00:00",891,1719.77012279154,983.009886627292,2456.53035895579,592.992576770981,2846.5476688121
"2018-07-24 05:00:00",3184,3261.56103480526,2524.80079864101,3998.32127096951,2134.7834887847,4388.33858082582
"2018-07-24 06:00:00",5782,4684.57310550053,3947.81286933628,5421.33334166478,3557.79555947997,5811.35065152109
"2018-07-24 07:00:00",6409,5569.27400785304,4832.51377168879,6306.03424401728,4442.49646183248,6696.05155387359
"2018-07-24 08:00:00",5658,5733.14431150861,4996.38407534437,6469.90454767286,4606.36676548806,6859.92185752917
"2018-07-24 09:00:00",4984,5312.87864888679,4576.11841272254,6049.63888505104,4186.10110286623,6439.65619490735
"2018-07-24 10:00:00",4386,4686.07104635679,3949.31081019254,5422.83128252103,3559.29350033623,5812.84859237735
"2018-07-24 11:00:00",4634,4273.34895270791,3536.58871654367,5010.10918887216,3146.57140668736,5400.12649872847
"2018-07-24 12:00:00",4805,4326.21337011467,3589.45313395042,5062.97360627892,3199.43582409411,5452.99091613523
"2018-07-24 13:00:00",4664,4811.95560513196,4075.19536896771,5548.71584129621,3685.1780591114,5938.73315115252
"2018-07-24 14:00:00",4944,5451.91347441558,4715.15323825134,6188.67371057983,4325.13592839503,6578.69102043614
"2018-07-24 15:00:00",5699,5884.53520240174,5147.7749662375,6621.29543856599,4757.75765638118,7011.3127484223
"2018-07-24 16:00:00",6558,5858.20975595838,5121.44951979413,6594.96999212263,4731.43220993782,6984.98730197894
"2018-07-24 17:00:00",5636,5347.52962766523,4610.76939150098,6084.28986382948,4220.75208164467,6474.30717368579
"2018-07-24 18:00:00",4430,4535.48487750699,3798.72464134274,5272.24511367124,3408.70733148643,5662.26242352755
"2018-07-24 19:00:00",3371,3683.50500597186,2946.74476980761,4420.2652421361,2556.7274599513,4810.28255199241
"2018-07-24 20:00:00",3266,2974.71928513062,2237.95904896638,3711.47952129487,1847.94173911007,4101.49683115118
"2018-07-24 21:00:00",2727,2426.86260618874,1690.10237002449,3163.62284235299,1300.08506016818,3553.6401522093
"2018-07-24 22:00:00",2178,1924.63739914979,1187.87716298554,2661.39763531404,797.859853129229,3051.41494517035
"2018-07-24 23:00:00",1269,1345.71019429601,608.949958131766,2082.47043046026,218.932648275455,2472.48774031657
"2018-07-25 00:00:00",664,695.425964458618,-41.3342717056292,1432.18620062287,-431.35158156194,1822.20351047918
"2018-07-25 01:00:00",388,158.345434642261,-578.414801521986,895.105670806509,-968.432111378296,1285.12298066282
"2018-07-25 02:00:00",290,24.4682769773999,-712.291959186848,761.228513141647,-1102.30926904316,1151.24582299796
"2018-07-25 03:00:00",372,525.311463894648,-211.4487722696,1262.0717000589,-601.46608212591,1652.08900991521
"2018-07-25 04:00:00",955,1673.87993348282,937.119697318568,2410.64016964706,547.102387462258,2800.65747950337
"2018-07-25 05:00:00",3121,3207.18067605253,2470.42043988828,3943.94091221678,2080.40313003197,4333.95822207309
"2018-07-25 06:00:00",5926,4675.86122100835,3939.1009848441,5412.6214571726,3549.08367498779,5802.63876702891
"2018-07-25 07:00:00",6595,5642.78558031179,4906.02534414755,6379.54581647604,4516.00803429124,6769.56312633235
"2018-07-25 08:00:00",5651,5888.26565996798,5151.50542380374,6625.02589613223,4761.48811394742,7015.04320598854
"2018-07-25 09:00:00",4974,5511.68979233483,4774.92955617058,6248.45002849907,4384.91224631427,6638.46733835539
"2018-07-25 10:00:00",4545,4873.16606018208,4136.40582401783,5609.92629634633,3746.38851416152,5999.94360620264
"2018-07-25 11:00:00",4879,4404.93783827922,3668.17760211498,5141.69807444347,3278.16029225867,5531.71538429978
"2018-07-25 12:00:00",4799,4392.55206050456,3655.79182434032,5129.31229666881,3265.77451448401,5519.32960652512
"2018-07-25 13:00:00",4860,4840.76797630632,4104.00774014207,5577.52821247057,3713.99043028576,5967.54552232688
"2018-07-25 14:00:00",5032,5490.96803705963,4754.20780089538,6227.72827322388,4364.19049103907,6617.74558308019
"2018-07-25 15:00:00",5826,5973.08026937237,5236.32003320813,6709.84050553662,4846.30272335181,7099.85781539293
"2018-07-25 16:00:00",6668,6003.15181526146,5266.39157909722,6739.91205142571,4876.37426924091,7129.92936128202
"2018-07-25 17:00:00",6108,5517.64465855605,4780.8844223918,6254.4048947203,4390.86711253549,6644.42220457661
"2018-07-25 18:00:00",4459,4677.02473742119,3940.26450125694,5413.78497358544,3550.24719140063,5803.80228344175
"2018-07-25 19:00:00",3473,3748.78041719961,3012.02018103536,4485.54065336386,2622.00287117905,4875.55796322017
"2018-07-25 20:00:00",3053,2948.08315799854,2211.3229218343,3684.84339416279,1821.30561197799,4074.8607040191
"2018-07-25 21:00:00",3072,2333.8902945609,1597.13005839665,3070.65053072514,1207.11274854034,3460.66784058146
"2018-07-25 22:00:00",2422,1819.41892729469,1082.65869113044,2556.17916345894,692.641381274132,2946.19647331525
"2018-07-25 23:00:00",1922,1283.02240838129,546.262172217044,2019.78264454554,156.244862360734,2409.79995440185
"2018-07-26 00:00:00",750,702.678499946715,-34.0817362175322,1439.43873611096,-424.099046073843,1829.45604596727
"2018-07-26 01:00:00",411,222.220980315985,-514.539255848263,958.981216480233,-904.556565704573,1348.99852633654
"2018-07-26 02:00:00",306,99.1788763670381,-637.58135979721,835.939112531286,-1027.59866965352,1225.9564223876
"2018-07-26 03:00:00",409,557.790282532481,-178.969953631767,1294.55051869673,-568.987263488078,1684.56782855304
"2018-07-26 04:00:00",911,1632.32444595056,895.564209786309,2369.0846821148,505.546899929998,2759.10199197111
"2018-07-26 05:00:00",3147,3097.88918797098,2361.12895180673,3834.64942413522,1971.11164195042,4224.66673399153
"2018-07-26 06:00:00",5813,4539.88259219836,3803.12235603411,5276.64282836261,3413.1050461778,5666.66013821892
"2018-07-26 07:00:00",6299,5534.79639702164,4798.0361608574,6271.55663318589,4408.01885100108,6661.5739430422
"2018-07-26 08:00:00",5866,5849.33608696539,5112.57585080114,6586.09632312964,4722.55854094483,6976.11363298595
"2018-07-26 09:00:00",4925,5550.30309343571,4813.54285727146,6287.06332959996,4423.52554741515,6677.08063945627
"2018-07-26 10:00:00",4390,4963.82061809672,4227.06038193247,5700.58085426096,3837.04307207616,6090.59816411727
"2018-07-26 11:00:00",4654,4503.92307258592,3767.16283642167,5240.68330875017,3377.14552656536,5630.70061860648
"2018-07-26 12:00:00",4806,4461.52091279937,3724.76067663513,5198.28114896362,3334.74336677882,5588.29845881993
"2018-07-26 13:00:00",5029,4865.34004778898,4128.57981162474,5602.10028395323,3738.56250176843,5992.11759380954
"2018-07-26 14:00:00",5264,5485.31214307003,4748.55190690578,6222.07237923428,4358.53459704947,6612.08968909059
"2018-07-26 15:00:00",5752,5969.76128099625,5233.001044832,6706.5215171605,4842.98373497569,7096.53882701681
"2018-07-26 16:00:00",6566,6035.54695341112,5298.78671724687,6772.30718957536,4908.76940739056,7162.32449943167
"2018-07-26 17:00:00",5905,5605.43382417572,4868.67358801147,6342.19406033997,4478.65627815516,6732.21137019628
"2018-07-26 18:00:00",4555,4822.12264652174,4085.36241035749,5558.88288268598,3695.34510050118,5948.90019254229
"2018-07-26 19:00:00",3707,3941.85304601835,3205.09280985411,4678.6132821826,2815.0754999978,5068.63059203891
"2018-07-26 20:00:00",3154,3179.06223847287,2442.30200230862,3915.82247463712,2052.28469245231,4305.83978449343
"2018-07-26 21:00:00",3206,2597.81817472213,1861.05793855788,3334.57841088637,1471.04062870157,3724.59572074268
"2018-07-26 22:00:00",2959,2112.75005328951,1375.98981712527,2849.51028945376,985.972507268955,3239.52759931007
"2018-07-26 23:00:00",1412,1592.7392944302,855.979058265949,2329.49953059444,465.961748409638,2719.51684045075
"2018-07-27 00:00:00",774,996.598203393678,259.83796722943,1733.35843955793,-130.17934262688,2123.37574941424
"2018-07-27 01:00:00",456,449.621442130413,-287.138794033835,1186.38167829466,-677.156103890145,1576.39898815097
"2018-07-27 02:00:00",344,205.435768308305,-531.324467855943,942.196004472553,-921.341777712253,1332.21331432886
"2018-07-27 03:00:00",390,508.000696619248,-228.759539545,1244.7609327835,-618.776849401311,1634.77824263981
"2018-07-27 04:00:00",836,1432.08774892077,695.327512756519,2168.84798508501,305.310202900208,2558.86529494133
"2018-07-27 05:00:00",2945,2798.94667841773,2062.18644225348,3535.70691458198,1672.16913239717,3925.72422443829
"2018-07-27 06:00:00",5353,4225.12860358366,3488.36836741941,4961.8888397479,3098.3510575631,5351.90614960421
"2018-07-27 07:00:00",5950,5287.91624678345,4551.1560106192,6024.6764829477,4161.13870076289,6414.69379280401
"2018-07-27 08:00:00",5232,5723.06332875026,4986.30309258602,6459.82356491451,4596.28578272971,6849.84087477082
"2018-07-27 09:00:00",4674,5548.82996518872,4812.06972902448,6285.59020135297,4422.05241916817,6675.60751120928
"2018-07-27 10:00:00",4571,5047.8997643725,4311.13952820825,5784.66000053674,3921.12221835194,6174.67731039305
"2018-07-27 11:00:00",4813,4615.20214764607,3878.44191148182,5351.96238381032,3488.42460162551,5741.97969366663
"2018-07-27 12:00:00",5121,4552.30171446036,3815.54147829611,5289.06195062461,3425.5241684398,5679.07926048092
"2018-07-27 13:00:00",5228,4917.30623307238,4180.54599690813,5654.06646923663,3790.52868705182,6044.08377909294
"2018-07-27 14:00:00",5400,5507.69499799886,4770.93476183461,6244.4552341631,4380.9174519783,6634.47254401941
"2018-07-27 15:00:00",5795,5980.21884273772,5243.45860657347,6716.97907890197,4853.44129671716,7106.99638875828
"2018-07-27 16:00:00",6254,6038.25785256222,5301.49761639797,6775.01808872647,4911.48030654166,7165.03539858278
"2018-07-27 17:00:00",5160,5583.47676353017,4846.71652736593,6320.23699969442,4456.69921750962,6710.25430955073
"2018-07-27 18:00:00",4303,4752.69554358571,4015.93530742146,5489.45577974996,3625.91799756515,5879.47308960627
"2018-07-27 19:00:00",3506,3827.39851162728,3090.63827546304,4564.15874779153,2700.62096560673,4954.17605764784
"2018-07-27 20:00:00",3184,3073.79607196491,2337.03583580066,3810.55630812916,1947.01852594435,4200.57361798547
"2018-07-27 21:00:00",3191,2606.41247389348,1869.65223772924,3343.17271005773,1479.63492787293,3733.19001991404
"2018-07-27 22:00:00",3112,2349.65757217627,1612.89733601202,3086.41780834052,1222.88002615571,3476.43511819683
"2018-07-27 23:00:00",2048,2112.44202239374,1375.68178622949,2849.20225855798,985.664476373177,3239.21956841429
"2018-07-28 00:00:00",1225,1725.90821177102,989.147975606767,2462.66844793526,599.130665750457,2852.68575779157
"2018-07-28 01:00:00",871,1160.83746794518,424.07723178093,1897.59770410943,34.0599219246194,2287.61501396574
"2018-07-28 02:00:00",581,556.930414609539,-179.829821554709,1293.69065077379,-569.847131411019,1683.7079606301
"2018-07-28 03:00:00",384,149.860931174711,-586.899304989537,886.621167338959,-976.916614845847,1276.63847719527
"2018-07-28 04:00:00",451,141.378372712827,-595.381863451421,878.138608877075,-985.399173307731,1268.15591873339
"2018-07-28 05:00:00",902,588.484113971792,-148.276122192456,1325.24435013604,-538.293432048767,1715.26165999235
"2018-07-28 06:00:00",1530,1373.4582358486,636.697999684356,2110.21847201285,246.680689828045,2500.23578186916
"2018-07-28 07:00:00",1974,2267.53518819877,1530.77495203452,3004.29542436302,1140.75764217821,3394.31273421933
"2018-07-28 08:00:00",2713,3047.22766874609,2310.46743258185,3783.98790491034,1920.45012272554,4174.00521476665
"2018-07-28 09:00:00",3457,3595.03878078089,2858.27854461664,4331.79901694514,2468.26123476033,4721.81632680145
"2018-07-28 10:00:00",3639,3930.0624304447,3193.30219428045,4666.82266660895,2803.28488442414,5056.83997646526
"2018-07-28 11:00:00",4009,4158.56474724032,3421.80451107607,4895.32498340456,3031.78720121976,5285.34229326088
"2018-07-28 12:00:00",4158,4382.21056914843,3645.45033298419,5118.97080531268,3255.43302312788,5508.98811516899
"2018-07-28 13:00:00",4229,4623.79393885396,3887.03370268971,5360.5541750182,3497.0163928334,5750.57148487451
"2018-07-28 14:00:00",4175,4815.15971650375,4078.3994803395,5551.919952668,3688.38217048319,5941.93726252431
"2018-07-28 15:00:00",3948,4850.39861655688,4113.63838039263,5587.15885272113,3723.62107053632,5977.17616257744
"2018-07-28 16:00:00",3974,4665.86184626957,3929.10161010532,5402.62208243382,3539.08430024901,5792.63939229013
"2018-07-28 17:00:00",4007,4292.64685613901,3555.88661997476,5029.40709230325,3165.86931011845,5419.42440215956
"2018-07-28 18:00:00",3657,3846.09028550676,3109.33004934251,4582.850521671,2719.3127394862,4972.86783152731
"2018-07-28 19:00:00",3247,3457.97523331508,2721.21499715084,4194.73546947933,2331.19768729453,4584.75277933564
"2018-07-28 20:00:00",2937,3194.54796810477,2457.78773194053,3931.30820426902,2067.77042208422,4321.32551412533
"2018-07-28 21:00:00",3001,3013.59887782763,2276.83864166338,3750.35911399187,1886.82133180707,4140.37642384818
"2018-07-28 22:00:00",3005,2790.36885963047,2053.60862346622,3527.12909579471,1663.59131360991,3917.14640565102
"2018-07-28 23:00:00",1968,2399.34347483229,1662.58323866804,3136.10371099653,1272.56592881173,3526.12102085284
"2018-07-29 00:00:00",1487,1803.46659188656,1066.70635572231,2540.22682805081,676.689045866002,2930.24413790712
"2018-07-29 01:00:00",924,1096.02699234271,359.266756178463,1832.78722850696,-30.7505536778472,2222.80453836327
"2018-07-29 02:00:00",869,467.675535526617,-269.084700637631,1204.43577169086,-659.102010493941,1594.45308154718
"2018-07-29 03:00:00",546,115.446576907471,-621.313659256776,852.206813071719,-1011.33096911309,1242.22412292803
"2018-07-29 04:00:00",378,145.393665337825,-591.366570826422,882.153901502073,-981.383880682732,1272.17121135838
"2018-07-29 05:00:00",657,524.380342164303,-212.379893999945,1261.14057832855,-602.397203856255,1651.15788818486
"2018-07-29 06:00:00",1210,1107.24471727664,370.484481112397,1844.00495344089,-19.5328287439138,2234.0222632972
"2018-07-29 07:00:00",1286,1720.76390603715,984.003669872898,2457.52414220139,593.986360016588,2847.5414520577
"2018-07-29 08:00:00",1866,2252.79679913888,1516.03656297463,2989.55703530313,1126.01925311832,3379.57434515944
"2018-07-29 09:00:00",2855,2693.72068495307,1956.96044878882,3430.48092111732,1566.94313893251,3820.49823097363
"2018-07-29 10:00:00",3500,3108.36209345004,2371.60185728579,3845.12232961429,1981.58454742948,4235.1396394706
"2018-07-29 11:00:00",3824,3560.70778544446,2823.94754928021,4297.46802160871,2433.9302394239,4687.48533146502
"2018-07-29 12:00:00",4016,4043.31258478465,3306.55234862041,4780.0728209489,2916.5350387641,5170.09013080521
"2018-07-29 13:00:00",4489,4459.85307620808,3723.09284004383,5196.61331237232,3333.07553018752,5586.63062222863
"2018-07-29 14:00:00",4435,4674.57489826582,3937.81466210158,5411.33513443007,3547.79735224526,5801.35244428638
"2018-07-29 15:00:00",4412,4598.00449729281,3861.24426112856,5334.76473345706,3471.22695127225,5724.78204331337
"2018-07-29 16:00:00",4485,4252.43832043626,3515.67808427201,4989.19855660051,3125.6607744157,5379.21586645682
"2018-07-29 17:00:00",4146,3770.71473175026,3033.95449558601,4507.47496791451,2643.9371857297,4897.49227777082
"2018-07-29 18:00:00",3947,3322.84600598028,2586.08576981603,4059.60624214453,2196.06845995972,4449.62355200084
"2018-07-29 19:00:00",3604,3012.51653059066,2275.75629442641,3749.27676675491,1885.7389845701,4139.29407661122
"2018-07-29 20:00:00",3344,2809.20064164252,2072.44040547827,3545.96087780676,1682.42309562196,3935.97818766308
"2018-07-29 21:00:00",2794,2564.90259905545,1828.1423628912,3301.66283521969,1438.12505303489,3691.680145076
"2018-07-29 22:00:00",2084,2114.85148087505,1378.09124471081,2851.6117170393,988.073934854496,3241.62902689561
"2018-07-29 23:00:00",1224,1407.5271913068,670.766955142554,2144.28742747105,280.749645286244,2534.30473732736
"2018-07-30 00:00:00",640,584.401464798782,-152.358771365466,1321.16170096303,-542.376081221777,1711.17901081934
"2018-07-30 01:00:00",384,-48.4688983542141,-785.229134518462,688.291337810034,-1175.24644437477,1078.30864766634
"2018-07-30 02:00:00",317,-155.779243404982,-892.53947956923,580.980992759266,-1282.55678942554,970.998302615576
"2018-07-30 03:00:00",333,449.836606921968,-286.92362924228,1186.59684308622,-676.94093909859,1576.61415294253
"2018-07-30 04:00:00",915,1684.97205120699,948.211815042744,2421.73228737124,558.194505186434,2811.74959722755
"2018-07-30 05:00:00",3051,3201.01687215806,2464.25663599381,3937.7771083223,2074.2393261375,4327.79441817861
"2018-07-30 06:00:00",5560,4526.19163497791,3789.43139881366,5262.95187114215,3399.41408895735,5652.96918099847
"2018-07-30 07:00:00",6313,5277.57948214403,4540.81924597979,6014.33971830828,4150.80193612347,6404.35702816459
"2018-07-30 08:00:00",5427,5335.43338744644,4598.67315128219,6072.19362361069,4208.65584142588,6462.210933467
"2018-07-30 09:00:00",4638,4888.55002539428,4151.78978923003,5625.31026155853,3761.77247937372,6015.32757141484
"2018-07-30 10:00:00",4233,4326.35435428516,3589.59411812091,5063.11459044941,3199.5768082646,5453.13190030572
"2018-07-30 11:00:00",4491,4034.54868572916,3297.78844956491,4771.30892189341,2907.7711397086,5161.32623174972
"2018-07-30 12:00:00",4522,4202.02441464683,3465.26417848258,4938.78465081108,3075.24686862627,5328.80196066739
"2018-07-30 13:00:00",4625,4738.95217069674,4002.19193453249,5475.71240686098,3612.17462467618,5865.7297167173
"2018-07-30 14:00:00",4808,5343.94391614168,4607.18367997744,6080.70415230593,4217.16637012113,6470.72146216224
"2018-07-30 15:00:00",5483,5676.70449070541,4939.94425454116,6413.46472686965,4549.92694468485,6803.48203672596
"2018-07-30 16:00:00",5632,5537.23618741124,4800.475951247,6273.99642357549,4410.45864139069,6664.0137334318
"2018-07-30 17:00:00",5590,4953.9241843984,4217.16394823415,5690.68442056265,3827.14663837784,6080.70173041896
"2018-07-30 18:00:00",4288,4138.81472885429,3402.05449269004,4875.57496501854,3012.03718283373,5265.59227487485
"2018-07-30 19:00:00",3190,3346.04834942634,2609.28811326209,4082.80858559058,2219.27080340578,4472.82589544689
"2018-07-30 20:00:00",2911,2723.66449133893,1986.90425517468,3460.42472750318,1596.88694531837,3850.44203735949
"2018-07-30 21:00:00",2431,2248.83356710681,1512.07333094256,2985.59380327106,1122.05602108625,3375.61111312737
"2018-07-30 22:00:00",1742,1782.932737831,1046.17250166675,2519.69297399524,656.155191810437,2909.71028385155
"2018-07-30 23:00:00",1116,1208.01510300333,471.254866839078,1944.77533916757,81.2375569827673,2334.79264902388
"2018-07-31 00:00:00",625,554.828975003054,-181.931261161194,1291.5892111673,-571.948571017504,1681.60652102361
"2018-07-31 01:00:00",368,35.5821028671938,-701.178133297054,772.342339031441,-1091.19544315336,1162.35964888775
"2018-07-31 02:00:00",299,-48.9554381103925,-785.71567427464,687.804798053855,-1175.73298413095,1077.82210791017
"2018-07-31 03:00:00",352,518.583127938217,-218.177108226031,1255.34336410246,-608.194418082341,1645.36067395878
"2018-07-31 04:00:00",819,1719.77012393511,983.009887770859,2456.53036009935,592.992577914549,2846.54766995567
"2018-07-31 05:00:00",2764,3261.56103553871,2524.80079937447,3998.32127170296,2134.78348951815,4388.33858155927
"2018-07-31 06:00:00",4240,4684.57310535086,3947.81286918661,5421.33334151511,3557.7955593303,5811.35065137142
"2018-07-31 07:00:00",5655,5569.27400776775,4832.51377160351,6306.034243932,4442.4964617472,6696.05155378831
"2018-07-31 08:00:00",5960,5733.1443122175,4996.38407605325,6469.90454838175,4606.36676619694,6859.92185823806
"2018-07-31 09:00:00",4925,5312.87864969677,4576.11841353253,6049.63888586102,4186.10110367621,6439.65619571733
"2018-07-31 10:00:00",4455,4686.07104663796,3949.31081047371,5422.83128280221,3559.2935006174,5812.84859265852
"2018-07-31 11:00:00",4727,4273.34895189915,3536.5887157349,5010.1091880634,3146.57140587859,5400.12649791971
"2018-07-31 12:00:00",4998,4326.21336869644,3589.45313253219,5062.97360486069,3199.43582267588,5452.990914717
"2018-07-31 13:00:00",4875,4811.95560437558,4075.19536821133,5548.71584053983,3685.17805835502,5938.73315039614
"2018-07-31 14:00:00",4922,5451.91347421538,4715.15323805114,6188.67371037963,4325.13592819483,6578.69102023594
"2018-07-31 15:00:00",5722,5884.53520249516,5147.77496633092,6621.29543865941,4757.75765647461,7011.31274851572
"2018-07-31 16:00:00",6357,5858.20975587453,5121.44951971028,6594.96999203878,4731.43220985397,6984.98730189509
"2018-07-31 17:00:00",5912,5347.52962804851,4610.76939188426,6084.28986421276,4220.75208202795,6474.30717406907
"2018-07-31 18:00:00",4740,4535.48487774864,3798.7246415844,5272.24511391289,3408.70733172809,5662.2624237692
"2018-07-31 19:00:00",3288,3683.50500626038,2946.74477009613,4420.26524242463,2556.72746023982,4810.28255228094
"2018-07-31 20:00:00",3076,2974.71928495835,2237.95904879411,3711.4795211226,1847.94173893779,4101.49683097891
"2018-07-31 21:00:00",2686,2426.86260570295,1690.1023695387,3163.6228418672,1300.08505968239,3553.64015172351
"2018-07-31 22:00:00",2152,1924.63739915453,1187.87716299028,2661.39763531878,797.859853133972,3051.41494517509
"2018-07-31 23:00:00",1263,1345.71019481972,608.949958655468,2082.47043098396,218.932648799157,2472.48774084027
"2018-08-01 00:00:00",662,695.425964635018,-41.3342715292299,1432.18620079927,-431.35158138554,1822.20351065558
"2018-08-01 01:00:00",398,158.345434641182,-578.414801523066,895.10567080543,-968.432111379376,1285.12298066174
"2018-08-01 02:00:00",352,24.4682769790185,-712.291959185229,761.228513143266,-1102.30926904154,1151.24582299958
"2018-08-01 03:00:00",409,525.311464108306,-211.448772055942,1262.07170027255,-601.466081912252,1652.08901012886
"2018-08-01 04:00:00",908,1673.87993397293,937.119697808684,2410.64017013718,547.102387952374,2800.65747999349
"2018-08-01 05:00:00",3063,3207.18067636585,2470.4204402016,3943.9409125301,2080.40313034529,4333.95822238641
"2018-08-01 06:00:00",5431,4675.86122094142,3939.10098477718,5412.62145710567,3549.08367492087,5802.63876696198
"2018-08-01 07:00:00",5853,5642.78558027562,4906.02534411137,6379.54581643986,4516.00803425506,6769.56312629617
"2018-08-01 08:00:00",5873,5888.26566026819,5151.50542410394,6625.02589643244,4761.48811424763,7015.04320628875
"2018-08-01 09:00:00",5068,5511.68979268195,4774.92955651771,6248.4500288462,4384.9122466614,6638.46733870251
"2018-08-01 10:00:00",4665,4873.166060302,4136.40582413775,5609.92629646625,3746.38851428144,5999.94360632256
"2018-08-01 11:00:00",4986,4404.93783793556,3668.17760177131,5141.69807409981,3278.160291915,5531.71538395612
"2018-08-01 12:00:00",5141,4392.55205990111,3655.79182373686,5129.31229606536,3265.77451388055,5519.32960592167
"2018-08-01 13:00:00",4874,4840.76797598682,4104.00773982258,5577.52821215107,3713.99042996626,5967.54552200738
"2018-08-01 14:00:00",5044,5490.96803697514,4754.2078008109,6227.72827313939,4364.19049095459,6617.7455829957
"2018-08-01 15:00:00",5655,5973.08026941127,5236.32003324703,6709.84050557552,4846.30272339072,7099.85781543183
"2018-08-01 16:00:00",6455,6003.15181522703,5266.39157906278,6739.91205139128,4876.37426920647,7129.92936124759
"2018-08-01 17:00:00",5773,5517.64465872071,4780.88442255647,6254.40489488496,4390.86711270015,6644.42220474127
"2018-08-01 18:00:00",4500,4677.02473752314,3940.26450135889,5413.78497368739,3550.24719150258,5803.8022835437
"2018-08-01 19:00:00",3389,3748.78041732469,3012.02018116044,4485.54065348894,2622.00287130413,4875.55796334525
"2018-08-01 20:00:00",2992,2948.08315792373,2211.32292175949,3684.84339408798,1821.30561190318,4074.86070394429
"2018-08-01 21:00:00",2559,2333.89029435373,1597.13005818948,3070.65053051798,1207.11274833317,3460.66784037429
"2018-08-01 22:00:00",2344,1819.41892729441,1082.65869113016,2556.17916345866,692.641381273851,2946.19647331497
"2018-08-01 23:00:00",1320,1283.02240860426,546.262172440011,2019.78264476851,156.2448625837,2409.79995462482
"2018-08-02 00:00:00",709,702.678500021613,-34.0817361426343,1439.43873618586,-424.099045998945,1829.45604604217
"2018-08-02 01:00:00",413,222.220980315834,-514.539255848414,958.981216480081,-904.556565704724,1348.99852633639
"2018-08-02 02:00:00",324,99.1788763640639,-637.581359800184,835.939112528312,-1027.59866965649,1225.95642238462
"2018-08-02 03:00:00",403,557.790282624941,-178.969953539307,1294.55051878919,-568.987263395617,1684.5678286455
"2018-08-02 04:00:00",887,1632.32444615824,895.564209993992,2369.08468232249,505.546900137682,2759.1019921788
"2018-08-02 05:00:00",3091,3097.88918810334,2361.1289519391,3834.64942426759,1971.11164208279,4224.6667341239
"2018-08-02 06:00:00",5589,4539.88259216999,3803.12235600574,5276.64282833424,3413.10504614943,5666.66013819055
"2018-08-02 07:00:00",6435,5534.79639700873,4798.03616084448,6271.55663317298,4408.01885098817,6661.57394302929
"2018-08-02 08:00:00",5736,5849.33608709287,5112.57585092862,6586.09632325712,4722.55854107231,6976.11363311343
"2018-08-02 09:00:00",4976,5550.30309358116,4813.54285741691,6287.06332974541,4423.5255475606,6677.08063960172
"2018-08-02 10:00:00",4388,4963.82061814697,4227.06038198272,5700.58085431122,3837.04307212641,6090.59816416753
"2018-08-02 11:00:00",4652,4503.92307244124,3767.16283627699,5240.68330860549,3377.14552642068,5630.7006184618
"2018-08-02 12:00:00",4977,4461.52091254449,3724.76067638024,5198.28114870873,3334.74336652393,5588.29845856505
"2018-08-02 13:00:00",4931,4865.34004765237,4128.57981148812,5602.10028381662,3738.56250163181,5992.11759367293
"2018-08-02 14:00:00",5104,5485.31214303346,4748.55190686921,6222.07237919771,4358.5345970129,6612.08968905402
"2018-08-02 15:00:00",5707,5969.76128101369,5233.00104484944,6706.52151717793,4842.98373499313,7096.53882703424
"2018-08-02 16:00:00",6303,6035.54695339682,5298.78671723257,6772.30718956107,4908.76940737626,7162.32449941738
"2018-08-02 17:00:00",5783,5605.43382424431,4868.67358808006,6342.19406040856,4478.65627822375,6732.21137026487
"2018-08-02 18:00:00",4569,4822.12264656685,4085.36241040261,5558.8828827311,3695.3451005463,5948.90019258741
"2018-08-02 19:00:00",3570,3941.85304607065,3205.0928099064,4678.6132822349,2815.07550005009,5068.63059209121
"2018-08-02 20:00:00",3103,3179.06223844212,2442.30200227787,3915.82247460636,2052.28469242156,4305.83978446267
"2018-08-02 21:00:00",3023,2597.81817463768,1861.05793847343,3334.57841080192,1471.04062861712,3724.59572065823
"2018-08-02 22:00:00",2303,2112.7500532893,1375.98981712505,2849.51028945355,985.972507268743,3239.52759930986
"2018-08-02 23:00:00",1379,1592.73929452261,855.979058358367,2329.49953068686,465.961748502056,2719.51684054317
"2018-08-03 00:00:00",778,996.59820342641,259.837967262163,1733.35843959066,-130.179342594148,2123.37574944697
"2018-08-03 01:00:00",435,449.621442129974,-287.138794034273,1186.38167829422,-677.156103890584,1576.39898815053
"2018-08-03 02:00:00",371,205.435768308277,-531.324467855971,942.196004472525,-921.341777712281,1332.21331432884
"2018-08-03 03:00:00",398,508.000696659576,-228.759539504672,1244.76093282382,-618.776849360982,1634.77824268013
"2018-08-03 04:00:00",853,1432.0877490068,695.327512842548,2168.84798517104,305.310202986237,2558.86529502735
"2018-08-03 05:00:00",2900,2798.94667847649,2062.18644231224,3535.70691464074,1672.16913245593,3925.72422449705
"2018-08-03 06:00:00",5265,4225.12860357435,3488.3683674101,4961.88883973859,3098.35105755379,5351.90614959491
"2018-08-03 07:00:00",5783,5287.91624677292,4551.15601060867,6024.67648293717,4161.13870075236,6414.69379279348
"2018-08-03 08:00:00",5213,5723.06332880506,4986.30309264081,6459.82356496931,4596.2857827845,6849.84087482562
"2018-08-03 09:00:00",4577,5548.82996524982,4812.06972908558,6285.59020141407,4422.05241922927,6675.60751127038
"2018-08-03 10:00:00",4384,5047.8997643943,4311.13952823005,5784.66000055855,3921.12221837374,6174.67731041486
"2018-08-03 11:00:00",4820,4615.20214758433,3878.44191142008,5351.96238374858,3488.42460156377,5741.97969360489
"2018-08-03 12:00:00",5073,4552.30171435153,3815.54147818728,5289.06195051578,3425.52416833097,5679.07926037209
"2018-08-03 13:00:00",5067,4917.30623301316,4180.54599684891,5654.06646917741,3790.5286869926,6044.08377903372
"2018-08-03 14:00:00",5456,5507.69499798454,4770.9347618203,6244.45523414879,4380.91745196399,6634.4725440051
"2018-08-03 15:00:00",5646,5980.21884274464,5243.4586065804,6716.97907890889,4853.44129672408,7106.9963887652
"2018-08-03 16:00:00",5888,6038.25785255512,5301.49761639087,6775.01808871936,4911.48030653456,7165.03539857567
"2018-08-03 17:00:00",5135,5583.47676355993,4846.71652739568,6320.23699972418,4456.69921753937,6710.25430958049
"2018-08-03 18:00:00",4753,4752.69554360537,4015.93530744113,5489.45577976962,3625.91799758482,5879.47308962593
"2018-08-03 19:00:00",3767,3827.39851164911,3090.63827548487,4564.15874781336,2700.62096562856,4954.17605766967
"2018-08-03 20:00:00",3461,3073.79607195319,2337.03583578894,3810.55630811743,1947.01852593263,4200.57361797374
"2018-08-03 21:00:00",2632,2606.41247385279,1869.65223768854,3343.17271001703,1479.63492783223,3733.19001987334
"2018-08-03 22:00:00",2594,2349.65757217662,1612.89733601237,3086.41780834087,1222.88002615606,3476.43511819718
"2018-08-03 23:00:00",1833,2112.44202243711,1375.68178627286,2849.20225860136,985.664476416552,3239.21956845767
"2018-08-04 00:00:00",1078,1725.90821178582,989.147975621567,2462.66844795006,599.130665765257,2852.68575780637
"2018-08-04 01:00:00",668,1160.8374679445,424.077231780249,1897.59770410874,34.0599219239391,2287.61501396505
"2018-08-04 02:00:00",519,556.930414609378,-179.82982155487,1293.69065077363,-569.84713141118,1683.70796062994
"2018-08-04 03:00:00",362,149.860931193313,-586.899304970935,886.62116735756,-976.916614827246,1276.63847721387
"2018-08-04 04:00:00",423,141.378372749794,-595.381863414454,878.138608914042,-985.399173270764,1268.15591877035
"2018-08-04 05:00:00",850,588.484113998407,-148.276122165841,1325.24435016265,-538.293432022151,1715.26166001896
"2018-08-04 06:00:00",1427,1373.45823584144,636.697999677196,2110.21847200569,246.680689820885,2500.235781862
"2018-08-04 07:00:00",1817,2267.53518819823,1530.77495203398,3004.29542436248,1140.75764217767,3394.31273421879
"2018-08-04 08:00:00",2559,3047.22766876917,2310.46743260493,3783.98790493342,1920.45012274862,4174.00521478973
"2018-08-04 09:00:00",3477,3595.03878080698,2858.27854464274,4331.79901697123,2468.26123478643,4721.81632682754
"2018-08-04 10:00:00",3962,3930.06243045236,3193.30219428811,4666.82266661661,2803.2848844318,5056.83997647292
"2018-08-04 11:00:00",4236,4158.56474721357,3421.80451104932,4895.32498337781,3031.78720119301,5285.34229323412
"2018-08-04 12:00:00",4263,4382.21056910228,3645.45033293803,5118.97080526652,3255.43302308172,5508.98811512284
"2018-08-04 13:00:00",4552,4623.79393883156,3887.03370266732,5360.55417499581,3497.01639281101,5750.57148485212
"2018-08-04 14:00:00",4379,4815.15971649644,4078.39948033219,5551.91995266068,3688.38217047588,5941.93726251699
"2018-08-04 15:00:00",4493,4850.39861655936,4113.63838039511,5587.15885272361,3723.6210705388,5977.17616257992
"2018-08-04 16:00:00",4300,4665.86184626481,3929.10161010056,5402.62208242905,3539.08430024425,5792.63939228536
"2018-08-04 17:00:00",4602,4292.64685615124,3555.88661998699,5029.40709231549,3165.86931013068,5419.4244021718
"2018-08-04 18:00:00",4087,3846.09028551279,3109.33004934855,4582.85052167704,2719.31273949223,4972.86783153335
"2018-08-04 19:00:00",3237,3457.97523332626,2721.21499716202,4194.73546949051,2331.19768730571,4584.75277934682
"2018-08-04 20:00:00",2962,3194.54796809866,2457.78773193441,3931.30820426291,2067.7704220781,4321.32551411922
"2018-08-04 21:00:00",2938,3013.59887781427,2276.83864165003,3750.35911397852,1886.82133179372,4140.37642383483
"2018-08-04 22:00:00",2573,2790.36885963249,2053.60862346825,3527.12909579674,1663.59131361194,3917.14640565305
"2018-08-04 23:00:00",2015,2399.34347484671,1662.58323868246,3136.10371101095,1272.56592882615,3526.12102086726
"2018-08-05 00:00:00",1323,1803.46659189287,1066.70635572862,2540.22682805712,676.689045872309,2930.24413791343
"2018-08-05 01:00:00",812,1096.02699234354,359.266756179294,1832.78722850779,-30.7505536770159,2222.8045383641
"2018-08-05 02:00:00",689,467.675535526893,-269.084700637355,1204.43577169114,-659.102010493666,1594.45308154745
"2018-08-05 03:00:00",396,115.446576915369,-621.313659248879,852.206813079617,-1011.33096910519,1242.22412293593
"2018-08-05 04:00:00",356,145.393665355389,-591.366570808859,882.153901519637,-981.38388066517,1272.17121137595
"2018-08-05 05:00:00",504,524.380342178389,-212.379893985859,1261.14057834264,-602.397203842169,1651.15788819895
"2018-08-05 06:00:00",962,1107.24471727236,370.484481108114,1844.00495343661,-19.5328287481971,2234.02226329292
"2018-08-05 07:00:00",1210,1720.76390603708,984.003669872836,2457.52414220133,593.986360016525,2847.54145205764
"2018-08-05 08:00:00",1903,2252.79679914779,1516.03656298354,2989.55703531204,1126.01925312723,3379.57434516835
"2018-08-05 09:00:00",3030,2693.72068496384,1956.96044879959,3430.48092112809,1566.94313894328,3820.4982309844
"2018-08-05 10:00:00",3735,3108.36209345366,2371.60185728941,3845.12232961791,1981.5845474331,4235.13963947422
"2018-08-05 11:00:00",4072,3560.70778543339,2823.94754926914,4297.46802159763,2433.93023941283,4687.48533145394
"2018-08-05 12:00:00",4454,4043.31258476687,3306.55234860262,4780.07282093111,2916.53503874631,5170.09013078742
"2018-08-05 13:00:00",4507,4459.85307619722,3723.09284003297,5196.61331236146,3333.07553017666,5586.63062221777
"2018-08-05 14:00:00",4396,4674.5748982619,3937.81466209765,5411.33513442614,3547.79735224134,5801.35244428245
"2018-08-05 15:00:00",4595,4598.00449729457,3861.24426113032,5334.76473345882,3471.22695127401,5724.78204331513
"2018-08-05 16:00:00",4875,4252.43832043557,3515.67808427132,4989.19855659982,3125.66077441501,5379.21586645613
"2018-08-05 17:00:00",4555,3770.71473175398,3033.95449558973,4507.47496791822,2643.93718573342,4897.49227777453
"2018-08-05 18:00:00",4229,3322.84600598317,2586.08576981892,4059.60624214741,2196.06845996261,4449.62355200372
"2018-08-05 19:00:00",3684,3012.51653059341,2275.75629442916,3749.27676675765,1885.73898457285,4139.29407661396
"2018-08-05 20:00:00",3316,2809.20064163878,2072.44040547453,3545.96087780302,1682.42309561822,3935.97818765933
"2018-08-05 21:00:00",2735,2564.90259904507,1828.14236288083,3301.66283520932,1438.12505302452,3691.68014506563
"2018-08-05 22:00:00",2109,2114.85148087598,1378.09124471174,2851.61171704023,988.073934855426,3241.62902689654
"2018-08-05 23:00:00",1560,1407.52719131437,670.766955150123,2144.28742747862,280.749645293813,2534.30473733493
"2018-08-06 00:00:00",703,584.401464801488,-152.35877136276,1321.16170096574,-542.376081219071,1711.17901082205
"2018-08-06 01:00:00",421,-48.4688983547405,-785.229134518988,688.291337809507,-1175.2464443753,1078.30864766582
"2018-08-06 02:00:00",327,-155.7792434026,-892.539479566848,580.980992761648,-1282.55678942316,970.998302617958
"2018-08-06 03:00:00",375,449.836606924019,-286.923629240229,1186.59684308827,-676.940939096539,1576.61415294458
"2018-08-06 04:00:00",890,1684.9720512134,948.211815049153,2421.73228737765,558.194505192843,2811.74959723396
"2018-08-06 05:00:00",3047,3201.01687215865,2464.2566359944,3937.7771083229,2074.23932613809,4327.79441817921
"2018-08-06 06:00:00",5580,4526.19163497878,3789.43139881453,5262.95187114303,3399.41408895822,5652.96918099934
"2018-08-06 07:00:00",6280,5277.57948214318,4540.81924597894,6014.33971830743,4150.80193612262,6404.35702816374
"2018-08-06 08:00:00",5582,5335.43338745202,4598.67315128777,6072.19362361627,4208.65584143146,6462.21093347258
"2018-08-06 09:00:00",4694,4888.55002539915,4151.7897892349,5625.3102615634,3761.77247937859,6015.32757141971
"2018-08-06 10:00:00",4357,4326.35435428707,3589.59411812282,5063.11459045132,3199.57680826651,5453.13190030763
"2018-08-06 11:00:00",4432,4034.54868572479,3297.78844956054,4771.30892188904,2907.77113970423,5161.32623174535
"2018-08-06 12:00:00",4606,4202.02441463843,3465.26417847419,4938.78465080268,3075.24686861787,5328.80196065899
"2018-08-06 13:00:00",4669,4738.95217069092,4002.19193452668,5475.71240685517,3612.17462467037,5865.72971671148
"2018-08-06 14:00:00",4814,5343.94391614183,4607.18367997758,6080.70415230608,4217.16637012127,6470.72146216239
"2018-08-06 15:00:00",5395,5676.70449070497,4939.94425454072,6413.46472686922,4549.92694468441,6803.48203672553
"2018-08-06 16:00:00",6651,5537.23618740997,4800.47595124572,6273.99642357422,4410.45864138941,6664.01373343053
"2018-08-06 17:00:00",5590,4953.92418440096,4217.16394823671,5690.68442056521,3827.1466383804,6080.70173042152
"2018-08-06 18:00:00",4308,4138.81472885433,3402.05449269008,4875.57496501858,3012.03718283377,5265.59227487489
"2018-08-06 19:00:00",3314,3346.04834942882,2609.28811326458,4082.80858559307,2219.27080340827,4472.82589544938
"2018-08-06 20:00:00",2795,2723.6644913362,1986.90425517195,3460.42472750045,1596.88694531564,3850.44203735676
"2018-08-06 21:00:00",2330,2248.83356710592,1512.07333094167,2985.59380327016,1122.05602108536,3375.61111312647
"2018-08-06 22:00:00",1723,1782.93273782976,1046.17250166551,2519.69297399401,656.155191809203,2909.71028385032
"2018-08-06 23:00:00",1148,1208.01510300774,471.254866843496,1944.77533917199,81.2375569871854,2334.7926490283
"2018-08-07 00:00:00",606,554.828975002296,-181.931261161953,1291.58921116654,-571.948571018263,1681.60652102285
"2018-08-07 01:00:00",376,35.5821028668442,-701.178133297404,772.342339031092,-1091.19544315371,1162.3596488874
"2018-08-07 02:00:00",288,-48.9554381125813,-785.715674276829,687.804798051666,-1175.73298413314,1077.82210790798
"2018-08-07 03:00:00",362,518.58312793898,-218.177108225267,1255.34336410323,-608.194418081578,1645.36067395954
"2018-08-07 04:00:00",912,1719.77012393969,983.009887775441,2456.53036010394,592.99257791913,2846.54766996025
"2018-08-07 05:00:00",3153,3261.5610355377,2524.80079937346,3998.32127170195,2134.78348951714,4388.33858155826
"2018-08-07 06:00:00",5814,4684.57310534759,3947.81286918334,5421.33334151184,3557.79555932703,5811.35065136815
"2018-08-07 07:00:00",5655,5569.27400776748,4832.51377160324,6306.03424393173,4442.49646174693,6696.05155378804
"2018-08-07 08:00:00",5960,5733.14431221664,4996.38407605239,6469.90454838089,4606.36676619608,6859.9218582372
"2018-08-07 09:00:00",4925,5312.87864970092,4576.11841353667,6049.63888586516,4186.10110368036,6439.65619572148
"2018-08-07 10:00:00",4416,4686.07104663944,3949.3108104752,5422.83128280369,3559.29350061888,5812.84859266
"2018-08-07 11:00:00",4515,4273.34895189795,3536.58871573371,5010.1091880622,3146.5714058774,5400.12649791851
"2018-08-07 12:00:00",4940,4326.21336869373,3589.45313252948,5062.97360485798,3199.43582267317,5452.99091471429
"2018-08-07 13:00:00",4726,4811.9556043755,4075.19536821125,5548.71584053974,3685.17805835494,5938.73315039605
"2018-08-07 14:00:00",5040,5451.91347421394,4715.15323804969,6188.67371037819,4325.13592819338,6578.6910202345
"2018-08-07 15:00:00",5555,5884.53520249591,5147.77496633167,6621.29543866016,4757.75765647536,7011.31274851647
"2018-08-07 16:00:00",6471,5858.20975587385,5121.4495197096,6594.9699920381,4731.43220985329,6984.98730189441
"2018-08-07 17:00:00",5656,5347.5296280501,4610.76939188585,6084.28986421435,4220.75208202954,6474.30717407066
"2018-08-07 18:00:00",4121,4535.48487775096,3798.72464158671,5272.2451139152,3408.7073317304,5662.26242377151
"2018-08-07 19:00:00",3272,3683.50500626173,2946.74477009748,4420.26524242598,2556.72746024117,4810.28255228229
"2018-08-07 20:00:00",2888,2974.71928495582,2237.95904879157,3711.47952112007,1847.94173893526,4101.49683097638
"2018-08-07 21:00:00",2532,2426.86260570647,1690.10236954222,3163.62284187072,1300.08505968591,3553.64015172703
"2018-08-07 22:00:00",1771,1924.63739915173,1187.87716298748,2661.39763531598,797.859853131174,3051.41494517229
"2018-08-07 23:00:00",1168,1345.71019482154,608.949958657292,2082.47043098579,218.932648800982,2472.4877408421
"2018-08-08 00:00:00",643,695.425964636897,-41.3342715273504,1432.18620080114,-431.351581383661,1822.20351065746
"2018-08-08 01:00:00",393,158.345434641962,-578.414801522286,895.10567080621,-968.432111378596,1285.12298066252
"2018-08-08 02:00:00",295,24.468276978333,-712.291959185915,761.228513142581,-1102.30926904223,1151.24582299889
"2018-08-08 03:00:00",374,525.311464108931,-211.448772055317,1262.07170027318,-601.466081911628,1652.08901012949
"2018-08-08 04:00:00",912,1673.87993396939,937.119697805145,2410.64017013364,547.102387948834,2800.65747998995
"2018-08-08 05:00:00",3119,3207.18067636709,2470.42044020284,3943.94091253134,2080.40313034653,4333.95822238765
"2018-08-08 06:00:00",5730,4675.86122094204,3939.10098477779,5412.62145710628,3549.08367492148,5802.6387669626
"2018-08-08 07:00:00",6430,5642.78558027328,4906.02534410904,6379.54581643753,4516.00803425273,6769.56312629384
"2018-08-08 08:00:00",5864,5888.2656602712,5151.50542410695,6625.02589643545,4761.48811425064,7015.04320629176
"2018-08-08 09:00:00",4902,5511.68979268313,4774.92955651888,6248.45002884738,4384.91224666257,6638.46733870369
"2018-08-08 10:00:00",4610,4873.16606030182,4136.40582413757,5609.92629646607,3746.38851428126,5999.94360632238
"2018-08-08 11:00:00",4838,4404.93783793551,3668.17760177126,5141.69807409975,3278.16029191495,5531.71538395607
"2018-08-08 12:00:00",5004,4392.5520598998,3655.79182373556,5129.31229606405,3265.77451387924,5519.32960592036
"2018-08-08 13:00:00",4741,4840.76797598402,4104.00773981977,5577.52821214827,3713.99042996346,5967.54552200458
"2018-08-08 14:00:00",5128,5490.9680369751,4754.20780081085,6227.72827313935,4364.19049095454,6617.74558299566
"2018-08-08 15:00:00",5798,5973.08026941112,5236.32003324687,6709.84050557537,4846.30272339056,7099.85781543168
"2018-08-08 16:00:00",6652,6003.15181522736,5266.39157906311,6739.91205139161,4876.3742692068,7129.92936124792
"2018-08-08 17:00:00",6043,5517.64465871969,4780.88442255544,6254.40489488394,4390.86711269913,6644.42220474025
"2018-08-08 18:00:00",4806,4677.02473752227,3940.26450135802,5413.78497368652,3550.24719150171,5803.80228354283
"2018-08-08 19:00:00",3655,3748.78041732341,3012.02018115917,4485.54065348766,2622.00287130286,4875.55796334397
"2018-08-08 20:00:00",3130,2948.08315792796,2211.32292176371,3684.84339409221,1821.3056119074,4074.86070394852
"2018-08-08 21:00:00",3267,2333.89029435295,1597.13005818871,3070.6505305172,1207.1127483324,3460.66784037351
"2018-08-08 22:00:00",2711,1819.41892729511,1082.65869113086,2556.17916345936,692.641381274552,2946.19647331567
"2018-08-08 23:00:00",1478,1283.0224086063,546.262172442057,2019.78264477055,156.244862585746,2409.79995462686
"2018-08-09 00:00:00",801,702.678500020699,-34.0817361435484,1439.43873618495,-424.099045999859,1829.45604604126
"2018-08-09 01:00:00",482,222.220980314834,-514.539255849414,958.981216479082,-904.556565705724,1348.99852633539
"2018-08-09 02:00:00",336,99.1788763654977,-637.58135979875,835.939112529745,-1027.59866965506,1225.95642238606
"2018-08-09 03:00:00",379,557.790282623748,-178.9699535405,1294.550518788,-568.987263396811,1684.56782864431
"2018-08-09 04:00:00",936,1632.32444615889,895.564209994646,2369.08468232314,505.546900138335,2759.10199217945
"2018-08-09 05:00:00",3022,3097.88918810343,2361.12895193918,3834.64942426768,1971.11164208287,4224.66673412399
"2018-08-09 06:00:00",5423,4539.88259216924,3803.12235600499,5276.64282833348,3413.10504614868,5666.66013818979
"2018-08-09 07:00:00",6313,5534.79639700861,4798.03616084436,6271.55663317286,4408.01885098805,6661.57394302917
"2018-08-09 08:00:00",5908,5849.33608709324,5112.57585092899,6586.09632325748,4722.55854107268,6976.1136331138
"2018-08-09 09:00:00",4788,5550.30309358213,4813.54285741788,6287.06332974637,4423.52554756157,6677.08063960268
"2018-08-09 10:00:00",4517,4963.82061814887,4227.06038198462,5700.58085431312,3837.04307212831,6090.59816416943
"2018-08-09 11:00:00",4675,4503.9230724405,3767.16283627625,5240.68330860474,3377.14552641994,5630.70061846105
"2018-08-09 12:00:00",4927,4461.52091254315,3724.7606763789,5198.28114870739,3334.74336652259,5588.2984585637
"2018-08-09 13:00:00",4990,4865.34004765164,4128.57981148739,5602.10028381589,3738.56250163108,5992.1175936722
"2018-08-09 14:00:00",5155,5485.31214303327,4748.55190686902,6222.07237919752,4358.53459701271,6612.08968905383
"2018-08-09 15:00:00",5654,5969.76128101322,5233.00104484898,6706.52151717747,4842.98373499267,7096.53882703378
"2018-08-09 16:00:00",6532,6035.54695339681,5298.78671723256,6772.30718956105,4908.76940737625,7162.32449941736
"2018-08-09 17:00:00",5871,5605.43382424482,4868.67358808058,6342.19406040907,4478.65627822427,6732.21137026538
"2018-08-09 18:00:00",4426,4822.12264656489,4085.36241040064,5558.88288272913,3695.34510054433,5948.90019258544
"2018-08-09 19:00:00",3530,3941.85304607241,3205.09280990816,4678.61328223666,2815.07550005185,5068.63059209297
"2018-08-09 20:00:00",3290,3179.06223844069,2442.30200227645,3915.82247460494,2052.28469242013,4305.83978446125
"2018-08-09 21:00:00",3176,2597.81817463591,1861.05793847166,3334.57841080015,1471.04062861535,3724.59572065646
"2018-08-09 22:00:00",2420,2112.7500532924,1375.98981712815,2849.51028945665,985.972507271843,3239.52759931296
"2018-08-09 23:00:00",1406,1592.73929452186,855.97905835761,2329.49953068611,465.9617485013,2719.51684054242
"2018-08-10 00:00:00",731,996.59820342578,259.837967261532,1733.35843959003,-130.179342594779,2123.37574944634
"2018-08-10 01:00:00",471,449.621442130317,-287.138794033931,1186.38167829456,-677.156103890241,1576.39898815087
"2018-08-10 02:00:00",374,205.435768306928,-531.32446785732,942.196004471175,-921.34177771363,1332.21331432749
"2018-08-10 03:00:00",404,508.000696660568,-228.759539503679,1244.76093282482,-618.77684935999,1634.77824268113
"2018-08-10 04:00:00",818,1432.08774900743,695.327512843181,2168.84798517168,305.310202986871,2558.86529502799
"2018-08-10 05:00:00",2854,2798.9466784787,2062.18644231445,3535.70691464294,1672.16913245814,3925.72422449925
"2018-08-10 06:00:00",5227,4225.12860357385,3488.3683674096,4961.88883973809,3098.35105755329,5351.9061495944
"2018-08-10 07:00:00",5950,5287.91624677507,4551.15601061082,6024.67648293932,4161.13870075451,6414.69379279563
"2018-08-10 08:00:00",5211,5723.06332880249,4986.30309263825,6459.82356496674,4596.28578278193,6849.84087482305
"2018-08-10 09:00:00",4584,5548.82996525051,4812.06972908626,6285.59020141476,4422.05241922995,6675.60751127107
"2018-08-10 10:00:00",4512,5047.89976439282,4311.13952822857,5784.66000055707,3921.12221837226,6174.67731041338
"2018-08-10 11:00:00",4796,4615.20214758375,3878.4419114195,5351.962383748,3488.42460156319,5741.97969360431
"2018-08-10 12:00:00",4941,4552.30171435143,3815.54147818718,5289.06195051568,3425.52416833087,5679.07926037199
"2018-08-10 13:00:00",5053,4917.30623301349,4180.54599684925,5654.06646917774,3790.52868699294,6044.08377903405
"2018-08-10 14:00:00",5367,5507.69499798291,4770.93476181866,6244.45523414716,4380.91745196235,6634.47254400347
"2018-08-10 15:00:00",5684,5980.21884274447,5243.45860658022,6716.97907890871,4853.44129672391,7106.99638876503
"2018-08-10 16:00:00",5868,6038.25785255631,5301.49761639206,6775.01808872055,4911.48030653575,7165.03539857686
"2018-08-10 17:00:00",5309,5583.4767635587,4846.71652739445,6320.23699972295,4456.69921753814,6710.25430957926
"2018-08-10 18:00:00",4616,4752.69554360533,4015.93530744108,5489.45577976958,3625.91799758477,5879.47308962589
"2018-08-10 19:00:00",3713,3827.39851164753,3090.63827548328,4564.15874781178,2700.62096562697,4954.17605766809
"2018-08-10 20:00:00",3344,3073.79607195326,2337.03583578901,3810.55630811751,1947.0185259327,4200.57361797382
"2018-08-10 21:00:00",3374,2606.41247385732,1869.65223769308,3343.17271002157,1479.63492783677,3733.19001987788
"2018-08-10 22:00:00",3117,2349.65757217534,1612.8973360111,3086.41780833959,1222.88002615479,3476.4351181959
"2018-08-10 23:00:00",2271,2112.44202243596,1375.68178627171,2849.2022586002,985.664476415398,3239.21956845651
"2018-08-11 00:00:00",1412,1725.90821178695,989.147975622697,2462.66844795119,599.130665766387,2852.6857578075
"2018-08-11 01:00:00",831,1160.83746794334,424.077231779089,1897.59770410758,34.0599219227786,2287.61501396389
"2018-08-11 02:00:00",665,556.930414609734,-179.829821554514,1293.69065077398,-569.847131410825,1683.70796063029
"2018-08-11 03:00:00",423,149.860931189629,-586.899304974619,886.621167353877,-976.916614830929,1276.63847721019
"2018-08-11 04:00:00",459,141.378372752081,-595.381863412166,878.138608916329,-985.399173268477,1268.15591877264
"2018-08-11 05:00:00",876,588.484114000016,-148.276122164232,1325.24435016426,-538.293432020543,1715.26166002057
"2018-08-11 06:00:00",1560,1373.45823584154,636.697999677289,2110.21847200579,246.680689820979,2500.2357818621
"2018-08-11 07:00:00",2004,2267.53518819873,1530.77495203448,3004.29542436298,1140.75764217817,3394.31273421929
"2018-08-11 08:00:00",2806,3047.2276687687,2310.46743260445,3783.98790493295,1920.45012274814,4174.00521478926
"2018-08-11 09:00:00",3514,3595.03878080461,2858.27854464036,4331.79901696886,2468.26123478405,4721.81632682517
"2018-08-11 10:00:00",3971,3930.06243045288,3193.30219428863,4666.82266661713,2803.28488443232,5056.83997647344
"2018-08-11 11:00:00",4198,4158.564747214,3421.80451104975,4895.32498337825,3031.78720119344,5285.34229323456
"2018-08-11 12:00:00",4310,4382.21056910276,3645.45033293851,5118.97080526701,3255.4330230822,5508.98811512332
"2018-08-11 13:00:00",4262,4623.79393883028,3887.03370266603,5360.55417499453,3497.01639280972,5750.57148485084
"2018-08-11 14:00:00",4280,4815.15971649641,4078.39948033216,5551.91995266066,3688.38217047585,5941.93726251697
"2018-08-11 15:00:00",4188,4850.39861655939,4113.63838039514,5587.15885272364,3723.62107053883,5977.17616257995
"2018-08-11 16:00:00",4305,4665.86184626488,3929.10161010063,5402.62208242912,3539.08430024432,5792.63939228543
"2018-08-11 17:00:00",4134,4292.64685615128,3555.88661998703,5029.40709231553,3165.86931013072,5419.42440217184
"2018-08-11 18:00:00",3920,3846.09028551525,3109.330049351,4582.8505216795,2719.31273949469,4972.86783153581
"2018-08-11 19:00:00",3567,3457.97523332632,2721.21499716207,4194.73546949057,2331.19768730576,4584.75277934688
"2018-08-11 20:00:00",3362,3194.54796809857,2457.78773193432,3931.30820426282,2067.77042207801,4321.32551411913
"2018-08-11 21:00:00",3378,3013.59887780704,2276.8386416428,3750.35911397129,1886.82133178649,4140.3764238276
"2018-08-11 22:00:00",3167,2790.36885963243,2053.60862346818,3527.12909579668,1663.59131361187,3917.14640565299
"2018-08-11 23:00:00",2511,2399.34347484663,1662.58323868239,3136.10371101088,1272.56592882608,3526.12102086719
"2018-08-12 00:00:00",1406,1803.46659189191,1066.70635572766,2540.22682805616,676.689045871354,2930.24413791247
"2018-08-12 01:00:00",868,1096.02699234395,359.266756179707,1832.7872285082,-30.7505536766037,2222.80453836451
"2018-08-12 02:00:00",678,467.67553552658,-269.084700637668,1204.43577169083,-659.102010493979,1594.45308154714
"2018-08-12 03:00:00",392,115.446576917186,-621.313659247062,852.206813081435,-1011.33096910337,1242.22412293775
"2018-08-12 04:00:00",365,145.393665355283,-591.366570808966,882.153901519531,-981.383880665276,1272.17121137584
"2018-08-12 05:00:00",529,524.380342171404,-212.379893992844,1261.14057833565,-602.397203849155,1651.15788819196
"2018-08-12 06:00:00",984,1107.24471727398,370.484481109735,1844.00495343823,-19.5328287465759,2234.02226329454
"2018-08-12 07:00:00",1196,1720.76390603723,984.003669872984,2457.52414220148,593.986360016673,2847.54145205779
"2018-08-12 08:00:00",1850,2252.79679914671,1516.03656298246,2989.55703531096,1126.01925312615,3379.57434516727
"2018-08-12 09:00:00",2713,2693.72068496364,1956.9604487994,3430.48092112789,1566.94313894308,3820.4982309842
"2018-08-12 10:00:00",3534,3108.36209345387,2371.60185728962,3845.12232961812,1981.58454743331,4235.13963947443
"2018-08-12 11:00:00",3856,3560.70778543238,2823.94754926813,4297.46802159663,2433.93023941182,4687.48533145294
"2018-08-12 12:00:00",4037,4043.31258476643,3306.55234860218,4780.07282093067,2916.53503874587,5170.09013078698
"2018-08-12 13:00:00",4522,4459.85307619815,3723.0928400339,5196.61331236239,3333.07553017759,5586.63062221871
"2018-08-12 14:00:00",4468,4674.57489826444,3937.8146621002,5411.33513442869,3547.79735224389,5801.352444285
"2018-08-12 15:00:00",4351,4598.00449729389,3861.24426112964,5334.76473345814,3471.22695127333,5724.78204331445
"2018-08-12 16:00:00",4466,4252.43832043523,3515.67808427099,4989.19855659948,3125.66077441468,5379.21586645579
"2018-08-12 17:00:00",4313,3770.7147317557,3033.95449559145,4507.47496791995,2643.93718573514,4897.49227777626
"2018-08-12 18:00:00",4012,3322.84600598615,2586.0857698219,4059.6062421504,2196.06845996559,4449.62355200671
"2018-08-12 19:00:00",3658,3012.51653059179,2275.75629442754,3749.27676675604,1885.73898457123,4139.29407661235
"2018-08-12 20:00:00",3151,2809.20064163642,2072.44040547217,3545.96087780067,1682.42309561586,3935.97818765698
"2018-08-12 21:00:00",2708,2564.90259905026,1828.14236288601,3301.66283521451,1438.1250530297,3691.68014507082
"2018-08-12 22:00:00",1930,2114.85148087355,1378.09124470931,2851.6117170378,988.073934852996,3241.62902689411
"2018-08-12 23:00:00",1282,1407.52719131421,670.766955149966,2144.28742747846,280.749645293656,2534.30473733477
"2018-08-13 00:00:00",651,584.401464801895,-152.358771362352,1321.16170096614,-542.376081218663,1711.17901082245
"2018-08-13 01:00:00",434,-48.4688983540541,-785.229134518302,688.291337810194,-1175.24644437461,1078.3086476665
"2018-08-13 02:00:00",355,-155.779243402521,-892.539479566769,580.980992761727,-1282.55678942308,970.998302618038
"2018-08-13 03:00:00",348,449.836606924313,-286.923629239935,1186.59684308856,-676.940939096246,1576.61415294487
"2018-08-13 04:00:00",924,1684.97205121111,948.211815046866,2421.73228737536,558.194505190556,2811.74959723167
"2018-08-13 05:00:00",3025,3201.0168721612,2464.25663599695,3937.77710832545,2074.23932614064,4327.79441818176
"2018-08-13 06:00:00",5546,4526.19163497902,3789.43139881477,5262.95187114326,3399.41408895846,5652.96918099957
"2018-08-13 07:00:00",6383,5277.57948214107,4540.81924597682,6014.33971830531,4150.80193612051,6404.35702816163
"2018-08-13 08:00:00",5642,5335.43338745275,4598.6731512885,6072.193623617,4208.65584143219,6462.21093347331
"2018-08-13 09:00:00",4714,4888.5500253994,4151.78978923515,5625.31026156365,3761.77247937884,6015.32757141996
"2018-08-13 10:00:00",4216,4326.35435428526,3589.59411812101,5063.1145904495,3199.5768082647,5453.13190030582
"2018-08-13 11:00:00",4440,4034.54868572443,3297.78844956018,4771.30892188868,2907.77113970387,5161.32623174499
"2018-08-13 12:00:00",4673,4202.0244146387,3465.26417847445,4938.78465080294,3075.24686861814,5328.80196065926
"2018-08-13 13:00:00",4494,4738.95217069296,4002.19193452872,5475.71240685721,3612.17462467241,5865.72971671352
"2018-08-13 14:00:00",4811,5343.94391614262,4607.18367997838,6080.70415230687,4217.16637012207,6470.72146216318
"2018-08-13 15:00:00",5245,5676.70449070536,4939.94425454111,6413.46472686961,4549.9269446848,6803.48203672592
"2018-08-13 16:00:00",6163,5537.23618740971,4800.47595124546,6273.99642357396,4410.45864138915,6664.01373343027
"2018-08-13 17:00:00",5603,4953.92418440259,4217.16394823835,5690.68442056684,3827.14663838203,6080.70173042315
"2018-08-13 18:00:00",4077,4138.81472885416,3402.05449268991,4875.5749650184,3012.0371828336,5265.59227487472
"2018-08-13 19:00:00",3247,3346.04834942827,2609.28811326402,4082.80858559252,2219.27080340771,4472.82589544883
"2018-08-13 20:00:00",2835,2723.6644913393,1986.90425517505,3460.42472750354,1596.88694531874,3850.44203735985
"2018-08-13 21:00:00",2615,2248.83356710331,1512.07333093906,2985.59380326756,1122.05602108275,3375.61111312387
"2018-08-13 22:00:00",1823,1782.9327378279,1046.17250166365,2519.69297399215,656.155191807342,2909.71028384846
"2018-08-13 23:00:00",1117,1208.0151030089,471.254866844653,1944.77533917315,81.2375569883425,2334.79264902946
"2018-08-14 00:00:00",571,554.828975002888,-181.93126116136,1291.58921116714,-571.948571017671,1681.60652102345
"2018-08-14 01:00:00",394,35.5821028677538,-701.178133296494,772.342339032002,-1091.1954431528,1162.35964888831
"2018-08-14 02:00:00",284,-48.9554381116665,-785.715674275915,687.804798052582,-1175.73298413223,1077.82210790889
"2018-08-14 03:00:00",340,518.583127939238,-218.17710822501,1255.34336410349,-608.19441808132,1645.3606739598
"2018-08-14 04:00:00",940,1719.77012394139,983.009887777143,2456.53036010564,592.992577920832,2846.54766996195
"2018-08-14 05:00:00",3184,3261.56103553748,2524.80079937323,3998.32127170173,2134.78348951692,4388.33858155804
"2018-08-14 06:00:00",5702,4684.57310534428,3947.81286918004,5421.33334150853,3557.79555932372,5811.35065136484
"2018-08-14 07:00:00",6573,5569.27400776741,4832.51377160316,6306.03424393166,4442.49646174685,6696.05155378797
"2018-08-14 08:00:00",5841,5733.14431221833,4996.38407605408,6469.90454838258,4606.36676619777,6859.92185823889
"2018-08-14 09:00:00",4766,5312.87864969894,4576.11841353469,6049.63888586319,4186.10110367838,6439.6561957195
"2018-08-14 10:00:00",4478,4686.07104664028,3949.31081047603,5422.83128280453,3559.29350061972,5812.84859266084
"2018-08-14 11:00:00",4741,4273.34895189657,3536.58871573232,5010.10918806081,3146.57140587601,5400.12649791712
"2018-08-14 12:00:00",4996,4326.21336869449,3589.45313253024,5062.97360485873,3199.43582267393,5452.99091471504
"2018-08-14 13:00:00",4832,4811.95560437527,4075.19536821102,5548.71584053951,3685.17805835471,5938.73315039582
"2018-08-14 14:00:00",4985,5451.91347421645,4715.1532380522,6188.6737103807,4325.13592819589,6578.69102023701
"2018-08-14 15:00:00",5672,5884.53520249508,5147.77496633083,6621.29543865933,4757.75765647452,7011.31274851564
"2018-08-14 16:00:00",6373,5858.20975587502,5121.44951971077,6594.96999203926,4731.43220985446,6984.98730189558
"2018-08-14 17:00:00",6014,5347.52962804808,4610.76939188383,6084.28986421232,4220.75208202752,6474.30717406863
"2018-08-14 18:00:00",4525,4535.48487774907,3798.72464158482,5272.24511391332,3408.70733172851,5662.26242376963
"2018-08-14 19:00:00",3423,3683.50500626387,2946.74477009962,4420.26524242811,2556.72746024331,4810.28255228442
"2018-08-14 20:00:00",3046,2974.71928495509,2237.95904879084,3711.47952111934,1847.94173893453,4101.49683097565
"2018-08-14 21:00:00",2784,2426.86260570635,1690.10236954211,3163.6228418706,1300.0850596858,3553.64015172691
"2018-08-14 22:00:00",2287,1924.63739915632,1187.87716299207,2661.39763532057,797.859853135762,3051.41494517688
"2018-08-14 23:00:00",2772,1345.71019482021,608.949958655959,2082.47043098445,218.932648799649,2472.48774084077
"2018-08-15 00:00:00",793,695.425964635911,-41.3342715283366,1432.18620080016,-431.351581384647,1822.20351065647
"2018-08-15 01:00:00",492,158.345434641705,-578.414801522543,895.105670805953,-968.432111378853,1285.12298066226
"2018-08-15 02:00:00",335,24.468276980645,-712.291959183603,761.228513144893,-1102.30926903991,1151.2458230012
"2018-08-15 03:00:00",403,525.311464109878,-211.44877205437,1262.07170027413,-601.466081910681,1652.08901013044
"2018-08-15 04:00:00",948,1673.8799339681,937.119697803849,2410.64017013234,547.102387947538,2800.65747998866
"2018-08-15 05:00:00",3181,3207.1806763666,2470.42044020235,3943.94091253085,2080.40313034604,4333.95822238716
"2018-08-15 06:00:00",5767,4675.86122094437,3939.10098478013,5412.62145710862,3549.08367492382,5802.63876696493
"2018-08-15 07:00:00",6561,5642.78558027338,4906.02534410913,6379.54581643763,4516.00803425282,6769.56312629394
"2018-08-15 08:00:00",5930,5888.26566026817,5151.50542410392,6625.02589643242,4761.48811424761,7015.04320628873
"2018-08-15 09:00:00",4672,5511.68979268282,4774.92955651858,6248.45002884707,4384.91224666227,6638.46733870338
"2018-08-15 10:00:00",4638,4873.16606030073,4136.40582413649,5609.92629646498,3746.38851428018,5999.94360632129
"2018-08-15 11:00:00",4979,4404.9378379344,3668.17760177015,5141.69807409865,3278.16029191384,5531.71538395496
"2018-08-15 12:00:00",5016,4392.55205990021,3655.79182373596,5129.31229606445,3265.77451387965,5519.32960592076
"2018-08-15 13:00:00",4841,4840.76797598606,4104.00773982181,5577.52821215031,3713.9904299655,5967.54552200662
"2018-08-15 14:00:00",4968,5490.96803697218,4754.20780080794,6227.72827313643,4364.19049095163,6617.74558299274
"2018-08-15 15:00:00",5428,5973.08026941311,5236.32003324886,6709.84050557736,4846.30272339255,7099.85781543367
"2018-08-15 16:00:00",5541,6003.15181522622,5266.39157906197,6739.91205139047,4876.37426920566,7129.92936124678
"2018-08-15 17:00:00",5920,5517.64465872016,4780.88442255591,6254.4048948844,4390.8671126996,6644.42220474071
"2018-08-15 18:00:00",4545,4677.02473752035,3940.2645013561,5413.78497368459,3550.24719149979,5803.8022835409
"2018-08-15 19:00:00",3358,3748.78041732388,3012.02018115964,4485.54065348813,2622.00287130333,4875.55796334444
"2018-08-15 20:00:00",3133,2948.08315792716,2211.32292176291,3684.84339409141,1821.3056119066,4074.86070394772
"2018-08-15 21:00:00",2687,2333.89029435664,1597.13005819239,3070.65053052088,1207.11274833608,3460.66784037719
"2018-08-15 22:00:00",1742,1819.41892729112,1082.65869112687,2556.17916345536,692.641381270559,2946.19647331167
"2018-08-15 23:00:00",1051,1283.0224086071,546.262172442854,2019.78264477135,156.244862586544,2409.79995462766
"2018-08-16 00:00:00",652,702.678500021834,-34.0817361424134,1439.43873618608,-424.099045998724,1829.45604604239
"2018-08-16 01:00:00",399,222.220980317257,-514.539255846991,958.981216481504,-904.556565703302,1348.99852633782
"2018-08-16 02:00:00",300,99.1788763644819,-637.581359799766,835.93911252873,-1027.59866965608,1225.95642238504
"2018-08-16 03:00:00",412,557.790282623964,-178.969953540284,1294.55051878821,-568.987263396595,1684.56782864452
"2018-08-16 04:00:00",977,1632.32444616221,895.56420999796,2369.08468232646,505.54690014165,2759.10199218277
"2018-08-16 05:00:00",3150,3097.88918810351,2361.12895193926,3834.64942426776,1971.11164208295,4224.66673412407
"2018-08-16 06:00:00",5386,4539.88259216777,3803.12235600352,5276.64282833202,3413.10504614721,5666.66013818833
"2018-08-16 07:00:00",6494,5534.79639700969,4798.03616084544,6271.55663317394,4408.01885098913,6661.57394303025
"2018-08-16 08:00:00",5847,5849.33608709468,5112.57585093044,6586.09632325893,4722.55854107412,6976.11363311524
"2018-08-16 09:00:00",4976,5550.30309358056,4813.54285741632,6287.06332974481,4423.52554756001,6677.08063960112
"2018-08-16 10:00:00",4466,4963.82061814685,4227.0603819826,5700.5808543111,3837.04307212629,6090.59816416741
"2018-08-16 11:00:00",4574,4503.92307244142,3767.16283627718,5240.68330860567,3377.14552642087,5630.70061846198
"2018-08-16 12:00:00",4961,4461.52091254361,3724.76067637937,5198.28114870786,3334.74336652306,5588.29845856417
"2018-08-16 13:00:00",4785,4865.34004765094,4128.57981148669,5602.10028381519,3738.56250163038,5992.1175936715
"2018-08-16 14:00:00",4927,5485.31214303287,4748.55190686862,6222.07237919711,4358.53459701231,6612.08968905342
"2018-08-16 15:00:00",5729,5969.76128101249,5233.00104484824,6706.52151717674,4842.98373499193,7096.53882703305
"2018-08-16 16:00:00",6272,6035.54695339658,5298.78671723233,6772.30718956083,4908.76940737602,7162.32449941714
"2018-08-16 17:00:00",5928,5605.43382424287,4868.67358807862,6342.19406040712,4478.65627822231,6732.21137026343
"2018-08-16 18:00:00",4580,4822.1226465657,4085.36241040145,5558.88288272995,3695.34510054514,5948.90019258626
"2018-08-16 19:00:00",3725,3941.85304607298,3205.09280990873,4678.61328223723,2815.07550005242,5068.63059209354
"2018-08-16 20:00:00",3205,3179.06223843836,2442.30200227411,3915.82247460261,2052.2846924178,4305.83978445892
"2018-08-16 21:00:00",3090,2597.8181746354,1861.05793847115,3334.57841079965,1471.04062861484,3724.59572065596
"2018-08-16 22:00:00",2377,2112.75005329154,1375.98981712729,2849.51028945578,985.972507270978,3239.52759931209
"2018-08-16 23:00:00",1380,1592.7392945229,855.979058358655,2329.49953068715,465.961748502344,2719.51684054346
"2018-08-17 00:00:00",809,996.598203425046,259.837967260798,1733.35843958929,-130.179342595512,2123.3757494456
"2018-08-17 01:00:00",449,449.621442128859,-287.138794035388,1186.38167829311,-677.156103891699,1576.39898814942
"2018-08-17 02:00:00",363,205.435768306083,-531.324467858165,942.196004470331,-921.341777714475,1332.21331432664
"2018-08-17 03:00:00",408,508.000696661264,-228.759539502984,1244.76093282551,-618.776849359295,1634.77824268182
"2018-08-17 04:00:00",899,1432.08774900697,695.327512842723,2168.84798517122,305.310202986412,2558.86529502753
"2018-08-17 05:00:00",2821,2798.9466784742,2062.18644230995,3535.70691463845,1672.16913245364,3925.72422449476
"2018-08-17 06:00:00",5243,4225.12860357667,3488.36836741242,4961.88883974092,3098.35105755611,5351.90614959723
"2018-08-17 07:00:00",5994,5287.91624677656,4551.15601061231,6024.6764829408,4161.138700756,6414.69379279711
"2018-08-17 08:00:00",5406,5723.06332880361,4986.30309263937,6459.82356496786,4596.28578278306,6849.84087482417
"2018-08-17 09:00:00",4719,5548.82996525054,4812.0697290863,6285.59020141479,4422.05241922999,6675.6075112711
"2018-08-17 10:00:00",4510,5047.89976439511,4311.13952823086,5784.66000055936,3921.12221837455,6174.67731041567
"2018-08-17 11:00:00",4948,4615.20214758319,3878.44191141894,5351.96238374743,3488.42460156263,5741.97969360374
"2018-08-17 12:00:00",5076,4552.30171435029,3815.54147818604,5289.06195051454,3425.52416832973,5679.07926037085
"2018-08-17 13:00:00",5027,4917.30623301319,4180.54599684894,5654.06646917743,3790.52868699263,6044.08377903374
"2018-08-17 14:00:00",5289,5507.69499798349,4770.93476181924,6244.45523414774,4380.91745196293,6634.47254400405
"2018-08-17 15:00:00",5581,5980.21884274496,5243.45860658071,6716.9790789092,4853.4412967244,7106.99638876551
"2018-08-17 16:00:00",5734,6038.25785255409,5301.49761638985,6775.01808871834,4911.48030653354,7165.03539857465
"2018-08-17 17:00:00",5141,5583.47676355989,4846.71652739565,6320.23699972414,4456.69921753934,6710.25430958045
"2018-08-17 18:00:00",4536,4752.69554360635,4015.93530744211,5489.4557797706,3625.91799758579,5879.47308962691
"2018-08-17 19:00:00",3703,3827.39851164686,3090.63827548261,4564.1587478111,2700.6209656263,4954.17605766741
"2018-08-17 20:00:00",3279,3073.79607195303,2337.03583578878,3810.55630811728,1947.01852593247,4200.57361797359
"2018-08-17 21:00:00",3177,2606.4124738549,1869.65223769065,3343.17271001914,1479.63492783434,3733.19001987545
"2018-08-17 22:00:00",2903,2349.65757217628,1612.89733601203,3086.41780834052,1222.88002615572,3476.43511819683
"2018-08-17 23:00:00",2126,2112.44202243592,1375.68178627167,2849.20225860017,985.664476415361,3239.21956845648
"2018-08-18 00:00:00",1569,1725.90821178504,989.147975620793,2462.66844794929,599.130665764483,2852.6857578056
"2018-08-18 01:00:00",806,1160.83746794396,424.077231779716,1897.59770410821,34.0599219234055,2287.61501396452
"2018-08-18 02:00:00",598,556.930414610285,-179.829821553963,1293.69065077453,-569.847131410274,1683.70796063084
"2018-08-18 03:00:00",448,149.860931192347,-586.8993049719,886.621167356595,-976.916614828211,1276.63847721291
"2018-08-18 04:00:00",523,141.378372747243,-595.381863417005,878.138608911491,-985.399173273315,1268.1559187678
"2018-08-18 05:00:00",940,588.484114002316,-148.276122161932,1325.24435016656,-538.293432018243,1715.26166002287
"2018-08-18 06:00:00",1648,1373.45823584169,636.697999677447,2110.21847200594,246.680689821136,2500.23578186225
"2018-08-18 07:00:00",2229,2267.5351881958,1530.77495203156,3004.29542436005,1140.75764217525,3394.31273421636
"2018-08-18 08:00:00",2987,3047.22766877004,2310.46743260579,3783.98790493429,1920.45012274948,4174.0052147906
"2018-08-18 09:00:00",3922,3595.03878080847,2858.27854464422,4331.79901697272,2468.26123478791,4721.81632682903
"2018-08-18 10:00:00",5146,3930.06243045333,3193.30219428908,4666.82266661758,2803.28488443277,5056.83997647389
"2018-08-18 11:00:00",4916,4158.56474721373,3421.80451104948,4895.32498337797,3031.78720119317,5285.34229323429
"2018-08-18 12:00:00",4448,4382.21056910099,3645.45033293674,5118.97080526524,3255.43302308043,5508.98811512155
"2018-08-18 13:00:00",4438,4623.79393883029,3887.03370266604,5360.55417499454,3497.01639280973,5750.57148485085
"2018-08-18 14:00:00",4710,4815.15971649629,4078.39948033204,5551.91995266053,3688.38217047573,5941.93726251684
"2018-08-18 15:00:00",4893,4850.39861655979,4113.63838039555,5587.15885272404,3723.62107053924,5977.17616258035
"2018-08-18 16:00:00",4897,4665.86184626497,3929.10161010073,5402.62208242922,3539.08430024442,5792.63939228553
"2018-08-18 17:00:00",4664,4292.64685615345,3555.8866199892,5029.40709231769,3165.86931013289,5419.424402174
"2018-08-18 18:00:00",4157,3846.0902855132,3109.33004934895,4582.85052167745,2719.31273949264,4972.86783153376
"2018-08-18 19:00:00",3619,3457.97523332419,2721.21499715994,4194.73546948844,2331.19768730363,4584.75277934475
"2018-08-18 20:00:00",3543,3194.54796810074,2457.78773193649,3931.30820426499,2067.77042208018,4321.3255141213
"2018-08-18 21:00:00",3442,3013.59887780973,2276.83864164548,3750.35911397398,1886.82133178917,4140.37642383029
"2018-08-18 22:00:00",3128,2790.36885963175,2053.60862346751,3527.129095796,1663.5913136112,3917.14640565231
"2018-08-18 23:00:00",2044,2399.34347485064,1662.58323868639,3136.10371101489,1272.56592883008,3526.1210208712
"2018-08-19 00:00:00",1346,1803.46659189151,1066.70635572726,2540.22682805576,676.689045870952,2930.24413791207
"2018-08-19 01:00:00",997,1096.02699234417,359.266756179925,1832.78722850842,-30.7505536763852,2222.80453836473
"2018-08-19 02:00:00",726,467.675535525564,-269.084700638684,1204.43577168981,-659.102010494994,1594.45308154612
"2018-08-19 03:00:00",386,115.446576916507,-621.313659247741,852.206813080755,-1011.33096910405,1242.22412293707
"2018-08-19 04:00:00",388,145.39366535689,-591.366570807358,882.153901521138,-981.383880663668,1272.17121137745
"2018-08-19 05:00:00",552,524.380342176756,-212.379893987491,1261.140578341,-602.397203843802,1651.15788819731
"2018-08-19 06:00:00",994,1107.24471727089,370.484481106644,1844.00495343514,-19.5328287496661,2234.02226329145
"2018-08-19 07:00:00",1277,1720.76390603867,984.003669874422,2457.52414220292,593.986360018111,2847.54145205923
"2018-08-19 08:00:00",1971,2252.79679914891,1516.03656298466,2989.55703531316,1126.01925312835,3379.57434516947
"2018-08-19 09:00:00",2895,2693.72068496409,1956.96044879984,3430.48092112833,1566.94313894353,3820.49823098465
"2018-08-19 10:00:00",3766,3108.362093454,2371.60185728976,3845.12232961825,1981.58454743345,4235.13963947456
"2018-08-19 11:00:00",4384,3560.70778543347,2823.94754926923,4297.46802159772,2433.93023941292,4687.48533145403
"2018-08-19 12:00:00",4624,4043.31258476595,3306.5523486017,4780.0728209302,2916.53503874539,5170.09013078651
"2018-08-19 13:00:00",4596,4459.85307619656,3723.09284003232,5196.61331236081,3333.07553017601,5586.63062221712
"2018-08-19 14:00:00",4742,4674.57489826329,3937.81466209905,5411.33513442754,3547.79735224273,5801.35244428385
"2018-08-19 15:00:00",4779,4598.00449729414,3861.2442611299,5334.76473345839,3471.22695127359,5724.7820433147
"2018-08-19 16:00:00",4989,4252.43832043662,3515.67808427237,4989.19855660086,3125.66077441606,5379.21586645717
"2018-08-19 17:00:00",4870,3770.71473175435,3033.9544955901,4507.4749679186,2643.93718573379,4897.49227777491
"2018-08-19 18:00:00",4287,3322.84600598606,2586.08576982182,4059.60624215031,2196.06845996551,4449.62355200662
"2018-08-19 19:00:00",3792,3012.51653059604,2275.75629443179,3749.27676676029,1885.73898457548,4139.2940766166
"2018-08-19 20:00:00",3213,2809.20064163743,2072.44040547319,3545.96087780168,1682.42309561688,3935.97818765799
"2018-08-19 21:00:00",2682,2564.90259904964,1828.14236288539,3301.66283521389,1438.12505302908,3691.6801450702
"2018-08-19 22:00:00",1973,2114.85148087836,1378.09124471411,2851.61171704261,988.073934857801,3241.62902689892
"2018-08-19 23:00:00",2369,1407.52719131061,670.766955146364,2144.28742747486,280.749645290054,2534.30473733117
"2018-08-20 00:00:00",922,584.401464802036,-152.358771362212,1321.16170096628,-542.376081218523,1711.17901082259
"2018-08-20 01:00:00",473,-48.4688983558268,-785.229134520075,688.291337808421,-1175.24644437639,1078.30864766473
"2018-08-20 02:00:00",346,-155.77924340316,-892.539479567407,580.980992761088,-1282.55678942372,970.998302617399
"2018-08-20 03:00:00",369,449.836606925351,-286.923629238897,1186.5968430896,-676.940939095207,1576.61415294591
"2018-08-20 04:00:00",941,1684.97205121189,948.211815047647,2421.73228737614,558.194505191336,2811.74959723245
"2018-08-20 05:00:00",3005,3201.0168721633,2464.25663599906,3937.77710832755,2074.23932614275,4327.79441818386
"2018-08-20 06:00:00",5352,4526.19163498009,3789.43139881585,5262.95187114434,3399.41408895953,5652.96918100065
"2018-08-20 07:00:00",6077,5277.57948214044,4540.81924597619,6014.33971830469,4150.80193611988,6404.357028161
"2018-08-20 08:00:00",5349,5335.43338745156,4598.67315128731,6072.19362361581,4208.655841431,6462.21093347212
"2018-08-20 09:00:00",4777,4888.55002539856,4151.78978923432,5625.31026156281,3761.77247937801,6015.32757141912
"2018-08-20 10:00:00",4375,4326.3543542862,3589.59411812196,5063.11459045045,3199.57680826564,5453.13190030676
"2018-08-20 11:00:00",4532,4034.54868572558,3297.78844956134,4771.30892188983,2907.77113970503,5161.32623174614
"2018-08-20 12:00:00",4842,4202.0244146382,3465.26417847395,4938.78465080245,3075.24686861764,5328.80196065876
"2018-08-20 13:00:00",4690,4738.95217069265,4002.1919345284,5475.71240685689,3612.17462467209,5865.72971671321
"2018-08-20 14:00:00",5001,5343.94391614151,4607.18367997726,6080.70415230575,4217.16637012095,6470.72146216206
"2018-08-20 15:00:00",5388,5676.7044907043,4939.94425454005,6413.46472686855,4549.92694468374,6803.48203672486
"2018-08-20 16:00:00",6423,5537.23618741042,4800.47595124617,6273.99642357467,4410.45864138986,6664.01373343098
"2018-08-20 17:00:00",5848,4953.92418440256,4217.16394823831,5690.6844205668,3827.146638382,6080.70173042311
"2018-08-20 18:00:00",4285,4138.8147288555,3402.05449269125,4875.57496501975,3012.03718283494,5265.59227487606
"2018-08-20 19:00:00",3231,3346.04834942707,2609.28811326282,4082.80858559131,2219.27080340651,4472.82589544762
"2018-08-20 20:00:00",2726,2723.66449133877,1986.90425517452,3460.42472750302,1596.88694531821,3850.44203735933
"2018-08-20 21:00:00",2240,2248.8335671072,1512.07333094296,2985.59380327145,1122.05602108665,3375.61111312776
"2018-08-20 22:00:00",1617,1782.93273782769,1046.17250166344,2519.69297399193,656.155191807128,2909.71028384824
"2018-08-20 23:00:00",1005,1208.01510300898,471.254866844736,1944.77533917323,81.2375569884259,2334.79264902954
"2018-08-21 00:00:00",659,554.828975004022,-181.931261160225,1291.58921116827,-571.948571016536,1681.60652102458
"2018-08-21 01:00:00",416,35.582102867906,-701.178133296342,772.342339032154,-1091.19544315265,1162.35964888846
"2018-08-21 02:00:00",316,-48.9554381127843,-785.715674277032,687.804798051463,-1175.73298413334,1077.82210790777
"2018-08-21 03:00:00",336,518.583127938074,-218.177108226174,1255.34336410232,-608.194418082484,1645.36067395863
"2018-08-21 04:00:00",996,1719.77012394093,983.00988777668,2456.53036010518,592.99257792037,2846.54766996149
"2018-08-21 05:00:00",3136,3261.56103553971,2524.80079937546,3998.32127170396,2134.78348951915,4388.33858156027
"2018-08-21 06:00:00",5701,4684.57310534676,3947.81286918252,5421.33334151101,3557.7955593262,5811.35065136732
"2018-08-21 07:00:00",6837,5569.27400776984,4832.51377160559,6306.03424393408,4442.49646174928,6696.05155379039
"2018-08-21 08:00:00",6123,5733.14431221788,4996.38407605364,6469.90454838213,4606.36676619732,6859.92185823844
"2018-08-21 09:00:00",5053,5312.87864969878,4576.11841353453,6049.63888586303,4186.10110367822,6439.65619571934
"2018-08-21 10:00:00",4540,4686.07104663892,3949.31081047468,5422.83128280317,3559.29350061837,5812.84859265948
"2018-08-21 11:00:00",4652,4273.34895189652,3536.58871573227,5010.10918806076,3146.57140587596,5400.12649791707
"2018-08-21 12:00:00",4794,4326.21336869388,3589.45313252963,5062.97360485812,3199.43582267332,5452.99091471443
"2018-08-21 13:00:00",4762,4811.95560437664,4075.19536821239,5548.71584054089,3685.17805835608,5938.7331503972
"2018-08-21 14:00:00",4994,5451.91347421462,4715.15323805037,6188.67371037887,4325.13592819406,6578.69102023518
"2018-08-21 15:00:00",5660,5884.53520249388,5147.77496632963,6621.29543865812,4757.75765647332,7011.31274851443
"2018-08-21 16:00:00",6229,5858.20975587493,5121.44951971068,6594.96999203917,4731.43220985437,6984.98730189549
"2018-08-21 17:00:00",5875,5347.52962805089,4610.76939188664,6084.28986421514,4220.75208203033,6474.30717407145
"2018-08-21 18:00:00",4435,4535.48487774919,3798.72464158494,5272.24511391344,3408.70733172863,5662.26242376975
"2018-08-21 19:00:00",3410,3683.50500626409,2946.74477009984,4420.26524242834,2556.72746024353,4810.28255228465
"2018-08-21 20:00:00",3003,2974.71928495445,2237.9590487902,3711.47952111869,1847.94173893389,4101.496830975
"2018-08-21 21:00:00",2504,2426.86260570574,1690.10236954149,3163.62284186999,1300.08505968518,3553.6401517263
"2018-08-21 22:00:00",1747,1924.63739915303,1187.87716298878,2661.39763531728,797.859853132473,3051.41494517359
"2018-08-21 23:00:00",1117,1345.71019482346,608.949958659216,2082.47043098771,218.932648802906,2472.48774084402
"2018-08-22 00:00:00",635,695.425964634881,-41.3342715293663,1432.18620079913,-431.351581385677,1822.20351065544
"2018-08-22 01:00:00",425,158.34543464068,-578.414801523568,895.105670804927,-968.432111379878,1285.12298066124
"2018-08-22 02:00:00",279,24.4682769789098,-712.291959185338,761.228513143158,-1102.30926904165,1151.24582299947
"2018-08-22 03:00:00",393,525.311464109168,-211.448772055079,1262.07170027342,-601.46608191139,1652.08901012973
"2018-08-22 04:00:00",994,1673.87993397217,937.119697807918,2410.64017013641,547.102387951608,2800.65747999272
"2018-08-22 05:00:00",3163,3207.18067636341,2470.42044019916,3943.94091252766,2080.40313034285,4333.95822238397
"2018-08-22 06:00:00",5766,4675.86122094411,3939.10098477986,5412.62145710835,3549.08367492355,5802.63876696466
"2018-08-22 07:00:00",6589,5642.78558027374,4906.02534410949,6379.54581643799,4516.00803425318,6769.5631262943
"2018-08-22 08:00:00",6056,5888.26566026982,5151.50542410558,6625.02589643407,4761.48811424927,7015.04320629038
"2018-08-22 09:00:00",5116,5511.68979268168,4774.92955651743,6248.45002884592,4384.91224666112,6638.46733870223
"2018-08-22 10:00:00",4583,4873.16606030097,4136.40582413672,5609.92629646521,3746.38851428041,5999.94360632153
"2018-08-22 11:00:00",4734,4404.93783793473,3668.17760177048,5141.69807409897,3278.16029191417,5531.71538395528
"2018-08-22 12:00:00",5043,4392.5520599009,3655.79182373665,5129.31229606514,3265.77451388034,5519.32960592145
"2018-08-22 13:00:00",4938,4840.7679759854,4104.00773982115,5577.52821214965,3713.99042996484,5967.54552200596
"2018-08-22 14:00:00",5216,5490.96803697383,4754.20780080958,6227.72827313807,4364.19049095327,6617.74558299438
"2018-08-22 15:00:00",5707,5973.08026941272,5236.32003324847,6709.84050557697,4846.30272339216,7099.85781543328
"2018-08-22 16:00:00",6470,6003.1518152263,5266.39157906205,6739.91205139054,4876.37426920574,7129.92936124685
"2018-08-22 17:00:00",5819,5517.64465872068,4780.88442255643,6254.40489488493,4390.86711270012,6644.42220474124
"2018-08-22 18:00:00",4446,4677.02473752491,3940.26450136067,5413.78497368916,3550.24719150436,5803.80228354547
"2018-08-22 19:00:00",3444,3748.78041732453,3012.02018116028,4485.54065348878,2622.00287130397,4875.55796334509
"2018-08-22 20:00:00",3154,2948.08315792337,2211.32292175912,3684.84339408761,1821.30561190281,4074.86070394393
"2018-08-22 21:00:00",2627,2333.89029435527,1597.13005819102,3070.65053051951,1207.11274833471,3460.66784037582
"2018-08-22 22:00:00",1928,1819.41892729196,1082.65869112771,2556.17916345621,692.641381271399,2946.19647331252
"2018-08-22 23:00:00",1169,1283.02240860709,546.26217244284,2019.78264477134,156.244862586529,2409.79995462765
"2018-08-23 00:00:00",596,379.27659379179,-357.483642372458,1116.03682995604,-747.500952228769,1506.05413981235
"2018-08-23 01:00:00",402,-101.180925914071,-837.941162078319,635.579310250176,-1227.95847193463,1025.59662010649
"2018-08-23 02:00:00",392,-224.223029863043,-960.983266027291,512.537206301205,-1351.0005758836,902.554516157515
"2018-08-23 03:00:00",381,234.388376393831,-502.371859770416,971.148612558079,-892.389169626727,1361.16592241439
"2018-08-23 04:00:00",976,1308.92253992666,572.162303762408,2045.6827760909,182.144993906097,2435.70008594721
"2018-08-23 05:00:00",3163,2774.48728187371,2037.72704570946,3511.24751803796,1647.70973585315,3901.26482789427
"2018-08-23 06:00:00",5860,4216.48068594143,3479.72044977718,4953.24092210568,3089.70313992087,5343.25823196199
"2018-08-23 07:00:00",6815,5211.39449077693,4474.63425461268,5948.15472694117,4084.61694475637,6338.17203679748
"2018-08-23 08:00:00",6162,5525.93418086413,4789.17394469989,6262.69441702838,4399.15663484358,6652.71172688469
"2018-08-23 09:00:00",5583,5226.90118735091,4490.14095118666,5963.66142351515,4100.12364133035,6353.67873337147
"2018-08-23 10:00:00",4837,4640.41871191732,3903.65847575307,5377.17894808156,3513.64116589676,5767.19625793788
"2018-08-23 11:00:00",5015,4180.52116621076,3443.76093004651,4917.28140237501,3053.7436201902,5307.29871223132
"2018-08-23 12:00:00",5136,4138.11900631357,3401.35877014932,4874.87924247782,3011.34146029301,5264.89655233413
"2018-08-23 13:00:00",5051,4541.93814142056,3805.17790525632,5278.69837758481,3415.16059540001,5668.71568744112
"2018-08-23 14:00:00",5312,5161.91023680454,4425.15000064029,5898.67047296879,4035.13269078398,6288.6877828251
"2018-08-23 15:00:00",5848,5646.35937478387,4909.59913861963,6383.11961094812,4519.58182876332,6773.13692080443
"2018-08-23 16:00:00",6586,5712.14504716606,4975.38481100181,6448.90528333031,4585.3675011455,6838.92259318662
"2018-08-23 17:00:00",5780,5282.03191801454,4545.27168185029,6018.79215417878,4155.25437199398,6408.8094640351
"2018-08-23 18:00:00",4750,4498.72074033434,3761.96050417009,5235.48097649858,3371.94319431378,5625.49828635489
"2018-08-23 19:00:00",3519,3618.45113984149,2881.69090367724,4355.21137600573,2491.67359382093,4745.22868586204
"2018-08-23 20:00:00",2996,2855.66033221316,2118.90009604891,3592.42056837741,1728.8827861926,3982.43787823372
"2018-08-23 21:00:00",2717,2274.41626840571,1537.65603224146,3011.17650456995,1147.63872238515,3401.19381442626
"2018-08-23 22:00:00",2107,1789.34814705839,1052.58791089414,2526.10838322264,662.570601037832,2916.12569307895
"2018-08-23 23:00:00",1904,1269.33738829508,532.57715213083,2006.09762445933,142.559842274519,2396.11493431564
"2018-08-24 00:00:00",790,996.598203425217,259.837967260969,1733.35843958946,-130.179342595341,2123.37574944577
"2018-08-24 01:00:00",505,449.62144213143,-287.138794032817,1186.38167829568,-677.156103889128,1576.39898815199
"2018-08-24 02:00:00",387,205.435768306523,-531.324467857725,942.196004470771,-921.341777714035,1332.21331432708
"2018-08-24 03:00:00",424,508.000696661084,-228.759539503163,1244.76093282533,-618.776849359474,1634.77824268164
"2018-08-24 04:00:00",916,1432.08774900946,695.327512845216,2168.84798517371,305.310202988906,2558.86529503002
"2018-08-24 05:00:00",2950,2798.94667847556,2062.18644231131,3535.7069146398,1672.169132455,3925.72422449611
"2018-08-24 06:00:00",5259,4225.12860357141,3488.36836740716,4961.88883973565,3098.35105755085,5351.90614959197
"2018-08-24 07:00:00",6243,5287.91624677569,4551.15601061144,6024.67648293994,4161.13870075513,6414.69379279625
"2018-08-24 08:00:00",5687,5723.06332880279,4986.30309263855,6459.82356496704,4596.28578278224,6849.84087482335
"2018-08-24 09:00:00",4971,5548.82996525042,4812.06972908618,6285.59020141467,4422.05241922987,6675.60751127098
"2018-08-24 10:00:00",4539,5047.89976439396,4311.13952822971,5784.6600005582,3921.1222183734,6174.67731041452
"2018-08-24 11:00:00",4391,4615.2021475838,3878.44191141955,5351.96238374804,3488.42460156324,5741.97969360435
"2018-08-24 12:00:00",4971,4552.3017143512,3815.54147818695,5289.06195051545,3425.52416833064,5679.07926037176
"2018-08-24 13:00:00",5149,4917.30623301405,4180.54599684981,5654.0664691783,3790.5286869935,6044.08377903461
"2018-08-24 14:00:00",5499,5507.69499798374,4770.93476181949,6244.45523414799,4380.91745196318,6634.4725440043
"2018-08-24 15:00:00",5879,5980.21884274521,5243.45860658096,6716.97907890946,4853.44129672465,7106.99638876577
"2018-08-24 16:00:00",6088,6038.25785255564,5301.49761639139,6775.01808871989,4911.48030653508,7165.0353985762
"2018-08-24 17:00:00",5750,5583.47676355977,4846.71652739552,6320.23699972402,4456.69921753921,6710.25430958033
"2018-08-24 18:00:00",4755,4752.69554360508,4015.93530744083,5489.45577976933,3625.91799758452,5879.47308962564
"2018-08-24 19:00:00",3467,3827.39851164918,3090.63827548494,4564.15874781343,2700.62096562862,4954.17605766974
"2018-08-24 20:00:00",3076,3073.79607195028,2337.03583578603,3810.55630811453,1947.01852592972,4200.57361797084
"2018-08-24 21:00:00",3164,2606.41247385298,1869.65223768873,3343.17271001722,1479.63492783242,3733.19001987353
"2018-08-24 22:00:00",2435,2349.65757217853,1612.89733601429,3086.41780834278,1222.88002615797,3476.43511819909
"2018-08-24 23:00:00",1860,2112.44202243571,1375.68178627147,2849.20225859996,985.664476415156,3239.21956845627
"2018-08-25 00:00:00",1089,1725.90821178785,989.147975623607,2462.6684479521,599.130665767297,2852.68575780841
"2018-08-25 01:00:00",725,1160.83746794408,424.077231779829,1897.59770410832,34.0599219235182,2287.61501396464
"2018-08-25 02:00:00",495,556.930414611622,-179.829821552626,1293.69065077587,-569.847131408936,1683.70796063218
"2018-08-25 03:00:00",366,149.860931192589,-586.899304971658,886.621167356837,-976.916614827969,1276.63847721315
"2018-08-25 04:00:00",500,141.378372747897,-595.381863416351,878.138608912145,-985.399173272661,1268.15591876846
"2018-08-25 05:00:00",875,588.484113999842,-148.276122164405,1325.24435016409,-538.293432020716,1715.2616600204
"2018-08-25 06:00:00",1837,1373.45823584334,636.69799967909,2110.21847200759,246.68068982278,2500.2357818639
"2018-08-25 07:00:00",2672,2267.53518819648,1530.77495203223,3004.29542436073,1140.75764217592,3394.31273421704
"2018-08-25 08:00:00",3503,3047.22766876881,2310.46743260456,3783.98790493306,1920.45012274825,4174.00521478937
"2018-08-25 09:00:00",4100,3595.03878080737,2858.27854464312,4331.79901697161,2468.26123478681,4721.81632682792
"2018-08-25 10:00:00",4509,3930.06243045357,3193.30219428932,4666.82266661782,2803.28488443301,5056.83997647413
"2018-08-25 11:00:00",4647,4158.56474721401,3421.80451104976,4895.32498337826,3031.78720119345,5285.34229323457
"2018-08-25 12:00:00",4846,4382.21056910305,3645.45033293881,5118.9708052673,3255.43302308249,5508.98811512361
"2018-08-25 13:00:00",4585,4623.79393883024,3887.033702666,5360.55417499449,3497.01639280969,5750.5714848508
"2018-08-25 14:00:00",4696,4815.1597164968,4078.39948033255,5551.91995266105,3688.38217047624,5941.93726251736
"2018-08-25 15:00:00",5015,4850.39861656017,4113.63838039592,5587.15885272442,3723.62107053961,5977.17616258073
"2018-08-25 16:00:00",4677,4665.86184626568,3929.10161010144,5402.62208242993,3539.08430024512,5792.63939228624
"2018-08-25 17:00:00",4541,4292.64685614957,3555.88661998532,5029.40709231382,3165.86931012901,5419.42440217013
"2018-08-25 18:00:00",3914,3846.09028551262,3109.33004934838,4582.85052167687,2719.31273949207,4972.86783153318
"2018-08-25 19:00:00",3371,3457.97523332344,2721.21499715919,4194.73546948769,2331.19768730288,4584.752779344
"2018-08-25 20:00:00",3071,3194.54796810112,2457.78773193688,3931.30820426537,2067.77042208056,4321.32551412168
"2018-08-25 21:00:00",3156,3013.5988778109,2276.83864164665,3750.35911397515,1886.82133179034,4140.37642383146
"2018-08-25 22:00:00",2713,2790.36885963182,2053.60862346757,3527.12909579606,1663.59131361126,3917.14640565237
"2018-08-25 23:00:00",2134,2399.34347484877,1662.58323868452,3136.10371101302,1272.56592882821,3526.12102086933
"2018-08-26 00:00:00",1375,1803.46659189244,1066.70635572819,2540.22682805669,676.689045871884,2930.244137913
"2018-08-26 01:00:00",855,1096.02699234447,359.26675618022,1832.78722850872,-30.7505536760905,2222.80453836503
"2018-08-26 02:00:00",614,467.675535527572,-269.084700636675,1204.43577169182,-659.102010492986,1594.45308154813
"2018-08-26 03:00:00",382,115.446576915351,-621.313659248897,852.206813079599,-1011.33096910521,1242.22412293591
"2018-08-26 04:00:00",325,145.393665355625,-591.366570808623,882.153901519873,-981.383880664933,1272.17121137618
"2018-08-26 05:00:00",551,524.380342175956,-212.379893988292,1261.1405783402,-602.397203844603,1651.15788819651
"2018-08-26 06:00:00",1106,1107.24471727124,370.48448110699,1844.00495343549,-19.5328287493205,2234.0222632918
"2018-08-26 07:00:00",1657,1720.76390603842,984.003669874173,2457.52414220267,593.986360017863,2847.54145205898
"2018-08-26 08:00:00",2467,2252.79679914776,1516.03656298351,2989.557035312,1126.0192531272,3379.57434516831
"2018-08-26 09:00:00",3408,2693.72068496426,1956.96044880001,3430.48092112851,1566.9431389437,3820.49823098482
"2018-08-26 10:00:00",4017,3108.36209345492,2371.60185729067,3845.12232961916,1981.58454743436,4235.13963947548
"2018-08-26 11:00:00",4394,3560.70778543258,2823.94754926833,4297.46802159683,2433.93023941202,4687.48533145314
"2018-08-26 12:00:00",4638,4043.3125847656,3306.55234860135,4780.07282092984,2916.53503874504,5170.09013078615
"2018-08-26 13:00:00",4494,4459.85307619853,3723.09284003429,5196.61331236278,3333.07553017798,5586.63062221909
"2018-08-26 14:00:00",4565,4674.57489826391,3937.81466209966,5411.33513442816,3547.79735224335,5801.35244428447
"2018-08-26 15:00:00",4289,4598.0044972947,3861.24426113045,5334.76473345895,3471.22695127414,5724.78204331526
"2018-08-26 16:00:00",4259,4252.43832043554,3515.6780842713,4989.19855659979,3125.66077441499,5379.2158664561
"2018-08-26 17:00:00",3998,3770.71473175477,3033.95449559052,4507.47496791901,2643.93718573421,4897.49227777533
"2018-08-26 18:00:00",3688,3322.84600598374,2586.08576981949,4059.60624214799,2196.06845996318,4449.6235520043
"2018-08-26 19:00:00",3165,3012.51653059327,2275.75629442902,3749.27676675752,1885.73898457271,4139.29407661383
"2018-08-26 20:00:00",2840,2809.20064163679,2072.44040547254,3545.96087780104,1682.42309561623,3935.97818765735
"2018-08-26 21:00:00",2330,2564.90259904777,1828.14236288352,3301.66283521201,1438.12505302721,3691.68014506832
"2018-08-26 22:00:00",1913,2114.85148087795,1378.0912447137,2851.6117170422,988.073934857393,3241.62902689851
"2018-08-26 23:00:00",1208,1407.52719131444,670.766955150188,2144.28742747868,280.749645293878,2534.30473733499
"2018-08-27 00:00:00",666,584.401464800952,-152.358771363296,1321.1617009652,-542.376081219606,1711.17901082151
"2018-08-27 01:00:00",337,-48.4688983553786,-785.229134519627,688.291337808869,-1175.24644437594,1078.30864766518
"2018-08-27 02:00:00",292,-155.779243405707,-892.539479569955,580.980992758541,-1282.55678942627,970.998302614852
"2018-08-27 03:00:00",358,449.836606926444,-286.923629237804,1186.59684309069,-676.940939094114,1576.614152947
"2018-08-27 04:00:00",933,1684.97205121262,948.211815048368,2421.73228737686,558.194505192058,2811.74959723317
"2018-08-27 05:00:00",3129,3201.01687215868,2464.25663599443,3937.77710832292,2074.23932613812,4327.79441817923
"2018-08-27 06:00:00",5575,4526.19163497817,3789.43139881392,5262.95187114241,3399.41408895761,5652.96918099873
"2018-08-27 07:00:00",6493,5277.57948214365,4540.8192459794,6014.3397183079,4150.80193612309,6404.35702816421
"2018-08-27 08:00:00",6125,5335.43338745122,4598.67315128697,6072.19362361546,4208.65584143066,6462.21093347177
"2018-08-27 09:00:00",5094,4888.55002540052,4151.78978923628,5625.31026156477,3761.77247937997,6015.32757142108
"2018-08-27 10:00:00",4672,4326.35435428684,3589.59411812259,5063.11459045109,3199.57680826628,5453.1319003074
"2018-08-27 11:00:00",4775,4034.54868572479,3297.78844956054,4771.30892188904,2907.77113970423,5161.32623174535
"2018-08-27 12:00:00",4880,4202.02441463875,3465.2641784745,4938.78465080299,3075.24686861819,5328.8019606593
"2018-08-27 13:00:00",4890,4738.95217069283,4002.19193452858,5475.71240685708,3612.17462467227,5865.72971671339
"2018-08-27 14:00:00",5048,5343.94391614045,4607.1836799762,6080.70415230469,4217.16637011989,6470.72146216101
"2018-08-27 15:00:00",5661,5676.7044907046,4939.94425454036,6413.46472686885,4549.92694468404,6803.48203672516
"2018-08-27 16:00:00",6535,5537.23618741104,4800.47595124679,6273.99642357529,4410.45864139048,6664.0137334316
"2018-08-27 17:00:00",5298,4953.92418440076,4217.16394823651,5690.68442056501,3827.1466383802,6080.70173042132
"2018-08-27 18:00:00",3629,4138.81472885501,3402.05449269076,4875.57496501926,3012.03718283445,5265.59227487557
"2018-08-27 19:00:00",2922,3346.04834942517,2609.28811326092,4082.80858558942,2219.27080340461,4472.82589544573
"2018-08-27 20:00:00",2536,2723.6644913399,1986.90425517565,3460.42472750414,1596.88694531934,3850.44203736045
"2018-08-27 21:00:00",2139,2248.83356710644,1512.0733309422,2985.59380327069,1122.05602108589,3375.611113127
"2018-08-27 22:00:00",1503,1782.93273782673,1046.17250166248,2519.69297399098,656.15519180617,2909.71028384729
"2018-08-27 23:00:00",1014,1208.01510300712,471.254866842876,1944.77533917137,81.237556986566,2334.79264902768
"2018-08-28 00:00:00",576,554.828975004,-181.931261160247,1291.58921116825,-571.948571016558,1681.60652102456
"2018-08-28 01:00:00",364,35.582102865729,-701.178133298519,772.342339029977,-1091.19544315483,1162.35964888629
"2018-08-28 02:00:00",234,-48.955438112085,-785.715674276333,687.804798052163,-1175.73298413264,1077.82210790847
"2018-08-28 03:00:00",367,518.583127937934,-218.177108226314,1255.34336410218,-608.194418082624,1645.36067395849
"2018-08-28 04:00:00",986,1719.77012394036,983.00988777611,2456.53036010461,592.992577919799,2846.54766996092
"2018-08-28 05:00:00",3161,3261.56103553987,2524.80079937562,3998.32127170412,2134.78348951931,4388.33858156043
"2018-08-28 06:00:00",5611,4684.57310534749,3947.81286918325,5421.33334151174,3557.79555932694,5811.35065136805
"2018-08-28 07:00:00",6147,5569.27400776605,4832.5137716018,6306.0342439303,4442.49646174549,6696.05155378661
"2018-08-28 08:00:00",5692,5733.14431221934,4996.3840760551,6469.90454838359,4606.36676619878,6859.9218582399
"2018-08-28 09:00:00",5153,5312.87864969989,4576.11841353564,6049.63888586413,4186.10110367933,6439.65619572044
"2018-08-28 10:00:00",4624,4686.07104663938,3949.31081047513,5422.83128280363,3559.29350061882,5812.84859265994
"2018-08-28 11:00:00",4678,4273.34895189714,3536.5887157329,5010.10918806139,3146.57140587659,5400.1264979177
"2018-08-28 12:00:00",4954,4326.21336869492,3589.45313253067,5062.97360485917,3199.43582267436,5452.99091471548
"2018-08-28 13:00:00",5032,4811.9556043747,4075.19536821045,5548.71584053894,3685.17805835414,5938.73315039525
"2018-08-28 14:00:00",5273,5451.91347421477,4715.15323805052,6188.67371037902,4325.13592819421,6578.69102023533
"2018-08-28 15:00:00",5865,5884.53520249495,5147.7749663307,6621.2954386592,4757.75765647439,7011.31274851551
"2018-08-28 16:00:00",6657,5858.20975587476,5121.44951971052,6594.96999203901,4731.43220985421,6984.98730189532
"2018-08-28 17:00:00",5716,5347.52962804951,4610.76939188526,6084.28986421376,4220.75208202895,6474.30717407007
"2018-08-28 18:00:00",4363,4535.48487774952,3798.72464158527,5272.24511391377,3408.70733172896,5662.26242377008
"2018-08-28 19:00:00",3406,3683.50500626364,2946.74477009939,4420.26524242788,2556.72746024308,4810.2825522842
"2018-08-28 20:00:00",2896,2974.71928495708,2237.95904879284,3711.47952112133,1847.94173893653,4101.49683097764
"2018-08-28 21:00:00",2576,2426.86260570154,1690.10236953729,3163.62284186579,1300.08505968098,3553.6401517221
"2018-08-28 22:00:00",1733,1924.63739915362,1187.87716298937,2661.39763531786,797.859853133059,3051.41494517418
"2018-08-28 23:00:00",1153,1345.71019482324,608.949958658995,2082.47043098749,218.932648802685,2472.4877408438
"2018-08-29 00:00:00",623,695.425964633754,-41.3342715304937,1432.186200798,-431.351581386804,1822.20351065431
"2018-08-29 01:00:00",335,158.345434640933,-578.414801523315,895.10567080518,-968.432111379625,1285.12298066149
"2018-08-29 02:00:00",299,24.4682769787397,-712.291959185508,761.228513142987,-1102.30926904182,1151.2458229993
"2018-08-29 03:00:00",372,525.311464111906,-211.448772052342,1262.07170027615,-601.466081908652,1652.08901013246
"2018-08-29 04:00:00",981,1673.8799339723,937.119697808052,2410.64017013655,547.102387951741,2800.65747999286
"2018-08-29 05:00:00",3103,3207.18067636366,2470.42044019941,3943.94091252791,2080.4031303431,4333.95822238422
"2018-08-29 06:00:00",5902,4675.86122094318,3939.10098477893,5412.62145710742,3549.08367492262,5802.63876696374
"2018-08-29 07:00:00",6775,5642.78558027407,4906.02534410982,6379.54581643832,4516.00803425351,6769.56312629463
"2018-08-29 08:00:00",6164,5888.26566026966,5151.50542410541,6625.02589643391,4761.4881142491,7015.04320629022
"2018-08-29 09:00:00",5421,5511.68979268262,4774.92955651837,6248.45002884687,4384.91224666206,6638.46733870318
"2018-08-29 10:00:00",4871,4873.16606030078,4136.40582413653,5609.92629646503,3746.38851428022,5999.94360632134
"2018-08-29 11:00:00",4969,4404.93783793456,3668.17760177031,5141.6980740988,3278.160291914,5531.71538395511
"2018-08-29 12:00:00",5134,4392.55205989972,3655.79182373548,5129.31229606397,3265.77451387917,5519.32960592028
"2018-08-29 13:00:00",4999,4840.76797598504,4104.00773982079,5577.52821214928,3713.99042996448,5967.5455220056
"2018-08-29 14:00:00",5349,5490.96803697306,4754.20780080882,6227.72827313731,4364.19049095251,6617.74558299362
"2018-08-29 15:00:00",5814,5973.08026941322,5236.32003324897,6709.84050557747,4846.30272339266,7099.85781543378
"2018-08-29 16:00:00",6578,6003.15181522591,5266.39157906166,6739.91205139016,4876.37426920535,7129.92936124647
"2018-08-29 17:00:00",5860,5517.64465872064,4780.8844225564,6254.40489488489,4390.86711270008,6644.4222047412
"2018-08-29 18:00:00",4554,4677.02473752305,3940.2645013588,5413.7849736873,3550.24719150249,5803.80228354361
"2018-08-29 19:00:00",3487,3748.78041732677,3012.02018116253,4485.54065349102,2622.00287130621,4875.55796334733
"2018-08-29 20:00:00",3205,2948.08315792333,2211.32292175909,3684.84339408758,1821.30561190277,4074.86070394389
"2018-08-29 21:00:00",2800,2333.89029435597,1597.13005819172,3070.65053052022,1207.11274833541,3460.66784037653
"2018-08-29 22:00:00",2106,1819.4189272937,1082.65869112945,2556.17916345795,692.641381273142,2946.19647331426
"2018-08-29 23:00:00",1272,1283.02240860684,546.262172442591,2019.78264477109,156.244862586281,2409.7999546274
"2018-08-30 00:00:00",670,702.67850002155,-34.0817361426975,1439.4387361858,-424.099045999008,1829.45604604211
"2018-08-30 01:00:00",456,222.220980315654,-514.539255848594,958.981216479901,-904.556565704904,1348.99852633621
"2018-08-30 02:00:00",326,99.178876365078,-637.58135979917,835.939112529326,-1027.59866965548,1225.95642238564
"2018-08-30 03:00:00",388,557.790282623395,-178.969953540853,1294.55051878764,-568.987263397163,1684.56782864395
"2018-08-30 04:00:00",1008,1632.32444615882,895.564209994568,2369.08468232306,505.546900138257,2759.10199217937
"2018-08-30 05:00:00",3070,3097.88918810487,2361.12895194062,3834.64942426912,1971.11164208431,4224.66673412543
"2018-08-30 06:00:00",5886,4539.8825921724,3803.12235600816,5276.64282833665,3413.10504615185,5666.66013819296
"2018-08-30 07:00:00",6466,5534.79639700791,4798.03616084367,6271.55663317216,4408.01885098736,6661.57394302847
"2018-08-30 08:00:00",5995,5849.33608709186,5112.57585092761,6586.09632325611,4722.5585410713,6976.11363311242
"2018-08-30 09:00:00",5467,5550.30309358157,4813.54285741733,6287.06332974582,4423.52554756102,6677.08063960213
"2018-08-30 10:00:00",4911,4963.82061814709,4227.06038198284,5700.58085431133,3837.04307212653,6090.59816416764
"2018-08-30 11:00:00",5095,4503.92307244124,3767.16283627699,5240.68330860548,3377.14552642068,5630.70061846179
"2018-08-30 12:00:00",5308,4461.52091254344,3724.76067637919,5198.28114870769,3334.74336652288,5588.298458564
"2018-08-30 13:00:00",5213,4865.34004765009,4128.57981148585,5602.10028381434,3738.56250162954,5992.11759367065
"2018-08-30 14:00:00",5680,5485.31214303382,4748.55190686957,6222.07237919807,4358.53459701326,6612.08968905438
"2018-08-30 15:00:00",6238,5969.7612810137,5233.00104484946,6706.52151717795,4842.98373499315,7096.53882703426
"2018-08-30 16:00:00",6453,6035.54695339773,5298.78671723348,6772.30718956197,4908.76940737717,7162.32449941828
"2018-08-30 17:00:00",5775,5605.43382424499,4868.67358808074,6342.19406040924,4478.65627822443,6732.21137026555
"2018-08-30 18:00:00",4531,4822.12264656418,4085.36241039993,5558.88288272843,3695.34510054362,5948.90019258474
"2018-08-30 19:00:00",3884,3941.85304607195,3205.0928099077,4678.6132822362,2815.07550005139,5068.63059209251
"2018-08-30 20:00:00",3332,3179.06223844106,2442.30200227681,3915.82247460531,2052.2846924205,4305.83978446162
"2018-08-30 21:00:00",3049,2597.81817463744,1861.05793847319,3334.57841080169,1471.04062861688,3724.595720658
"2018-08-30 22:00:00",2221,2112.75005328966,1375.98981712541,2849.51028945391,985.972507269104,3239.52759931022
"2018-08-30 23:00:00",1396,1592.73929452383,855.979058359587,2329.49953068808,465.961748503276,2719.51684054439
"2018-08-31 00:00:00",764,996.598203427822,259.837967263574,1733.35843959207,-130.179342592736,2123.37574944838
"2018-08-31 01:00:00",456,449.621442130072,-287.138794034176,1186.38167829432,-677.156103890487,1576.39898815063
"2018-08-31 02:00:00",358,205.435768308803,-531.324467855445,942.196004473051,-921.341777711756,1332.21331432936
"2018-08-31 03:00:00",378,508.000696659525,-228.759539504723,1244.76093282377,-618.776849361034,1634.77824268008
"2018-08-31 04:00:00",851,1432.08774901029,695.327512846039,2168.84798517453,305.310202989728,2558.86529503085
"2018-08-31 05:00:00",2754,2798.94667847547,2062.18644231122,3535.70691463972,1672.16913245491,3925.72422449603
"2018-08-31 06:00:00",5200,4225.1286035733,3488.36836740905,4961.88883973754,3098.35105755274,5351.90614959385
"2018-08-31 07:00:00",6270,5287.91624677646,4551.15601061221,6024.67648294071,4161.1387007559,6414.69379279702
"2018-08-31 08:00:00",5687,5723.06332880546,4986.30309264122,6459.82356496971,4596.28578278491,6849.84087482602
"2018-08-31 09:00:00",5328,5548.82996524933,4812.06972908509,6285.59020141358,4422.05241922878,6675.60751126989
"2018-08-31 10:00:00",5102,5047.89976439353,4311.13952822928,5784.66000055777,3921.12221837297,6174.67731041408
"2018-08-31 11:00:00",5359,4615.20214758269,3878.44191141845,5351.96238374694,3488.42460156214,5741.97969360325
"2018-08-31 12:00:00",5587,4552.30171435063,3815.54147818638,5289.06195051488,3425.52416833007,5679.07926037119
"2018-08-31 13:00:00",5400,4917.30623301384,4180.54599684959,5654.06646917808,3790.52868699328,6044.08377903439
"2018-08-31 14:00:00",5705,5507.69499798318,4770.93476181893,6244.45523414742,4380.91745196262,6634.47254400373
"2018-08-31 15:00:00",5998,5980.2188427441,5243.45860657986,6716.97907890835,4853.44129672354,7106.99638876466
"2018-08-31 16:00:00",5925,6038.25785255534,5301.49761639109,6775.01808871959,4911.48030653478,7165.0353985759
"2018-08-31 17:00:00",5418,5583.47676356053,4846.71652739628,6320.23699972478,4456.69921753997,6710.25430958109
"2018-08-31 18:00:00",4935,4752.6955436058,4015.93530744155,5489.45577977005,3625.91799758524,5879.47308962636
"2018-08-31 19:00:00",3945,3827.39851164815,3090.63827548391,4564.1587478124,2700.6209656276,4954.17605766871
"2018-08-31 20:00:00",3233,3073.79607194883,2337.03583578458,3810.55630811308,1947.01852592827,4200.57361796939
"2018-08-31 21:00:00",2910,2606.41247385529,1869.65223769104,3343.17271001953,1479.63492783473,3733.19001987584
"2018-08-31 22:00:00",2830,2349.65757217877,1612.89733601452,3086.41780834302,1222.88002615821,3476.43511819933
"2018-08-31 23:00:00",2147,2112.44202243742,1375.68178627317,2849.20225860167,985.66447641686,3239.21956845798
"2018-09-01 00:00:00",1335,1725.90821178418,989.147975619936,2462.66844794843,599.130665763626,2852.68575780474
"2018-09-01 01:00:00",785,1160.83746794408,424.077231779831,1897.59770410833,34.0599219235203,2287.61501396464
"2018-09-01 02:00:00",569,556.930414610488,-179.829821553759,1293.69065077474,-569.84713141007,1683.70796063105
"2018-09-01 03:00:00",425,149.860931192655,-586.899304971592,886.621167356903,-976.916614827903,1276.63847721321
"2018-09-01 04:00:00",419,141.378372748005,-595.381863416243,878.138608912253,-985.399173272553,1268.15591876856
"2018-09-01 05:00:00",741,588.484113999676,-148.276122164572,1325.24435016392,-538.293432020882,1715.26166002023
"2018-09-01 06:00:00",1529,1373.45823584509,636.697999680842,2110.21847200934,246.680689824531,2500.23578186565
"2018-09-01 07:00:00",2477,2267.53518819709,1530.77495203284,3004.29542436134,1140.75764217653,3394.31273421765
"2018-09-01 08:00:00",3476,3047.22766876802,2310.46743260377,3783.98790493227,1920.45012274746,4174.00521478858
"2018-09-01 09:00:00",4212,3595.03878080803,2858.27854464379,4331.79901697228,2468.26123478748,4721.81632682859
"2018-09-01 10:00:00",4578,3930.06243045217,3193.30219428792,4666.82266661641,2803.28488443161,5056.83997647272
"2018-09-01 11:00:00",4897,4158.56474721335,3421.8045110491,4895.3249833776,3031.78720119279,5285.34229323391
"2018-09-01 12:00:00",4854,4382.21056910229,3645.45033293804,5118.97080526654,3255.43302308173,5508.98811512285
"2018-09-01 13:00:00",4972,4623.79393883117,3887.03370266692,5360.55417499542,3497.01639281061,5750.57148485173
"2018-09-01 14:00:00",5056,4815.15971649662,4078.39948033238,5551.91995266087,3688.38217047606,5941.93726251718
"2018-09-01 15:00:00",4719,4850.39861655866,4113.63838039441,5587.1588527229,3723.6210705381,5977.17616257921
"2018-09-01 16:00:00",4649,4665.86184626481,3929.10161010056,5402.62208242906,3539.08430024425,5792.63939228537
"2018-09-01 17:00:00",4622,4292.64685615237,3555.88661998813,5029.40709231662,3165.86931013182,5419.42440217293
"2018-09-01 18:00:00",4261,3846.09028551528,3109.33004935103,4582.85052167953,2719.31273949472,4972.86783153584
"2018-09-01 19:00:00",3518,3457.97523332357,2721.21499715932,4194.73546948781,2331.19768730301,4584.75277934412
"2018-09-01 20:00:00",3196,3194.54796810068,2457.78773193643,3931.30820426492,2067.77042208012,4321.32551412123
"2018-09-01 21:00:00",2880,3013.59887781083,2276.83864164658,3750.35911397507,1886.82133179027,4140.37642383139
"2018-09-01 22:00:00",2815,2790.36885962683,2053.60862346258,3527.12909579107,1663.59131360627,3917.14640564738
"2018-09-01 23:00:00",1945,2399.3434748484,1662.58323868415,3136.10371101265,1272.56592882784,3526.12102086896
"2018-09-02 00:00:00",1273,1803.466591893,1066.70635572876,2540.22682805725,676.689045872447,2930.24413791356
"2018-09-02 01:00:00",801,1096.02699234547,359.266756181224,1832.78722850972,-30.7505536750866,2222.80453836603
"2018-09-02 02:00:00",565,467.67553552526,-269.084700638987,1204.43577168951,-659.102010495298,1594.45308154582
"2018-09-02 03:00:00",386,115.446576915881,-621.313659248366,852.206813080129,-1011.33096910468,1242.22412293644
"2018-09-02 04:00:00",316,145.393665354968,-591.366570809279,882.153901519216,-981.38388066559,1272.17121137553
"2018-09-02 05:00:00",532,524.380342176335,-212.379893987913,1261.14057834058,-602.397203844223,1651.15788819689
"2018-09-02 06:00:00",1003,1107.2447172715,370.484481107257,1844.00495343575,-19.5328287490536,2234.02226329206
"2018-09-02 07:00:00",1607,1720.76390603744,984.003669873188,2457.52414220168,593.986360016877,2847.54145205799
"2018-09-02 08:00:00",2334,2252.7967991497,1516.03656298545,2989.55703531395,1126.01925312914,3379.57434517026
"2018-09-02 09:00:00",2929,2693.72068496334,1956.96044879909,3430.48092112759,1566.94313894278,3820.4982309839
"2018-09-02 10:00:00",3571,3108.36209345281,2371.60185728857,3845.12232961706,1981.58454743226,4235.13963947337
"2018-09-02 11:00:00",4040,3560.70778543353,2823.94754926928,4297.46802159777,2433.93023941297,4687.48533145408
"2018-09-02 12:00:00",4549,4043.31258476701,3306.55234860276,4780.07282093126,2916.53503874645,5170.09013078757
"2018-09-02 13:00:00",4414,4459.85307619795,3723.09284003371,5196.6133123622,3333.0755301774,5586.63062221851
"2018-09-02 14:00:00",4299,4674.57489826289,3937.81466209865,5411.33513442714,3547.79735224234,5801.35244428345
"2018-09-02 15:00:00",4330,4598.00449729409,3861.24426112984,5334.76473345833,3471.22695127353,5724.78204331464
"2018-09-02 16:00:00",4197,4252.4383204356,3515.67808427135,4989.19855659985,3125.66077441504,5379.21586645616
"2018-09-02 17:00:00",3833,3770.71473175324,3033.95449558899,4507.47496791748,2643.93718573268,4897.49227777379
"2018-09-02 18:00:00",3601,3322.84600598552,2586.08576982127,4059.60624214977,2196.06845996496,4449.62355200608
"2018-09-02 19:00:00",3098,3012.5165305931,2275.75629442885,3749.27676675735,1885.73898457254,4139.29407661366
"2018-09-02 20:00:00",3115,2809.20064163922,2072.44040547498,3545.96087780347,1682.42309561867,3935.97818765978
"2018-09-02 21:00:00",2669,2564.90259904561,1828.14236288137,3301.66283520986,1438.12505302506,3691.68014506617
"2018-09-02 22:00:00",2066,2114.85148087626,1378.09124471201,2851.61171704051,988.073934855701,3241.62902689682
"2018-09-02 23:00:00",1475,1407.52719131269,670.76695514844,2144.28742747694,280.74964529213,2534.30473733325
"2018-09-03 00:00:00",962,260.999558572864,-475.760677591384,997.759794737112,-865.777987447695,1387.77710459342
"2018-09-03 01:00:00",694,-371.870804585292,-1108.63104074954,364.889431578955,-1498.64835060585,754.906741435266
"2018-09-03 02:00:00",421,-479.181149633234,-1215.94138579748,257.579086531014,-1605.95869565379,647.596396387324
"2018-09-03 03:00:00",310,126.434700695407,-610.32553546884,863.194936859655,-1000.34284532515,1253.21224671597
"2018-09-03 04:00:00",325,1361.57014498242,624.809908818175,2098.33038114667,234.792598961865,2488.34769100298
"2018-09-03 05:00:00",590,2877.6149659303,2140.85472976605,3614.37520209454,1750.83741990974,4004.39251195085
"2018-09-03 06:00:00",1141,4202.78972874683,3466.02949258258,4939.54996491108,3076.01218272627,5329.56727476739
"2018-09-03 07:00:00",1556,4954.17757591467,4217.41733975043,5690.93781207892,3827.40002989412,6080.95512193523
"2018-09-03 08:00:00",1995,5012.03148122038,4275.27124505613,5748.79171738463,3885.25393519982,6138.80902724094
"2018-09-03 09:00:00",2524,4565.14811916892,3828.38788300467,5301.90835533317,3438.37057314836,5691.92566518948
"2018-09-03 10:00:00",3050,4002.95244805708,3266.19221189283,4739.71268422132,2876.17490203652,5129.72999407764
"2018-09-03 11:00:00",3616,3711.14677949497,2974.38654333072,4447.90701565921,2584.36923347441,4837.92432551553
"2018-09-03 12:00:00",3901,3878.62250840938,3141.86227224513,4615.38274457363,2751.84496238882,5005.40005442994
"2018-09-03 13:00:00",4110,4415.55026446258,3678.79002829833,5152.31050062682,3288.77271844202,5542.32781048314
"2018-09-03 14:00:00",4446,5020.54200991232,4283.78177374807,5757.30224607657,3893.76446389176,6147.31955593288
"2018-09-03 15:00:00",4411,5353.30258447583,4616.54234831159,6090.06282064008,4226.52503845528,6480.08013049639
"2018-09-03 16:00:00",4017,5213.83428117971,4477.07404501546,5950.59451734396,4087.05673515915,6340.61182720027
"2018-09-03 17:00:00",3900,4630.52227817082,3893.76204200657,5367.28251433507,3503.74473215026,5757.29982419138
"2018-09-03 18:00:00",3487,3815.4128226255,3078.65258646125,4552.17305878975,2688.63527660494,4942.19036864606
"2018-09-03 19:00:00",3006,3022.64644320013,2285.88620703588,3759.40667936438,1895.86889717957,4149.42398922069
"2018-09-03 20:00:00",2627,2400.26258511032,1663.50234894607,3137.02282127457,1273.48503908976,3527.04013113088
"2018-09-03 21:00:00",2081,1925.43166087308,1188.67142470883,2662.19189703733,798.654114852525,3052.20920689364
"2018-09-03 22:00:00",1588,1459.53083160044,722.770595436197,2196.29106776469,332.753285579886,2586.308377621
"2018-09-03 23:00:00",1012,884.613196776185,147.852960611937,1621.37343294043,-242.164349244374,2011.39074279674
"2018-09-04 00:00:00",528,554.828975003834,-181.931261160414,1291.58921116808,-571.948571016724,1681.60652102439
"2018-09-04 01:00:00",321,35.5821028677159,-701.178133296532,772.342339031964,-1091.19544315284,1162.35964888827
"2018-09-04 02:00:00",254,-48.9554381116426,-785.71567427589,687.804798052605,-1175.7329841322,1077.82210790892
"2018-09-04 03:00:00",332,518.583127941048,-218.1771082232,1255.3433641053,-608.19441807951,1645.36067396161
"2018-09-04 04:00:00",901,1719.77012393807,983.009887773826,2456.53036010232,592.992577917515,2846.54766995863
"2018-09-04 05:00:00",2863,3261.56103554132,2524.80079937707,3998.32127170557,2134.78348952076,4388.33858156188
"2018-09-04 06:00:00",5280,4684.57310534677,3947.81286918253,5421.33334151102,3557.79555932622,5811.35065136733
"2018-09-04 07:00:00",6379,5569.27400776815,4832.5137716039,6306.0342439324,4442.49646174759,6696.05155378871
"2018-09-04 08:00:00",5856,5733.14431221712,4996.38407605287,6469.90454838137,4606.36676619656,6859.92185823768
"2018-09-04 09:00:00",5242,5312.87864970119,4576.11841353694,6049.63888586543,4186.10110368063,6439.65619572174
"2018-09-04 10:00:00",4403,4686.07104663827,3949.31081047403,5422.83128280252,3559.29350061771,5812.84859265883
"2018-09-04 11:00:00",4477,4273.34895189703,3536.58871573278,5010.10918806127,3146.57140587647,5400.12649791758
"2018-09-04 12:00:00",4583,4326.21336869374,3589.4531325295,5062.97360485799,3199.43582267319,5452.9909147143
"2018-09-04 13:00:00",4652,4811.95560437658,4075.19536821233,5548.71584054082,3685.17805835602,5938.73315039713
"2018-09-04 14:00:00",4785,5451.91347421527,4715.15323805103,6188.67371037952,4325.13592819472,6578.69102023583
"2018-09-04 15:00:00",5436,5884.53520249534,5147.77496633109,6621.29543865959,4757.75765647478,7011.3127485159
"2018-09-04 16:00:00",5667,5858.20975587499,5121.44951971075,6594.96999203924,4731.43220985444,6984.98730189555
"2018-09-04 17:00:00",5494,5347.52962804886,4610.76939188462,6084.28986421311,4220.75208202831,6474.30717406942
"2018-09-04 18:00:00",4383,4535.48487774908,3798.72464158484,5272.24511391333,3408.70733172852,5662.26242376964
"2018-09-04 19:00:00",3017,3683.50500626105,2946.7447700968,4420.2652424253,2556.72746024049,4810.28255228161
"2018-09-04 20:00:00",2385,2974.71928495688,2237.95904879263,3711.47952112112,1847.94173893632,4101.49683097743
"2018-09-04 21:00:00",2105,2426.86260570929,1690.10236954504,3163.62284187354,1300.08505968873,3553.64015172985
"2018-09-04 22:00:00",1351,1924.63739915489,1187.87716299064,2661.39763531914,797.85985313433,3051.41494517545
"2018-09-04 23:00:00",921,1345.71019482244,608.949958658191,2082.47043098669,218.932648801881,2472.487740843
"2018-09-05 00:00:00",522,695.425964636288,-41.3342715279593,1432.18620080054,-431.35158138427,1822.20351065685
"2018-09-05 01:00:00",304,158.345434641384,-578.414801522864,895.105670805632,-968.432111379174,1285.12298066194
"2018-09-05 02:00:00",254,24.4682769791877,-712.29195918506,761.228513143435,-1102.30926904137,1151.24582299975
"2018-09-05 03:00:00",323,525.311464107649,-211.448772056599,1262.0717002719,-601.466081912909,1652.08901012821
"2018-09-05 04:00:00",882,1673.879933972,937.119697807751,2410.64017013625,547.10238795144,2800.65747999256
"2018-09-05 05:00:00",3013,3207.18067636645,2470.42044020221,3943.9409125307,2080.4031303459,4333.95822238701
"2018-09-05 06:00:00",5633,4675.86122094303,3939.10098477878,5412.62145710728,3549.08367492247,5802.63876696359
"2018-09-05 07:00:00",6668,5642.78558027613,4906.02534411188,6379.54581644038,4516.00803425557,6769.56312629669
"2018-09-05 08:00:00",6327,5888.26566026961,5151.50542410536,6625.02589643386,4761.48811424905,7015.04320629017
"2018-09-05 09:00:00",5237,5511.68979268203,4774.92955651778,6248.45002884628,4384.91224666147,6638.46733870259
"2018-09-05 10:00:00",4599,4873.16606030125,4136.405824137,5609.92629646549,3746.38851428069,5999.9436063218
"2018-09-05 11:00:00",4635,4404.93783793538,3668.17760177113,5141.69807409962,3278.16029191482,5531.71538395593
"2018-09-05 12:00:00",5001,4392.55205990001,3655.79182373576,5129.31229606426,3265.77451387945,5519.32960592057
"2018-09-05 13:00:00",4781,4840.76797598403,4104.00773981978,5577.52821214828,3713.99042996347,5967.54552200459
"2018-09-05 14:00:00",4816,5490.96803697644,4754.20780081219,6227.72827314068,4364.19049095588,6617.74558299699
"2018-09-05 15:00:00",5661,5973.08026941154,5236.32003324729,6709.84050557578,4846.30272339098,7099.85781543209
"2018-09-05 16:00:00",6555,6003.15181522652,5266.39157906227,6739.91205139077,4876.37426920596,7129.92936124708
"2018-09-05 17:00:00",5938,5517.64465871832,4780.88442255407,6254.40489488257,4390.86711269776,6644.42220473888
"2018-09-05 18:00:00",4426,4677.02473752328,3940.26450135904,5413.78497368753,3550.24719150273,5803.80228354384
"2018-09-05 19:00:00",3414,3748.7804173255,3012.02018116125,4485.54065348975,2622.00287130494,4875.55796334606
"2018-09-05 20:00:00",3130,2948.08315792383,2211.32292175958,3684.84339408808,1821.30561190327,4074.86070394439
"2018-09-05 21:00:00",2532,2333.89029435586,1597.13005819161,3070.65053052011,1207.1127483353,3460.66784037642
"2018-09-05 22:00:00",1629,1819.4189272956,1082.65869113135,2556.17916345985,692.641381275042,2946.19647331616
"2018-09-05 23:00:00",993,1283.02240860857,546.262172444325,2019.78264477282,156.244862588015,2409.79995462913
"2018-09-06 00:00:00",570,702.67850002175,-34.0817361424978,1439.438736186,-424.099045998808,1829.45604604231
"2018-09-06 01:00:00",350,222.220980313711,-514.539255850537,958.981216477959,-904.556565706847,1348.99852633427
"2018-09-06 02:00:00",281,99.1788763666078,-637.58135979764,835.939112530855,-1027.59866965395,1225.95642238717
"2018-09-06 03:00:00",337,557.79028262544,-178.969953538808,1294.55051878969,-568.987263395118,1684.567828646
"2018-09-06 04:00:00",909,1632.32444615935,895.564209995106,2369.0846823236,505.546900138795,2759.10199217991
"2018-09-06 05:00:00",3036,3097.88918810321,2361.12895193896,3834.64942426746,1971.11164208265,4224.66673412377
"2018-09-06 06:00:00",5868,4539.88259217121,3803.12235600696,5276.64282833545,3413.10504615065,5666.66013819176
"2018-09-06 07:00:00",6526,5534.79639700661,4798.03616084236,6271.55663317086,4408.01885098605,6661.57394302717
"2018-09-06 08:00:00",5996,5849.33608709363,5112.57585092938,6586.09632325788,4722.55854107307,6976.11363311419
"2018-09-06 09:00:00",5328,5550.30309358166,4813.54285741742,6287.06332974591,4423.52554756111,6677.08063960222
"2018-09-06 10:00:00",4579,4963.82061814782,4227.06038198358,5700.58085431207,3837.04307212726,6090.59816416838
"2018-09-06 11:00:00",4727,4503.92307244104,3767.1628362768,5240.68330860529,3377.14552642048,5630.7006184616
"2018-09-06 12:00:00",4765,4461.52091254296,3724.76067637872,5198.28114870721,3334.7433665224,5588.29845856352
"2018-09-06 13:00:00",4853,4865.34004765154,4128.57981148729,5602.10028381579,3738.56250163098,5992.1175936721
"2018-09-06 14:00:00",4947,5485.31214303332,4748.55190686907,6222.07237919757,4358.53459701276,6612.08968905388
"2018-09-06 15:00:00",5786,5969.76128101247,5233.00104484822,6706.52151717671,4842.98373499191,7096.53882703303
"2018-09-06 16:00:00",6396,6035.54695339655,5298.7867172323,6772.30718956079,4908.76940737599,7162.32449941711
"2018-09-06 17:00:00",6008,5605.43382424539,4868.67358808114,6342.19406040964,4478.65627822483,6732.21137026595
"2018-09-06 18:00:00",4373,4822.12264656595,4085.36241040171,5558.8828827302,3695.3451005454,5948.90019258651
"2018-09-06 19:00:00",3382,3941.85304607166,3205.09280990741,4678.6132822359,2815.0755000511,5068.63059209221
"2018-09-06 20:00:00",3223,3179.06223844103,2442.30200227678,3915.82247460528,2052.28469242047,4305.83978446159
"2018-09-06 21:00:00",2712,2597.81817463815,1861.0579384739,3334.5784108024,1471.04062861759,3724.59572065871
"2018-09-06 22:00:00",2096,2112.75005328867,1375.98981712442,2849.51028945292,985.972507268114,3239.52759930923
"2018-09-06 23:00:00",1248,1592.7392945246,855.979058360352,2329.49953068885,465.961748504042,2719.51684054516
"2018-09-07 00:00:00",550,996.598203424823,259.837967260575,1733.35843958907,-130.179342595735,2123.37574944538
"2018-09-07 01:00:00",417,449.621442131029,-287.138794033218,1186.38167829528,-677.156103889529,1576.39898815159
"2018-09-07 02:00:00",307,205.435768307365,-531.324467856883,942.196004471613,-921.341777713194,1332.21331432792
"2018-09-07 03:00:00",338,508.000696658552,-228.759539505696,1244.7609328228,-618.776849362007,1634.77824267911
"2018-09-07 04:00:00",892,1432.08774900821,695.327512843966,2168.84798517246,305.310202987656,2558.86529502877
"2018-09-07 05:00:00",2942,2798.94667847476,2062.18644231052,3535.70691463901,1672.16913245421,3925.72422449532
"2018-09-07 06:00:00",5542,4225.128603573,3488.36836740875,4961.88883973725,3098.35105755244,5351.90614959356
"2018-09-07 07:00:00",6675,5287.91624677358,4551.15601060933,6024.67648293783,4161.13870075302,6414.69379279414
"2018-09-07 08:00:00",5923,5723.06332880624,4986.30309264199,6459.82356497049,4596.28578278568,6849.8408748268
"2018-09-07 09:00:00",5061,5548.82996525221,4812.06972908796,6285.59020141646,4422.05241923165,6675.60751127277
"2018-09-07 10:00:00",4720,5047.89976439431,4311.13952823006,5784.66000055856,3921.12221837375,6174.67731041487
"2018-09-07 11:00:00",4700,4615.20214758357,3878.44191141932,5351.96238374782,3488.42460156301,5741.97969360413
"2018-09-07 12:00:00",5073,4552.30171435163,3815.54147818738,5289.06195051588,3425.52416833107,5679.07926037219
"2018-09-07 13:00:00",4832,4917.30623301368,4180.54599684943,5654.06646917792,3790.52868699312,6044.08377903424
"2018-09-07 14:00:00",5163,5507.69499798233,4770.93476181808,6244.45523414658,4380.91745196177,6634.47254400289
"2018-09-07 15:00:00",4831,5980.218842745,5243.45860658076,6716.97907890925,4853.44129672444,7106.99638876556
"2018-09-07 16:00:00",6148,6038.25785255557,5301.49761639132,6775.01808871982,4911.48030653501,7165.03539857613
"2018-09-07 17:00:00",5426,5583.47676356106,4846.71652739681,6320.2369997253,4456.6992175405,6710.25430958161
"2018-09-07 18:00:00",4699,4752.69554360419,4015.93530743994,5489.45577976843,3625.91799758363,5879.47308962474
"2018-09-07 19:00:00",3734,3827.39851164834,3090.63827548409,4564.15874781259,2700.62096562778,4954.1760576689
"2018-09-07 20:00:00",3360,3073.79607195602,2337.03583579178,3810.55630812027,1947.01852593547,4200.57361797658
"2018-09-07 21:00:00",2803,2606.41247385471,1869.65223769047,3343.17271001896,1479.63492783416,3733.19001987527
"2018-09-07 22:00:00",2669,2349.65757217488,1612.89733601063,3086.41780833912,1222.88002615432,3476.43511819543
"2018-09-07 23:00:00",1957,2112.44202243781,1375.68178627356,2849.20225860206,985.664476417251,3239.21956845837
"2018-09-08 00:00:00",1131,1725.90821178522,989.147975620969,2462.66844794946,599.130665764658,2852.68575780578
"2018-09-08 01:00:00",690,1160.83746794343,424.077231779185,1897.59770410768,34.059921922875,2287.61501396399
"2018-09-08 02:00:00",488,556.930414610119,-179.829821554129,1293.69065077437,-569.847131410439,1683.70796063068
"2018-09-08 03:00:00",393,149.860931190394,-586.899304973854,886.621167354642,-976.916614830164,1276.63847721095
"2018-09-08 04:00:00",459,141.378372752166,-595.381863412082,878.138608916414,-985.399173268393,1268.15591877272
"2018-09-08 05:00:00",830,588.484113999051,-148.276122165197,1325.2443501633,-538.293432021507,1715.26166001961
"2018-09-08 06:00:00",1504,1373.45823584001,636.697999675763,2110.21847200426,246.680689819453,2500.23578186057
"2018-09-08 07:00:00",2063,2267.53518819693,1530.77495203269,3004.29542436118,1140.75764217637,3394.31273421749
"2018-09-08 08:00:00",3043,3047.22766877115,2310.4674326069,3783.9879049354,1920.45012275059,4174.00521479171
"2018-09-08 09:00:00",3588,3595.03878080643,2858.27854464218,4331.79901697068,2468.26123478587,4721.81632682699
"2018-09-08 10:00:00",4039,3930.06243045365,3193.3021942894,4666.82266661789,2803.28488443309,5056.8399764742
"2018-09-08 11:00:00",4249,4158.56474721391,3421.80451104966,4895.32498337816,3031.78720119335,5285.34229323447
"2018-09-08 12:00:00",4690,4382.21056910167,3645.45033293742,5118.97080526592,3255.43302308111,5508.98811512223
"2018-09-08 13:00:00",4550,4623.79393882838,3887.03370266413,5360.55417499263,3497.01639280782,5750.57148484894
"2018-09-08 14:00:00",4612,4815.15971649722,4078.39948033297,5551.91995266147,3688.38217047666,5941.93726251778
"2018-09-08 15:00:00",4756,4850.39861655959,4113.63838039535,5587.15885272384,3723.62107053904,5977.17616258015
"2018-09-08 16:00:00",4848,4665.86184626582,3929.10161010157,5402.62208243007,3539.08430024526,5792.63939228638
"2018-09-08 17:00:00",4125,4292.6468561506,3555.88661998636,5029.40709231485,3165.86931013005,5419.42440217116
"2018-09-08 18:00:00",3745,3846.09028551514,3109.3300493509,4582.85052167939,2719.31273949459,4972.8678315357
"2018-09-08 19:00:00",3399,3457.97523332534,2721.21499716109,4194.73546948959,2331.19768730478,4584.7527793459
"2018-09-08 20:00:00",3245,3194.54796809714,2457.78773193289,3931.30820426138,2067.77042207658,4321.32551411769
"2018-09-08 21:00:00",2814,3013.59887781044,2276.83864164619,3750.35911397468,1886.82133178988,4140.376423831
"2018-09-08 22:00:00",2478,2790.36885963501,2053.60862347076,3527.12909579926,1663.59131361445,3917.14640565557
"2018-09-08 23:00:00",1916,2399.34347484834,1662.58323868409,3136.10371101259,1272.56592882778,3526.1210208689
"2018-09-09 00:00:00",1286,1803.46659189068,1066.70635572643,2540.22682805493,676.689045870122,2930.24413791124
"2018-09-09 01:00:00",794,1096.0269923446,359.266756180354,1832.78722850885,-30.7505536759568,2222.80453836516
"2018-09-09 02:00:00",620,467.675535527734,-269.084700636514,1204.43577169198,-659.102010492824,1594.45308154829
"2018-09-09 03:00:00",345,115.446576915665,-621.313659248583,852.206813079912,-1011.33096910489,1242.22412293622
"2018-09-09 04:00:00",353,145.393665355157,-591.36657080909,882.153901519405,-981.383880665401,1272.17121137572
"2018-09-09 05:00:00",541,524.380342176997,-212.379893987251,1261.14057834124,-602.397203843562,1651.15788819755
"2018-09-09 06:00:00",1140,1107.24471727464,370.48448111039,1844.00495343889,-19.5328287459208,2234.0222632952
"2018-09-09 07:00:00",1806,1720.76390603778,984.003669873534,2457.52414220203,593.986360017223,2847.54145205834
"2018-09-09 08:00:00",2224,2252.79679914592,1516.03656298168,2989.55703531017,1126.01925312536,3379.57434516648
"2018-09-09 09:00:00",3449,2693.72068496302,1956.96044879877,3430.48092112727,1566.94313894246,3820.49823098358
"2018-09-09 10:00:00",4322,3108.36209345363,2371.60185728938,3845.12232961788,1981.58454743307,4235.13963947419
"2018-09-09 11:00:00",4273,3560.70778543272,2823.94754926847,4297.46802159697,2433.93023941216,4687.48533145328
"2018-09-09 12:00:00",3990,4043.3125847656,3306.55234860135,4780.07282092985,2916.53503874504,5170.09013078616
"2018-09-09 13:00:00",3993,4459.85307619817,3723.09284003392,5196.61331236241,3333.07553017761,5586.63062221872
"2018-09-09 14:00:00",3852,4674.57489826237,3937.81466209813,5411.33513442662,3547.79735224182,5801.35244428293
"2018-09-09 15:00:00",3888,4598.00449729406,3861.24426112982,5334.76473345831,3471.2269512735,5724.78204331462
"2018-09-09 16:00:00",4126,4252.43832043512,3515.67808427087,4989.19855659937,3125.66077441456,5379.21586645568
"2018-09-09 17:00:00",3959,3770.71473175549,3033.95449559125,4507.47496791974,2643.93718573494,4897.49227777605
"2018-09-09 18:00:00",3692,3322.84600598303,2586.08576981879,4059.60624214728,2196.06845996248,4449.62355200359
"2018-09-09 19:00:00",3258,3012.51653059239,2275.75629442814,3749.27676675664,1885.73898457183,4139.29407661295
"2018-09-09 20:00:00",2755,2809.2006416385,2072.44040547425,3545.96087780275,1682.42309561794,3935.97818765906
"2018-09-09 21:00:00",2140,2564.9025990498,1828.14236288555,3301.66283521405,1438.12505302924,3691.68014507036
"2018-09-09 22:00:00",1534,2114.8514808735,1378.09124470925,2851.61171703775,988.073934852941,3241.62902689406
"2018-09-09 23:00:00",996,1407.52719131259,670.766955148343,2144.28742747684,280.749645292033,2534.30473733315
"2018-09-10 00:00:00",534,584.401464800933,-152.358771363314,1321.16170096518,-542.376081219625,1711.17901082149
"2018-09-10 01:00:00",303,-48.4688983544702,-785.229134518718,688.291337809778,-1175.24644437503,1078.30864766609
"2018-09-10 02:00:00",286,-155.779243404834,-892.539479569082,580.980992759414,-1282.55678942539,970.998302615725
"2018-09-10 03:00:00",329,449.836606925041,-286.923629239207,1186.59684308929,-676.940939095517,1576.6141529456
"2018-09-10 04:00:00",861,1684.97205121537,948.211815051124,2421.73228737962,558.194505194813,2811.74959723593
"2018-09-10 05:00:00",2963,3201.01687216286,2464.25663599861,3937.77710832711,2074.2393261423,4327.79441818342
"2018-09-10 06:00:00",5721,4526.19163497748,3789.43139881323,5262.95187114173,3399.41408895692,5652.96918099804
"2018-09-10 07:00:00",6561,5277.57948214324,4540.81924597899,6014.33971830748,4150.80193612268,6404.35702816379
"2018-09-10 08:00:00",6009,5335.43338745074,4598.67315128649,6072.19362361498,4208.65584143018,6462.21093347129
"2018-09-10 09:00:00",5236,4888.55002539987,4151.78978923562,5625.31026156412,3761.77247937931,6015.32757142043
"2018-09-10 10:00:00",4201,4326.35435428502,3589.59411812077,5063.11459044927,3199.57680826446,5453.13190030558
"2018-09-10 11:00:00",4498,4034.54868572471,3297.78844956046,4771.30892188896,2907.77113970415,5161.32623174527
"2018-09-10 12:00:00",4724,4202.02441463795,3465.2641784737,4938.7846508022,3075.24686861739,5328.80196065851
"2018-09-10 13:00:00",4462,4738.95217069198,4002.19193452774,5475.71240685623,3612.17462467143,5865.72971671254
"2018-09-10 14:00:00",5016,5343.94391613978,4607.18367997553,6080.70415230403,4217.16637011922,6470.72146216034
"2018-09-10 15:00:00",5688,5676.70449070493,4939.94425454068,6413.46472686917,4549.92694468437,6803.48203672549
"2018-09-10 16:00:00",6344,5537.23618741142,4800.47595124717,6273.99642357567,4410.45864139086,6664.01373343198
"2018-09-10 17:00:00",5857,4953.92418440075,4217.1639482365,5690.684420565,3827.14663838019,6080.70173042131
"2018-09-10 18:00:00",4245,4138.81472885583,3402.05449269158,4875.57496502007,3012.03718283527,5265.59227487638
"2018-09-10 19:00:00",3184,3346.04834942746,2609.28811326322,4082.80858559171,2219.2708034069,4472.82589544802
"2018-09-10 20:00:00",2732,2723.6644913354,1986.90425517115,3460.42472749964,1596.88694531484,3850.44203735595
"2018-09-10 21:00:00",2235,2248.8335671022,1512.07333093796,2985.59380326645,1122.05602108165,3375.61111312276
"2018-09-10 22:00:00",1389,1782.93273783032,1046.17250166607,2519.69297399457,656.155191809764,2909.71028385088
"2018-09-10 23:00:00",887,1208.0151030079,471.254866843651,1944.77533917215,81.2375569873409,2334.79264902846
"2018-09-11 00:00:00",516,554.828975003988,-181.93126116026,1291.58921116824,-571.948571016571,1681.60652102455
"2018-09-11 01:00:00",330,35.5821028662784,-701.178133297969,772.342339030526,-1091.19544315428,1162.35964888684
"2018-09-11 02:00:00",265,-48.9554381121697,-785.715674276418,687.804798052078,-1175.73298413273,1077.82210790839
"2018-09-11 03:00:00",332,518.583127940233,-218.177108224015,1255.34336410448,-608.194418080326,1645.36067396079
"2018-09-11 04:00:00",891,1719.77012393971,983.009887775462,2456.53036010396,592.992577919151,2846.54766996027
"2018-09-11 05:00:00",3055,3261.56103553979,2524.80079937554,3998.32127170404,2134.78348951923,4388.33858156035
"2018-09-11 06:00:00",5927,4684.57310534725,3947.812869183,5421.3333415115,3557.79555932669,5811.35065136781
"2018-09-11 07:00:00",6496,5569.27400776801,4832.51377160377,6306.03424393226,4442.49646174745,6696.05155378857
"2018-09-11 08:00:00",6123,5733.14431221778,4996.38407605354,6469.90454838203,4606.36676619723,6859.92185823834
"2018-09-11 09:00:00",5471,5312.8786496994,4576.11841353515,6049.63888586364,4186.10110367884,6439.65619571996
"2018-09-11 10:00:00",4257,4686.07104663898,3949.31081047473,5422.83128280323,3559.29350061842,5812.84859265954
"2018-09-11 11:00:00",5074,4273.34895189727,3536.58871573302,5010.10918806152,3146.57140587671,5400.12649791783
"2018-09-11 12:00:00",4734,4326.21336869585,3589.45313253161,5062.9736048601,3199.43582267529,5452.99091471641
"2018-09-11 13:00:00",4875,4811.955604376,4075.19536821176,5548.71584054025,3685.17805835544,5938.73315039656
"2018-09-11 14:00:00",4922,5451.91347421675,4715.1532380525,6188.67371038099,4325.13592819619,6578.6910202373
"2018-09-11 15:00:00",5636,5884.53520249559,5147.77496633134,6621.29543865984,4757.75765647503,7011.31274851615
"2018-09-11 16:00:00",6601,5858.20975587442,5121.44951971017,6594.96999203867,4731.43220985386,6984.98730189498
"2018-09-11 17:00:00",5859,5347.52962805021,4610.76939188597,6084.28986421446,4220.75208202965,6474.30717407077
"2018-09-11 18:00:00",4372,4535.48487775133,3798.72464158708,5272.24511391558,3408.70733173077,5662.26242377189
"2018-09-11 19:00:00",3427,3683.5050062609,2946.74477009666,4420.26524242515,2556.72746024035,4810.28255228146
"2018-09-11 20:00:00",3114,2974.71928495622,2237.95904879197,3711.47952112047,1847.94173893566,4101.49683097678
"2018-09-11 21:00:00",2501,2426.86260570515,1690.1023695409,3163.6228418694,1300.08505968459,3553.64015172571
"2018-09-11 22:00:00",1860,1924.63739915269,1187.87716298845,2661.39763531694,797.859853132136,3051.41494517325
"2018-09-11 23:00:00",2682,1345.71019481915,608.949958654898,2082.47043098339,218.932648798587,2472.4877408397
"2018-09-12 00:00:00",750,695.425964635138,-41.3342715291103,1432.18620079939,-431.351581385421,1822.2035106557
"2018-09-12 01:00:00",344,158.345434641797,-578.414801522451,895.105670806046,-968.432111378762,1285.12298066236
"2018-09-12 02:00:00",314,24.4682769787782,-712.29195918547,761.228513143026,-1102.30926904178,1151.24582299934
"2018-09-12 03:00:00",371,525.311464109399,-211.448772054849,1262.07170027365,-601.466081911159,1652.08901012996
"2018-09-12 04:00:00",937,1673.87993396905,937.119697804799,2410.6401701333,547.102387948489,2800.65747998961
"2018-09-12 05:00:00",3085,3207.18067636802,2470.42044020377,3943.94091253227,2080.40313034746,4333.95822238858
"2018-09-12 06:00:00",5908,4675.86122094316,3939.10098477892,5412.62145710741,3549.0836749226,5802.63876696372
"2018-09-12 07:00:00",6677,5642.78558027201,4906.02534410776,6379.54581643626,4516.00803425145,6769.56312629257
"2018-09-12 08:00:00",6297,5888.26566026951,5151.50542410526,6625.02589643375,4761.48811424895,7015.04320629006
"2018-09-12 09:00:00",5551,5511.68979268358,4774.92955651933,6248.45002884783,4384.91224666302,6638.46733870414
"2018-09-12 10:00:00",4499,4873.16606030118,4136.40582413693,5609.92629646543,3746.38851428062,5999.94360632174
"2018-09-12 11:00:00",4598,4404.93783793419,3668.17760176994,5141.69807409844,3278.16029191363,5531.71538395475
"2018-09-12 12:00:00",4759,4392.55205989994,3655.7918237357,5129.31229606419,3265.77451387939,5519.3296059205
"2018-09-12 13:00:00",4733,4840.76797598678,4104.00773982253,5577.52821215102,3713.99042996622,5967.54552200733
"2018-09-12 14:00:00",5056,5490.96803697409,4754.20780080984,6227.72827313834,4364.19049095353,6617.74558299465
"2018-09-12 15:00:00",5739,5973.08026941331,5236.32003324906,6709.84050557756,4846.30272339275,7099.85781543387
"2018-09-12 16:00:00",6450,6003.1518152253,5266.39157906105,6739.91205138954,4876.37426920474,7129.92936124585
"2018-09-12 17:00:00",6245,5517.64465872219,4780.88442255794,6254.40489488643,4390.86711270163,6644.42220474274
"2018-09-12 18:00:00",4668,4677.0247375237,3940.26450135946,5413.78497368795,3550.24719150314,5803.80228354426
"2018-09-12 19:00:00",3510,3748.78041732385,3012.0201811596,4485.5406534881,2622.00287130329,4875.55796334441
"2018-09-12 20:00:00",3064,2948.08315792683,2211.32292176258,3684.84339409108,1821.30561190627,4074.86070394739
"2018-09-12 21:00:00",2705,2333.89029435193,1597.13005818768,3070.65053051618,1207.11274833137,3460.66784037249
"2018-09-12 22:00:00",1813,1819.41892729292,1082.65869112867,2556.17916345717,692.64138127236,2946.19647331348
"2018-09-12 23:00:00",2842,1283.0224086087,546.262172444457,2019.78264477295,156.244862588147,2409.79995462926
"2018-09-13 00:00:00",699,702.678500021754,-34.0817361424936,1439.438736186,-424.099045998804,1829.45604604231
"2018-09-13 01:00:00",413,222.220980315779,-514.539255848468,958.981216480027,-904.556565704779,1348.99852633634
"2018-09-13 02:00:00",332,99.1788763646812,-637.581359799567,835.939112528929,-1027.59866965588,1225.95642238524
"2018-09-13 03:00:00",383,557.790282622722,-178.969953541526,1294.55051878697,-568.987263397837,1684.56782864328
"2018-09-13 04:00:00",914,1632.32444616028,895.564209996031,2369.08468232453,505.546900139721,2759.10199218084
"2018-09-13 05:00:00",3052,3097.88918810212,2361.12895193787,3834.64942426637,1971.11164208156,4224.66673412268
"2018-09-13 06:00:00",5830,4539.88259216819,3803.12235600395,5276.64282833244,3413.10504614764,5666.66013818875
"2018-09-13 07:00:00",6433,5534.7963970089,4798.03616084465,6271.55663317315,4408.01885098834,6661.57394302946
"2018-09-13 08:00:00",6162,5849.33608709361,5112.57585092936,6586.09632325786,4722.55854107305,6976.11363311417
"2018-09-13 09:00:00",5092,5550.30309358129,4813.54285741704,6287.06332974554,4423.52554756073,6677.08063960185
"2018-09-13 10:00:00",4584,4963.82061814668,4227.06038198243,5700.58085431092,3837.04307212612,6090.59816416724
"2018-09-13 11:00:00",4767,4503.92307244009,3767.16283627584,5240.68330860434,3377.14552641953,5630.70061846065
"2018-09-13 12:00:00",4851,4461.52091254392,3724.76067637967,5198.28114870817,3334.74336652336,5588.29845856448
"2018-09-13 13:00:00",4826,4865.34004765111,4128.57981148686,5602.10028381535,3738.56250163055,5992.11759367166
"2018-09-13 14:00:00",5014,5485.31214303296,4748.55190686871,6222.0723791972,4358.5345970124,6612.08968905351
"2018-09-13 15:00:00",5617,5969.7612810135,5233.00104484925,6706.52151717775,4842.98373499294,7096.53882703406
"2018-09-13 16:00:00",6514,6035.54695339669,5298.78671723244,6772.30718956093,4908.76940737613,7162.32449941724
"2018-09-13 17:00:00",5701,5605.43382424311,4868.67358807886,6342.19406040735,4478.65627822255,6732.21137026366
"2018-09-13 18:00:00",4443,4822.12264656521,4085.36241040096,5558.88288272946,3695.34510054465,5948.90019258577
"2018-09-13 19:00:00",3669,3941.85304607337,3205.09280990912,4678.61328223761,2815.07550005281,5068.63059209392
"2018-09-13 20:00:00",3282,3179.06223844045,2442.3020022762,3915.8224746047,2052.28469241989,4305.83978446101
"2018-09-13 21:00:00",2676,2597.81817463598,1861.05793847173,3334.57841080023,1471.04062861542,3724.59572065654
"2018-09-13 22:00:00",1921,2112.75005329135,1375.9898171271,2849.51028945559,985.972507270787,3239.5275993119
"2018-09-13 23:00:00",1167,1592.7392945212,855.97905835695,2329.49953068545,465.961748500639,2719.51684054176
"2018-09-14 00:00:00",603,996.598203426224,259.837967261976,1733.35843959047,-130.179342594334,2123.37574944678
"2018-09-14 01:00:00",376,449.621442131015,-287.138794033232,1186.38167829526,-677.156103889543,1576.39898815157
"2018-09-14 02:00:00",333,205.43576830994,-531.324467854308,942.196004474187,-921.341777710619,1332.2133143305
"2018-09-14 03:00:00",377,508.000696659224,-228.759539505024,1244.76093282347,-618.776849361334,1634.77824267978
"2018-09-14 04:00:00",892,1432.08774900815,695.327512843905,2168.8479851724,305.310202987595,2558.86529502871
"2018-09-14 05:00:00",2899,2798.94667847916,2062.18644231491,3535.7069146434,1672.1691324586,3925.72422449971
"2018-09-14 06:00:00",5569,4225.12860357557,3488.36836741132,4961.88883973982,3098.35105755501,5351.90614959613
"2018-09-14 07:00:00",6728,5287.9162467741,4551.15601060985,6024.67648293834,4161.13870075354,6414.69379279466
"2018-09-14 08:00:00",5934,5723.06332880422,4986.30309263997,6459.82356496846,4596.28578278366,6849.84087482477
"2018-09-14 09:00:00",5025,5548.8299652505,4812.06972908625,6285.59020141475,4422.05241922994,6675.60751127106
"2018-09-14 10:00:00",4566,5047.89976439446,4311.13952823021,5784.66000055871,3921.1222183739,6174.67731041502
"2018-09-14 11:00:00",4836,4615.20214758362,3878.44191141937,5351.96238374787,3488.42460156306,5741.97969360418
"2018-09-14 12:00:00",5019,4552.30171435142,3815.54147818717,5289.06195051567,3425.52416833086,5679.07926037198
"2018-09-14 13:00:00",4830,4917.30623301265,4180.54599684841,5654.0664691769,3790.5286869921,6044.08377903321
"2018-09-14 14:00:00",5231,5507.69499798324,4770.93476181899,6244.45523414748,4380.91745196268,6634.4725440038
"2018-09-14 15:00:00",5953,5980.21884274501,5243.45860658076,6716.97907890926,4853.44129672445,7106.99638876557
"2018-09-14 16:00:00",6196,6038.25785255474,5301.49761639049,6775.01808871899,4911.48030653418,7165.0353985753
"2018-09-14 17:00:00",5358,5583.4767635596,4846.71652739535,6320.23699972385,4456.69921753904,6710.25430958016
"2018-09-14 18:00:00",4687,4752.69554360455,4015.9353074403,5489.4557797688,3625.91799758399,5879.47308962511
"2018-09-14 19:00:00",3880,3827.39851164882,3090.63827548458,4564.15874781307,2700.62096562827,4954.17605766938
"2018-09-14 20:00:00",3329,3073.79607195228,2337.03583578804,3810.55630811653,1947.01852593172,4200.57361797284
"2018-09-14 21:00:00",3169,2606.41247385783,1869.65223769358,3343.17271002208,1479.63492783727,3733.19001987839
"2018-09-14 22:00:00",2810,2349.65757217631,1612.89733601206,3086.41780834055,1222.88002615575,3476.43511819686
"2018-09-14 23:00:00",2024,2112.44202243685,1375.68178627261,2849.2022586011,985.664476416295,3239.21956845741
"2018-09-15 00:00:00",1179,1725.90821178549,989.147975621241,2462.66844794974,599.13066576493,2852.68575780605
"2018-09-15 01:00:00",808,1160.83746794628,424.077231782027,1897.59770411052,34.0599219257163,2287.61501396683
"2018-09-15 02:00:00",584,556.930414610619,-179.829821553629,1293.69065077487,-569.847131409939,1683.70796063118
"2018-09-15 03:00:00",428,149.860931190455,-586.899304973793,886.621167354702,-976.916614830104,1276.63847721101
"2018-09-15 04:00:00",502,141.378372749946,-595.381863414302,878.138608914193,-985.399173270613,1268.1559187705
"2018-09-15 05:00:00",871,588.484113998875,-148.276122165373,1325.24435016312,-538.293432021683,1715.26166001943
"2018-09-15 06:00:00",1469,1373.45823584267,636.697999678417,2110.21847200691,246.680689822107,2500.23578186322
"2018-09-15 07:00:00",2117,2267.53518819721,1530.77495203296,3004.29542436146,1140.75764217665,3394.31273421777
"2018-09-15 08:00:00",3442,3047.22766877023,2310.46743260598,3783.98790493447,1920.45012274967,4174.00521479079
"2018-09-15 09:00:00",3999,3595.03878080808,2858.27854464383,4331.79901697233,2468.26123478752,4721.81632682864
"2018-09-15 10:00:00",4448,3930.06243045221,3193.30219428796,4666.82266661646,2803.28488443165,5056.83997647277
"2018-09-15 11:00:00",4772,4158.56474721389,3421.80451104965,4895.32498337814,3031.78720119334,5285.34229323445
"2018-09-15 12:00:00",4990,4382.21056910173,3645.45033293748,5118.97080526598,3255.43302308117,5508.98811512229
"2018-09-15 13:00:00",4848,4623.7939388306,3887.03370266635,5360.55417499485,3497.01639281004,5750.57148485116
"2018-09-15 14:00:00",4343,4815.1597164957,4078.39948033145,5551.91995265995,3688.38217047514,5941.93726251626
"2018-09-15 15:00:00",4296,4850.39861655909,4113.63838039485,5587.15885272334,3723.62107053854,5977.17616257965
"2018-09-15 16:00:00",4219,4665.86184626605,3929.1016101018,5402.62208243029,3539.08430024549,5792.6393922866
"2018-09-15 17:00:00",3953,4292.64685615198,3555.88661998773,5029.40709231623,3165.86931013142,5419.42440217254
"2018-09-15 18:00:00",3826,3846.09028551287,3109.33004934862,4582.85052167712,2719.31273949231,4972.86783153343
"2018-09-15 19:00:00",3455,3457.97523332505,2721.2149971608,4194.7354694893,2331.19768730449,4584.75277934561
"2018-09-15 20:00:00",3208,3194.5479680976,2457.78773193335,3931.30820426184,2067.77042207704,4321.32551411815
"2018-09-15 21:00:00",3055,3013.59887781122,2276.83864164697,3750.35911397547,1886.82133179066,4140.37642383178
"2018-09-15 22:00:00",2741,2790.36885963112,2053.60862346687,3527.12909579536,1663.59131361056,3917.14640565168
"2018-09-15 23:00:00",2123,2399.34347485063,1662.58323868638,3136.10371101488,1272.56592883007,3526.12102087119
"2018-09-16 00:00:00",1353,1803.46659189115,1066.7063557269,2540.2268280554,676.689045870589,2930.24413791171
"2018-09-16 01:00:00",786,1096.02699234398,359.26675617973,1832.78722850823,-30.7505536765807,2222.80453836454
"2018-09-16 02:00:00",607,467.67553552575,-269.084700638498,1204.43577169,-659.102010494808,1594.45308154631
"2018-09-16 03:00:00",401,115.446576916499,-621.313659247749,852.206813080747,-1011.33096910406,1242.22412293706
"2018-09-16 04:00:00",313,145.393665356338,-591.36657080791,882.153901520585,-981.38388066422,1272.1712113769
"2018-09-16 05:00:00",467,524.3803421731,-212.379893991148,1261.14057833735,-602.397203847458,1651.15788819366
"2018-09-16 06:00:00",850,1107.24471727346,370.484481109217,1844.00495343771,-19.5328287470941,2234.02226329402
"2018-09-16 07:00:00",1302,1720.76390603781,984.003669873561,2457.52414220206,593.986360017251,2847.54145205837
"2018-09-16 08:00:00",2090,2252.79679914814,1516.03656298389,2989.55703531239,1126.01925312758,3379.5743451687
"2018-09-16 09:00:00",3039,2693.72068496313,1956.96044879889,3430.48092112738,1566.94313894257,3820.49823098369
"2018-09-16 10:00:00",3278,3108.3620934538,2371.60185728955,3845.12232961805,1981.58454743324,4235.13963947436
"2018-09-16 11:00:00",4352,3560.70778543339,2823.94754926914,4297.46802159763,2433.93023941283,4687.48533145394
"2018-09-16 12:00:00",3978,4043.31258476703,3306.55234860279,4780.07282093128,2916.53503874647,5170.09013078759
"2018-09-16 13:00:00",3935,4459.85307619724,3723.092840033,5196.61331236149,3333.07553017669,5586.6306222178
"2018-09-16 14:00:00",3829,4674.57489826421,3937.81466209996,5411.33513442846,3547.79735224365,5801.35244428477
"2018-09-16 15:00:00",4101,4598.0044972938,3861.24426112956,5334.76473345805,3471.22695127325,5724.78204331436
"2018-09-16 16:00:00",4539,4252.43832043582,3515.67808427158,4989.19855660007,3125.66077441527,5379.21586645638
"2018-09-16 17:00:00",4154,3770.71473175278,3033.95449558854,4507.47496791703,2643.93718573223,4897.49227777334
"2018-09-16 18:00:00",3701,3322.84600598623,2586.08576982199,4059.60624215048,2196.06845996568,4449.62355200679
"2018-09-16 19:00:00",3400,3012.51653059333,2275.75629442908,3749.27676675757,1885.73898457277,4139.29407661388
"2018-09-16 20:00:00",3092,2809.20064163746,2072.44040547321,3545.9608778017,1682.4230956169,3935.97818765802
"2018-09-16 21:00:00",2623,2564.90259904917,1828.14236288492,3301.66283521342,1438.12505302861,3691.68014506973
"2018-09-16 22:00:00",1725,2114.8514808741,1378.09124470986,2851.61171703835,988.073934853545,3241.62902689466
"2018-09-16 23:00:00",1088,1407.52719131305,670.766955148806,2144.2874274773,280.749645292496,2534.30473733361
"2018-09-17 00:00:00",550,584.401464802363,-152.358771361884,1321.16170096661,-542.376081218195,1711.17901082292
"2018-09-17 01:00:00",280,-48.4688983573786,-785.229134521626,688.291337806869,-1175.24644437794,1078.30864766318
"2018-09-17 02:00:00",260,-155.779243402935,-892.539479567182,580.980992761313,-1282.55678942349,970.998302617624
"2018-09-17 03:00:00",344,449.836606924651,-286.923629239597,1186.5968430889,-676.940939095907,1576.61415294521
"2018-09-17 04:00:00",880,1684.97205120959,948.211815045341,2421.73228737384,558.194505189031,2811.74959723015
"2018-09-17 05:00:00",2965,3201.01687216148,2464.25663599723,3937.77710832573,2074.23932614092,4327.79441818204
"2018-09-17 06:00:00",5667,4526.19163497771,3789.43139881346,5262.95187114196,3399.41408895715,5652.96918099827
"2018-09-17 07:00:00",6533,5277.57948214138,4540.81924597713,6014.33971830563,4150.80193612082,6404.35702816194
"2018-09-17 08:00:00",6070,5335.43338745349,4598.67315128924,6072.19362361774,4208.65584143293,6462.21093347405
"2018-09-17 09:00:00",5145,4888.55002539971,4151.78978923546,5625.31026156396,3761.77247937915,6015.32757142027
"2018-09-17 10:00:00",4201,4326.3543542875,3589.59411812325,5063.11459045175,3199.57680826694,5453.13190030806
"2018-09-17 11:00:00",4371,4034.54868572464,3297.78844956039,4771.30892188889,2907.77113970408,5161.3262317452
"2018-09-17 12:00:00",4533,4202.02441463897,3465.26417847472,4938.78465080321,3075.24686861841,5328.80196065952
"2018-09-17 13:00:00",4680,4738.95217069214,4002.19193452789,5475.71240685638,3612.17462467158,5865.7297167127
"2018-09-17 14:00:00",4930,5343.94391614144,4607.18367997719,6080.70415230569,4217.16637012088,6470.721462162
"2018-09-17 15:00:00",5327,5676.70449070535,4939.9442545411,6413.4647268696,4549.92694468479,6803.48203672591
"2018-09-17 16:00:00",6354,5537.23618740933,4800.47595124508,6273.99642357357,4410.45864138877,6664.01373342989
"2018-09-17 17:00:00",5412,4953.924184401,4217.16394823675,5690.68442056525,3827.14663838044,6080.70173042156
"2018-09-17 18:00:00",4000,4138.81472885445,3402.0544926902,4875.5749650187,3012.03718283389,5265.59227487501
"2018-09-17 19:00:00",2897,3346.0483494272,2609.28811326295,4082.80858559145,2219.27080340664,4472.82589544776
"2018-09-17 20:00:00",2466,2723.66449134077,1986.90425517652,3460.42472750502,1596.88694532021,3850.44203736133
"2018-09-17 21:00:00",2090,2248.83356710409,1512.07333093984,2985.59380326834,1122.05602108353,3375.61111312465
"2018-09-17 22:00:00",1434,1782.93273783,1046.17250166575,2519.69297399425,656.155191809441,2909.71028385056
"2018-09-17 23:00:00",869,1208.01510300877,471.254866844523,1944.77533917302,81.2375569882124,2334.79264902933
"2018-09-18 00:00:00",536,554.828975000613,-181.931261163634,1291.58921116486,-571.948571019945,1681.60652102117
"2018-09-18 01:00:00",351,35.5821028668979,-701.17813329735,772.342339031146,-1091.19544315366,1162.35964888746
"2018-09-18 02:00:00",227,-48.9554381115328,-785.71567427578,687.804798052715,-1175.73298413209,1077.82210790902
"2018-09-18 03:00:00",340,518.58312793781,-218.177108226437,1255.34336410206,-608.194418082748,1645.36067395837
"2018-09-18 04:00:00",858,1719.7701239396,983.00988777535,2456.53036010385,592.992577919039,2846.54766996016
"2018-09-18 05:00:00",3027,3261.56103554013,2524.80079937589,3998.32127170438,2134.78348951958,4388.33858156069
"2018-09-18 06:00:00",5642,4684.57310534429,3947.81286918005,5421.33334150854,3557.79555932374,5811.35065136485
"2018-09-18 07:00:00",6516,5569.27400776822,4832.51377160397,6306.03424393246,4442.49646174766,6696.05155378877
"2018-09-18 08:00:00",5873,5733.14431221824,4996.384076054,6469.90454838249,4606.36676619768,6859.9218582388
"2018-09-18 09:00:00",5123,5312.87864970169,4576.11841353745,6049.63888586594,4186.10110368114,6439.65619572225
"2018-09-18 10:00:00",4527,4686.07104663977,3949.31081047552,5422.83128280402,3559.29350061921,5812.84859266033
"2018-09-18 11:00:00",4593,4273.34895189744,3536.58871573319,5010.10918806169,3146.57140587688,5400.126497918
"2018-09-18 12:00:00",4725,4326.2133686951,3589.45313253085,5062.97360485935,3199.43582267454,5452.99091471566
"2018-09-18 13:00:00",4737,4811.95560437466,4075.19536821041,5548.71584053891,3685.1780583541,5938.73315039522
"2018-09-18 14:00:00",4931,5451.91347421467,4715.15323805042,6188.67371037892,4325.13592819411,6578.69102023523
"2018-09-18 15:00:00",5623,5884.53520249531,5147.77496633106,6621.29543865955,4757.75765647475,7011.31274851586
"2018-09-18 16:00:00",6623,5858.20975587462,5121.44951971038,6594.96999203887,4731.43220985407,6984.98730189518
"2018-09-18 17:00:00",5916,5347.52962805008,4610.76939188583,6084.28986421432,4220.75208202952,6474.30717407063
"2018-09-18 18:00:00",4423,4535.4848777494,3798.72464158515,5272.24511391364,3408.70733172884,5662.26242376995
"2018-09-18 19:00:00",3309,3683.50500626198,2946.74477009774,4420.26524242623,2556.72746024143,4810.28255228254
"2018-09-18 20:00:00",2805,2974.71928495656,2237.95904879231,3711.4795211208,1847.941738936,4101.49683097711
"2018-09-18 21:00:00",2400,2426.86260570519,1690.10236954094,3163.62284186944,1300.08505968463,3553.64015172575
"2018-09-18 22:00:00",2631,1924.63739915467,1187.87716299043,2661.39763531892,797.859853134115,3051.41494517523
"2018-09-18 23:00:00",1501,1345.71019481967,608.949958655418,2082.47043098391,218.932648799108,2472.48774084022
"2018-09-19 00:00:00",617,695.425964636313,-41.3342715279346,1432.18620080056,-431.351581384245,1822.20351065687
"2018-09-19 01:00:00",401,158.345434641453,-578.414801522795,895.1056708057,-968.432111379105,1285.12298066201
"2018-09-19 02:00:00",282,24.468276978777,-712.291959185471,761.228513143025,-1102.30926904178,1151.24582299933
"2018-09-19 03:00:00",358,525.311464109352,-211.448772054896,1262.0717002736,-601.466081911207,1652.08901012991
"2018-09-19 04:00:00",913,1673.87993396998,937.119697805734,2410.64017013423,547.102387949423,2800.65747999054
"2018-09-19 05:00:00",3074,3207.18067636257,2470.42044019832,3943.94091252682,2080.40313034201,4333.95822238313
"2018-09-19 06:00:00",5803,4675.86122094285,3939.10098477861,5412.6214571071,3549.08367492229,5802.63876696341
"2018-09-19 07:00:00",6510,5642.7855802746,4906.02534411035,6379.54581643884,4516.00803425404,6769.56312629516
"2018-09-19 08:00:00",6101,5888.26566026906,5151.50542410481,6625.02589643331,4761.4881142485,7015.04320628962
"2018-09-19 09:00:00",5331,5511.68979268369,4774.92955651944,6248.45002884793,4384.91224666313,6638.46733870424
"2018-09-19 10:00:00",4266,4873.16606030288,4136.40582413863,5609.92629646713,3746.38851428232,5999.94360632344
"2018-09-19 11:00:00",4567,4404.93783793427,3668.17760177002,5141.69807409852,3278.16029191371,5531.71538395483
"2018-09-19 12:00:00",4734,4392.55205990002,3655.79182373578,5129.31229606427,3265.77451387947,5519.32960592058
"2018-09-19 13:00:00",4675,4840.7679759845,4104.00773982025,5577.52821214874,3713.99042996394,5967.54552200505
"2018-09-19 14:00:00",4980,5490.96803697333,4754.20780080908,6227.72827313758,4364.19049095277,6617.74558299389
"2018-09-19 15:00:00",5718,5973.08026941306,5236.32003324881,6709.84050557731,4846.3027233925,7099.85781543362
"2018-09-19 16:00:00",6382,6003.15181522736,5266.39157906311,6739.91205139161,4876.3742692068,7129.92936124792
"2018-09-19 17:00:00",5647,5517.64465871991,4780.88442255566,6254.40489488416,4390.86711269935,6644.42220474047
"2018-09-19 18:00:00",4469,4677.02473752439,3940.26450136014,5413.78497368863,3550.24719150383,5803.80228354494
"2018-09-19 19:00:00",3460,3748.7804173226,3012.02018115835,4485.54065348685,2622.00287130204,4875.55796334316
"2018-09-19 20:00:00",2865,2948.08315792616,2211.32292176191,3684.84339409041,1821.3056119056,4074.86070394672
"2018-09-19 21:00:00",2576,2333.89029435646,1597.13005819221,3070.6505305207,1207.1127483359,3460.66784037701
"2018-09-19 22:00:00",1693,1819.41892729335,1082.6586911291,2556.1791634576,692.641381272794,2946.19647331391
"2018-09-19 23:00:00",994,1283.0224086072,546.262172442952,2019.78264477145,156.244862586641,2409.79995462776
"2018-09-20 00:00:00",583,702.678500022821,-34.0817361414264,1439.43873618707,-424.099045997737,1829.45604604338
"2018-09-20 01:00:00",349,222.220980314912,-514.539255849335,958.98121647916,-904.556565705646,1348.99852633547
"2018-09-20 02:00:00",265,99.1788763650037,-637.581359799244,835.939112529252,-1027.59866965556,1225.95642238556
"2018-09-20 03:00:00",344,557.790282621566,-178.969953542682,1294.55051878581,-568.987263398992,1684.56782864213
"2018-09-20 04:00:00",914,1632.32444616034,895.56420999609,2369.08468232459,505.546900139779,2759.1019921809
"2018-09-20 05:00:00",2924,3097.88918810458,2361.12895194033,3834.64942426883,1971.11164208402,4224.66673412514
"2018-09-20 06:00:00",5417,4539.88259217035,3803.1223560061,5276.64282833459,3413.10504614979,5666.6601381909
"2018-09-20 07:00:00",5766,5534.7963970089,4798.03616084465,6271.55663317315,4408.01885098834,6661.57394302946
"2018-09-20 08:00:00",5331,5849.33608709293,5112.57585092869,6586.09632325718,4722.55854107238,6976.11363311349
"2018-09-20 09:00:00",5264,5550.30309358059,4813.54285741635,6287.06332974484,4423.52554756004,6677.08063960115
"2018-09-20 10:00:00",4326,4963.82061814605,4227.0603819818,5700.5808543103,3837.04307212549,6090.59816416661
"2018-09-20 11:00:00",4592,4503.92307244006,3767.16283627581,5240.68330860431,3377.1455264195,5630.70061846062
"2018-09-20 12:00:00",4695,4461.52091254338,3724.76067637913,5198.28114870763,3334.74336652282,5588.29845856394
"2018-09-20 13:00:00",4459,4865.34004765103,4128.57981148679,5602.10028381528,3738.56250163048,5992.11759367159
"2018-09-20 14:00:00",4517,5485.31214303279,4748.55190686854,6222.07237919704,4358.53459701223,6612.08968905335
"2018-09-20 15:00:00",5257,5969.76128101318,5233.00104484893,6706.52151717742,4842.98373499262,7096.53882703374
"2018-09-20 16:00:00",6331,6035.54695339684,5298.78671723259,6772.30718956109,4908.76940737628,7162.3244994174
"2018-09-20 17:00:00",5065,5605.43382424497,4868.67358808072,6342.19406040922,4478.65627822441,6732.21137026553
"2018-09-20 18:00:00",3898,4822.12264656429,4085.36241040004,5558.88288272854,3695.34510054373,5948.90019258485
"2018-09-20 19:00:00",2957,3941.85304607424,3205.09280991,4678.61328223849,2815.07550005369,5068.6305920948
"2018-09-20 20:00:00",2740,3179.06223844003,2442.30200227578,3915.82247460428,2052.28469241947,4305.83978446059
"2018-09-20 21:00:00",3497,2597.81817463474,1861.0579384705,3334.57841079899,1471.04062861419,3724.5957206553
"2018-09-20 22:00:00",2356,2112.75005329043,1375.98981712618,2849.51028945467,985.972507269867,3239.52759931098
"2018-09-20 23:00:00",1633,1592.73929452636,855.979058362111,2329.49953069061,465.9617485058,2719.51684054692
"2018-09-21 00:00:00",698,996.598203426097,259.837967261849,1733.35843959034,-130.179342594462,2123.37574944665
"2018-09-21 01:00:00",407,449.621442130618,-287.13879403363,1186.38167829487,-677.15610388994,1576.39898815118
"2018-09-21 02:00:00",304,205.435768306932,-531.324467857316,942.19600447118,-921.341777713626,1332.21331432749
"2018-09-21 03:00:00",377,508.000696661897,-228.75953950235,1244.76093282615,-618.776849358661,1634.77824268246
"2018-09-21 04:00:00",867,1432.08774900804,695.327512843788,2168.84798517228,305.310202987478,2558.86529502859
"2018-09-21 05:00:00",2919,2798.94667847435,2062.1864423101,3535.70691463859,1672.16913245379,3925.72422449491
"2018-09-21 06:00:00",5457,4225.12860357395,3488.36836740971,4961.8888397382,3098.35105755339,5351.90614959451
"2018-09-21 07:00:00",6539,5287.91624677648,4551.15601061223,6024.67648294073,4161.13870075592,6414.69379279704
"2018-09-21 08:00:00",5653,5723.06332880387,4986.30309263963,6459.82356496812,4596.28578278331,6849.84087482443
"2018-09-21 09:00:00",4981,5548.82996525089,4812.06972908664,6285.59020141514,4422.05241923033,6675.60751127145
"2018-09-21 10:00:00",4548,5047.89976439275,4311.1395282285,5784.66000055699,3921.12221837219,6174.6773104133
"2018-09-21 11:00:00",4937,4615.20214758405,3878.44191141981,5351.9623837483,3488.4246015635,5741.97969360461
"2018-09-21 12:00:00",5039,4552.3017143518,3815.54147818755,5289.06195051605,3425.52416833124,5679.07926037236
"2018-09-21 13:00:00",4901,4917.30623301518,4180.54599685093,5654.06646917943,3790.52868699462,6044.08377903574
"2018-09-21 14:00:00",5185,5507.69499798166,4770.93476181741,6244.45523414591,4380.9174519611,6634.47254400222
"2018-09-21 15:00:00",5973,5980.21884274436,5243.45860658011,6716.97907890861,4853.4412967238,7106.99638876492
"2018-09-21 16:00:00",6007,6038.25785255601,5301.49761639176,6775.01808872025,4911.48030653545,7165.03539857656
"2018-09-21 17:00:00",5489,5583.47676355956,4846.71652739531,6320.2369997238,4456.699217539,6710.25430958012
"2018-09-21 18:00:00",4607,4752.69554360616,4015.93530744191,5489.45577977041,3625.9179975856,5879.47308962672
"2018-09-21 19:00:00",3958,3827.39851164626,3090.63827548201,4564.15874781051,2700.6209656257,4954.17605766682
"2018-09-21 20:00:00",3255,3073.79607195128,2337.03583578703,3810.55630811553,1947.01852593072,4200.57361797184
"2018-09-21 21:00:00",2931,2606.41247385642,1869.65223769217,3343.17271002067,1479.63492783586,3733.19001987698
"2018-09-21 22:00:00",2570,2349.65757217393,1612.89733600968,3086.41780833818,1222.88002615337,3476.43511819449
"2018-09-21 23:00:00",2179,2112.44202243782,1375.68178627357,2849.20225860207,985.664476417262,3239.21956845838
"2018-09-22 00:00:00",1516,1725.90821178583,989.14797562158,2462.66844795008,599.130665765269,2852.68575780639
"2018-09-22 01:00:00",1273,1160.8374679445,424.077231780256,1897.59770410875,34.0599219239455,2287.61501396506
"2018-09-22 02:00:00",1207,556.930414611026,-179.829821553221,1293.69065077527,-569.847131409532,1683.70796063158
"2018-09-22 03:00:00",611,149.860931191607,-586.899304972641,886.621167355855,-976.916614828951,1276.63847721217
"2018-09-22 04:00:00",647,141.378372750081,-595.381863414167,878.138608914329,-985.399173270477,1268.15591877064
"2018-09-22 05:00:00",960,588.484114000857,-148.276122163391,1325.24435016511,-538.293432019701,1715.26166002142
"2018-09-22 06:00:00",1635,1373.45823584433,636.697999680078,2110.21847200857,246.680689823768,2500.23578186488
"2018-09-22 07:00:00",2445,2267.53518819523,1530.77495203098,3004.29542435948,1140.75764217467,3394.31273421579
"2018-09-22 08:00:00",3415,3047.22766877109,2310.46743260684,3783.98790493534,1920.45012275053,4174.00521479165
"2018-09-22 09:00:00",3770,3595.03878080636,2858.27854464211,4331.79901697061,2468.2612347858,4721.81632682692
"2018-09-22 10:00:00",4308,3930.06243045241,3193.30219428816,4666.82266661666,2803.28488443185,5056.83997647297
"2018-09-22 11:00:00",4638,4158.56474721408,3421.80451104983,4895.32498337833,3031.78720119352,5285.34229323464
"2018-09-22 12:00:00",4831,4382.21056910278,3645.45033293853,5118.97080526703,3255.43302308222,5508.98811512334
"2018-09-22 13:00:00",4565,4623.79393883041,3887.03370266617,5360.55417499466,3497.01639280985,5750.57148485097
"2018-09-22 14:00:00",4654,4815.15971649696,4078.39948033271,5551.9199526612,3688.3821704764,5941.93726251751
"2018-09-22 15:00:00",4589,4850.39861656038,4113.63838039613,5587.15885272462,3723.62107053982,5977.17616258093
"2018-09-22 16:00:00",4582,4665.86184626544,3929.10161010119,5402.62208242969,3539.08430024488,5792.639392286
"2018-09-22 17:00:00",4847,4292.64685615236,3555.88661998811,5029.4070923166,3165.8693101318,5419.42440217292
"2018-09-22 18:00:00",4620,3846.09028551445,3109.3300493502,4582.8505216787,2719.31273949389,4972.86783153501
"2018-09-22 19:00:00",4347,3457.97523332528,2721.21499716103,4194.73546948952,2331.19768730472,4584.75277934583
"2018-09-22 20:00:00",3602,3194.54796809905,2457.78773193481,3931.3082042633,2067.7704220785,4321.32551411961
"2018-09-22 21:00:00",2985,3013.59887780903,2276.83864164479,3750.35911397328,1886.82133178847,4140.37642382959
"2018-09-22 22:00:00",2480,2790.3688596308,2053.60862346655,3527.12909579505,1663.59131361024,3917.14640565136
"2018-09-22 23:00:00",1871,2399.34347484981,1662.58323868557,3136.10371101406,1272.56592882926,3526.12102087037
"2018-09-23 00:00:00",1249,1803.46659189099,1066.70635572674,2540.22682805524,676.689045870432,2930.24413791155
"2018-09-23 01:00:00",690,1096.02699234396,359.266756179712,1832.78722850821,-30.7505536765989,2222.80453836452
"2018-09-23 02:00:00",565,467.675535527708,-269.084700636539,1204.43577169196,-659.10201049285,1594.45308154827
"2018-09-23 03:00:00",319,115.446576914185,-621.313659250063,852.206813078433,-1011.33096910637,1242.22412293474
"2018-09-23 04:00:00",339,145.393665356774,-591.366570807473,882.153901521022,-981.383880663784,1272.17121137733
"2018-09-23 05:00:00",514,524.38034217551,-212.379893988738,1261.14057833976,-602.397203845048,1651.15788819607
"2018-09-23 06:00:00",910,1107.24471727203,370.484481107781,1844.00495343628,-19.5328287485297,2234.02226329259
"2018-09-23 07:00:00",1402,1720.76390603762,984.003669873375,2457.52414220187,593.986360017064,2847.54145205818
"2018-09-23 08:00:00",2203,2252.79679914768,1516.03656298343,2989.55703531193,1126.01925312712,3379.57434516824
"2018-09-23 09:00:00",3562,2693.72068496425,1956.9604488,3430.4809211285,1566.94313894369,3820.49823098481
"2018-09-23 10:00:00",4594,3108.36209345447,2371.60185729023,3845.12232961872,1981.58454743392,4235.13963947503
"2018-09-23 11:00:00",4252,3560.7077854332,2823.94754926895,4297.46802159745,2433.93023941264,4687.48533145376
"2018-09-23 12:00:00",3945,4043.31258476618,3306.55234860193,4780.07282093043,2916.53503874562,5170.09013078674
"2018-09-23 13:00:00",4107,4459.85307619975,3723.09284003551,5196.613312364,3333.07553017919,5586.63062222031
"2018-09-23 14:00:00",4091,4674.57489826365,3937.81466209941,5411.3351344279,3547.7973522431,5801.35244428421
"2018-09-23 15:00:00",4195,4598.00449729438,3861.24426113013,5334.76473345862,3471.22695127382,5724.78204331493
"2018-09-23 16:00:00",4413,4252.43832043469,3515.67808427044,4989.19855659894,3125.66077441413,5379.21586645525
"2018-09-23 17:00:00",4117,3770.71473175392,3033.95449558967,4507.47496791817,2643.93718573336,4897.49227777448
"2018-09-23 18:00:00",3997,3322.84600598427,2586.08576982002,4059.60624214851,2196.06845996371,4449.62355200482
"2018-09-23 19:00:00",3516,3012.51653059446,2275.75629443021,3749.2767667587,1885.7389845739,4139.29407661501
"2018-09-23 20:00:00",2846,2809.20064163466,2072.44040547041,3545.96087779891,1682.4230956141,3935.97818765522
"2018-09-23 21:00:00",2346,2564.90259904843,1828.14236288418,3301.66283521268,1438.12505302787,3691.68014506899
"2018-09-23 22:00:00",1635,2114.85148087766,1378.09124471341,2851.6117170419,988.073934857098,3241.62902689821
"2018-09-23 23:00:00",934,1407.52719131264,670.766955148396,2144.28742747689,280.749645292085,2534.3047373332
"2018-09-24 00:00:00",509,584.401464800912,-152.358771363337,1321.16170096516,-542.376081219647,1711.17901082147
"2018-09-24 01:00:00",344,-48.4688983544302,-785.229134518678,688.291337809818,-1175.24644437499,1078.30864766613
"2018-09-24 02:00:00",219,-155.779243402524,-892.539479566771,580.980992761724,-1282.55678942308,970.998302618034
"2018-09-24 03:00:00",328,449.836606924811,-286.923629239437,1186.59684308906,-676.940939095747,1576.61415294537
"2018-09-24 04:00:00",888,1684.97205121437,948.211815050123,2421.73228737862,558.194505193813,2811.74959723493
"2018-09-24 05:00:00",2954,3201.0168721607,2464.25663599645,3937.77710832495,2074.23932614014,4327.79441818126
"2018-09-24 06:00:00",5747,4526.19163498014,3789.43139881589,5262.95187114439,3399.41408895958,5652.9691810007
"2018-09-24 07:00:00",6591,5277.57948214178,4540.81924597754,6014.33971830603,4150.80193612123,6404.35702816234
"2018-09-24 08:00:00",5900,5335.43338745101,4598.67315128676,6072.19362361526,4208.65584143045,6462.21093347157
"2018-09-24 09:00:00",4936,4888.55002540028,4151.78978923603,5625.31026156453,3761.77247937972,6015.32757142084
"2018-09-24 10:00:00",4351,4326.35435428561,3589.59411812136,5063.11459044986,3199.57680826505,5453.13190030617
"2018-09-24 11:00:00",4468,4034.54868572438,3297.78844956013,4771.30892188863,2907.77113970382,5161.32623174494
"2018-09-24 12:00:00",4531,4202.02441463951,3465.26417847526,4938.78465080376,3075.24686861895,5328.80196066007
"2018-09-24 13:00:00",4433,4738.95217069389,4002.19193452964,5475.71240685814,3612.17462467333,5865.72971671445
"2018-09-24 14:00:00",4816,5343.94391614124,4607.18367997699,6080.70415230548,4217.16637012068,6470.72146216179
"2018-09-24 15:00:00",5443,5676.70449070488,4939.94425454063,6413.46472686913,4549.92694468432,6803.48203672544
"2018-09-24 16:00:00",6307,5537.23618741,4800.47595124575,6273.99642357425,4410.45864138944,6664.01373343056
"2018-09-24 17:00:00",5562,4953.92418440221,4217.16394823796,5690.68442056645,3827.14663838165,6080.70173042276
"2018-09-24 18:00:00",4167,4138.81472885579,3402.05449269154,4875.57496502004,3012.03718283523,5265.59227487635
"2018-09-24 19:00:00",3253,3346.04834942656,2609.28811326232,4082.80858559081,2219.27080340601,4472.82589544712
"2018-09-24 20:00:00",2559,2723.66449134127,1986.90425517702,3460.42472750552,1596.88694532071,3850.44203736183
"2018-09-24 21:00:00",2084,2248.83356710621,1512.07333094196,2985.59380327045,1122.05602108565,3375.61111312676
"2018-09-24 22:00:00",1392,1782.93273782684,1046.17250166259,2519.69297399109,656.155191806279,2909.7102838474
"2018-09-24 23:00:00",826,1208.01510300777,471.254866843523,1944.77533917202,81.237556987212,2334.79264902833
"2018-09-25 00:00:00",527,554.828975006274,-181.931261157974,1291.58921117052,-571.948571014284,1681.60652102683
"2018-09-25 01:00:00",302,35.58210286819,-701.178133296058,772.342339032438,-1091.19544315237,1162.35964888875
"2018-09-25 02:00:00",234,-48.9554381097277,-785.715674273975,687.80479805452,-1175.73298413029,1077.82210791083
"2018-09-25 03:00:00",366,518.583127938173,-218.177108226075,1255.34336410242,-608.194418082385,1645.36067395873
"2018-09-25 04:00:00",880,1719.77012394202,983.009887777772,2456.53036010627,592.992577921461,2846.54766996258
"2018-09-25 05:00:00",3063,3261.56103553902,2524.80079937477,3998.32127170327,2134.78348951846,4388.33858155958
"2018-09-25 06:00:00",5833,4684.57310534515,3947.8128691809,5421.33334150939,3557.79555932459,5811.3506513657
"2018-09-25 07:00:00",6568,5569.27400776626,4832.51377160201,6306.0342439305,4442.4964617457,6696.05155378681
"2018-09-25 08:00:00",6080,5733.14431221898,4996.38407605474,6469.90454838323,4606.36676619843,6859.92185823954
"2018-09-25 09:00:00",5083,5312.87864969979,4576.11841353554,6049.63888586403,4186.10110367923,6439.65619572035
"2018-09-25 10:00:00",4385,4686.07104663934,3949.31081047509,5422.83128280359,3559.29350061878,5812.8485926599
"2018-09-25 11:00:00",4458,4273.34895189662,3536.58871573237,5010.10918806086,3146.57140587606,5400.12649791717
"2018-09-25 12:00:00",4580,4326.21336869481,3589.45313253056,5062.97360485905,3199.43582267425,5452.99091471536
"2018-09-25 13:00:00",4716,4811.95560437499,4075.19536821074,5548.71584053924,3685.17805835443,5938.73315039555
"2018-09-25 14:00:00",4973,5451.91347421606,4715.15323805182,6188.67371038031,4325.1359281955,6578.69102023662
"2018-09-25 15:00:00",5748,5884.53520249464,5147.77496633039,6621.29543865889,4757.75765647408,7011.3127485152
"2018-09-25 16:00:00",6597,5858.20975587599,5121.44951971174,6594.96999204024,4731.43220985543,6984.98730189655
"2018-09-25 17:00:00",5734,5347.52962804868,4610.76939188443,6084.28986421292,4220.75208202812,6474.30717406924
"2018-09-25 18:00:00",4320,4535.48487774994,3798.72464158569,5272.24511391419,3408.70733172938,5662.2624237705
"2018-09-25 19:00:00",3058,3683.50500626317,2946.74477009893,4420.26524242742,2556.72746024262,4810.28255228373
"2018-09-25 20:00:00",2765,2974.71928495397,2237.95904878972,3711.47952111822,1847.94173893341,4101.49683097453
"2018-09-25 21:00:00",2282,2426.86260570419,1690.10236953994,3163.62284186844,1300.08505968363,3553.64015172475
"2018-09-25 22:00:00",1571,1924.63739915527,1187.87716299102,2661.39763531952,797.859853134712,3051.41494517583
"2018-09-25 23:00:00",924,1345.710194822,608.949958657755,2082.47043098625,218.932648801444,2472.48774084256
"2018-09-26 00:00:00",543,695.425964633659,-41.3342715305888,1432.18620079791,-431.351581386899,1822.20351065422
"2018-09-26 01:00:00",358,158.345434643217,-578.41480152103,895.105670807465,-968.432111377341,1285.12298066378
"2018-09-26 02:00:00",227,24.4682769778996,-712.291959186348,761.228513142147,-1102.30926904266,1151.24582299846
"2018-09-26 03:00:00",358,525.311464110569,-211.448772053678,1262.07170027482,-601.466081909989,1652.08901013113
"2018-09-26 04:00:00",890,1673.8799339688,937.119697804554,2410.64017013305,547.102387948244,2800.65747998936
"2018-09-26 05:00:00",3052,3207.18067636491,2470.42044020066,3943.94091252916,2080.40313034435,4333.95822238547
"2018-09-26 06:00:00",5930,4675.86122094494,3939.10098478069,5412.62145710919,3549.08367492438,5802.6387669655
"2018-09-26 07:00:00",6193,5642.78558027415,4906.0253441099,6379.54581643839,4516.00803425359,6769.5631262947
"2018-09-26 08:00:00",6032,5888.26566026964,5151.50542410539,6625.02589643389,4761.48811424908,7015.0432062902
"2018-09-26 09:00:00",5320,5511.68979268407,4774.92955651983,6248.45002884832,4384.91224666352,6638.46733870463
"2018-09-26 10:00:00",4523,4873.16606030047,4136.40582413622,5609.92629646472,3746.38851427991,5999.94360632103
"2018-09-26 11:00:00",4721,4404.93783793422,3668.17760176998,5141.69807409847,3278.16029191367,5531.71538395478
"2018-09-26 12:00:00",4793,4392.55205989929,3655.79182373505,5129.31229606354,3265.77451387874,5519.32960591985
"2018-09-26 13:00:00",4624,4840.76797598505,4104.0077398208,5577.5282121493,3713.99042996449,5967.54552200561
"2018-09-26 14:00:00",4928,5490.96803697409,4754.20780080984,6227.72827313834,4364.19049095353,6617.74558299465
"2018-09-26 15:00:00",5693,5973.08026941301,5236.32003324876,6709.84050557726,4846.30272339245,7099.85781543357
"2018-09-26 16:00:00",6334,6003.15181522702,5266.39157906277,6739.91205139127,4876.37426920646,7129.92936124758
"2018-09-26 17:00:00",5954,5517.64465872033,4780.88442255608,6254.40489488458,4390.86711269977,6644.42220474089
"2018-09-26 18:00:00",4661,4677.02473752269,3940.26450135844,5413.78497368694,3550.24719150213,5803.80228354325
"2018-09-26 19:00:00",3639,3748.78041732369,3012.02018115944,4485.54065348794,2622.00287130313,4875.55796334425
"2018-09-26 20:00:00",3197,2948.08315792535,2211.3229217611,3684.8433940896,1821.30561190479,4074.86070394591
"2018-09-26 21:00:00",3475,2333.8902943558,1597.13005819155,3070.65053052005,1207.11274833524,3460.66784037636
"2018-09-26 22:00:00",1973,1819.41892729114,1082.6586911269,2556.17916345539,692.641381270586,2946.1964733117
"2018-09-26 23:00:00",1209,1283.02240860548,546.262172441235,2019.78264476973,156.244862584924,2409.79995462604
"2018-09-27 00:00:00",654,702.678500021727,-34.081736142521,1439.43873618598,-424.099045998832,1829.45604604229
"2018-09-27 01:00:00",421,222.220980314566,-514.539255849682,958.981216478815,-904.556565705992,1348.99852633513
"2018-09-27 02:00:00",312,99.1788763641058,-637.581359800142,835.939112528354,-1027.59866965645,1225.95642238466
"2018-09-27 03:00:00",373,557.790282624388,-178.96995353986,1294.55051878864,-568.98726339617,1684.56782864495
"2018-09-27 04:00:00",919,1632.32444615696,895.564209992713,2369.08468232121,505.546900136402,2759.10199217752
"2018-09-27 05:00:00",3002,3097.88918810436,2361.12895194011,3834.6494242686,1971.1116420838,4224.66673412491
"2018-09-27 06:00:00",5685,4539.88259216868,3803.12235600444,5276.64282833293,3413.10504614812,5666.66013818924
"2018-09-27 07:00:00",6589,5534.79639700713,4798.03616084289,6271.55663317138,4408.01885098658,6661.57394302769
"2018-09-27 08:00:00",5946,5849.33608709464,5112.5758509304,6586.09632325889,4722.55854107408,6976.1136331152
"2018-09-27 09:00:00",5181,5550.30309358082,4813.54285741657,6287.06332974507,4423.52554756026,6677.08063960138
"2018-09-27 10:00:00",4500,4963.82061814698,4227.06038198273,5700.58085431123,3837.04307212642,6090.59816416754
"2018-09-27 11:00:00",4670,4503.92307244031,3767.16283627606,5240.68330860456,3377.14552641975,5630.70061846087
"2018-09-27 12:00:00",4849,4461.52091254361,3724.76067637936,5198.28114870786,3334.74336652305,5588.29845856417
"2018-09-27 13:00:00",4787,4865.34004765076,4128.57981148651,5602.10028381501,3738.5625016302,5992.11759367132
"2018-09-27 14:00:00",4943,5485.31214303246,4748.55190686822,6222.07237919671,4358.53459701191,6612.08968905302
"2018-09-27 15:00:00",5892,5969.7612810146,5233.00104485035,6706.52151717885,4842.98373499404,7096.53882703516
"2018-09-27 16:00:00",6451,6035.5469533983,5298.78671723405,6772.30718956255,4908.76940737774,7162.32449941886
"2018-09-27 17:00:00",5968,5605.43382424421,4868.67358807996,6342.19406040845,4478.65627822365,6732.21137026476
"2018-09-27 18:00:00",4498,4822.12264656553,4085.36241040128,5558.88288272978,3695.34510054497,5948.90019258609
"2018-09-27 19:00:00",3419,3941.85304607121,3205.09280990696,4678.61328223546,2815.07550005065,5068.63059209177
"2018-09-27 20:00:00",2856,3179.0622384433,2442.30200227906,3915.82247460755,2052.28469242275,4305.83978446386
"2018-09-27 21:00:00",2649,2597.81817463348,1861.05793846923,3334.57841079772,1471.04062861292,3724.59572065403
"2018-09-27 22:00:00",2003,2112.7500532922,1375.98981712796,2849.51028945645,985.972507271645,3239.52759931276
"2018-09-27 23:00:00",1278,1592.73929452338,855.979058359127,2329.49953068762,465.961748502817,2719.51684054393
"2018-09-28 00:00:00",699,996.598203425035,259.837967260787,1733.35843958928,-130.179342595524,2123.37574944559
"2018-09-28 01:00:00",461,449.621442128104,-287.138794036144,1186.38167829235,-677.156103892454,1576.39898814866
"2018-09-28 02:00:00",301,205.435768306955,-531.324467857293,942.196004471202,-921.341777713604,1332.21331432751
"2018-09-28 03:00:00",367,508.000696657277,-228.759539506971,1244.76093282152,-618.776849363282,1634.77824267783
"2018-09-28 04:00:00",870,1432.08774900928,695.327512845031,2168.84798517353,305.31020298872,2558.86529502984
"2018-09-28 05:00:00",2751,2798.94667847746,2062.18644231321,3535.70691464171,1672.1691324569,3925.72422449802
"2018-09-28 06:00:00",5521,4225.12860357365,3488.3683674094,4961.8888397379,3098.35105755309,5351.90614959421
"2018-09-28 07:00:00",6401,5287.91624677584,4551.15601061159,6024.67648294008,4161.13870075528,6414.69379279639
"2018-09-28 08:00:00",5798,5723.06332880334,4986.30309263909,6459.82356496759,4596.28578278278,6849.8408748239
"2018-09-28 09:00:00",4791,5548.82996525053,4812.06972908629,6285.59020141478,4422.05241922997,6675.60751127109
"2018-09-28 10:00:00",4574,5047.89976439566,4311.13952823141,5784.66000055991,3921.1222183751,6174.67731041622
"2018-09-28 11:00:00",4863,4615.20214758352,3878.44191141927,5351.96238374777,3488.42460156296,5741.97969360408
"2018-09-28 12:00:00",5066,4552.30171435186,3815.54147818761,5289.06195051611,3425.5241683313,5679.07926037242
"2018-09-28 13:00:00",4898,4917.30623301238,4180.54599684813,5654.06646917663,3790.52868699182,6044.08377903294
"2018-09-28 14:00:00",5193,5507.6949979837,4770.93476181946,6244.45523414795,4380.91745196315,6634.47254400426
"2018-09-28 15:00:00",5838,5980.21884274382,5243.45860657957,6716.97907890807,4853.44129672326,7106.99638876438
"2018-09-28 16:00:00",6188,6038.25785255483,5301.49761639058,6775.01808871908,4911.48030653427,7165.03539857539
"2018-09-28 17:00:00",5695,5583.47676355999,4846.71652739575,6320.23699972424,4456.69921753944,6710.25430958055
"2018-09-28 18:00:00",5104,4752.69554360649,4015.93530744224,5489.45577977074,3625.91799758593,5879.47308962705
"2018-09-28 19:00:00",4286,3827.39851165082,3090.63827548657,4564.15874781507,2700.62096563026,4954.17605767138
"2018-09-28 20:00:00",3538,3073.79607195099,2337.03583578674,3810.55630811523,1947.01852593043,4200.57361797154
"2018-09-28 21:00:00",3058,2606.41247385455,1869.6522376903,3343.1727100188,1479.63492783399,3733.19001987511
"2018-09-28 22:00:00",2713,2349.6575721787,1612.89733601445,3086.41780834295,1222.88002615814,3476.43511819926
"2018-09-28 23:00:00",3544,2112.4420224334,1375.68178626915,2849.20225859765,985.664476412844,3239.21956845396
"2018-09-29 00:00:00",1733,1725.9082117857,989.147975621455,2462.66844794995,599.130665765144,2852.68575780626
"2018-09-29 01:00:00",867,1160.83746794447,424.077231780225,1897.59770410872,34.059921923915,2287.61501396503
"2018-09-29 02:00:00",524,556.930414611324,-179.829821552924,1293.69065077557,-569.847131409234,1683.70796063188
"2018-09-29 03:00:00",359,149.860931193401,-586.899304970847,886.621167357648,-976.916614827157,1276.63847721396
"2018-09-29 04:00:00",425,141.378372749856,-595.381863414391,878.138608914104,-985.399173270702,1268.15591877041
"2018-09-29 05:00:00",743,588.484113997962,-148.276122166286,1325.24435016221,-538.293432022597,1715.26166001852
"2018-09-29 06:00:00",1359,1373.45823584431,636.697999680065,2110.21847200856,246.680689823754,2500.23578186487
"2018-09-29 07:00:00",2036,2267.53518819527,1530.77495203102,3004.29542435952,1140.75764217471,3394.31273421583
"2018-09-29 08:00:00",3073,3047.22766876959,2310.46743260534,3783.98790493384,1920.45012274903,4174.00521479015
"2018-09-29 09:00:00",3725,3595.03878080924,2858.27854464499,4331.79901697348,2468.26123478868,4721.8163268298
"2018-09-29 10:00:00",4059,3930.06243045334,3193.30219428909,4666.82266661758,2803.28488443278,5056.83997647389
"2018-09-29 11:00:00",4378,4158.56474721326,3421.80451104902,4895.32498337751,3031.7872011927,5285.34229323382
"2018-09-29 12:00:00",4657,4382.21056910134,3645.4503329371,5118.97080526559,3255.43302308079,5508.9881151219
"2018-09-29 13:00:00",4553,4623.79393883015,3887.0337026659,5360.5541749944,3497.01639280959,5750.57148485071
"2018-09-29 14:00:00",4618,4815.15971649521,4078.39948033096,5551.91995265945,3688.38217047465,5941.93726251576
"2018-09-29 15:00:00",4564,4850.39861655959,4113.63838039535,5587.15885272384,3723.62107053904,5977.17616258015
"2018-09-29 16:00:00",4735,4665.86184626623,3929.10161010198,5402.62208243047,3539.08430024567,5792.63939228679
"2018-09-29 17:00:00",4878,4292.64685615185,3555.8866199876,5029.4070923161,3165.86931013129,5419.42440217241
"2018-09-29 18:00:00",4569,3846.09028551488,3109.33004935063,4582.85052167913,2719.31273949432,4972.86783153544
"2018-09-29 19:00:00",3818,3457.975233323,2721.21499715875,4194.73546948725,2331.19768730244,4584.75277934356
"2018-09-29 20:00:00",3338,3194.54796810053,2457.78773193628,3931.30820426478,2067.77042207997,4321.32551412109
"2018-09-29 21:00:00",2950,3013.59887781401,2276.83864164976,3750.35911397826,1886.82133179345,4140.37642383457
"2018-09-29 22:00:00",2607,2790.36885963017,2053.60862346592,3527.12909579442,1663.59131360961,3917.14640565073
"2018-09-29 23:00:00",3856,2399.34347484968,1662.58323868543,3136.10371101392,1272.56592882912,3526.12102087023
"2018-09-30 00:00:00",1826,1803.46659189225,1066.706355728,2540.2268280565,676.689045871694,2930.24413791281
"2018-09-30 01:00:00",920,1096.02699234475,359.266756180498,1832.78722850899,-30.7505536758131,2222.8045383653
"2018-09-30 02:00:00",696,467.67553552677,-269.084700637478,1204.43577169102,-659.102010493789,1594.45308154733
"2018-09-30 03:00:00",364,115.446576913742,-621.313659250506,852.206813077991,-1011.33096910682,1242.2241229343
"2018-09-30 04:00:00",335,145.393665358721,-591.366570805527,882.153901522969,-981.383880661838,1272.17121137928
"2018-09-30 05:00:00",444,524.380342175065,-212.379893989183,1261.14057833931,-602.397203845493,1651.15788819562
"2018-09-30 06:00:00",802,1107.24471727291,370.484481108665,1844.00495343716,-19.5328287476457,2234.02226329347
"2018-09-30 07:00:00",1175,1720.76390603612,984.003669871872,2457.52414220037,593.986360015561,2847.54145205668
"2018-09-30 08:00:00",2002,2252.7967991485,1516.03656298425,2989.55703531275,1126.01925312794,3379.57434516906
"2018-09-30 09:00:00",2882,2693.720684965,1956.96044880075,3430.48092112925,1566.94313894444,3820.49823098556
"2018-09-30 10:00:00",3701,3108.36209345194,2371.60185728769,3845.12232961619,1981.58454743138,4235.1396394725
"2018-09-30 11:00:00",4049,3560.70778543275,2823.9475492685,4297.468021597,2433.93023941219,4687.48533145331
"2018-09-30 12:00:00",4429,4043.31258476576,3306.55234860151,4780.07282093001,2916.5350387452,5170.09013078632
"2018-09-30 13:00:00",4547,4459.85307619592,3723.09284003168,5196.61331236017,3333.07553017536,5586.63062221648
"2018-09-30 14:00:00",4380,4674.57489826343,3937.81466209918,5411.33513442767,3547.79735224287,5801.35244428399
"2018-09-30 15:00:00",4302,4598.00449729386,3861.24426112961,5334.7647334581,3471.2269512733,5724.78204331442
"2018-09-30 16:00:00",4283,4252.43832043675,3515.6780842725,4989.198556601,3125.66077441619,5379.21586645731
"2018-09-30 17:00:00",4132,3770.71473175362,3033.95449558938,4507.47496791787,2643.93718573307,4897.49227777418
"2018-09-30 18:00:00",3947,3322.84600598398,2586.08576981973,4059.60624214823,2196.06845996342,4449.62355200454
"2018-09-30 19:00:00",3543,3012.51653059371,2275.75629442946,3749.27676675795,1885.73898457315,4139.29407661427
"2018-09-30 20:00:00",2781,2809.2006416392,2072.44040547495,3545.96087780344,1682.42309561864,3935.97818765975
"2018-09-30 21:00:00",2159,2564.90259904796,1828.14236288371,3301.66283521221,1438.1250530274,3691.68014506852
"2018-09-30 22:00:00",1450,2114.85148087709,1378.09124471284,2851.61171704134,988.073934856534,3241.62902689765
"2018-09-30 23:00:00",954,1407.52719131471,670.766955150464,2144.28742747896,280.749645294154,2534.30473733527
